# vtk DataFile Version 5.1
vtk output
ASCII
DATASET STRUCTURED_POINTS
DIMENSIONS 100 100 1
SPACING 1 1 1
ORIGIN 0 0 0
POINT_DATA 10000
FIELD FieldData 7
CellType 1 10000 char
0 0 0 0 0 0 0 0 0 
0 0 0 0 0 0 0 0 0 
0 0 0 0 0 0 0 0 0 
0 0 0 0 0 0 0 0 0 
0 0 0 0 0 0 0 0 0 
0 0 0 0 0 0 0 0 0 
0 0 0 0 0 0 0 0 0 
0 0 0 0 0 0 0 0 0 
0 0 0 0 0 0 0 0 0 
0 0 0 0 0 0 0 0 0 
0 0 0 0 0 0 0 0 0 
0 0 0 0 0 0 0 0 0 
0 0 0 0 0 0 0 0 0 
0 0 0 0 0 0 0 0 0 
0 0 0 0 0 0 0 0 0 
0 0 0 0 0 0 0 0 0 
0 0 0 0 0 0 0 0 0 
0 0 0 0 0 0 0 0 0 
0 0 0 0 0 0 0 0 0 
0 0 0 0 0 0 0 0 0 
0 0 0 0 0 0 0 0 0 
0 0 0 0 0 0 0 0 0 
0 0 0 0 0 0 0 0 0 
0 0 0 0 0 0 0 0 0 
0 0 0 0 0 0 0 0 0 
0 0 0 0 0 0 0 0 0 
0 0 0 0 0 0 0 0 0 
0 0 0 0 0 0 0 0 0 
0 0 0 0 0 0 0 0 0 
0 0 0 0 0 0 0 0 0 
0 0 0 0 0 0 0 0 0 
0 0 0 0 0 0 0 0 0 
0 0 0 0 0 0 0 0 0 
0 0 0 0 0 0 0 0 0 
0 0 0 0 0 0 0 0 0 
0 0 0 0 0 0 0 0 0 
0 0 0 0 0 0 0 0 0 
0 0 0 0 0 0 0 0 0 
0 0 0 0 0 0 0 3 3 
0 0 0 0 0 0 3 3 0 
0 0 0 0 0 0 0 0 0 
0 0 0 0 0 0 0 0 0 
0 0 0 0 0 0 0 0 0 
0 0 0 0 0 0 0 0 0 
0 0 0 0 0 0 0 0 0 
0 0 0 0 0 0 3 3 3 
0 0 0 0 0 0 3 3 0 
0 0 0 3 3 3 0 3 3 
0 0 0 0 0 3 0 0 0 
0 0 0 0 0 0 0 0 3 
3 3 3 3 0 3 3 3 3 
3 3 0 0 0 0 0 0 0 
0 0 0 0 0 0 0 0 3 
3 0 3 3 0 0 0 0 0 
0 0 0 3 3 3 0 0 0 
0 0 0 0 0 0 0 0 0 
0 0 3 0 0 0 3 3 3 
3 3 0 3 3 3 0 3 3 
3 0 0 0 3 3 3 3 3 
3 3 3 3 3 3 3 3 0 
0 3 3 0 0 3 3 0 0 
3 3 0 3 3 3 3 3 3 
3 3 3 3 3 0 0 3 3 
0 0 3 3 0 0 3 3 0 
3 3 3 3 3 3 3 0 0 
0 0 0 0 3 3 3 3 3 
3 0 0 0 0 0 0 0 0 
0 0 3 3 3 0 0 3 3 
3 3 3 3 3 3 3 3 3 
3 3 0 0 0 3 3 3 3 
3 3 3 3 3 3 3 3 3 
0 0 3 3 3 0 3 3 3 
0 3 3 0 0 3 3 3 0 
3 3 3 3 3 3 0 0 3 
3 3 3 3 3 3 3 3 3 
3 3 3 3 3 3 3 3 3 
3 3 0 0 0 3 3 0 3 
3 3 3 0 0 0 0 0 0 
0 0 0 3 3 3 3 0 0 
3 3 3 3 3 0 0 0 3 
3 3 3 3 0 0 0 3 3 
3 3 3 3 3 0 3 3 3 
3 3 0 0 3 3 0 3 3 
3 3 3 3 0 0 0 3 3 
0 0 0 3 3 0 0 0 3 
3 3 3 3 3 3 3 3 3 
3 3 3 3 3 3 3 0 3 
3 3 3 3 3 3 3 3 0 
0 3 3 3 0 0 0 0 0 
0 0 0 0 3 3 3 3 3 
0 0 3 3 3 3 0 0 0 
3 3 0 3 3 0 0 0 3 
3 3 3 3 3 3 0 0 3 
3 3 3 3 3 3 3 3 3 
3 3 3 3 3 3 0 0 0 
0 0 0 0 3 3 3 0 3 
3 3 3 3 3 3 3 3 3 
3 3 3 3 3 3 3 3 0 
0 3 3 3 3 3 3 3 3 
0 0 3 3 0 0 0 0 0 
0 0 0 0 0 3 3 3 3 
3 3 0 3 3 3 3 0 0 
3 3 3 3 3 3 3 3 3 
3 3 3 3 3 3 3 3 0 
0 3 3 3 3 3 3 3 3 
3 3 3 3 3 3 3 3 3 
3 0 0 3 3 0 3 3 3 
3 3 3 3 3 3 3 3 3 
3 3 3 3 3 3 3 3 3 
3 3 0 3 3 3 3 3 3 
3 0 0 3 3 0 0 0 0 
0 0 0 0 0 0 3 3 0 
0 3 3 3 3 3 3 3 3 
3 3 3 3 3 3 3 3 3 
3 3 3 3 3 3 3 3 3 
0 0 3 3 3 0 3 3 3 
3 3 3 3 3 3 3 3 3 
3 3 0 0 3 3 3 3 3 
3 3 3 3 3 3 3 0 0 
0 0 3 3 3 3 3 3 3 
0 3 3 3 0 3 3 3 3 
3 3 0 0 3 3 0 0 0 
0 0 0 0 0 0 0 3 3 
0 0 0 0 3 3 3 3 3 
3 3 3 3 3 3 3 3 3 
3 3 3 3 3 3 3 3 0 
0 0 0 0 0 0 0 3 3 
0 3 3 3 3 3 3 3 3 
3 0 0 0 0 3 3 3 3 
3 3 3 3 3 3 3 0 0 
0 0 0 0 0 0 3 3 0 
0 0 0 3 3 0 0 3 3 
3 3 3 0 0 3 3 0 0 
0 0 0 0 0 0 0 0 3 
3 3 3 0 0 3 3 3 3 
3 3 3 3 3 3 3 3 3 
3 3 0 0 3 3 3 3 3 
3 0 0 3 3 0 0 0 3 
3 3 3 3 3 3 3 3 3 
3 3 0 0 0 0 3 3 0 
3 3 3 3 3 3 3 3 3 
0 0 0 0 0 0 3 3 0 
0 0 0 0 3 3 3 0 3 
3 3 3 3 3 0 3 3 0 
0 0 0 0 0 0 0 0 0 
3 3 3 3 3 3 3 3 3 
3 3 3 3 3 3 3 3 3 
0 3 3 3 0 0 3 3 3 
3 3 0 0 3 3 3 0 0 
3 3 3 3 3 3 3 3 3 
3 3 3 0 0 0 0 3 3 
0 0 3 3 0 3 3 3 3 
3 3 0 0 3 3 3 3 3 
3 3 3 3 3 3 3 3 3 
3 3 3 3 3 3 0 3 3 
0 0 0 0 0 0 0 0 0 
0 0 3 3 3 3 3 3 3 
3 3 3 3 3 3 3 3 3 
3 0 0 3 3 0 0 3 3 
3 3 3 3 0 0 3 3 3 
0 3 3 3 3 3 3 3 3 
3 0 0 0 0 0 0 0 3 
3 0 0 3 3 3 0 3 3 
3 3 0 0 0 3 3 3 3 
3 3 3 3 3 3 3 3 3 
3 3 3 3 3 3 0 0 3 
3 0 0 0 0 0 0 0 0 
0 0 0 3 3 3 3 3 0 
0 3 3 0 0 0 3 0 0 
0 0 0 0 0 0 0 3 3 
3 3 3 3 3 0 0 3 3 
3 3 3 3 3 3 3 0 3 
3 3 3 0 0 0 0 0 0 
3 3 0 0 0 3 3 0 0 
3 0 0 0 0 3 3 0 0 
3 3 3 3 3 3 3 0 3 
3 0 0 3 3 3 0 0 0 
3 3 0 0 0 0 0 0 0 
0 0 0 3 3 3 3 3 3 
0 0 3 3 0 0 0 0 0 
0 0 0 0 0 0 0 3 3 
3 3 0 3 3 0 0 0 3 
3 3 3 3 3 3 3 3 0 
3 3 3 3 3 3 3 3 0 
0 3 3 3 3 3 3 3 3 
3 0 0 0 0 0 3 3 3 
0 0 0 3 3 0 3 3 3 
3 3 0 0 0 3 3 3 0 
0 3 3 0 0 0 0 0 0 
0 0 0 3 3 3 3 3 3 
3 3 3 3 3 0 0 0 3 
3 3 3 3 3 3 3 3 0 
3 3 3 3 3 3 3 0 0 
3 3 3 3 3 3 3 3 3 
3 0 3 3 3 3 3 3 3 
3 3 3 3 3 3 3 3 3 
3 3 3 3 3 3 3 0 3 
3 3 0 0 3 3 0 0 3 
3 3 3 3 3 3 0 3 3 
0 0 3 3 0 0 0 0 0 
0 0 0 0 0 3 3 3 0 
0 0 3 3 3 3 0 0 0 
3 3 3 3 3 3 3 3 3 
3 3 3 3 3 3 3 3 0 
0 3 3 3 3 3 3 3 3 
3 3 3 3 3 3 3 3 3 
3 3 3 3 3 3 3 3 3 
3 3 3 3 3 3 3 3 3 
3 3 3 0 0 3 3 0 0 
3 3 3 0 3 3 3 3 3 
3 0 0 3 3 0 0 0 0 
0 0 0 0 0 0 0 3 3 
3 0 0 0 0 3 3 0 0 
3 3 3 3 3 3 3 3 3 
3 3 3 3 3 3 3 3 3 
3 3 0 3 3 3 3 3 3 
3 3 3 3 3 3 3 3 3 
3 3 3 3 3 3 3 3 3 
3 3 3 0 0 3 3 3 3 
3 3 3 0 0 0 3 3 0 
0 0 3 3 0 0 0 3 3 
3 3 3 0 3 3 0 0 0 
0 0 0 0 0 0 0 0 0 
3 3 3 0 0 0 3 3 0 
0 3 3 3 3 3 3 3 3 
3 3 3 3 3 3 3 3 3 
3 3 3 3 3 3 3 3 3 
3 3 3 3 3 3 3 3 3 
3 4 4 4 3 3 3 3 3 
3 3 3 3 0 0 0 3 3 
3 3 3 3 0 0 0 3 3 
3 3 0 3 3 3 0 0 3 
3 3 3 3 3 3 3 0 0 
0 0 0 0 0 0 0 3 3 
3 0 3 3 3 0 0 3 3 
0 3 3 3 3 3 3 3 3 
3 3 3 3 3 3 3 3 3 
3 3 3 3 3 3 3 3 3 
3 3 3 3 3 3 3 3 3 
3 3 3 4 4 4 3 3 3 
3 3 3 3 3 3 3 0 3 
3 3 3 3 3 3 0 3 3 
3 3 3 3 3 3 3 3 3 
0 3 3 0 3 3 3 3 0 
0 0 0 0 0 0 0 0 3 
3 3 3 3 3 3 3 0 3 
3 0 0 3 3 3 3 0 3 
3 3 3 3 3 3 3 3 3 
3 3 3 3 3 3 3 3 3 
3 3 3 3 3 3 3 3 3 
3 3 3 3 3 4 4 4 4 
3 3 3 3 3 3 3 3 3 
3 3 3 0 0 0 3 3 3 
3 3 3 3 3 3 3 3 3 
3 3 3 3 3 0 0 3 3 
0 0 0 0 0 0 0 0 0 
0 0 0 3 3 3 3 3 3 
3 3 0 0 3 3 3 3 0 
0 3 3 3 3 3 3 3 3 
3 3 3 3 3 3 3 3 3 
3 3 3 3 3 3 3 3 3 
3 3 3 3 3 3 2 2 2 
2 2 3 3 3 3 3 3 3 
3 3 3 3 0 0 0 0 3 
3 3 3 3 3 3 0 3 3 
3 3 3 3 3 3 3 0 0 
0 0 0 0 0 0 0 0 0 
0 0 0 0 0 3 3 3 3 
3 3 3 0 0 3 3 3 3 
0 0 0 3 3 0 3 3 3 
3 3 3 3 3 3 3 3 3 
3 3 3 3 3 3 4 4 3 
4 4 4 4 3 3 2 2 2 
2 2 2 2 3 3 3 3 3 
3 3 3 3 3 3 0 0 0 
0 3 3 3 3 3 0 0 0 
0 3 3 3 3 3 3 3 3 
3 0 0 0 0 0 0 0 0 
0 0 0 0 0 0 3 3 3 
3 3 3 3 3 0 3 3 3 
3 3 3 0 3 3 3 3 3 
3 3 3 3 3 3 3 3 3 
3 3 3 4 4 4 3 4 4 
4 3 4 4 4 4 4 2 2 
2 2 2 2 2 3 3 3 3 
3 3 3 3 3 3 3 3 3 
3 0 3 3 3 3 3 0 0 
0 0 3 3 3 3 3 3 3 
3 3 3 0 0 0 0 0 0 
0 0 0 0 0 0 3 3 3 
3 3 3 3 3 3 3 3 3 
3 3 3 3 3 3 3 3 3 
3 3 3 3 3 3 3 3 3 
3 3 3 3 4 4 4 3 3 
4 4 4 2 2 2 2 2 2 
2 2 2 2 2 2 3 3 3 
3 3 3 0 0 3 3 3 3 
3 3 3 0 3 0 0 0 0 
0 3 3 3 3 3 3 3 3 
3 3 3 3 0 0 0 0 0 
0 0 0 0 0 0 3 3 3 
3 3 3 3 3 3 3 3 3 
3 3 3 3 3 3 3 3 3 
3 3 3 3 3 3 3 3 3 
3 3 3 4 4 4 4 4 4 
3 4 4 2 2 2 2 2 2 
2 2 2 2 2 2 2 4 3 
3 3 3 3 0 0 3 3 0 
0 3 3 3 3 0 0 0 0 
0 3 3 3 3 3 3 3 3 
3 3 3 0 0 0 0 0 0 
0 0 0 0 0 0 3 3 3 
3 3 3 3 3 3 3 3 3 
3 3 3 3 3 3 3 3 3 
3 3 3 3 3 3 3 3 3 
3 3 3 4 2 2 4 4 4 
4 4 4 4 2 2 2 2 2 
2 2 2 2 2 2 2 2 2 
4 3 3 3 3 0 0 3 3 
0 0 3 3 3 3 3 0 0 
0 3 3 3 3 3 3 3 3 
3 3 3 3 0 0 0 0 0 
0 0 0 0 0 0 3 3 3 
3 3 3 3 3 3 3 3 3 
3 3 3 3 3 3 3 3 3 
3 3 3 3 3 3 3 3 3 
3 3 3 3 2 2 2 4 2 
2 2 2 4 4 4 2 2 2 
2 2 2 2 2 2 2 2 2 
2 2 3 3 3 3 3 0 3 
3 0 0 3 3 3 3 3 3 
0 0 3 3 3 3 3 3 3 
3 3 3 3 3 0 0 0 0 
0 0 0 0 0 0 0 0 3 
3 3 0 3 3 3 3 3 3 
3 3 3 3 3 3 3 3 3 
3 3 3 3 4 3 3 3 3 
3 3 4 3 2 2 2 2 2 
2 2 2 2 2 4 4 2 2 
2 2 2 2 2 2 2 2 2 
2 2 2 3 3 3 3 3 3 
3 3 3 0 3 3 3 3 3 
3 3 0 3 3 0 0 3 3 
3 3 3 3 3 0 0 0 0 
0 0 0 0 0 0 0 0 0 
0 3 3 3 0 0 3 3 3 
3 3 3 3 3 3 3 3 3 
3 3 3 3 3 3 4 3 3 
3 3 3 4 4 2 2 2 2 
2 2 2 2 2 2 2 2 2 
2 2 2 2 2 2 2 2 2 
2 2 2 4 4 3 3 3 3 
3 3 3 3 3 3 3 3 3 
3 3 3 3 3 3 0 0 3 
3 3 3 3 3 3 3 0 0 
0 0 0 0 0 0 0 0 0 
0 3 3 3 3 3 0 0 3 
3 3 3 3 3 3 3 3 3 
3 3 3 3 3 3 3 4 4 
3 3 4 4 4 2 2 2 2 
2 2 2 2 2 2 2 2 2 
2 2 2 2 2 2 2 2 2 
2 2 2 2 4 4 3 3 3 
3 3 3 3 3 3 3 3 3 
3 3 3 3 3 3 3 0 0 
3 3 3 3 3 3 3 3 3 
0 0 0 0 0 0 0 0 0 
0 0 3 3 3 3 3 3 3 
3 3 3 3 3 3 3 3 3 
3 3 3 3 3 3 3 4 4 
4 4 2 4 4 4 2 2 2 
2 2 2 2 4 2 2 2 2 
2 2 2 2 2 2 2 2 2 
2 2 2 2 5 5 5 4 3 
3 3 2 2 2 2 2 4 4 
3 3 3 3 3 3 3 3 0 
0 3 3 0 3 3 3 3 3 
3 3 0 0 0 0 0 0 0 
0 0 0 0 3 3 3 3 3 
3 3 3 3 3 3 3 3 3 
3 3 3 3 3 3 3 3 3 
4 4 2 2 2 4 4 2 2 
2 2 2 2 2 4 4 2 2 
2 2 2 2 2 2 2 2 2 
2 2 2 2 3 3 5 5 5 
4 4 2 2 2 2 2 2 4 
4 4 4 4 3 3 3 3 3 
3 0 3 3 0 0 3 3 3 
3 3 0 0 0 0 0 0 0 
0 0 0 0 0 3 3 3 3 
3 3 3 3 3 3 3 3 3 
3 3 3 3 3 3 3 3 3 
3 4 4 2 2 2 2 4 4 
2 2 2 2 2 2 4 4 4 
2 2 2 2 2 2 2 2 2 
2 2 2 4 4 3 3 3 3 
5 4 4 2 2 2 2 2 2 
2 2 4 4 4 3 3 3 3 
3 3 3 3 3 0 0 0 3 
3 3 0 0 0 0 0 0 0 
0 0 0 0 3 3 3 3 3 
3 3 3 3 3 3 3 3 3 
3 3 3 3 3 3 3 3 3 
3 3 4 4 2 2 2 2 2 
2 2 2 2 2 2 2 2 4 
4 2 2 2 2 2 2 2 2 
2 2 2 2 2 4 4 4 3 
3 4 4 4 2 2 2 2 2 
2 2 2 2 2 3 3 3 3 
3 3 3 3 3 3 3 0 3 
0 3 3 3 0 0 0 0 0 
0 0 0 0 0 3 3 3 3 
3 3 3 3 3 3 3 3 3 
3 3 3 3 3 3 3 3 3 
3 3 3 4 4 2 2 2 2 
2 2 2 2 2 2 2 2 2 
2 4 2 2 2 2 2 2 2 
2 2 2 2 2 2 2 4 4 
4 4 4 4 4 2 2 2 2 
2 2 2 2 2 2 2 3 3 
3 3 3 3 3 3 3 3 3 
3 3 3 3 3 0 0 0 0 
0 0 0 0 0 0 3 3 3 
3 3 3 3 3 3 3 3 3 
3 3 3 3 3 3 3 3 3 
3 3 3 3 4 2 2 2 2 
2 2 2 2 2 2 2 2 2 
2 2 2 2 2 2 2 2 2 
4 4 4 2 2 2 2 2 2 
2 2 2 4 4 2 2 2 2 
2 2 2 2 2 2 2 2 4 
3 3 3 3 3 3 3 3 3 
3 3 3 3 3 0 0 0 0 
0 0 0 0 0 0 0 3 3 
3 3 3 3 3 3 3 3 3 
3 3 3 3 0 3 3 3 3 
3 3 3 3 3 4 2 2 2 
2 2 2 2 2 2 2 2 2 
2 2 2 2 2 2 2 2 2 
2 4 4 4 2 2 2 2 2 
2 2 2 2 2 2 2 2 2 
2 2 2 2 2 2 2 2 2 
4 4 4 4 3 3 3 3 3 
3 3 3 3 3 3 3 0 0 
0 0 0 0 0 0 0 0 3 
3 3 3 3 3 3 3 3 3 
3 3 3 3 3 4 4 3 3 
3 3 3 3 3 3 4 2 2 
2 2 2 2 2 2 2 2 2 
2 2 2 2 2 2 2 2 2 
2 2 2 2 2 2 2 2 2 
2 2 2 2 2 2 2 2 2 
2 2 2 2 5 2 2 2 2 
2 3 3 4 4 4 3 3 3 
3 3 3 3 3 3 3 3 0 
0 0 0 0 0 0 0 0 0 
3 3 3 3 3 3 3 3 3 
3 3 3 3 3 3 4 4 4 
4 4 4 3 3 4 4 4 2 
2 2 2 2 2 2 2 2 2 
2 2 2 2 2 2 2 2 2 
2 2 2 2 2 2 2 2 2 
2 2 2 2 2 2 4 4 2 
2 2 2 2 2 2 5 2 2 
4 4 3 3 3 3 4 3 3 
3 3 3 3 3 3 0 3 3 
3 0 0 0 0 0 0 0 0 
0 0 3 3 3 3 3 3 3 
3 3 3 3 3 3 3 3 3 
4 4 4 4 4 3 2 2 2 
2 2 2 2 2 2 2 2 2 
2 2 2 2 2 2 2 2 2 
2 2 2 2 2 2 2 2 2 
2 2 2 2 2 4 4 4 4 
4 2 2 2 2 2 4 5 5 
5 4 4 4 3 3 3 3 3 
3 3 0 0 3 3 3 0 0 
3 3 3 0 0 0 0 0 0 
3 3 3 3 3 3 3 3 3 
3 3 3 3 3 3 3 3 3 
4 4 4 4 4 4 4 4 2 
2 2 2 2 2 2 2 2 2 
2 2 2 2 2 2 2 2 2 
2 2 2 2 2 2 2 2 2 
2 2 2 2 2 2 4 4 4 
4 2 2 2 2 2 2 4 4 
4 5 2 2 2 4 4 4 3 
3 3 3 3 0 0 3 3 3 
0 0 3 3 0 0 0 0 0 
0 3 3 3 3 3 3 3 3 
3 3 3 3 3 3 3 3 3 
3 3 3 3 3 3 4 4 4 
2 2 2 2 2 2 2 2 2 
2 2 2 2 2 2 2 2 2 
2 2 2 2 2 2 2 2 2 
2 2 2 2 2 2 2 2 4 
4 2 2 2 2 2 2 2 2 
4 4 2 2 2 2 2 2 2 
2 3 3 3 3 3 3 3 3 
3 3 3 0 0 0 0 0 0 
0 0 0 3 3 3 3 3 3 
3 3 3 3 3 3 3 3 3 
3 3 3 3 3 3 3 3 4 
2 2 2 2 2 2 2 2 2 
2 2 2 2 2 2 2 2 2 
2 2 2 2 2 2 2 2 2 
2 2 2 2 2 2 2 2 2 
2 4 2 2 2 2 2 2 2 
2 2 4 2 2 2 2 2 2 
2 2 2 3 3 3 3 3 3 
3 3 3 3 3 0 0 0 0 
0 0 0 0 0 3 3 3 3 
3 3 3 3 3 3 3 3 3 
3 4 4 4 3 3 3 3 3 
2 2 2 2 2 2 2 2 2 
2 2 2 2 2 2 2 2 2 
2 2 2 2 2 2 2 2 2 
2 2 2 2 2 2 2 2 2 
2 2 2 2 2 2 2 2 4 
2 2 4 4 2 2 2 2 2 
2 2 2 2 4 3 3 3 3 
3 3 3 3 3 3 3 0 0 
0 0 0 0 0 0 0 0 3 
3 3 3 3 3 3 3 3 3 
3 3 3 4 4 4 4 3 3 
3 2 2 2 2 2 2 2 2 
2 2 2 2 2 2 2 2 2 
2 2 2 2 2 2 2 2 2 
2 2 2 2 2 2 2 2 2 
2 2 2 2 2 2 2 2 4 
4 4 4 4 4 4 2 2 2 
2 2 2 2 2 4 4 4 4 
3 3 3 3 3 3 3 3 0 
0 0 0 0 0 0 0 0 0 
0 0 3 3 3 3 3 3 3 
3 3 3 3 2 2 2 2 4 
3 3 4 2 2 2 2 2 2 
2 2 2 2 2 2 2 2 2 
2 2 2 2 2 2 2 2 2 
2 2 2 2 2 2 2 2 2 
2 2 2 2 2 2 2 2 2 
2 2 4 4 4 4 4 2 2 
2 2 2 2 2 3 3 4 4 
4 4 3 3 3 3 3 3 3 
3 0 0 0 0 0 0 0 0 
0 0 0 0 3 3 3 3 3 
3 3 3 3 3 2 2 2 2 
2 4 4 4 4 2 2 2 2 
2 2 2 2 2 2 2 2 2 
2 2 2 2 2 2 2 2 2 
2 2 2 2 2 2 2 2 2 
2 2 2 2 2 2 2 2 2 
2 2 2 2 2 2 2 2 2 
2 2 2 2 2 3 3 3 3 
3 3 3 3 3 3 3 3 3 
3 3 0 0 0 0 0 0 0 
0 0 0 3 3 3 3 3 3 
3 3 3 3 3 3 2 2 2 
2 2 2 2 4 4 4 2 2 
2 2 2 2 2 2 2 2 2 
2 2 2 2 2 2 2 2 2 
2 2 2 2 2 2 2 2 2 
2 2 2 2 2 2 2 2 2 
2 2 2 2 2 2 2 2 2 
2 2 2 2 2 2 3 3 3 
3 3 3 3 3 3 3 3 3 
3 3 3 0 0 0 0 0 0 
0 0 0 0 3 3 3 3 3 
3 3 3 3 3 3 3 2 2 
2 2 2 2 2 2 2 4 4 
4 4 2 2 2 2 2 2 2 
2 2 2 2 2 2 2 4 2 
2 2 2 2 2 2 2 2 2 
2 4 4 2 2 2 2 2 2 
2 2 2 2 2 2 2 2 2 
2 2 2 2 2 2 2 4 3 
3 3 3 3 3 3 3 3 3 
3 3 3 3 0 0 0 0 0 
0 0 0 0 0 3 3 3 3 
3 3 3 3 3 3 3 2 2 
2 2 2 2 2 2 2 2 2 
4 4 4 2 2 2 2 2 2 
2 2 2 2 2 2 2 4 4 
4 4 4 2 2 2 2 2 2 
2 2 4 4 4 2 2 2 2 
2 2 2 2 2 2 2 2 2 
2 2 2 2 2 2 2 4 4 
4 4 3 3 3 3 3 3 3 
3 3 3 3 3 0 0 0 0 
0 0 0 0 0 0 3 3 3 
3 3 3 3 3 3 3 4 4 
2 2 2 2 2 2 2 2 2 
2 4 4 2 2 2 2 2 2 
2 2 4 4 2 2 2 4 4 
4 4 4 4 2 2 2 2 2 
2 2 2 2 4 4 4 4 2 
2 2 2 2 2 2 2 2 2 
2 2 2 2 2 2 2 3 3 
3 4 4 4 3 3 3 3 3 
3 0 3 3 3 3 0 0 0 
0 0 0 0 0 0 3 3 3 
3 3 3 3 3 3 3 4 4 
4 4 2 2 2 2 2 2 2 
2 2 2 2 2 2 2 2 2 
2 2 2 4 4 4 4 4 4 
4 4 4 4 2 2 2 2 2 
2 2 2 2 4 4 4 1 4 
2 2 2 2 2 2 2 2 2 
2 2 2 2 2 2 3 3 3 
3 3 3 3 3 3 3 3 3 
3 3 3 3 3 3 0 0 0 
0 0 0 0 0 0 3 3 3 
3 3 3 3 3 3 3 3 3 
3 3 3 4 4 4 2 2 2 
2 2 2 2 2 2 2 2 2 
2 2 2 2 4 1 1 4 4 
4 4 4 4 4 2 2 2 2 
2 2 2 2 2 2 4 1 4 
4 4 2 2 2 2 2 2 2 
2 2 2 2 4 4 3 3 3 
3 3 3 3 3 3 3 3 3 
3 3 3 3 3 3 3 0 0 
0 0 0 0 0 0 0 3 3 
3 3 3 0 0 0 3 3 3 
3 3 3 3 3 3 4 2 2 
2 2 2 2 2 2 2 2 2 
2 2 2 4 4 4 1 1 4 
4 4 4 4 1 4 4 2 2 
2 2 2 2 2 2 2 4 4 
4 4 4 2 2 2 2 2 2 
2 2 2 2 2 4 4 3 3 
4 4 3 3 3 3 3 3 3 
3 3 3 3 3 3 3 3 3 
0 0 0 0 0 0 0 0 3 
3 3 3 3 3 0 0 3 3 
3 3 3 3 3 3 3 2 2 
2 2 2 2 2 2 2 2 2 
2 2 2 2 4 4 4 4 4 
4 2 2 4 4 4 1 4 2 
2 2 2 2 2 2 2 2 2 
4 4 2 2 2 2 2 2 2 
2 2 2 2 2 2 3 3 3 
3 4 4 3 3 3 3 3 3 
3 3 3 3 3 3 3 3 3 
3 0 0 0 0 0 0 0 0 
3 3 3 3 3 3 3 0 3 
3 0 3 3 3 3 4 4 2 
2 2 2 2 2 2 2 2 2 
2 2 2 2 2 2 2 2 2 
2 2 2 2 2 4 4 4 4 
4 2 2 2 2 2 2 2 2 
2 2 2 2 2 2 2 2 2 
2 2 2 2 2 2 2 3 3 
3 3 3 3 3 3 3 3 3 
3 3 3 3 3 3 3 3 3 
0 0 0 0 0 0 0 0 0 
0 0 3 3 3 3 3 3 3 
3 3 0 0 3 3 3 4 4 
4 2 2 2 2 2 2 2 2 
2 2 2 2 2 2 2 2 2 
2 2 2 2 2 2 2 2 2 
2 4 4 2 2 2 2 2 2 
2 2 2 2 2 2 2 2 2 
2 2 2 2 2 2 4 4 0 
0 3 3 3 3 3 3 3 3 
3 3 3 3 3 3 3 3 3 
3 0 0 0 0 0 0 0 0 
0 3 0 3 3 3 3 3 3 
3 3 3 3 3 3 3 3 3 
4 4 4 2 2 2 2 2 2 
2 2 2 2 2 2 2 2 2 
2 2 2 2 2 2 2 2 2 
2 2 2 4 4 2 2 2 2 
2 2 2 2 2 2 2 2 2 
2 2 2 2 2 2 2 4 4 
4 0 3 3 3 3 3 3 3 
3 3 3 3 3 3 3 3 3 
3 3 0 0 0 0 0 0 0 
0 0 3 3 3 3 3 3 3 
0 3 3 3 3 3 3 3 3 
3 3 3 4 2 2 2 2 2 
2 2 2 2 2 2 2 2 2 
2 2 2 2 2 2 2 2 2 
2 2 2 2 2 4 2 2 2 
2 2 2 2 2 2 2 2 2 
2 2 2 2 2 2 2 2 3 
4 4 4 3 3 3 3 3 3 
3 3 3 3 3 3 3 3 0 
3 3 3 3 0 0 0 0 0 
0 0 0 3 3 3 3 3 3 
3 0 0 3 3 3 3 3 3 
3 3 3 3 4 4 2 2 2 
2 2 2 2 2 2 2 2 2 
2 2 2 2 2 2 2 2 2 
2 2 2 2 4 4 4 2 2 
2 2 2 2 2 2 2 2 2 
2 2 2 2 2 2 2 4 4 
3 3 4 3 3 3 3 3 3 
3 0 3 3 3 3 3 3 3 
0 0 0 3 3 0 0 0 0 
0 0 0 0 3 3 0 3 3 
3 3 0 0 0 0 0 3 3 
3 3 3 3 3 4 4 4 4 
2 2 2 2 2 2 2 2 2 
2 4 2 2 2 2 2 2 2 
2 2 2 2 2 2 2 2 2 
2 2 2 2 2 2 2 2 2 
2 2 2 2 2 2 2 2 4 
4 4 3 3 3 3 0 3 3 
3 3 0 0 0 0 3 3 3 
3 0 0 0 0 0 0 0 0 
0 0 0 0 0 3 3 0 0 
0 3 3 3 3 0 0 3 3 
3 3 3 3 3 3 3 3 3 
4 2 2 2 2 2 2 2 2 
2 2 4 4 2 2 2 2 2 
2 2 2 2 2 2 2 2 2 
4 4 4 2 2 2 2 2 2 
2 2 2 2 2 2 2 2 2 
4 4 4 3 3 3 3 3 3 
0 3 3 3 3 0 0 0 0 
3 3 3 3 0 0 0 0 0 
0 0 0 0 0 0 0 3 3 
0 0 3 3 3 3 3 3 3 
3 3 3 3 3 3 3 3 3 
3 3 2 2 2 2 2 2 2 
2 2 2 4 4 2 2 2 2 
2 2 2 2 2 2 2 2 2 
2 2 4 4 4 2 2 4 2 
2 2 2 2 2 2 2 2 2 
2 4 4 4 4 5 5 3 3 
3 3 3 3 3 3 3 3 3 
0 3 3 3 3 3 3 3 0 
0 0 0 0 0 0 0 0 3 
3 3 0 3 3 3 3 3 3 
3 3 3 3 3 3 3 3 3 
3 3 3 2 2 2 2 2 2 
2 2 2 4 4 4 2 2 2 
2 2 2 2 2 2 2 2 2 
2 2 2 2 4 4 4 4 4 
4 4 2 2 2 2 2 2 2 
2 2 2 4 4 4 5 5 5 
5 3 3 3 3 0 0 3 3 
3 3 3 3 0 0 3 3 3 
0 0 0 0 0 0 0 0 0 
0 3 0 0 0 3 3 3 3 
3 3 3 3 0 3 3 3 3 
3 3 3 3 2 2 2 2 2 
2 2 4 4 4 4 4 2 2 
2 2 2 2 2 2 2 2 2 
2 2 2 2 2 4 4 3 3 
3 3 4 4 4 2 2 2 2 
2 2 2 2 2 2 2 2 2 
5 5 3 3 3 3 0 0 0 
0 0 0 0 0 0 0 0 0 
0 0 0 0 0 0 0 0 3 
0 0 0 0 0 0 0 3 3 
3 3 3 3 3 0 0 3 3 
3 3 3 3 2 2 2 2 2 
2 2 4 4 3 3 3 3 4 
4 2 2 2 2 2 2 2 2 
2 2 2 2 2 2 4 4 3 
3 3 3 3 3 4 2 2 2 
2 2 2 2 2 2 2 2 2 
2 4 4 4 3 3 3 3 3 
3 0 0 0 0 0 0 0 0 
0 0 0 0 0 0 0 0 0 
3 3 3 3 3 3 3 3 3 
3 3 3 0 3 3 0 0 3 
3 3 3 3 3 2 2 2 2 
2 2 2 4 4 3 3 3 3 
4 4 2 2 2 2 2 2 2 
2 2 2 2 2 2 3 3 4 
3 3 3 3 3 3 4 4 2 
2 2 2 2 2 2 2 2 2 
2 2 2 4 4 3 3 3 3 
3 3 3 3 0 0 0 0 0 
3 3 0 0 0 0 0 0 0 
0 0 3 3 3 3 3 3 3 
3 3 3 3 3 3 3 0 0 
0 3 3 3 3 4 4 2 2 
2 2 2 2 4 4 3 3 3 
3 4 4 4 3 4 4 4 2 
2 2 2 2 2 3 3 3 3 
3 3 3 3 3 3 3 3 4 
4 2 2 2 2 2 2 2 2 
2 2 2 2 2 4 4 3 3 
3 3 3 3 3 3 3 3 3 
3 3 3 3 3 0 0 0 0 
0 0 0 0 0 3 3 3 3 
0 3 0 0 0 3 3 3 0 
0 0 3 3 3 3 3 4 4 
2 2 2 2 2 4 4 3 3 
3 3 3 3 3 3 3 4 4 
4 2 2 2 2 3 3 3 3 
3 3 3 3 3 3 3 3 3 
3 4 4 2 2 2 2 2 2 
2 2 2 2 2 2 4 4 3 
3 3 3 3 3 3 3 3 3 
3 3 3 3 3 3 3 0 0 
0 0 3 3 3 0 0 0 3 
3 0 0 0 0 0 3 3 3 
0 0 3 3 3 3 3 3 3 
4 2 2 2 2 2 4 3 3 
3 3 3 3 3 3 3 3 3 
4 4 4 4 3 3 3 3 3 
3 3 3 3 3 0 0 3 3 
3 3 3 4 4 2 2 2 2 
2 2 2 2 2 2 2 2 3 
3 3 3 3 3 3 3 3 3 
3 3 3 3 3 3 3 3 0 
0 0 0 3 3 3 3 3 0 
0 3 3 0 0 0 0 0 3 
3 3 0 3 3 3 0 0 3 
3 2 2 2 2 2 4 4 3 
3 3 3 3 3 3 3 3 3 
3 3 3 3 3 3 3 3 3 
3 3 3 3 3 3 0 0 3 
3 3 3 3 3 4 2 2 2 
2 2 2 2 2 2 2 2 2 
3 3 3 3 3 3 3 3 3 
3 3 3 3 3 3 3 3 0 
0 0 0 0 0 0 0 3 3 
0 0 3 3 3 0 0 0 0 
0 3 3 3 0 3 3 0 0 
3 3 3 2 2 2 2 4 4 
3 3 3 3 3 3 3 3 3 
3 3 3 3 3 3 3 3 3 
3 3 3 3 3 3 3 0 0 
3 3 0 3 3 3 3 2 2 
2 2 2 2 2 4 2 2 2 
2 3 3 3 3 3 3 3 3 
3 3 3 0 0 3 3 3 0 
0 0 0 0 0 0 0 0 0 
0 0 0 0 3 3 0 0 0 
0 3 3 3 3 0 0 3 0 
0 3 3 3 2 4 4 3 3 
3 3 3 3 3 3 3 3 3 
3 3 3 3 3 3 3 3 3 
3 3 3 3 3 3 3 3 0 
0 3 3 0 0 3 3 3 4 
2 2 2 4 4 4 4 4 2 
2 3 3 3 3 3 3 3 3 
3 3 3 3 0 0 0 0 0 
0 0 0 0 0 0 0 3 3 
0 0 0 3 3 0 0 0 0 
0 0 3 3 3 3 3 0 3 
3 3 0 3 3 3 4 4 3 
3 3 3 3 3 3 3 3 3 
3 3 3 3 3 3 3 3 3 
3 3 3 3 3 3 3 3 3 
3 3 3 3 0 0 3 3 3 
3 4 4 4 4 4 4 4 4 
4 4 3 3 3 3 3 3 3 
3 3 3 3 3 3 3 0 0 
0 0 0 0 0 0 0 0 3 
3 3 3 3 3 3 3 0 0 
3 3 3 3 3 3 3 3 3 
3 3 3 3 3 3 3 4 4 
3 3 3 3 3 3 3 3 3 
3 3 3 3 3 3 3 3 3 
3 3 3 3 3 3 3 3 3 
3 3 3 3 3 3 0 3 3 
3 3 3 4 4 4 4 4 4 
3 3 4 3 3 3 3 3 3 
3 3 3 3 3 3 3 3 3 
3 3 0 0 0 0 0 0 0 
0 0 3 3 3 3 3 3 3 
3 3 3 3 3 3 3 3 3 
3 3 3 3 3 3 3 3 4 
4 3 3 3 3 3 3 3 3 
3 3 3 3 3 3 3 3 3 
3 3 3 3 3 3 3 3 3 
3 3 3 0 3 3 3 3 3 
3 3 3 3 3 3 3 3 3 
4 3 3 3 3 3 3 3 3 
3 3 3 3 3 0 3 3 0 
3 3 3 0 0 0 0 0 0 
0 0 0 0 0 0 0 0 3 
3 3 3 3 3 3 3 0 3 
3 3 3 3 3 3 3 3 3 
3 4 3 3 3 3 3 3 3 
3 0 0 3 3 3 3 0 0 
3 3 3 3 3 3 3 3 3 
3 3 3 3 0 0 0 0 0 
3 3 3 3 3 3 3 3 3 
3 3 3 3 3 3 3 3 3 
3 3 3 3 3 3 3 3 0 
0 0 0 0 0 0 0 0 0 
0 0 0 0 0 0 0 3 3 
0 0 0 3 3 3 3 3 0 
0 3 3 3 3 0 3 3 3 
3 3 4 3 3 3 3 3 3 
3 3 0 0 3 3 3 3 0 
0 3 3 3 3 3 3 3 3 
3 3 3 3 3 3 0 0 0 
0 3 3 0 3 3 3 3 3 
3 3 3 3 3 3 3 3 3 
3 3 3 3 3 3 3 3 0 
0 0 0 0 0 0 0 0 0 
0 0 0 0 0 3 3 0 3 
3 3 0 0 3 3 0 3 3 
3 0 3 3 3 3 3 3 3 
3 3 3 3 0 0 3 3 3 
3 3 3 0 0 3 3 3 3 
3 3 3 3 3 3 3 3 3 
3 3 3 3 3 3 3 3 3 
0 3 3 3 0 3 3 3 3 
3 3 3 3 3 3 3 3 3 
3 3 3 3 3 3 3 3 3 
0 0 3 3 3 0 0 0 0 
0 0 0 0 0 0 3 3 3 
3 3 3 3 0 3 3 0 0 
3 3 3 0 3 3 0 3 3 
3 3 0 3 3 0 0 0 3 
3 3 3 3 3 3 3 3 0 
3 3 3 3 3 3 3 3 3 
3 3 3 3 3 3 3 3 3 
3 3 3 3 3 3 3 3 3 
3 3 3 3 3 3 3 3 3 
3 3 3 3 3 3 3 3 3 
3 0 0 3 3 3 3 3 0 
0 0 0 0 0 0 0 0 0 
3 3 3 3 3 3 3 3 0 
0 0 3 3 3 3 3 3 0 
0 0 0 0 0 0 0 0 0 
0 3 3 3 3 3 3 3 3 
0 0 3 3 3 3 3 3 3 
3 0 0 3 3 3 3 3 3 
3 3 3 3 3 3 3 3 3 
3 3 3 3 3 3 3 3 3 
3 0 3 3 3 3 3 3 3 
3 3 3 0 0 0 0 3 3 
0 0 0 0 0 0 0 0 0 
0 3 3 0 3 3 3 3 3 
3 3 0 0 3 3 3 3 3 
0 0 0 0 0 0 0 3 3 
3 0 3 3 3 3 3 3 3 
3 0 0 3 3 0 0 3 3 
3 3 0 0 0 0 3 3 3 
3 3 3 3 3 3 3 3 3 
3 3 3 3 3 3 3 3 3 
3 3 3 3 3 0 3 3 3 
3 3 3 3 3 3 0 0 0 
0 0 0 0 0 0 0 0 0 
3 3 3 3 3 3 3 3 3 
3 3 3 3 3 0 3 3 3 
3 3 3 0 0 0 0 3 3 
3 3 3 3 3 3 3 3 3 
3 3 0 0 3 3 0 0 3 
3 3 3 0 0 0 0 3 3 
3 3 3 3 3 3 3 3 3 
3 3 3 3 3 3 0 0 3 
3 3 3 3 3 3 0 0 3 
3 3 3 3 3 3 3 3 3 
0 0 0 0 0 0 0 0 0 
0 3 3 3 3 3 3 3 0 
3 3 3 3 3 3 3 3 3 
3 3 3 3 3 3 0 0 3 
3 3 3 3 3 3 3 3 3 
3 3 3 3 3 3 3 0 0 
3 3 0 0 0 0 3 3 3 
3 3 3 3 3 3 0 0 3 
3 3 3 3 3 3 3 3 0 
0 3 3 3 3 3 3 0 0 
3 3 3 3 3 3 3 3 3 
3 3 0 0 0 0 0 0 0 
0 0 0 0 3 3 3 3 3 
3 0 0 3 3 0 0 3 3 
3 3 3 3 3 3 3 0 0 
0 3 3 3 3 3 3 3 3 
3 3 3 3 3 3 3 3 3 
3 3 3 0 0 0 3 3 3 
3 3 3 3 0 3 0 0 0 
3 3 3 3 3 3 3 3 3 
3 0 0 3 3 3 3 3 3 
0 0 3 3 3 3 0 3 3 
3 3 3 0 0 0 0 0 0 
0 0 0 0 0 3 3 3 3 
3 3 3 0 3 3 3 0 0 
0 3 3 3 3 3 3 3 3 
0 0 3 3 3 3 3 3 3 
3 3 3 3 0 0 3 3 3 
3 3 3 3 0 0 3 3 3 
3 3 3 3 3 3 0 0 0 
0 0 3 3 3 3 0 0 0 
0 3 3 0 0 3 3 3 3 
3 3 0 0 3 3 3 0 0 
0 3 3 0 0 0 0 0 0 
0 0 0 0 3 3 3 3 3 
3 3 3 3 3 3 3 3 3 
0 0 3 3 0 0 3 3 3 
3 3 3 3 3 3 3 3 3 
3 3 3 3 3 0 0 0 3 
3 0 3 3 3 0 0 3 3 
3 3 3 3 3 3 3 3 0 
0 3 3 0 3 3 3 0 0 
0 0 3 3 3 3 3 3 3 
3 3 3 0 0 3 3 3 3 
0 0 3 3 0 0 0 0 0 
0 0 0 0 3 3 3 3 3 
3 3 3 3 3 3 3 3 3 
3 3 3 3 3 0 0 3 3 
3 3 3 3 3 3 3 3 3 
3 3 3 3 0 3 0 0 0 
3 3 3 3 3 3 3 0 3 
3 3 3 0 3 3 3 3 3 
3 0 3 3 3 0 3 3 0 
0 0 0 3 3 3 3 3 3 
3 3 3 3 3 3 3 3 3 
3 3 3 3 3 0 0 0 0 
0 0 0 0 0 3 3 3 3 
3 3 3 3 3 3 0 0 0 
3 3 3 3 3 3 0 0 3 
3 3 3 3 3 3 3 3 3 
3 3 3 3 3 0 0 0 0 
0 0 0 3 3 3 3 3 3 
3 3 3 3 3 0 0 3 3 
3 3 3 0 3 3 3 3 3 
0 0 0 0 3 3 3 3 3 
3 3 3 3 3 3 3 3 3 
3 3 3 3 3 3 0 0 0 
0 0 0 0 0 0 3 3 3 
3 3 3 3 3 3 3 0 0 
0 3 3 3 3 3 3 0 0 
3 3 3 3 3 3 3 3 3 
3 3 3 3 3 3 3 0 0 
0 0 0 0 3 3 3 3 3 
3 3 3 0 3 3 0 0 3 
3 3 3 3 3 0 3 3 3 
3 0 0 0 0 0 3 3 3 
3 3 3 3 3 3 3 3 3 
3 3 3 3 3 3 3 0 0 
0 0 0 0 0 0 0 0 3 
3 0 3 3 3 0 3 3 3 
0 0 3 3 0 3 3 3 0 
0 3 3 3 3 3 3 3 3 
3 3 3 3 3 3 3 0 0 
0 0 0 3 3 3 3 3 3 
3 3 3 3 0 3 3 0 0 
0 3 3 3 3 3 3 0 3 
3 3 0 0 3 3 0 3 3 
3 3 3 3 3 3 3 3 3 
3 3 3 3 3 3 3 3 3 
0 0 0 0 0 0 0 0 0 
0 3 3 0 3 3 3 0 3 
3 0 0 3 3 0 0 3 3 
3 0 3 3 0 0 3 3 3 
3 3 3 3 0 3 3 0 0 
0 0 0 0 3 3 3 3 3 
3 3 3 3 3 0 0 0 0 
0 0 3 3 3 3 3 3 3 
3 3 3 0 0 3 3 0 3 
3 3 3 3 3 3 3 0 3 
3 0 0 3 3 3 3 3 3 
3 0 0 0 0 0 0 0 0 
0 0 0 0 0 0 3 0 0 
0 0 0 0 3 3 0 0 0 
3 0 0 3 3 0 0 0 0 
3 0 0 0 0 0 0 0 0 
0 0 0 0 0 0 0 3 3 
3 3 3 3 0 0 0 0 0 
0 0 0 0 3 0 0 0 3 
3 3 3 3 0 0 0 3 3 
0 0 0 3 3 3 0 0 0 
0 0 0 0 0 0 3 3 0 
0 0 0 0 0 0 0 0 0 
0 0 0 0 0 0 0 0 0 
0 0 0 0 0 0 0 0 0 
0 0 0 0 0 0 0 0 0 
0 0 0 0 0 0 0 0 0 
0 0 0 0 0 0 0 0 0 
0 3 0 0 0 0 0 0 0 
0 0 0 0 0 0 0 0 0 
0 0 0 0 0 0 0 0 3 
3 3 0 0 0 0 0 0 0 
0 0 0 0 0 0 0 0 0 
0 0 0 0 0 0 0 0 0 
0 0 0 0 0 0 0 0 0 
0 0 0 0 0 0 0 0 0 
0 0 0 0 0 0 0 0 0 
0 0 0 0 0 0 0 0 0 
0 0 0 0 0 0 0 0 0 
0 0 0 0 0 0 0 0 0 
0 0 0 0 0 0 0 0 0 
0 0 0 0 0 0 0 0 0 
0 3 3 0 0 0 0 0 0 
0 0 0 0 0 0 0 0 0 
0 0 0 0 0 0 0 0 0 
0 0 0 0 0 0 0 0 0 
0 0 0 0 0 0 0 0 0 
0 0 0 0 0 0 0 0 0 
0 0 0 0 0 0 0 0 0 
0 0 0 0 0 0 0 0 0 
0 0 0 0 0 0 0 0 0 
0 0 0 0 0 0 0 0 0 
0 0 0 0 0 0 0 0 0 
0 0 0 0 0 0 0 0 0 
0 0 0 0 0 0 0 0 0 
0 0 0 0 0 0 0 0 0 
0 0 0 0 0 0 0 0 0 
0 0 0 0 0 0 0 0 0 
0 0 0 0 0 0 0 0 0 
0 0 0 0 0 0 0 0 0 
0 0 0 0 0 0 0 0 0 
0 0 0 0 0 0 0 0 0 
0 0 0 0 0 0 0 0 0 
0 0 0 0 0 0 0 0 0 
0 0 0 0 0 0 0 0 0 
0 0 0 0 0 0 0 0 0 
0 0 0 0 0 0 0 0 0 
0 
CellId 1 10000 long
0 0 0 0 0 0 0 0 0 
0 0 0 0 0 0 0 0 0 
0 0 0 0 0 0 0 0 0 
0 0 0 0 0 0 0 0 0 
0 0 0 0 0 0 0 0 0 
0 0 0 0 0 0 0 0 0 
0 0 0 0 0 0 0 0 0 
0 0 0 0 0 0 0 0 0 
0 0 0 0 0 0 0 0 0 
0 0 0 0 0 0 0 0 0 
0 0 0 0 0 0 0 0 0 
0 0 0 0 0 0 0 0 0 
0 0 0 0 0 0 0 0 0 
0 0 0 0 0 0 0 0 0 
0 0 0 0 0 0 0 0 0 
0 0 0 0 0 0 0 0 0 
0 0 0 0 0 0 0 0 0 
0 0 0 0 0 0 0 0 0 
0 0 0 0 0 0 0 0 0 
0 0 0 0 0 0 0 0 0 
0 0 0 0 0 0 0 0 0 
0 0 0 0 0 0 0 0 0 
0 0 0 0 0 0 0 0 0 
0 0 0 0 0 0 0 0 0 
0 0 0 0 0 0 0 0 0 
0 0 0 0 0 0 0 0 0 
0 0 0 0 0 0 0 0 0 
0 0 0 0 0 0 0 0 0 
0 0 0 0 0 0 0 0 0 
0 0 0 0 0 0 0 0 0 
0 0 0 0 0 0 0 0 0 
0 0 0 0 0 0 0 0 0 
0 0 0 0 0 0 0 0 0 
0 0 0 0 0 0 0 0 0 
0 0 0 0 0 0 0 0 0 
0 0 0 0 0 0 0 0 0 
0 0 0 0 0 0 0 0 0 
0 0 0 0 0 0 0 0 0 
0 0 0 0 0 0 0 254 254 
0 0 0 0 0 0 323 323 0 
0 0 0 0 0 0 0 0 0 
0 0 0 0 0 0 0 0 0 
0 0 0 0 0 0 0 0 0 
0 0 0 0 0 0 0 0 0 
0 0 0 0 0 0 0 0 0 
0 0 0 0 0 0 47 47 47 
0 0 0 0 0 0 93 93 0 
0 0 0 139 139 139 0 162 162 
0 0 0 0 0 185 0 0 0 
0 0 0 0 0 0 0 0 254 
254 277 277 277 0 300 300 323 323 
323 323 0 0 0 0 0 0 0 
0 0 0 0 0 0 0 0 415 
415 0 438 438 0 0 0 0 0 
0 0 0 484 484 507 0 0 0 
0 0 0 0 0 0 0 0 0 
0 0 1 0 0 0 24 24 47 
47 47 0 70 70 70 0 93 93 
93 0 0 0 139 139 139 139 139 
162 162 162 162 186 185 185 185 0 
0 208 208 0 0 231 231 0 0 
254 254 0 277 277 277 300 300 300 
300 300 323 323 323 0 0 346 346 
0 0 369 369 0 0 392 392 0 
415 415 415 438 438 438 438 0 0 
0 0 0 0 484 484 507 507 507 
507 0 0 0 0 0 0 0 0 
0 0 1 1 1 0 0 24 24 
24 47 47 47 70 70 70 70 70 
93 93 0 0 0 116 116 116 139 
139 139 162 162 162 162 186 185 185 
0 0 208 208 208 0 231 231 231 
0 254 254 0 0 277 277 277 0 
300 300 300 300 323 323 0 0 346 
346 346 346 369 369 369 392 392 392 
392 392 415 415 415 438 438 438 438 
461 461 0 0 0 484 484 0 507 
507 507 507 0 0 0 0 0 0 
0 0 0 2 1 1 1 0 0 
24 24 24 47 47 0 0 0 70 
70 70 93 93 0 0 0 116 116 
116 116 163 163 163 0 162 186 186 
185 185 0 0 208 208 0 232 231 
231 231 254 254 0 0 0 277 277 
0 0 0 324 324 0 0 0 370 
370 370 346 346 346 369 369 369 416 
392 392 392 392 415 415 415 0 438 
462 462 461 461 485 485 484 484 0 
0 508 508 507 0 0 0 0 0 
0 0 0 0 2 2 1 1 1 
0 0 48 48 24 24 0 0 0 
94 94 0 93 93 0 0 0 140 
140 116 116 116 163 163 0 0 186 
186 185 185 209 209 208 208 208 232 
232 231 231 254 278 278 0 0 0 
0 0 0 0 324 324 324 0 347 
347 370 370 370 370 370 346 369 369 
369 416 416 416 416 439 439 439 0 
0 462 462 462 461 461 485 484 484 
0 0 508 508 0 0 0 0 0 
0 0 0 0 0 2 2 25 1 
25 25 0 48 48 48 24 0 0 
71 94 94 94 94 94 117 117 117 
140 140 140 140 140 163 163 163 0 
0 186 186 185 209 209 209 209 208 
232 232 255 255 255 278 278 278 278 
278 0 0 301 301 0 324 324 324 
347 347 347 347 347 370 370 370 346 
393 393 393 393 416 416 416 416 439 
439 439 0 462 462 462 461 485 485 
484 0 0 508 508 0 0 0 0 
0 0 0 0 0 0 2 2 0 
0 25 25 25 25 48 48 48 72 
71 71 71 71 94 94 94 94 117 
117 117 117 140 140 140 140 163 163 
0 0 186 186 186 0 210 209 209 
209 232 232 255 255 255 255 255 278 
278 278 0 0 301 301 301 301 301 
324 324 371 347 347 347 347 0 0 
0 0 393 393 393 393 393 416 416 
0 439 439 439 0 462 462 461 461 
485 485 0 0 508 508 0 0 0 
0 0 0 0 0 0 0 2 2 
0 0 0 0 25 25 25 48 48 
72 72 71 71 71 71 118 118 118 
94 117 117 117 141 141 164 164 0 
0 0 0 0 0 0 0 210 210 
0 209 232 232 279 279 279 255 255 
255 0 0 0 0 302 302 301 301 
301 301 324 348 371 371 371 0 0 
0 0 0 0 0 0 393 393 0 
0 0 0 439 439 0 0 462 461 
461 485 485 0 0 508 508 0 0 
0 0 0 0 0 0 0 0 2 
2 26 26 0 0 49 49 49 25 
48 72 72 95 95 95 71 71 118 
118 118 0 0 117 141 141 164 164 
164 0 0 187 187 0 0 0 210 
210 233 233 232 232 256 279 279 279 
279 279 0 0 0 0 302 302 0 
325 325 325 348 348 348 371 371 371 
0 0 0 0 0 0 417 417 0 
0 0 0 0 463 463 463 0 486 
486 486 486 485 485 0 509 509 0 
0 0 0 0 0 0 0 0 0 
3 3 26 26 26 26 26 49 49 
49 49 49 72 72 95 95 95 95 
0 118 118 118 0 0 141 141 165 
164 164 0 0 187 187 187 0 0 
210 210 233 233 233 233 233 256 256 
279 279 279 0 0 0 0 302 302 
0 0 325 325 0 348 348 348 371 
371 371 0 0 394 394 394 417 417 
417 417 440 440 440 440 463 463 463 
463 486 486 486 486 486 0 509 509 
0 0 0 0 0 0 0 0 0 
0 0 3 3 3 26 26 26 26 
50 49 49 49 72 72 72 95 95 
95 0 0 118 118 0 0 141 141 
165 165 164 164 0 0 187 187 187 
0 210 210 234 234 233 233 233 256 
256 0 0 0 0 0 0 0 302 
302 0 0 325 325 325 0 348 348 
348 371 0 0 0 394 394 394 394 
394 417 417 417 440 440 440 440 440 
463 463 463 487 486 486 0 0 509 
509 0 0 0 0 0 0 0 0 
0 0 0 27 3 3 3 3 0 
0 50 50 0 0 0 72 0 0 
0 0 0 0 0 0 0 142 141 
141 165 165 164 164 0 0 211 187 
187 187 210 210 234 234 234 0 257 
257 256 256 0 0 0 0 0 0 
302 302 0 0 0 325 325 0 0 
348 0 0 0 0 395 395 0 0 
394 394 394 418 417 417 441 0 440 
440 0 0 463 487 487 0 0 0 
509 509 0 0 0 0 0 0 0 
0 0 0 4 27 27 27 3 3 
0 0 50 50 0 0 0 0 0 
0 0 0 0 0 0 0 142 142 
142 141 0 165 165 0 0 0 212 
211 211 211 211 235 235 234 234 0 
257 257 256 256 280 280 280 280 0 
0 302 305 326 326 326 349 349 349 
349 0 0 0 0 0 395 395 395 
0 0 0 418 418 0 441 441 464 
464 464 0 0 0 487 487 487 0 
0 509 509 0 0 0 0 0 0 
0 0 0 4 4 4 27 27 27 
27 27 27 50 50 0 0 0 73 
73 96 96 96 119 119 119 119 0 
142 142 166 189 165 165 165 0 0 
212 212 211 211 211 211 235 235 234 
234 0 257 257 256 281 281 280 280 
280 280 305 305 326 326 326 326 326 
349 349 349 349 372 372 372 0 395 
395 395 0 0 418 418 0 0 441 
441 464 464 464 464 464 0 487 487 
0 0 510 510 0 0 0 0 0 
0 0 0 0 0 4 4 4 0 
0 0 27 27 50 50 0 0 0 
73 73 73 73 96 96 119 119 119 
119 119 142 142 166 189 165 165 0 
0 212 212 212 188 188 211 235 235 
235 234 258 257 257 257 281 281 281 
281 280 280 305 305 303 303 303 326 
326 326 349 349 349 372 372 372 372 
372 395 395 0 0 418 418 0 0 
441 441 441 0 464 464 464 488 487 
487 0 0 510 510 0 0 0 0 
0 0 0 0 0 0 0 4 4 
4 0 0 0 0 50 50 0 0 
97 97 73 73 73 73 96 96 96 
96 119 119 142 166 166 166 189 189 
189 189 0 212 212 188 188 188 188 
235 235 258 258 258 257 259 259 281 
281 281 281 280 305 305 327 303 303 
303 303 303 0 0 373 373 396 396 
372 372 372 0 0 0 418 418 0 
0 0 441 441 0 0 0 488 488 
511 511 487 0 510 510 0 0 0 
0 0 0 0 0 0 0 0 0 
4 28 28 0 0 0 51 51 0 
0 74 97 97 97 97 73 120 120 
120 96 143 143 143 142 166 166 166 
189 189 189 237 189 212 212 214 188 
188 188 235 235 258 258 258 259 259 
259 306 306 306 281 305 305 327 327 
327 303 303 303 0 0 0 373 373 
396 396 396 396 0 0 0 418 418 
442 442 0 441 441 465 0 0 488 
488 488 511 511 511 510 510 0 0 
0 0 0 0 0 0 0 5 5 
5 0 28 28 28 0 0 51 51 
0 74 74 74 97 97 97 97 121 
120 120 120 96 143 143 143 142 166 
166 213 213 237 237 237 189 212 214 
214 236 236 236 283 283 258 258 258 
259 259 259 306 306 306 305 305 304 
327 327 327 327 327 350 350 0 373 
373 373 396 396 396 396 0 419 419 
419 442 442 442 442 465 465 465 465 
0 488 488 0 511 511 511 510 0 
0 0 0 0 0 0 0 0 5 
5 5 5 5 28 28 28 0 51 
51 0 0 74 74 74 74 0 97 
121 121 120 120 120 167 143 143 143 
190 213 213 213 213 237 237 237 189 
214 214 262 236 236 283 283 283 283 
282 282 282 259 259 306 306 306 306 
304 304 304 304 327 327 350 350 350 
350 373 373 0 0 0 396 420 420 
419 419 419 419 419 442 442 442 465 
465 465 465 488 488 0 0 511 511 
0 0 0 0 0 0 0 0 0 
0 0 0 5 5 5 28 28 28 
51 51 0 0 75 75 74 74 0 
0 121 121 121 120 144 144 167 167 
167 143 190 190 213 213 213 237 237 
237 214 214 262 262 236 236 283 283 
283 282 282 282 282 282 3245 3245 3245 
3245 3245 328 304 304 304 304 351 351 
350 350 350 373 0 0 0 0 420 
420 420 443 419 419 419 0 442 442 
466 466 465 465 488 512 512 0 0 
0 0 0 0 0 0 0 0 0 
0 0 0 0 0 29 29 52 52 
52 51 51 0 0 75 75 98 74 
0 0 0 121 121 0 144 144 144 
167 167 167 167 238 238 190 213 190 
237 237 214 214 262 262 284 284 236 
260 260 260 260 282 282 3765 3245 3245 
3245 3245 3245 3245 328 328 304 304 351 
351 374 374 350 350 373 0 0 0 
0 420 420 443 443 443 0 0 0 
0 466 466 489 489 489 512 512 512 
512 0 0 0 0 0 0 0 0 
0 0 0 0 0 0 29 29 29 
52 52 52 52 52 0 75 75 98 
98 98 98 0 121 121 145 168 144 
144 144 167 167 167 238 238 238 190 
190 190 190 215 215 544 262 284 284 
284 236 260 260 260 260 260 3765 3765 
3245 3245 3245 3245 3245 328 328 328 328 
351 351 374 374 374 374 374 397 397 
397 0 420 420 420 443 443 0 0 
0 0 466 466 513 489 489 489 489 
512 512 512 0 0 0 0 0 0 
0 0 0 0 0 0 6 6 6 
29 29 29 52 52 76 52 75 75 
99 98 98 98 98 98 145 145 145 
168 168 168 144 191 191 191 238 238 
238 238 190 190 215 215 544 262 262 
284 284 284 3604 3604 3604 3604 3604 3765 
3765 3765 3245 3245 3245 3245 352 352 328 
328 351 351 0 0 374 374 374 374 
397 397 397 0 420 0 0 0 0 
0 443 443 466 466 513 513 489 489 
489 489 512 512 0 0 0 0 0 
0 0 0 0 0 0 30 30 6 
6 6 6 29 29 76 76 76 75 
75 99 99 122 122 122 98 170 145 
145 145 168 168 168 168 191 191 191 
191 238 238 537 537 215 215 544 544 
262 261 284 3604 3604 3604 3604 3604 3604 
3604 3765 3765 3765 3245 3245 4118 558 352 
352 352 351 351 0 0 375 375 0 
0 398 397 397 397 0 0 0 0 
0 444 443 443 466 466 490 490 513 
513 513 489 0 0 0 0 0 0 
0 0 0 0 0 0 7 30 30 
30 6 6 6 53 53 29 76 76 
76 75 99 99 99 122 122 122 122 
170 145 145 145 216 168 168 192 192 
192 191 191 537 841 841 215 215 544 
544 261 261 261 3604 3604 3604 3604 3604 
3604 3604 3765 3765 3765 3765 4118 4118 4118 
558 352 352 352 400 0 0 375 375 
0 0 398 398 397 397 421 0 0 
0 444 444 467 467 467 466 490 490 
490 513 513 513 0 0 0 0 0 
0 0 0 0 0 0 7 7 7 
30 30 30 30 77 53 53 53 100 
76 76 123 123 99 99 99 122 122 
122 170 170 145 169 169 216 216 216 
192 192 192 192 841 841 841 215 1336 
1336 1336 1336 261 261 261 3604 3604 3604 
3604 3604 3062 3062 3765 3765 4118 4118 4118 
4118 4118 329 329 352 400 400 0 375 
375 0 0 398 398 422 421 421 421 
0 0 444 444 467 467 467 467 467 
490 490 490 513 513 0 0 0 0 
0 0 0 0 0 0 0 0 7 
7 7 0 30 30 77 77 53 53 
53 100 76 123 123 123 99 99 146 
146 146 170 170 530 169 169 169 216 
216 216 537 192 841 841 841 841 3920 
1336 1336 1336 1336 1336 261 261 2287 2287 
3604 3062 3062 3062 3062 3062 3062 4118 4118 
4118 4118 4118 329 329 329 329 400 400 
375 375 376 0 398 398 422 422 421 
421 421 0 444 444 0 0 467 467 
467 467 490 490 514 0 0 0 0 
0 0 0 0 0 0 0 0 0 
0 7 7 7 0 0 77 77 77 
53 53 100 100 100 123 123 123 123 
146 146 146 146 170 170 530 169 169 
169 216 216 537 537 841 841 841 3920 
3920 1336 1336 1336 1336 1336 1336 2287 2287 
2287 2287 3062 3062 3062 3062 3062 819 819 
4118 4118 4118 558 558 353 329 329 329 
400 400 375 376 376 398 398 422 422 
422 421 421 421 444 444 0 0 468 
468 491 491 515 514 514 514 0 0 
0 0 0 0 0 0 0 0 0 
0 8 8 7 31 31 0 0 54 
54 77 77 77 100 100 100 100 123 
123 194 194 146 146 170 170 530 530 
169 169 193 193 537 841 841 841 3920 
3920 3920 3920 1336 1336 1336 1336 1336 2287 
2287 2287 2287 2287 3062 3062 3062 819 819 
819 819 4118 4118 558 558 353 353 353 
353 353 400 400 376 376 376 376 376 
422 422 422 421 421 444 444 0 0 
468 468 491 491 491 515 514 514 514 
0 0 0 0 0 0 0 0 0 
0 0 8 8 8 31 31 31 31 
54 54 54 77 77 101 101 100 100 
147 147 147 194 194 194 146 530 530 
530 530 2827 193 193 193 841 841 841 
3920 3920 3920 3920 239 1336 1336 1336 1336 
2287 2287 2287 2287 2287 3062 3062 819 819 
819 819 819 819 307 307 307 558 353 
353 353 4479 4479 3175 3175 3175 330 330 
376 376 422 422 469 469 445 445 0 
0 468 468 0 491 491 491 515 514 
514 514 0 0 0 0 0 0 0 
0 0 0 0 8 8 8 55 31 
31 31 54 54 54 77 101 101 124 
124 124 147 147 147 147 194 194 194 
149 149 2827 2827 2827 193 193 841 841 
841 3920 3920 3920 3920 239 239 1336 1336 
3593 3593 3593 2205 2205 2205 2205 2205 2205 
819 819 819 819 308 308 307 307 307 
358 358 4479 4479 4479 3175 3175 3175 330 
330 330 330 330 399 399 469 445 445 
445 0 468 468 0 0 491 491 515 
515 514 0 0 0 0 0 0 0 
0 0 0 0 0 32 8 8 8 
55 55 55 31 54 54 54 101 101 
101 124 124 124 124 147 147 147 194 
194 149 149 2827 2827 2827 2827 193 193 
1643 1643 3920 3920 3920 591 239 239 239 
3593 3593 3593 3593 2205 2205 2205 2205 2205 
2205 593 593 285 285 308 308 308 308 
307 358 358 4479 4479 4479 4479 3175 3175 
3175 3654 330 330 330 399 399 399 399 
445 445 445 468 468 0 0 0 491 
515 515 0 0 0 0 0 0 0 
0 0 0 0 9 9 32 32 32 
32 102 55 55 55 55 55 54 78 
101 101 148 148 124 124 171 171 171 
171 194 149 149 2827 2827 2827 2827 2827 
1643 1643 1643 1643 1643 591 591 591 239 
239 3593 3593 3593 3593 2205 2205 2205 2205 
2205 593 593 593 593 285 285 285 308 
308 572 358 358 4479 4479 4479 3175 3175 
3175 3175 3654 3654 3654 377 377 377 399 
399 399 445 445 469 469 469 0 492 
0 491 515 515 0 0 0 0 0 
0 0 0 0 0 9 9 9 32 
32 32 32 102 102 102 102 55 55 
78 78 126 126 148 148 148 148 171 
171 171 171 149 149 2827 2827 2827 2827 
2827 4065 1643 1643 1643 1643 591 591 591 
591 239 3593 3593 3593 3593 2205 2205 2205 
2205 2205 593 593 593 593 593 285 285 
285 572 572 358 358 4479 4479 4479 3175 
3175 4476 4476 3654 3654 3654 3654 377 377 
377 423 423 399 446 446 469 469 469 
492 492 492 515 515 0 0 0 0 
0 0 0 0 0 0 33 9 9 
9 9 32 32 79 79 102 102 102 
102 78 78 101 126 126 148 148 148 
195 195 195 171 149 3139 3139 3139 2827 
2827 4065 4065 4065 1643 1643 1643 591 591 
591 591 591 3593 589 589 589 589 2205 
565 565 565 593 593 593 593 593 1995 
1995 1995 1995 572 572 3348 3348 3348 3348 
3348 3348 4476 4476 4476 3654 3654 3654 331 
377 377 423 423 423 423 446 446 446 
446 492 492 492 492 0 0 0 0 
0 0 0 0 0 0 0 33 33 
33 9 9 56 56 79 79 79 79 
102 102 78 78 0 126 126 126 125 
125 195 195 195 195 149 3139 3139 3139 
3139 4065 4065 4065 4065 4065 1643 1643 591 
591 591 591 591 589 589 589 589 589 
589 565 565 565 593 593 593 593 593 
1995 1995 1995 1995 1995 3348 3348 3348 3348 
3348 3348 3348 4476 4476 4476 4476 3654 3654 
331 331 331 331 447 423 423 423 446 
446 446 446 493 492 492 492 0 0 
0 0 0 0 0 0 0 0 10 
10 33 33 33 56 56 56 56 79 
79 79 196 78 78 172 172 126 126 
125 125 125 125 195 195 149 3139 3139 
3139 3139 4065 4065 4065 4065 587 587 587 
591 856 856 856 856 856 589 589 589 
589 826 826 826 826 593 593 593 593 
3791 1995 1995 1995 1995 1995 3348 3348 3348 
3348 3348 3348 3348 378 4476 4476 4476 3654 
3654 354 354 331 331 331 447 447 470 
470 470 470 493 493 516 516 516 0 
0 0 0 0 0 0 0 0 0 
10 10 10 33 33 33 103 56 56 
56 56 79 196 196 196 172 172 172 
172 551 551 125 125 551 551 551 4107 
4107 3139 3139 3139 4065 4065 587 587 587 
587 587 856 856 856 856 856 589 589 
589 826 826 826 826 826 826 3791 3791 
3791 3791 1995 1995 1995 1995 573 573 3348 
3348 3348 3348 3348 3348 4476 378 4476 4476 
425 425 354 354 354 354 331 447 447 
470 470 470 470 493 493 0 516 516 
516 0 0 0 0 0 0 0 0 
0 0 10 10 10 10 33 81 103 
103 103 56 127 196 196 196 196 196 
172 172 172 173 173 125 4107 4107 4107 
4107 4107 4107 3139 1817 1817 1817 587 587 
587 587 587 856 856 856 856 856 1258 
1258 1258 826 826 826 826 826 826 3791 
3791 3791 3791 1995 1995 333 333 573 573 
573 3348 4230 4230 4230 4230 355 378 378 
378 425 425 425 354 354 354 424 424 
447 447 0 0 470 493 493 0 0 
516 516 516 0 0 0 0 0 0 
34 34 34 57 57 10 10 81 81 
81 103 103 103 103 127 127 127 196 
531 531 531 531 173 173 173 531 4107 
4107 4107 4107 4107 1817 1817 1817 1817 1817 
587 587 587 590 590 856 856 856 1258 
1258 1258 1258 1258 826 826 826 826 826 
826 3791 3791 3791 3127 3127 333 333 333 
573 2668 2668 4230 4230 4230 4230 355 355 
355 378 4274 4274 4274 425 425 425 424 
424 424 447 447 0 0 493 493 517 
0 0 516 516 0 0 0 0 0 
0 34 34 34 34 34 57 57 57 
81 81 80 80 103 103 104 127 127 
127 150 150 150 150 126 173 173 173 
4107 4107 4107 4107 4107 1817 1817 1817 1817 
588 588 587 590 590 590 590 590 2749 
1258 1258 1258 1258 592 592 592 592 826 
826 826 3791 3791 3127 3127 3127 3127 333 
333 2668 2668 2668 2668 4230 4230 4230 4230 
355 355 4274 4274 4274 4274 4274 3809 3809 
3809 424 424 424 424 471 471 493 493 
517 517 517 0 0 0 0 0 0 
0 0 0 11 11 34 34 57 57 
57 57 81 80 80 80 104 104 104 
127 127 127 150 150 150 150 150 173 
4215 859 859 859 859 859 1817 1817 1817 
588 588 588 588 590 590 590 590 2749 
2749 2749 1258 1258 592 592 592 592 592 
592 594 594 594 3127 3127 3127 3127 3127 
3127 333 2668 2668 2668 2668 2668 4230 4230 
4230 4230 355 4274 4274 4274 4274 3809 3809 
3809 3809 3809 401 401 401 471 471 471 
471 517 517 517 517 0 0 0 0 
0 0 0 0 0 11 11 11 11 
11 11 57 81 81 80 80 80 104 
104 151 151 151 174 174 174 174 150 
4215 4215 4215 859 859 859 859 859 1817 
588 588 588 588 588 590 590 590 590 
2749 2749 2749 1220 1220 1220 592 592 592 
592 3166 594 594 594 594 3127 3127 3127 
3127 3127 1636 1636 1636 2668 2668 2668 380 
4230 4230 356 356 4274 4274 4274 4274 3809 
3809 3809 3809 3809 332 401 401 401 401 
471 471 471 494 494 517 517 0 0 
0 0 0 0 0 0 0 0 11 
11 11 35 58 58 81 81 80 80 
80 104 104 151 151 151 151 174 174 
174 4215 4215 4215 4215 859 859 859 3136 
3136 588 588 588 588 588 590 590 590 
2749 2749 2749 2749 1220 1220 1220 1220 1220 
592 3166 3166 594 594 594 594 594 3127 
3127 3127 1636 1636 1636 1636 1636 2668 380 
380 380 380 356 356 356 4274 4274 4274 
3809 3809 3809 3809 3809 332 332 332 332 
401 401 471 471 494 494 494 517 0 
0 0 0 0 0 0 0 0 0 
0 0 35 35 58 58 58 128 128 
128 128 104 104 3623 3623 3623 3623 151 
174 174 198 4215 4215 4215 4215 859 3136 
3136 3136 3136 588 588 588 1294 1294 1294 
1294 2749 2749 2749 2749 1220 1220 1220 1220 
1220 3166 3166 3166 3166 594 594 594 594 
975 975 975 1636 1636 1636 1636 1636 1456 
1456 1456 380 380 380 356 356 4274 4274 
2238 2238 2238 3809 3809 402 472 332 332 
332 332 448 448 518 518 494 494 494 
494 0 0 0 0 0 0 0 0 
0 0 0 0 35 35 58 58 58 
128 128 128 128 128 3623 3623 3623 3623 
3623 151 198 198 198 4215 4215 4215 3136 
3136 3136 3136 3136 2018 2018 2018 1294 1294 
1294 1294 1294 2749 2749 2749 1220 1220 1220 
1220 1220 3166 3166 3166 3166 594 594 594 
594 975 975 975 975 1636 1636 1636 1636 
1456 1456 1456 1456 1456 3311 3311 3311 3311 
2238 2238 2238 2238 2238 402 402 402 472 
472 472 472 448 448 448 448 518 518 
494 494 0 0 0 0 0 0 0 
0 0 0 12 12 35 35 35 58 
58 105 105 105 128 128 4459 4459 3623 
3623 3623 3623 2778 198 198 198 4215 4215 
3136 3136 3136 3136 2018 2018 2018 2018 1294 
1294 1294 1294 1294 1294 2749 2749 1220 1220 
1220 1220 1220 3166 3166 3166 1267 1267 594 
594 975 975 975 975 975 975 1636 1636 
1456 1456 1456 1456 1456 1456 3311 3311 3311 
3311 2238 2238 2238 2238 2238 426 402 402 
402 449 449 472 472 448 448 448 518 
518 518 518 0 0 0 0 0 0 
0 0 0 0 12 12 12 35 35 
82 82 105 105 105 105 105 4459 4459 
4459 3623 3623 2778 2778 2778 2778 198 198 
534 534 3136 3136 3136 2018 2018 2018 2018 
2018 1294 1294 1294 1294 1294 2749 575 1220 
1220 1220 1220 988 988 3166 1267 1267 1267 
1267 335 335 975 975 975 975 975 1299 
1299 1456 1456 1456 1456 1456 1456 3311 3311 
3311 3311 2238 2238 2238 2238 2238 379 426 
402 449 449 449 449 472 472 495 495 
495 518 518 518 0 0 0 0 0 
0 0 0 0 0 36 12 12 12 
12 82 82 82 82 82 105 4459 4459 
4459 4459 2778 2778 2778 2778 2778 2778 2778 
534 534 534 3675 3675 3675 2018 2018 2018 
2018 2018 1294 1294 1294 1294 1294 575 575 
575 574 574 988 988 988 988 1267 1267 
1267 1267 335 335 335 975 975 975 1299 
1299 1299 1299 1456 1456 1456 1456 1456 3311 
3311 3311 3311 2238 2238 2238 2238 379 379 
379 379 426 426 449 449 496 496 495 
495 495 495 495 495 0 0 0 0 
0 0 0 0 0 0 36 36 36 
36 12 59 59 82 82 82 152 152 
4459 4459 4459 2778 2778 2778 2778 2778 2778 
2778 534 534 3675 3675 3675 3675 2018 2018 
2018 2018 532 532 1294 1294 1294 550 575 
575 574 574 574 988 988 988 988 1267 
1267 1267 1267 1267 576 335 335 335 1299 
1299 1299 1299 1299 1299 1456 2503 2503 2503 
2503 3311 3311 3311 3311 2238 2238 403 403 
403 379 379 379 426 426 426 496 496 
496 0 519 519 495 495 0 0 0 
0 0 0 0 0 0 13 37 37 
36 36 36 59 59 59 59 152 152 
152 152 4459 4459 2778 2778 2778 2778 2778 
2616 2616 2616 2616 3675 3675 3675 3675 2018 
2018 2018 2018 532 532 532 533 550 550 
550 543 543 574 988 988 988 988 988 
1267 1267 1267 1267 576 576 576 931 577 
1299 1299 1299 1299 1299 1299 2503 2503 2503 
2503 2503 2503 3311 3311 3311 427 357 357 
403 403 403 403 450 450 426 426 473 
496 496 496 519 519 519 0 0 0 
0 0 0 0 0 0 13 13 37 
37 37 36 36 36 60 59 59 59 
106 106 106 152 152 152 1237 1237 1237 
1237 2616 2616 2616 2616 2616 3675 3675 3675 
1914 2018 2018 2018 532 579 800 533 533 
550 550 543 543 543 988 988 988 988 
3182 3182 1267 1267 2740 2740 576 931 577 
577 577 1299 1299 1299 1299 1299 2503 2503 
2503 2503 2503 2503 381 381 427 427 357 
357 357 357 403 403 450 450 450 450 
473 473 473 473 496 519 519 0 0 
0 0 0 0 0 0 0 14 13 
13 37 37 0 0 0 60 60 83 
83 59 106 106 106 106 152 1237 1237 
1237 1237 2616 2616 2616 2616 2616 3675 3675 
1914 1914 1914 536 536 536 800 579 533 
533 268 268 268 581 543 543 988 988 
3182 3182 3182 3182 2740 2740 2740 571 571 
571 577 577 1299 1299 1299 1299 1299 2503 
2503 2503 2503 2503 2503 381 381 427 427 
381 381 357 357 357 497 497 497 450 
450 450 473 473 473 520 520 519 519 
0 0 0 0 0 0 0 0 14 
13 13 13 37 37 0 0 60 60 
83 83 83 83 83 106 106 1237 1237 
1237 1237 1237 2616 2616 2616 2616 2616 2616 
1914 1914 1914 1914 536 536 536 536 533 
533 2917 2917 268 268 268 581 291 988 
988 3182 3182 3182 3182 2740 2740 2740 2740 
571 571 2693 2693 2693 2693 2693 1607 1607 
1607 1607 1607 2503 2503 2503 405 405 405 
427 381 381 404 474 474 474 497 497 
497 497 498 498 497 473 520 520 519 
519 0 0 0 0 0 0 0 0 
14 14 13 13 37 37 61 0 60 
60 0 130 83 83 83 129 129 1237 
1237 1237 1237 1237 2616 2616 2616 2616 2616 
2616 1914 1914 1914 1914 1171 1171 1171 1171 
2917 2917 2917 2917 2917 268 268 268 291 
291 3182 3182 3182 3182 3182 2740 2740 2740 
2740 2740 3300 2693 2693 2693 2693 2693 1607 
1607 1607 1607 1607 1607 2503 2503 405 405 
405 405 428 404 404 404 474 474 474 
474 474 474 498 498 497 497 520 520 
0 0 0 0 0 0 0 0 0 
0 0 14 14 13 38 38 61 61 
60 60 0 0 130 130 130 129 129 
129 1237 1237 3694 3694 3694 3694 2616 2616 
2616 2616 1914 1914 1914 1171 1171 1171 1171 
1171 2917 2917 2917 2917 2917 2917 4326 4326 
4326 291 291 3182 3182 3182 3182 2740 2740 
2740 2740 2740 3300 3300 2693 2693 2693 2693 
1607 1607 1607 1607 1607 1607 334 334 0 
0 405 428 428 428 404 404 404 451 
451 451 474 474 498 498 521 521 520 
520 0 0 0 0 0 0 0 0 
0 15 0 14 14 14 38 38 61 
61 61 60 107 107 107 130 130 130 
129 129 129 3694 3694 3694 3694 3694 3694 
2175 2175 2175 2175 1914 1171 1171 1171 1171 
1171 793 2917 2917 2917 2917 2917 2917 4326 
4326 4326 4326 291 291 1468 1468 1468 1468 
2740 2740 2740 3300 3300 3300 3300 2693 2693 
2693 1607 1607 1607 1607 1607 1607 334 334 
334 0 427 427 428 428 452 404 404 
451 451 451 451 451 498 498 521 521 
521 520 0 0 0 0 0 0 0 
0 0 15 15 15 14 14 38 38 
0 61 61 61 107 107 107 107 107 
130 130 130 129 3694 3694 3694 3694 3694 
3694 2175 2175 2175 2175 2175 1171 1171 1171 
1171 793 793 793 2917 2917 2917 2917 4326 
4326 4326 4326 4326 4326 291 1468 1468 1468 
1468 1468 4098 3300 3300 3300 3300 3300 2693 
2693 2693 1463 1607 1607 1607 1607 1607 382 
334 334 334 429 429 428 428 452 452 
475 475 475 475 451 451 498 498 0 
521 521 521 521 0 0 0 0 0 
0 0 0 16 15 15 15 15 38 
38 0 0 61 61 108 108 108 107 
107 154 154 130 176 176 3694 3694 3694 
3794 3794 3794 2175 2175 2175 2175 1171 1171 
1171 793 793 793 793 4287 4287 2917 948 
948 4326 4326 2631 557 557 557 1468 1468 
1468 1468 4098 4098 4098 3300 3300 3300 1684 
1684 2693 1463 1463 1463 1463 1607 359 359 
382 382 334 406 429 429 429 429 452 
452 0 475 475 475 475 475 499 499 
0 0 0 521 521 0 0 0 0 
0 0 0 0 16 16 0 15 15 
38 38 0 0 0 0 0 108 108 
108 154 154 154 154 176 176 176 176 
3794 3794 3794 3794 3794 2175 2175 3971 1171 
1171 197 793 793 793 793 4287 4287 948 
948 948 948 2631 2631 2631 2631 2631 1468 
1468 1468 4098 4098 4098 4098 4098 1684 1684 
1684 1684 1684 1463 1463 1463 1463 1463 359 
359 359 382 382 406 406 0 429 429 
452 452 0 0 0 0 475 475 499 
499 0 0 0 0 0 0 0 0 
0 0 0 0 0 16 16 0 0 
0 38 38 62 62 0 0 85 85 
108 108 108 84 84 154 154 154 131 
176 3794 3794 3794 3794 3794 3971 3971 3971 
3971 3971 197 197 793 793 4287 4287 1353 
1353 948 948 948 2631 2631 2631 2631 2631 
245 245 245 4098 4098 4098 4098 1684 1684 
1684 1684 1684 1684 1463 1463 1463 1463 1463 
336 336 359 382 382 383 383 383 383 
0 452 452 476 476 0 0 0 0 
499 499 522 522 0 0 0 0 0 
0 0 0 0 0 0 0 16 16 
0 0 39 39 62 62 62 62 85 
85 85 108 108 84 84 84 84 154 
131 131 3794 3794 3794 3794 3794 3971 3971 
3971 3971 3971 197 197 4287 4287 4287 1353 
1353 1353 1353 948 948 2631 2631 2631 2186 
2186 2186 245 245 245 4098 4098 337 1684 
1684 1684 1684 1684 2396 2396 2396 1463 1463 
1463 336 336 336 359 430 430 383 383 
383 383 453 453 476 476 476 476 476 
0 499 499 522 522 522 522 522 0 
0 0 0 0 0 0 0 0 16 
16 16 0 39 39 39 62 62 86 
62 62 85 85 85 85 132 84 84 
84 131 131 3794 3794 3794 3794 3971 3971 
3971 3971 3971 176 197 197 4287 4287 4287 
1353 1353 1353 1353 948 948 948 2186 2186 
2186 2186 2186 2186 245 245 245 337 337 
337 337 1684 1684 2396 2396 2396 2396 2396 
1463 1463 910 336 336 336 430 430 430 
430 406 406 453 453 0 0 476 476 
476 476 499 499 0 0 522 522 522 
0 0 0 0 0 0 0 0 0 
0 16 0 0 0 39 39 39 86 
86 86 62 62 0 85 85 132 132 
132 84 131 131 2842 2842 2842 2842 2842 
3971 3971 175 176 176 197 197 4287 4287 
1353 1353 1353 1353 1353 3413 3413 3413 2186 
2186 2186 2186 2186 2186 564 564 315 315 
338 338 337 337 337 2396 2396 2396 2396 
4046 4046 910 910 910 910 910 910 910 
430 430 406 406 453 453 0 0 0 
0 0 0 0 0 0 0 0 0 
0 0 0 0 0 0 0 0 17 
0 0 0 0 0 0 0 39 39 
39 86 86 86 86 0 0 109 109 
132 132 132 131 2842 2842 2842 2842 2842 
2842 2842 175 175 201 201 199 199 535 
535 1353 1353 1353 1353 1353 3413 3413 3413 
3413 2186 2186 2186 2186 2186 564 564 315 
315 338 338 338 338 337 2396 2396 2396 
4046 4046 4046 910 910 910 910 910 910 
910 407 407 407 406 453 453 477 477 
477 0 0 0 0 0 0 0 0 
0 0 0 0 0 0 0 0 0 
17 17 17 40 40 40 40 40 63 
63 63 63 0 86 86 0 0 109 
109 109 132 132 131 2842 2842 2842 2842 
2842 4271 4271 175 175 201 201 199 199 
535 535 1353 1353 1353 1353 1353 3413 3413 
3413 3413 3413 2186 2186 2186 269 269 564 
315 315 339 339 338 338 314 314 2396 
2396 4046 4046 4046 4046 910 910 910 910 
910 3786 3786 407 407 454 454 453 360 
477 477 477 477 0 0 0 0 0 
523 523 0 0 0 0 0 0 0 
0 0 17 17 17 17 40 40 40 
40 40 63 63 63 63 86 0 0 
0 109 109 133 132 155 155 2842 2842 
2842 4271 4271 4271 175 175 177 201 199 
199 535 535 535 224 246 246 246 3413 
3413 3413 3413 3413 3413 293 293 269 269 
269 315 315 292 339 339 339 338 314 
314 4046 4046 4046 4046 4046 910 910 910 
910 3786 3786 3786 3786 407 407 454 454 
360 360 360 477 477 477 501 501 500 
500 523 523 523 523 0 0 0 0 
0 0 0 0 0 17 17 41 41 
0 40 0 0 0 63 63 63 0 
0 0 110 109 109 133 133 155 155 
2842 4271 4271 4271 4271 175 175 177 177 
199 199 200 200 224 224 224 246 246 
246 3413 3413 3413 3413 293 293 293 293 
269 269 269 315 292 292 339 339 339 
339 314 314 4046 4046 4046 3504 3504 3504 
3504 3504 3786 3786 3786 3786 407 407 454 
454 454 360 360 360 360 477 501 501 
500 500 500 500 523 523 523 0 0 
0 0 18 18 18 0 0 0 41 
41 0 0 0 0 0 87 87 87 
0 0 110 110 109 109 133 133 133 
155 4271 4271 4271 4271 4271 175 178 177 
177 199 199 200 200 200 224 224 247 
246 246 246 246 223 223 270 222 222 
293 293 293 316 316 0 0 340 340 
292 292 339 314 314 3504 3504 3504 3504 
3504 3504 3504 3786 3786 3786 3786 3786 431 
431 454 454 478 478 360 360 360 501 
501 524 524 500 500 500 523 523 0 
0 0 0 18 18 18 18 18 0 
0 41 41 0 0 0 0 0 87 
87 87 0 110 110 110 0 0 133 
133 4271 4271 4271 4271 4271 155 155 178 
178 177 177 201 201 200 200 200 224 
224 247 248 247 247 223 223 223 223 
222 222 222 222 316 316 0 0 340 
340 292 292 292 339 314 3504 3504 3504 
3504 3504 3504 3504 3786 3786 3786 3786 3786 
431 431 431 431 478 478 478 502 502 
501 501 524 524 524 524 524 500 0 
0 0 0 0 0 0 0 18 18 
0 0 41 41 41 0 0 0 0 
0 87 87 87 0 110 110 0 0 
133 133 133 4271 4271 4271 4271 155 155 
178 178 177 177 201 201 225 200 200 
224 224 248 248 248 247 247 247 223 
223 223 222 222 222 316 316 0 0 
340 340 0 292 292 363 363 3504 3504 
3504 3504 3504 3504 3504 384 3786 3786 3786 
3786 408 455 431 431 431 478 478 478 
502 501 501 0 0 524 524 524 0 
0 0 0 0 0 0 0 0 0 
0 0 0 0 41 41 0 0 0 
0 64 64 87 87 0 0 110 0 
0 157 157 157 4271 153 153 179 179 
179 178 178 178 177 202 202 202 225 
225 225 225 225 248 248 248 247 247 
294 294 223 270 270 270 316 316 0 
0 340 340 0 0 364 363 363 578 
3504 3504 3504 361 361 384 384 384 3786 
3786 408 408 408 408 455 455 455 455 
478 478 502 501 0 0 0 0 0 
0 0 0 0 0 0 0 19 19 
0 0 0 42 42 0 0 0 0 
0 0 64 64 64 64 64 0 110 
110 134 0 157 157 157 153 153 156 
179 179 179 178 178 203 203 202 202 
202 202 225 225 225 225 248 248 271 
271 294 294 294 294 270 270 270 316 
341 341 340 340 0 0 364 364 363 
363 578 578 578 361 361 361 384 384 
384 384 432 432 408 408 408 455 455 
455 455 455 502 502 525 525 0 0 
0 0 0 0 0 0 0 0 19 
19 19 19 19 42 42 42 0 0 
65 65 88 88 88 64 64 64 111 
111 110 134 134 134 157 157 153 153 
156 156 180 180 179 179 203 203 226 
226 202 202 202 249 249 249 225 248 
271 271 295 295 294 294 294 270 270 
317 341 341 341 341 341 0 364 364 
363 363 363 578 578 578 361 361 361 
385 385 384 432 432 432 456 408 408 
479 503 503 503 502 502 525 525 525 
525 525 0 0 0 0 0 0 0 
0 0 19 19 19 19 42 42 42 
65 65 65 65 65 88 88 88 88 
111 111 111 111 111 134 134 134 153 
153 156 156 180 180 180 179 203 203 
226 226 226 226 226 249 249 249 249 
249 271 271 272 295 295 295 295 294 
317 317 317 0 341 341 341 341 364 
364 387 363 363 410 410 410 362 362 
361 385 385 385 385 432 432 432 456 
456 479 479 503 503 0 502 502 0 
525 525 525 0 0 0 0 0 0 
0 0 0 0 0 0 0 0 42 
42 42 66 65 65 65 65 0 88 
88 88 88 111 111 111 158 134 134 
134 153 157 156 156 180 180 180 203 
203 0 0 227 226 226 226 0 0 
249 249 271 271 272 272 272 295 295 
295 295 317 317 0 0 0 0 0 
364 364 387 387 387 387 410 410 410 
362 362 362 386 385 385 385 432 432 
456 456 456 479 479 503 503 502 0 
0 0 0 0 0 0 0 0 0 
0 0 0 0 0 0 0 43 43 
0 0 0 66 66 89 89 89 0 
0 112 112 135 135 0 158 158 158 
158 134 153 157 156 156 156 180 180 
203 203 0 0 227 227 226 226 0 
0 273 273 271 271 296 272 272 272 
272 295 318 318 317 317 0 0 0 
0 364 364 0 387 387 387 387 410 
410 410 362 362 386 386 386 386 409 
409 409 456 456 456 479 503 503 0 
0 0 0 0 0 0 0 0 0 
0 0 0 0 0 20 20 0 43 
43 43 0 0 66 66 0 89 89 
89 0 112 112 135 135 135 135 135 
158 158 158 158 0 0 156 181 204 
204 204 204 0 0 227 227 250 250 
250 250 273 273 273 273 296 296 296 
272 272 272 318 318 317 317 342 342 
0 365 365 365 0 388 388 411 387 
387 411 411 410 362 362 386 386 386 
386 409 409 409 409 456 479 479 503 
0 0 526 526 526 0 0 0 0 
0 0 0 0 0 0 20 20 20 
20 43 43 43 0 66 66 0 0 
89 89 89 0 112 112 0 135 135 
135 135 0 158 158 0 0 0 181 
181 181 204 204 204 204 227 227 0 
250 250 250 250 250 273 273 273 296 
296 296 296 296 318 318 319 319 342 
342 342 342 342 365 365 365 388 388 
388 388 411 411 411 411 362 434 434 
386 433 433 433 409 409 480 480 479 
479 0 0 526 526 526 526 526 0 
0 0 0 0 0 0 0 0 0 
20 20 20 43 43 43 66 66 0 
0 0 89 89 89 112 112 112 0 
0 0 0 0 0 0 0 0 0 
0 181 181 181 181 204 204 227 227 
0 0 251 251 250 250 274 273 273 
273 0 0 296 296 318 318 319 319 
319 319 342 342 342 342 365 365 365 
388 388 388 388 411 411 411 411 434 
434 0 457 433 433 433 433 480 480 
480 480 527 0 0 0 0 526 526 
0 0 0 0 0 0 0 0 0 
0 44 44 0 20 67 67 66 66 
90 90 0 0 89 113 113 112 112 
0 0 0 0 0 0 0 182 182 
182 0 205 205 181 181 181 204 227 
227 0 0 251 251 0 0 274 274 
297 297 0 0 0 0 318 318 343 
343 319 319 319 366 366 366 389 365 
365 412 412 412 388 388 435 435 435 
434 434 434 457 457 0 433 433 433 
504 480 480 480 527 527 0 0 0 
0 0 0 0 0 0 0 0 0 
21 21 44 44 44 44 67 67 67 
67 90 90 90 90 0 113 113 113 
136 136 136 0 0 0 0 159 182 
182 182 182 182 205 205 205 228 228 
228 228 0 0 251 251 0 0 274 
274 297 297 0 0 0 0 320 320 
343 343 343 343 319 366 366 366 366 
389 389 389 412 412 412 0 0 435 
435 435 434 434 457 457 0 0 481 
481 504 504 504 480 527 527 527 527 
0 0 0 0 0 0 0 0 0 
0 21 21 21 21 44 44 44 0 
67 67 67 67 90 90 90 90 113 
113 136 136 136 136 136 0 0 159 
159 159 159 182 182 182 205 205 205 
228 228 228 228 228 251 251 0 0 
274 274 0 0 0 0 297 297 320 
320 320 343 343 343 343 0 0 366 
390 389 389 389 389 412 412 412 0 
0 435 435 435 434 457 457 0 0 
481 481 481 504 504 504 504 504 527 
527 527 0 0 0 0 0 0 0 
0 0 0 0 21 21 21 44 44 
44 0 0 67 67 0 0 90 90 
114 114 113 113 136 136 136 0 0 
0 159 159 159 159 206 206 229 229 
229 205 205 205 228 228 251 251 275 
275 274 274 0 0 0 298 297 297 
297 320 320 320 0 343 0 0 0 
390 390 390 366 366 389 389 389 412 
412 0 0 435 435 459 457 457 458 
0 0 481 481 481 481 0 504 504 
528 528 527 0 0 0 0 0 0 
0 0 0 0 0 45 45 21 21 
68 68 68 0 91 91 91 0 0 
0 114 114 113 113 113 160 160 160 
0 0 183 183 183 159 206 206 206 
229 229 229 205 0 0 252 251 251 
275 275 274 274 0 0 298 298 321 
321 321 297 320 320 320 0 0 0 
0 0 390 390 390 366 0 0 0 
0 436 436 0 0 459 459 459 457 
458 458 0 0 505 481 481 0 0 
0 528 528 0 0 0 0 0 0 
0 0 0 0 22 22 45 45 45 
45 68 68 68 68 68 91 91 91 
0 0 114 114 0 0 137 137 137 
160 160 160 160 183 183 183 230 206 
206 206 229 229 229 0 0 0 252 
252 0 275 275 275 0 0 298 298 
322 321 321 321 321 321 344 344 0 
0 367 367 0 390 390 390 0 0 
0 0 436 436 436 436 436 459 459 
459 458 458 0 0 505 505 505 505 
0 0 528 528 0 0 0 0 0 
0 0 0 0 23 22 22 22 22 
22 45 45 45 45 68 68 68 91 
91 91 91 114 114 0 0 138 137 
137 137 137 160 160 160 183 183 183 
230 206 206 206 0 229 0 0 0 
252 252 252 252 275 275 275 0 298 
298 322 322 0 321 321 321 344 344 
344 0 367 367 367 0 390 391 0 
0 0 0 413 413 436 436 436 436 
459 459 459 458 458 482 482 482 505 
505 505 505 528 528 0 0 0 0 
0 0 0 0 0 23 23 46 22 
22 22 69 69 45 45 0 0 0 
92 92 91 115 114 114 0 0 138 
138 137 137 137 137 160 160 207 183 
183 230 230 230 230 0 0 0 0 
0 0 0 252 252 252 299 275 275 
298 298 322 322 322 0 0 345 345 
344 344 344 0 367 367 367 391 391 
0 0 0 0 413 413 413 413 460 
460 483 459 483 458 458 482 482 482 
482 505 505 505 528 528 0 0 0 
0 0 0 0 0 0 23 23 23 
46 46 46 69 69 69 69 0 0 
0 92 92 115 115 115 114 0 0 
138 138 161 161 184 184 184 184 207 
207 207 207 230 230 230 230 0 0 
0 0 0 0 276 276 252 299 299 
299 298 298 0 322 322 0 0 345 
345 345 344 344 344 0 367 367 391 
391 0 0 0 0 0 413 413 413 
460 460 460 483 483 483 458 458 506 
482 482 482 529 529 529 528 0 0 
0 0 0 0 0 0 0 0 23 
23 0 46 46 46 0 69 69 69 
0 0 92 92 0 115 115 115 0 
0 138 138 161 161 161 161 184 184 
184 184 207 207 207 207 230 0 0 
0 0 0 253 253 276 276 276 299 
299 299 299 299 0 322 322 0 0 
0 345 345 368 368 368 368 0 367 
391 391 0 0 414 414 0 437 437 
437 413 460 460 460 483 483 483 483 
506 506 506 506 482 529 529 529 529 
0 0 0 0 0 0 0 0 0 
0 23 23 0 46 46 46 0 69 
69 0 0 92 92 0 0 115 115 
115 0 138 138 0 0 161 161 161 
161 184 184 184 0 207 207 0 0 
0 0 0 0 253 253 253 253 276 
276 276 276 299 299 0 0 0 0 
0 0 345 345 345 368 368 368 368 
368 391 391 0 0 414 414 0 437 
437 437 437 437 460 460 460 0 483 
483 0 0 506 506 506 506 529 529 
529 0 0 0 0 0 0 0 0 
0 0 0 0 0 0 46 0 0 
0 0 0 0 92 92 0 0 0 
115 0 0 138 138 0 0 0 0 
161 0 0 0 0 0 0 0 0 
0 0 0 0 0 0 0 253 253 
253 253 276 276 0 0 0 0 0 
0 0 0 0 345 0 0 0 368 
368 368 391 391 0 0 0 414 414 
0 0 0 437 437 437 0 0 0 
0 0 0 0 0 0 506 506 0 
0 0 0 0 0 0 0 0 0 
0 0 0 0 0 0 0 0 0 
0 0 0 0 0 0 0 0 0 
0 0 0 0 0 0 0 0 0 
0 0 0 0 0 0 0 0 0 
0 0 0 0 0 0 0 0 0 
0 253 0 0 0 0 0 0 0 
0 0 0 0 0 0 0 0 0 
0 0 0 0 0 0 0 0 414 
414 414 0 0 0 0 0 0 0 
0 0 0 0 0 0 0 0 0 
0 0 0 0 0 0 0 0 0 
0 0 0 0 0 0 0 0 0 
0 0 0 0 0 0 0 0 0 
0 0 0 0 0 0 0 0 0 
0 0 0 0 0 0 0 0 0 
0 0 0 0 0 0 0 0 0 
0 0 0 0 0 0 0 0 0 
0 0 0 0 0 0 0 0 0 
0 0 0 0 0 0 0 0 0 
0 414 414 0 0 0 0 0 0 
0 0 0 0 0 0 0 0 0 
0 0 0 0 0 0 0 0 0 
0 0 0 0 0 0 0 0 0 
0 0 0 0 0 0 0 0 0 
0 0 0 0 0 0 0 0 0 
0 0 0 0 0 0 0 0 0 
0 0 0 0 0 0 0 0 0 
0 0 0 0 0 0 0 0 0 
0 0 0 0 0 0 0 0 0 
0 0 0 0 0 0 0 0 0 
0 0 0 0 0 0 0 0 0 
0 0 0 0 0 0 0 0 0 
0 0 0 0 0 0 0 0 0 
0 0 0 0 0 0 0 0 0 
0 0 0 0 0 0 0 0 0 
0 0 0 0 0 0 0 0 0 
0 0 0 0 0 0 0 0 0 
0 0 0 0 0 0 0 0 0 
0 0 0 0 0 0 0 0 0 
0 0 0 0 0 0 0 0 0 
0 0 0 0 0 0 0 0 0 
0 0 0 0 0 0 0 0 0 
0 0 0 0 0 0 0 0 0 
0 0 0 0 0 0 0 0 0 
0 
ClusterId 1 10000 long
0 0 0 0 0 0 0 0 0 
0 0 0 0 0 0 0 0 0 
0 0 0 0 0 0 0 0 0 
0 0 0 0 0 0 0 0 0 
0 0 0 0 0 0 0 0 0 
0 0 0 0 0 0 0 0 0 
0 0 0 0 0 0 0 0 0 
0 0 0 0 0 0 0 0 0 
0 0 0 0 0 0 0 0 0 
0 0 0 0 0 0 0 0 0 
0 0 0 0 0 0 0 0 0 
0 0 0 0 0 0 0 0 0 
0 0 0 0 0 0 0 0 0 
0 0 0 0 0 0 0 0 0 
0 0 0 0 0 0 0 0 0 
0 0 0 0 0 0 0 0 0 
0 0 0 0 0 0 0 0 0 
0 0 0 0 0 0 0 0 0 
0 0 0 0 0 0 0 0 0 
0 0 0 0 0 0 0 0 0 
0 0 0 0 0 0 0 0 0 
0 0 0 0 0 0 0 0 0 
0 0 0 0 0 0 0 0 0 
0 0 0 0 0 0 0 0 0 
0 0 0 0 0 0 0 0 0 
0 0 0 0 0 0 0 0 0 
0 0 0 0 0 0 0 0 0 
0 0 0 0 0 0 0 0 0 
0 0 0 0 0 0 0 0 0 
0 0 0 0 0 0 0 0 0 
0 0 0 0 0 0 0 0 0 
0 0 0 0 0 0 0 0 0 
0 0 0 0 0 0 0 0 0 
0 0 0 0 0 0 0 0 0 
0 0 0 0 0 0 0 0 0 
0 0 0 0 0 0 0 0 0 
0 0 0 0 0 0 0 0 0 
0 0 0 0 0 0 0 0 0 
0 0 0 0 0 0 0 254 254 
0 0 0 0 0 0 323 323 0 
0 0 0 0 0 0 0 0 0 
0 0 0 0 0 0 0 0 0 
0 0 0 0 0 0 0 0 0 
0 0 0 0 0 0 0 0 0 
0 0 0 0 0 0 0 0 0 
0 0 0 0 0 0 47 47 47 
0 0 0 0 0 0 93 93 0 
0 0 0 139 139 139 0 162 162 
0 0 0 0 0 185 0 0 0 
0 0 0 0 0 0 0 0 254 
254 277 277 277 0 300 300 323 323 
323 323 0 0 0 0 0 0 0 
0 0 0 0 0 0 0 0 415 
415 0 438 438 0 0 0 0 0 
0 0 0 484 484 507 0 0 0 
0 0 0 0 0 0 0 0 0 
0 0 1 0 0 0 24 24 47 
47 47 0 70 70 70 0 93 93 
93 0 0 0 139 139 139 139 139 
162 162 162 162 186 185 185 185 0 
0 208 208 0 0 231 231 0 0 
254 254 0 277 277 277 300 300 300 
300 300 323 323 323 0 0 346 346 
0 0 369 369 0 0 392 392 0 
415 415 415 438 438 438 438 0 0 
0 0 0 0 484 484 507 507 507 
507 0 0 0 0 0 0 0 0 
0 0 1 1 1 0 0 24 24 
24 47 47 47 70 70 70 70 70 
93 93 0 0 0 116 116 116 139 
139 139 162 162 162 162 186 185 185 
0 0 208 208 208 0 231 231 231 
0 254 254 0 0 277 277 277 0 
300 300 300 300 323 323 0 0 346 
346 346 346 369 369 369 392 392 392 
392 392 415 415 415 438 438 438 438 
461 461 0 0 0 484 484 0 507 
507 507 507 0 0 0 0 0 0 
0 0 0 2 1 1 1 0 0 
24 24 24 47 47 0 0 0 70 
70 70 93 93 0 0 0 116 116 
116 116 163 163 163 0 162 186 186 
185 185 0 0 208 208 0 232 231 
231 231 254 254 0 0 0 277 277 
0 0 0 324 324 0 0 0 370 
370 370 346 346 346 369 369 369 416 
392 392 392 392 415 415 415 0 438 
462 462 461 461 485 485 484 484 0 
0 508 508 507 0 0 0 0 0 
0 0 0 0 2 2 1 1 1 
0 0 48 48 24 24 0 0 0 
94 94 0 93 93 0 0 0 140 
140 116 116 116 163 163 0 0 186 
186 185 185 209 209 208 208 208 232 
232 231 231 254 278 278 0 0 0 
0 0 0 0 324 324 324 0 347 
347 370 370 370 370 370 346 369 369 
369 416 416 416 416 439 439 439 0 
0 462 462 462 461 461 485 484 484 
0 0 508 508 0 0 0 0 0 
0 0 0 0 0 2 2 25 1 
25 25 0 48 48 48 24 0 0 
71 94 94 94 94 94 117 117 117 
140 140 140 140 140 163 163 163 0 
0 186 186 185 209 209 209 209 208 
232 232 255 255 255 278 278 278 278 
278 0 0 301 301 0 324 324 324 
347 347 347 347 347 370 370 370 346 
393 393 393 393 416 416 416 416 439 
439 439 0 462 462 462 461 485 485 
484 0 0 508 508 0 0 0 0 
0 0 0 0 0 0 2 2 0 
0 25 25 25 25 48 48 48 72 
71 71 71 71 94 94 94 94 117 
117 117 117 140 140 140 140 163 163 
0 0 186 186 186 0 210 209 209 
209 232 232 255 255 255 255 255 278 
278 278 0 0 301 301 301 301 301 
324 324 371 347 347 347 347 0 0 
0 0 393 393 393 393 393 416 416 
0 439 439 439 0 462 462 461 461 
485 485 0 0 508 508 0 0 0 
0 0 0 0 0 0 0 2 2 
0 0 0 0 25 25 25 48 48 
72 72 71 71 71 71 118 118 118 
94 117 117 117 141 141 164 164 0 
0 0 0 0 0 0 0 210 210 
0 209 232 232 279 279 279 255 255 
255 0 0 0 0 302 302 301 301 
301 301 324 348 371 371 371 0 0 
0 0 0 0 0 0 393 393 0 
0 0 0 439 439 0 0 462 461 
461 485 485 0 0 508 508 0 0 
0 0 0 0 0 0 0 0 2 
2 26 26 0 0 49 49 49 25 
48 72 72 95 95 95 71 71 118 
118 118 0 0 117 141 141 164 164 
164 0 0 187 187 0 0 0 210 
210 233 233 232 232 256 279 279 279 
279 279 0 0 0 0 302 302 0 
325 325 325 348 348 348 371 371 371 
0 0 0 0 0 0 417 417 0 
0 0 0 0 463 463 463 0 486 
486 486 486 485 485 0 509 509 0 
0 0 0 0 0 0 0 0 0 
3 3 26 26 26 26 26 49 49 
49 49 49 72 72 95 95 95 95 
0 118 118 118 0 0 141 141 165 
164 164 0 0 187 187 187 0 0 
210 210 233 233 233 233 233 256 256 
279 279 279 0 0 0 0 302 302 
0 0 325 325 0 348 348 348 371 
371 371 0 0 394 394 394 417 417 
417 417 440 440 440 440 463 463 463 
463 486 486 486 486 486 0 509 509 
0 0 0 0 0 0 0 0 0 
0 0 3 3 3 26 26 26 26 
50 49 49 49 72 72 72 95 95 
95 0 0 118 118 0 0 141 141 
165 165 164 164 0 0 187 187 187 
0 210 210 234 234 233 233 233 256 
256 0 0 0 0 0 0 0 302 
302 0 0 325 325 325 0 348 348 
348 371 0 0 0 394 394 394 394 
394 417 417 417 440 440 440 440 440 
463 463 463 487 486 486 0 0 509 
509 0 0 0 0 0 0 0 0 
0 0 0 27 3 3 3 3 0 
0 50 50 0 0 0 72 0 0 
0 0 0 0 0 0 0 142 141 
141 165 165 164 164 0 0 211 187 
187 187 210 210 234 234 234 0 257 
257 256 256 0 0 0 0 0 0 
302 302 0 0 0 325 325 0 0 
348 0 0 0 0 395 395 0 0 
394 394 394 418 417 417 441 0 440 
440 0 0 463 487 487 0 0 0 
509 509 0 0 0 0 0 0 0 
0 0 0 4 27 27 27 3 3 
0 0 50 50 0 0 0 0 0 
0 0 0 0 0 0 0 142 142 
142 141 0 165 165 0 0 0 212 
211 211 211 211 235 235 234 234 0 
257 257 256 256 280 280 280 280 0 
0 302 305 326 326 326 349 349 349 
349 0 0 0 0 0 395 395 395 
0 0 0 418 418 0 441 441 464 
464 464 0 0 0 487 487 487 0 
0 509 509 0 0 0 0 0 0 
0 0 0 4 4 4 27 27 27 
27 27 27 50 50 0 0 0 73 
73 96 96 96 119 119 119 119 0 
142 142 166 189 165 165 165 0 0 
212 212 211 211 211 211 235 235 234 
234 0 257 257 256 281 281 280 280 
280 280 305 305 326 326 326 326 326 
349 349 349 349 372 372 372 0 395 
395 395 0 0 418 418 0 0 441 
441 464 464 464 464 464 0 487 487 
0 0 510 510 0 0 0 0 0 
0 0 0 0 0 4 4 4 0 
0 0 27 27 50 50 0 0 0 
73 73 73 73 96 96 119 119 119 
119 119 142 142 166 189 165 165 0 
0 212 212 212 188 188 211 235 235 
235 234 258 257 257 257 281 281 281 
281 280 280 305 305 303 303 303 326 
326 326 349 349 349 372 372 372 372 
372 395 395 0 0 418 418 0 0 
441 441 441 0 464 464 464 488 487 
487 0 0 510 510 0 0 0 0 
0 0 0 0 0 0 0 4 4 
4 0 0 0 0 50 50 0 0 
97 97 73 73 73 73 96 96 96 
96 119 119 142 166 166 166 189 189 
189 189 0 212 212 188 188 188 188 
235 235 258 258 258 257 259 259 281 
281 281 281 280 305 305 327 303 303 
303 303 303 0 0 373 373 396 396 
372 372 372 0 0 0 418 418 0 
0 0 441 441 0 0 0 488 488 
511 511 487 0 510 510 0 0 0 
0 0 0 0 0 0 0 0 0 
4 28 28 0 0 0 51 51 0 
0 74 97 97 97 97 73 120 120 
120 96 143 143 143 142 166 166 166 
189 189 189 237 189 212 212 214 188 
188 188 235 235 258 258 258 259 259 
259 306 306 306 281 305 305 327 327 
327 303 303 303 0 0 0 373 373 
396 396 396 396 0 0 0 418 418 
442 442 0 441 441 465 0 0 488 
488 488 511 511 511 510 510 0 0 
0 0 0 0 0 0 0 5 5 
5 0 28 28 28 0 0 51 51 
0 74 74 74 97 97 97 97 121 
120 120 120 96 143 143 143 142 166 
166 213 213 237 237 237 189 212 214 
214 236 236 236 283 283 258 258 258 
259 259 259 306 306 306 305 305 304 
327 327 327 327 327 350 350 0 373 
373 373 396 396 396 396 0 419 419 
419 442 442 442 442 465 465 465 465 
0 488 488 0 511 511 511 510 0 
0 0 0 0 0 0 0 0 5 
5 5 5 5 28 28 28 0 51 
51 0 0 74 74 74 74 0 97 
121 121 120 120 120 167 143 143 143 
190 213 213 213 213 237 237 237 189 
214 214 262 236 236 283 283 283 283 
282 282 282 259 259 306 306 306 306 
304 304 304 304 327 327 350 350 350 
350 373 373 0 0 0 396 420 420 
419 419 419 419 419 442 442 442 465 
465 465 465 488 488 0 0 511 511 
0 0 0 0 0 0 0 0 0 
0 0 0 5 5 5 28 28 28 
51 51 0 0 75 75 74 74 0 
0 121 121 121 120 144 144 167 167 
167 143 190 190 213 213 213 237 237 
237 214 214 262 262 236 236 283 283 
283 282 282 282 282 282 3245 3245 3245 
3245 3245 328 304 304 304 304 351 351 
350 350 350 373 0 0 0 0 420 
420 420 443 419 419 419 0 442 442 
466 466 465 465 488 512 512 0 0 
0 0 0 0 0 0 0 0 0 
0 0 0 0 0 29 29 52 52 
52 51 51 0 0 75 75 98 74 
0 0 0 121 121 0 144 144 144 
167 167 167 167 238 238 190 213 190 
237 237 214 214 262 262 284 284 236 
260 260 260 260 282 282 3765 3245 3245 
3245 3245 3245 3245 328 328 304 304 351 
351 374 374 350 350 373 0 0 0 
0 420 420 443 443 443 0 0 0 
0 466 466 489 489 489 512 512 512 
512 0 0 0 0 0 0 0 0 
0 0 0 0 0 0 29 29 29 
52 52 52 52 52 0 75 75 98 
98 98 98 0 121 121 145 168 144 
144 144 167 167 167 238 238 238 190 
190 190 190 215 215 544 262 284 284 
284 236 260 260 260 260 260 3765 3765 
3245 3245 3245 3245 3245 328 328 328 328 
351 351 374 374 374 374 374 397 397 
397 0 420 420 420 443 443 0 0 
0 0 466 466 513 489 489 489 489 
512 512 512 0 0 0 0 0 0 
0 0 0 0 0 0 6 6 6 
29 29 29 52 52 76 52 75 75 
99 98 98 98 98 98 145 145 145 
168 168 168 144 191 191 191 238 238 
238 238 190 190 215 215 544 262 262 
284 284 284 3604 3604 3604 3604 3604 3765 
3765 3765 3245 3245 3245 3245 352 352 328 
328 351 351 0 0 374 374 374 374 
397 397 397 0 420 0 0 0 0 
0 443 443 466 466 513 513 489 489 
489 489 512 512 0 0 0 0 0 
0 0 0 0 0 0 30 30 6 
6 6 6 29 29 76 76 76 75 
75 99 99 122 122 122 98 170 145 
145 145 168 168 168 168 191 191 191 
191 238 238 537 537 215 215 544 544 
262 261 284 3604 3604 3604 3604 3604 3604 
3604 3765 3765 3765 3245 3245 4118 558 352 
352 352 351 351 0 0 375 375 0 
0 398 397 397 397 0 0 0 0 
0 444 443 443 466 466 490 490 513 
513 513 489 0 0 0 0 0 0 
0 0 0 0 0 0 7 30 30 
30 6 6 6 53 53 29 76 76 
76 75 99 99 99 122 122 122 122 
170 145 145 145 216 168 168 192 192 
192 191 191 537 841 841 215 215 544 
544 261 261 261 3604 3604 3604 3604 3604 
3604 3604 3765 3765 3765 3765 4118 4118 4118 
558 352 352 352 400 0 0 375 375 
0 0 398 398 397 397 421 0 0 
0 444 444 467 467 467 466 490 490 
490 513 513 513 0 0 0 0 0 
0 0 0 0 0 0 7 7 7 
30 30 30 30 77 53 53 53 100 
76 76 123 123 99 99 99 122 122 
122 170 170 145 169 169 216 216 216 
192 192 192 192 841 841 841 215 1336 
1336 1336 1336 261 261 261 3604 3604 3604 
3604 3604 3062 3062 3765 3765 4118 4118 4118 
4118 4118 329 329 352 400 400 0 375 
375 0 0 398 398 422 421 421 421 
0 0 444 444 467 467 467 467 467 
490 490 490 513 513 0 0 0 0 
0 0 0 0 0 0 0 0 7 
7 7 0 30 30 77 77 53 53 
53 100 76 123 123 123 99 99 146 
146 146 170 170 530 169 169 169 216 
216 216 537 192 841 841 841 841 3920 
1336 1336 1336 1336 1336 261 261 2287 2287 
3604 3062 3062 3062 3062 3062 3062 4118 4118 
4118 4118 4118 329 329 329 329 400 400 
375 375 376 0 398 398 422 422 421 
421 421 0 444 444 0 0 467 467 
467 467 490 490 514 0 0 0 0 
0 0 0 0 0 0 0 0 0 
0 7 7 7 0 0 77 77 77 
53 53 100 100 100 123 123 123 123 
146 146 146 146 170 170 530 169 169 
169 216 216 537 537 841 841 841 3920 
3920 1336 1336 1336 1336 1336 1336 2287 2287 
2287 2287 3062 3062 3062 3062 3062 819 819 
4118 4118 4118 558 558 353 329 329 329 
400 400 375 376 376 398 398 422 422 
422 421 421 421 444 444 0 0 468 
468 491 491 515 514 514 514 0 0 
0 0 0 0 0 0 0 0 0 
0 8 8 7 31 31 0 0 54 
54 77 77 77 100 100 100 100 123 
123 194 194 146 146 170 170 530 530 
169 169 193 193 537 841 841 841 3920 
3920 3920 3920 1336 1336 1336 1336 1336 2287 
2287 2287 2287 2287 3062 3062 3062 819 819 
819 819 4118 4118 558 558 353 353 353 
353 353 400 400 376 376 376 376 376 
422 422 422 421 421 444 444 0 0 
468 468 491 491 491 515 514 514 514 
0 0 0 0 0 0 0 0 0 
0 0 8 8 8 31 31 31 31 
54 54 54 77 77 101 101 100 100 
147 147 147 194 194 194 146 530 530 
530 530 2827 193 193 193 841 841 841 
3920 3920 3920 3920 239 1336 1336 1336 1336 
2287 2287 2287 2287 2287 3062 3062 819 819 
819 819 819 819 307 307 307 558 353 
353 353 4479 4479 3175 3175 3175 330 330 
376 376 422 422 469 469 445 445 0 
0 468 468 0 491 491 491 515 514 
514 514 0 0 0 0 0 0 0 
0 0 0 0 8 8 8 55 31 
31 31 54 54 54 77 101 101 124 
124 124 147 147 147 147 194 194 194 
149 149 2827 2827 2827 193 193 841 841 
841 3920 3920 3920 3920 239 239 1336 1336 
3593 3593 3593 2205 2205 2205 2205 2205 2205 
819 819 819 819 308 308 307 307 307 
358 358 4479 4479 4479 3175 3175 3175 330 
330 330 330 330 399 399 469 445 445 
445 0 468 468 0 0 491 491 515 
515 514 0 0 0 0 0 0 0 
0 0 0 0 0 32 8 8 8 
55 55 55 31 54 54 54 101 101 
101 124 124 124 124 147 147 147 194 
194 149 149 2827 2827 2827 2827 193 193 
1643 1643 3920 3920 3920 591 239 239 239 
3593 3593 3593 3593 2205 2205 2205 2205 2205 
2205 593 593 285 285 308 308 308 308 
307 358 358 4479 4479 4479 4479 3175 3175 
3175 3654 330 330 330 399 399 399 399 
445 445 445 468 468 0 0 0 491 
515 515 0 0 0 0 0 0 0 
0 0 0 0 9 9 32 32 32 
32 102 55 55 55 55 55 54 78 
101 101 148 148 124 124 171 171 171 
171 194 149 149 2827 2827 2827 2827 2827 
1643 1643 1643 1643 1643 591 591 591 239 
239 3593 3593 3593 3593 2205 2205 2205 2205 
2205 593 593 593 593 285 285 285 308 
308 572 358 358 4479 4479 4479 3175 3175 
3175 3175 3654 3654 3654 377 377 377 399 
399 399 445 445 469 469 469 0 492 
0 491 515 515 0 0 0 0 0 
0 0 0 0 0 9 9 9 32 
32 32 32 102 102 102 102 55 55 
78 78 126 126 148 148 148 148 171 
171 171 171 149 149 2827 2827 2827 2827 
2827 4065 1643 1643 1643 1643 591 591 591 
591 239 3593 3593 3593 3593 2205 2205 2205 
2205 2205 593 593 593 593 593 285 285 
285 572 572 358 358 4479 4479 4479 3175 
3175 4476 4476 3654 3654 3654 3654 377 377 
377 423 423 399 446 446 469 469 469 
492 492 492 515 515 0 0 0 0 
0 0 0 0 0 0 33 9 9 
9 9 32 32 79 79 102 102 102 
102 78 78 101 126 126 148 148 148 
195 195 195 171 149 3139 3139 3139 2827 
2827 4065 4065 4065 1643 1643 1643 591 591 
591 591 591 3593 589 589 589 589 2205 
565 565 565 593 593 593 593 593 1995 
1995 1995 1995 572 572 3348 3348 3348 3348 
3348 3348 4476 4476 4476 3654 3654 3654 331 
377 377 423 423 423 423 446 446 446 
446 492 492 492 492 0 0 0 0 
0 0 0 0 0 0 0 33 33 
33 9 9 56 56 79 79 79 79 
102 102 78 78 0 126 126 126 125 
125 195 195 195 195 149 3139 3139 3139 
3139 4065 4065 4065 4065 4065 1643 1643 591 
591 591 591 591 589 589 589 589 589 
589 565 565 565 593 593 593 593 593 
1995 1995 1995 1995 1995 3348 3348 3348 3348 
3348 3348 3348 4476 4476 4476 4476 3654 3654 
331 331 331 331 447 423 423 423 446 
446 446 446 493 492 492 492 0 0 
0 0 0 0 0 0 0 0 10 
10 33 33 33 56 56 56 56 79 
79 79 196 78 78 172 172 126 126 
125 125 125 125 195 195 149 3139 3139 
3139 3139 4065 4065 4065 4065 587 587 587 
591 856 856 856 856 856 589 589 589 
589 826 826 826 826 593 593 593 593 
3791 1995 1995 1995 1995 1995 3348 3348 3348 
3348 3348 3348 3348 378 4476 4476 4476 3654 
3654 354 354 331 331 331 447 447 470 
470 470 470 493 493 516 516 516 0 
0 0 0 0 0 0 0 0 0 
10 10 10 33 33 33 103 56 56 
56 56 79 196 196 196 172 172 172 
172 551 551 125 125 551 551 551 4107 
4107 3139 3139 3139 4065 4065 587 587 587 
587 587 856 856 856 856 856 589 589 
589 826 826 826 826 826 826 3791 3791 
3791 3791 1995 1995 1995 1995 573 573 3348 
3348 3348 3348 3348 3348 4476 378 4476 4476 
425 425 354 354 354 354 331 447 447 
470 470 470 470 493 493 0 516 516 
516 0 0 0 0 0 0 0 0 
0 0 10 10 10 10 33 81 103 
103 103 56 127 196 196 196 196 196 
172 172 172 173 173 125 4107 4107 4107 
4107 4107 4107 3139 1817 1817 1817 587 587 
587 587 587 856 856 856 856 856 1258 
1258 1258 826 826 826 826 826 826 3791 
3791 3791 3791 1995 1995 333 333 573 573 
573 3348 4230 4230 4230 4230 355 378 378 
378 425 425 425 354 354 354 424 424 
447 447 0 0 470 493 493 0 0 
516 516 516 0 0 0 0 0 0 
34 34 34 57 57 10 10 81 81 
81 103 103 103 103 127 127 127 196 
531 531 531 531 173 173 173 531 4107 
4107 4107 4107 4107 1817 1817 1817 1817 1817 
587 587 587 590 590 856 856 856 1258 
1258 1258 1258 1258 826 826 826 826 826 
826 3791 3791 3791 3127 3127 333 333 333 
573 2668 2668 4230 4230 4230 4230 355 355 
355 378 4274 4274 4274 425 425 425 424 
424 424 447 447 0 0 493 493 517 
0 0 516 516 0 0 0 0 0 
0 34 34 34 34 34 57 57 57 
81 81 80 80 103 103 104 127 127 
127 150 150 150 150 126 173 173 173 
4107 4107 4107 4107 4107 1817 1817 1817 1817 
588 588 587 590 590 590 590 590 2749 
1258 1258 1258 1258 592 592 592 592 826 
826 826 3791 3791 3127 3127 3127 3127 333 
333 2668 2668 2668 2668 4230 4230 4230 4230 
355 355 4274 4274 4274 4274 4274 3809 3809 
3809 424 424 424 424 471 471 493 493 
517 517 517 0 0 0 0 0 0 
0 0 0 11 11 34 34 57 57 
57 57 81 80 80 80 104 104 104 
127 127 127 150 150 150 150 150 173 
4215 859 859 859 859 859 1817 1817 1817 
588 588 588 588 590 590 590 590 2749 
2749 2749 1258 1258 592 592 592 592 592 
592 594 594 594 3127 3127 3127 3127 3127 
3127 333 2668 2668 2668 2668 2668 4230 4230 
4230 4230 355 4274 4274 4274 4274 3809 3809 
3809 3809 3809 401 401 401 471 471 471 
471 517 517 517 517 0 0 0 0 
0 0 0 0 0 11 11 11 11 
11 11 57 81 81 80 80 80 104 
104 151 151 151 174 174 174 174 150 
4215 4215 4215 859 859 859 859 859 1817 
588 588 588 588 588 590 590 590 590 
2749 2749 2749 1220 1220 1220 592 592 592 
592 3166 594 594 594 594 3127 3127 3127 
3127 3127 1636 1636 1636 2668 2668 2668 380 
4230 4230 356 356 4274 4274 4274 4274 3809 
3809 3809 3809 3809 332 401 401 401 401 
471 471 471 494 494 517 517 0 0 
0 0 0 0 0 0 0 0 11 
11 11 35 58 58 81 81 80 80 
80 104 104 151 151 151 151 174 174 
174 4215 4215 4215 4215 859 859 859 3136 
3136 588 588 588 588 588 590 590 590 
2749 2749 2749 2749 1220 1220 1220 1220 1220 
592 3166 3166 594 594 594 594 594 3127 
3127 3127 1636 1636 1636 1636 1636 2668 380 
380 380 380 356 356 356 4274 4274 4274 
3809 3809 3809 3809 3809 332 332 332 332 
401 401 471 471 494 494 494 517 0 
0 0 0 0 0 0 0 0 0 
0 0 35 35 58 58 58 128 128 
128 128 104 104 3623 3623 3623 3623 151 
174 174 198 4215 4215 4215 4215 859 3136 
3136 3136 3136 588 588 588 1294 1294 1294 
1294 2749 2749 2749 2749 1220 1220 1220 1220 
1220 3166 3166 3166 3166 594 594 594 594 
975 975 975 1636 1636 1636 1636 1636 1456 
1456 1456 380 380 380 356 356 4274 4274 
2238 2238 2238 3809 3809 402 472 332 332 
332 332 448 448 518 518 494 494 494 
494 0 0 0 0 0 0 0 0 
0 0 0 0 35 35 58 58 58 
128 128 128 128 128 3623 3623 3623 3623 
3623 151 198 198 198 4215 4215 4215 3136 
3136 3136 3136 3136 2018 2018 2018 1294 1294 
1294 1294 1294 2749 2749 2749 1220 1220 1220 
1220 1220 3166 3166 3166 3166 594 594 594 
594 975 975 975 975 1636 1636 1636 1636 
1456 1456 1456 1456 1456 3311 3311 3311 3311 
2238 2238 2238 2238 2238 402 402 402 472 
472 472 472 448 448 448 448 518 518 
494 494 0 0 0 0 0 0 0 
0 0 0 12 12 35 35 35 58 
58 105 105 105 128 128 4459 4459 3623 
3623 3623 3623 2778 198 198 198 4215 4215 
3136 3136 3136 3136 2018 2018 2018 2018 1294 
1294 1294 1294 1294 1294 2749 2749 1220 1220 
1220 1220 1220 3166 3166 3166 1267 1267 594 
594 975 975 975 975 975 975 1636 1636 
1456 1456 1456 1456 1456 1456 3311 3311 3311 
3311 2238 2238 2238 2238 2238 426 402 402 
402 449 449 472 472 448 448 448 518 
518 518 518 0 0 0 0 0 0 
0 0 0 0 12 12 12 35 35 
82 82 105 105 105 105 105 4459 4459 
4459 3623 3623 2778 2778 2778 2778 198 198 
534 534 3136 3136 3136 2018 2018 2018 2018 
2018 1294 1294 1294 1294 1294 2749 575 1220 
1220 1220 1220 988 988 3166 1267 1267 1267 
1267 335 335 975 975 975 975 975 1299 
1299 1456 1456 1456 1456 1456 1456 3311 3311 
3311 3311 2238 2238 2238 2238 2238 379 426 
402 449 449 449 449 472 472 495 495 
495 518 518 518 0 0 0 0 0 
0 0 0 0 0 36 12 12 12 
12 82 82 82 82 82 105 4459 4459 
4459 4459 2778 2778 2778 2778 2778 2778 2778 
534 534 534 3675 3675 3675 2018 2018 2018 
2018 2018 1294 1294 1294 1294 1294 575 575 
575 574 574 988 988 988 988 1267 1267 
1267 1267 335 335 335 975 975 975 1299 
1299 1299 1299 1456 1456 1456 1456 1456 3311 
3311 3311 3311 2238 2238 2238 2238 379 379 
379 379 426 426 449 449 496 496 495 
495 495 495 495 495 0 0 0 0 
0 0 0 0 0 0 36 36 36 
36 12 59 59 82 82 82 152 152 
4459 4459 4459 2778 2778 2778 2778 2778 2778 
2778 534 534 3675 3675 3675 3675 2018 2018 
2018 2018 532 532 1294 1294 1294 550 575 
575 574 574 574 988 988 988 988 1267 
1267 1267 1267 1267 576 335 335 335 1299 
1299 1299 1299 1299 1299 1456 2503 2503 2503 
2503 3311 3311 3311 3311 2238 2238 403 403 
403 379 379 379 426 426 426 496 496 
496 0 519 519 495 495 0 0 0 
0 0 0 0 0 0 13 37 37 
36 36 36 59 59 59 59 152 152 
152 152 4459 4459 2778 2778 2778 2778 2778 
2616 2616 2616 2616 3675 3675 3675 3675 2018 
2018 2018 2018 532 532 532 533 550 550 
550 543 543 574 988 988 988 988 988 
1267 1267 1267 1267 576 576 576 931 577 
1299 1299 1299 1299 1299 1299 2503 2503 2503 
2503 2503 2503 3311 3311 3311 427 357 357 
403 403 403 403 450 450 426 426 473 
496 496 496 519 519 519 0 0 0 
0 0 0 0 0 0 13 13 37 
37 37 36 36 36 60 59 59 59 
106 106 106 152 152 152 1237 1237 1237 
1237 2616 2616 2616 2616 2616 3675 3675 3675 
1914 2018 2018 2018 532 579 800 533 533 
550 550 543 543 543 988 988 988 988 
3182 3182 1267 1267 2740 2740 576 931 577 
577 577 1299 1299 1299 1299 1299 2503 2503 
2503 2503 2503 2503 381 381 427 427 357 
357 357 357 403 403 450 450 450 450 
473 473 473 473 496 519 519 0 0 
0 0 0 0 0 0 0 14 13 
13 37 37 0 0 0 60 60 83 
83 59 106 106 106 106 152 1237 1237 
1237 1237 2616 2616 2616 2616 2616 3675 3675 
1914 1914 1914 536 536 536 800 579 533 
533 268 268 268 581 543 543 988 988 
3182 3182 3182 3182 2740 2740 2740 571 571 
571 577 577 1299 1299 1299 1299 1299 2503 
2503 2503 2503 2503 2503 381 381 427 427 
381 381 357 357 357 497 497 497 450 
450 450 473 473 473 520 520 519 519 
0 0 0 0 0 0 0 0 14 
13 13 13 37 37 0 0 60 60 
83 83 83 83 83 106 106 1237 1237 
1237 1237 1237 2616 2616 2616 2616 2616 2616 
1914 1914 1914 1914 536 536 536 536 533 
533 2917 2917 268 268 268 581 291 988 
988 3182 3182 3182 3182 2740 2740 2740 2740 
571 571 2693 2693 2693 2693 2693 1607 1607 
1607 1607 1607 2503 2503 2503 405 405 405 
427 381 381 404 474 474 474 497 497 
497 497 498 498 497 473 520 520 519 
519 0 0 0 0 0 0 0 0 
14 14 13 13 37 37 61 0 60 
60 0 130 83 83 83 129 129 1237 
1237 1237 1237 1237 2616 2616 2616 2616 2616 
2616 1914 1914 1914 1914 1171 1171 1171 1171 
2917 2917 2917 2917 2917 268 268 268 291 
291 3182 3182 3182 3182 3182 2740 2740 2740 
2740 2740 3300 2693 2693 2693 2693 2693 1607 
1607 1607 1607 1607 1607 2503 2503 405 405 
405 405 428 404 404 404 474 474 474 
474 474 474 498 498 497 497 520 520 
0 0 0 0 0 0 0 0 0 
0 0 14 14 13 38 38 61 61 
60 60 0 0 130 130 130 129 129 
129 1237 1237 3694 3694 3694 3694 2616 2616 
2616 2616 1914 1914 1914 1171 1171 1171 1171 
1171 2917 2917 2917 2917 2917 2917 4326 4326 
4326 291 291 3182 3182 3182 3182 2740 2740 
2740 2740 2740 3300 3300 2693 2693 2693 2693 
1607 1607 1607 1607 1607 1607 334 334 0 
0 405 428 428 428 404 404 404 451 
451 451 474 474 498 498 521 521 520 
520 0 0 0 0 0 0 0 0 
0 15 0 14 14 14 38 38 61 
61 61 60 107 107 107 130 130 130 
129 129 129 3694 3694 3694 3694 3694 3694 
2175 2175 2175 2175 1914 1171 1171 1171 1171 
1171 793 2917 2917 2917 2917 2917 2917 4326 
4326 4326 4326 291 291 1468 1468 1468 1468 
2740 2740 2740 3300 3300 3300 3300 2693 2693 
2693 1607 1607 1607 1607 1607 1607 334 334 
334 0 427 427 428 428 452 404 404 
451 451 451 451 451 498 498 521 521 
521 520 0 0 0 0 0 0 0 
0 0 15 15 15 14 14 38 38 
0 61 61 61 107 107 107 107 107 
130 130 130 129 3694 3694 3694 3694 3694 
3694 2175 2175 2175 2175 2175 1171 1171 1171 
1171 793 793 793 2917 2917 2917 2917 4326 
4326 4326 4326 4326 4326 291 1468 1468 1468 
1468 1468 4098 3300 3300 3300 3300 3300 2693 
2693 2693 1463 1607 1607 1607 1607 1607 382 
334 334 334 429 429 428 428 452 452 
475 475 475 475 451 451 498 498 0 
521 521 521 521 0 0 0 0 0 
0 0 0 16 15 15 15 15 38 
38 0 0 61 61 108 108 108 107 
107 154 154 130 176 176 3694 3694 3694 
3794 3794 3794 2175 2175 2175 2175 1171 1171 
1171 793 793 793 793 4287 4287 2917 948 
948 4326 4326 2631 557 557 557 1468 1468 
1468 1468 4098 4098 4098 3300 3300 3300 1684 
1684 2693 1463 1463 1463 1463 1607 359 359 
382 382 334 406 429 429 429 429 452 
452 0 475 475 475 475 475 499 499 
0 0 0 521 521 0 0 0 0 
0 0 0 0 16 16 0 15 15 
38 38 0 0 0 0 0 108 108 
108 154 154 154 154 176 176 176 176 
3794 3794 3794 3794 3794 2175 2175 3971 1171 
1171 197 793 793 793 793 4287 4287 948 
948 948 948 2631 2631 2631 2631 2631 1468 
1468 1468 4098 4098 4098 4098 4098 1684 1684 
1684 1684 1684 1463 1463 1463 1463 1463 359 
359 359 382 382 406 406 0 429 429 
452 452 0 0 0 0 475 475 499 
499 0 0 0 0 0 0 0 0 
0 0 0 0 0 16 16 0 0 
0 38 38 62 62 0 0 85 85 
108 108 108 84 84 154 154 154 131 
176 3794 3794 3794 3794 3794 3971 3971 3971 
3971 3971 197 197 793 793 4287 4287 1353 
1353 948 948 948 2631 2631 2631 2631 2631 
245 245 245 4098 4098 4098 4098 1684 1684 
1684 1684 1684 1684 1463 1463 1463 1463 1463 
336 336 359 382 382 383 383 383 383 
0 452 452 476 476 0 0 0 0 
499 499 522 522 0 0 0 0 0 
0 0 0 0 0 0 0 16 16 
0 0 39 39 62 62 62 62 85 
85 85 108 108 84 84 84 84 154 
131 131 3794 3794 3794 3794 3794 3971 3971 
3971 3971 3971 197 197 4287 4287 4287 1353 
1353 1353 1353 948 948 2631 2631 2631 2186 
2186 2186 245 245 245 4098 4098 337 1684 
1684 1684 1684 1684 2396 2396 2396 1463 1463 
1463 336 336 336 359 430 430 383 383 
383 383 453 453 476 476 476 476 476 
0 499 499 522 522 522 522 522 0 
0 0 0 0 0 0 0 0 16 
16 16 0 39 39 39 62 62 86 
62 62 85 85 85 85 132 84 84 
84 131 131 3794 3794 3794 3794 3971 3971 
3971 3971 3971 176 197 197 4287 4287 4287 
1353 1353 1353 1353 948 948 948 2186 2186 
2186 2186 2186 2186 245 245 245 337 337 
337 337 1684 1684 2396 2396 2396 2396 2396 
1463 1463 910 336 336 336 430 430 430 
430 406 406 453 453 0 0 476 476 
476 476 499 499 0 0 522 522 522 
0 0 0 0 0 0 0 0 0 
0 16 0 0 0 39 39 39 86 
86 86 62 62 0 85 85 132 132 
132 84 131 131 2842 2842 2842 2842 2842 
3971 3971 175 176 176 197 197 4287 4287 
1353 1353 1353 1353 1353 3413 3413 3413 2186 
2186 2186 2186 2186 2186 564 564 315 315 
338 338 337 337 337 2396 2396 2396 2396 
4046 4046 910 910 910 910 910 910 910 
430 430 406 406 453 453 0 0 0 
0 0 0 0 0 0 0 0 0 
0 0 0 0 0 0 0 0 17 
0 0 0 0 0 0 0 39 39 
39 86 86 86 86 0 0 109 109 
132 132 132 131 2842 2842 2842 2842 2842 
2842 2842 175 175 201 201 199 199 535 
535 1353 1353 1353 1353 1353 3413 3413 3413 
3413 2186 2186 2186 2186 2186 564 564 315 
315 338 338 338 338 337 2396 2396 2396 
4046 4046 4046 910 910 910 910 910 910 
910 407 407 407 406 453 453 477 477 
477 0 0 0 0 0 0 0 0 
0 0 0 0 0 0 0 0 0 
17 17 17 40 40 40 40 40 63 
63 63 63 0 86 86 0 0 109 
109 109 132 132 131 2842 2842 2842 2842 
2842 4271 4271 175 175 201 201 199 199 
535 535 1353 1353 1353 1353 1353 3413 3413 
3413 3413 3413 2186 2186 2186 269 269 564 
315 315 339 339 338 338 314 314 2396 
2396 4046 4046 4046 4046 910 910 910 910 
910 3786 3786 407 407 454 454 453 360 
477 477 477 477 0 0 0 0 0 
523 523 0 0 0 0 0 0 0 
0 0 17 17 17 17 40 40 40 
40 40 63 63 63 63 86 0 0 
0 109 109 133 132 155 155 2842 2842 
2842 4271 4271 4271 175 175 177 201 199 
199 535 535 535 224 246 246 246 3413 
3413 3413 3413 3413 3413 293 293 269 269 
269 315 315 292 339 339 339 338 314 
314 4046 4046 4046 4046 4046 910 910 910 
910 3786 3786 3786 3786 407 407 454 454 
360 360 360 477 477 477 501 501 500 
500 523 523 523 523 0 0 0 0 
0 0 0 0 0 17 17 41 41 
0 40 0 0 0 63 63 63 0 
0 0 110 109 109 133 133 155 155 
2842 4271 4271 4271 4271 175 175 177 177 
199 199 200 200 224 224 224 246 246 
246 3413 3413 3413 3413 293 293 293 293 
269 269 269 315 292 292 339 339 339 
339 314 314 4046 4046 4046 3504 3504 3504 
3504 3504 3786 3786 3786 3786 407 407 454 
454 454 360 360 360 360 477 501 501 
500 500 500 500 523 523 523 0 0 
0 0 18 18 18 0 0 0 41 
41 0 0 0 0 0 87 87 87 
0 0 110 110 109 109 133 133 133 
155 4271 4271 4271 4271 4271 175 178 177 
177 199 199 200 200 200 224 224 247 
246 246 246 246 223 223 270 222 222 
293 293 293 316 316 0 0 340 340 
292 292 339 314 314 3504 3504 3504 3504 
3504 3504 3504 3786 3786 3786 3786 3786 431 
431 454 454 478 478 360 360 360 501 
501 524 524 500 500 500 523 523 0 
0 0 0 18 18 18 18 18 0 
0 41 41 0 0 0 0 0 87 
87 87 0 110 110 110 0 0 133 
133 4271 4271 4271 4271 4271 155 155 178 
178 177 177 201 201 200 200 200 224 
224 247 248 247 247 223 223 223 223 
222 222 222 222 316 316 0 0 340 
340 292 292 292 339 314 3504 3504 3504 
3504 3504 3504 3504 3786 3786 3786 3786 3786 
431 431 431 431 478 478 478 502 502 
501 501 524 524 524 524 524 500 0 
0 0 0 0 0 0 0 18 18 
0 0 41 41 41 0 0 0 0 
0 87 87 87 0 110 110 0 0 
133 133 133 4271 4271 4271 4271 155 155 
178 178 177 177 201 201 225 200 200 
224 224 248 248 248 247 247 247 223 
223 223 222 222 222 316 316 0 0 
340 340 0 292 292 363 363 3504 3504 
3504 3504 3504 3504 3504 384 3786 3786 3786 
3786 408 455 431 431 431 478 478 478 
502 501 501 0 0 524 524 524 0 
0 0 0 0 0 0 0 0 0 
0 0 0 0 41 41 0 0 0 
0 64 64 87 87 0 0 110 0 
0 157 157 157 4271 153 153 179 179 
179 178 178 178 177 202 202 202 225 
225 225 225 225 248 248 248 247 247 
294 294 223 270 270 270 316 316 0 
0 340 340 0 0 364 363 363 578 
3504 3504 3504 361 361 384 384 384 3786 
3786 408 408 408 408 455 455 455 455 
478 478 502 501 0 0 0 0 0 
0 0 0 0 0 0 0 19 19 
0 0 0 42 42 0 0 0 0 
0 0 64 64 64 64 64 0 110 
110 134 0 157 157 157 153 153 156 
179 179 179 178 178 203 203 202 202 
202 202 225 225 225 225 248 248 271 
271 294 294 294 294 270 270 270 316 
341 341 340 340 0 0 364 364 363 
363 578 578 578 361 361 361 384 384 
384 384 432 432 408 408 408 455 455 
455 455 455 502 502 525 525 0 0 
0 0 0 0 0 0 0 0 19 
19 19 19 19 42 42 42 0 0 
65 65 88 88 88 64 64 64 111 
111 110 134 134 134 157 157 153 153 
156 156 180 180 179 179 203 203 226 
226 202 202 202 249 249 249 225 248 
271 271 295 295 294 294 294 270 270 
317 341 341 341 341 341 0 364 364 
363 363 363 578 578 578 361 361 361 
385 385 384 432 432 432 456 408 408 
479 503 503 503 502 502 525 525 525 
525 525 0 0 0 0 0 0 0 
0 0 19 19 19 19 42 42 42 
65 65 65 65 65 88 88 88 88 
111 111 111 111 111 134 134 134 153 
153 156 156 180 180 180 179 203 203 
226 226 226 226 226 249 249 249 249 
249 271 271 272 295 295 295 295 294 
317 317 317 0 341 341 341 341 364 
364 387 363 363 410 410 410 362 362 
361 385 385 385 385 432 432 432 456 
456 479 479 503 503 0 502 502 0 
525 525 525 0 0 0 0 0 0 
0 0 0 0 0 0 0 0 42 
42 42 66 65 65 65 65 0 88 
88 88 88 111 111 111 158 134 134 
134 153 157 156 156 180 180 180 203 
203 0 0 227 226 226 226 0 0 
249 249 271 271 272 272 272 295 295 
295 295 317 317 0 0 0 0 0 
364 364 387 387 387 387 410 410 410 
362 362 362 386 385 385 385 432 432 
456 456 456 479 479 503 503 502 0 
0 0 0 0 0 0 0 0 0 
0 0 0 0 0 0 0 43 43 
0 0 0 66 66 89 89 89 0 
0 112 112 135 135 0 158 158 158 
158 134 153 157 156 156 156 180 180 
203 203 0 0 227 227 226 226 0 
0 273 273 271 271 296 272 272 272 
272 295 318 318 317 317 0 0 0 
0 364 364 0 387 387 387 387 410 
410 410 362 362 386 386 386 386 409 
409 409 456 456 456 479 503 503 0 
0 0 0 0 0 0 0 0 0 
0 0 0 0 0 20 20 0 43 
43 43 0 0 66 66 0 89 89 
89 0 112 112 135 135 135 135 135 
158 158 158 158 0 0 156 181 204 
204 204 204 0 0 227 227 250 250 
250 250 273 273 273 273 296 296 296 
272 272 272 318 318 317 317 342 342 
0 365 365 365 0 388 388 411 387 
387 411 411 410 362 362 386 386 386 
386 409 409 409 409 456 479 479 503 
0 0 526 526 526 0 0 0 0 
0 0 0 0 0 0 20 20 20 
20 43 43 43 0 66 66 0 0 
89 89 89 0 112 112 0 135 135 
135 135 0 158 158 0 0 0 181 
181 181 204 204 204 204 227 227 0 
250 250 250 250 250 273 273 273 296 
296 296 296 296 318 318 319 319 342 
342 342 342 342 365 365 365 388 388 
388 388 411 411 411 411 362 434 434 
386 433 433 433 409 409 480 480 479 
479 0 0 526 526 526 526 526 0 
0 0 0 0 0 0 0 0 0 
20 20 20 43 43 43 66 66 0 
0 0 89 89 89 112 112 112 0 
0 0 0 0 0 0 0 0 0 
0 181 181 181 181 204 204 227 227 
0 0 251 251 250 250 274 273 273 
273 0 0 296 296 318 318 319 319 
319 319 342 342 342 342 365 365 365 
388 388 388 388 411 411 411 411 434 
434 0 457 433 433 433 433 480 480 
480 480 527 0 0 0 0 526 526 
0 0 0 0 0 0 0 0 0 
0 44 44 0 20 67 67 66 66 
90 90 0 0 89 113 113 112 112 
0 0 0 0 0 0 0 182 182 
182 0 205 205 181 181 181 204 227 
227 0 0 251 251 0 0 274 274 
297 297 0 0 0 0 318 318 343 
343 319 319 319 366 366 366 389 365 
365 412 412 412 388 388 435 435 435 
434 434 434 457 457 0 433 433 433 
504 480 480 480 527 527 0 0 0 
0 0 0 0 0 0 0 0 0 
21 21 44 44 44 44 67 67 67 
67 90 90 90 90 0 113 113 113 
136 136 136 0 0 0 0 159 182 
182 182 182 182 205 205 205 228 228 
228 228 0 0 251 251 0 0 274 
274 297 297 0 0 0 0 320 320 
343 343 343 343 319 366 366 366 366 
389 389 389 412 412 412 0 0 435 
435 435 434 434 457 457 0 0 481 
481 504 504 504 480 527 527 527 527 
0 0 0 0 0 0 0 0 0 
0 21 21 21 21 44 44 44 0 
67 67 67 67 90 90 90 90 113 
113 136 136 136 136 136 0 0 159 
159 159 159 182 182 182 205 205 205 
228 228 228 228 228 251 251 0 0 
274 274 0 0 0 0 297 297 320 
320 320 343 343 343 343 0 0 366 
390 389 389 389 389 412 412 412 0 
0 435 435 435 434 457 457 0 0 
481 481 481 504 504 504 504 504 527 
527 527 0 0 0 0 0 0 0 
0 0 0 0 21 21 21 44 44 
44 0 0 67 67 0 0 90 90 
114 114 113 113 136 136 136 0 0 
0 159 159 159 159 206 206 229 229 
229 205 205 205 228 228 251 251 275 
275 274 274 0 0 0 298 297 297 
297 320 320 320 0 343 0 0 0 
390 390 390 366 366 389 389 389 412 
412 0 0 435 435 459 457 457 458 
0 0 481 481 481 481 0 504 504 
528 528 527 0 0 0 0 0 0 
0 0 0 0 0 45 45 21 21 
68 68 68 0 91 91 91 0 0 
0 114 114 113 113 113 160 160 160 
0 0 183 183 183 159 206 206 206 
229 229 229 205 0 0 252 251 251 
275 275 274 274 0 0 298 298 321 
321 321 297 320 320 320 0 0 0 
0 0 390 390 390 366 0 0 0 
0 436 436 0 0 459 459 459 457 
458 458 0 0 505 481 481 0 0 
0 528 528 0 0 0 0 0 0 
0 0 0 0 22 22 45 45 45 
45 68 68 68 68 68 91 91 91 
0 0 114 114 0 0 137 137 137 
160 160 160 160 183 183 183 230 206 
206 206 229 229 229 0 0 0 252 
252 0 275 275 275 0 0 298 298 
322 321 321 321 321 321 344 344 0 
0 367 367 0 390 390 390 0 0 
0 0 436 436 436 436 436 459 459 
459 458 458 0 0 505 505 505 505 
0 0 528 528 0 0 0 0 0 
0 0 0 0 23 22 22 22 22 
22 45 45 45 45 68 68 68 91 
91 91 91 114 114 0 0 138 137 
137 137 137 160 160 160 183 183 183 
230 206 206 206 0 229 0 0 0 
252 252 252 252 275 275 275 0 298 
298 322 322 0 321 321 321 344 344 
344 0 367 367 367 0 390 391 0 
0 0 0 413 413 436 436 436 436 
459 459 459 458 458 482 482 482 505 
505 505 505 528 528 0 0 0 0 
0 0 0 0 0 23 23 46 22 
22 22 69 69 45 45 0 0 0 
92 92 91 115 114 114 0 0 138 
138 137 137 137 137 160 160 207 183 
183 230 230 230 230 0 0 0 0 
0 0 0 252 252 252 299 275 275 
298 298 322 322 322 0 0 345 345 
344 344 344 0 367 367 367 391 391 
0 0 0 0 413 413 413 413 460 
460 483 459 483 458 458 482 482 482 
482 505 505 505 528 528 0 0 0 
0 0 0 0 0 0 23 23 23 
46 46 46 69 69 69 69 0 0 
0 92 92 115 115 115 114 0 0 
138 138 161 161 184 184 184 184 207 
207 207 207 230 230 230 230 0 0 
0 0 0 0 276 276 252 299 299 
299 298 298 0 322 322 0 0 345 
345 345 344 344 344 0 367 367 391 
391 0 0 0 0 0 413 413 413 
460 460 460 483 483 483 458 458 506 
482 482 482 529 529 529 528 0 0 
0 0 0 0 0 0 0 0 23 
23 0 46 46 46 0 69 69 69 
0 0 92 92 0 115 115 115 0 
0 138 138 161 161 161 161 184 184 
184 184 207 207 207 207 230 0 0 
0 0 0 253 253 276 276 276 299 
299 299 299 299 0 322 322 0 0 
0 345 345 368 368 368 368 0 367 
391 391 0 0 414 414 0 437 437 
437 413 460 460 460 483 483 483 483 
506 506 506 506 482 529 529 529 529 
0 0 0 0 0 0 0 0 0 
0 23 23 0 46 46 46 0 69 
69 0 0 92 92 0 0 115 115 
115 0 138 138 0 0 161 161 161 
161 184 184 184 0 207 207 0 0 
0 0 0 0 253 253 253 253 276 
276 276 276 299 299 0 0 0 0 
0 0 345 345 345 368 368 368 368 
368 391 391 0 0 414 414 0 437 
437 437 437 437 460 460 460 0 483 
483 0 0 506 506 506 506 529 529 
529 0 0 0 0 0 0 0 0 
0 0 0 0 0 0 46 0 0 
0 0 0 0 92 92 0 0 0 
115 0 0 138 138 0 0 0 0 
161 0 0 0 0 0 0 0 0 
0 0 0 0 0 0 0 253 253 
253 253 276 276 0 0 0 0 0 
0 0 0 0 345 0 0 0 368 
368 368 391 391 0 0 0 414 414 
0 0 0 437 437 437 0 0 0 
0 0 0 0 0 0 506 506 0 
0 0 0 0 0 0 0 0 0 
0 0 0 0 0 0 0 0 0 
0 0 0 0 0 0 0 0 0 
0 0 0 0 0 0 0 0 0 
0 0 0 0 0 0 0 0 0 
0 0 0 0 0 0 0 0 0 
0 253 0 0 0 0 0 0 0 
0 0 0 0 0 0 0 0 0 
0 0 0 0 0 0 0 0 414 
414 414 0 0 0 0 0 0 0 
0 0 0 0 0 0 0 0 0 
0 0 0 0 0 0 0 0 0 
0 0 0 0 0 0 0 0 0 
0 0 0 0 0 0 0 0 0 
0 0 0 0 0 0 0 0 0 
0 0 0 0 0 0 0 0 0 
0 0 0 0 0 0 0 0 0 
0 0 0 0 0 0 0 0 0 
0 0 0 0 0 0 0 0 0 
0 0 0 0 0 0 0 0 0 
0 414 414 0 0 0 0 0 0 
0 0 0 0 0 0 0 0 0 
0 0 0 0 0 0 0 0 0 
0 0 0 0 0 0 0 0 0 
0 0 0 0 0 0 0 0 0 
0 0 0 0 0 0 0 0 0 
0 0 0 0 0 0 0 0 0 
0 0 0 0 0 0 0 0 0 
0 0 0 0 0 0 0 0 0 
0 0 0 0 0 0 0 0 0 
0 0 0 0 0 0 0 0 0 
0 0 0 0 0 0 0 0 0 
0 0 0 0 0 0 0 0 0 
0 0 0 0 0 0 0 0 0 
0 0 0 0 0 0 0 0 0 
0 0 0 0 0 0 0 0 0 
0 0 0 0 0 0 0 0 0 
0 0 0 0 0 0 0 0 0 
0 0 0 0 0 0 0 0 0 
0 0 0 0 0 0 0 0 0 
0 0 0 0 0 0 0 0 0 
0 0 0 0 0 0 0 0 0 
0 0 0 0 0 0 0 0 0 
0 0 0 0 0 0 0 0 0 
0 0 0 0 0 0 0 0 0 
0 
DRUG 1 10000 double
0.09948951751 0.09948951751 0.09948951751 0.09948951751 0.09948951751 0.09948951751 0.09948951751 0.09948951751 0.09948951751 
0.09948951751 0.09948951751 0.09948951751 0.09948951751 0.09948951751 0.09948951751 0.09948951751 0.09948951751 0.09948951751 
0.09948951751 0.09948951751 0.09948951751 0.09948951751 0.09948951751 0.09948951751 0.09948951751 0.09948951751 0.09948951751 
0.09948951751 0.09948951751 0.09948951751 0.09948951751 0.09948951751 0.09948951751 0.09948951751 0.09948951751 0.09948951751 
0.09948951751 0.09948951751 0.09948951751 0.09948951751 0.09948951751 0.09948951751 0.09948951751 0.09948951751 0.09948951751 
0.09948951751 0.09948951751 0.09948951751 0.09948951751 0.09948951751 0.09948951751 0.09948951751 0.09948951751 0.09948951751 
0.09948951751 0.09948951751 0.09948951751 0.09948951751 0.09948951751 0.09948951751 0.09948951751 0.09948951751 0.09948951751 
0.09948951751 0.09948951751 0.09948951751 0.09948951751 0.09948951751 0.09948951751 0.09948951751 0.09948951751 0.09948951751 
0.09948951751 0.09948951751 0.09948951751 0.09948951751 0.09948951751 0.09948951751 0.09948951751 0.09948951751 0.09948951751 
0.09948951751 0.09948951751 0.09948951751 0.09948951751 0.09948951751 0.09948951751 0.09948951751 0.09948951751 0.09948951751 
0.09948951751 0.09948951751 0.09948951751 0.09948951751 0.09948951751 0.09948951751 0.09948951751 0.09948951751 0.09948951751 
0.09948951751 0.099891602993 0.099891602993 0.099891602993 0.099891602993 0.099891602993 0.099891602993 0.099891602993 0.099891602993 
0.099891602993 0.099891602993 0.099891602993 0.099891602993 0.099891602993 0.099891602993 0.099891602993 0.099891602993 0.099891602993 
0.099891602993 0.099891602993 0.099891602993 0.099891602993 0.099891602993 0.099891602993 0.099891602993 0.099891602993 0.099891602993 
0.099891602993 0.099891602993 0.099891602993 0.099891602993 0.099891602993 0.099891602993 0.099891602993 0.099891602993 0.099891602993 
0.099891602993 0.099891602993 0.099891602993 0.099891602993 0.099891602993 0.099891602993 0.099891602993 0.099891602993 0.099891602993 
0.099891602993 0.099891602993 0.099891602993 0.099891602993 0.099891602993 0.099891602993 0.099891602993 0.099891602993 0.099891602993 
0.099891602993 0.099891602993 0.099891602993 0.099891602993 0.099891602993 0.099891602993 0.099891602993 0.099891602993 0.099891602993 
0.099891602993 0.099891602993 0.099891602993 0.099891602993 0.099891602993 0.099891602993 0.099891602993 0.099891602993 0.099891602993 
0.099891602993 0.099891602993 0.099891602993 0.099891602993 0.099891602993 0.099891602993 0.099891602993 0.099891602993 0.099891602993 
0.099891602993 0.099891602993 0.099891602993 0.099891602993 0.099891602993 0.099891602993 0.099891602993 0.099891602993 0.099891602993 
0.099891602993 0.099891602993 0.099891602993 0.099891602993 0.099891602993 0.099891602993 0.099891602993 0.099891602993 0.099891602993 
0.099891602993 0.099891602993 0.10069682449 0.10069682449 0.10069682449 0.10069682449 0.10069682449 0.10069682449 0.10069682449 
0.10069682449 0.10069682449 0.10069682449 0.10069682449 0.10069682449 0.10069682449 0.10069682449 0.10069682449 0.10069682449 
0.10069682449 0.10069682449 0.10069682449 0.10069682449 0.10069682449 0.10069682449 0.10069682449 0.10069682449 0.10069682449 
0.10069682449 0.10069682449 0.10069682449 0.10069682449 0.10069682449 0.10069682449 0.10069682449 0.10069682449 0.10069682449 
0.10069682449 0.10069682449 0.10069682449 0.10069682449 0.10069682449 0.10069682449 0.10069682449 0.10069682449 0.10069682449 
0.10069682449 0.10069682449 0.10069682449 0.10069682449 0.10069682449 0.10069682449 0.10069682449 0.10069682449 0.10069682449 
0.10069682449 0.10069682449 0.10069682449 0.10069682449 0.10069682449 0.10069682449 0.10069682449 0.10069682449 0.10069682449 
0.10069682449 0.10069682449 0.10069682449 0.10069682449 0.10069682449 0.10069682449 0.10069682449 0.10069682449 0.10069682449 
0.10069682449 0.10069682449 0.10069682449 0.10069682449 0.10069682449 0.10069682449 0.10069682449 0.10069682449 0.10069682449 
0.10069682449 0.10069682449 0.10069682449 0.10069682449 0.10069682449 0.10069682449 0.10069682449 0.10069682449 0.10069682449 
0.10069682449 0.10069682449 0.10069682449 0.10069682449 0.10069682449 0.10069682449 0.10069682449 0.10069682449 0.10069682449 
0.10069682449 0.10069682449 0.10069682449 0.10190729052 0.10190729052 0.10190729052 0.10190729052 0.10190729052 0.10190729052 
0.10190729052 0.10190729052 0.10190729052 0.10190729052 0.10190729052 0.10190729052 0.10190729052 0.10190729052 0.10190729052 
0.10190729052 0.10190729052 0.10190729052 0.10190729052 0.10190729052 0.10190729052 0.10190729052 0.10190729052 0.10190729052 
0.10190729052 0.10190729052 0.10190729052 0.10190729052 0.10190729052 0.10190729052 0.10190729052 0.10190729052 0.10190729052 
0.10190729052 0.10190729052 0.10190729052 0.10190729052 0.10190729052 0.10190729052 0.10190729052 0.10190729052 0.10190729052 
0.10190729052 0.10190729052 0.10190729052 0.10190729052 0.10190729052 0.10190729052 0.10190729052 0.10190729052 0.10190729052 
0.10190729052 0.10190729052 0.10190729052 0.10190729052 0.10190729052 0.10190729052 0.10190729052 0.10190729052 0.10190729052 
0.10190729052 0.10190729052 0.10190729052 0.10190729052 0.10190729052 0.10190729052 0.10190729052 0.10190729052 0.10190729052 
0.10190729052 0.10190729052 0.10190729052 0.10190729052 0.10190729052 0.10190729052 0.10190729052 0.10190729052 0.10190729052 
0.10190729052 0.10190729052 0.10190729052 0.10190729052 0.10190729052 0.10190729052 0.10190729052 0.10190729052 0.10190729052 
0.10190729052 0.10190729052 0.10190729052 0.10190729052 0.10190729052 0.10190729052 0.10190729052 0.10190729052 0.10190729052 
0.10190729052 0.10190729052 0.10190729052 0.10190729052 0.10352615267 0.10352615267 0.10352615267 0.10352615267 0.10352615267 
0.10352615267 0.10352615267 0.10352615267 0.10352615267 0.10352615267 0.10352615267 0.10352615267 0.10352615267 0.10352615267 
0.10352615267 0.10352615267 0.10352615267 0.10352615267 0.10352615267 0.10352615267 0.10352615267 0.10352615267 0.10352615267 
0.10352615267 0.10352615267 0.10352615267 0.10352615267 0.10352615267 0.10352615267 0.10352615267 0.10352615267 0.10352615267 
0.10352615267 0.10352615267 0.10352615267 0.10352615267 0.10352615267 0.10352615267 0.10352615267 0.10352615267 0.10352615267 
0.10352615267 0.10352615267 0.10352615267 0.10352615267 0.10352615267 0.10352615267 0.10352615267 0.10352615267 0.10352615267 
0.10352615267 0.10352615267 0.10352615267 0.10352615267 0.10352615267 0.10352615267 0.10352615267 0.10352615267 0.10352615267 
0.10352615267 0.10352615267 0.10352615267 0.10352615267 0.10352615267 0.10352615267 0.10352615267 0.10352615267 0.10352615267 
0.10352615267 0.10352615267 0.10352615267 0.10352615267 0.10352615267 0.10352615267 0.10352615267 0.10352615267 0.10352615267 
0.10352615267 0.10352615267 0.10352615267 0.10352615267 0.10352615267 0.10352615267 0.10352615267 0.10352615267 0.10352615267 
0.10352615267 0.10352615267 0.10352615267 0.10352615267 0.10352615267 0.10352615267 0.10352615267 0.10352615267 0.10352615267 
0.10352615267 0.10352615267 0.10352615267 0.10352615267 0.10352615267 0.10555762798 0.10555762798 0.10555762798 0.10555762798 
0.10555762798 0.10555762798 0.10555762798 0.10555762798 0.10555762798 0.10555762798 0.10555762798 0.10555762798 0.10555762798 
0.10555762798 0.10555762798 0.10555762798 0.10555762798 0.10555762798 0.10555762798 0.10555762798 0.10555762798 0.10555762798 
0.10555762798 0.10555762798 0.10555762798 0.10555762798 0.10555762798 0.10555762798 0.10555762798 0.10555762798 0.10555762798 
0.10555762798 0.10555762798 0.10555762798 0.10555762798 0.10555762798 0.10555762798 0.10555762798 0.10555762798 0.10555762798 
0.10555762798 0.10555762798 0.10555762798 0.10555762798 0.10555762798 0.10555762798 0.10555762798 0.10555762798 0.10555762798 
0.10555762798 0.10555762798 0.10555762798 0.10555762798 0.10555762798 0.10555762798 0.10555762798 0.10555762798 0.10555762798 
0.10555762798 0.10555762798 0.10555762798 0.10555762798 0.10555762798 0.10555762798 0.10555762798 0.10555762798 0.10555762798 
0.10555762798 0.10555762798 0.10555762798 0.10555762798 0.10555762798 0.10555762798 0.10555762798 0.10555762798 0.10555762798 
0.10555762798 0.10555762798 0.10555762798 0.10555762798 0.10555762798 0.10555762798 0.10555762798 0.10555762798 0.10555762798 
0.10555762798 0.10555762798 0.10555762798 0.10555762798 0.10555762798 0.10555762798 0.10555762798 0.10555762798 0.10555762798 
0.10555762798 0.10555762798 0.10555762798 0.10555762798 0.10555762798 0.10555762798 0.10800702125 0.10800702125 0.10800702125 
0.10800702125 0.10800702125 0.10800702125 0.10800702125 0.10800702125 0.10800702125 0.10800702125 0.10800702125 0.10800702125 
0.10800702125 0.10800702125 0.10800702125 0.10800702125 0.10800702125 0.10800702125 0.10800702125 0.10800702125 0.10800702125 
0.10800702125 0.10800702125 0.10800702125 0.10800702125 0.10800702125 0.10800702125 0.10800702125 0.10800702125 0.10800702125 
0.10800702125 0.10800702125 0.10800702125 0.10800702125 0.10800702125 0.10800702125 0.10800702125 0.10800702125 0.10800702125 
0.10800702125 0.10800702125 0.10800702125 0.10800702125 0.10800702125 0.10800702125 0.10800702125 0.10800702125 0.10800702125 
0.10800702125 0.10800702125 0.10800702125 0.10800702125 0.10800702125 0.10800702125 0.10800702125 0.10800702125 0.10800702125 
0.10800702125 0.10800702125 0.10800702125 0.10800702125 0.10800702125 0.10800702125 0.10800702125 0.10800702125 0.10800702125 
0.10800702125 0.10800702125 0.10800702125 0.10800702125 0.10800702125 0.10800702125 0.10800702125 0.10800702125 0.10800702125 
0.10800702125 0.10800702125 0.10800702125 0.10800702125 0.10800702125 0.10800702125 0.10800702125 0.10800702125 0.10800702125 
0.10800702125 0.10800702125 0.10800702125 0.10800702125 0.10800702125 0.10800702125 0.10800702125 0.10800702125 0.10800702125 
0.10800702125 0.10800702125 0.10800702125 0.10800702125 0.10800702125 0.10800702125 0.10800702125 0.11088066548 0.11088066548 
0.11088066548 0.11088066548 0.11088066548 0.11088066548 0.11088066548 0.11088066548 0.11088066548 0.11088066548 0.11088066548 
0.11088066548 0.11088066548 0.11088066548 0.11088066548 0.11088066548 0.11088066548 0.11088066548 0.11088066548 0.11088066548 
0.11088066548 0.11088066548 0.11088066548 0.11088066548 0.11088066548 0.11088066548 0.11088066548 0.11088066548 0.11088066548 
0.11088066548 0.11088066548 0.11088066548 0.11088066548 0.11088066548 0.11088066548 0.11088066548 0.11088066548 0.11088066548 
0.11088066548 0.11088066548 0.11088066548 0.11088066548 0.11088066548 0.11088066548 0.11088066548 0.11088066548 0.11088066548 
0.11088066548 0.11088066548 0.11088066548 0.11088066548 0.11088066548 0.11088066548 0.11088066548 0.11088066548 0.11088066548 
0.11088066548 0.11088066548 0.11088066548 0.11088066548 0.11088066548 0.11088066548 0.11088066548 0.11088066548 0.11088066548 
0.11088066548 0.11088066548 0.11088066548 0.11088066548 0.11088066548 0.11088066548 0.11088066548 0.11088066548 0.11088066548 
0.11088066548 0.11088066548 0.11088066548 0.11088066548 0.11088066548 0.11088066548 0.11088066548 0.11088066548 0.11088066548 
0.11088066548 0.11088066548 0.11088066548 0.11088066548 0.11088066548 0.11088066548 0.11088066548 0.11088066548 0.11088066548 
0.11088066548 0.11088066548 0.11088066548 0.11088066548 0.11088066548 0.11088066548 0.11088066548 0.11088066548 0.11418602616 
0.11418602616 0.11418602616 0.11418602616 0.11418602616 0.11418602616 0.11418602616 0.11418602616 0.11418602616 0.11418602616 
0.11418602616 0.11418602616 0.11418602616 0.11418602616 0.11418602616 0.11418602616 0.11418602616 0.11418602616 0.11418602616 
0.11418602616 0.11418602616 0.11418602616 0.11418602616 0.11418602616 0.11418602616 0.11418602616 0.11418602616 0.11418602616 
0.11418602616 0.11418602616 0.11418602616 0.11418602616 0.11418602616 0.11418602616 0.11418602616 0.11418602616 0.11418602616 
0.11418602616 0.11418602616 0.11418602616 0.11418602616 0.11418602616 0.11418602616 0.11418602616 0.11418602616 0.11418602616 
0.11418602616 0.11418602616 0.11418602616 0.11418602616 0.11418602616 0.11418602616 0.11418602616 0.11418602616 0.11418602616 
0.11418602616 0.11418602616 0.11418602616 0.11418602616 0.11418602616 0.11418602616 0.11418602616 0.11418602616 0.11418602616 
0.11418602616 0.11418602616 0.11418602616 0.11418602616 0.11418602616 0.11418602616 0.11418602616 0.11418602616 0.11418602616 
0.11418602616 0.11418602616 0.11418602616 0.11418602616 0.11418602616 0.11418602616 0.11418602616 0.11418602616 0.11418602616 
0.11418602616 0.11418602616 0.11418602616 0.11418602616 0.11418602616 0.11418602616 0.11418602616 0.11418602616 0.11418602616 
0.11418602616 0.11418602616 0.11418602616 0.11418602616 0.11418602616 0.11418602616 0.11418602616 0.11418602616 0.11418602616 
0.11793162674 0.11793162674 0.11793162674 0.11793162674 0.11793162674 0.11793162674 0.11793162674 0.11793162674 0.11793162674 
0.11793162674 0.11793162674 0.11793162674 0.11793162674 0.11793162674 0.11793162674 0.11793162674 0.11793162674 0.11793162674 
0.11793162674 0.11793162674 0.11793162674 0.11793162674 0.11793162674 0.11793162674 0.11793162674 0.11793162674 0.11793162674 
0.11793162674 0.11793162674 0.11793162674 0.11793162674 0.11793162674 0.11793162674 0.11793162674 0.11793162674 0.11793162674 
0.11793162674 0.11793162674 0.11793162674 0.11793162674 0.11793162674 0.11793162674 0.11793162674 0.11793162674 0.11793162674 
0.11793162674 0.11793162674 0.11793162674 0.11793162674 0.11793162674 0.11793162674 0.11793162674 0.11793162674 0.11793162674 
0.11793162674 0.11793162674 0.11793162674 0.11793162674 0.11793162674 0.11793162674 0.11793162674 0.11793162674 0.11793162674 
0.11793162674 0.11793162674 0.11793162674 0.11793162674 0.11793162674 0.11793162674 0.11793162674 0.11793162674 0.11793162674 
0.11793162674 0.11793162674 0.11793162674 0.11793162674 0.11793162674 0.11793162674 0.11793162674 0.11793162674 0.11793162674 
0.11793162674 0.11793162674 0.11793162674 0.11793162674 0.11793162674 0.11793162674 0.11793162674 0.11793162674 0.11793162674 
0.11793162674 0.11793162674 0.11793162674 0.11793162674 0.11793162674 0.11793162674 0.11793162674 0.11793162674 0.11793162674 
0.11793162674 0.12212713063 0.12212713063 0.12212713063 0.12212713063 0.12212713063 0.12212713063 0.12212713063 0.12212713063 
0.12212713063 0.12212713063 0.12212713063 0.12212713063 0.12212713063 0.12212713063 0.12212713063 0.12212713063 0.12212713063 
0.12212713063 0.12212713063 0.12212713063 0.12212713063 0.12212713063 0.12212713063 0.12212713063 0.12212713063 0.12212713063 
0.12212713063 0.12212713063 0.12212713063 0.12212713063 0.12212713063 0.12212713063 0.12212713063 0.12212713063 0.12212713063 
0.12212713063 0.12212713063 0.12212713063 0.12212713063 0.12212713063 0.12212713063 0.12212713063 0.12212713063 0.12212713063 
0.12212713063 0.12212713063 0.12212713063 0.12212713063 0.12212713063 0.12212713063 0.12212713063 0.12212713063 0.12212713063 
0.12212713063 0.12212713063 0.12212713063 0.12212713063 0.12212713063 0.12212713063 0.12212713063 0.12212713063 0.12212713063 
0.12212713063 0.12212713063 0.12212713063 0.12212713063 0.12212713063 0.12212713063 0.12212713063 0.12212713063 0.12212713063 
0.12212713063 0.12212713063 0.12212713063 0.12212713063 0.12212713063 0.12212713063 0.12212713063 0.12212713063 0.12212713063 
0.12212713063 0.12212713063 0.12212713063 0.12212713063 0.12212713063 0.12212713063 0.12212713063 0.12212713063 0.12212713063 
0.12212713063 0.12212713063 0.12212713063 0.12212713063 0.12212713063 0.12212713063 0.12212713063 0.12212713063 0.12212713063 
0.12212713063 0.12212713063 0.12678331137 0.12678331137 0.12678331137 0.12678331137 0.12678331137 0.12678331137 0.12678331137 
0.12678331137 0.12678331137 0.12678331137 0.12678331137 0.12678331137 0.12678331137 0.12678331137 0.12678331137 0.12678331137 
0.12678331137 0.12678331137 0.12678331137 0.12678331137 0.12678331137 0.12678331137 0.12678331137 0.12678331137 0.12678331137 
0.12678331137 0.12678331137 0.12678331137 0.12678331137 0.12678331137 0.12678331137 0.12678331137 0.12678331137 0.12678331137 
0.12678331137 0.12678331137 0.12678331137 0.12678331137 0.12678331137 0.12678331137 0.12678331137 0.12678331137 0.12678331137 
0.12678331137 0.12678331137 0.12678331137 0.12678331137 0.12678331137 0.12678331137 0.12678331137 0.12678331137 0.12678331137 
0.12678331137 0.12678331137 0.12678331137 0.12678331137 0.12678331137 0.12678331137 0.12678331137 0.12678331137 0.12678331137 
0.12678331137 0.12678331137 0.12678331137 0.12678331137 0.12678331137 0.12678331137 0.12678331137 0.12678331137 0.12678331137 
0.12678331137 0.12678331137 0.12678331137 0.12678331137 0.12678331137 0.12678331137 0.12678331137 0.12678331137 0.12678331137 
0.12678331137 0.12678331137 0.12678331137 0.12678331137 0.12678331137 0.12678331137 0.12678331137 0.12678331137 0.12678331137 
0.12678331137 0.12678331137 0.12678331137 0.12678331137 0.12678331137 0.12678331137 0.12678331137 0.12678331137 0.12678331137 
0.12678331137 0.12678331137 0.12678331137 0.13191205263 0.13191205263 0.13191205263 0.13191205263 0.13191205263 0.13191205263 
0.13191205263 0.13191205263 0.13191205263 0.13191205263 0.13191205263 0.13191205263 0.13191205263 0.13191205263 0.13191205263 
0.13191205263 0.13191205263 0.13191205263 0.13191205263 0.13191205263 0.13191205263 0.13191205263 0.13191205263 0.13191205263 
0.13191205263 0.13191205263 0.13191205263 0.13191205263 0.13191205263 0.13191205263 0.13191205263 0.13191205263 0.13191205263 
0.13191205263 0.13191205263 0.13191205263 0.13191205263 0.13191205263 0.13191205263 0.13191205263 0.13191205263 0.13191205263 
0.13191205263 0.13191205263 0.13191205263 0.13191205263 0.13191205263 0.13191205263 0.13191205263 0.13191205263 0.13191205263 
0.13191205263 0.13191205263 0.13191205263 0.13191205263 0.13191205263 0.13191205263 0.13191205263 0.13191205263 0.13191205263 
0.13191205263 0.13191205263 0.13191205263 0.13191205263 0.13191205263 0.13191205263 0.13191205263 0.13191205263 0.13191205263 
0.13191205263 0.13191205263 0.13191205263 0.13191205263 0.13191205263 0.13191205263 0.13191205263 0.13191205263 0.13191205263 
0.13191205263 0.13191205263 0.13191205263 0.13191205263 0.13191205263 0.13191205263 0.13191205263 0.13191205263 0.13191205263 
0.13191205263 0.13191205263 0.13191205263 0.13191205263 0.13191205263 0.13191205263 0.13191205263 0.13191205263 0.13191205263 
0.13191205263 0.13191205263 0.13191205263 0.13191205263 0.13752643764 0.13752643764 0.13752643764 0.13752643764 0.13752643764 
0.13752643764 0.13752643764 0.13752643764 0.13752643764 0.13752643764 0.13752643764 0.13752643764 0.13752643764 0.13752643764 
0.13752643764 0.13752643764 0.13752643764 0.13752643764 0.13752643764 0.13752643764 0.13752643764 0.13752643764 0.13752643764 
0.13752643764 0.13752643764 0.13752643764 0.13752643764 0.13752643764 0.13752643764 0.13752643764 0.13752643764 0.13752643764 
0.13752643764 0.13752643764 0.13752643764 0.13752643764 0.13752643764 0.13752643764 0.13752643764 0.13752643764 0.13752643764 
0.13752643764 0.13752643764 0.13752643764 0.13752643764 0.13752643764 0.13752643764 0.13752643764 0.13752643764 0.13752643764 
0.13752643764 0.13752643764 0.13752643764 0.13752643764 0.13752643764 0.13752643764 0.13752643764 0.13752643764 0.13752643764 
0.13752643764 0.13752643764 0.13752643764 0.13752643764 0.13752643764 0.13752643764 0.13752643764 0.13752643764 0.13752643764 
0.13752643764 0.13752643764 0.13752643764 0.13752643764 0.13752643764 0.13752643764 0.13752643764 0.13752643764 0.13752643764 
0.13752643764 0.13752643764 0.13752643764 0.13752643764 0.13752643764 0.13752643764 0.13752643764 0.13752643764 0.13752643764 
0.13752643764 0.13752643764 0.13752643764 0.13752643764 0.13752643764 0.13752643764 0.13752643764 0.13752643764 0.13752643764 
0.13752643764 0.13752643764 0.13752643764 0.13752643764 0.13752643764 0.1436406821 0.1436406821 0.1436406821 0.1436406821 
0.1436406821 0.1436406821 0.1436406821 0.1436406821 0.1436406821 0.1436406821 0.1436406821 0.1436406821 0.1436406821 
0.1436406821 0.1436406821 0.1436406821 0.1436406821 0.1436406821 0.1436406821 0.1436406821 0.1436406821 0.1436406821 
0.1436406821 0.1436406821 0.1436406821 0.1436406821 0.1436406821 0.1436406821 0.1436406821 0.1436406821 0.1436406821 
0.1436406821 0.1436406821 0.1436406821 0.1436406821 0.1436406821 0.1436406821 0.1436406821 0.1436406821 0.1436406821 
0.1436406821 0.1436406821 0.1436406821 0.1436406821 0.1436406821 0.1436406821 0.1436406821 0.1436406821 0.1436406821 
0.1436406821 0.1436406821 0.1436406821 0.1436406821 0.1436406821 0.1436406821 0.1436406821 0.1436406821 0.1436406821 
0.1436406821 0.1436406821 0.1436406821 0.1436406821 0.1436406821 0.1436406821 0.1436406821 0.1436406821 0.1436406821 
0.1436406821 0.1436406821 0.1436406821 0.1436406821 0.1436406821 0.1436406821 0.1436406821 0.1436406821 0.1436406821 
0.1436406821 0.1436406821 0.1436406821 0.1436406821 0.1436406821 0.1436406821 0.1436406821 0.1436406821 0.1436406821 
0.1436406821 0.1436406821 0.1436406821 0.1436406821 0.1436406821 0.1436406821 0.1436406821 0.1436406821 0.1436406821 
0.1436406821 0.1436406821 0.1436406821 0.1436406821 0.1436406821 0.1436406821 0.15027020872 0.15027020872 0.15027020872 
0.15027020872 0.15027020872 0.15027020872 0.15027020872 0.15027020872 0.15027020872 0.15027020872 0.15027020872 0.15027020872 
0.15027020872 0.15027020872 0.15027020872 0.15027020872 0.15027020872 0.15027020872 0.15027020872 0.15027020872 0.15027020872 
0.15027020872 0.15027020872 0.15027020872 0.15027020872 0.15027020872 0.15027020872 0.15027020872 0.15027020872 0.15027020872 
0.15027020872 0.15027020872 0.15027020872 0.15027020872 0.15027020872 0.15027020872 0.15027020872 0.15027020872 0.15027020872 
0.15027020872 0.15027020872 0.15027020872 0.15027020872 0.15027020872 0.15027020872 0.15027020872 0.15027020872 0.15027020872 
0.15027020872 0.15027020872 0.15027020872 0.15027020872 0.15027020872 0.15027020872 0.15027020872 0.15027020872 0.15027020872 
0.15027020872 0.15027020872 0.15027020872 0.15027020872 0.15027020872 0.15027020872 0.15027020872 0.15027020872 0.15027020872 
0.15027020872 0.15027020872 0.15027020872 0.15027020872 0.15027020872 0.15027020872 0.15027020872 0.15027020872 0.15027020872 
0.15027020872 0.15027020872 0.15027020872 0.15027020872 0.15027020872 0.15027020872 0.15027020872 0.15027020872 0.15027020872 
0.15027020872 0.15027020872 0.15027020872 0.15027020872 0.15027020872 0.15027020872 0.15027020872 0.15027020872 0.15027020872 
0.15027020872 0.15027020872 0.15027020872 0.15027020872 0.15027020872 0.15027020872 0.15027020872 0.15743170679 0.15743170679 
0.15743170679 0.15743170679 0.15743170679 0.15743170679 0.15743170679 0.15743170679 0.15743170679 0.15743170679 0.15743170679 
0.15743170679 0.15743170679 0.15743170679 0.15743170679 0.15743170679 0.15743170679 0.15743170679 0.15743170679 0.15743170679 
0.15743170679 0.15743170679 0.15743170679 0.15743170679 0.15743170679 0.15743170679 0.15743170679 0.15743170679 0.15743170679 
0.15743170679 0.15743170679 0.15743170679 0.15743170679 0.15743170679 0.15743170679 0.15743170679 0.15743170679 0.15743170679 
0.15743170679 0.15743170679 0.15743170679 0.15743170679 0.15743170679 0.15743170679 0.15743170679 0.15743170679 0.15743170679 
0.15743170679 0.15743170679 0.15743170679 0.15743170679 0.15743170679 0.15743170679 0.15743170679 0.15743170679 0.15743170679 
0.15743170679 0.15743170679 0.15743170679 0.15743170679 0.15743170679 0.15743170679 0.15743170679 0.15743170679 0.15743170679 
0.15743170679 0.15743170679 0.15743170679 0.15743170679 0.15743170679 0.15743170679 0.15743170679 0.15743170679 0.15743170679 
0.15743170679 0.15743170679 0.15743170679 0.15743170679 0.15743170679 0.15743170679 0.15743170679 0.15743170679 0.15743170679 
0.15743170679 0.15743170679 0.15743170679 0.15743170679 0.15743170679 0.15743170679 0.15743170679 0.15743170679 0.15743170679 
0.15743170679 0.15743170679 0.15743170679 0.15743170679 0.15743170679 0.15743170679 0.15743170679 0.15743170679 0.16514310241 
0.16514310241 0.16514310241 0.16514310241 0.16514310241 0.16514310241 0.16514310241 0.16514310241 0.16514310241 0.16514310241 
0.16514310241 0.16514310241 0.16514310241 0.16514310241 0.16514310241 0.16514310241 0.16514310241 0.16514310241 0.16514310241 
0.16514310241 0.16514310241 0.16514310241 0.16514310241 0.16514310241 0.16514310241 0.16514310241 0.16514310241 0.16514310241 
0.16514310241 0.16514310241 0.16514310241 0.16514310241 0.16514310241 0.16514310241 0.16514310241 0.16514310241 0.16514310241 
0.16514310241 0.16514310241 0.16514310241 0.16514310241 0.16514310241 0.16514310241 0.16514310241 0.16514310241 0.16514310241 
0.16514310241 0.16514310241 0.16514310241 0.16514310241 0.16514310241 0.16514310241 0.16514310241 0.16514310241 0.16514310241 
0.16514310241 0.16514310241 0.16514310241 0.16514310241 0.16514310241 0.16514310241 0.16514310241 0.16514310241 0.16514310241 
0.16514310241 0.16514310241 0.16514310241 0.16514310241 0.16514310241 0.16514310241 0.16514310241 0.16514310241 0.16514310241 
0.16514310241 0.16514310241 0.16514310241 0.16514310241 0.16514310241 0.16514310241 0.16514310241 0.16514310241 0.16514310241 
0.16514310241 0.16514310241 0.16514310241 0.16514310241 0.16514310241 0.16514310241 0.16514310241 0.16514310241 0.16514310241 
0.16514310241 0.16514310241 0.16514310241 0.16514310241 0.16514310241 0.16514310241 0.16514310241 0.16514310241 0.16514310241 
0.17342349887 0.17342349887 0.17342349887 0.17342349887 0.17342349887 0.17342349887 0.17342349887 0.17342349887 0.17342349887 
0.17342349887 0.17342349887 0.17342349887 0.17342349887 0.17342349887 0.17342349887 0.17342349887 0.17342349887 0.17342349887 
0.17342349887 0.17342349887 0.17342349887 0.17342349887 0.17342349887 0.17342349887 0.17342349887 0.17342349887 0.17342349887 
0.17342349887 0.17342349887 0.17342349887 0.17342349887 0.17342349887 0.17342349887 0.17342349887 0.17342349887 0.17342349887 
0.17342349887 0.17342349887 0.17342349887 0.17342349887 0.17342349887 0.17342349887 0.17342349887 0.17342349887 0.17342349887 
0.17342349887 0.17342349887 0.17342349887 0.17342349887 0.17342349887 0.17342349887 0.17342349887 0.17342349887 0.17342349887 
0.17342349887 0.17342349887 0.17342349887 0.17342349887 0.17342349887 0.17342349887 0.17342349887 0.17342349887 0.17342349887 
0.17342349887 0.17342349887 0.17342349887 0.17342349887 0.17342349887 0.17342349887 0.17342349887 0.17342349887 0.17342349887 
0.17342349887 0.17342349887 0.17342349887 0.17342349887 0.17342349887 0.17342349887 0.17342349887 0.17342349887 0.17342349887 
0.17342349887 0.17342349887 0.17342349887 0.17342349887 0.17342349887 0.17342349887 0.17342349887 0.17342349887 0.17342349887 
0.17342349887 0.17342349887 0.17342349887 0.17342349887 0.17342349887 0.17342349887 0.17342349887 0.17342349887 0.17342349887 
0.17342349887 0.18229338527 0.18229338527 0.18229338527 0.18229338527 0.18229338527 0.18229338527 0.18229338527 0.18229338527 
0.18229338527 0.18229338527 0.18229338527 0.18229338527 0.18229338527 0.18229338527 0.18229338527 0.18229338527 0.18229338527 
0.18229338527 0.18229338527 0.18229338527 0.18229338527 0.18229338527 0.18229338527 0.18229338527 0.18229338527 0.18229338527 
0.18229338527 0.18229338527 0.18229338527 0.18229338527 0.18229338527 0.18229338527 0.18229338527 0.18229338527 0.18229338527 
0.18229338527 0.18229338527 0.18229338527 0.18229338527 0.18229338527 0.18229338527 0.18229338527 0.18229338527 0.18229338527 
0.18229338527 0.18229338527 0.18229338527 0.18229338527 0.18229338527 0.18229338527 0.18229338527 0.18229338527 0.18229338527 
0.18229338527 0.18229338527 0.18229338527 0.18229338527 0.18229338527 0.18229338527 0.18229338527 0.18229338527 0.18229338527 
0.18229338527 0.18229338527 0.18229338527 0.18229338527 0.18229338527 0.18229338527 0.18229338527 0.18229338527 0.18229338527 
0.18229338527 0.18229338527 0.18229338527 0.18229338527 0.18229338527 0.18229338527 0.18229338527 0.18229338527 0.18229338527 
0.18229338527 0.18229338527 0.18229338527 0.18229338527 0.18229338527 0.18229338527 0.18229338527 0.18229338527 0.18229338527 
0.18229338527 0.18229338527 0.18229338527 0.18229338527 0.18229338527 0.18229338527 0.18229338527 0.18229338527 0.18229338527 
0.18229338527 0.18229338527 0.1917745918 0.1917745918 0.1917745918 0.1917745918 0.1917745918 0.1917745918 0.1917745918 
0.1917745918 0.1917745918 0.1917745918 0.1917745918 0.1917745918 0.1917745918 0.1917745918 0.1917745918 0.1917745918 
0.1917745918 0.1917745918 0.1917745918 0.1917745918 0.1917745918 0.1917745918 0.1917745918 0.1917745918 0.1917745918 
0.1917745918 0.1917745918 0.1917745918 0.1917745918 0.1917745918 0.1917745918 0.1917745918 0.1917745918 0.1917745918 
0.1917745918 0.1917745918 0.1917745918 0.1917745918 0.1917745918 0.1917745918 0.1917745918 0.1917745918 0.1917745918 
0.1917745918 0.1917745918 0.1917745918 0.1917745918 0.1917745918 0.1917745918 0.1917745918 0.1917745918 0.1917745918 
0.1917745918 0.1917745918 0.1917745918 0.1917745918 0.1917745918 0.1917745918 0.1917745918 0.1917745918 0.1917745918 
0.1917745918 0.1917745918 0.1917745918 0.1917745918 0.1917745918 0.1917745918 0.1917745918 0.1917745918 0.1917745918 
0.1917745918 0.1917745918 0.1917745918 0.1917745918 0.1917745918 0.1917745918 0.1917745918 0.1917745918 0.1917745918 
0.1917745918 0.1917745918 0.1917745918 0.1917745918 0.1917745918 0.1917745918 0.1917745918 0.1917745918 0.1917745918 
0.1917745918 0.1917745918 0.1917745918 0.1917745918 0.1917745918 0.1917745918 0.1917745918 0.1917745918 0.1917745918 
0.1917745918 0.1917745918 0.1917745918 0.20189030468 0.20189030468 0.20189030468 0.20189030468 0.20189030468 0.20189030468 
0.20189030468 0.20189030468 0.20189030468 0.20189030468 0.20189030468 0.20189030468 0.20189030468 0.20189030468 0.20189030468 
0.20189030468 0.20189030468 0.20189030468 0.20189030468 0.20189030468 0.20189030468 0.20189030468 0.20189030468 0.20189030468 
0.20189030468 0.20189030468 0.20189030468 0.20189030468 0.20189030468 0.20189030468 0.20189030468 0.20189030468 0.20189030468 
0.20189030468 0.20189030468 0.20189030468 0.20189030468 0.20189030468 0.20189030468 0.20189030468 0.20189030468 0.20189030468 
0.20189030468 0.20189030468 0.20189030468 0.20189030468 0.20189030468 0.20189030468 0.20189030468 0.20189030468 0.20189030468 
0.20189030468 0.20189030468 0.20189030468 0.20189030468 0.20189030468 0.20189030468 0.20189030468 0.20189030468 0.20189030468 
0.20189030468 0.20189030468 0.20189030468 0.20189030468 0.20189030468 0.20189030468 0.20189030468 0.20189030468 0.20189030468 
0.20189030468 0.20189030468 0.20189030468 0.20189030468 0.20189030468 0.20189030468 0.20189030468 0.20189030468 0.20189030468 
0.20189030468 0.20189030468 0.20189030468 0.20189030468 0.20189030468 0.20189030468 0.20189030468 0.20189030468 0.20189030468 
0.20189030468 0.20189030468 0.20189030468 0.20189030468 0.20189030468 0.20189030468 0.20189030468 0.20189030468 0.20189030468 
0.20189030468 0.20189030468 0.20189030468 0.20189030468 0.21266503632 0.21266503632 0.21266503632 0.21266503632 0.21266503632 
0.21266503632 0.21266503632 0.21266503632 0.21266503632 0.21266503632 0.21266503632 0.21266503632 0.21266503632 0.21266503632 
0.21266503632 0.21266503632 0.21266503632 0.21266503632 0.21266503632 0.21266503632 0.21266503632 0.21266503632 0.21266503632 
0.21266503632 0.21266503632 0.21266503632 0.21266503632 0.21266503632 0.21266503632 0.21266503632 0.21266503632 0.21266503632 
0.21266503632 0.21266503632 0.21266503632 0.21266503632 0.21266503632 0.21266503632 0.21266503632 0.21266503632 0.21266503632 
0.21266503632 0.21266503632 0.21266503632 0.21266503632 0.21266503632 0.21266503632 0.21266503632 0.21266503632 0.21266503632 
0.21266503632 0.21266503632 0.21266503632 0.21266503632 0.21266503632 0.21266503632 0.21266503632 0.21266503632 0.21266503632 
0.21266503632 0.21266503632 0.21266503632 0.21266503632 0.21266503632 0.21266503632 0.21266503632 0.21266503632 0.21266503632 
0.21266503632 0.21266503632 0.21266503632 0.21266503632 0.21266503632 0.21266503632 0.21266503632 0.21266503632 0.21266503632 
0.21266503632 0.21266503632 0.21266503632 0.21266503632 0.21266503632 0.21266503632 0.21266503632 0.21266503632 0.21266503632 
0.21266503632 0.21266503632 0.21266503632 0.21266503632 0.21266503632 0.21266503632 0.21266503632 0.21266503632 0.21266503632 
0.21266503632 0.21266503632 0.21266503632 0.21266503632 0.21266503632 0.22412484884 0.22412484884 0.22412484884 0.22412484884 
0.22412484884 0.22412484884 0.22412484884 0.22412484884 0.22412484884 0.22412484884 0.22412484884 0.22412484884 0.22412484884 
0.22412484884 0.22412484884 0.22412484884 0.22412484884 0.22412484884 0.22412484884 0.22412484884 0.22412484884 0.22412484884 
0.22412484884 0.22412484884 0.22412484884 0.22412484884 0.22412484884 0.22412484884 0.22412484884 0.22412484884 0.22412484884 
0.22412484884 0.22412484884 0.22412484884 0.22412484884 0.22412484884 0.22412484884 0.22412484884 0.22412484884 0.22412484884 
0.22412484884 0.22412484884 0.22412484884 0.22412484884 0.22412484884 0.22412484884 0.22412484884 0.22412484884 0.22412484884 
0.22412484884 0.22412484884 0.22412484884 0.22412484884 0.22412484884 0.22412484884 0.22412484884 0.22412484884 0.22412484884 
0.22412484884 0.22412484884 0.22412484884 0.22412484884 0.22412484884 0.22412484884 0.22412484884 0.22412484884 0.22412484884 
0.22412484884 0.22412484884 0.22412484884 0.22412484884 0.22412484884 0.22412484884 0.22412484884 0.22412484884 0.22412484884 
0.22412484884 0.22412484884 0.22412484884 0.22412484884 0.22412484884 0.22412484884 0.22412484884 0.22412484884 0.22412484884 
0.22412484884 0.22412484884 0.22412484884 0.22412484884 0.22412484884 0.22412484884 0.22412484884 0.22412484884 0.22412484884 
0.22412484884 0.22412484884 0.22412484884 0.22412484884 0.22412484884 0.22412484884 0.23629717529 0.23629717529 0.23629717529 
0.23629717529 0.23629717529 0.23629717529 0.23629717529 0.23629717529 0.23629717529 0.23629717529 0.23629717529 0.23629717529 
0.23629717529 0.23629717529 0.23629717529 0.23629717529 0.23629717529 0.23629717529 0.23629717529 0.23629717529 0.23629717529 
0.23629717529 0.23629717529 0.23629717529 0.23629717529 0.23629717529 0.23629717529 0.23629717529 0.23629717529 0.23629717529 
0.23629717529 0.23629717529 0.23629717529 0.23629717529 0.23629717529 0.23629717529 0.23629717529 0.23629717529 0.23629717529 
0.23629717529 0.23629717529 0.23629717529 0.23629717529 0.23629717529 0.23629717529 0.23629717529 0.23629717529 0.23629717529 
0.23629717529 0.23629717529 0.23629717529 0.23629717529 0.23629717529 0.23629717529 0.23629717529 0.23629717529 0.23629717529 
0.23629717529 0.23629717529 0.23629717529 0.23629717529 0.23629717529 0.23629717529 0.23629717529 0.23629717529 0.23629717529 
0.23629717529 0.23629717529 0.23629717529 0.23629717529 0.23629717529 0.23629717529 0.23629717529 0.23629717529 0.23629717529 
0.23629717529 0.23629717529 0.23629717529 0.23629717529 0.23629717529 0.23629717529 0.23629717529 0.23629717529 0.23629717529 
0.23629717529 0.23629717529 0.23629717529 0.23629717529 0.23629717529 0.23629717529 0.23629717529 0.23629717529 0.23629717529 
0.23629717529 0.23629717529 0.23629717529 0.23629717529 0.23629717529 0.23629717529 0.23629717529 0.24921102822 0.24921102822 
0.24921102822 0.24921102822 0.24921102822 0.24921102822 0.24921102822 0.24921102822 0.24921102822 0.24921102822 0.24921102822 
0.24921102822 0.24921102822 0.24921102822 0.24921102822 0.24921102822 0.24921102822 0.24921102822 0.24921102822 0.24921102822 
0.24921102822 0.24921102822 0.24921102822 0.24921102822 0.24921102822 0.24921102822 0.24921102822 0.24921102822 0.24921102822 
0.24921102822 0.24921102822 0.24921102822 0.24921102822 0.24921102822 0.24921102822 0.24921102822 0.24921102822 0.24921102822 
0.24921102822 0.24921102822 0.24921102822 0.24921102822 0.24921102822 0.24921102822 0.24921102822 0.24921102822 0.24921102822 
0.24921102822 0.24921102822 0.24921102822 0.24921102822 0.24921102822 0.24921102822 0.24921102822 0.24921102822 0.24921102822 
0.24921102822 0.24921102822 0.24921102822 0.24921102822 0.24921102822 0.24921102822 0.24921102822 0.24921102822 0.24921102822 
0.24921102822 0.24921102822 0.24921102822 0.24921102822 0.24921102822 0.24921102822 0.24921102822 0.24921102822 0.24921102822 
0.24921102822 0.24921102822 0.24921102822 0.24921102822 0.24921102822 0.24921102822 0.24921102822 0.24921102822 0.24921102822 
0.24921102822 0.24921102822 0.24921102822 0.24921102822 0.24921102822 0.24921102822 0.24921102822 0.24921102822 0.24921102822 
0.24921102822 0.24921102822 0.24921102822 0.24921102822 0.24921102822 0.24921102822 0.24921102822 0.24921102822 0.26289704442 
0.26289704442 0.26289704442 0.26289704442 0.26289704442 0.26289704442 0.26289704442 0.26289704442 0.26289704442 0.26289704442 
0.26289704442 0.26289704442 0.26289704442 0.26289704442 0.26289704442 0.26289704442 0.26289704442 0.26289704442 0.26289704442 
0.26289704442 0.26289704442 0.26289704442 0.26289704442 0.26289704442 0.26289704442 0.26289704442 0.26289704442 0.26289704442 
0.26289704442 0.26289704442 0.26289704442 0.26289704442 0.26289704442 0.26289704442 0.26289704442 0.26289704442 0.26289704442 
0.26289704442 0.26289704442 0.26289704442 0.26289704442 0.26289704442 0.26289704442 0.26289704442 0.26289704442 0.26289704442 
0.26289704442 0.26289704442 0.26289704442 0.26289704442 0.26289704442 0.26289704442 0.26289704442 0.26289704442 0.26289704442 
0.26289704442 0.26289704442 0.26289704442 0.26289704442 0.26289704442 0.26289704442 0.26289704442 0.26289704442 0.26289704442 
0.26289704442 0.26289704442 0.26289704442 0.26289704442 0.26289704442 0.26289704442 0.26289704442 0.26289704442 0.26289704442 
0.26289704442 0.26289704442 0.26289704442 0.26289704442 0.26289704442 0.26289704442 0.26289704442 0.26289704442 0.26289704442 
0.26289704442 0.26289704442 0.26289704442 0.26289704442 0.26289704442 0.26289704442 0.26289704442 0.26289704442 0.26289704442 
0.26289704442 0.26289704442 0.26289704442 0.26289704442 0.26289704442 0.26289704442 0.26289704442 0.26289704442 0.26289704442 
0.2773873806 0.2773873806 0.2773873806 0.2773873806 0.2773873806 0.2773873806 0.2773873806 0.2773873806 0.2773873806 
0.2773873806 0.2773873806 0.2773873806 0.2773873806 0.2773873806 0.2773873806 0.2773873806 0.2773873806 0.2773873806 
0.2773873806 0.2773873806 0.2773873806 0.2773873806 0.2773873806 0.2773873806 0.2773873806 0.2773873806 0.2773873806 
0.2773873806 0.2773873806 0.2773873806 0.2773873806 0.2773873806 0.2773873806 0.2773873806 0.2773873806 0.2773873806 
0.2773873806 0.2773873806 0.2773873806 0.2773873806 0.2773873806 0.2773873806 0.2773873806 0.2773873806 0.2773873806 
0.2773873806 0.2773873806 0.2773873806 0.2773873806 0.2773873806 0.2773873806 0.2773873806 0.2773873806 0.2773873806 
0.2773873806 0.2773873806 0.2773873806 0.2773873806 0.2773873806 0.2773873806 0.2773873806 0.2773873806 0.2773873806 
0.2773873806 0.2773873806 0.2773873806 0.2773873806 0.2773873806 0.2773873806 0.2773873806 0.2773873806 0.2773873806 
0.2773873806 0.2773873806 0.2773873806 0.2773873806 0.2773873806 0.2773873806 0.2773873806 0.2773873806 0.2773873806 
0.2773873806 0.2773873806 0.2773873806 0.2773873806 0.2773873806 0.2773873806 0.2773873806 0.2773873806 0.2773873806 
0.2773873806 0.2773873806 0.2773873806 0.2773873806 0.2773873806 0.2773873806 0.2773873806 0.2773873806 0.2773873806 
0.2773873806 0.29271602631 0.29271602631 0.29271602631 0.29271602631 0.29271602631 0.29271602631 0.29271602631 0.29271602631 
0.29271602631 0.29271602631 0.29271602631 0.29271602631 0.29271602631 0.29271602631 0.29271602631 0.29271602631 0.29271602631 
0.29271602631 0.29271602631 0.29271602631 0.29271602631 0.29271602631 0.29271602631 0.29271602631 0.29271602631 0.29271602631 
0.29271602631 0.29271602631 0.29271602631 0.29271602631 0.29271602631 0.29271602631 0.29271602631 0.29271602631 0.29271602631 
0.29271602631 0.29271602631 0.29271602631 0.29271602631 0.29271602631 0.29271602631 0.29271602631 0.29271602631 0.29271602631 
0.29271602631 0.29271602631 0.29271602631 0.29271602631 0.29271602631 0.29271602631 0.29271602631 0.29271602631 0.29271602631 
0.29271602631 0.29271602631 0.29271602631 0.29271602631 0.29271602631 0.29271602631 0.29271602631 0.29271602631 0.29271602631 
0.29271602631 0.29271602631 0.29271602631 0.29271602631 0.29271602631 0.29271602631 0.29271602631 0.29271602631 0.29271602631 
0.29271602631 0.29271602631 0.29271602631 0.29271602631 0.29271602631 0.29271602631 0.29271602631 0.29271602631 0.29271602631 
0.29271602631 0.29271602631 0.29271602631 0.29271602631 0.29271602631 0.29271602631 0.29271602631 0.29271602631 0.29271602631 
0.29271602631 0.29271602631 0.29271602631 0.29271602631 0.29271602631 0.29271602631 0.29271602631 0.29271602631 0.29271602631 
0.29271602631 0.29271602631 0.3089184165 0.3089184165 0.3089184165 0.3089184165 0.3089184165 0.3089184165 0.3089184165 
0.3089184165 0.3089184165 0.3089184165 0.3089184165 0.3089184165 0.3089184165 0.3089184165 0.3089184165 0.3089184165 
0.3089184165 0.3089184165 0.3089184165 0.3089184165 0.3089184165 0.3089184165 0.3089184165 0.3089184165 0.3089184165 
0.3089184165 0.3089184165 0.3089184165 0.3089184165 0.3089184165 0.3089184165 0.3089184165 0.3089184165 0.3089184165 
0.3089184165 0.3089184165 0.3089184165 0.3089184165 0.3089184165 0.3089184165 0.3089184165 0.3089184165 0.3089184165 
0.3089184165 0.3089184165 0.3089184165 0.3089184165 0.3089184165 0.3089184165 0.3089184165 0.3089184165 0.3089184165 
0.3089184165 0.3089184165 0.3089184165 0.3089184165 0.3089184165 0.3089184165 0.3089184165 0.3089184165 0.3089184165 
0.3089184165 0.3089184165 0.3089184165 0.3089184165 0.3089184165 0.3089184165 0.3089184165 0.3089184165 0.3089184165 
0.3089184165 0.3089184165 0.3089184165 0.3089184165 0.3089184165 0.3089184165 0.3089184165 0.3089184165 0.3089184165 
0.3089184165 0.3089184165 0.3089184165 0.3089184165 0.3089184165 0.3089184165 0.3089184165 0.3089184165 0.3089184165 
0.3089184165 0.3089184165 0.3089184165 0.3089184165 0.3089184165 0.3089184165 0.3089184165 0.3089184165 0.3089184165 
0.3089184165 0.3089184165 0.3089184165 0.3260319829 0.3260319829 0.3260319829 0.3260319829 0.3260319829 0.3260319829 
0.3260319829 0.3260319829 0.3260319829 0.3260319829 0.3260319829 0.3260319829 0.3260319829 0.3260319829 0.3260319829 
0.3260319829 0.3260319829 0.3260319829 0.3260319829 0.3260319829 0.3260319829 0.3260319829 0.3260319829 0.3260319829 
0.3260319829 0.3260319829 0.3260319829 0.3260319829 0.3260319829 0.3260319829 0.3260319829 0.3260319829 0.3260319829 
0.3260319829 0.3260319829 0.3260319829 0.3260319829 0.3260319829 0.3260319829 0.3260319829 0.3260319829 0.3260319829 
0.3260319829 0.3260319829 0.3260319829 0.3260319829 0.3260319829 0.3260319829 0.3260319829 0.3260319829 0.3260319829 
0.3260319829 0.3260319829 0.3260319829 0.3260319829 0.3260319829 0.3260319829 0.3260319829 0.3260319829 0.3260319829 
0.3260319829 0.3260319829 0.3260319829 0.3260319829 0.3260319829 0.3260319829 0.3260319829 0.3260319829 0.3260319829 
0.3260319829 0.3260319829 0.3260319829 0.3260319829 0.3260319829 0.3260319829 0.3260319829 0.3260319829 0.3260319829 
0.3260319829 0.3260319829 0.3260319829 0.3260319829 0.3260319829 0.3260319829 0.3260319829 0.3260319829 0.3260319829 
0.3260319829 0.3260319829 0.3260319829 0.3260319829 0.3260319829 0.3260319829 0.3260319829 0.3260319829 0.3260319829 
0.3260319829 0.3260319829 0.3260319829 0.3260319829 0.34409594536 0.34409594536 0.34409594536 0.34409594536 0.34409594536 
0.34409594536 0.34409594536 0.34409594536 0.34409594536 0.34409594536 0.34409594536 0.34409594536 0.34409594536 0.34409594536 
0.34409594536 0.34409594536 0.34409594536 0.34409594536 0.34409594536 0.34409594536 0.34409594536 0.34409594536 0.34409594536 
0.34409594536 0.34409594536 0.34409594536 0.34409594536 0.34409594536 0.34409594536 0.34409594536 0.34409594536 0.34409594536 
0.34409594536 0.34409594536 0.34409594536 0.34409594536 0.34409594536 0.34409594536 0.34409594536 0.34409594536 0.34409594536 
0.34409594536 0.34409594536 0.34409594536 0.34409594536 0.34409594536 0.34409594536 0.34409594536 0.34409594536 0.34409594536 
0.34409594536 0.34409594536 0.34409594536 0.34409594536 0.34409594536 0.34409594536 0.34409594536 0.34409594536 0.34409594536 
0.34409594536 0.34409594536 0.34409594536 0.34409594536 0.34409594536 0.34409594536 0.34409594536 0.34409594536 0.34409594536 
0.34409594536 0.34409594536 0.34409594536 0.34409594536 0.34409594536 0.34409594536 0.34409594536 0.34409594536 0.34409594536 
0.34409594536 0.34409594536 0.34409594536 0.34409594536 0.34409594536 0.34409594536 0.34409594536 0.34409594536 0.34409594536 
0.34409594536 0.34409594536 0.34409594536 0.34409594536 0.34409594536 0.34409594536 0.34409594536 0.34409594536 0.34409594536 
0.34409594536 0.34409594536 0.34409594536 0.34409594536 0.34409594536 0.36315149069 0.36315149069 0.36315149069 0.36315149069 
0.36315149069 0.36315149069 0.36315149069 0.36315149069 0.36315149069 0.36315149069 0.36315149069 0.36315149069 0.36315149069 
0.36315149069 0.36315149069 0.36315149069 0.36315149069 0.36315149069 0.36315149069 0.36315149069 0.36315149069 0.36315149069 
0.36315149069 0.36315149069 0.36315149069 0.36315149069 0.36315149069 0.36315149069 0.36315149069 0.36315149069 0.36315149069 
0.36315149069 0.36315149069 0.36315149069 0.36315149069 0.36315149069 0.36315149069 0.36315149069 0.36315149069 0.36315149069 
0.36315149069 0.36315149069 0.36315149069 0.36315149069 0.36315149069 0.36315149069 0.36315149069 0.36315149069 0.36315149069 
0.36315149069 0.36315149069 0.36315149069 0.36315149069 0.36315149069 0.36315149069 0.36315149069 0.36315149069 0.36315149069 
0.36315149069 0.36315149069 0.36315149069 0.36315149069 0.36315149069 0.36315149069 0.36315149069 0.36315149069 0.36315149069 
0.36315149069 0.36315149069 0.36315149069 0.36315149069 0.36315149069 0.36315149069 0.36315149069 0.36315149069 0.36315149069 
0.36315149069 0.36315149069 0.36315149069 0.36315149069 0.36315149069 0.36315149069 0.36315149069 0.36315149069 0.36315149069 
0.36315149069 0.36315149069 0.36315149069 0.36315149069 0.36315149069 0.36315149069 0.36315149069 0.36315149069 0.36315149069 
0.36315149069 0.36315149069 0.36315149069 0.36315149069 0.36315149069 0.36315149069 0.38324159384 0.38324159384 0.38324159384 
0.38324159384 0.38324159384 0.38324159384 0.38324159384 0.38324159384 0.38324159384 0.38324159384 0.38324159384 0.38324159384 
0.38324159384 0.38324159384 0.38324159384 0.38324159384 0.38324159384 0.38324159384 0.38324159384 0.38324159384 0.38324159384 
0.38324159384 0.38324159384 0.38324159384 0.38324159384 0.38324159384 0.38324159384 0.38324159384 0.38324159384 0.38324159384 
0.38324159384 0.38324159384 0.38324159384 0.38324159384 0.38324159384 0.38324159384 0.38324159384 0.38324159384 0.38324159384 
0.38324159384 0.38324159384 0.38324159384 0.38324159384 0.38324159384 0.38324159384 0.38324159384 0.38324159384 0.38324159384 
0.38324159384 0.38324159384 0.38324159384 0.38324159384 0.38324159384 0.38324159384 0.38324159384 0.38324159384 0.38324159384 
0.38324159384 0.38324159384 0.38324159384 0.38324159384 0.38324159384 0.38324159384 0.38324159384 0.38324159384 0.38324159384 
0.38324159384 0.38324159384 0.38324159384 0.38324159384 0.38324159384 0.38324159384 0.38324159384 0.38324159384 0.38324159384 
0.38324159384 0.38324159384 0.38324159384 0.38324159384 0.38324159384 0.38324159384 0.38324159384 0.38324159384 0.38324159384 
0.38324159384 0.38324159384 0.38324159384 0.38324159384 0.38324159384 0.38324159384 0.38324159384 0.38324159384 0.38324159384 
0.38324159384 0.38324159384 0.38324159384 0.38324159384 0.38324159384 0.38324159384 0.38324159384 0.40441146493 0.40441146493 
0.40441146493 0.40441146493 0.40441146493 0.40441146493 0.40441146493 0.40441146493 0.40441146493 0.40441146493 0.40441146493 
0.40441146493 0.40441146493 0.40441146493 0.40441146493 0.40441146493 0.40441146493 0.40441146493 0.40441146493 0.40441146493 
0.40441146493 0.40441146493 0.40441146493 0.40441146493 0.40441146493 0.40441146493 0.40441146493 0.40441146493 0.40441146493 
0.40441146493 0.40441146493 0.40441146493 0.40441146493 0.40441146493 0.40441146493 0.40441146493 0.40441146493 0.40441146493 
0.40441146493 0.40441146493 0.40441146493 0.40441146493 0.40441146493 0.40441146493 0.40441146493 0.40441146493 0.40441146493 
0.40441146493 0.40441146493 0.40441146493 0.40441146493 0.40441146493 0.40441146493 0.40441146493 0.40441146493 0.40441146493 
0.40441146493 0.40441146493 0.40441146493 0.40441146493 0.40441146493 0.40441146493 0.40441146493 0.40441146493 0.40441146493 
0.40441146493 0.40441146493 0.40441146493 0.40441146493 0.40441146493 0.40441146493 0.40441146493 0.40441146493 0.40441146493 
0.40441146493 0.40441146493 0.40441146493 0.40441146493 0.40441146493 0.40441146493 0.40441146493 0.40441146493 0.40441146493 
0.40441146493 0.40441146493 0.40441146493 0.40441146493 0.40441146493 0.40441146493 0.40441146493 0.40441146493 0.40441146493 
0.40441146493 0.40441146493 0.40441146493 0.40441146493 0.40441146493 0.40441146493 0.40441146493 0.40441146493 0.42670828104 
0.42670828104 0.42670828104 0.42670828104 0.42670828104 0.42670828104 0.42670828104 0.42670828104 0.42670828104 0.42670828104 
0.42670828104 0.42670828104 0.42670828104 0.42670828104 0.42670828104 0.42670828104 0.42670828104 0.42670828104 0.42670828104 
0.42670828104 0.42670828104 0.42670828104 0.42670828104 0.42670828104 0.42670828104 0.42670828104 0.42670828104 0.42670828104 
0.42670828104 0.42670828104 0.42670828104 0.42670828104 0.42670828104 0.42670828104 0.42670828104 0.42670828104 0.42670828104 
0.42670828104 0.42670828104 0.42670828104 0.42670828104 0.42670828104 0.42670828104 0.42670828104 0.42670828104 0.42670828104 
0.42670828104 0.42670828104 0.42670828104 0.42670828104 0.42670828104 0.42670828104 0.42670828104 0.42670828104 0.42670828104 
0.42670828104 0.42670828104 0.42670828104 0.42670828104 0.42670828104 0.42670828104 0.42670828104 0.42670828104 0.42670828104 
0.42670828104 0.42670828104 0.42670828104 0.42670828104 0.42670828104 0.42670828104 0.42670828104 0.42670828104 0.42670828104 
0.42670828104 0.42670828104 0.42670828104 0.42670828104 0.42670828104 0.42670828104 0.42670828104 0.42670828104 0.42670828104 
0.42670828104 0.42670828104 0.42670828104 0.42670828104 0.42670828104 0.42670828104 0.42670828104 0.42670828104 0.42670828104 
0.42670828104 0.42670828104 0.42670828104 0.42670828104 0.42670828104 0.42670828104 0.42670828104 0.42670828104 0.42670828104 
0.45018163323 0.45018163323 0.45018163323 0.45018163323 0.45018163323 0.45018163323 0.45018163323 0.45018163323 0.45018163323 
0.45018163323 0.45018163323 0.45018163323 0.45018163323 0.45018163323 0.45018163323 0.45018163323 0.45018163323 0.45018163323 
0.45018163323 0.45018163323 0.45018163323 0.45018163323 0.45018163323 0.45018163323 0.45018163323 0.45018163323 0.45018163323 
0.45018163323 0.45018163323 0.45018163323 0.45018163323 0.45018163323 0.45018163323 0.45018163323 0.45018163323 0.45018163323 
0.45018163323 0.45018163323 0.45018163323 0.45018163323 0.45018163323 0.45018163323 0.45018163323 0.45018163323 0.45018163323 
0.45018163323 0.45018163323 0.45018163323 0.45018163323 0.45018163323 0.45018163323 0.45018163323 0.45018163323 0.45018163323 
0.45018163323 0.45018163323 0.45018163323 0.45018163323 0.45018163323 0.45018163323 0.45018163323 0.45018163323 0.45018163323 
0.45018163323 0.45018163323 0.45018163323 0.45018163323 0.45018163323 0.45018163323 0.45018163323 0.45018163323 0.45018163323 
0.45018163323 0.45018163323 0.45018163323 0.45018163323 0.45018163323 0.45018163323 0.45018163323 0.45018163323 0.45018163323 
0.45018163323 0.45018163323 0.45018163323 0.45018163323 0.45018163323 0.45018163323 0.45018163323 0.45018163323 0.45018163323 
0.45018163323 0.45018163323 0.45018163323 0.45018163323 0.45018163323 0.45018163323 0.45018163323 0.45018163323 0.45018163323 
0.45018163323 0.47488304973 0.47488304973 0.47488304973 0.47488304973 0.47488304973 0.47488304973 0.47488304973 0.47488304973 
0.47488304973 0.47488304973 0.47488304973 0.47488304973 0.47488304973 0.47488304973 0.47488304973 0.47488304973 0.47488304973 
0.47488304973 0.47488304973 0.47488304973 0.47488304973 0.47488304973 0.47488304973 0.47488304973 0.47488304973 0.47488304973 
0.47488304973 0.47488304973 0.47488304973 0.47488304973 0.47488304973 0.47488304973 0.47488304973 0.47488304973 0.47488304973 
0.47488304973 0.47488304973 0.47488304973 0.47488304973 0.47488304973 0.47488304973 0.47488304973 0.47488304973 0.47488304973 
0.47488304973 0.47488304973 0.47488304973 0.47488304973 0.47488304973 0.47488304973 0.47488304973 0.47488304973 0.47488304973 
0.47488304973 0.47488304973 0.47488304973 0.47488304973 0.47488304973 0.47488304973 0.47488304973 0.47488304973 0.47488304973 
0.47488304973 0.47488304973 0.47488304973 0.47488304973 0.47488304973 0.47488304973 0.47488304973 0.47488304973 0.47488304973 
0.47488304973 0.47488304973 0.47488304973 0.47488304973 0.47488304973 0.47488304973 0.47488304973 0.47488304973 0.47488304973 
0.47488304973 0.47488304973 0.47488304973 0.47488304973 0.47488304973 0.47488304973 0.47488304973 0.47488304973 0.47488304973 
0.47488304973 0.47488304973 0.47488304973 0.47488304973 0.47488304973 0.47488304973 0.47488304973 0.47488304973 0.47488304973 
0.47488304973 0.47488304973 0.50086671114 0.50086671114 0.50086671114 0.50086671114 0.50086671114 0.50086671114 0.50086671114 
0.50086671114 0.50086671114 0.50086671114 0.50086671114 0.50086671114 0.50086671114 0.50086671114 0.50086671114 0.50086671114 
0.50086671114 0.50086671114 0.50086671114 0.50086671114 0.50086671114 0.50086671114 0.50086671114 0.50086671114 0.50086671114 
0.50086671114 0.50086671114 0.50086671114 0.50086671114 0.50086671114 0.50086671114 0.50086671114 0.50086671114 0.50086671114 
0.50086671114 0.50086671114 0.50086671114 0.50086671114 0.50086671114 0.50086671114 0.50086671114 0.50086671114 0.50086671114 
0.50086671114 0.50086671114 0.50086671114 0.50086671114 0.50086671114 0.50086671114 0.50086671114 0.50086671114 0.50086671114 
0.50086671114 0.50086671114 0.50086671114 0.50086671114 0.50086671114 0.50086671114 0.50086671114 0.50086671114 0.50086671114 
0.50086671114 0.50086671114 0.50086671114 0.50086671114 0.50086671114 0.50086671114 0.50086671114 0.50086671114 0.50086671114 
0.50086671114 0.50086671114 0.50086671114 0.50086671114 0.50086671114 0.50086671114 0.50086671114 0.50086671114 0.50086671114 
0.50086671114 0.50086671114 0.50086671114 0.50086671114 0.50086671114 0.50086671114 0.50086671114 0.50086671114 0.50086671114 
0.50086671114 0.50086671114 0.50086671114 0.50086671114 0.50086671114 0.50086671114 0.50086671114 0.50086671114 0.50086671114 
0.50086671114 0.50086671114 0.50086671114 0.52818930149 0.52818930149 0.52818930149 0.52818930149 0.52818930149 0.52818930149 
0.52818930149 0.52818930149 0.52818930149 0.52818930149 0.52818930149 0.52818930149 0.52818930149 0.52818930149 0.52818930149 
0.52818930149 0.52818930149 0.52818930149 0.52818930149 0.52818930149 0.52818930149 0.52818930149 0.52818930149 0.52818930149 
0.52818930149 0.52818930149 0.52818930149 0.52818930149 0.52818930149 0.52818930149 0.52818930149 0.52818930149 0.52818930149 
0.52818930149 0.52818930149 0.52818930149 0.52818930149 0.52818930149 0.52818930149 0.52818930149 0.52818930149 0.52818930149 
0.52818930149 0.52818930149 0.52818930149 0.52818930149 0.52818930149 0.52818930149 0.52818930149 0.52818930149 0.52818930149 
0.52818930149 0.52818930149 0.52818930149 0.52818930149 0.52818930149 0.52818930149 0.52818930149 0.52818930149 0.52818930149 
0.52818930149 0.52818930149 0.52818930149 0.52818930149 0.52818930149 0.52818930149 0.52818930149 0.52818930149 0.52818930149 
0.52818930149 0.52818930149 0.52818930149 0.52818930149 0.52818930149 0.52818930149 0.52818930149 0.52818930149 0.52818930149 
0.52818930149 0.52818930149 0.52818930149 0.52818930149 0.52818930149 0.52818930149 0.52818930149 0.52818930149 0.52818930149 
0.52818930149 0.52818930149 0.52818930149 0.52818930149 0.52818930149 0.52818930149 0.52818930149 0.52818930149 0.52818930149 
0.52818930149 0.52818930149 0.52818930149 0.52818930149 0.55690973997 0.55690973997 0.55690973997 0.55690973997 0.55690973997 
0.55690973997 0.55690973997 0.55690973997 0.55690973997 0.55690973997 0.55690973997 0.55690973997 0.55690973997 0.55690973997 
0.55690973997 0.55690973997 0.55690973997 0.55690973997 0.55690973997 0.55690973997 0.55690973997 0.55690973997 0.55690973997 
0.55690973997 0.55690973997 0.55690973997 0.55690973997 0.55690973997 0.55690973997 0.55690973997 0.55690973997 0.55690973997 
0.55690973997 0.55690973997 0.55690973997 0.55690973997 0.55690973997 0.55690973997 0.55690973997 0.55690973997 0.55690973997 
0.55690973997 0.55690973997 0.55690973997 0.55690973997 0.55690973997 0.55690973997 0.55690973997 0.55690973997 0.55690973997 
0.55690973997 0.55690973997 0.55690973997 0.55690973997 0.55690973997 0.55690973997 0.55690973997 0.55690973997 0.55690973997 
0.55690973997 0.55690973997 0.55690973997 0.55690973997 0.55690973997 0.55690973997 0.55690973997 0.55690973997 0.55690973997 
0.55690973997 0.55690973997 0.55690973997 0.55690973997 0.55690973997 0.55690973997 0.55690973997 0.55690973997 0.55690973997 
0.55690973997 0.55690973997 0.55690973997 0.55690973997 0.55690973997 0.55690973997 0.55690973997 0.55690973997 0.55690973997 
0.55690973997 0.55690973997 0.55690973997 0.55690973997 0.55690973997 0.55690973997 0.55690973997 0.55690973997 0.55690973997 
0.55690973997 0.55690973997 0.55690973997 0.55690973997 0.55690973997 0.58708995581 0.58708995581 0.58708995581 0.58708995581 
0.58708995581 0.58708995581 0.58708995581 0.58708995581 0.58708995581 0.58708995581 0.58708995581 0.58708995581 0.58708995581 
0.58708995581 0.58708995581 0.58708995581 0.58708995581 0.58708995581 0.58708995581 0.58708995581 0.58708995581 0.58708995581 
0.58708995581 0.58708995581 0.58708995581 0.58708995581 0.58708995581 0.58708995581 0.58708995581 0.58708995581 0.58708995581 
0.58708995581 0.58708995581 0.58708995581 0.58708995581 0.58708995581 0.58708995581 0.58708995581 0.58708995581 0.58708995581 
0.58708995581 0.58708995581 0.58708995581 0.58708995581 0.58708995581 0.58708995581 0.58708995581 0.58708995581 0.58708995581 
0.58708995581 0.58708995581 0.58708995581 0.58708995581 0.58708995581 0.58708995581 0.58708995581 0.58708995581 0.58708995581 
0.58708995581 0.58708995581 0.58708995581 0.58708995581 0.58708995581 0.58708995581 0.58708995581 0.58708995581 0.58708995581 
0.58708995581 0.58708995581 0.58708995581 0.58708995581 0.58708995581 0.58708995581 0.58708995581 0.58708995581 0.58708995581 
0.58708995581 0.58708995581 0.58708995581 0.58708995581 0.58708995581 0.58708995581 0.58708995581 0.58708995581 0.58708995581 
0.58708995581 0.58708995581 0.58708995581 0.58708995581 0.58708995581 0.58708995581 0.58708995581 0.58708995581 0.58708995581 
0.58708995581 0.58708995581 0.58708995581 0.58708995581 0.58708995581 0.58708995581 0.61879438162 0.61879438162 0.61879438162 
0.61879438162 0.61879438162 0.61879438162 0.61879438162 0.61879438162 0.61879438162 0.61879438162 0.61879438162 0.61879438162 
0.61879438162 0.61879438162 0.61879438162 0.61879438162 0.61879438162 0.61879438162 0.61879438162 0.61879438162 0.61879438162 
0.61879438162 0.61879438162 0.61879438162 0.61879438162 0.61879438162 0.61879438162 0.61879438162 0.61879438162 0.61879438162 
0.61879438162 0.61879438162 0.61879438162 0.61879438162 0.61879438162 0.61879438162 0.61879438162 0.61879438162 0.61879438162 
0.61879438162 0.61879438162 0.61879438162 0.61879438162 0.61879438162 0.61879438162 0.61879438162 0.61879438162 0.61879438162 
0.61879438162 0.61879438162 0.61879438162 0.61879438162 0.61879438162 0.61879438162 0.61879438162 0.61879438162 0.61879438162 
0.61879438162 0.61879438162 0.61879438162 0.61879438162 0.61879438162 0.61879438162 0.61879438162 0.61879438162 0.61879438162 
0.61879438162 0.61879438162 0.61879438162 0.61879438162 0.61879438162 0.61879438162 0.61879438162 0.61879438162 0.61879438162 
0.61879438162 0.61879438162 0.61879438162 0.61879438162 0.61879438162 0.61879438162 0.61879438162 0.61879438162 0.61879438162 
0.61879438162 0.61879438162 0.61879438162 0.61879438162 0.61879438162 0.61879438162 0.61879438162 0.61879438162 0.61879438162 
0.61879438162 0.61879438162 0.61879438162 0.61879438162 0.61879438162 0.61879438162 0.61879438162 0.65209048986 0.65209048986 
0.65209048986 0.65209048986 0.65209048986 0.65209048986 0.65209048986 0.65209048986 0.65209048986 0.65209048986 0.65209048986 
0.65209048986 0.65209048986 0.65209048986 0.65209048986 0.65209048986 0.65209048986 0.65209048986 0.65209048986 0.65209048986 
0.65209048986 0.65209048986 0.65209048986 0.65209048986 0.65209048986 0.65209048986 0.65209048986 0.65209048986 0.65209048986 
0.65209048986 0.65209048986 0.65209048986 0.65209048986 0.65209048986 0.65209048986 0.65209048986 0.65209048986 0.65209048986 
0.65209048986 0.65209048986 0.65209048986 0.65209048986 0.65209048986 0.65209048986 0.65209048986 0.65209048986 0.65209048986 
0.65209048986 0.65209048986 0.65209048986 0.65209048986 0.65209048986 0.65209048986 0.65209048986 0.65209048986 0.65209048986 
0.65209048986 0.65209048986 0.65209048986 0.65209048986 0.65209048986 0.65209048986 0.65209048986 0.65209048986 0.65209048986 
0.65209048986 0.65209048986 0.65209048986 0.65209048986 0.65209048986 0.65209048986 0.65209048986 0.65209048986 0.65209048986 
0.65209048986 0.65209048986 0.65209048986 0.65209048986 0.65209048986 0.65209048986 0.65209048986 0.65209048986 0.65209048986 
0.65209048986 0.65209048986 0.65209048986 0.65209048986 0.65209048986 0.65209048986 0.65209048986 0.65209048986 0.65209048986 
0.65209048986 0.65209048986 0.65209048986 0.65209048986 0.65209048986 0.65209048986 0.65209048986 0.65209048986 0.68704867363 
0.68704867363 0.68704867363 0.68704867363 0.68704867363 0.68704867363 0.68704867363 0.68704867363 0.68704867363 0.68704867363 
0.68704867363 0.68704867363 0.68704867363 0.68704867363 0.68704867363 0.68704867363 0.68704867363 0.68704867363 0.68704867363 
0.68704867363 0.68704867363 0.68704867363 0.68704867363 0.68704867363 0.68704867363 0.68704867363 0.68704867363 0.68704867363 
0.68704867363 0.68704867363 0.68704867363 0.68704867363 0.68704867363 0.68704867363 0.68704867363 0.68704867363 0.68704867363 
0.68704867363 0.68704867363 0.68704867363 0.68704867363 0.68704867363 0.68704867363 0.68704867363 0.68704867363 0.68704867363 
0.68704867363 0.68704867363 0.68704867363 0.68704867363 0.68704867363 0.68704867363 0.68704867363 0.68704867363 0.68704867363 
0.68704867363 0.68704867363 0.68704867363 0.68704867363 0.68704867363 0.68704867363 0.68704867363 0.68704867363 0.68704867363 
0.68704867363 0.68704867363 0.68704867363 0.68704867363 0.68704867363 0.68704867363 0.68704867363 0.68704867363 0.68704867363 
0.68704867363 0.68704867363 0.68704867363 0.68704867363 0.68704867363 0.68704867363 0.68704867363 0.68704867363 0.68704867363 
0.68704867363 0.68704867363 0.68704867363 0.68704867363 0.68704867363 0.68704867363 0.68704867363 0.68704867363 0.68704867363 
0.68704867363 0.68704867363 0.68704867363 0.68704867363 0.68704867363 0.68704867363 0.68704867363 0.68704867363 0.68704867363 
0.72374254465 0.72374254465 0.72374254465 0.72374254465 0.72374254465 0.72374254465 0.72374254465 0.72374254465 0.72374254465 
0.72374254465 0.72374254465 0.72374254465 0.72374254465 0.72374254465 0.72374254465 0.72374254465 0.72374254465 0.72374254465 
0.72374254465 0.72374254465 0.72374254465 0.72374254465 0.72374254465 0.72374254465 0.72374254465 0.72374254465 0.72374254465 
0.72374254465 0.72374254465 0.72374254465 0.72374254465 0.72374254465 0.72374254465 0.72374254465 0.72374254465 0.72374254465 
0.72374254465 0.72374254465 0.72374254465 0.72374254465 0.72374254465 0.72374254465 0.72374254465 0.72374254465 0.72374254465 
0.72374254465 0.72374254465 0.72374254465 0.72374254465 0.72374254465 0.72374254465 0.72374254465 0.72374254465 0.72374254465 
0.72374254465 0.72374254465 0.72374254465 0.72374254465 0.72374254465 0.72374254465 0.72374254465 0.72374254465 0.72374254465 
0.72374254465 0.72374254465 0.72374254465 0.72374254465 0.72374254465 0.72374254465 0.72374254465 0.72374254465 0.72374254465 
0.72374254465 0.72374254465 0.72374254465 0.72374254465 0.72374254465 0.72374254465 0.72374254465 0.72374254465 0.72374254465 
0.72374254465 0.72374254465 0.72374254465 0.72374254465 0.72374254465 0.72374254465 0.72374254465 0.72374254465 0.72374254465 
0.72374254465 0.72374254465 0.72374254465 0.72374254465 0.72374254465 0.72374254465 0.72374254465 0.72374254465 0.72374254465 
0.72374254465 0.76224881411 0.76224881411 0.76224881411 0.76224881411 0.76224881411 0.76224881411 0.76224881411 0.76224881411 
0.76224881411 0.76224881411 0.76224881411 0.76224881411 0.76224881411 0.76224881411 0.76224881411 0.76224881411 0.76224881411 
0.76224881411 0.76224881411 0.76224881411 0.76224881411 0.76224881411 0.76224881411 0.76224881411 0.76224881411 0.76224881411 
0.76224881411 0.76224881411 0.76224881411 0.76224881411 0.76224881411 0.76224881411 0.76224881411 0.76224881411 0.76224881411 
0.76224881411 0.76224881411 0.76224881411 0.76224881411 0.76224881411 0.76224881411 0.76224881411 0.76224881411 0.76224881411 
0.76224881411 0.76224881411 0.76224881411 0.76224881411 0.76224881411 0.76224881411 0.76224881411 0.76224881411 0.76224881411 
0.76224881411 0.76224881411 0.76224881411 0.76224881411 0.76224881411 0.76224881411 0.76224881411 0.76224881411 0.76224881411 
0.76224881411 0.76224881411 0.76224881411 0.76224881411 0.76224881411 0.76224881411 0.76224881411 0.76224881411 0.76224881411 
0.76224881411 0.76224881411 0.76224881411 0.76224881411 0.76224881411 0.76224881411 0.76224881411 0.76224881411 0.76224881411 
0.76224881411 0.76224881411 0.76224881411 0.76224881411 0.76224881411 0.76224881411 0.76224881411 0.76224881411 0.76224881411 
0.76224881411 0.76224881411 0.76224881411 0.76224881411 0.76224881411 0.76224881411 0.76224881411 0.76224881411 0.76224881411 
0.76224881411 0.76224881411 0.80264765024 0.80264765024 0.80264765024 0.80264765024 0.80264765024 0.80264765024 0.80264765024 
0.80264765024 0.80264765024 0.80264765024 0.80264765024 0.80264765024 0.80264765024 0.80264765024 0.80264765024 0.80264765024 
0.80264765024 0.80264765024 0.80264765024 0.80264765024 0.80264765024 0.80264765024 0.80264765024 0.80264765024 0.80264765024 
0.80264765024 0.80264765024 0.80264765024 0.80264765024 0.80264765024 0.80264765024 0.80264765024 0.80264765024 0.80264765024 
0.80264765024 0.80264765024 0.80264765024 0.80264765024 0.80264765024 0.80264765024 0.80264765024 0.80264765024 0.80264765024 
0.80264765024 0.80264765024 0.80264765024 0.80264765024 0.80264765024 0.80264765024 0.80264765024 0.80264765024 0.80264765024 
0.80264765024 0.80264765024 0.80264765024 0.80264765024 0.80264765024 0.80264765024 0.80264765024 0.80264765024 0.80264765024 
0.80264765024 0.80264765024 0.80264765024 0.80264765024 0.80264765024 0.80264765024 0.80264765024 0.80264765024 0.80264765024 
0.80264765024 0.80264765024 0.80264765024 0.80264765024 0.80264765024 0.80264765024 0.80264765024 0.80264765024 0.80264765024 
0.80264765024 0.80264765024 0.80264765024 0.80264765024 0.80264765024 0.80264765024 0.80264765024 0.80264765024 0.80264765024 
0.80264765024 0.80264765024 0.80264765024 0.80264765024 0.80264765024 0.80264765024 0.80264765024 0.80264765024 0.80264765024 
0.80264765024 0.80264765024 0.80264765024 0.84502273798 0.84502273798 0.84502273798 0.84502273798 0.84502273798 0.84502273798 
0.84502273798 0.84502273798 0.84502273798 0.84502273798 0.84502273798 0.84502273798 0.84502273798 0.84502273798 0.84502273798 
0.84502273798 0.84502273798 0.84502273798 0.84502273798 0.84502273798 0.84502273798 0.84502273798 0.84502273798 0.84502273798 
0.84502273798 0.84502273798 0.84502273798 0.84502273798 0.84502273798 0.84502273798 0.84502273798 0.84502273798 0.84502273798 
0.84502273798 0.84502273798 0.84502273798 0.84502273798 0.84502273798 0.84502273798 0.84502273798 0.84502273798 0.84502273798 
0.84502273798 0.84502273798 0.84502273798 0.84502273798 0.84502273798 0.84502273798 0.84502273798 0.84502273798 0.84502273798 
0.84502273798 0.84502273798 0.84502273798 0.84502273798 0.84502273798 0.84502273798 0.84502273798 0.84502273798 0.84502273798 
0.84502273798 0.84502273798 0.84502273798 0.84502273798 0.84502273798 0.84502273798 0.84502273798 0.84502273798 0.84502273798 
0.84502273798 0.84502273798 0.84502273798 0.84502273798 0.84502273798 0.84502273798 0.84502273798 0.84502273798 0.84502273798 
0.84502273798 0.84502273798 0.84502273798 0.84502273798 0.84502273798 0.84502273798 0.84502273798 0.84502273798 0.84502273798 
0.84502273798 0.84502273798 0.84502273798 0.84502273798 0.84502273798 0.84502273798 0.84502273798 0.84502273798 0.84502273798 
0.84502273798 0.84502273798 0.84502273798 0.84502273798 0.88946163654 0.88946163654 0.88946163654 0.88946163654 0.88946163654 
0.88946163654 0.88946163654 0.88946163654 0.88946163654 0.88946163654 0.88946163654 0.88946163654 0.88946163654 0.88946163654 
0.88946163654 0.88946163654 0.88946163654 0.88946163654 0.88946163654 0.88946163654 0.88946163654 0.88946163654 0.88946163654 
0.88946163654 0.88946163654 0.88946163654 0.88946163654 0.88946163654 0.88946163654 0.88946163654 0.88946163654 0.88946163654 
0.88946163654 0.88946163654 0.88946163654 0.88946163654 0.88946163654 0.88946163654 0.88946163654 0.88946163654 0.88946163654 
0.88946163654 0.88946163654 0.88946163654 0.88946163654 0.88946163654 0.88946163654 0.88946163654 0.88946163654 0.88946163654 
0.88946163654 0.88946163654 0.88946163654 0.88946163654 0.88946163654 0.88946163654 0.88946163654 0.88946163654 0.88946163654 
0.88946163654 0.88946163654 0.88946163654 0.88946163654 0.88946163654 0.88946163654 0.88946163654 0.88946163654 0.88946163654 
0.88946163654 0.88946163654 0.88946163654 0.88946163654 0.88946163654 0.88946163654 0.88946163654 0.88946163654 0.88946163654 
0.88946163654 0.88946163654 0.88946163654 0.88946163654 0.88946163654 0.88946163654 0.88946163654 0.88946163654 0.88946163654 
0.88946163654 0.88946163654 0.88946163654 0.88946163654 0.88946163654 0.88946163654 0.88946163654 0.88946163654 0.88946163654 
0.88946163654 0.88946163654 0.88946163654 0.88946163654 0.88946163654 0.93605566025 0.93605566025 0.93605566025 0.93605566025 
0.93605566025 0.93605566025 0.93605566025 0.93605566025 0.93605566025 0.93605566025 0.93605566025 0.93605566025 0.93605566025 
0.93605566025 0.93605566025 0.93605566025 0.93605566025 0.93605566025 0.93605566025 0.93605566025 0.93605566025 0.93605566025 
0.93605566025 0.93605566025 0.93605566025 0.93605566025 0.93605566025 0.93605566025 0.93605566025 0.93605566025 0.93605566025 
0.93605566025 0.93605566025 0.93605566025 0.93605566025 0.93605566025 0.93605566025 0.93605566025 0.93605566025 0.93605566025 
0.93605566025 0.93605566025 0.93605566025 0.93605566025 0.93605566025 0.93605566025 0.93605566025 0.93605566025 0.93605566025 
0.93605566025 0.93605566025 0.93605566025 0.93605566025 0.93605566025 0.93605566025 0.93605566025 0.93605566025 0.93605566025 
0.93605566025 0.93605566025 0.93605566025 0.93605566025 0.93605566025 0.93605566025 0.93605566025 0.93605566025 0.93605566025 
0.93605566025 0.93605566025 0.93605566025 0.93605566025 0.93605566025 0.93605566025 0.93605566025 0.93605566025 0.93605566025 
0.93605566025 0.93605566025 0.93605566025 0.93605566025 0.93605566025 0.93605566025 0.93605566025 0.93605566025 0.93605566025 
0.93605566025 0.93605566025 0.93605566025 0.93605566025 0.93605566025 0.93605566025 0.93605566025 0.93605566025 0.93605566025 
0.93605566025 0.93605566025 0.93605566025 0.93605566025 0.93605566025 0.93605566025 0.98489999771 0.98489999771 0.98489999771 
0.98489999771 0.98489999771 0.98489999771 0.98489999771 0.98489999771 0.98489999771 0.98489999771 0.98489999771 0.98489999771 
0.98489999771 0.98489999771 0.98489999771 0.98489999771 0.98489999771 0.98489999771 0.98489999771 0.98489999771 0.98489999771 
0.98489999771 0.98489999771 0.98489999771 0.98489999771 0.98489999771 0.98489999771 0.98489999771 0.98489999771 0.98489999771 
0.98489999771 0.98489999771 0.98489999771 0.98489999771 0.98489999771 0.98489999771 0.98489999771 0.98489999771 0.98489999771 
0.98489999771 0.98489999771 0.98489999771 0.98489999771 0.98489999771 0.98489999771 0.98489999771 0.98489999771 0.98489999771 
0.98489999771 0.98489999771 0.98489999771 0.98489999771 0.98489999771 0.98489999771 0.98489999771 0.98489999771 0.98489999771 
0.98489999771 0.98489999771 0.98489999771 0.98489999771 0.98489999771 0.98489999771 0.98489999771 0.98489999771 0.98489999771 
0.98489999771 0.98489999771 0.98489999771 0.98489999771 0.98489999771 0.98489999771 0.98489999771 0.98489999771 0.98489999771 
0.98489999771 0.98489999771 0.98489999771 0.98489999771 0.98489999771 0.98489999771 0.98489999771 0.98489999771 0.98489999771 
0.98489999771 0.98489999771 0.98489999771 0.98489999771 0.98489999771 0.98489999771 0.98489999771 0.98489999771 0.98489999771 
0.98489999771 0.98489999771 0.98489999771 0.98489999771 0.98489999771 0.98489999771 0.98489999771 1.0360941887 1.0360941887 
1.0360941887 1.0360941887 1.0360941887 1.0360941887 1.0360941887 1.0360941887 1.0360941887 1.0360941887 1.0360941887 
1.0360941887 1.0360941887 1.0360941887 1.0360941887 1.0360941887 1.0360941887 1.0360941887 1.0360941887 1.0360941887 
1.0360941887 1.0360941887 1.0360941887 1.0360941887 1.0360941887 1.0360941887 1.0360941887 1.0360941887 1.0360941887 
1.0360941887 1.0360941887 1.0360941887 1.0360941887 1.0360941887 1.0360941887 1.0360941887 1.0360941887 1.0360941887 
1.0360941887 1.0360941887 1.0360941887 1.0360941887 1.0360941887 1.0360941887 1.0360941887 1.0360941887 1.0360941887 
1.0360941887 1.0360941887 1.0360941887 1.0360941887 1.0360941887 1.0360941887 1.0360941887 1.0360941887 1.0360941887 
1.0360941887 1.0360941887 1.0360941887 1.0360941887 1.0360941887 1.0360941887 1.0360941887 1.0360941887 1.0360941887 
1.0360941887 1.0360941887 1.0360941887 1.0360941887 1.0360941887 1.0360941887 1.0360941887 1.0360941887 1.0360941887 
1.0360941887 1.0360941887 1.0360941887 1.0360941887 1.0360941887 1.0360941887 1.0360941887 1.0360941887 1.0360941887 
1.0360941887 1.0360941887 1.0360941887 1.0360941887 1.0360941887 1.0360941887 1.0360941887 1.0360941887 1.0360941887 
1.0360941887 1.0360941887 1.0360941887 1.0360941887 1.0360941887 1.0360941887 1.0360941887 1.0360941887 1.0897419453 
1.0897419453 1.0897419453 1.0897419453 1.0897419453 1.0897419453 1.0897419453 1.0897419453 1.0897419453 1.0897419453 
1.0897419453 1.0897419453 1.0897419453 1.0897419453 1.0897419453 1.0897419453 1.0897419453 1.0897419453 1.0897419453 
1.0897419453 1.0897419453 1.0897419453 1.0897419453 1.0897419453 1.0897419453 1.0897419453 1.0897419453 1.0897419453 
1.0897419453 1.0897419453 1.0897419453 1.0897419453 1.0897419453 1.0897419453 1.0897419453 1.0897419453 1.0897419453 
1.0897419453 1.0897419453 1.0897419453 1.0897419453 1.0897419453 1.0897419453 1.0897419453 1.0897419453 1.0897419453 
1.0897419453 1.0897419453 1.0897419453 1.0897419453 1.0897419453 1.0897419453 1.0897419453 1.0897419453 1.0897419453 
1.0897419453 1.0897419453 1.0897419453 1.0897419453 1.0897419453 1.0897419453 1.0897419453 1.0897419453 1.0897419453 
1.0897419453 1.0897419453 1.0897419453 1.0897419453 1.0897419453 1.0897419453 1.0897419453 1.0897419453 1.0897419453 
1.0897419453 1.0897419453 1.0897419453 1.0897419453 1.0897419453 1.0897419453 1.0897419453 1.0897419453 1.0897419453 
1.0897419453 1.0897419453 1.0897419453 1.0897419453 1.0897419453 1.0897419453 1.0897419453 1.0897419453 1.0897419453 
1.0897419453 1.0897419453 1.0897419453 1.0897419453 1.0897419453 1.0897419453 1.0897419453 1.0897419453 1.0897419453 
1.1459519863 1.1459519863 1.1459519863 1.1459519863 1.1459519863 1.1459519863 1.1459519863 1.1459519863 1.1459519863 
1.1459519863 1.1459519863 1.1459519863 1.1459519863 1.1459519863 1.1459519863 1.1459519863 1.1459519863 1.1459519863 
1.1459519863 1.1459519863 1.1459519863 1.1459519863 1.1459519863 1.1459519863 1.1459519863 1.1459519863 1.1459519863 
1.1459519863 1.1459519863 1.1459519863 1.1459519863 1.1459519863 1.1459519863 1.1459519863 1.1459519863 1.1459519863 
1.1459519863 1.1459519863 1.1459519863 1.1459519863 1.1459519863 1.1459519863 1.1459519863 1.1459519863 1.1459519863 
1.1459519863 1.1459519863 1.1459519863 1.1459519863 1.1459519863 1.1459519863 1.1459519863 1.1459519863 1.1459519863 
1.1459519863 1.1459519863 1.1459519863 1.1459519863 1.1459519863 1.1459519863 1.1459519863 1.1459519863 1.1459519863 
1.1459519863 1.1459519863 1.1459519863 1.1459519863 1.1459519863 1.1459519863 1.1459519863 1.1459519863 1.1459519863 
1.1459519863 1.1459519863 1.1459519863 1.1459519863 1.1459519863 1.1459519863 1.1459519863 1.1459519863 1.1459519863 
1.1459519863 1.1459519863 1.1459519863 1.1459519863 1.1459519863 1.1459519863 1.1459519863 1.1459519863 1.1459519863 
1.1459519863 1.1459519863 1.1459519863 1.1459519863 1.1459519863 1.1459519863 1.1459519863 1.1459519863 1.1459519863 
1.1459519863 1.2048370838 1.2048370838 1.2048370838 1.2048370838 1.2048370838 1.2048370838 1.2048370838 1.2048370838 
1.2048370838 1.2048370838 1.2048370838 1.2048370838 1.2048370838 1.2048370838 1.2048370838 1.2048370838 1.2048370838 
1.2048370838 1.2048370838 1.2048370838 1.2048370838 1.2048370838 1.2048370838 1.2048370838 1.2048370838 1.2048370838 
1.2048370838 1.2048370838 1.2048370838 1.2048370838 1.2048370838 1.2048370838 1.2048370838 1.2048370838 1.2048370838 
1.2048370838 1.2048370838 1.2048370838 1.2048370838 1.2048370838 1.2048370838 1.2048370838 1.2048370838 1.2048370838 
1.2048370838 1.2048370838 1.2048370838 1.2048370838 1.2048370838 1.2048370838 1.2048370838 1.2048370838 1.2048370838 
1.2048370838 1.2048370838 1.2048370838 1.2048370838 1.2048370838 1.2048370838 1.2048370838 1.2048370838 1.2048370838 
1.2048370838 1.2048370838 1.2048370838 1.2048370838 1.2048370838 1.2048370838 1.2048370838 1.2048370838 1.2048370838 
1.2048370838 1.2048370838 1.2048370838 1.2048370838 1.2048370838 1.2048370838 1.2048370838 1.2048370838 1.2048370838 
1.2048370838 1.2048370838 1.2048370838 1.2048370838 1.2048370838 1.2048370838 1.2048370838 1.2048370838 1.2048370838 
1.2048370838 1.2048370838 1.2048370838 1.2048370838 1.2048370838 1.2048370838 1.2048370838 1.2048370838 1.2048370838 
1.2048370838 1.2048370838 1.2665159702 1.2665159702 1.2665159702 1.2665159702 1.2665159702 1.2665159702 1.2665159702 
1.2665159702 1.2665159702 1.2665159702 1.2665159702 1.2665159702 1.2665159702 1.2665159702 1.2665159702 1.2665159702 
1.2665159702 1.2665159702 1.2665159702 1.2665159702 1.2665159702 1.2665159702 1.2665159702 1.2665159702 1.2665159702 
1.2665159702 1.2665159702 1.2665159702 1.2665159702 1.2665159702 1.2665159702 1.2665159702 1.2665159702 1.2665159702 
1.2665159702 1.2665159702 1.2665159702 1.2665159702 1.2665159702 1.2665159702 1.2665159702 1.2665159702 1.2665159702 
1.2665159702 1.2665159702 1.2665159702 1.2665159702 1.2665159702 1.2665159702 1.2665159702 1.2665159702 1.2665159702 
1.2665159702 1.2665159702 1.2665159702 1.2665159702 1.2665159702 1.2665159702 1.2665159702 1.2665159702 1.2665159702 
1.2665159702 1.2665159702 1.2665159702 1.2665159702 1.2665159702 1.2665159702 1.2665159702 1.2665159702 1.2665159702 
1.2665159702 1.2665159702 1.2665159702 1.2665159702 1.2665159702 1.2665159702 1.2665159702 1.2665159702 1.2665159702 
1.2665159702 1.2665159702 1.2665159702 1.2665159702 1.2665159702 1.2665159702 1.2665159702 1.2665159702 1.2665159702 
1.2665159702 1.2665159702 1.2665159702 1.2665159702 1.2665159702 1.2665159702 1.2665159702 1.2665159702 1.2665159702 
1.2665159702 1.2665159702 1.2665159702 1.3311116695 1.3311116695 1.3311116695 1.3311116695 1.3311116695 1.3311116695 
1.3311116695 1.3311116695 1.3311116695 1.3311116695 1.3311116695 1.3311116695 1.3311116695 1.3311116695 1.3311116695 
1.3311116695 1.3311116695 1.3311116695 1.3311116695 1.3311116695 1.3311116695 1.3311116695 1.3311116695 1.3311116695 
1.3311116695 1.3311116695 1.3311116695 1.3311116695 1.3311116695 1.3311116695 1.3311116695 1.3311116695 1.3311116695 
1.3311116695 1.3311116695 1.3311116695 1.3311116695 1.3311116695 1.3311116695 1.3311116695 1.3311116695 1.3311116695 
1.3311116695 1.3311116695 1.3311116695 1.3311116695 1.3311116695 1.3311116695 1.3311116695 1.3311116695 1.3311116695 
1.3311116695 1.3311116695 1.3311116695 1.3311116695 1.3311116695 1.3311116695 1.3311116695 1.3311116695 1.3311116695 
1.3311116695 1.3311116695 1.3311116695 1.3311116695 1.3311116695 1.3311116695 1.3311116695 1.3311116695 1.3311116695 
1.3311116695 1.3311116695 1.3311116695 1.3311116695 1.3311116695 1.3311116695 1.3311116695 1.3311116695 1.3311116695 
1.3311116695 1.3311116695 1.3311116695 1.3311116695 1.3311116695 1.3311116695 1.3311116695 1.3311116695 1.3311116695 
1.3311116695 1.3311116695 1.3311116695 1.3311116695 1.3311116695 1.3311116695 1.3311116695 1.3311116695 1.3311116695 
1.3311116695 1.3311116695 1.3311116695 1.3311116695 1.3987532854 1.3987532854 1.3987532854 1.3987532854 1.3987532854 
1.3987532854 1.3987532854 1.3987532854 1.3987532854 1.3987532854 1.3987532854 1.3987532854 1.3987532854 1.3987532854 
1.3987532854 1.3987532854 1.3987532854 1.3987532854 1.3987532854 1.3987532854 1.3987532854 1.3987532854 1.3987532854 
1.3987532854 1.3987532854 1.3987532854 1.3987532854 1.3987532854 1.3987532854 1.3987532854 1.3987532854 1.3987532854 
1.3987532854 1.3987532854 1.3987532854 1.3987532854 1.3987532854 1.3987532854 1.3987532854 1.3987532854 1.3987532854 
1.3987532854 1.3987532854 1.3987532854 1.3987532854 1.3987532854 1.3987532854 1.3987532854 1.3987532854 1.3987532854 
1.3987532854 1.3987532854 1.3987532854 1.3987532854 1.3987532854 1.3987532854 1.3987532854 1.3987532854 1.3987532854 
1.3987532854 1.3987532854 1.3987532854 1.3987532854 1.3987532854 1.3987532854 1.3987532854 1.3987532854 1.3987532854 
1.3987532854 1.3987532854 1.3987532854 1.3987532854 1.3987532854 1.3987532854 1.3987532854 1.3987532854 1.3987532854 
1.3987532854 1.3987532854 1.3987532854 1.3987532854 1.3987532854 1.3987532854 1.3987532854 1.3987532854 1.3987532854 
1.3987532854 1.3987532854 1.3987532854 1.3987532854 1.3987532854 1.3987532854 1.3987532854 1.3987532854 1.3987532854 
1.3987532854 1.3987532854 1.3987532854 1.3987532854 1.3987532854 1.4695752859 1.4695752859 1.4695752859 1.4695752859 
1.4695752859 1.4695752859 1.4695752859 1.4695752859 1.4695752859 1.4695752859 1.4695752859 1.4695752859 1.4695752859 
1.4695752859 1.4695752859 1.4695752859 1.4695752859 1.4695752859 1.4695752859 1.4695752859 1.4695752859 1.4695752859 
1.4695752859 1.4695752859 1.4695752859 1.4695752859 1.4695752859 1.4695752859 1.4695752859 1.4695752859 1.4695752859 
1.4695752859 1.4695752859 1.4695752859 1.4695752859 1.4695752859 1.4695752859 1.4695752859 1.4695752859 1.4695752859 
1.4695752859 1.4695752859 1.4695752859 1.4695752859 1.4695752859 1.4695752859 1.4695752859 1.4695752859 1.4695752859 
1.4695752859 1.4695752859 1.4695752859 1.4695752859 1.4695752859 1.4695752859 1.4695752859 1.4695752859 1.4695752859 
1.4695752859 1.4695752859 1.4695752859 1.4695752859 1.4695752859 1.4695752859 1.4695752859 1.4695752859 1.4695752859 
1.4695752859 1.4695752859 1.4695752859 1.4695752859 1.4695752859 1.4695752859 1.4695752859 1.4695752859 1.4695752859 
1.4695752859 1.4695752859 1.4695752859 1.4695752859 1.4695752859 1.4695752859 1.4695752859 1.4695752859 1.4695752859 
1.4695752859 1.4695752859 1.4695752859 1.4695752859 1.4695752859 1.4695752859 1.4695752859 1.4695752859 1.4695752859 
1.4695752859 1.4695752859 1.4695752859 1.4695752859 1.4695752859 1.4695752859 1.5437184572 1.5437184572 1.5437184572 
1.5437184572 1.5437184572 1.5437184572 1.5437184572 1.5437184572 1.5437184572 1.5437184572 1.5437184572 1.5437184572 
1.5437184572 1.5437184572 1.5437184572 1.5437184572 1.5437184572 1.5437184572 1.5437184572 1.5437184572 1.5437184572 
1.5437184572 1.5437184572 1.5437184572 1.5437184572 1.5437184572 1.5437184572 1.5437184572 1.5437184572 1.5437184572 
1.5437184572 1.5437184572 1.5437184572 1.5437184572 1.5437184572 1.5437184572 1.5437184572 1.5437184572 1.5437184572 
1.5437184572 1.5437184572 1.5437184572 1.5437184572 1.5437184572 1.5437184572 1.5437184572 1.5437184572 1.5437184572 
1.5437184572 1.5437184572 1.5437184572 1.5437184572 1.5437184572 1.5437184572 1.5437184572 1.5437184572 1.5437184572 
1.5437184572 1.5437184572 1.5437184572 1.5437184572 1.5437184572 1.5437184572 1.5437184572 1.5437184572 1.5437184572 
1.5437184572 1.5437184572 1.5437184572 1.5437184572 1.5437184572 1.5437184572 1.5437184572 1.5437184572 1.5437184572 
1.5437184572 1.5437184572 1.5437184572 1.5437184572 1.5437184572 1.5437184572 1.5437184572 1.5437184572 1.5437184572 
1.5437184572 1.5437184572 1.5437184572 1.5437184572 1.5437184572 1.5437184572 1.5437184572 1.5437184572 1.5437184572 
1.5437184572 1.5437184572 1.5437184572 1.5437184572 1.5437184572 1.5437184572 1.5437184572 1.6213293076 1.6213293076 
1.6213293076 1.6213293076 1.6213293076 1.6213293076 1.6213293076 1.6213293076 1.6213293076 1.6213293076 1.6213293076 
1.6213293076 1.6213293076 1.6213293076 1.6213293076 1.6213293076 1.6213293076 1.6213293076 1.6213293076 1.6213293076 
1.6213293076 1.6213293076 1.6213293076 1.6213293076 1.6213293076 1.6213293076 1.6213293076 1.6213293076 1.6213293076 
1.6213293076 1.6213293076 1.6213293076 1.6213293076 1.6213293076 1.6213293076 1.6213293076 1.6213293076 1.6213293076 
1.6213293076 1.6213293076 1.6213293076 1.6213293076 1.6213293076 1.6213293076 1.6213293076 1.6213293076 1.6213293076 
1.6213293076 1.6213293076 1.6213293076 1.6213293076 1.6213293076 1.6213293076 1.6213293076 1.6213293076 1.6213293076 
1.6213293076 1.6213293076 1.6213293076 1.6213293076 1.6213293076 1.6213293076 1.6213293076 1.6213293076 1.6213293076 
1.6213293076 1.6213293076 1.6213293076 1.6213293076 1.6213293076 1.6213293076 1.6213293076 1.6213293076 1.6213293076 
1.6213293076 1.6213293076 1.6213293076 1.6213293076 1.6213293076 1.6213293076 1.6213293076 1.6213293076 1.6213293076 
1.6213293076 1.6213293076 1.6213293076 1.6213293076 1.6213293076 1.6213293076 1.6213293076 1.6213293076 1.6213293076 
1.6213293076 1.6213293076 1.6213293076 1.6213293076 1.6213293076 1.6213293076 1.6213293076 1.6213293076 1.7025614977 
1.7025614977 1.7025614977 1.7025614977 1.7025614977 1.7025614977 1.7025614977 1.7025614977 1.7025614977 1.7025614977 
1.7025614977 1.7025614977 1.7025614977 1.7025614977 1.7025614977 1.7025614977 1.7025614977 1.7025614977 1.7025614977 
1.7025614977 1.7025614977 1.7025614977 1.7025614977 1.7025614977 1.7025614977 1.7025614977 1.7025614977 1.7025614977 
1.7025614977 1.7025614977 1.7025614977 1.7025614977 1.7025614977 1.7025614977 1.7025614977 1.7025614977 1.7025614977 
1.7025614977 1.7025614977 1.7025614977 1.7025614977 1.7025614977 1.7025614977 1.7025614977 1.7025614977 1.7025614977 
1.7025614977 1.7025614977 1.7025614977 1.7025614977 1.7025614977 1.7025614977 1.7025614977 1.7025614977 1.7025614977 
1.7025614977 1.7025614977 1.7025614977 1.7025614977 1.7025614977 1.7025614977 1.7025614977 1.7025614977 1.7025614977 
1.7025614977 1.7025614977 1.7025614977 1.7025614977 1.7025614977 1.7025614977 1.7025614977 1.7025614977 1.7025614977 
1.7025614977 1.7025614977 1.7025614977 1.7025614977 1.7025614977 1.7025614977 1.7025614977 1.7025614977 1.7025614977 
1.7025614977 1.7025614977 1.7025614977 1.7025614977 1.7025614977 1.7025614977 1.7025614977 1.7025614977 1.7025614977 
1.7025614977 1.7025614977 1.7025614977 1.7025614977 1.7025614977 1.7025614977 1.7025614977 1.7025614977 1.7025614977 
1.7875745296 1.7875745296 1.7875745296 1.7875745296 1.7875745296 1.7875745296 1.7875745296 1.7875745296 1.7875745296 
1.7875745296 1.7875745296 1.7875745296 1.7875745296 1.7875745296 1.7875745296 1.7875745296 1.7875745296 1.7875745296 
1.7875745296 1.7875745296 1.7875745296 1.7875745296 1.7875745296 1.7875745296 1.7875745296 1.7875745296 1.7875745296 
1.7875745296 1.7875745296 1.7875745296 1.7875745296 1.7875745296 1.7875745296 1.7875745296 1.7875745296 1.7875745296 
1.7875745296 1.7875745296 1.7875745296 1.7875745296 1.7875745296 1.7875745296 1.7875745296 1.7875745296 1.7875745296 
1.7875745296 1.7875745296 1.7875745296 1.7875745296 1.7875745296 1.7875745296 1.7875745296 1.7875745296 1.7875745296 
1.7875745296 1.7875745296 1.7875745296 1.7875745296 1.7875745296 1.7875745296 1.7875745296 1.7875745296 1.7875745296 
1.7875745296 1.7875745296 1.7875745296 1.7875745296 1.7875745296 1.7875745296 1.7875745296 1.7875745296 1.7875745296 
1.7875745296 1.7875745296 1.7875745296 1.7875745296 1.7875745296 1.7875745296 1.7875745296 1.7875745296 1.7875745296 
1.7875745296 1.7875745296 1.7875745296 1.7875745296 1.7875745296 1.7875745296 1.7875745296 1.7875745296 1.7875745296 
1.7875745296 1.7875745296 1.7875745296 1.7875745296 1.7875745296 1.7875745296 1.7875745296 1.7875745296 1.7875745296 
1.7875745296 1.8765362501 1.8765362501 1.8765362501 1.8765362501 1.8765362501 1.8765362501 1.8765362501 1.8765362501 
1.8765362501 1.8765362501 1.8765362501 1.8765362501 1.8765362501 1.8765362501 1.8765362501 1.8765362501 1.8765362501 
1.8765362501 1.8765362501 1.8765362501 1.8765362501 1.8765362501 1.8765362501 1.8765362501 1.8765362501 1.8765362501 
1.8765362501 1.8765362501 1.8765362501 1.8765362501 1.8765362501 1.8765362501 1.8765362501 1.8765362501 1.8765362501 
1.8765362501 1.8765362501 1.8765362501 1.8765362501 1.8765362501 1.8765362501 1.8765362501 1.8765362501 1.8765362501 
1.8765362501 1.8765362501 1.8765362501 1.8765362501 1.8765362501 1.8765362501 1.8765362501 1.8765362501 1.8765362501 
1.8765362501 1.8765362501 1.8765362501 1.8765362501 1.8765362501 1.8765362501 1.8765362501 1.8765362501 1.8765362501 
1.8765362501 1.8765362501 1.8765362501 1.8765362501 1.8765362501 1.8765362501 1.8765362501 1.8765362501 1.8765362501 
1.8765362501 1.8765362501 1.8765362501 1.8765362501 1.8765362501 1.8765362501 1.8765362501 1.8765362501 1.8765362501 
1.8765362501 1.8765362501 1.8765362501 1.8765362501 1.8765362501 1.8765362501 1.8765362501 1.8765362501 1.8765362501 
1.8765362501 1.8765362501 1.8765362501 1.8765362501 1.8765362501 1.8765362501 1.8765362501 1.8765362501 1.8765362501 
1.8765362501 1.8765362501 1.9696209431 1.9696209431 1.9696209431 1.9696209431 1.9696209431 1.9696209431 1.9696209431 
1.9696209431 1.9696209431 1.9696209431 1.9696209431 1.9696209431 1.9696209431 1.9696209431 1.9696209431 1.9696209431 
1.9696209431 1.9696209431 1.9696209431 1.9696209431 1.9696209431 1.9696209431 1.9696209431 1.9696209431 1.9696209431 
1.9696209431 1.9696209431 1.9696209431 1.9696209431 1.9696209431 1.9696209431 1.9696209431 1.9696209431 1.9696209431 
1.9696209431 1.9696209431 1.9696209431 1.9696209431 1.9696209431 1.9696209431 1.9696209431 1.9696209431 1.9696209431 
1.9696209431 1.9696209431 1.9696209431 1.9696209431 1.9696209431 1.9696209431 1.9696209431 1.9696209431 1.9696209431 
1.9696209431 1.9696209431 1.9696209431 1.9696209431 1.9696209431 1.9696209431 1.9696209431 1.9696209431 1.9696209431 
1.9696209431 1.9696209431 1.9696209431 1.9696209431 1.9696209431 1.9696209431 1.9696209431 1.9696209431 1.9696209431 
1.9696209431 1.9696209431 1.9696209431 1.9696209431 1.9696209431 1.9696209431 1.9696209431 1.9696209431 1.9696209431 
1.9696209431 1.9696209431 1.9696209431 1.9696209431 1.9696209431 1.9696209431 1.9696209431 1.9696209431 1.9696209431 
1.9696209431 1.9696209431 1.9696209431 1.9696209431 1.9696209431 1.9696209431 1.9696209431 1.9696209431 1.9696209431 
1.9696209431 1.9696209431 1.9696209431 2.0670113564 2.0670113564 2.0670113564 2.0670113564 2.0670113564 2.0670113564 
2.0670113564 2.0670113564 2.0670113564 2.0670113564 2.0670113564 2.0670113564 2.0670113564 2.0670113564 2.0670113564 
2.0670113564 2.0670113564 2.0670113564 2.0670113564 2.0670113564 2.0670113564 2.0670113564 2.0670113564 2.0670113564 
2.0670113564 2.0670113564 2.0670113564 2.0670113564 2.0670113564 2.0670113564 2.0670113564 2.0670113564 2.0670113564 
2.0670113564 2.0670113564 2.0670113564 2.0670113564 2.0670113564 2.0670113564 2.0670113564 2.0670113564 2.0670113564 
2.0670113564 2.0670113564 2.0670113564 2.0670113564 2.0670113564 2.0670113564 2.0670113564 2.0670113564 2.0670113564 
2.0670113564 2.0670113564 2.0670113564 2.0670113564 2.0670113564 2.0670113564 2.0670113564 2.0670113564 2.0670113564 
2.0670113564 2.0670113564 2.0670113564 2.0670113564 2.0670113564 2.0670113564 2.0670113564 2.0670113564 2.0670113564 
2.0670113564 2.0670113564 2.0670113564 2.0670113564 2.0670113564 2.0670113564 2.0670113564 2.0670113564 2.0670113564 
2.0670113564 2.0670113564 2.0670113564 2.0670113564 2.0670113564 2.0670113564 2.0670113564 2.0670113564 2.0670113564 
2.0670113564 2.0670113564 2.0670113564 2.0670113564 2.0670113564 2.0670113564 2.0670113564 2.0670113564 2.0670113564 
2.0670113564 2.0670113564 2.0670113564 2.0670113564 2.1688988209 2.1688988209 2.1688988209 2.1688988209 2.1688988209 
2.1688988209 2.1688988209 2.1688988209 2.1688988209 2.1688988209 2.1688988209 2.1688988209 2.1688988209 2.1688988209 
2.1688988209 2.1688988209 2.1688988209 2.1688988209 2.1688988209 2.1688988209 2.1688988209 2.1688988209 2.1688988209 
2.1688988209 2.1688988209 2.1688988209 2.1688988209 2.1688988209 2.1688988209 2.1688988209 2.1688988209 2.1688988209 
2.1688988209 2.1688988209 2.1688988209 2.1688988209 2.1688988209 2.1688988209 2.1688988209 2.1688988209 2.1688988209 
2.1688988209 2.1688988209 2.1688988209 2.1688988209 2.1688988209 2.1688988209 2.1688988209 2.1688988209 2.1688988209 
2.1688988209 2.1688988209 2.1688988209 2.1688988209 2.1688988209 2.1688988209 2.1688988209 2.1688988209 2.1688988209 
2.1688988209 2.1688988209 2.1688988209 2.1688988209 2.1688988209 2.1688988209 2.1688988209 2.1688988209 2.1688988209 
2.1688988209 2.1688988209 2.1688988209 2.1688988209 2.1688988209 2.1688988209 2.1688988209 2.1688988209 2.1688988209 
2.1688988209 2.1688988209 2.1688988209 2.1688988209 2.1688988209 2.1688988209 2.1688988209 2.1688988209 2.1688988209 
2.1688988209 2.1688988209 2.1688988209 2.1688988209 2.1688988209 2.1688988209 2.1688988209 2.1688988209 2.1688988209 
2.1688988209 2.1688988209 2.1688988209 2.1688988209 2.1688988209 2.2754819393 2.2754819393 2.2754819393 2.2754819393 
2.2754819393 2.2754819393 2.2754819393 2.2754819393 2.2754819393 2.2754819393 2.2754819393 2.2754819393 2.2754819393 
2.2754819393 2.2754819393 2.2754819393 2.2754819393 2.2754819393 2.2754819393 2.2754819393 2.2754819393 2.2754819393 
2.2754819393 2.2754819393 2.2754819393 2.2754819393 2.2754819393 2.2754819393 2.2754819393 2.2754819393 2.2754819393 
2.2754819393 2.2754819393 2.2754819393 2.2754819393 2.2754819393 2.2754819393 2.2754819393 2.2754819393 2.2754819393 
2.2754819393 2.2754819393 2.2754819393 2.2754819393 2.2754819393 2.2754819393 2.2754819393 2.2754819393 2.2754819393 
2.2754819393 2.2754819393 2.2754819393 2.2754819393 2.2754819393 2.2754819393 2.2754819393 2.2754819393 2.2754819393 
2.2754819393 2.2754819393 2.2754819393 2.2754819393 2.2754819393 2.2754819393 2.2754819393 2.2754819393 2.2754819393 
2.2754819393 2.2754819393 2.2754819393 2.2754819393 2.2754819393 2.2754819393 2.2754819393 2.2754819393 2.2754819393 
2.2754819393 2.2754819393 2.2754819393 2.2754819393 2.2754819393 2.2754819393 2.2754819393 2.2754819393 2.2754819393 
2.2754819393 2.2754819393 2.2754819393 2.2754819393 2.2754819393 2.2754819393 2.2754819393 2.2754819393 2.2754819393 
2.2754819393 2.2754819393 2.2754819393 2.2754819393 2.2754819393 2.2754819393 2.3869686127 2.3869686127 2.3869686127 
2.3869686127 2.3869686127 2.3869686127 2.3869686127 2.3869686127 2.3869686127 2.3869686127 2.3869686127 2.3869686127 
2.3869686127 2.3869686127 2.3869686127 2.3869686127 2.3869686127 2.3869686127 2.3869686127 2.3869686127 2.3869686127 
2.3869686127 2.3869686127 2.3869686127 2.3869686127 2.3869686127 2.3869686127 2.3869686127 2.3869686127 2.3869686127 
2.3869686127 2.3869686127 2.3869686127 2.3869686127 2.3869686127 2.3869686127 2.3869686127 2.3869686127 2.3869686127 
2.3869686127 2.3869686127 2.3869686127 2.3869686127 2.3869686127 2.3869686127 2.3869686127 2.3869686127 2.3869686127 
2.3869686127 2.3869686127 2.3869686127 2.3869686127 2.3869686127 2.3869686127 2.3869686127 2.3869686127 2.3869686127 
2.3869686127 2.3869686127 2.3869686127 2.3869686127 2.3869686127 2.3869686127 2.3869686127 2.3869686127 2.3869686127 
2.3869686127 2.3869686127 2.3869686127 2.3869686127 2.3869686127 2.3869686127 2.3869686127 2.3869686127 2.3869686127 
2.3869686127 2.3869686127 2.3869686127 2.3869686127 2.3869686127 2.3869686127 2.3869686127 2.3869686127 2.3869686127 
2.3869686127 2.3869686127 2.3869686127 2.3869686127 2.3869686127 2.3869686127 2.3869686127 2.3869686127 2.3869686127 
2.3869686127 2.3869686127 2.3869686127 2.3869686127 2.3869686127 2.3869686127 2.3869686127 2.5035767555 2.5035767555 
2.5035767555 2.5035767555 2.5035767555 2.5035767555 2.5035767555 2.5035767555 2.5035767555 2.5035767555 2.5035767555 
2.5035767555 2.5035767555 2.5035767555 2.5035767555 2.5035767555 2.5035767555 2.5035767555 2.5035767555 2.5035767555 
2.5035767555 2.5035767555 2.5035767555 2.5035767555 2.5035767555 2.5035767555 2.5035767555 2.5035767555 2.5035767555 
2.5035767555 2.5035767555 2.5035767555 2.5035767555 2.5035767555 2.5035767555 2.5035767555 2.5035767555 2.5035767555 
2.5035767555 2.5035767555 2.5035767555 2.5035767555 2.5035767555 2.5035767555 2.5035767555 2.5035767555 2.5035767555 
2.5035767555 2.5035767555 2.5035767555 2.5035767555 2.5035767555 2.5035767555 2.5035767555 2.5035767555 2.5035767555 
2.5035767555 2.5035767555 2.5035767555 2.5035767555 2.5035767555 2.5035767555 2.5035767555 2.5035767555 2.5035767555 
2.5035767555 2.5035767555 2.5035767555 2.5035767555 2.5035767555 2.5035767555 2.5035767555 2.5035767555 2.5035767555 
2.5035767555 2.5035767555 2.5035767555 2.5035767555 2.5035767555 2.5035767555 2.5035767555 2.5035767555 2.5035767555 
2.5035767555 2.5035767555 2.5035767555 2.5035767555 2.5035767555 2.5035767555 2.5035767555 2.5035767555 2.5035767555 
2.5035767555 2.5035767555 2.5035767555 2.5035767555 2.5035767555 2.5035767555 2.5035767555 2.5035767555 2.625534296 
2.625534296 2.625534296 2.625534296 2.625534296 2.625534296 2.625534296 2.625534296 2.625534296 2.625534296 
2.625534296 2.625534296 2.625534296 2.625534296 2.625534296 2.625534296 2.625534296 2.625534296 2.625534296 
2.625534296 2.625534296 2.625534296 2.625534296 2.625534296 2.625534296 2.625534296 2.625534296 2.625534296 
2.625534296 2.625534296 2.625534296 2.625534296 2.625534296 2.625534296 2.625534296 2.625534296 2.625534296 
2.625534296 2.625534296 2.625534296 2.625534296 2.625534296 2.625534296 2.625534296 2.625534296 2.625534296 
2.625534296 2.625534296 2.625534296 2.625534296 2.625534296 2.625534296 2.625534296 2.625534296 2.625534296 
2.625534296 2.625534296 2.625534296 2.625534296 2.625534296 2.625534296 2.625534296 2.625534296 2.625534296 
2.625534296 2.625534296 2.625534296 2.625534296 2.625534296 2.625534296 2.625534296 2.625534296 2.625534296 
2.625534296 2.625534296 2.625534296 2.625534296 2.625534296 2.625534296 2.625534296 2.625534296 2.625534296 
2.625534296 2.625534296 2.625534296 2.625534296 2.625534296 2.625534296 2.625534296 2.625534296 2.625534296 
2.625534296 2.625534296 2.625534296 2.625534296 2.625534296 2.625534296 2.625534296 2.625534296 2.625534296 
2.7530779839 2.7530779839 2.7530779839 2.7530779839 2.7530779839 2.7530779839 2.7530779839 2.7530779839 2.7530779839 
2.7530779839 2.7530779839 2.7530779839 2.7530779839 2.7530779839 2.7530779839 2.7530779839 2.7530779839 2.7530779839 
2.7530779839 2.7530779839 2.7530779839 2.7530779839 2.7530779839 2.7530779839 2.7530779839 2.7530779839 2.7530779839 
2.7530779839 2.7530779839 2.7530779839 2.7530779839 2.7530779839 2.7530779839 2.7530779839 2.7530779839 2.7530779839 
2.7530779839 2.7530779839 2.7530779839 2.7530779839 2.7530779839 2.7530779839 2.7530779839 2.7530779839 2.7530779839 
2.7530779839 2.7530779839 2.7530779839 2.7530779839 2.7530779839 2.7530779839 2.7530779839 2.7530779839 2.7530779839 
2.7530779839 2.7530779839 2.7530779839 2.7530779839 2.7530779839 2.7530779839 2.7530779839 2.7530779839 2.7530779839 
2.7530779839 2.7530779839 2.7530779839 2.7530779839 2.7530779839 2.7530779839 2.7530779839 2.7530779839 2.7530779839 
2.7530779839 2.7530779839 2.7530779839 2.7530779839 2.7530779839 2.7530779839 2.7530779839 2.7530779839 2.7530779839 
2.7530779839 2.7530779839 2.7530779839 2.7530779839 2.7530779839 2.7530779839 2.7530779839 2.7530779839 2.7530779839 
2.7530779839 2.7530779839 2.7530779839 2.7530779839 2.7530779839 2.7530779839 2.7530779839 2.7530779839 2.7530779839 
2.7530779839 2.8864564896 2.8864564896 2.8864564896 2.8864564896 2.8864564896 2.8864564896 2.8864564896 2.8864564896 
2.8864564896 2.8864564896 2.8864564896 2.8864564896 2.8864564896 2.8864564896 2.8864564896 2.8864564896 2.8864564896 
2.8864564896 2.8864564896 2.8864564896 2.8864564896 2.8864564896 2.8864564896 2.8864564896 2.8864564896 2.8864564896 
2.8864564896 2.8864564896 2.8864564896 2.8864564896 2.8864564896 2.8864564896 2.8864564896 2.8864564896 2.8864564896 
2.8864564896 2.8864564896 2.8864564896 2.8864564896 2.8864564896 2.8864564896 2.8864564896 2.8864564896 2.8864564896 
2.8864564896 2.8864564896 2.8864564896 2.8864564896 2.8864564896 2.8864564896 2.8864564896 2.8864564896 2.8864564896 
2.8864564896 2.8864564896 2.8864564896 2.8864564896 2.8864564896 2.8864564896 2.8864564896 2.8864564896 2.8864564896 
2.8864564896 2.8864564896 2.8864564896 2.8864564896 2.8864564896 2.8864564896 2.8864564896 2.8864564896 2.8864564896 
2.8864564896 2.8864564896 2.8864564896 2.8864564896 2.8864564896 2.8864564896 2.8864564896 2.8864564896 2.8864564896 
2.8864564896 2.8864564896 2.8864564896 2.8864564896 2.8864564896 2.8864564896 2.8864564896 2.8864564896 2.8864564896 
2.8864564896 2.8864564896 2.8864564896 2.8864564896 2.8864564896 2.8864564896 2.8864564896 2.8864564896 2.8864564896 
2.8864564896 2.8864564896 3.0259289742 3.0259289742 3.0259289742 3.0259289742 3.0259289742 3.0259289742 3.0259289742 
3.0259289742 3.0259289742 3.0259289742 3.0259289742 3.0259289742 3.0259289742 3.0259289742 3.0259289742 3.0259289742 
3.0259289742 3.0259289742 3.0259289742 3.0259289742 3.0259289742 3.0259289742 3.0259289742 3.0259289742 3.0259289742 
3.0259289742 3.0259289742 3.0259289742 3.0259289742 3.0259289742 3.0259289742 3.0259289742 3.0259289742 3.0259289742 
3.0259289742 3.0259289742 3.0259289742 3.0259289742 3.0259289742 3.0259289742 3.0259289742 3.0259289742 3.0259289742 
3.0259289742 3.0259289742 3.0259289742 3.0259289742 3.0259289742 3.0259289742 3.0259289742 3.0259289742 3.0259289742 
3.0259289742 3.0259289742 3.0259289742 3.0259289742 3.0259289742 3.0259289742 3.0259289742 3.0259289742 3.0259289742 
3.0259289742 3.0259289742 3.0259289742 3.0259289742 3.0259289742 3.0259289742 3.0259289742 3.0259289742 3.0259289742 
3.0259289742 3.0259289742 3.0259289742 3.0259289742 3.0259289742 3.0259289742 3.0259289742 3.0259289742 3.0259289742 
3.0259289742 3.0259289742 3.0259289742 3.0259289742 3.0259289742 3.0259289742 3.0259289742 3.0259289742 3.0259289742 
3.0259289742 3.0259289742 3.0259289742 3.0259289742 3.0259289742 3.0259289742 3.0259289742 3.0259289742 3.0259289742 
3.0259289742 3.0259289742 3.0259289742 3.171766758 3.171766758 3.171766758 3.171766758 3.171766758 3.171766758 
3.171766758 3.171766758 3.171766758 3.171766758 3.171766758 3.171766758 3.171766758 3.171766758 3.171766758 
3.171766758 3.171766758 3.171766758 3.171766758 3.171766758 3.171766758 3.171766758 3.171766758 3.171766758 
3.171766758 3.171766758 3.171766758 3.171766758 3.171766758 3.171766758 3.171766758 3.171766758 3.171766758 
3.171766758 3.171766758 3.171766758 3.171766758 3.171766758 3.171766758 3.171766758 3.171766758 3.171766758 
3.171766758 3.171766758 3.171766758 3.171766758 3.171766758 3.171766758 3.171766758 3.171766758 3.171766758 
3.171766758 3.171766758 3.171766758 3.171766758 3.171766758 3.171766758 3.171766758 3.171766758 3.171766758 
3.171766758 3.171766758 3.171766758 3.171766758 3.171766758 3.171766758 3.171766758 3.171766758 3.171766758 
3.171766758 3.171766758 3.171766758 3.171766758 3.171766758 3.171766758 3.171766758 3.171766758 3.171766758 
3.171766758 3.171766758 3.171766758 3.171766758 3.171766758 3.171766758 3.171766758 3.171766758 3.171766758 
3.171766758 3.171766758 3.171766758 3.171766758 3.171766758 3.171766758 3.171766758 3.171766758 3.171766758 
3.171766758 3.171766758 3.171766758 3.171766758 3.3242537975 3.3242537975 3.3242537975 3.3242537975 3.3242537975 
3.3242537975 3.3242537975 3.3242537975 3.3242537975 3.3242537975 3.3242537975 3.3242537975 3.3242537975 3.3242537975 
3.3242537975 3.3242537975 3.3242537975 3.3242537975 3.3242537975 3.3242537975 3.3242537975 3.3242537975 3.3242537975 
3.3242537975 3.3242537975 3.3242537975 3.3242537975 3.3242537975 3.3242537975 3.3242537975 3.3242537975 3.3242537975 
3.3242537975 3.3242537975 3.3242537975 3.3242537975 3.3242537975 3.3242537975 3.3242537975 3.3242537975 3.3242537975 
3.3242537975 3.3242537975 3.3242537975 3.3242537975 3.3242537975 3.3242537975 3.3242537975 3.3242537975 3.3242537975 
3.3242537975 3.3242537975 3.3242537975 3.3242537975 3.3242537975 3.3242537975 3.3242537975 3.3242537975 3.3242537975 
3.3242537975 3.3242537975 3.3242537975 3.3242537975 3.3242537975 3.3242537975 3.3242537975 3.3242537975 3.3242537975 
3.3242537975 3.3242537975 3.3242537975 3.3242537975 3.3242537975 3.3242537975 3.3242537975 3.3242537975 3.3242537975 
3.3242537975 3.3242537975 3.3242537975 3.3242537975 3.3242537975 3.3242537975 3.3242537975 3.3242537975 3.3242537975 
3.3242537975 3.3242537975 3.3242537975 3.3242537975 3.3242537975 3.3242537975 3.3242537975 3.3242537975 3.3242537975 
3.3242537975 3.3242537975 3.3242537975 3.3242537975 3.3242537975 3.4836866856 3.4836866856 3.4836866856 3.4836866856 
3.4836866856 3.4836866856 3.4836866856 3.4836866856 3.4836866856 3.4836866856 3.4836866856 3.4836866856 3.4836866856 
3.4836866856 3.4836866856 3.4836866856 3.4836866856 3.4836866856 3.4836866856 3.4836866856 3.4836866856 3.4836866856 
3.4836866856 3.4836866856 3.4836866856 3.4836866856 3.4836866856 3.4836866856 3.4836866856 3.4836866856 3.4836866856 
3.4836866856 3.4836866856 3.4836866856 3.4836866856 3.4836866856 3.4836866856 3.4836866856 3.4836866856 3.4836866856 
3.4836866856 3.4836866856 3.4836866856 3.4836866856 3.4836866856 3.4836866856 3.4836866856 3.4836866856 3.4836866856 
3.4836866856 3.4836866856 3.4836866856 3.4836866856 3.4836866856 3.4836866856 3.4836866856 3.4836866856 3.4836866856 
3.4836866856 3.4836866856 3.4836866856 3.4836866856 3.4836866856 3.4836866856 3.4836866856 3.4836866856 3.4836866856 
3.4836866856 3.4836866856 3.4836866856 3.4836866856 3.4836866856 3.4836866856 3.4836866856 3.4836866856 3.4836866856 
3.4836866856 3.4836866856 3.4836866856 3.4836866856 3.4836866856 3.4836866856 3.4836866856 3.4836866856 3.4836866856 
3.4836866856 3.4836866856 3.4836866856 3.4836866856 3.4836866856 3.4836866856 3.4836866856 3.4836866856 3.4836866856 
3.4836866856 3.4836866856 3.4836866856 3.4836866856 3.4836866856 3.4836866856 3.6503751278 3.6503751278 3.6503751278 
3.6503751278 3.6503751278 3.6503751278 3.6503751278 3.6503751278 3.6503751278 3.6503751278 3.6503751278 3.6503751278 
3.6503751278 3.6503751278 3.6503751278 3.6503751278 3.6503751278 3.6503751278 3.6503751278 3.6503751278 3.6503751278 
3.6503751278 3.6503751278 3.6503751278 3.6503751278 3.6503751278 3.6503751278 3.6503751278 3.6503751278 3.6503751278 
3.6503751278 3.6503751278 3.6503751278 3.6503751278 3.6503751278 3.6503751278 3.6503751278 3.6503751278 3.6503751278 
3.6503751278 3.6503751278 3.6503751278 3.6503751278 3.6503751278 3.6503751278 3.6503751278 3.6503751278 3.6503751278 
3.6503751278 3.6503751278 3.6503751278 3.6503751278 3.6503751278 3.6503751278 3.6503751278 3.6503751278 3.6503751278 
3.6503751278 3.6503751278 3.6503751278 3.6503751278 3.6503751278 3.6503751278 3.6503751278 3.6503751278 3.6503751278 
3.6503751278 3.6503751278 3.6503751278 3.6503751278 3.6503751278 3.6503751278 3.6503751278 3.6503751278 3.6503751278 
3.6503751278 3.6503751278 3.6503751278 3.6503751278 3.6503751278 3.6503751278 3.6503751278 3.6503751278 3.6503751278 
3.6503751278 3.6503751278 3.6503751278 3.6503751278 3.6503751278 3.6503751278 3.6503751278 3.6503751278 3.6503751278 
3.6503751278 3.6503751278 3.6503751278 3.6503751278 3.6503751278 3.6503751278 3.6503751278 3.8246426582 3.8246426582 
3.8246426582 3.8246426582 3.8246426582 3.8246426582 3.8246426582 3.8246426582 3.8246426582 3.8246426582 3.8246426582 
3.8246426582 3.8246426582 3.8246426582 3.8246426582 3.8246426582 3.8246426582 3.8246426582 3.8246426582 3.8246426582 
3.8246426582 3.8246426582 3.8246426582 3.8246426582 3.8246426582 3.8246426582 3.8246426582 3.8246426582 3.8246426582 
3.8246426582 3.8246426582 3.8246426582 3.8246426582 3.8246426582 3.8246426582 3.8246426582 3.8246426582 3.8246426582 
3.8246426582 3.8246426582 3.8246426582 3.8246426582 3.8246426582 3.8246426582 3.8246426582 3.8246426582 3.8246426582 
3.8246426582 3.8246426582 3.8246426582 3.8246426582 3.8246426582 3.8246426582 3.8246426582 3.8246426582 3.8246426582 
3.8246426582 3.8246426582 3.8246426582 3.8246426582 3.8246426582 3.8246426582 3.8246426582 3.8246426582 3.8246426582 
3.8246426582 3.8246426582 3.8246426582 3.8246426582 3.8246426582 3.8246426582 3.8246426582 3.8246426582 3.8246426582 
3.8246426582 3.8246426582 3.8246426582 3.8246426582 3.8246426582 3.8246426582 3.8246426582 3.8246426582 3.8246426582 
3.8246426582 3.8246426582 3.8246426582 3.8246426582 3.8246426582 3.8246426582 3.8246426582 3.8246426582 3.8246426582 
3.8246426582 3.8246426582 3.8246426582 3.8246426582 3.8246426582 3.8246426582 3.8246426582 3.8246426582 4.0068292618 
4.0068292618 4.0068292618 4.0068292618 4.0068292618 4.0068292618 4.0068292618 4.0068292618 4.0068292618 4.0068292618 
4.0068292618 4.0068292618 4.0068292618 4.0068292618 4.0068292618 4.0068292618 4.0068292618 4.0068292618 4.0068292618 
4.0068292618 4.0068292618 4.0068292618 4.0068292618 4.0068292618 4.0068292618 4.0068292618 4.0068292618 4.0068292618 
4.0068292618 4.0068292618 4.0068292618 4.0068292618 4.0068292618 4.0068292618 4.0068292618 4.0068292618 4.0068292618 
4.0068292618 4.0068292618 4.0068292618 4.0068292618 4.0068292618 4.0068292618 4.0068292618 4.0068292618 4.0068292618 
4.0068292618 4.0068292618 4.0068292618 4.0068292618 4.0068292618 4.0068292618 4.0068292618 4.0068292618 4.0068292618 
4.0068292618 4.0068292618 4.0068292618 4.0068292618 4.0068292618 4.0068292618 4.0068292618 4.0068292618 4.0068292618 
4.0068292618 4.0068292618 4.0068292618 4.0068292618 4.0068292618 4.0068292618 4.0068292618 4.0068292618 4.0068292618 
4.0068292618 4.0068292618 4.0068292618 4.0068292618 4.0068292618 4.0068292618 4.0068292618 4.0068292618 4.0068292618 
4.0068292618 4.0068292618 4.0068292618 4.0068292618 4.0068292618 4.0068292618 4.0068292618 4.0068292618 4.0068292618 
4.0068292618 4.0068292618 4.0068292618 4.0068292618 4.0068292618 4.0068292618 4.0068292618 4.0068292618 4.0068292618 
4.19728899 4.19728899 4.19728899 4.19728899 4.19728899 4.19728899 4.19728899 4.19728899 4.19728899 
4.19728899 4.19728899 4.19728899 4.19728899 4.19728899 4.19728899 4.19728899 4.19728899 4.19728899 
4.19728899 4.19728899 4.19728899 4.19728899 4.19728899 4.19728899 4.19728899 4.19728899 4.19728899 
4.19728899 4.19728899 4.19728899 4.19728899 4.19728899 4.19728899 4.19728899 4.19728899 4.19728899 
4.19728899 4.19728899 4.19728899 4.19728899 4.19728899 4.19728899 4.19728899 4.19728899 4.19728899 
4.19728899 4.19728899 4.19728899 4.19728899 4.19728899 4.19728899 4.19728899 4.19728899 4.19728899 
4.19728899 4.19728899 4.19728899 4.19728899 4.19728899 4.19728899 4.19728899 4.19728899 4.19728899 
4.19728899 4.19728899 4.19728899 4.19728899 4.19728899 4.19728899 4.19728899 4.19728899 4.19728899 
4.19728899 4.19728899 4.19728899 4.19728899 4.19728899 4.19728899 4.19728899 4.19728899 4.19728899 
4.19728899 4.19728899 4.19728899 4.19728899 4.19728899 4.19728899 4.19728899 4.19728899 4.19728899 
4.19728899 4.19728899 4.19728899 4.19728899 4.19728899 4.19728899 4.19728899 4.19728899 4.19728899 
4.19728899 4.3963923454 4.3963923454 4.3963923454 4.3963923454 4.3963923454 4.3963923454 4.3963923454 4.3963923454 
4.3963923454 4.3963923454 4.3963923454 4.3963923454 4.3963923454 4.3963923454 4.3963923454 4.3963923454 4.3963923454 
4.3963923454 4.3963923454 4.3963923454 4.3963923454 4.3963923454 4.3963923454 4.3963923454 4.3963923454 4.3963923454 
4.3963923454 4.3963923454 4.3963923454 4.3963923454 4.3963923454 4.3963923454 4.3963923454 4.3963923454 4.3963923454 
4.3963923454 4.3963923454 4.3963923454 4.3963923454 4.3963923454 4.3963923454 4.3963923454 4.3963923454 4.3963923454 
4.3963923454 4.3963923454 4.3963923454 4.3963923454 4.3963923454 4.3963923454 4.3963923454 4.3963923454 4.3963923454 
4.3963923454 4.3963923454 4.3963923454 4.3963923454 4.3963923454 4.3963923454 4.3963923454 4.3963923454 4.3963923454 
4.3963923454 4.3963923454 4.3963923454 4.3963923454 4.3963923454 4.3963923454 4.3963923454 4.3963923454 4.3963923454 
4.3963923454 4.3963923454 4.3963923454 4.3963923454 4.3963923454 4.3963923454 4.3963923454 4.3963923454 4.3963923454 
4.3963923454 4.3963923454 4.3963923454 4.3963923454 4.3963923454 4.3963923454 4.3963923454 4.3963923454 4.3963923454 
4.3963923454 4.3963923454 4.3963923454 4.3963923454 4.3963923454 4.3963923454 4.3963923454 4.3963923454 4.3963923454 
4.3963923454 4.3963923454 4.6045255661 4.6045255661 4.6045255661 4.6045255661 4.6045255661 4.6045255661 4.6045255661 
4.6045255661 4.6045255661 4.6045255661 4.6045255661 4.6045255661 4.6045255661 4.6045255661 4.6045255661 4.6045255661 
4.6045255661 4.6045255661 4.6045255661 4.6045255661 4.6045255661 4.6045255661 4.6045255661 4.6045255661 4.6045255661 
4.6045255661 4.6045255661 4.6045255661 4.6045255661 4.6045255661 4.6045255661 4.6045255661 4.6045255661 4.6045255661 
4.6045255661 4.6045255661 4.6045255661 4.6045255661 4.6045255661 4.6045255661 4.6045255661 4.6045255661 4.6045255661 
4.6045255661 4.6045255661 4.6045255661 4.6045255661 4.6045255661 4.6045255661 4.6045255661 4.6045255661 4.6045255661 
4.6045255661 4.6045255661 4.6045255661 4.6045255661 4.6045255661 4.6045255661 4.6045255661 4.6045255661 4.6045255661 
4.6045255661 4.6045255661 4.6045255661 4.6045255661 4.6045255661 4.6045255661 4.6045255661 4.6045255661 4.6045255661 
4.6045255661 4.6045255661 4.6045255661 4.6045255661 4.6045255661 4.6045255661 4.6045255661 4.6045255661 4.6045255661 
4.6045255661 4.6045255661 4.6045255661 4.6045255661 4.6045255661 4.6045255661 4.6045255661 4.6045255661 4.6045255661 
4.6045255661 4.6045255661 4.6045255661 4.6045255661 4.6045255661 4.6045255661 4.6045255661 4.6045255661 4.6045255661 
4.6045255661 4.6045255661 4.6045255661 4.8220944405 4.8220944405 4.8220944405 4.8220944405 4.8220944405 4.8220944405 
4.8220944405 4.8220944405 4.8220944405 4.8220944405 4.8220944405 4.8220944405 4.8220944405 4.8220944405 4.8220944405 
4.8220944405 4.8220944405 4.8220944405 4.8220944405 4.8220944405 4.8220944405 4.8220944405 4.8220944405 4.8220944405 
4.8220944405 4.8220944405 4.8220944405 4.8220944405 4.8220944405 4.8220944405 4.8220944405 4.8220944405 4.8220944405 
4.8220944405 4.8220944405 4.8220944405 4.8220944405 4.8220944405 4.8220944405 4.8220944405 4.8220944405 4.8220944405 
4.8220944405 4.8220944405 4.8220944405 4.8220944405 4.8220944405 4.8220944405 4.8220944405 4.8220944405 4.8220944405 
4.8220944405 4.8220944405 4.8220944405 4.8220944405 4.8220944405 4.8220944405 4.8220944405 4.8220944405 4.8220944405 
4.8220944405 4.8220944405 4.8220944405 4.8220944405 4.8220944405 4.8220944405 4.8220944405 4.8220944405 4.8220944405 
4.8220944405 4.8220944405 4.8220944405 4.8220944405 4.8220944405 4.8220944405 4.8220944405 4.8220944405 4.8220944405 
4.8220944405 4.8220944405 4.8220944405 4.8220944405 4.8220944405 4.8220944405 4.8220944405 4.8220944405 4.8220944405 
4.8220944405 4.8220944405 4.8220944405 4.8220944405 4.8220944405 4.8220944405 4.8220944405 4.8220944405 4.8220944405 
4.8220944405 4.8220944405 4.8220944405 4.8220944405 5.0495228767 5.0495228767 5.0495228767 5.0495228767 5.0495228767 
5.0495228767 5.0495228767 5.0495228767 5.0495228767 5.0495228767 5.0495228767 5.0495228767 5.0495228767 5.0495228767 
5.0495228767 5.0495228767 5.0495228767 5.0495228767 5.0495228767 5.0495228767 5.0495228767 5.0495228767 5.0495228767 
5.0495228767 5.0495228767 5.0495228767 5.0495228767 5.0495228767 5.0495228767 5.0495228767 5.0495228767 5.0495228767 
5.0495228767 5.0495228767 5.0495228767 5.0495228767 5.0495228767 5.0495228767 5.0495228767 5.0495228767 5.0495228767 
5.0495228767 5.0495228767 5.0495228767 5.0495228767 5.0495228767 5.0495228767 5.0495228767 5.0495228767 5.0495228767 
5.0495228767 5.0495228767 5.0495228767 5.0495228767 5.0495228767 5.0495228767 5.0495228767 5.0495228767 5.0495228767 
5.0495228767 5.0495228767 5.0495228767 5.0495228767 5.0495228767 5.0495228767 5.0495228767 5.0495228767 5.0495228767 
5.0495228767 5.0495228767 5.0495228767 5.0495228767 5.0495228767 5.0495228767 5.0495228767 5.0495228767 5.0495228767 
5.0495228767 5.0495228767 5.0495228767 5.0495228767 5.0495228767 5.0495228767 5.0495228767 5.0495228767 5.0495228767 
5.0495228767 5.0495228767 5.0495228767 5.0495228767 5.0495228767 5.0495228767 5.0495228767 5.0495228767 5.0495228767 
5.0495228767 5.0495228767 5.0495228767 5.0495228767 5.0495228767 5.287252903 5.287252903 5.287252903 5.287252903 
5.287252903 5.287252903 5.287252903 5.287252903 5.287252903 5.287252903 5.287252903 5.287252903 5.287252903 
5.287252903 5.287252903 5.287252903 5.287252903 5.287252903 5.287252903 5.287252903 5.287252903 5.287252903 
5.287252903 5.287252903 5.287252903 5.287252903 5.287252903 5.287252903 5.287252903 5.287252903 5.287252903 
5.287252903 5.287252903 5.287252903 5.287252903 5.287252903 5.287252903 5.287252903 5.287252903 5.287252903 
5.287252903 5.287252903 5.287252903 5.287252903 5.287252903 5.287252903 5.287252903 5.287252903 5.287252903 
5.287252903 5.287252903 5.287252903 5.287252903 5.287252903 5.287252903 5.287252903 5.287252903 5.287252903 
5.287252903 5.287252903 5.287252903 5.287252903 5.287252903 5.287252903 5.287252903 5.287252903 5.287252903 
5.287252903 5.287252903 5.287252903 5.287252903 5.287252903 5.287252903 5.287252903 5.287252903 5.287252903 
5.287252903 5.287252903 5.287252903 5.287252903 5.287252903 5.287252903 5.287252903 5.287252903 5.287252903 
5.287252903 5.287252903 5.287252903 5.287252903 5.287252903 5.287252903 5.287252903 5.287252903 5.287252903 
5.287252903 5.287252903 5.287252903 5.287252903 5.287252903 5.287252903 5.5357489586 5.5357489586 5.5357489586 
5.5357489586 5.5357489586 5.5357489586 5.5357489586 5.5357489586 5.5357489586 5.5357489586 5.5357489586 5.5357489586 
5.5357489586 5.5357489586 5.5357489586 5.5357489586 5.5357489586 5.5357489586 5.5357489586 5.5357489586 5.5357489586 
5.5357489586 5.5357489586 5.5357489586 5.5357489586 5.5357489586 5.5357489586 5.5357489586 5.5357489586 5.5357489586 
5.5357489586 5.5357489586 5.5357489586 5.5357489586 5.5357489586 5.5357489586 5.5357489586 5.5357489586 5.5357489586 
5.5357489586 5.5357489586 5.5357489586 5.5357489586 5.5357489586 5.5357489586 5.5357489586 5.5357489586 5.5357489586 
5.5357489586 5.5357489586 5.5357489586 5.5357489586 5.5357489586 5.5357489586 5.5357489586 5.5357489586 5.5357489586 
5.5357489586 5.5357489586 5.5357489586 5.5357489586 5.5357489586 5.5357489586 5.5357489586 5.5357489586 5.5357489586 
5.5357489586 5.5357489586 5.5357489586 5.5357489586 5.5357489586 5.5357489586 5.5357489586 5.5357489586 5.5357489586 
5.5357489586 5.5357489586 5.5357489586 5.5357489586 5.5357489586 5.5357489586 5.5357489586 5.5357489586 5.5357489586 
5.5357489586 5.5357489586 5.5357489586 5.5357489586 5.5357489586 5.5357489586 5.5357489586 5.5357489586 5.5357489586 
5.5357489586 5.5357489586 5.5357489586 5.5357489586 5.5357489586 5.5357489586 5.5357489586 5.7954950333 5.7954950333 
5.7954950333 5.7954950333 5.7954950333 5.7954950333 5.7954950333 5.7954950333 5.7954950333 5.7954950333 5.7954950333 
5.7954950333 5.7954950333 5.7954950333 5.7954950333 5.7954950333 5.7954950333 5.7954950333 5.7954950333 5.7954950333 
5.7954950333 5.7954950333 5.7954950333 5.7954950333 5.7954950333 5.7954950333 5.7954950333 5.7954950333 5.7954950333 
5.7954950333 5.7954950333 5.7954950333 5.7954950333 5.7954950333 5.7954950333 5.7954950333 5.7954950333 5.7954950333 
5.7954950333 5.7954950333 5.7954950333 5.7954950333 5.7954950333 5.7954950333 5.7954950333 5.7954950333 5.7954950333 
5.7954950333 5.7954950333 5.7954950333 5.7954950333 5.7954950333 5.7954950333 5.7954950333 5.7954950333 5.7954950333 
5.7954950333 5.7954950333 5.7954950333 5.7954950333 5.7954950333 5.7954950333 5.7954950333 5.7954950333 5.7954950333 
5.7954950333 5.7954950333 5.7954950333 5.7954950333 5.7954950333 5.7954950333 5.7954950333 5.7954950333 5.7954950333 
5.7954950333 5.7954950333 5.7954950333 5.7954950333 5.7954950333 5.7954950333 5.7954950333 5.7954950333 5.7954950333 
5.7954950333 5.7954950333 5.7954950333 5.7954950333 5.7954950333 5.7954950333 5.7954950333 5.7954950333 5.7954950333 
5.7954950333 5.7954950333 5.7954950333 5.7954950333 5.7954950333 5.7954950333 5.7954950333 5.7954950333 6.0669984818 
6.0669984818 6.0669984818 6.0669984818 6.0669984818 6.0669984818 6.0669984818 6.0669984818 6.0669984818 6.0669984818 
6.0669984818 6.0669984818 6.0669984818 6.0669984818 6.0669984818 6.0669984818 6.0669984818 6.0669984818 6.0669984818 
6.0669984818 6.0669984818 6.0669984818 6.0669984818 6.0669984818 6.0669984818 6.0669984818 6.0669984818 6.0669984818 
6.0669984818 6.0669984818 6.0669984818 6.0669984818 6.0669984818 6.0669984818 6.0669984818 6.0669984818 6.0669984818 
6.0669984818 6.0669984818 6.0669984818 6.0669984818 6.0669984818 6.0669984818 6.0669984818 6.0669984818 6.0669984818 
6.0669984818 6.0669984818 6.0669984818 6.0669984818 6.0669984818 6.0669984818 6.0669984818 6.0669984818 6.0669984818 
6.0669984818 6.0669984818 6.0669984818 6.0669984818 6.0669984818 6.0669984818 6.0669984818 6.0669984818 6.0669984818 
6.0669984818 6.0669984818 6.0669984818 6.0669984818 6.0669984818 6.0669984818 6.0669984818 6.0669984818 6.0669984818 
6.0669984818 6.0669984818 6.0669984818 6.0669984818 6.0669984818 6.0669984818 6.0669984818 6.0669984818 6.0669984818 
6.0669984818 6.0669984818 6.0669984818 6.0669984818 6.0669984818 6.0669984818 6.0669984818 6.0669984818 6.0669984818 
6.0669984818 6.0669984818 6.0669984818 6.0669984818 6.0669984818 6.0669984818 6.0669984818 6.0669984818 6.0669984818 
6.3507890701 6.3507890701 6.3507890701 6.3507890701 6.3507890701 6.3507890701 6.3507890701 6.3507890701 6.3507890701 
6.3507890701 6.3507890701 6.3507890701 6.3507890701 6.3507890701 6.3507890701 6.3507890701 6.3507890701 6.3507890701 
6.3507890701 6.3507890701 6.3507890701 6.3507890701 6.3507890701 6.3507890701 6.3507890701 6.3507890701 6.3507890701 
6.3507890701 6.3507890701 6.3507890701 6.3507890701 6.3507890701 6.3507890701 6.3507890701 6.3507890701 6.3507890701 
6.3507890701 6.3507890701 6.3507890701 6.3507890701 6.3507890701 6.3507890701 6.3507890701 6.3507890701 6.3507890701 
6.3507890701 6.3507890701 6.3507890701 6.3507890701 6.3507890701 6.3507890701 6.3507890701 6.3507890701 6.3507890701 
6.3507890701 6.3507890701 6.3507890701 6.3507890701 6.3507890701 6.3507890701 6.3507890701 6.3507890701 6.3507890701 
6.3507890701 6.3507890701 6.3507890701 6.3507890701 6.3507890701 6.3507890701 6.3507890701 6.3507890701 6.3507890701 
6.3507890701 6.3507890701 6.3507890701 6.3507890701 6.3507890701 6.3507890701 6.3507890701 6.3507890701 6.3507890701 
6.3507890701 6.3507890701 6.3507890701 6.3507890701 6.3507890701 6.3507890701 6.3507890701 6.3507890701 6.3507890701 
6.3507890701 6.3507890701 6.3507890701 6.3507890701 6.3507890701 6.3507890701 6.3507890701 6.3507890701 6.3507890701 
6.3507890701 6.6474189758 6.6474189758 6.6474189758 6.6474189758 6.6474189758 6.6474189758 6.6474189758 6.6474189758 
6.6474189758 6.6474189758 6.6474189758 6.6474189758 6.6474189758 6.6474189758 6.6474189758 6.6474189758 6.6474189758 
6.6474189758 6.6474189758 6.6474189758 6.6474189758 6.6474189758 6.6474189758 6.6474189758 6.6474189758 6.6474189758 
6.6474189758 6.6474189758 6.6474189758 6.6474189758 6.6474189758 6.6474189758 6.6474189758 6.6474189758 6.6474189758 
6.6474189758 6.6474189758 6.6474189758 6.6474189758 6.6474189758 6.6474189758 6.6474189758 6.6474189758 6.6474189758 
6.6474189758 6.6474189758 6.6474189758 6.6474189758 6.6474189758 6.6474189758 6.6474189758 6.6474189758 6.6474189758 
6.6474189758 6.6474189758 6.6474189758 6.6474189758 6.6474189758 6.6474189758 6.6474189758 6.6474189758 6.6474189758 
6.6474189758 6.6474189758 6.6474189758 6.6474189758 6.6474189758 6.6474189758 6.6474189758 6.6474189758 6.6474189758 
6.6474189758 6.6474189758 6.6474189758 6.6474189758 6.6474189758 6.6474189758 6.6474189758 6.6474189758 6.6474189758 
6.6474189758 6.6474189758 6.6474189758 6.6474189758 6.6474189758 6.6474189758 6.6474189758 6.6474189758 6.6474189758 
6.6474189758 6.6474189758 6.6474189758 6.6474189758 6.6474189758 6.6474189758 6.6474189758 6.6474189758 6.6474189758 
6.6474189758 6.6474189758 6.9574713707 6.9574713707 6.9574713707 6.9574713707 6.9574713707 6.9574713707 6.9574713707 
6.9574713707 6.9574713707 6.9574713707 6.9574713707 6.9574713707 6.9574713707 6.9574713707 6.9574713707 6.9574713707 
6.9574713707 6.9574713707 6.9574713707 6.9574713707 6.9574713707 6.9574713707 6.9574713707 6.9574713707 6.9574713707 
6.9574713707 6.9574713707 6.9574713707 6.9574713707 6.9574713707 6.9574713707 6.9574713707 6.9574713707 6.9574713707 
6.9574713707 6.9574713707 6.9574713707 6.9574713707 6.9574713707 6.9574713707 6.9574713707 6.9574713707 6.9574713707 
6.9574713707 6.9574713707 6.9574713707 6.9574713707 6.9574713707 6.9574713707 6.9574713707 6.9574713707 6.9574713707 
6.9574713707 6.9574713707 6.9574713707 6.9574713707 6.9574713707 6.9574713707 6.9574713707 6.9574713707 6.9574713707 
6.9574713707 6.9574713707 6.9574713707 6.9574713707 6.9574713707 6.9574713707 6.9574713707 6.9574713707 6.9574713707 
6.9574713707 6.9574713707 6.9574713707 6.9574713707 6.9574713707 6.9574713707 6.9574713707 6.9574713707 6.9574713707 
6.9574713707 6.9574713707 6.9574713707 6.9574713707 6.9574713707 6.9574713707 6.9574713707 6.9574713707 6.9574713707 
6.9574713707 6.9574713707 6.9574713707 6.9574713707 6.9574713707 6.9574713707 6.9574713707 6.9574713707 6.9574713707 
6.9574713707 6.9574713707 6.9574713707 7.2815489769 7.2815489769 7.2815489769 7.2815489769 7.2815489769 7.2815489769 
7.2815489769 7.2815489769 7.2815489769 7.2815489769 7.2815489769 7.2815489769 7.2815489769 7.2815489769 7.2815489769 
7.2815489769 7.2815489769 7.2815489769 7.2815489769 7.2815489769 7.2815489769 7.2815489769 7.2815489769 7.2815489769 
7.2815489769 7.2815489769 7.2815489769 7.2815489769 7.2815489769 7.2815489769 7.2815489769 7.2815489769 7.2815489769 
7.2815489769 7.2815489769 7.2815489769 7.2815489769 7.2815489769 7.2815489769 7.2815489769 7.2815489769 7.2815489769 
7.2815489769 7.2815489769 7.2815489769 7.2815489769 7.2815489769 7.2815489769 7.2815489769 7.2815489769 7.2815489769 
7.2815489769 7.2815489769 7.2815489769 7.2815489769 7.2815489769 7.2815489769 7.2815489769 7.2815489769 7.2815489769 
7.2815489769 7.2815489769 7.2815489769 7.2815489769 7.2815489769 7.2815489769 7.2815489769 7.2815489769 7.2815489769 
7.2815489769 7.2815489769 7.2815489769 7.2815489769 7.2815489769 7.2815489769 7.2815489769 7.2815489769 7.2815489769 
7.2815489769 7.2815489769 7.2815489769 7.2815489769 7.2815489769 7.2815489769 7.2815489769 7.2815489769 7.2815489769 
7.2815489769 7.2815489769 7.2815489769 7.2815489769 7.2815489769 7.2815489769 7.2815489769 7.2815489769 7.2815489769 
7.2815489769 7.2815489769 7.2815489769 7.2815489769 7.6202893257 7.6202893257 7.6202893257 7.6202893257 7.6202893257 
7.6202893257 7.6202893257 7.6202893257 7.6202893257 7.6202893257 7.6202893257 7.6202893257 7.6202893257 7.6202893257 
7.6202893257 7.6202893257 7.6202893257 7.6202893257 7.6202893257 7.6202893257 7.6202893257 7.6202893257 7.6202893257 
7.6202893257 7.6202893257 7.6202893257 7.6202893257 7.6202893257 7.6202893257 7.6202893257 7.6202893257 7.6202893257 
7.6202893257 7.6202893257 7.6202893257 7.6202893257 7.6202893257 7.6202893257 7.6202893257 7.6202893257 7.6202893257 
7.6202893257 7.6202893257 7.6202893257 7.6202893257 7.6202893257 7.6202893257 7.6202893257 7.6202893257 7.6202893257 
7.6202893257 7.6202893257 7.6202893257 7.6202893257 7.6202893257 7.6202893257 7.6202893257 7.6202893257 7.6202893257 
7.6202893257 7.6202893257 7.6202893257 7.6202893257 7.6202893257 7.6202893257 7.6202893257 7.6202893257 7.6202893257 
7.6202893257 7.6202893257 7.6202893257 7.6202893257 7.6202893257 7.6202893257 7.6202893257 7.6202893257 7.6202893257 
7.6202893257 7.6202893257 7.6202893257 7.6202893257 7.6202893257 7.6202893257 7.6202893257 7.6202893257 7.6202893257 
7.6202893257 7.6202893257 7.6202893257 7.6202893257 7.6202893257 7.6202893257 7.6202893257 7.6202893257 7.6202893257 
7.6202893257 7.6202893257 7.6202893257 7.6202893257 7.6202893257 7.9743552208 7.9743552208 7.9743552208 7.9743552208 
7.9743552208 7.9743552208 7.9743552208 7.9743552208 7.9743552208 7.9743552208 7.9743552208 7.9743552208 7.9743552208 
7.9743552208 7.9743552208 7.9743552208 7.9743552208 7.9743552208 7.9743552208 7.9743552208 7.9743552208 7.9743552208 
7.9743552208 7.9743552208 7.9743552208 7.9743552208 7.9743552208 7.9743552208 7.9743552208 7.9743552208 7.9743552208 
7.9743552208 7.9743552208 7.9743552208 7.9743552208 7.9743552208 7.9743552208 7.9743552208 7.9743552208 7.9743552208 
7.9743552208 7.9743552208 7.9743552208 7.9743552208 7.9743552208 7.9743552208 7.9743552208 7.9743552208 7.9743552208 
7.9743552208 7.9743552208 7.9743552208 7.9743552208 7.9743552208 7.9743552208 7.9743552208 7.9743552208 7.9743552208 
7.9743552208 7.9743552208 7.9743552208 7.9743552208 7.9743552208 7.9743552208 7.9743552208 7.9743552208 7.9743552208 
7.9743552208 7.9743552208 7.9743552208 7.9743552208 7.9743552208 7.9743552208 7.9743552208 7.9743552208 7.9743552208 
7.9743552208 7.9743552208 7.9743552208 7.9743552208 7.9743552208 7.9743552208 7.9743552208 7.9743552208 7.9743552208 
7.9743552208 7.9743552208 7.9743552208 7.9743552208 7.9743552208 7.9743552208 7.9743552208 7.9743552208 7.9743552208 
7.9743552208 7.9743552208 7.9743552208 7.9743552208 7.9743552208 7.9743552208 8.3444395065 8.3444395065 8.3444395065 
8.3444395065 8.3444395065 8.3444395065 8.3444395065 8.3444395065 8.3444395065 8.3444395065 8.3444395065 8.3444395065 
8.3444395065 8.3444395065 8.3444395065 8.3444395065 8.3444395065 8.3444395065 8.3444395065 8.3444395065 8.3444395065 
8.3444395065 8.3444395065 8.3444395065 8.3444395065 8.3444395065 8.3444395065 8.3444395065 8.3444395065 8.3444395065 
8.3444395065 8.3444395065 8.3444395065 8.3444395065 8.3444395065 8.3444395065 8.3444395065 8.3444395065 8.3444395065 
8.3444395065 8.3444395065 8.3444395065 8.3444395065 8.3444395065 8.3444395065 8.3444395065 8.3444395065 8.3444395065 
8.3444395065 8.3444395065 8.3444395065 8.3444395065 8.3444395065 8.3444395065 8.3444395065 8.3444395065 8.3444395065 
8.3444395065 8.3444395065 8.3444395065 8.3444395065 8.3444395065 8.3444395065 8.3444395065 8.3444395065 8.3444395065 
8.3444395065 8.3444395065 8.3444395065 8.3444395065 8.3444395065 8.3444395065 8.3444395065 8.3444395065 8.3444395065 
8.3444395065 8.3444395065 8.3444395065 8.3444395065 8.3444395065 8.3444395065 8.3444395065 8.3444395065 8.3444395065 
8.3444395065 8.3444395065 8.3444395065 8.3444395065 8.3444395065 8.3444395065 8.3444395065 8.3444395065 8.3444395065 
8.3444395065 8.3444395065 8.3444395065 8.3444395065 8.3444395065 8.3444395065 8.3444395065 8.7312660217 8.7312660217 
8.7312660217 8.7312660217 8.7312660217 8.7312660217 8.7312660217 8.7312660217 8.7312660217 8.7312660217 8.7312660217 
8.7312660217 8.7312660217 8.7312660217 8.7312660217 8.7312660217 8.7312660217 8.7312660217 8.7312660217 8.7312660217 
8.7312660217 8.7312660217 8.7312660217 8.7312660217 8.7312660217 8.7312660217 8.7312660217 8.7312660217 8.7312660217 
8.7312660217 8.7312660217 8.7312660217 8.7312660217 8.7312660217 8.7312660217 8.7312660217 8.7312660217 8.7312660217 
8.7312660217 8.7312660217 8.7312660217 8.7312660217 8.7312660217 8.7312660217 8.7312660217 8.7312660217 8.7312660217 
8.7312660217 8.7312660217 8.7312660217 8.7312660217 8.7312660217 8.7312660217 8.7312660217 8.7312660217 8.7312660217 
8.7312660217 8.7312660217 8.7312660217 8.7312660217 8.7312660217 8.7312660217 8.7312660217 8.7312660217 8.7312660217 
8.7312660217 8.7312660217 8.7312660217 8.7312660217 8.7312660217 8.7312660217 8.7312660217 8.7312660217 8.7312660217 
8.7312660217 8.7312660217 8.7312660217 8.7312660217 8.7312660217 8.7312660217 8.7312660217 8.7312660217 8.7312660217 
8.7312660217 8.7312660217 8.7312660217 8.7312660217 8.7312660217 8.7312660217 8.7312660217 8.7312660217 8.7312660217 
8.7312660217 8.7312660217 8.7312660217 8.7312660217 8.7312660217 8.7312660217 8.7312660217 8.7312660217 9.13560009 
9.13560009 9.13560009 9.13560009 9.13560009 9.13560009 9.13560009 9.13560009 9.13560009 9.13560009 
9.13560009 9.13560009 9.13560009 9.13560009 9.13560009 9.13560009 9.13560009 9.13560009 9.13560009 
9.13560009 9.13560009 9.13560009 9.13560009 9.13560009 9.13560009 9.13560009 9.13560009 9.13560009 
9.13560009 9.13560009 9.13560009 9.13560009 9.13560009 9.13560009 9.13560009 9.13560009 9.13560009 
9.13560009 9.13560009 9.13560009 9.13560009 9.13560009 9.13560009 9.13560009 9.13560009 9.13560009 
9.13560009 9.13560009 9.13560009 9.13560009 9.13560009 9.13560009 9.13560009 9.13560009 9.13560009 
9.13560009 9.13560009 9.13560009 9.13560009 9.13560009 9.13560009 9.13560009 9.13560009 9.13560009 
9.13560009 9.13560009 9.13560009 9.13560009 9.13560009 9.13560009 9.13560009 9.13560009 9.13560009 
9.13560009 9.13560009 9.13560009 9.13560009 9.13560009 9.13560009 9.13560009 9.13560009 9.13560009 
9.13560009 9.13560009 9.13560009 9.13560009 9.13560009 9.13560009 9.13560009 9.13560009 9.13560009 
9.13560009 9.13560009 9.13560009 9.13560009 9.13560009 9.13560009 9.13560009 9.13560009 9.13560009 
9.5582342148 9.5582342148 9.5582342148 9.5582342148 9.5582342148 9.5582342148 9.5582342148 9.5582342148 9.5582342148 
9.5582342148 9.5582342148 9.5582342148 9.5582342148 9.5582342148 9.5582342148 9.5582342148 9.5582342148 9.5582342148 
9.5582342148 9.5582342148 9.5582342148 9.5582342148 9.5582342148 9.5582342148 9.5582342148 9.5582342148 9.5582342148 
9.5582342148 9.5582342148 9.5582342148 9.5582342148 9.5582342148 9.5582342148 9.5582342148 9.5582342148 9.5582342148 
9.5582342148 9.5582342148 9.5582342148 9.5582342148 9.5582342148 9.5582342148 9.5582342148 9.5582342148 9.5582342148 
9.5582342148 9.5582342148 9.5582342148 9.5582342148 9.5582342148 9.5582342148 9.5582342148 9.5582342148 9.5582342148 
9.5582342148 9.5582342148 9.5582342148 9.5582342148 9.5582342148 9.5582342148 9.5582342148 9.5582342148 9.5582342148 
9.5582342148 9.5582342148 9.5582342148 9.5582342148 9.5582342148 9.5582342148 9.5582342148 9.5582342148 9.5582342148 
9.5582342148 9.5582342148 9.5582342148 9.5582342148 9.5582342148 9.5582342148 9.5582342148 9.5582342148 9.5582342148 
9.5582342148 9.5582342148 9.5582342148 9.5582342148 9.5582342148 9.5582342148 9.5582342148 9.5582342148 9.5582342148 
9.5582342148 9.5582342148 9.5582342148 9.5582342148 9.5582342148 9.5582342148 9.5582342148 9.5582342148 9.5582342148 
9.5582342148 
GF 1 10000 double
1.442537814e-05 1.5145217731e-05 1.660576163e-05 1.8848735635e-05 2.1936732082e-05 2.5953146178e-05 3.1002069591e-05 3.7208013964e-05 4.471543798e-05 
5.368803977e-05 6.4307649154e-05 7.6772703324e-05 9.1296285973e-05 0.0001081034934 0.00012742818217 0.00014950918558 0.00017458558432 0.00020289162057 
0.00023465086997 0.00027006978053 0.00030933145899 0.00035258859862 0.00039995738189 0.00045151164522 0.00050727807684 0.00056723266607 0.00063129956834 
0.00069935084321 0.00077120953938 0.00084665435134 0.000925424858 0.0010072287405 0.0010917463806 0.0011786354007 0.0012675274629 0.0013580238447 
0.0014496799558 0.001541989157 0.0016343578463 0.0017260838067 0.0018163358327 0.0019041440682 0.0019884014037 0.0020678809378 0.0021412707865 
0.0022072189022 0.0022643893026 0.0023115221411 0.0023474884219 0.0023713407572 0.0023823536467 0.0023800511844 0.0023642266169 0.0023349509574 
0.002292570658 0.0022377043497 0.0021712209564 0.0020942201372 0.0020079966635 0.00191400107 0.0018137906445 0.0017089790199 0.0016011835542 
0.0014919731766 0.0013828224037 0.0012750719907 0.0011699002935 0.001068302663 0.00097108347109 0.00087885698304 0.00079205696238 0.00071095203748 
0.00063566589961 0.00056620058604 0.00050245865714 0.0004442660138 0.00039139154251 0.00034356446122 0.00030048884219 0.00026185478782 0.00022734700178 
0.00019665174477 0.00016946128744 0.00014547743194 0.00012441381114 0.0001059978822 8.9971988928e-05 7.6094525866e-05 6.4140578615e-05 5.3902484069e-05 
4.5190288802e-05 3.783185457e-05 3.1673018384e-05 2.6577552489e-05 2.2427004296e-05 1.9120529032e-05 1.6574649635e-05 1.472295753e-05 1.3515907995e-05 
1.2920590052e-05 1.4918236957e-05 1.566103856e-05 1.7168096747e-05 1.9482320567e-05 2.2668065867e-05 2.6811067073e-05 3.201833897e-05 3.8417860196e-05 
4.6158103942e-05 5.5407290347e-05 6.6352244176e-05 7.919681957e-05 9.4159891887e-05 0.0001114726183 0.00013137515634 0.0001541126112 0.00017993032816 
0.00020906869031 0.00024175697763 0.00027820689138 0.00031860612216 0.00036311132135 0.00041184207657 0.00046487525105 0.00052224035608 0.00058391731 
0.00064983521588 0.00071987474803 0.000793871528 0.00087162369164 0.00095289835008 0.0010374400299 0.0011249767849 0.0012152226409 0.0013078729389 
0.0014025940327 0.0014990016352 0.001596633927 0.001694917446 0.0017931347247 0.001890397747 0.0019856314175 0.0020775781013 0.0021648241673 
0.0022458434105 0.0023190595675 0.0023829198908 0.0024359691888 0.0024769180454 0.0025046984665 0.0025185067207 0.002517828485 0.0025024516508 
0.002472469816 0.0024282759987 0.0023705495987 0.0023002382368 0.0022185333073 0.0021268341225 0.0020267092623 0.001919844537 0.0018079902511 
0.0016929041594 0.0015762947733 0.001459769439 0.0013447920792 0.0012326472206 0.0011244185735 0.0010209785542 0.00092298857635 0.00083090900443 
0.00074501725612 0.00066543038702 0.00059213116765 0.00052499421872 0.00046381141874 0.0004083144886 0.00035819492768 0.0003131198464 0.00027274442255 
0.00023672184034 0.00020470980962 0.00017637546989 0.00015139857715 0.00012947374489 0.00011031192844 9.3641217973e-05 7.9207660747e-05 6.6775603045e-05 
5.6128104916e-05 4.7067038395e-05 3.9413218474e-05 3.3006341255e-05 2.7704871172e-05 2.3385851819e-05 1.9944640371e-05 1.7294631107e-05 1.5366971638e-05 
1.4110283701e-05 1.34904476e-05 1.5911004084e-05 1.6699985281e-05 1.8300592274e-05 2.0758097889e-05 2.4140406822e-05 2.8537971957e-05 3.4063657949e-05 
4.0852435632e-05 4.9060843594e-05 5.8866211475e-05 7.046542305e-05 8.4073290054e-05 9.9920354842e-05 0.00011825004185 0.0001393151615 0.00016337368288 
0.00019068372785 0.00022149806318 0.00025605753763 0.00029458466452 0.00033727657865 0.00038429821143 0.00043577631004 0.00049179408234 0.00055238784989 
0.00061754597118 0.00068721006392 0.00076128024375 0.0008396221674 0.00092207849957 0.0010084796231 0.001098654815 0.0011924402788 0.0012896790868 
0.0013902105857 0.0014938488603 0.0016003436176 0.0017093328061 0.001820284524 0.0019324428868 0.0020447820425 0.0021559854504 0.0022644530982 
0.002368343994 0.0024656518362 0.0025543039665 0.0026322733611 0.0026976880617 0.0027489257045 0.0027846824378 0.0028040159959 0.002806361299 
0.0027915292885 0.0027596915606 0.0027113603428 0.0026473628823 0.0025688207243 0.0024771194439 0.002373874886 0.0022608933505 0.0021401196718 
0.0020135771483 0.0018833070062 0.0017512993654 0.0016194332857 0.0014894224005 0.0013627709122 0.0012407461181 0.0011243612971 0.001014376292 
0.00091130897636 0.0008154559182 0.00072692142567 0.00064564927015 0.00057145627216 0.00050406355876 0.00044312572572 0.0003882549936 0.00033904108568 
0.00029506656574 0.00025591760641 0.0002211920073 0.00019050392439 0.00016348688223 0.00013979533105 0.00011910548346 0.00010111552547 8.5545580077e-05 
7.2137576353e-05 6.0655092966e-05 5.0883132644e-05 4.2627809307e-05 3.5716129787e-05 2.9995631849e-05 2.5334053134e-05 2.1618952815e-05 1.8757340513e-05 
1.6675325242e-05 1.5317791622e-05 1.4648147953e-05 1.7417716663e-05 1.8276608898e-05 2.0018826035e-05 2.269322249e-05 2.6373065339e-05 3.1155934266e-05 
3.7163557863e-05 4.4541480747e-05 5.3458483308e-05 6.4105704951e-05 7.6695345342e-05 9.1458852694e-05 0.00010864458454 0.00012851474457 0.00015134156274 
0.00017740273324 0.00020697603759 0.00024033332011 0.00027773351758 0.00031941599445 0.00036559268483 0.00041644182056 0.00047210167395 0.00053266662871 
0.00059818505542 0.00066866102861 0.00074406003114 0.00082431873307 0.00090935931075 0.00099910714198 0.0010935093742 0.0011925523868 0.0012962694746 
0.0014047394507 0.0015180632472 0.0016363204923 0.001759500592 0.0018874147208 0.0020195965189 0.0021552059334 0.0022929536644 0.0024310699664 
0.0025673208293 0.0026990890037 0.0028235055506 0.0029376212042 0.0030385928694 0.0031238561496 0.0031912627164 0.0032391732093 0.0032664895989 
0.0032726516947 0.0032575952355 0.0032217020635 0.0031657428481 0.0030908358749 0.0029984063003 0.0028901612386 0.0027680557687 0.0026342570782 
0.0024910971988 0.0023410092108 0.0021864571609 0.0020298594609 0.0018735101912 0.0017195090186 0.0015697045019 0.001425651717 0.0012885900214 
0.0011594392126 0.001038811286 0.00092703750124 0.00082420476247 0.00073019746924 0.00064474152168 0.00056744657923 0.00049784377916 0.00043541827472 
0.00037963539944 0.00032995993388 0.00028586984263 0.00024686550023 0.00021247506083 0.00018225661188 0.00015579929459 0.00013272286742 0.00011267684749 
9.5339368272e-05 8.0416131823e-05 6.7639390181e-05 5.6767054048e-05 4.7581837862e-05 3.9890557673e-05 3.3523494494e-05 2.8333708542e-05 2.4196519007e-05 
2.1008941985e-05 1.8689224817e-05 1.7176425899e-05 1.6430110918e-05 1.945933036e-05 2.0412624508e-05 2.2346053811e-05 2.5313303922e-05 2.9394857847e-05 
3.4697917727e-05 4.1356193833e-05 4.9529517128e-05 5.9403249907e-05 7.1187270805e-05 8.5114588728e-05 0.00010143936379 0.00012043429888 0.00014238736185 
0.00016759747814 0.00019636964134 0.00022900888871 0.00026581363636 0.00030706834514 0.00035303580808 0.00040394937969 0.00046000644215 0.00052136275917 
0.00058813003125 0.00066037697252 0.00073813524796 0.00082141172606 0.00091020739637 0.0010045424569 0.0011044858256 0.0012101860484 0.0013218966778 
0.0014399891952 0.0015649409033 0.0016972948797 0.001837576041 0.0019861694891 0.0021431657951 0.0023081866093 0.0024802221451 0.0026575075462 
0.0028374749236 0.0030167950317 0.0031915276777 0.0033573596738 0.0035099040251 0.0036450168118 0.0037590758875 0.0038491941523 0.0039133317769 
0.0039503127337 0.0039597614668 0.0039419862442 0.0038978480734 0.0038286445197 0.0037360179704 0.0036219004542 0.0034884819761 0.0033381918911 
0.0031736812089 0.0029977834783 0.0028134630993 0.002623738721 0.002431595698 0.0022398866713 0.0020512423944 0.0018679900095 0.0016920939088 
0.0015251187142 0.0013682183344 0.0012221481884 0.0010872971034 0.00096373446286 0.00085126538761 0.00074948923429 0.00065785704646 0.00057572353398 
0.00050239043776 0.00043714177446 0.00037927020458 0.00032809498953 0.00028297299286 0.00024330492306 0.00020853732713 0.00017816229956 0.0001517158089 
0.00012877512199 0.00010895617743 9.1911228083e-05 7.7326491009e-05 6.4920219302e-05 5.4441094107e-05 4.5666751248e-05 3.8402598875e-05 3.2480740629e-05 
2.7759058867e-05 2.4120401577e-05 2.1471903892e-05 1.974442057e-05 1.8892109438e-05 2.2063586584e-05 2.3136781238e-05 2.5313071092e-05 2.865226088e-05 
3.3244003134e-05 3.9207705413e-05 4.669232294e-05 5.5875905673e-05 6.6964974394e-05 8.019341476e-05 9.5820963907e-05 0.00011413106404 0.00013542793749 
0.00016003302881 0.00018828018801 0.00022051020642 0.00025706412271 0.00029827572871 0.00034446330392 0.00039592161193 0.00045291308197 0.00051566172624 
0.00058434868697 0.00065911223646 0.0007400533068 0.00082724931417 0.00092077668523 0.0010207443265 0.001127335825 0.0012408589246 0.001361795119 
0.0014908396406 0.0016289172927 0.0017771599814 0.0019368283683 0.0021091673989 0.0022951918654 0.0024954213295 0.0027095840778 0.0029363445938 
0.0031731056515 0.0034159386996 0.0036596804857 0.0038982075639 0.0041248626076 0.0043329736218 0.0045163938776 0.0046699563973 0.0047898008488 
0.0048735104501 0.0049200747162 0.0049297064543 0.0049035814591 0.0048435544595 0.0047519225627 0.0046312515624 0.0044842832722 0.0043139094487 
0.0041231825016 0.00391533738 0.0036937922705 0.0034621227533 0.0032239966094 0.0029830771964 0.0027429065667 0.0025067855604 0.0022776643746 
0.0020580498967 0.0018499483122 0.00165484217 0.0014736950397 0.0013069895795 0.0011547855102 0.0010167929577 0.00089244864648 0.00078099453822 
0.00068154785549 0.00059316138504 0.00051487080054 0.00044573112973 0.00038484027027 0.00033135453123 0.00028449541423 0.00024355160713 0.00020787768881 
0.00017689037486 0.00015006409376 0.00012692641758 0.00010705358727 9.0066736448e-05 7.562834071e-05 6.3439416408e-05 5.32370359e-05 4.4792264816e-05 
3.7908452214e-05 3.2419695344e-05 2.8189624572e-05 2.5110379283e-05 2.3101774786e-05 2.2110700229e-05 2.5264916985e-05 2.6484769478e-05 2.8958129406e-05 
3.2752257539e-05 3.7968038669e-05 4.4739852456e-05 5.3235355153e-05 6.3655032136e-05 7.6231539424e-05 9.1228495876e-05 0.00010893891886 0.00012968281226 
0.00015380408149 0.00018166648806 0.000213648309 0.00025013613049 0.00029151741182 0.00033817184158 0.00039046214079 0.00044872480794 0.00051326153334 
0.00058433267986 0.00066215556581 0.00074690754991 0.00083873985568 0.00093780294992 0.0010442858329 0.0011584720341 0.0012808094034 0.001411990379 
0.0015530316159 0.0017053358024 0.0018707138952 0.0020513390191 0.0022496101446 0.0024679047056 0.0027082143351 0.0029716975987 0.0032581910491 
0.0035657617263 0.0038903940003 0.0042258985341 0.004564109724 0.0048953802325 0.0052093262784 0.0054957233369 0.0057454025373 0.0059510008432 
0.0061074509285 0.0062121418305 0.0062647592276 0.0062668859027 0.0062214657664 0.0061322525144 0.0060033481568 0.0058388910256 0.0056429007091 
0.0054192636162 0.0051718056202 0.004904399626 0.0046210512519 0.0043259435333 0.0040234010667 0.0037178122438 0.0034134911839 0.0031145252287 
0.0028246201109 0.0025469688699 0.0022841538303 0.0020381000359 0.0018100673333 0.0016006886726 0.0014100390254 0.0012377270032 0.0010829974199 
0.00094483233988 0.00082204776118 0.00071337417467 0.00061752222246 0.00053323211614 0.0004593062913 0.00039463004214 0.00033818106749 0.00028903179918 
0.00024634692818 0.00020937774389 0.00017745560035 0.00014998465485 0.0001264353632 0.00010633816419 8.9278306405e-05 7.4891118857e-05 6.2858132878e-05 
5.2903789765e-05 4.4792595872e-05 3.8326805225e-05 3.3344484109e-05 2.9717899451e-05 2.7352338293e-05 2.6185140086e-05 2.9104367059e-05 3.0499166314e-05 
3.3326876292e-05 3.7663692638e-05 4.362393156e-05 5.1359904319e-05 6.1061742599e-05 7.2956987424e-05 8.7309912487e-05 0.0001044203309 0.00012462190352 
0.00014827973791 0.00017578681582 0.0002075596567 0.00024403243151 0.00028564978857 0.00033285826794 0.00038609668263 0.00044578520465 0.00051231536781 
0.00058604060905 0.00066727068042 0.00075627287151 0.00085328210844 0.00095852569211 0.001072266954 0.0011948707979 0.0013268948533 0.0014692016412 
0.001623087097 0.0017904054839 0.0019736655522 0.0021760589443 0.002401380334 0.0026537911035 0.0029374079313 0.0032557020895 0.0036107625347 
0.0040024998598 0.0044279280119 0.0048806811683 0.0053509026766 0.0058256229386 0.0062896232121 0.0067267175764 0.0071212463081 0.0074595706537 
0.0077312667854 0.0079298662022 0.0080530233681 0.0081021208316 0.0080814771354 0.007997341454 0.0078568663448 0.0076672756113 0.0074353069067 
0.0071669602767 0.006867507007 0.0065416838042 0.0061939600855 0.0058287861757 0.0054507795721 0.0050647789612 0.0046758083627 0.0042889392935 
0.0039090933278 0.003540834412 0.0031881763134 0.0028544242959 0.0025420843158 0.0022528304253 0.0019875313155 0.0017463302938 0.0015287516871 
0.0013338334393 0.0011602584273 0.0010064813541 0.00087083689868 0.00075162923895 0.00064719794318 0.00055596453603 0.00047646023449 0.00040734052891 
0.0003473883844 0.00029551170883 0.0002507364843 0.00021219739574 0.00017912857584 0.00015085400082 0.00012677894847 0.00010638202366 8.920844266e-05 
7.4863964983e-05 6.3009814767e-05 5.3358318837e-05 4.5669261453e-05 3.974682113e-05 3.543717321e-05 3.2626565371e-05 3.1239917007e-05 3.3629665268e-05 
3.5229484638e-05 3.8472491724e-05 4.3445394112e-05 5.0278336857e-05 5.9144826082e-05 7.0261688961e-05 8.3888677182e-05 0.00010032793216 0.00011992287909 
0.00014305651712 0.0001701489964 0.00020165382011 0.00023805310775 0.00027985093766 0.00032756541623 0.00038171856431 0.00044282482122 0.00051137903938 
0.00058784428984 0.00067264237441 0.000766149431 0.00086870189989 0.00098061654717 0.0011022324907 0.0012339825043 0.001376498607 0.0015307553113 
0.0016982483212 0.0018811939517 0.0020827245899 0.0023070357274 0.0025594222825 0.0028461392503 0.003174016485 0.0035497832578 0.0039791017771 
0.0044653816149 0.0050085070543 0.0056037134491 0.0062408479862 0.0069042560644 0.0075734579004 0.0082246279344 0.008832719177 0.0093739349395 
0.0098281241953 0.010180689394 0.010423676111 0.010555902496 0.010582164861 0.010511770844 0.010356732644 0.010129983537 0.0098439194262 
0.009509447962 0.0091355834156 0.0087294951081 0.0082969255745 0.0078427214175 0.0073713925667 0.0068875434808 0.0063961180858 0.0059024593793 
0.0054121948779 0.004931003321 0.0044643366709 0.0040171272121 0.0035935526248 0.0031968629919 0.0028293009382 0.0024921023287 0.0021855731029 
0.00190921186 0.0016618694644 0.0014419163344 0.0012474054238 0.0010762145976 0.00092616456095 0.00079510867363 0.00068099558121 0.00058190949494 
0.00049609103007 0.00042194506386 0.00035803890205 0.00030309543945 0.00025598247885 0.00021570110403 0.00018137367442 0.00015223260561 0.00012760951358 
0.00010692564683 8.9683024271e-05 7.5456948252e-05 6.3889368903e-05 5.4683190683e-05 4.7597637604e-05 4.2444458813e-05 3.9084960008e-05 3.7427857023e-05 
3.8895399484e-05 4.0732440539e-05 4.4455991883e-05 5.0165050197e-05 5.8008263295e-05 6.8184031988e-05 8.0940604676e-05 9.6575946372e-05 0.00011543733126 
0.00013792059326 0.00016446848167 0.00019556836924 0.00023174840317 0.00027357239742 0.00032163236756 0.00037653950858 0.00043891216046 0.00050936255138 
0.00058848195476 0.0006768272724 0.00077491003321 0.00088319502538 0.0010021120543 0.0011320918566 0.0012736334465 0.0014274165733 0.0015944654588 
0.0017763712676 0.0019755684771 0.0021956406999 0.0024416211527 0.0027202120982 0.0030398317613 0.0034103847574 0.0038426406682 0.0043471632525 
0.0049327872694 0.0056047448888 0.0063626933843 0.0071989758871 0.0080975154415 0.0090337302536 0.0099757034332 0.010886617005 0.011728215031 
0.012464755215 0.013066804968 0.013514190912 0.013797596097 0.013918579556 0.013888089918 0.013723914512 0.013447606936 0.013081473298 
0.012646154501 0.012159041129 0.011633626185 0.011079651304 0.010503856465 0.0099109783769 0.0093048084527 0.0086890719831 0.0080679878592 
0.007446534466 0.0068304054439 0.006225748919 0.0056387907825 0.0050754183903 0.0045408080332 0.0040391385555 0.0035734227858 0.0031454558484 
0.0027558675501 0.0024042534642 0.0020893584006 0.0018092816463 0.0015616761521 0.0013439356117 0.0011533440556 0.00098719575908 0.00084287975915 
0.00071793608367 0.00061008858029 0.00051725958474 0.0004375728895 0.0003693496692 0.00031109838164 0.00026150277699 0.00021940845181 0.00018380921392 
0.00015383349091 0.000128731117 0.00010786152416 9.0682413429e-05 7.6740085206e-05 6.5660802647e-05 5.7143639424e-05 5.0954658946e-05 4.692229777e-05 
4.4933978643e-05 4.4963555411e-05 4.7072491725e-05 5.134692401e-05 5.7900117099e-05 6.6902292019e-05 7.8580982517e-05 9.3221424322e-05 0.00011116678797 
0.00013281826978 0.00015863467706 0.0001891314314 0.00022487837123 0.00026649615029 0.00031465094071 0.00037004594924 0.00043341104174 0.00050548859872 
0.00058701721719 0.00067871401552 0.00078125775326 0.00089527782984 0.0010213551577 0.0011600445723 0.0013119304786 0.0014777336037 0.0016584807308 
0.0018557548756 0.002072032541 0.0023111000191 0.0025785185862 0.0028820708394 0.0032320884056 0.0036415117793 0.0041255182587 0.0047005554661 
0.0053826789372 0.0061851995997 0.0071158134378 0.008173587732 0.0093463277444 0.010608973913 0.011923578568 0.013241260312 0.014506111853 
0.015660660341 0.016652055085 0.017437914386 0.017990812659 0.018300550058 0.018373947591 0.018232261762 0.01790692471 0.017434526235 
0.016851954162 0.016192490235 0.015483284369 0.014744342305 0.013988815248 0.013224264607 0.012454417534 0.011681012809 0.010905387811 
0.010129611939 0.0093570770696 0.0085926158354 0.0078422352672 0.0071126064286 0.0064104832709 0.0057421284728 0.0051128473133 0.0045266812667 
0.0039862571284 0.0034927874804 0.0030461871065 0.0026452739257 0.0022880029865 0.0019717130344 0.001693349448 0.001449659816 0.0012373438803 
0.0010531666921 0.00089403684251 0.00075705646304 0.00063954864163 0.00053907145048 0.00045342074009 0.00038062600652 0.00031894139829 0.00026683343458 
0.00022296674433 0.0001861880155 0.00015550965327 0.00013009356917 0.00010923550872 9.2350775958e-05 7.8961420513e-05 6.8685425504e-05 6.1227634433e-05 
5.6372755353e-05 5.3980067605e-05 5.1904327847e-05 5.4322776123e-05 5.9224461438e-05 6.6739223257e-05 7.7062453784e-05 9.0455803729e-05 0.00010724810272 
0.00012783621787 0.00015268591233 0.00018233229639 0.00021737949282 0.0002584993199 0.00030642808997 0.00036196090514 0.00042594288243 0.00049925630447 
0.0005828042631 0.00067748973379 0.00078419368947 0.00090375391301 0.0010369529482 0.0011845219415 0.0013471766142 0.0015257041669 0.0017211202066 
0.0019349231152 0.0021694661118 0.0024284555111 0.0027175694704 0.0030451442581 0.0034228323493 0.0038660771679 0.0043941899203 0.005029767286 
0.0057972278446 0.0067202886567 0.0078184306622 0.0091025847942 0.010570633225 0.012203522958 0.013962961733 0.015791568905 0.017616003752 
0.019353080541 0.020918132737 0.02223443985 0.023242037743 0.023904321715 0.024211283773 0.024178795516 0.023844381794 0.023260384798 
0.022486109287 0.021580211818 0.020594654605 0.019570820034 0.018537927419 0.01751354523 0.016505625099 0.015515389852 0.01454038918 
0.013577214442 0.012623513117 0.011679134332 0.010746525601 0.0098304804415 0.0089374873787 0.0080748992041 0.0072500705719 0.0064696427435 
0.0057390104048 0.0050620096736 0.0044408263639 0.0038760600146 0.0033669250552 0.0029115029611 0.0025070260745 0.0021501448937 0.001837161486 
0.0015642193612 0.0013274463126 0.0011230638484 0.00094745826209 0.00079723197268 0.000669236877 0.00056059262715 0.00046869667131 0.00039122541784 
0.00032612818177 0.000271615776 0.00022614451882 0.00018839666154 0.00015725965204 0.0001318048453 0.00011126694881 9.5025272458e-05 8.2587437646e-05 
7.3575691204e-05 6.7715998739e-05 6.4830070187e-05 5.9797483118e-05 6.2566621637e-05 6.8179222581e-05 7.6784446719e-05 8.8607121143e-05 0.00010394903074 
0.0001231906499 0.00014679299784 0.00017529973411 0.00020933889027 0.00024962401949 0.00029695406556 0.00035221097642 0.00041635418893 0.00049041089369 
0.00057546125026 0.00067261693766 0.00078299589222 0.00090769270901 0.0010477522155 0.0012041531736 0.001377816312 0.0015696601477 0.0017807252007 
0.0020124046132 0.0022668119054 0.0025473225396 0.0028592969757 0.0032109753229 0.0036144722253 0.0040867268108 0.0046501797624 0.0053328662179 
0.0061675375327 0.007189492695 0.0084328688681 0.00992542319 0.011682223529 0.013699065894 0.015946852043 0.018368359655 0.020878750831 
0.023370437324 0.025722373277 0.027812570333 0.029532019049 0.030797576532 0.031561497599 0.031815815717 0.031590893865 0.030948648229 
0.02997212857 0.028753502294 0.027382696047 0.02593831718 0.024481797591 0.023055061698 0.021681258455 0.020367901772 0.019111389294 
0.017901884392 0.016727723181 0.015578752384 0.014448373578 0.013334345073 0.012238606811 0.011166435666 0.010125262663 0.0091234520078 
0.0081691807136 0.0072695962153 0.0064302631654 0.0056548994035 0.0049453517422 0.0043017547578 0.0037227866706 0.0032059766818 0.0027480036952 
0.0023449675646 0.0019926154055 0.0016865192447 0.0014222175814 0.001195322373 0.0010016027372 0.00083705014549 0.00069792883005 0.00058081228053 
0.0004826055083 0.00040055596037 0.00033225113293 0.00027560669696 0.00022884599457 0.00019047464593 0.00015925207117 0.00013416299771 0.00011439013906 
9.9290060461e-05 8.8372609753e-05 8.1284357293e-05 7.7796437836e-05 6.8734421802e-05 7.1899710747e-05 7.8315802966e-05 8.8154440164e-05 0.00010167505388 
0.00011922695558 0.00014125219604 0.00016828905791 0.00020097590459 0.00024005508749 0.00028637616197 0.00034089808469 0.00040468786028 0.00047891607392 
0.00056484574452 0.00066381442593 0.0007772075478 0.00090642395662 0.0010528373532 0.001217758283 0.0014024145203 0.0016079606721 0.0018355570501 
0.0020865448751 0.0023627751507 0.0026671271771 0.003004278522 0.0033817300573 0.0038110772148 0.0043094158173 0.0049006841145 0.0056166169234 
0.0064968438819 0.0075876233168 0.0089387157932 0.01059804298 0.012604210526 0.014977425337 0.017710076645 0.02075875923 0.024039875716 
0.027430767193 0.030777269974 0.033907450736 0.036649812013 0.038853216916 0.040405116975 0.041244901717 0.041369661689 0.040831573308 
0.039727553725 0.038183778524 0.036338131875 0.0343237333 0.032255802304 0.03022320196 0.028284875676 0.026470836252 0.024786761031 
0.023220788687 0.021751083434 0.020352711901 0.019002983347 0.017684761435 0.016387913376 0.015109196305 0.013851177879 0.012620590627 
0.011426573619 0.010279047303 0.0091874077916 0.0081596262753 0.0072017274797 0.0063176164404 0.0055091395043 0.0047763162293 0.004117638804 
0.0035303882323 0.0030109272338 0.0025549544953 0.0021577156149 0.0018141805194 0.0015191937564 0.001267607091 0.0010543972021 0.00087476609042 
0.00072422611993 0.00059866328957 0.00049437908456 0.0004081093648 0.00033702442306 0.00027871146449 0.0002311453718 0.0001926523546 0.00016187058645 
0.00013771135127 0.00011932376947 0.00010606409342 9.7471041954e-05 9.3247312179e-05 7.8821001807e-05 8.243326738e-05 8.9756409579e-05 0.00010098883649 
0.00011643095786 0.00013648875756 0.00016167832655 0.00019263176364 0.0002301036584 0.00027497814153 0.00032827569521 0.00039115801337 0.00046492964611 
0.00055103440536 0.00065104261739 0.00076662935317 0.00089953915449 0.0010515392059 0.0012243660167 0.0014196715783 0.0016389916418 0.0018837577663 
0.0021554010455 0.0024555944838 0.0027867010795 0.0031525003724 0.0035592494532 0.0040171090513 0.0045419023372 0.0051570702344 0.0058955224231 
0.0068009458482 0.0079279365018 0.009340217337 0.011106262915 0.013291837648 0.01594946906 0.019105652347 0.022747481242 0.026811504737 
0.03117794916 0.035673115402 0.040081132203 0.044164005667 0.047687239945 0.050447236747 0.052296072245 0.053159404546 0.053043920547 
0.052032981068 0.050271473825 0.047943662852 0.04524840042 0.04237614572 0.039490718395 0.036717344075 0.034137278795 0.031788751483 
0.029673378915 0.027766117826 0.026026604697 0.024409713224 0.022873774171 0.02138572745 0.019923325628 0.018475152552 0.017039097846 
0.015620139427 0.0142278485 0.012874099426 0.011571143754 0.010330237448 0.0091607440263 0.0080697322264 0.0070618884638 0.0061396602541 
0.0053035179153 0.0045522502623 0.003883256577 0.0032928038854 0.0027762611862 0.0023283106275 0.0019431491382 0.0016146905255 0.0013367565116 
0.0011032600887 0.0009083689074 0.00074663729174 0.00061310332967 0.00050334952539 0.0004135252384 0.00034034092096 0.00028103750083 0.00023334129946 
0.00019541138317 0.00016578471696 0.00014332542196 0.00012717970822 0.00011673948757 0.00011161461589 9.0181478299e-05 9.4298164186e-05 0.00010264571756 
0.000115454146 0.00013307284098 0.00015597588208 0.00018476920377 0.00022019978496 0.0002631660609 0.00031472978299 0.00037612763117 0.00044878083281 
0.00053430092521 0.00063448707806 0.00075131311314 0.00088689796394 0.0010434589349 0.0012232470326 0.0014284685021 0.0016612078762 0.0019233736675 
0.0022167088464 0.002542919945 0.0029039976653 0.0033028214239 0.0037441428285 0.0042360210791 0.0047917631455 0.0054323114455 0.0061888848431 
0.0071055004373 0.0082407491282 0.009667981416 0.01147294417 0.013747868128 0.016581304371 0.020043598488 0.024168949574 0.02893647179 
0.034254521132 0.039953451604 0.045790962875 0.051470972598 0.056672986597 0.061086885631 0.064448334277 0.066570326686 0.067366041243 
0.066858194768 0.06517251581 0.062516629696 0.059149440378 0.055347491056 0.05137430504 0.047455973923 0.043764721602 0.040410544723 
0.037441387773 0.034851461649 0.032595492899 0.030605487525 0.028806654736 0.027129855007 0.02551927045 0.02393547073 0.022355277091 
0.020769629627 0.019180506468 0.017597530037 0.01603478007 0.014508127235 0.013033187948 0.011623998173 0.010292235762 0.0090469326824 
0.0078944610432 0.0068387114443 0.0058813048527 0.0050218491815 0.0042581590824 0.0035864799283 0.0030017318204 0.0024977584835 0.002067616675 
0.001703879796 0.0013989384752 0.0011452861363 0.0009357611998 0.00076373608317 0.00062324572355 0.0005090557388 0.00041667875485 0.00034234850318 
0.00028296667733 0.00023603343288 0.00019957202312 0.00017205635959 0.00015234615421 0.00013963371748 0.0001334030967 0.00010296359687 0.00010765054321 
0.00011715714209 0.00013175129425 0.00015184136282 0.00017798395129 0.00021089489746 0.00025146300322 0.000300766289 0.00036009054747 0.00043094830471 
0.00051509519108 0.00061454158276 0.00073155266 0.0008686328074 0.001028487226 0.0012139573228 0.0014279275201 0.0016732113436 0.0019524344243 
0.0022679441608 0.0026218066923 0.0030159568414 0.0034526158124 0.0039350772277 0.0044690133072 0.0050643770956 0.0057379850186 0.0065166801214 
0.007440852467 0.0085677942261 0.0099741173908 0.011756119318 0.014026881196 0.016908654943 0.020519437268 0.024953112006 0.030253943056 
0.036388982087 0.04322533682 0.05052164942 0.057940725237 0.065082460642 0.071528084576 0.076885275543 0.080828875303 0.083136245608 
0.08371386677 0.082609206438 0.080002337694 0.076178334653 0.071486763656 0.066298097372 0.060964569449 0.055789332837 0.051004257053 
0.046756427735 0.043105270714 0.040032722056 0.037463311106 0.035288624465 0.0333911255 0.031663112342 0.030017767102 0.028392827138 
0.026749661192 0.025070015341 0.023351697251 0.021604077891 0.019843852147 0.0180914253 0.016368132085 0.014694283716 0.013087971136 
0.011564476416 0.010136050172 0.0088119087741 0.0075983372517 0.0064988066442 0.0055141109042 0.0046425340697 0.0038800840266 0.0032207928598 
0.0026571117342 0.002180355601 0.0017811764264 0.0014500287361 0.0011775771854 0.00095502921613 0.00077437300934 0.00062852108385 0.00051136850379 
0.0004177824012 0.00034354190575 0.00028524926165 0.00024022809521 0.00020642178424 0.00018230147543 0.00016678941029 0.000159199888 0.00011734522559 
0.00012267881539 0.00013350095833 0.00015012534277 0.00017303174536 0.00020287766529 0.00024051430228 0.00028700687108 0.00034365922329 0.00041204184527 
0.00049402099103 0.00059178587981 0.00070786772994 0.00084514450282 0.0010068219854 0.0011963814031 0.0014174876269 0.0016738547711 0.0019690771587 
0.0023064480629 0.0026888120919 0.0031185266562 0.0035976285581 0.004128347151 0.0047141197138 0.0053612729535 0.0060815080069 0.0068952566944 
0.0078358026221 0.008953884244 0.010322134942 0.012038419023 0.014226775616 0.017034351826 0.020622385666 0.025149075314 0.030742224306 
0.037461474538 0.04525513202 0.053924635053 0.063115768135 0.072349637747 0.08108689636 0.088799074292 0.095022954047 0.099395178258 
0.10167905688 0.10179002583 0.099811382592 0.095987632871 0.090691886842 0.084375545382 0.077514499426 0.070562399924 0.063914179802 
0.057877127081 0.052647359669 0.048298455775 0.044793151319 0.042011842132 0.039787665009 0.037941571325 0.036312505603 0.034773159772 
0.033233039081 0.031635109335 0.029950346798 0.028171766549 0.026308557019 0.024380709976 0.022414362058 0.020438132808 0.018480500206 
0.016568085179 0.014724690467 0.012970826589 0.011323445477 0.0097958492115 0.0083975866437 0.0071344031021 0.0060082767159 0.0050175823271 
0.0041574235074 0.0034201322123 0.0027958988212 0.0022734804079 0.0018409116892 0.0014861596283 0.0011976668611 0.00096475810278 0.00077790254727 
0.00062884343788 0.00051061779959 0.00041749636875 0.00034487262019 0.00028912757989 0.00024749033037 0.00021790983737 0.00019894570869 0.00018968488439 
0.00013354259136 0.00013961247168 0.00015193421859 0.00017087704327 0.00019700800476 0.00023110858456 0.00027419780963 0.00032756174915 0.00039278966142 
0.00047181552509 0.00056696200045 0.00068098219344 0.00081709056394 0.00097897346132 0.0011707649101 0.0013969745487 0.0016623551492 0.0019717055839 
0.0023296165746 0.0027401947882 0.0032068192959 0.0037320358679 0.0043177204207 0.0049656941555 0.0056789969094 0.0064640231431 0.0073336958885 
0.0083117550239 0.0094380509108 0.01077448111 0.012410901487 0.01446998585 0.01710967347 0.020521296188 0.024920513853 0.030526451766 
0.037522982806 0.045998327434 0.05587027967 0.066824108362 0.078305847943 0.089599117637 0.099962741137 0.10875792056 0.11550586671 
0.11988187581 0.12169925869 0.12091886252 0.1176732704 0.11227335781 0.10517860204 0.09693993628 0.088137559593 0.079330310225 
0.071017563343 0.063603341579 0.057353075594 0.052358716726 0.048553854227 0.045756332576 0.043715722859 0.042162556201 0.04086162895 
0.039634842426 0.038359876722 0.036960631609 0.035397578031 0.033659525216 0.031756341457 0.029712494463 0.027561362833 0.025340674445 
0.023089151829 0.020844269544 0.018640881404 0.016510451213 0.014480513521 0.012574254535 0.010810079984 0.0092012640089 0.0077557172626 
0.0064759887755 0.0053595690988 0.0043994905427 0.0035851732828 0.0029034337495 0.0023395342287 0.0018781748367 0.0015043412568 0.0012039581779 
0.00096433097497 0.00077438895823 0.00062475918094 0.00050771649694 0.00041705035255 0.00034788920311 0.00029651279328 0.00026017581695 0.00023695683922 
0.00022564108076 0.00015182016068 0.00015873272787 0.00017277269217 0.00019437704759 0.00022421999893 0.00026323625934 0.00031265389407 0.00037403646274 
0.00044933578465 0.00054095155792 0.0006517971633 0.0007853609859 0.00094575557159 0.00113773474 0.0013666631421 0.0016384128248 0.001959171379 
0.0023351511918 0.0027722097002 0.0032754261047 0.003848709166 0.0044945771806 0.0052142851055 0.0060085402802 0.0068790605292 0.0078312503174 
0.0088781910017 0.010046042502 0.011380757205 0.012955742888 0.014879921451 0.017305336893 0.020433334634 0.02451732941 0.029857451096 
0.036777064204 0.0455651097 0.056370470673 0.069059148431 0.083093427122 0.097531832755 0.11121483147 0.12307376415 0.13238060474 
0.13879138231 0.14221580327 0.14267277718 0.1402476579 0.135137707 0.12770196795 0.11845697463 0.10802160949 0.097052179277 
0.086195744574 0.076061710715 0.067183807492 0.059937693179 0.054437782615 0.050572831184 0.048077557236 0.04658614099 0.045688278973 
0.045042999089 0.044411979616 0.0436424613 0.042643405497 0.041368450969 0.039804928005 0.037965528667 0.035881135613 0.033594314009 
0.031153911725 0.02861103043 0.026016296819 0.023418176919 0.020861905068 0.018388677388 0.016034821048 0.013830912299 0.011800935492 
0.009961607866 0.0083220722154 0.0068840659223 0.0056425775401 0.0045869280584 0.0037021422759 0.0029704417102 0.0023726893123 0.0018896555994 
0.0015030218055 0.0011960820993 0.00095415685792 0.00076475890819 0.00061756913783 0.00050428445684 0.00041839518235 0.00035493788891 0.00031025806675 
0.00028180377558 0.00026796531165 0.00017250259407 0.00018038503185 0.00019640488608 0.00022108222765 0.00025522313081 0.00029995222576 0.00035675877007 
0.00042755642789 0.00051475787768 0.00062136130873 0.00075104500866 0.00090825819643 0.001098293229 0.0013273141813 0.0016023141798 0.0019309675554 
0.0023213492241 0.0027815059293 0.0033188923262 0.0039397263899 0.0046483729966 0.0054469397292 0.0063353162259 0.0073119811714 0.0083758821711 
0.0095297442749 0.010785021819 0.012168653309 0.013731527142 0.015558502637 0.017779817805 0.020584002137 0.024232506752 0.029074605554 
0.03555450961 0.044188756496 0.055475007743 0.069694630802 0.086624652147 0.10528802872 0.12396719307 0.14063125849 0.15362639725 
0.16219303012 0.16645851731 0.1669972688 0.16436956823 0.15894655883 0.1510065794 0.14089874923 0.12911453843 0.11625388265 
0.10296792537 0.089931197464 0.07784794271 0.067438654602 0.059290274978 0.053526189178 0.04995797947 0.048227377236 0.047828007489 
0.048103161156 0.048555191606 0.048883624375 0.048918284476 0.048565670848 0.047781351954 0.04655687511 0.044911667705 0.042885955423 
0.040533881634 0.037917535752 0.035102374852 0.032154154032 0.02913710475 0.026112804189 0.023139089346 0.020268842578 0.017548482865 
0.015016428195 0.012701722793 0.010623206384 0.0087893614545 0.0071989404969 0.00584226707 0.0047030295245 0.003760312451 0.0029906400014 
0.0023697940633 0.0018742949469 0.0014824689133 0.0011751122074 0.00093579688109 0.00075089966413 0.00060943915742 0.00050280202413 0.00042442485574 
0.00036948089837 0.00033460534178 0.0003176786995 0.00019598832296 0.00020499352831 0.0002233080304 0.00025155389449 0.00029069982702 0.00034210638842 
0.00040758942487 0.00048950419296 0.00059085013345 0.00071539415512 0.00086780526908 0.0010537859052 0.0012801766861 0.0015549989184 0.0018873946974 
0.0022874125279 0.0027655980084 0.0033323646057 0.0039971605875 0.0047675026581 0.0056480271742 0.0066398042254 0.0077402289025 0.0089438855648 
0.010244813748 0.011640539393 0.013138225302 0.014763037674 0.016568901017 0.018651857972 0.021167054772 0.024351639673 0.028556909412 
0.034289937466 0.042250566185 0.053317692131 0.068398602307 0.088051974773 0.11190615594 0.1381419152 0.16352652013 0.18433301151 
0.1978200078 0.20330621302 0.20204749703 0.19612391293 0.18728859723 0.17650194466 0.16414068639 0.15042035282 0.13564142585 
0.12020392716 0.10457891226 0.089320428669 0.075151510537 0.063079603016 0.054204184562 0.048534505069 0.045718535781 0.045348655432 
0.046831641346 0.048995215446 0.051102418453 0.052821021527 0.054001756012 0.05457335338 0.05450764671 0.053809028119 0.052509319037 
0.05066210404 0.048336058855 0.045608561486 0.042560853064 0.039274953306 0.03583214432 0.032312005758 0.02879142575 0.025342965499 
0.022032650188 0.018917411566 0.016042750329 0.013441001065 0.011130617 0.0091166021302 0.0073919519782 0.0059399013408 0.004736606963 
0.0037539175246 0.0029619170818 0.0023310340475 0.0018336072098 0.0014448985457 0.0011436089408 0.00091199902818 0.00073573051486 0.00060354237212 
0.00050685036695 0.00043934429414 0.00039662883501 0.00037593781599 0.00022276470554 0.00023307693482 0.00025406558416 0.00028647796717 0.00033148340299 
0.00039073493099 0.00046645686962 0.00056156085338 0.00067979242885 0.00082590361126 0.0010058430489 0.0012269422878 0.001498065074 0.0018296678318 
0.0022337122355 0.0027233541477 0.003312348621 0.0040141362697 0.0048406203277 0.0058007431217 0.0068990648724 0.0081346584484 0.0095007643104 
0.01098570507 0.012575577945 0.014259204268 0.016035700217 0.01792492345 0.019981227815 0.02231178619 0.025102684274 0.028659708798 
0.033473327756 0.040312033147 0.05031946674 0.06502507627 0.086092174053 0.11461475492 0.1499889195 0.18888494372 0.22530052066 
0.2523894012 0.2654274404 0.26397788525 0.25155594945 0.23320330679 0.21298965812 0.19297654927 0.17365930974 0.15491618216 
0.13659279048 0.11856651306 0.10080577433 0.083439059556 0.06696459651 0.052704498172 0.043492786586 0.038453835994 0.036852099001 
0.038427229971 0.04304004088 0.048057079315 0.05246340856 0.056023739278 0.058698572218 0.060476772487 0.061363149434 0.061384428293 
0.060591507703 0.05905630812 0.056865409017 0.054113324732 0.050897523761 0.047315966338 0.043466441333 0.039446607232 0.035353437066 
0.031281460077 0.027319671586 0.02354773134 0.02003214322 0.016823219135 0.013953413814 0.011437258683 0.0092728100717 0.0074443309568 
0.0059257014655 0.0046840673313 0.0036832829937 0.0028868315276 0.0022600514349 0.0017716173315 0.0013943614904 0.0011055377545 0.00088669679826 
0.00072331557749 0.00060431100428 0.00052153191064 0.00046930080862 0.00044404587243 0.00025342422305 0.00026526552392 0.00028938584728 0.00032668572385 
0.00037858140422 0.00044708795031 0.00053493893938 0.00064574519638 0.00078419712372 0.00095630402211 0.0011696593137 0.0014337004395 0.0017599174753 
0.002161934739 0.0026553818025 0.0032574436627 0.003986003343 0.0048583210446 0.0058892741799 0.0070892889053 0.0084622502327 0.010003824718 
0.011700766161 0.013531856239 0.015471136197 0.01749400422 0.019586583599 0.021758828312 0.024062333629 0.026615818962 0.029645584524 
0.03355550766 0.039047248662 0.047302108258 0.060183409601 0.080295644701 0.11057376862 0.15304225683 0.20676885545 0.26595857739 
0.32000622153 0.35682299733 0.36826664209 0.35433802009 0.32251960039 0.28300333023 0.2438506037 0.20896269381 0.17897282541 
0.15318056941 0.13069826365 0.11035323143 0.091092519462 0.072110049427 0.052872601897 0.034180898219 0.025958200917 0.022501362488 
0.022308403626 0.025758478791 0.036050200462 0.04525205493 0.052574392408 0.05835724622 0.062820084393 0.066051915288 0.068100497127 
0.069020979106 0.068889625371 0.067802466452 0.065867841244 0.063198760152 0.059907916933 0.056106425822 0.051905315369 0.047417644411 
0.042759262025 0.038047254086 0.033396031708 0.028911845759 0.024686984718 0.020794833079 0.017286697403 0.014190823771 0.011513605714 
0.0092425923795 0.0073506673798 0.0058007184416 0.0045501650311 0.0035548936576 0.0027723270468 0.0021635384765 0.0016944801901 0.0013364729239 
0.0010661529377 0.00086507218657 0.00071912340354 0.00061791890766 0.00055421865545 0.00052346644225 0.00028868135996 0.00030231871642 0.0003301204124 
0.00037317417446 0.0004331987293 0.00051265547518 0.00061490968801 0.00074444658821 0.0009071463719 0.0011106131133 0.0013645385625 0.0016810604138 
0.0020750458352 0.0025641995016 0.0031688688323 0.0039113969542 0.0048149004579 0.0059013855644 0.0071892440319 0.0086903069168 0.010406843387 
0.012329109944 0.014434169978 0.016686886549 0.019043846056 0.021460920572 0.023904969916 0.026370365173 0.028902191669 0.031631622463 
0.034836929291 0.039056405425 0.045290596783 0.055316846818 0.072051249444 0.099686197937 0.14305414259 0.20560003817 0.28597322106 
0.37479841709 0.45472991467 0.50592797995 0.51467484236 0.48154848814 0.42028108239 0.34895175695 0.28163668513 0.22488059103 
0.17941997945 0.14388796687 0.11678750068 0.094974204898 0.075659006834 0.056518778205 0.034400328994 0.02227091603 0.016369234771 
0.014129297808 0.014669156633 0.018276548013 0.026373643428 0.041096251458 0.051601573825 0.059763837606 0.066185384989 0.071039266884 
0.074403516948 0.076360471547 0.077017374337 0.076501280069 0.074947148561 0.072487331927 0.069246448576 0.065342634916 0.060892749578 
0.056018542498 0.050850063562 0.045524984598 0.040183857083 0.034962579608 0.029983894899 0.025349844247 0.021136257797 0.017390325665 
0.014131111093 0.011352689937 0.0090290736407 0.0071199969389 0.0055767372251 0.0043472759426 0.0033804310951 0.0026287839282 0.0020504619461 
0.0016099435743 0.0012781402329 0.001031994354 0.00085382361431 0.0007305823965 0.00065316609107 0.00061584025389 0.00032938882941 0.00034514139406 
0.00037728177267 0.00042712481809 0.00049675762421 0.00058918853756 0.00070856197271 0.00086044840282 0.0010522152297 0.0012934721308 0.0015965627972 
0.0019770499784 0.0024540938903 0.0030505864415 0.0037928549573 0.0047097471543 0.0058308965527 0.0071840798482 0.0087917102501 0.010666712187 
0.012808321975 0.015198605135 0.017800686881 0.020559804514 0.023408191279 0.026274556294 0.029098825529 0.031853027642 0.034571338445 
0.037398003042 0.040674544871 0.045107610524 0.052076488733 0.064117774367 0.085491366684 0.12241758406 0.1821526885 0.2699546814 
0.38391909003 0.51008838415 0.62303704023 0.69377142191 0.69922554493 0.64056235552 0.54068952799 0.42813882232 0.32458394766 
0.23950520158 0.17341667414 0.12454701215 0.093353517354 0.072060294449 0.055317547172 0.039845045656 0.022935029119 0.014610474929 
0.010623048991 0.0093233771622 0.010249749757 0.013840740547 0.021600062028 0.037410475314 0.049931831658 0.060227274895 0.068606942892 
0.075141221285 0.079886600375 0.082945369184 0.084463313222 0.084608986974 0.083550848067 0.081441096961 0.078410215676 0.074572131038 
0.070036500692 0.064921490848 0.059361949563 0.053510520607 0.047532107681 0.041593831033 0.035853125155 0.030446503311 0.025480892509 
0.021028822288 0.017127638683 0.013782417402 0.010971474461 0.0086533809081 0.0067742308602 0.0052742878906 0.0040934220888 0.003175065387 
0.0024687156547 0.0019311840879 0.0015268870629 0.001227486995 0.0010111745214 0.00086181698134 0.00076813279884 0.00072300701868 0.00037655164488 
0.00039479884435 0.00043205838301 0.00048991874792 0.00057091296185 0.00067871436477 0.00081842031796 0.00099693785887 0.0012234759051 0.001510139904 
0.0018725878326 0.0023306715302 0.0029089332093 0.0036367545836 0.0045479205437 0.0056793182157 0.0070685236715 0.0087501462549 0.010750986636 
0.013084391132 0.015744486824 0.01870142296 0.021898847073 0.025255147368 0.028669625521 0.032034553587 0.035253811628 0.038269240409 
0.04109884426 0.043898943812 0.047080036253 0.051533628255 0.059051088989 0.0729848966 0.099019177258 0.14548718929 0.22209739685 
0.3357488215 0.48330581188 0.64525073767 0.79125112295 0.88715940714 0.89019328356 0.8025893569 0.66076475382 0.50488686562 
0.36382126808 0.24848231673 0.15723955631 0.088280841708 0.057400077581 0.040842127055 0.029987795278 0.021376637742 0.013865944929 
0.0092677585781 0.0069439038634 0.0063680741005 0.0074888160452 0.010904832743 0.018278934062 0.033768516034 0.047511544079 0.059640355408 
0.069871775806 0.078029245138 0.084106683731 0.088228859007 0.090597420931 0.091440409422 0.090970873833 0.08936149627 0.086738474667 
0.083193689585 0.078808568418 0.073678314686 0.067927256227 0.061712756753 0.055218845606 0.048643238842 0.042181234807 0.036009792238 
0.030274456367 0.025080921128 0.020492054522 0.016529912129 0.013181651011 0.010407729074 0.008150854148 0.0063443756662 0.00491931336 
0.0038095994387 0.0029555091169 0.0023054990452 0.0018168055685 0.0014551889617 0.0011941876728 0.0010141615057 0.00090134347556 0.00084703497123 
0.00043133861618 0.0004525273398 0.00049582484644 0.00056314660469 0.00065756065305 0.00078354211291 0.00094734452432 0.0011575033423 0.0014254852431 
0.0017664657207 0.0022001902107 0.0027518083807 0.0034524991643 0.0043396251276 0.0054560829885 0.0068484833464 0.0085638267919 0.01064453274 
0.013121876866 0.016008397564 0.019290199503 0.022920576856 0.026816705242 0.030861197039 0.03491005674 0.038808144629 0.042412746698 
0.045626666397 0.048445418477 0.051033560187 0.053866039962 0.058003831655 0.065598890185 0.080680578947 0.11004620045 0.1635517627 
0.252366364 0.38334798813 0.54876613617 0.71819764376 0.88156425953 1.0177063942 1.0220601559 0.90820920467 0.73297828436 
0.54681825638 0.38190168142 0.24493171275 0.12584426999 0.067124091089 0.039175700396 0.025225095451 0.017365925014 0.012123123743 
0.008256746456 0.0057953307405 0.0045744832605 0.0044770347886 0.0056590479799 0.0087781921029 0.015427225269 0.029408842325 0.044002264738 
0.057838473469 0.06978277117 0.079383224249 0.086596928537 0.091603606939 0.094695687294 0.096190840006 0.096364110708 0.095409713686 
0.093434244394 0.090479567647 0.0865675807 0.081742361188 0.076095767319 0.069774210453 0.062971226871 0.05591115728 0.048828572035 
0.041946757585 0.035458594561 0.029512818903 0.024207249284 0.019588971511 0.015660185367 0.012387587689 0.0097132157534 0.0075649637729 
0.0058655529283 0.004539382644 0.0035171320196 0.0027383663692 0.0021525626071 0.0017190291546 0.0014061683323 0.0011904406128 0.0010552967433 
0.00099025841337 0.00049508805387 0.00051973975496 0.00057014648337 0.00064861110877 0.0007588378503 0.00090626050951 0.0010985207045 0.0013461206108 
0.0016632623738 0.0020688539371 0.0025876148138 0.0032511341851 0.0040986393578 0.0051771164872 0.006540352013 0.0082464115694 0.010353137739 
0.012911476195 0.015956763178 0.01949872449 0.023511400446 0.027924930677 0.032621353865 0.037436775863 0.042171761394 0.046611089259 
0.050553619862 0.053853224963 0.056475572288 0.058586552739 0.060710325837 0.064028091729 0.070907562971 0.085691019893 0.11551249027 
0.17033968866 0.26043301821 0.38815423846 0.52763491869 0.60622024536 0.74966418743 0.99775665998 1.0024027824 0.87427157164 
0.69186502695 0.50947374105 0.35779294372 0.22720359266 0.11209185421 0.055655784905 0.029297733679 0.016932522878 0.010737521574 
0.0072143850848 0.0049853259698 0.0036516624968 0.0030745898839 0.0032683575992 0.0045144059695 0.0075885010883 0.013616044074 0.023347016424 
0.039539787918 0.055304665118 0.068502649665 0.07903201133 0.086936041713 0.09245146066 0.095983698964 0.097977645695 0.098794296384 
0.098651014268 0.097612023354 0.095625698566 0.092608705163 0.088516756892 0.083381250501 0.077316701412 0.070510432124 0.063204072416 
0.055669650435 0.048182249069 0.0409928523 0.034306354821 0.028268465772 0.022962352261 0.018413722515 0.014601362869 0.011470291764 
0.0089449221268 0.0069405203685 0.0053720762953 0.0041604102589 0.0032357391901 0.0025392649695 0.0020233436953 0.0016507987166 0.0013938259799 
0.0012328155572 0.001155323931 0.00056930613937 0.00059802323813 0.00065677543171 0.00074832065729 0.0008771137218 0.0010497239418 0.0012754460331 
0.0015671346337 0.0019422725309 0.0024242508225 0.003043761244 0.0038401032798 0.0048620891757 0.0061680725776 0.0078245438635 0.0099026747048 
0.012472298928 0.015593105927 0.019303310663 0.023606723174 0.028459930792 0.033761978149 0.039349369705 0.044999245554 0.050442889333 
0.055390987545 0.059570912272 0.062776602805 0.064935058355 0.066204145551 0.06713706255 0.068973384798 0.074111036956 0.086713865399 
0.11316978931 0.16166570783 0.2385687232 0.33601805568 0.39627602696 0.48854589462 0.6171861887 0.82329666615 0.73033702374 
0.61227083206 0.47374486923 0.34954959154 0.27908587456 0.18917699158 0.1071966216 0.04805328697 0.023008588701 0.012061388232 
0.007025656756 0.0044925189577 0.003098992398 0.0023653693497 0.0021687252447 0.0026711083483 0.0047196415253 0.01042597089 0.0206733495 
0.029147911817 0.039074469358 0.056836109608 0.068211726844 0.077474921942 0.084901340306 0.090215608478 0.09369443357 0.095897600055 
0.097292006016 0.098119944334 0.098372481763 0.09783128649 0.096242673695 0.093430258334 0.089335568249 0.084015928209 0.077627956867 
0.070410989225 0.062666162848 0.054725002497 0.04691112414 0.039504744112 0.032718494534 0.026687640697 0.02147314325 0.017073594034 
0.013441395946 0.010499572381 0.0081565668806 0.0063178148121 0.0048937611282 0.0038046529517 0.002982805483 0.0023730790708 0.0019322612789 
0.0016279184492 0.001437109313 0.0013452428393 0.0006556569133 0.00068912783172 0.00075763708446 0.00086447322974 0.0010149698937 0.0012170326663 
0.0014819111675 0.0018252502196 0.0022684345022 0.0028401857708 0.0035782784689 0.0045311138965 0.0057587227784 0.0073326071724 0.0093336934224 
0.011847650632 0.014956949279 0.018729453906 0.023203929886 0.028373744339 0.03417095542 0.040453821421 0.047001197934 0.053517285734 
0.059649161994 0.065018504858 0.069267205894 0.072116583586 0.073442727327 0.073381967843 0.072498597205 0.072058282793 0.074390552938 
0.083118468523 0.10285776109 0.13858616352 0.19207033515 0.25330018997 0.28627407551 0.3584728837 0.4469461441 0.52966225147 
0.51247000694 0.4367312789 0.33694517612 0.24361583591 0.17634287477 0.13340048492 0.080545514822 0.036453083158 0.017096891999 
0.0085496380925 0.0047052633017 0.0028909565881 0.0019956843462 0.0016164795961 0.0017555938102 0.0032434111927 0.0097901634872 0.030080409721 
0.064620733261 0.077650740743 0.082758076489 0.088890947402 0.080797441304 0.078299388289 0.081052549183 0.084550954401 0.087137661874 
0.089090906084 0.090922109783 0.092895060778 0.094900093973 0.096406273544 0.096899412572 0.096033766866 0.093643173575 0.089702196419 
0.084295682609 0.077619791031 0.069982543588 0.061774745584 0.05341469869 0.045288760215 0.03770686686 0.030880993232 0.024924503639 
0.019865917042 0.015669858083 0.012259285897 0.0095352586359 0.0073922998272 0.0057289777324 0.0044542350806 0.0034904293716 0.0027741068043 
0.0022554160096 0.0018968528602 0.0016718395054 0.0015634432202 0.00075594114605 0.00079494365491 0.0008748046821 0.00099942833185 0.0011751716956 
0.0014115065569 0.0017219823785 0.0021255393513 0.0026481742971 0.0033249012195 0.0042018182576 0.005337936338 0.0068062166683 0.0086930561811 
0.011095354334 0.014114204794 0.017844574526 0.022360758856 0.027698213235 0.033833511174 0.040665145963 0.047998990864 0.055542644113 
0.062912486494 0.069656297565 0.075292214751 0.079362615943 0.081501021981 0.081512823701 0.07948551327 0.075969733298 0.072283223271 
0.070860296488 0.074987865984 0.086658455431 0.10712687671 0.13321371377 0.15182429552 0.18998783827 0.2453456372 0.30542469025 
0.34995144606 0.34863835573 0.30504998565 0.23805560172 0.16972489655 0.11509300768 0.076347358525 0.04534054175 0.023236645386 
0.01144043915 0.0057533043437 0.003115106374 0.0018900906434 0.0013394282432 0.0012325688731 0.0020007444546 0.0068447547965 0.029316950589 
0.10137488693 0.22949919105 0.27386125922 0.30343616009 0.25515642762 0.1562679112 0.097624927759 0.079072348773 0.075819000602 
0.075803630054 0.076805047691 0.078843705356 0.082154393196 0.08657886833 0.090901598334 0.094241648912 0.09609489888 0.096212945879 
0.094469927251 0.09080222249 0.085274174809 0.078149288893 0.069877520204 0.061009343714 0.052090298384 0.043578825891 0.035803519189 
0.028956240043 0.023109229282 0.018244029954 0.014282702468 0.011115403846 0.0086215250194 0.0066839237697 0.0051971990615 0.0040715388022 
0.0032336497679 0.002626020927 0.0022054133005 0.0019411853282 0.001813812647 0.00087206123862 0.00091746513499 0.0010104617104 0.0011556664249 
0.0013606282882 0.0016366502969 0.0019999875221 0.002473466564 0.0030885264277 0.0038875823375 0.0049264575355 0.0062764263712 0.008025159128 
0.010275631212 0.013141914271 0.016740795225 0.021178508177 0.026532473043 0.032829016447 0.040019284934 0.047956902534 0.056381866336 
0.064915709198 0.073072254658 0.080286361277 0.085960835218 0.089527435601 0.090516641736 0.088633678854 0.083859324455 0.076644934714 
0.068364545703 0.062021236867 0.062699988484 0.067781254649 0.075196810067 0.0767525509 0.092153288424 0.12085948884 0.15930190682 
0.1989736855 0.22735019028 0.23252946138 0.21435038745 0.16971823573 0.11927013099 0.077121913433 0.047321360558 0.027108242735 
0.01430263184 0.0072412695736 0.0037026959471 0.002020265907 0.0012479932047 0.00095166283427 0.0011224355549 0.0030442406423 0.014765241183 
0.071440249681 0.2698931694 0.68043762445 0.91408157349 1.0517120361 0.90402901173 0.4519841671 0.18672034144 0.091392807662 
0.066306136549 0.059448193759 0.058428797871 0.060318179429 0.065075866878 0.072880700231 0.081262260675 0.088260747492 0.093644119799 
0.097214579582 0.098754353821 0.097888752818 0.094354994595 0.088263519108 0.0801217556 0.070681005716 0.060739766806 0.050992269069 
0.041949432343 0.033922560513 0.027047175914 0.021325867623 0.016674736515 0.012963954359 0.010048144497 0.0077861309983 0.006051809527 
0.0047387303784 0.0037608053535 0.0030509852804 0.0025591431186 0.0022498872131 0.0021007168107 0.0010059722699 0.0010587399593 0.0011668467196 
0.0013357329881 0.0015743356198 0.0018961068708 0.0023204926401 0.0028749164194 0.0035972518381 0.0045386240818 0.0057662045583 0.0073653822765 
0.0094404220581 0.012112449855 0.015513516963 0.019775530323 0.025013370439 0.031302370131 0.03865147382 0.046975132078 0.056068200618 
0.065589353442 0.075058631599 0.083873733878 0.091346986592 0.096760958433 0.09943562001 0.098794944584 0.09442178905 0.086107462645 
0.073980070651 0.058860443532 0.044133219868 0.046599127352 0.049355462193 0.051118832082 0.047108512372 0.055838402361 0.073912620544 
0.098235696554 0.12347324193 0.1433544755 0.15571522713 0.17190434039 0.12904396653 0.087200678885 0.053347174078 0.03066165559 
0.016781009734 0.0087635787204 0.0044682831503 0.0023160444107 0.0012908350909 0.00083649181761 0.00071747967741 0.0010720473947 0.0036954795942 
0.020203189924 0.10932868719 0.47672218084 1.4521331787 2.8482232094 3.2978684902 3.0268948078 1.3033373356 0.43055450916 
0.13869793713 0.060216978192 0.037297733128 0.033230178058 0.034429907799 0.039732675999 0.050605028868 0.067757189274 0.079306423664 
0.088890016079 0.096960507333 0.10329755396 0.10683125257 0.10654284805 0.10218489915 0.094334296882 0.084073916078 0.072618067265 
0.061041031033 0.05014134571 0.040413588285 0.032085318118 0.025183711201 0.019607439637 0.015188718215 0.011738891713 0.0090769501403 
0.0070441048592 0.0055089266971 0.0043670828454 0.0035385957453 0.0029644200113 0.0026032465976 0.0024289707653 0.0011596182594 0.001220802078 
0.0013461838244 0.0015421620337 0.0018192989519 0.0021935817786 0.0026882416569 0.0033361704554 0.0041828835383 0.0052897999994 0.0067373621278 
0.0086271977052 0.011082209647 0.014243191108 0.018260518089 0.023279681802 0.029420027509 0.036747343838 0.045242231339 0.054768115282 
0.065044395626 0.075630970299 0.085930675268 0.095213964581 0.10266717523 0.1074597016 0.10881898552 0.10609444231 0.098786048591 
0.08650932461 0.068766586483 0.043896876276 0.031556487083 0.028736511245 0.032598953694 0.033451847732 0.029545629397 0.033275790513 
0.043253950775 0.05730015412 0.072359137237 0.085510626435 0.097151346505 0.11697767675 0.10171145201 0.064202986658 0.037072401494 
0.020096415654 0.010492324829 0.0053474791348 0.0027132204268 0.0014227833599 0.00082040874986 0.00057355145691 0.00055452436209 0.00085593847325 
0.0024388597813 0.011136549525 0.055166773498 0.23407095671 0.7470588088 1.3925646544 3.0453693867 3.3266248703 2.8343570232 
0.79122912884 0.20518904924 0.055224519223 0.025494802743 0.02027256228 0.020941523835 0.025238484144 0.034535828978 0.05243531242 
0.067704766989 0.081883624196 0.095465086401 0.10888879746 0.1193979308 0.12428593636 0.12263451517 0.11517813057 0.10358022153 
0.089738056064 0.075327664614 0.06159260869 0.049305588007 0.038828961551 0.030218988657 0.023337673396 0.017949355766 0.013791046105 
0.010615145788 0.0082097761333 0.0064042801969 0.0050667799078 0.0040986184031 0.0034284270369 0.0030070438515 0.0028037352022 0.0013348492794 
0.0014055863721 0.0015505886404 0.0017773739528 0.0020984180737 0.002532714745 0.0031080127228 0.0038637442049 0.0048545529135 0.0061540734023 
0.0078583210707 0.01008764375 0.012985859066 0.016714913771 0.021443430334 0.027327932417 0.034486413002 0.042965367436 0.052703171968 
0.063494808972 0.074964560568 0.08655411005 0.097533047199 0.1070362553 0.11412795633 0.11788550764 0.1174884662 0.11229216307 
0.1018659398 0.085988968611 0.064558856189 0.037042476237 0.024081485346 0.018892925233 0.018356665969 0.020796300843 0.0204765331 
0.019697783515 0.024203054607 0.031523246318 0.039720259607 0.047202352434 0.05395629257 0.065392874181 0.063424125314 0.046276152134 
0.024347001687 0.01257591974 0.0063648079522 0.003185718786 0.0016125992406 0.00086173479212 0.00052420864813 0.00040656072088 0.00044557650108 
0.00069727707887 0.0015539318556 0.0051380475052 0.021868882701 0.080706432462 0.23501271009 0.46527856588 0.94974607229 1.3549665213 
2.3678841591 0.68785369396 0.17897444963 0.044155489653 0.017763806507 0.013236565515 0.013809639961 0.017152432352 0.023790031672 
0.034994930029 0.050282619894 0.071488827467 0.091260358691 0.11579270661 0.13765138388 0.15068303049 0.1530444026 0.14597809315 
0.13217839599 0.11462014914 0.095882222056 0.077862516046 0.061741165817 0.048077531159 0.036966919899 0.02820970118 0.02145987004 
0.01633416675 0.012477871962 0.0095945876092 0.0074522499926 0.0058768824674 0.0047421259806 0.0039589470252 0.0034673220944 0.0032303025946 
0.0015333226183 0.0016148237046 0.0017819526838 0.0020435377955 0.0024143152405 0.0029168585315 0.0035843197256 0.0044639729895 0.005621381104 
0.0071446998045 0.0091482307762 0.011773916893 0.015189021826 0.019578117877 0.025127585977 0.032001540065 0.040309261531 0.050066094846 
0.061151783913 0.073272608221 0.085935398936 0.098442129791 0.10991262645 0.11933983862 0.12567554414 0.12793700397 0.12531545758 
0.11726503819 0.10356189311 0.084368996322 0.060366887599 0.032553944737 0.019373549148 0.013328818604 0.011064535938 0.010878493078 
0.011081154458 0.01095715072 0.012882409617 0.016361951828 0.020422399044 0.024203278124 0.027353748679 0.030490191653 0.033685889095 
0.026273125783 0.013877584599 0.0071746320464 0.003622172866 0.0018139815656 0.00093003793154 0.0005170268123 0.00034278049134 0.00030092976522 
0.00036546168849 0.00057887256844 0.0011130827479 0.0025809216313 0.0074378978461 0.023657942191 0.061341956258 0.12743866444 0.25684538484 
0.40511843562 0.60685300827 0.25711217523 0.083089262247 0.024323903024 0.01162366569 0.0095299715176 0.010611832142 0.013774377294 
0.019256386906 0.027702830732 0.039643269032 0.055148869753 0.078137673438 0.12267033756 0.16383732855 0.18912896514 0.1969576776 
0.19003978372 0.17280483246 0.14978437126 0.12479026616 0.10060510784 0.078970782459 0.060730051249 0.046042654663 0.034625519067 
0.025972543284 0.019521428272 0.014755934477 0.011251701973 0.0086840195581 0.0068160626106 0.0054808054119 0.0045638587326 0.0039899828844 
0.0037137335166 0.0017563876463 0.00184991688 0.002041798085 0.0023423922248 0.0027690979186 0.0033487360924 0.0041208988987 0.0051422151737 
0.0064912391827 0.008273278363 0.010623990558 0.013710064813 0.01772489585 0.022877050564 0.029369756579 0.037370447069 0.046971231699 
0.058143042028 0.070688985288 0.08420471102 0.098055616021 0.11138092726 0.12313331664 0.13215792179 0.13730660081 0.13757379353 
0.13222774863 0.12090518326 0.10365226865 0.080991774797 0.05430490151 0.028272138909 0.015921205282 0.0099492976442 0.0071986657567 
0.0061300429516 0.0058440947905 0.0057518361136 0.0065362504683 0.0080538345501 0.0098811462522 0.011590530165 0.012920395471 0.013772000559 
0.013899486512 0.011881845072 0.00670701731 0.0036457425449 0.0018984321505 0.00097547663609 0.00051981885917 0.00031300241244 0.00024098069116 
0.00024182724883 0.0003078232694 0.00046866960474 0.00083293183707 0.0016110815341 0.0033613068517 0.007622492034 0.017592340708 0.033743843436 
0.063968107104 0.10347054899 0.14282858372 0.076666548848 0.031536012888 0.012748206966 0.0083525702357 0.0083299204707 0.010485783219 
0.014521706849 0.020580910146 0.029123550281 0.040902052075 0.057328995317 0.082705192268 0.12604373693 0.20101903379 0.24273012578 
0.25674954057 0.24923996627 0.22708044946 0.19671967626 0.16342288256 0.13103051484 0.10199644417 0.077560573816 0.058005534112 
0.042965579778 0.031732924283 0.023504577577 0.017540020868 0.013234124519 0.010130314156 0.0079023027793 0.00632555224 0.0052502253093 
0.0045801331289 0.0042583160102 0.0020049556624 0.0021117983852 0.0023311069235 0.0026750182733 0.003164034104 0.0038299527951 0.0047199367546 
0.0059016090818 0.0074687339365 0.0095465490595 0.012295216322 0.015909293666 0.020610755309 0.02663311176 0.034194868058 0.043461855501 
0.054499980062 0.067222386599 0.081337921321 0.096310429275 0.11134050041 0.12538170815 0.13720144331 0.14548958838 0.14900945127 
0.14677096903 0.13819046319 0.12318211049 0.10210526735 0.075389906764 0.042322181165 0.023208605126 0.012993686832 0.0076976153068 
0.0050339391455 0.0037564248778 0.0031955419108 0.0030006782617 0.0032338909805 0.003809554968 0.0045432648621 0.0052324007265 0.0057238596492 
0.0059148408473 0.0056275948882 0.0045383609831 0.0029252497479 0.0016975863837 0.00092543003848 0.00049831887009 0.00028512257268 0.00019888514362 
0.00020823314844 0.00023682886967 0.00029389097472 0.0003683907853 0.00060348107945 0.001067062025 0.0019139793003 0.0034207608551 0.0059985383414 
0.0096916696057 0.015705497935 0.024041630328 0.034501343966 0.023086052388 0.012067004107 0.007844354026 0.007421863731 0.0093694115058 
0.013512806967 0.019881870598 0.028434840962 0.039616141468 0.054349366575 0.074772536755 0.1058645919 0.15821662545 0.25769591331 
0.31290841103 0.33138367534 0.32184785604 0.29344075918 0.25438854098 0.2113095969 0.16909942031 0.13102345169 0.098861351609 
0.07313606143 0.053454492241 0.038901593536 0.028389612213 0.020896133035 0.015581281856 0.011814089492 0.0091488789767 0.0072841937654 
0.0060229338706 0.0052411761135 0.0048668342642 0.0022793628741 0.0024007763714 0.0026501319371 0.0030415807851 0.0035991652403 0.0043603824452 
0.0053810710087 0.006741435267 0.0085525456816 0.010962099768 0.014157481492 0.018363565207 0.023832399398 0.030822195113 0.039564035833 
0.050216447562 0.062810324132 0.07718937099 0.092954024673 0.10942000896 0.12560477853 0.14025679231 0.15194018185 0.15917868912 
0.16065114737 0.15541249514 0.14309982955 0.12406732887 0.099358834326 0.070260420442 0.036757249385 0.019687166438 0.010778525844 
0.0061409226619 0.0037430361845 0.0025156838819 0.0019032636192 0.0016312829684 0.001611610176 0.0017707215156 0.0020177001134 0.0022571946029 
0.0024113736581 0.0024237080943 0.0022343348246 0.0017846911214 0.00121796655 0.00074409035733 0.00042789278086 0.00024562393082 0.00015445765166 
0.00012459949357 0.00015157286543 0.00018341670511 0.00022621420794 0.00026794953737 0.00041513465112 0.00069291424006 0.0011541853892 0.0018615679583 
0.0028495967854 0.0040735118091 0.0056472695433 0.0075757610612 0.0095533262938 0.0081571554765 0.0065466873348 0.0064875883982 0.0084089534357 
0.012880336493 0.020558623597 0.031566169113 0.09561906755 0.061812154949 0.082349590957 0.10947505385 0.14892065525 0.21092200279 
0.33022227883 0.39342576265 0.4130166769 0.40005803108 0.36519268155 0.31770172715 0.26497623324 0.21266965568 0.1648568958 
0.12403278798 0.091168582439 0.065993748605 0.047453466803 0.034178253263 0.0248325672 0.018300782889 0.013740583323 0.010558937676 
0.0083584841341 0.0068829469383 0.0059736738913 0.005539696198 0.0025792319793 0.0027163811028 0.0029982009437 0.0034410560038 0.0040728943422 
0.0049375072122 0.006100312341 0.0076553327963 0.0097324987873 0.012503664941 0.016184939072 0.021032277495 0.027327192947 0.035349991173 
0.045339420438 0.057439737022 0.071638785303 0.087703093886 0.10511840135 0.12304708362 0.14031708241 0.15546153486 0.16682638228 
0.17275296152 0.17182336748 0.16313487291 0.14655973017 0.12297047675 0.094460003078 0.064211808145 0.032406061888 0.016898334026 
0.0090438025072 0.0050043584779 0.0029095774516 0.001815426047 0.001243351493 0.00095525203506 0.00084108411102 0.00083623197861 0.00088807282737 
0.00094950653147 0.00098282622639 0.00096161232796 0.00086710188771 0.00069484458072 0.00049037439749 0.00031449159724 0.00019202516705 0.00011898494267 
8.2496502728e-05 7.2328824899e-05 8.306226664e-05 0.00010269546328 0.00013208310702 0.00017777763424 0.00027246278478 0.00043750734767 0.00069689308293 
0.0010719771963 0.0015689585125 0.002172625158 0.0028897121083 0.0037093365099 0.0045677423477 0.0048922705464 0.005308741238 0.0070136962458 
0.011166103184 0.019242167473 0.032863076776 0.10278723389 0.88121491671 0.20311571658 0.1825799197 0.16819652915 0.22113469243 
0.28737539053 0.40904805064 0.46920368075 0.48545321822 0.46880865097 0.4296014905 0.37680137157 0.31737369299 0.25703379512 
0.20053182542 0.15129879117 0.11108421534 0.08001999557 0.057086259127 0.040711767972 0.029266819358 0.021349577233 0.015886843204 
0.012119721621 0.0095408875495 0.0078254304826 0.0067741684616 0.0062740230933 0.0029033510946 0.0030572290998 0.003373546293 0.0038709936198 
0.0045816251077 0.005555848591 0.0068691098131 0.008629786782 0.010987139307 0.014137299731 0.018324390054 0.023833310232 0.030970815569 
0.040032658726 0.051256489009 0.064762845635 0.080489099026 0.098122760653 0.11704142392 0.13626851141 0.15445874631 0.16993810236 
0.18082775176 0.18526482582 0.18170236051 0.16923306882 0.14786289632 0.11820752919 0.084878668189 0.054909657687 0.02739876695 
0.014195717871 0.0075398571789 0.0041131163016 0.0023271148093 0.0013844940113 0.00088115769904 0.00061279843794 0.00047721224837 0.00041899946518 
0.00040258278023 0.00040178053314 0.00039741193177 0.00037690190948 0.0003335364454 0.00026826211251 0.00019504733791 0.00013140169904 8.5723499069e-05 
5.7769506384e-05 4.4001160859e-05 4.1247509216e-05 4.7384277423e-05 5.9946054535e-05 8.02778668e-05 0.00011400118819 0.00017382070655 0.00027206414961 
0.0004218351969 0.00063675246201 0.00093222764554 0.0013367068022 0.0019161383389 0.0027045847382 0.0040569892153 0.0050820079632 0.0058991773985 
0.0087889367715 0.015408586711 0.028200812638 0.050533842295 0.084356620908 0.2288852632 1.0863493681 1.1327933073 0.36397919059 
0.3525006175 0.41126546264 0.47373828292 0.51482617855 0.52496218681 0.50711715221 0.46907907724 0.41805368662 0.35861256719 
0.29537263513 0.23353359103 0.1777767688 0.13110469282 0.09447170049 0.067185044289 0.047642815858 0.034006219357 0.024621671066 
0.018194302917 0.013798226602 0.010812045075 0.0088382447138 0.0076341810636 0.0070628784597 0.0032495760825 0.0034209177829 0.0037731863558 
0.0043273661286 0.0051195579581 0.0062066689134 0.0076739140786 0.0096434690058 0.012282773852 0.015810033306 0.020493492484 0.026640674099 
0.034574225545 0.044592805207 0.05691819638 0.071633026004 0.0886156708 0.1074789986 0.1275165081 0.14765757322 0.16643801332 
0.18201674521 0.19229917228 0.19519266486 0.18897308409 0.17267329991 0.14574706554 0.10162445158 0.063991680741 0.038412883878 
0.02119859308 0.011466799304 0.0061999950558 0.0033940910362 0.0019010402029 0.0011012339965 0.00066784478258 0.00043059876771 0.00030121067539 
0.00023256333952 0.00019752029039 0.00017893637414 0.00016557639174 0.0001505195396 0.00013035102165 0.00010512390145 7.8648779891e-05 5.5737975345e-05 
3.8983565901e-05 2.8586908229e-05 2.3709682864e-05 2.3544711439e-05 2.7621474146e-05 3.5804434447e-05 4.9463560572e-05 7.2040355008e-05 0.00010957024642 
0.00016923483054 0.00026011600858 0.00039618418668 0.00060713366838 0.00097686436493 0.001765188179 0.0027194698341 0.0040068468079 0.0055766617879 
0.0077508250251 0.011316222139 0.020411912352 0.038021054119 0.069781936705 0.12348325551 0.26675885916 1.1960183382 1.3081334829 
1.2976472378 0.47403404117 0.43558046222 0.461309582 0.49557426572 0.50567829609 0.4929176867 0.46487724781 0.42718082666 
0.37841448188 0.32043847442 0.25882989168 0.20005337894 0.14898817241 0.10792966932 0.076883785427 0.054459799081 0.038756083697 
0.027949942276 0.02056851238 0.015540423803 0.012140042149 0.0099013373256 0.0085397344083 0.0078948438168 0.0036147856154 0.0038039851934 
0.0041928933933 0.0048045623116 0.0056787338108 0.0068781161681 0.0084965219721 0.010667969473 0.013574897312 0.017452530563 0.022585511208 
0.029292713851 0.037897136062 0.048680439591 0.061825573444 0.077354975045 0.095074117184 0.11452802271 0.13496910036 0.15532068908 
0.17411585152 0.18943738937 0.19900788367 0.20046748221 0.19183626771 0.17209434509 0.14162896574 0.10163915902 0.055090107024 
0.030836891383 0.017121883109 0.0094123966992 0.0051623620093 0.0028480896726 0.0015931822127 0.00091061874991 0.00053613947239 0.00032835669117 
0.00021202328207 0.00014668788936 0.00010989575821 8.8568027422e-05 7.4824631156e-05 6.4010026108e-05 5.369565406e-05 4.3179512431e-05 3.3119773434e-05 
2.4634366127e-05 1.8413571524e-05 1.4580992683e-05 1.3001348634e-05 1.3572122043e-05 1.635690387e-05 2.1711632144e-05 3.068870501e-05 4.5360375225e-05 
6.9072608312e-05 0.00010653134086 0.00016513052105 0.0002592751116 0.00042336646584 0.00075086479774 0.0015066782944 0.0025314958766 0.0039045019075 
0.0056677442044 0.008016009815 0.013848479837 0.025518979877 0.046627923846 0.083079770207 0.14514578879 0.25949627161 0.41428777575 
0.53105592728 1.2907249928 0.42528381944 0.33198496699 0.33189415932 0.3957311213 0.41314095259 0.41055697203 0.40156775713 
0.39419361949 0.37006556988 0.32726562023 0.27255931497 0.2151787281 0.16259220243 0.11892559379 0.085228934884 0.060570850968 
0.04316149652 0.031126288697 0.022888528183 0.017275514081 0.013482248411 0.010987510905 0.0094716427848 0.0087541397661 0.0039948858321 
0.0042019346729 0.0046272678301 0.0052955597639 0.0062493905425 0.0075559220277 0.0093153780326 0.011670168489 0.014812415466 0.018986420706 
0.024481728673 0.031612519175 0.040680658072 0.051923494786 0.065452776849 0.081196688116 0.098860561848 0.11791911721 0.13763664663 
0.15707369149 0.17498332262 0.18953941762 0.19834877551 0.19871151447 0.18816100061 0.16540202498 0.13131923974 0.089895784855 
0.04730476439 0.025937208906 0.014371485449 0.007963841781 0.0044145570137 0.0024565968197 0.0013785605552 0.00078375439625 0.00045363599202 
0.00026886031264 0.00016448134556 0.00010502626537 7.0862137363e-05 5.0880968047e-05 3.8666665205e-05 3.0512590456e-05 2.4374350687e-05 1.9291426725e-05 
1.5009528397e-05 1.1600925063e-05 9.1625634013e-06 7.724531315e-06 7.2977095442e-06 7.9443871073e-06 9.8349701148e-06 1.3334109099e-05 1.9173588953e-05 
2.8644109989e-05 4.3834723328e-05 6.8099077907e-05 0.00010751830268 0.00017488776939 0.00029989893665 0.00055232230807 0.0010893637082 0.0021991441026 
0.0036568709183 0.0052348393947 0.0090243723243 0.016833413392 0.031309336424 0.055949732661 0.094802595675 0.15252876282 0.24141567945 
0.37529027462 0.44357299805 0.46573618054 0.31235849857 0.25717735291 0.23785461485 0.24539875984 0.25009652972 0.25319060683 
0.26580363512 0.31897705793 0.33521336317 0.31603303552 0.27371236682 0.22167405486 0.17048628628 0.12631101906 0.091396063566 
0.065426588058 0.046874366701 0.033937051892 0.025025125593 0.018925085664 0.014789854176 0.012064676732 0.010406691581 0.0096213817596 
0.0043848790228 0.0046093389392 0.0050699254498 0.0057922732085 0.0068206144497 0.0082245981321 0.01010774076 0.012616065331 0.015944268554 
0.020335521549 0.026070060208 0.033438190818 0.042695499957 0.054002933204 0.067361108959 0.082556299865 0.09914252162 0.11648679525 
0.13389252126 0.15075346828 0.16648294032 0.1796117723 0.18776099384 0.18781004846 0.17628994584 0.15093146265 0.11193095148 
0.065979383886 0.037840195 0.021565904841 0.012217156589 0.0068910438567 0.0038785345387 0.0021845307201 0.0012347223237 0.00070218322799 
0.00040291069308 0.00023405639513 0.00013830808166 8.3716506197e-05 5.2396499086e-05 3.4254921047e-05 2.3543279895e-05 1.697623884e-05 1.2700033949e-05 
9.7154470495e-06 7.5352527347e-06 5.9513331507e-06 4.8825268095e-06 4.3054642447e-06 4.2410215428e-06 4.7639468903e-06 6.0257593759e-06 8.3033055489e-06 
1.2087818504e-05 1.8213171643e-05 2.8075925002e-05 4.4137374061e-05 7.124205149e-05 0.00011992626241 0.00021423582803 0.00040868841461 0.00081898132339 
0.001674918225 0.0034028496593 0.0054500433616 0.010353555903 0.020210945979 0.038392405957 0.06903102994 0.11483222246 0.16893322766 
0.24421750009 0.34020468593 0.42170786858 0.33405762911 0.25761014223 0.20592439175 0.17846737802 0.16876399517 0.16674716771 
0.17090898752 0.18607543409 0.22280529141 0.28779602051 0.29342582822 0.26469951868 0.21994039416 0.17229194939 0.12952060997 
0.094874151051 0.068638674915 0.049624755979 0.036203756928 0.026863163337 0.020415041596 0.016014169902 0.013099185191 0.011319523677 
0.010474868119 0.0047789937817 0.0050200116821 0.0055137709714 0.0062860329635 0.0073811882176 0.0088689448312 0.01085233409 0.013475332409 
0.016927117482 0.021438535303 0.027265643701 0.034655742347 0.043794006109 0.054734494537 0.067326769233 0.081159539521 0.095553986728 
0.1096560806 0.12270617485 0.13459223509 0.14640024304 0.15730758011 0.16518932581 0.166643098 0.15629331768 0.12978166342 
0.082208201289 0.050843462348 0.030660053715 0.018127087504 0.010572313331 0.0061075654812 0.0035062755924 0.0020053451881 0.0011448069708 
0.00065344199538 0.00037358916597 0.00021442408615 0.00012393909856 7.2476359492e-05 4.3165240641e-05 2.6417563276e-05 1.6782016246e-05 1.1159104361e-05 
7.7928298197e-06 5.7007814576e-06 4.3486261347e-06 3.4589579627e-06 2.8988686154e-06 2.6199206786e-06 2.6308930501e-06 2.9892059956e-06 3.8070472783e-06 
5.2775135373e-06 7.7272952694e-06 1.1708518286e-05 1.8183547581e-05 2.8964381272e-05 4.7822522902e-05 8.3224098489e-05 0.00015474464453 0.00030709608109 
0.00063789350679 0.0013440171024 0.002792640822 0.0055495663546 0.011384463869 0.023217532784 0.046004503965 0.0878027156 0.15787541866 
0.2043698281 0.28232085705 0.40150770545 0.42822173238 0.3179871738 0.23115383089 0.17445892096 0.14176431298 0.1260844171 
0.12161378562 0.12675084174 0.14401969314 0.18038837612 0.25288081169 0.26932403445 0.2497010231 0.21164442599 0.16854946315 
0.12861479819 0.095547966659 0.070052601397 0.051272667944 0.037816230208 0.0283214394 0.021687051281 0.017113069072 0.014059509151 
0.012184870429 0.011292215437 0.0051708477549 0.0054272161797 0.0059513160959 0.0067680962384 0.0079204691574 0.0094755515456 0.011531858705 
0.014225501567 0.017732108012 0.022259753197 0.028027413413 0.03522432968 0.043948456645 0.054127860814 0.065436393023 0.077223353088 
0.088486097753 0.09793382138 0.10429546237 0.10736062378 0.11313644052 0.12090218812 0.12911687791 0.13552765548 0.1305013597 
0.1095411703 0.069038525224 0.04299858585 0.026371007785 0.015928030014 0.0095060979947 0.0056162318215 0.0032865884714 0.0019068283727 
0.0010983543471 0.0006290958263 0.00035889371065 0.00020433338068 0.00011639617151 6.6573491495e-05 3.8427362597e-05 2.2553445888e-05 1.3605735148e-05 
8.5563015091e-06 5.6923536249e-06 4.0451773202e-06 3.0700239222e-06 2.4704365842e-06 2.0979807687e-06 1.8957053953e-06 1.8670825739e-06 2.0586082883e-06 
2.5532706331e-06 3.4839881664e-06 5.0689159252e-06 7.6796959547e-06 1.1988166989e-05 1.9324106688e-05 3.2588450267e-05 5.8552777773e-05 0.00011340711353 
0.00023531715851 0.00051108712796 0.001128887292 0.0024769003503 0.0053431377746 0.011428020895 0.024022892118 0.049839101732 0.10493312776 
0.17617240548 0.25727593899 0.34178385139 0.41335564852 0.42023476958 0.34342581034 0.21741715074 0.15197660029 0.1167416051 
0.099822953343 0.095858693123 0.10355391353 0.12484388798 0.16445705295 0.23026458919 0.24693991244 0.23134969175 0.19852498174 
0.16028998792 0.12414416671 0.093672081828 0.069757767022 0.051825858653 0.038748335093 0.029364177957 0.022706191987 0.018055871129 
0.01491933316 0.012979644351 0.012052001432 0.0055536492728 0.0058239009231 0.0063749873079 0.0072301155888 0.0084290998057 0.010033912025 
0.012134762481 0.014854642563 0.018348816782 0.022794477642 0.028364975005 0.035184070468 0.043258458376 0.052392307669 0.062093589455 
0.07148578018 0.079231381416 0.08343963325 0.081294044852 0.067157939076 0.065277591348 0.068837836385 0.077023267746 0.09610234946 
0.10043614358 0.090102575719 0.067618593574 0.040581539273 0.02457834594 0.014915736392 0.0090320594609 0.0054314811714 0.0032208913472 
0.0018827781314 0.0010874818545 0.00062227906892 0.00035355208092 0.00019986274128 0.00011269250535 6.3588602643e-05 3.6067940528e-05 2.0709567252e-05 
1.2190190319e-05 7.5116331573e-06 4.9781278904e-06 3.6164287849e-06 2.8600327369e-06 2.3954282824e-06 2.0672378014e-06 1.8221426217e-06 1.675710223e-06 
1.6850200382e-06 1.921353487e-06 2.4788482733e-06 3.5053321881e-06 5.2569766922e-06 8.2111419033e-06 1.334112585e-05 2.2832977265e-05 4.1971481551e-05 
8.3953629655e-05 0.00018088177603 0.00040765770245 0.00093149574241 0.0021079701837 0.0046607656404 0.010007543489 0.020715510473 0.041064247489 
0.077252790332 0.13220107555 0.22301384807 0.29617911577 0.34421551228 0.34493002295 0.28840318322 0.18215747178 0.12583768368 
0.095205947757 0.08108138293 0.080095991492 0.092765919864 0.12378602475 0.18007344007 0.21762853861 0.22598873079 0.21083052456 
0.18207919598 0.14877332747 0.116985403 0.089781552553 0.068045020103 0.051422975957 0.039053473622 0.030001515523 0.023462949321 
0.018825436011 0.015659386292 0.013684460893 0.012735110708 0.0059203929268 0.0062029128894 0.0067773819901 0.0076644429937 0.00889940653 
0.010536924936 0.01265580859 0.01536186412 0.018785225227 0.02306750603 0.028333459049 0.03464282304 0.041921306401 0.049874700606 
0.05789642036 0.064983047545 0.06966945529 0.06998257339 0.063341625035 0.046017151326 0.040690008551 0.041251782328 0.045881643891 
0.055080097169 0.067878544331 0.066457413137 0.056792397052 0.041241224855 0.024370288476 0.014752550051 0.0090935043991 0.0055674947798 
0.0033097381238 0.0019231941551 0.001101429807 0.00062492751749 0.00035226944601 0.00019770109793 0.00011077193631 6.2205021095e-05 3.5154407669e-05 
2.013370613e-05 1.1889263078e-05 7.4826780292e-06 5.2368577599e-06 4.1472339944e-06 3.5757191199e-06 3.1745082651e-06 2.7827015856e-06 2.3652619348e-06 
1.9818653527e-06 1.7459726678e-06 1.734461307e-06 2.013194262e-06 2.6824609449e-06 3.9299925447e-06 6.1195778471e-06 9.986247278e-06 1.7116486561e-05 
3.1257251976e-05 6.2559120124e-05 0.00013666026643 0.00031345910975 0.00072701764293 0.0016603870317 0.0036739746574 0.0077983676456 0.015750473365 
0.030033841729 0.053517039865 0.087799467146 0.13302144408 0.17311753333 0.19846147299 0.19930069149 0.17295308411 0.12878811359 
0.09529838711 0.074711561203 0.065998360515 0.06935275346 0.08873783052 0.13790081441 0.1781603992 0.20108576119 0.20328813791 
0.18851128221 0.16368232667 0.13537360728 0.10818753392 0.08457133919 0.065330117941 0.050291035324 0.038843374699 0.030280090868 
0.023969713598 0.019417405128 0.016267774627 0.014284416102 0.013325655833 0.0062640560791 0.0065571879968 0.0071514402516 0.0080642681569 
0.0093254279345 0.010980688967 0.013095363975 0.015755580738 0.019063990563 0.023125562817 0.028018666431 0.033747900277 0.040178325027 
0.046956241131 0.053428374231 0.058578290045 0.06100332737 0.058959271759 0.050496645272 0.033705804497 0.027158569545 0.025828752667 
0.027650371194 0.031633026898 0.03625857085 0.037755031139 0.03987986967 0.033609203994 0.024771491066 0.015086455271 0.0097209904343 
0.0061233695596 0.0035459459759 0.0020015845075 0.0011200852459 0.00062535225879 0.00034888723167 0.00019478084869 0.00010924444359 6.1940430896e-05 
3.5562316043e-05 2.0766114176e-05 1.2656805666e-05 8.4730281742e-06 6.5845124482e-06 5.9038507061e-06 5.6204871726e-06 5.1703764257e-06 4.5554097596e-06 
3.7274703573e-06 2.851755653e-06 2.2204169454e-06 1.914997938e-06 1.9558547137e-06 2.3995764877e-06 3.4027475522e-06 5.3077314988e-06 8.7968974185e-06 
1.5146761143e-05 2.5974066375e-05 4.7999161325e-05 0.00010116166959 0.00022933426953 0.00052997586317 0.0012053464307 0.0026435630862 0.0055245151743 
0.010906086303 0.020179992542 0.034701582044 0.054912276566 0.079188846052 0.10134418309 0.1155622527 0.11723517627 0.10567010939 
0.086022548378 0.068365633488 0.057001821697 0.053766079247 0.060762722045 0.082706272602 0.13220793009 0.16455976665 0.1798979044 
0.17904350162 0.16568559408 0.14492742717 0.12150590122 0.098817378283 0.078763976693 0.062063694 0.048691280186 0.038258206099 
0.030267732218 0.024253563955 0.019837195054 0.016739109531 0.014769156463 0.013811411336 0.0065777762793 0.0068799080327 0.0074905422516 
0.0084235798568 0.0097026219591 0.011363721453 0.013457711786 0.016050200909 0.019216317683 0.023026352748 0.027518291026 0.032654535025 
0.038263443857 0.043971516192 0.04913918674 0.052820328623 0.05376733467 0.050478961319 0.04124513641 0.026284901425 0.019573554397 
0.017192889005 0.017264300957 0.018716391176 0.020530082285 0.021545488387 0.021942872554 0.02033306472 0.019589852542 0.015716731548 
0.011518657207 0.0075465315022 0.0038435000461 0.0020397522021 0.0011060076067 0.00060757435858 0.0003369183396 0.00018873067165 0.00010771756934 
6.3537212554e-05 3.8205238525e-05 2.3219548893e-05 1.4919914065e-05 1.0890850717e-05 9.5910481832e-06 9.8610289569e-06 1.0691584066e-05 9.3839471447e-06 
8.1697908172e-06 6.423051218e-06 4.4395446821e-06 3.1332413073e-06 2.4408520858e-06 2.2505637389e-06 2.5504471068e-06 3.4892207168e-06 5.4879528761e-06 
9.5513851193e-06 1.8286315026e-05 2.8417958674e-05 4.1102197429e-05 7.5765106885e-05 0.00016141285596 0.0003624302044 0.00081195996609 0.0017571211793 
0.0036148950458 0.0070019029081 0.012670569122 0.021259810776 0.032811854035 0.046178583056 0.058554820716 0.066914372146 0.069022141397 
0.064680799842 0.056366551667 0.048385746777 0.04391277954 0.045353446156 0.055535938591 0.07872620225 0.12176601589 0.14708383381 
0.15758776665 0.15555511415 0.14423984289 0.12739773095 0.10841967911 0.089791432023 0.072987541556 0.058650206774 0.046868856996 
0.03743718937 0.03003728576 0.024347955361 0.020096112043 0.017072951421 0.015132499859 0.01418390125 0.0068550202996 0.0071646273136 
0.0077885477804 0.0087370257825 0.010027376004 0.011685840786 0.013748859055 0.016262158751 0.019275160506 0.022827517241 0.02692466788 
0.031500555575 0.036368817091 0.041168514639 0.045316625386 0.047983709723 0.048086993396 0.044031046331 0.032143428922 0.021838899702 
0.015634065494 0.012660761364 0.011654401198 0.011723147705 0.012235971168 0.012659131549 0.012789554894 0.012396413833 0.012182871811 
0.012504874729 0.01015804708 0.006837902125 0.0034979023039 0.0018577023875 0.0010093230521 0.0005574838724 0.00031261678669 0.0001792054245 
0.00010752242088 7.0380709076e-05 4.59984185e-05 2.8936139643e-05 1.9608190996e-05 1.5531220924e-05 1.5399004042e-05 1.8193060896e-05 1.878814146e-05 
1.7784404918e-05 1.5383420759e-05 1.1609166904e-05 6.8163039941e-06 4.4671005526e-06 3.3178932881e-06 2.9064908631e-06 3.1088366086e-06 4.0560307752e-06 
6.2226499722e-06 1.0733781892e-05 2.0347724785e-05 3.1149895221e-05 4.3806663598e-05 6.2158978835e-05 0.00011501183326 0.00023729662644 0.00051453273045 
0.0010932121659 0.0022142881062 0.0042223497294 0.0075179967098 0.012412515469 0.018878975883 0.026287699118 0.033333528787 0.038547880948 
0.040893126279 0.04033184424 0.038029510528 0.036116503179 0.036836717278 0.042466536164 0.057248886675 0.087263956666 0.11395049095 
0.13094215095 0.13754861057 0.1350491941 0.12574398518 0.11225995421 0.096990771592 0.081752844155 0.067695960402 0.05539483577 
0.045018181205 0.036496974528 0.029653834179 0.024285659194 0.020207775757 0.017272237688 0.015371907502 0.014438313432 0.0070897452533 
0.0074054021388 0.0080398218706 0.0089997490868 0.010296509601 0.011947073974 0.013974484056 0.0164063517 0.019269440323 0.022577865049 
0.026312554255 0.030391016975 0.034629017115 0.038699891418 0.042102333158 0.044151749462 0.044006753713 0.040702082217 0.033062424511 
0.021414242685 0.014623760246 0.011018393561 0.0091310208663 0.0081937499344 0.0078634275123 0.0077950088307 0.0077636223286 0.0076722269878 
0.0077662272379 0.0086425067857 0.0072793704458 0.0045094056986 0.002612084616 0.0014847904677 0.00084229005734 0.00048154382966 0.00028001292958 
0.00016923865769 0.00011193002865 9.2922862677e-05 6.6646869527e-05 4.0109513066e-05 2.8235448553e-05 2.3605689421e-05 2.5587667551e-05 2.6620806238e-05 
2.6444640753e-05 2.4697241315e-05 2.1036834369e-05 1.5321991668e-05 9.052583664e-06 6.0629686232e-06 4.6052668949e-06 4.0441436795e-06 4.1903695092e-06 
5.1550823628e-06 7.4068666436e-06 1.1898304365e-05 2.0148463591e-05 3.3150645322e-05 4.5099706767e-05 6.192742876e-05 9.7223710327e-05 0.00015608337708 
0.0003146637755 0.00064931000816 0.0012918307912 0.0024290457368 0.0042744753882 0.0069927275181 0.010580827482 0.014759544283 0.018980132416 
0.022652151063 0.025447823107 0.027482103556 0.029140582308 0.031752027571 0.037446446717 0.04710939154 0.068914301693 0.089587636292 
0.1068103835 0.11770740151 0.12144461274 0.11870922893 0.11099357903 0.10008096695 0.087651722133 0.075039312243 0.063147142529 
0.052485499531 0.04326845333 0.035520903766 0.029167519882 0.024094412103 0.02018575184 0.017342155799 0.01548803132 0.014573349617 
0.0072765685618 0.0075969183818 0.008239290677 0.0092072850093 0.010506879538 0.012146814726 0.014138369821 0.016493558884 0.019220201299 
0.022312143818 0.025732979178 0.029392862692 0.033120203763 0.036633372307 0.039521403611 0.041246812791 0.041186884046 0.03872808814 
0.033450379968 0.025597143918 0.016693152487 0.012080389075 0.0090675624087 0.0068694567308 0.0057268314995 0.0051959087141 0.0049460227601 
0.004803779535 0.0047362600453 0.0046848524362 0.0039722188376 0.0027965221088 0.0017962971469 0.0011035860516 0.00066688860534 0.00040360176354 
0.0002501042618 0.00016481083003 0.00012035470718 0.00010891935381 8.0295947555e-05 5.641718235e-05 4.3852214731e-05 3.6973407987e-05 3.4456621506e-05 
3.3429550967e-05 3.2176827517e-05 2.9526592698e-05 2.4815823053e-05 1.6247968233e-05 1.1049701243e-05 8.1352409325e-06 6.6217203312e-06 6.0258380472e-06 
6.1699111029e-06 7.1518470577e-06 9.4402475952e-06 1.4211353118e-05 2.446745566e-05 3.5603814467e-05 4.4359258027e-05 5.2603340009e-05 7.9973840911e-05 
0.00010946873226 0.00019539415371 0.00038309450611 0.00074284896255 0.0013755316613 0.0023995651864 0.003917159047 0.0059661529958 0.0084884800017 
0.011370433494 0.014601304196 0.018486758694 0.023636603728 0.02898176387 0.036010492593 0.050132658333 0.06207960844 0.076476022601 
0.090331800282 0.10145531595 0.10812270641 0.10976304859 0.10675422847 0.10006123036 0.090898521245 0.080457404256 0.069728702307 
0.059428319335 0.050003748387 0.041686475277 0.034558407962 0.028612008318 0.023795511574 0.020042598248 0.017289588228 0.015484459698 
0.014591090381 0.0074109323323 0.0077346423641 0.0083825290203 0.0093555599451 0.010655227117 0.012283404358 0.014241645113 0.016529237852 
0.019138973206 0.022049402818 0.025212580338 0.028537286445 0.031869377941 0.03497350961 0.037523396313 0.039110574871 0.039284966886 
0.037643332034 0.033983655274 0.028562758118 0.022337703034 0.016909914091 0.011960291304 0.0070708510466 0.0049278447405 0.0039353319444 
0.0034496022854 0.0031812996604 0.0029943329282 0.0027782779653 0.0023531683255 0.0017733999994 0.0012329068268 0.00081879942445 0.00053294899408 
0.00034815786057 0.0002370604343 0.00017886288697 0.00014249252854 0.00012711448653 8.123437874e-05 5.7239336456e-05 5.1609400543e-05 4.4105461711e-05 
3.944240234e-05 3.7164089008e-05 3.5119144741e-05 3.1693387427e-05 2.7809732273e-05 1.9650771719e-05 1.4468187146e-05 1.1612390153e-05 1.0177584045e-05 
9.6647609098e-06 9.8899809018e-06 1.0907860087e-05 1.3069605302e-05 1.7213464162e-05 2.4986411518e-05 3.8614267396e-05 4.4306816562e-05 6.0161200963e-05 
7.6713447925e-05 9.9101082014e-05 0.00013643711281 0.00024404992291 0.00045436664368 0.00082453980576 0.0014291040134 0.0023493650369 0.0036640900653 
0.0054624695331 0.007920704782 0.01150887087 0.017497517169 0.02936367318 0.039550740272 0.04960558936 0.060793764889 0.071410730481 
0.081993624568 0.091465212405 0.098527960479 0.10222069174 0.1022143811 0.098768398166 0.092545978725 0.084404543042 0.07521225512 
0.065721087158 0.056504834443 0.047951612622 0.040290344507 0.033631429076 0.028007173911 0.023404780775 0.019790075719 0.017123069614 
0.015367570333 0.014496855438 0.0074892807752 0.007814982906 0.0084659196436 0.0094410087913 0.010738248937 0.012354163453 0.014282757416 
0.016513573006 0.019028160721 0.02179419063 0.024756716564 0.027826715261 0.03086833097 0.03368806839 0.036030877382 0.037589747459 
0.038036778569 0.03708325699 0.034571401775 0.030581189319 0.025481138378 0.019736878574 0.013448128477 0.0075621828437 0.004867633339 
0.0035363631323 0.0028347559273 0.0024270731956 0.0021458556876 0.0018908840138 0.0015884609893 0.0012468503555 0.00092587189283 0.00066393171437 
0.00046921000467 0.00033524644095 0.00025629531592 0.00024245551322 0.0002041348198 0.00015975552378 9.9337485153e-05 6.8776498665e-05 5.9041263739e-05 
4.6680739615e-05 3.9638001908e-05 3.7246172724e-05 3.5035562178e-05 2.9300514143e-05 3.0060715289e-05 2.7534006222e-05 2.0758645405e-05 1.7981026758e-05 
1.682855509e-05 1.6574233086e-05 1.7052045223e-05 1.8267097403e-05 2.0426241463e-05 2.4189153919e-05 3.1247960578e-05 4.6334072977e-05 5.8022502344e-05 
6.8328881753e-05 7.717362314e-05 9.2537789897e-05 0.00011465675198 0.000189058861 0.00033581638127 0.00059576542117 0.0010295504471 0.001720903907 
0.0027898810804 0.0044330083765 0.0070211617276 0.011314916424 0.019017426297 0.034475732595 0.047480832785 0.059014409781 0.069573685527 
0.078970305622 0.087202966213 0.093776039779 0.098038204014 0.09951826185 0.098102368414 0.094035938382 0.087829060853 0.080128319561 
0.071596026421 0.062821365893 0.054272133857 0.046282723546 0.039067089558 0.032743833959 0.02736383304 0.022934708744 0.019439965487 
0.016852939501 0.015146395192 0.014298939146 0.0075092143379 0.0078354589641 0.0084868269041 0.0094607910141 0.010752868839 0.012355756946 
0.014258073643 0.01644246839 0.018882734701 0.021539531648 0.024354485795 0.027242956683 0.030086550862 0.032727528363 0.034968152642 
0.036578424275 0.03731521219 0.036953721195 0.035325281322 0.032339539379 0.027940731496 0.021907631308 0.013392517343 0.0083854189143 
0.0055350004695 0.0039116246626 0.0029611370992 0.0023661069572 0.0019555261824 0.0016345182667 0.0013487651013 0.0010832457338 0.00084760278696 
0.00065181055106 0.0004982035025 0.00038473276072 0.00031258407398 0.00030119987787 0.00025284304866 0.00019566355331 0.00013839648454 9.5832096122e-05 
6.7167115049e-05 4.2260249757e-05 3.2830252167e-05 3.3947300835e-05 3.432372614e-05 3.3043386793e-05 3.0482971852e-05 3.4876939026e-05 3.134135477e-05 
2.9913349863e-05 2.9587787139e-05 2.9865419492e-05 3.0936724215e-05 3.2745039789e-05 3.5209079215e-05 3.858193304e-05 4.3736537918e-05 5.2647948905e-05 
6.8609551818e-05 7.5216550613e-05 7.243105938e-05 8.5457999376e-05 0.00011750750127 0.00018926741905 0.00032691072556 0.0005730795674 0.00099448871333 
0.0016947092954 0.0028431215324 0.0047391518019 0.0079270349815 0.013335719705 0.02260588482 0.040609445423 0.055241767317 0.067502848804 
0.07781098038 0.0862666592 0.092862598598 0.097392514348 0.099593013525 0.099314332008 0.09661770612 0.091783195734 0.085256539285 
0.077568985522 0.069257616997 0.060804009438 0.052598632872 0.044929534197 0.037989143282 0.031890768558 0.026688609272 0.022396679968 
0.019004840404 0.016491364688 0.014832315035 0.014008187689 0.0074696270749 0.0077948500402 0.0084437895566 0.0094130504876 0.010696623474 
0.012284809723 0.014162841253 0.016309071332 0.018692651764 0.021270575002 0.023984028026 0.026754459366 0.029480101541 0.03203419596 
0.034266438335 0.036008570343 0.037083800882 0.037317097187 0.03653825447 0.034560784698 0.031108550727 0.025625940412 0.016775852069 
0.011137290858 0.007564034313 0.0053532216698 0.0039609400555 0.0030309334397 0.0023761086632 0.001895613037 0.0015275988262 0.0012353521306 
0.00099958269857 0.00080932409037 0.00065665249713 0.00053529668367 0.00044063155656 0.00036814704072 0.00029385770904 0.00022100540809 0.00015613537107 
0.00010563989053 6.9888446887e-05 4.5553890232e-05 3.2587089663e-05 2.8484024369e-05 3.1693361962e-05 3.3647960663e-05 3.7247617001e-05 4.5032695198e-05 
5.3452142311e-05 5.3588293667e-05 5.4464122513e-05 5.5465483456e-05 5.7825393014e-05 6.1203434598e-05 6.4833380748e-05 6.8389061198e-05 7.2041519161e-05 
7.6223353972e-05 8.1170444901e-05 8.4307372163e-05 8.857290959e-05 0.00010491091962 0.00014485971769 0.00022945566161 0.00039293555892 0.000691609981 
0.0012152256677 0.0021053424571 0.0035979084205 0.0061331549659 0.010556430556 0.018180049956 0.029251653701 0.04860233888 0.063775517046 
0.076154887676 0.086113780737 0.093754120171 0.099086888134 0.10206271708 0.10264595598 0.10089451075 0.097004525363 0.091308578849 
0.084238506854 0.076270632446 0.067871257663 0.059454012662 0.051354594529 0.043822582811 0.03702628985 0.031065521762 0.025987423956 
0.02180243656 0.018498376012 0.016052085906 0.014438514598 0.013637345284 0.0073708007112 0.0076933149248 0.0083366893232 0.0092971762642 
0.010568081401 0.012138584629 0.013992271386 0.016105465591 0.018445387483 0.02096824348 0.023617422208 0.026322174817 0.028997384012 
0.03154502809 0.033857677132 0.035823248327 0.037328545004 0.038256440312 0.038469098508 0.037768505514 0.035831961781 0.032156445086 
0.026099117473 0.017596084625 0.011975179426 0.0085238171741 0.006276329048 0.0046917223372 0.0035499064252 0.0027353148907 0.0021572739352 
0.0017422471428 0.001436393708 0.0012030975195 0.0010183213744 0.00086635106709 0.00073520588921 0.00061168830143 0.00048118125414 0.0003531096736 
0.00024275196483 0.00015850341879 0.00010004967771 6.2493709265e-05 4.0771188651e-05 3.0219582186e-05 2.7316367778e-05 2.8770678909e-05 3.5090488382e-05 
4.9039994337e-05 7.7536838944e-05 0.00010125573317 0.00010358224972 0.00010413208656 0.00010956940969 0.00011702987103 0.00012385626906 0.00012898950081 
0.0001322098251 0.00013332611707 0.00013238572865 0.00013065633539 0.00013304816093 0.00014964469301 0.00019650820468 0.00030160063761 0.00051352696028 
0.00091473257635 0.0016376941931 0.0028842953034 0.0049718478695 0.0085275117308 0.015119982883 0.028773792088 0.042937599123 0.058733142912 
0.072963237762 0.08492320776 0.09439650923 0.10130310804 0.10561794788 0.10736353695 0.10663373768 0.10362038761 0.09862203896 
0.092028312385 0.084285244346 0.075852282345 0.067161522806 0.058586962521 0.050427164882 0.042900793254 0.036152169108 0.030263047665 
0.025267073885 0.021164413542 0.017935011536 0.015549734235 0.013979190029 0.013200229965 0.0072144493461 0.0075324559584 0.008166869171 
0.0091140083969 0.010367213748 0.011915589683 0.013742544688 0.015824254602 0.018128268421 0.020612468943 0.023224808276 0.025904208422 
0.028583254665 0.031192870811 0.033668648452 0.035956766456 0.038015324622 0.039803881198 0.041252408177 0.04220225662 0.042322739959 
0.041033565998 0.037519540638 0.030895262957 0.020396878943 0.014647614211 0.010831456631 0.0079464567825 0.0058344518766 0.0043708444573 
0.0033893962391 0.0027346117422 0.0022885722574 0.00197043363 0.0017277739244 0.0015282086097 0.001347801066 0.0011553013464 0.00090972142061 
0.00065355951665 0.00043522298802 0.00027391017647 0.00016606245481 9.9180360849e-05 6.056861821e-05 4.0404396714e-05 3.2240812288e-05 3.2611347706e-05 
4.1369206883e-05 6.1303951952e-05 9.8084099591e-05 0.0001596967486 0.00020267383661 0.00019368206267 0.00020803243387 0.00022658531088 0.00024112351821 
0.00025043572532 0.00025477865711 0.00025304494193 0.00024427039898 0.00023165336461 0.00022283983708 0.00023104314459 0.00027792697074 0.00040142831858 
0.00066987011814 0.0012039144058 0.0022024717182 0.0039575570263 0.0068619879894 0.011596915312 0.01992736198 0.036906167865 0.052644345909 
0.067833967507 0.081533931196 0.093104802072 0.10215672106 0.10848499835 0.11202140152 0.11281441152 0.11103007942 0.10694848746 
0.10094781965 0.093474812806 0.085006311536 0.076009273529 0.066906571388 0.058053094894 0.049724061042 0.04211428389 0.035345803946 
0.029480526224 0.02453500405 0.020495085046 0.017329104245 0.014998924918 0.013468623161 0.012710823677 0.0070036975667 0.0073153181002 
0.0079371687025 0.0088659776375 0.0100956643 0.011616091244 0.013411634602 0.015459827147 0.017730349675 0.020184794441 0.022777711973 
0.025459630415 0.028182605281 0.030908580869 0.033619757742 0.036328092217 0.039077840745 0.041931252927 0.044924244285 0.047980330884 
0.050780571997 0.052607554942 0.052198026329 0.047528568655 0.034885261208 0.026001743972 0.019459238276 0.013885160908 0.0098397284746 
0.0071747135371 0.0054955892265 0.0044521098025 0.0037975721061 0.0033691236749 0.0030622216873 0.0028166582342 0.0025937170722 0.0023234065156 
0.0018239382189 0.0012710010633 0.00081427249825 0.00049289187882 0.00028799212305 0.00016594097542 9.7259726317e-05 6.1313701735e-05 4.5615463023e-05 
4.4059535867e-05 5.5865639297e-05 8.5209394456e-05 0.00014042109251 0.00021981682221 0.00032932354952 0.00034300499829 0.00039339100476 0.00044298602734 
0.00047454674495 0.00049240706721 0.00050093058962 0.00049622624647 0.00047184573486 0.00043415211258 0.00039594716509 0.00037659844384 0.00040473768604 
0.00052869686624 0.00083653070033 0.0014907784062 0.0027753380127 0.0051253051497 0.0091090807691 0.015576272272 0.025400510058 0.043777987361 
0.060275759548 0.075393393636 0.088627576828 0.099949225783 0.10877911747 0.11476226151 0.11780127883 0.11793373525 0.11536016315 
0.11042030156 0.10355739295 0.095275230706 0.086092293262 0.076499864459 0.066929325461 0.057731781155 0.049170155078 0.041421994567 
0.034589808434 0.028715763241 0.023797890171 0.019805667922 0.016693742946 0.01441320125 0.012920235284 0.012182357721 0.0067429905757 
0.007046318613 0.0076519045979 0.0085571231321 0.0097568789497 0.011242391542 0.012999857776 0.01500927005 0.01724380441 0.019670300186 
0.022251583636 0.024951534346 0.027743740007 0.03062427789 0.033627741039 0.036843020469 0.040420878679 0.044559191912 0.049446266145 
0.055142041296 0.061389230192 0.06737781316 0.071536421776 0.071490414441 0.064292490482 0.047744613141 0.035992227495 0.024217322469 
0.016383104026 0.011636598967 0.0088608479127 0.0072671710514 0.0063697239384 0.0058615640737 0.0055419113487 0.0053048217669 0.0051146685146 
0.0049130232073 0.0037621695083 0.0024971913081 0.0015232817968 0.00088401697576 0.00049879733706 0.00027923614834 0.00015952682588 9.7732183349e-05 
6.993678835e-05 6.4683561504e-05 7.986703713e-05 0.00012366240844 0.00022564298706 0.00035364174983 0.00050650717458 0.00059696863173 0.00074896530714 
0.00087836303283 0.00094152987003 0.00097290059784 0.00099353399128 0.0009897176642 0.00093111058231 0.000836713647 0.00073033099761 0.00064354517963 
0.000613601238 0.00069718167651 0.00099334202241 0.0016898035537 0.0031407943461 0.0059724072926 0.011317835189 0.022063644603 0.034306585789 
0.05049886927 0.069125317037 0.085023753345 0.094970487058 0.10530803353 0.11399461329 0.11966645718 0.12247300893 0.12226875871 
0.11920242757 0.11364669353 0.1061007157 0.097126454115 0.08729261905 0.07712738961 0.067084081471 0.057521939278 0.048700805753 
0.040787059814 0.033867105842 0.027964802459 0.023059817031 0.019104709849 0.016039639711 0.013804106973 0.012345773168 0.011626577005 
0.0064379507676 0.006731107831 0.0073167430237 0.0081930262968 0.0093561084941 0.010798960924 0.01251015719 0.014472892508 0.016664752737 
0.019058885053 0.021627560258 0.024349354208 0.027221269906 0.030276834965 0.033609706908 0.037398919463 0.041925672442 0.047562267631 
0.054704025388 0.063611626625 0.074146419764 0.085429474711 0.095543421805 0.1015117839 0.099919237196 0.088494613767 0.069160327315 
0.040741436183 0.026103403419 0.018219377846 0.013946311548 0.011706902646 0.010653684847 0.010255204514 0.010129524395 0.010072851554 
0.010129692033 0.011071115732 0.0078820604831 0.0048256414011 0.002778990427 0.0015461494913 0.00084616662934 0.00046369168558 0.00026125417207 
0.00015829865879 0.00011108963372 9.8693424661e-05 0.0001148368392 0.00016442644119 0.0002625999914 0.00042229500832 0.00067308184225 0.0010414851131 
0.0014584794408 0.0017866550479 0.001878717565 0.0019207505975 0.0019770690706 0.0020011896268 0.0018610038096 0.0016394944396 0.0013807936339 
0.0011454663472 0.00098189117853 0.00095474341651 0.0011610409711 0.0017799852649 0.0031671263278 0.0060192830861 0.011750624515 0.023888282478 
0.038299567997 0.061865776777 0.10176887363 0.13140460849 0.11456961185 0.1154583171 0.1218701005 0.12387212366 0.12574633956 
0.12542906404 0.12219279259 0.11629831791 0.10828511417 0.098775781691 0.088397160172 0.077724635601 0.067244239151 0.057332988828 
0.048255369067 0.040172275156 0.033157806844 0.027219818905 0.022320827469 0.018397046253 0.015374314971 0.013180542737 0.011754753068 
0.011053225957 0.0060951719061 0.0063763717189 0.0069385147654 0.00778064318 0.0089002791792 0.010292358696 0.011948132887 0.013854407705 
0.01599367708 0.018345950171 0.020893547684 0.02363046445 0.026578322053 0.029810782522 0.033486701548 0.037888322026 0.04345196113 
0.050765421242 0.060490094125 0.073156878352 0.08880148083 0.10646870732 0.12373895198 0.13658884168 0.13999214768 0.12949670851 
0.10307882726 0.060299247503 0.038551524282 0.02714760229 0.021231232211 0.018460808322 0.017630426213 0.017918344587 0.018597701564 
0.019140245393 0.019248312339 0.020947597921 0.016370082274 0.0088935010135 0.0048332959414 0.0026023671962 0.0013947907137 0.00075574143557 
0.00042491263594 0.00025833514519 0.00018066214398 0.0001563672995 0.00017338857288 0.00023576105013 0.0003628830309 0.00059574184706 0.0010301377624 
0.001920875744 0.0029612260405 0.0038000645582 0.0037649781443 0.0037588691339 0.0039246766828 0.0041305557825 0.0037446005736 0.0032454237808 
0.0026483403053 0.0021005680319 0.0016562927049 0.0013999757357 0.0014157823753 0.0018456293037 0.0029912120663 0.0055011129007 0.010849071667 
0.02330715023 0.044853772968 0.10559463501 0.24770106375 0.43296769261 0.28745001554 0.18476428092 0.17157262564 0.13765433431 
0.12883961201 0.12723784149 0.12404523045 0.11810724437 0.10986917466 0.10001101345 0.089225448668 0.078144095838 0.067294411361 
0.057078875601 0.047773070633 0.039537444711 0.032437577844 0.026468070224 0.021576253697 0.017683347687 0.014701794833 0.012548497878 
0.011154223233 0.010469800793 0.0057219737209 0.0059895846061 0.006524972152 0.007328055799 0.0083977542818 0.0097310170531 0.01132185664 
0.013160808012 0.015235386789 0.017532547936 0.020044635981 0.02278097719 0.025787908584 0.02918029204 0.03318606317 0.03820053488 
0.044835884124 0.053932432085 0.066473647952 0.083329759538 0.10476893187 0.12975440919 0.15521262586 0.17568679154 0.18395800889 
0.17305208743 0.13908323646 0.082214601338 0.053491476923 0.038611166179 0.031191170216 0.028330869973 0.028639961034 0.031037822366 
0.034195847809 0.036943979561 0.036245852709 0.036414656788 0.027673490345 0.01469939854 0.0078878011554 0.0042041102424 0.0022377441637 
0.0012127947994 0.00068882212508 0.00042557204142 0.00030006692396 0.00025583838578 0.00027317635249 0.00035570314503 0.0005285788211 0.00084701779997 
0.0014204817126 0.0024716544431 0.0044381502084 0.0064036101103 0.007499861531 0.0072362069041 0.0077247596346 0.0088790357113 0.00754149165 
0.0064848717302 0.0050996891223 0.0039222720079 0.0028973273002 0.0021990458481 0.0018791453913 0.0020047200378 0.0027756420895 0.0046927100047 
0.0091159380972 0.021488878876 0.056936211884 0.19193859398 0.61818426847 1.9720630646 1.6289989948 0.6596364975 0.50795257092 
0.21682749689 0.14033839107 0.12839853764 0.12462425232 0.11888177693 0.11066708714 0.10065998882 0.089624136686 0.078254915774 
0.067127779126 0.05667636916 0.047192104161 0.03883902356 0.031677640975 0.025692146271 0.020817039534 0.01696042344 0.014022812247 
0.011911197565 0.010548843071 0.0098816128448 0.0053261299618 0.0055787283927 0.0060844896361 0.0068441657349 0.007858007215 0.0091248946264 
0.01064151898 0.012402009219 0.014398701489 0.016625126824 0.019083010033 0.021795965731 0.024833602831 0.028350466862 0.032643094659 
0.038222789764 0.045888014138 0.056754913181 0.072170257568 0.093402050436 0.12101131678 0.15390074253 0.18825030327 0.21687915921 
0.22989466786 0.21749778092 0.17486721277 0.10519396514 0.070509374142 0.052660755813 0.044148989022 0.041997849941 0.045156497508 
0.052693542093 0.062742784619 0.074360184371 0.070390246809 0.059464462101 0.043036170304 0.022873289883 0.012437476777 0.0066378624178 
0.0035337356385 0.0019332050579 0.0011221388122 0.00071205332642 0.00050940911751 0.00043000199366 0.00044478633208 0.00055705814157 0.00079861906124 
0.0012371314224 0.0019958459307 0.003294731956 0.0055408542976 0.0094501841813 0.012064882554 0.013628697954 0.014778631739 0.015454668552 
0.014866912737 0.013256005011 0.0097737889737 0.0074234050699 0.0051389224827 0.003611992579 0.0027309150901 0.0024095242843 0.0026944670826 
0.0038349498063 0.006448043976 0.012636093423 0.034567516297 0.12878061831 0.52926206589 2.1379358768 2.4413561821 2.4534721375 
2.1412141323 0.49855154753 0.17549006641 0.13059638441 0.12399679422 0.11852829158 0.11055969447 0.10059653968 0.089470304549 
0.077945120633 0.066648148 0.056047011167 0.046451561153 0.038032073528 0.030846588314 0.02487151511 0.020030979067 0.016222169623 
0.013335524127 0.011269599199 0.0099412500858 0.0092920819297 0.0049155773595 0.0051519987173 0.0056257587858 0.0063383532688 0.0072912392206 
0.0084850601852 0.0099189486355 0.011590318754 0.013495857827 0.015634929761 0.018017414957 0.020679162815 0.023709762841 0.027298524976 
0.031803824008 0.037845045328 0.046399965882 0.058859284967 0.076944872737 0.10235577822 0.13600441813 0.17680279911 0.22021189332 
0.25718638301 0.27462908626 0.25886002183 0.20344661176 0.12710826099 0.089157953858 0.069261372089 0.060116242617 0.059602390975 
0.068144991994 0.08705445379 0.11300627142 0.11721204966 0.10574567318 0.08583150804 0.061721757054 0.03461733833 0.019692147151 
0.010417563841 0.005541653838 0.0030868109316 0.0018544137711 0.0012188809924 0.00088484137086 0.00073908601189 0.00074306072202 0.00089949538233 
0.0012499081204 0.0018807866145 0.0029378556646 0.004679213278 0.0076564080082 0.013129735366 0.016971003264 0.019636642188 0.021460333839 
0.022443847731 0.022321784869 0.020981201902 0.018226506189 0.014483024366 0.0090137030929 0.0060145864263 0.0042379293591 0.0032708125655 
0.0029775900766 0.003399590496 0.0047607240267 0.0076464279555 0.015033985488 0.044789720327 0.17393064499 0.62945216894 1.2926729918 
2.3506028652 2.1271157265 0.49062681198 0.1701503396 0.12704958022 0.12169656903 0.11702292413 0.10950350761 0.099747799337 
0.088677182794 0.077126681805 0.065774545074 0.055121481419 0.045495525002 0.037073791027 0.029913365841 0.023984944448 0.019204612821 
0.015460984781 0.012636537664 0.010623157956 0.0093326382339 0.008703218773 0.0044981362298 0.004717505537 0.0051574567333 0.0058201197535 
0.0067079826258 0.0078232111409 0.0091670611873 0.010739781894 0.012541766278 0.014577181078 0.016862334684 0.019442338496 0.022421628237 
0.026015549898 0.030630225316 0.036971732974 0.046167768538 0.059848729521 0.08008081466 0.10898813605 0.14788661897 0.19584777951 
0.24787931144 0.2933511436 0.31574389338 0.29446187615 0.20668151975 0.14745871723 0.11043863744 0.088792264462 0.078849650919 
0.080355629325 0.097179658711 0.14100788534 0.16228891909 0.15992067754 0.14066700637 0.11278621107 0.08272280544 0.054720234126 
0.033307984471 0.016238566488 0.0086095994338 0.0049708369188 0.0031401377637 0.0021497905254 0.0015713651665 0.0012920199661 0.0012652220903 
0.0014876237838 0.0020160204731 0.0029720487073 0.004527087789 0.0069318963215 0.010932968929 0.017491498962 0.022097803652 0.025473399088 
0.027902182192 0.029400667176 0.029809437692 0.028926309198 0.026486570016 0.022150855511 0.014758290723 0.0099310018122 0.0068206959404 
0.0048853070475 0.0038453999441 0.0035740956664 0.0040697320364 0.0054750964046 0.0083844233304 0.016269197688 0.046149462461 0.1509218961 
0.363270998 0.52106815577 0.47235494852 0.19407857955 0.12484949827 0.11814042926 0.11796615273 0.1144901365 0.10753714293 
0.098097354174 0.087197996676 0.075740098953 0.06444632262 0.053844701499 0.044277723879 0.035927668214 0.028850747272 0.023013282567 
0.018325380981 0.014669401571 0.011922116391 0.0099707068875 0.0087234294042 0.0081162042916 0.0040812464431 0.0042829993181 0.0046879537404 
0.0052987392992 0.0061186808161 0.0071511878632 0.0083992611617 0.0098654730245 0.011553151533 0.013470076025 0.015636941418 0.018104482442 
0.020985307172 0.024508805946 0.029107894748 0.035540819168 0.045032650232 0.059382315725 0.080920614302 0.11213973165 0.1547909677 
0.20833832026 0.26793476939 0.32254844904 0.3543099463 0.3396011889 0.24888782203 0.1836771965 0.13943865895 0.11256624013 
0.10010326654 0.102305457 0.12467776239 0.18265624344 0.20496332645 0.19798369706 0.1717864126 0.13682226837 0.10110655427 
0.069500915706 0.044122431427 0.022997030988 0.013160492294 0.0081925112754 0.0055248956196 0.0039419126697 0.0028369168285 0.0022798723076 
0.0021821761038 0.0025036546867 0.0033271398861 0.0048642130569 0.0073653426953 0.010817601345 0.017021458596 0.022636383772 0.027277981862 
0.031027538702 0.033956732601 0.036025036126 0.03707344085 0.036860387772 0.035069577396 0.031329914927 0.02519768849 0.01673126407 
0.011244599707 0.0077221216634 0.0055775311776 0.0045049581677 0.0042935633101 0.0048529244959 0.0062614879571 0.0090745715424 0.01586721465 
0.03543458879 0.077503122389 0.10202541947 0.12011571974 0.10210098326 0.10477170348 0.1114199236 0.1137438193 0.11118637025 
0.10476929694 0.095679081976 0.085024565458 0.073756352067 0.062626793981 0.052180182189 0.042765907943 0.03456741944 0.02763867937 
0.02194217965 0.017383735627 0.013841674663 0.011189362966 0.0093113323674 0.0081139598042 0.0075319730677 0.0036717322655 0.0038556249347 
0.0042250272818 0.0047829383984 0.0055333063938 0.0064804982394 0.00762886554 0.0089827533811 0.010547649115 0.012333700433 0.014363866299 
0.016690600663 0.019427321851 0.022803593427 0.027253802866 0.033544622362 0.042928397655 0.057271424681 0.079043887556 0.11099047214 
0.15527144074 0.21195203066 0.27700358629 0.34047350287 0.38603657484 0.39354676008 0.34577429295 0.24556438625 0.17893593013 
0.1412024796 0.12388920784 0.12519438565 0.15059502423 0.21743132174 0.23990799487 0.22842152417 0.19604428113 0.15515354276 
0.11483494192 0.080241106451 0.053252585232 0.033532753587 0.021457303315 0.014426628128 0.010310763493 0.0076290108263 0.0051540392451 
0.0040145344101 0.0037946633529 0.0042641265318 0.0055475644767 0.0081767812371 0.012912871316 0.017396600917 0.022525267676 0.027535822242 
0.032072026283 0.036034107208 0.039383437485 0.042030535638 0.04380088672 0.04443282634 0.043585442007 0.040869746357 0.035933237523 
0.028603723273 0.018796021119 0.012496717274 0.0085720978677 0.0064127654769 0.0054992930964 0.0054720961489 0.0061763264239 0.0076807197183 
0.010423045605 0.015719052404 0.025589047 0.03676340729 0.053476367146 0.07831852138 0.095783397555 0.10594165325 0.10936751217 
0.10737669468 0.10134363174 0.092559702694 0.082179762423 0.071174919605 0.060304567218 0.050112698227 0.040945008397 0.032980013639 
0.026266925037 0.020764246583 0.01637484692 0.012975089252 0.01043718867 0.0086451163515 0.0075050536543 0.0069517092779 0.0032756188884 
0.003441718407 0.0037756394595 0.0042806169949 0.0049610235728 0.00582189532 0.0068685486913 0.008106585592 0.0095429010689 0.01118887309 
0.013067765161 0.015230124816 0.017783172429 0.020943019539 0.025119900703 0.031043034047 0.039915755391 0.053556006402 0.074419185519 
0.10533405095 0.14875234663 0.2053911835 0.27240976691 0.34171250463 0.3994449079 0.42790549994 0.41082033515 0.34112754464 
0.22632940114 0.17328870296 0.15046693385 0.15028393269 0.17691193521 0.24712236226 0.2660612464 0.24886997044 0.21095059812 
0.16569510102 0.1224706322 0.086293980479 0.058729663491 0.039256025106 0.026661496609 0.018952505663 0.014302822761 0.011349853128 
0.0091243023053 0.0069865360856 0.0066663264297 0.0073539125733 0.0092194555327 0.013634154573 0.017992464826 0.022424859926 0.0270813182 
0.031719043851 0.036135971546 0.04023110494 0.04393298924 0.047135233879 0.04965909943 0.05123623088 0.051508925855 0.050055790693 
0.046453487128 0.040387310088 0.031676430255 0.020387357101 0.013341437094 0.0096240462735 0.0079359365627 0.0074645616114 0.007786619477 
0.0087994122878 0.010659676045 0.013781490736 0.019014617428 0.027500743046 0.042190443724 0.06949070096 0.090260148048 0.1014944315 
0.10518207401 0.10329194367 0.097392238677 0.088813766837 0.078705437481 0.068019114435 0.057492356747 0.047649070621 0.038818597794 
0.031167374924 0.0247366447 0.019480418414 0.015299702063 0.012070815079 0.0096669867635 0.0079736504704 0.0068984488025 0.0063772257417 
0.0028979931958 0.0030466588214 0.0033457558602 0.0037986366078 0.0044099055231 0.005185008049 0.0061298711225 0.0072508822195 0.008555714041 
0.010056008585 0.011773777194 0.013754789717 0.016094466671 0.018984366208 0.022789059207 0.028160616755 0.03618478775 0.048522468656 
0.067458994687 0.09571454674 0.13583871722 0.18907476962 0.25379386544 0.32395461202 0.38836097717 0.43143162131 0.43558356166 
0.38226735592 0.26162365079 0.2057133466 0.18198285997 0.18192391098 0.21080228686 0.27355778217 0.28238585591 0.25750613213 
0.2148707509 0.16727906466 0.12333355099 0.087382815778 0.060493849218 0.041787698865 0.029601665214 0.022046109661 0.017486138269 
0.0147251077 0.013008328155 0.012019655667 0.012091007084 0.013135225512 0.01522057876 0.018512977287 0.022301357239 0.02637234889 
0.030639195815 0.034969780594 0.039252247661 0.043414838612 0.047393832356 0.051091317087 0.054339636117 0.056877061725 0.058338727802 
0.058268733323 0.056158564985 0.051512911916 0.043949954212 0.033348631114 0.02035728842 0.014536627568 0.012084054761 0.011354491115 
0.011546527967 0.012409576215 0.01408418268 0.016665665433 0.020743360743 0.02776199393 0.039689511061 0.058558747172 0.086064606905 
0.098076581955 0.1013199389 0.099031463265 0.092989325523 0.084500931203 0.07465146482 0.064330838621 0.054224874824 0.044817414135 
0.036408875138 0.029146613553 0.023060780019 0.018100341782 0.014165478759 0.011134242639 0.0088829062879 0.0073002753779 0.0062970053405 
0.0058111636899 0.0025429197121 0.0026747710072 0.0029402310029 0.0033426596783 0.003886730643 0.0045780627988 0.005422890652 0.0064279916696 
0.0076013007201 0.0089540444314 0.010505924933 0.0122961374 0.014404840767 0.016992082819 0.020362840965 0.025065230206 0.032018937171 
0.042646337301 0.058937277645 0.083328507841 0.1182506755 0.16523960233 0.22366917133 0.28942376375 0.35403519869 0.40470287204 
0.42309257388 0.36362245679 0.28720128536 0.24352863431 0.22623410821 0.2292496562 0.27761346102 0.29781508446 0.28691729903 
0.25300261378 0.20728644729 0.15989376605 0.11766722053 0.083872072399 0.058991663158 0.041884407401 0.030786149204 0.023919062689 
0.01982495375 0.017470270395 0.016224525869 0.015808137134 0.016219448298 0.017441650853 0.019477097318 0.022286040708 0.02560977824 
0.029269276187 0.033157274127 0.03718784079 0.041300863028 0.045458700508 0.049622230232 0.053717125207 0.05759985745 0.061029471457 
0.063650533557 0.064991511405 0.064479455352 0.061461783946 0.055209413171 0.044832650572 0.028799792752 0.021590070799 0.018763141707 
0.018207890913 0.018729414791 0.019853185862 0.022020945325 0.024541255087 0.027046740055 0.032500866801 0.042723216116 0.059024889022 
0.085651896894 0.095920301974 0.097708471119 0.09454613179 0.088138088584 0.07965837419 0.070071153343 0.060167513788 0.05055649206 
0.041665289551 0.033755216748 0.026948956773 0.021263251081 0.01664185524 0.012985189445 0.010174761526 0.0080917477608 0.0066300365143 
0.0057047004811 0.0052569927648 0.0022134135943 0.0023292906117 0.002562751295 0.0029170732014 0.003396857297 0.0040077022277 0.0047558946535 
0.0056482907385 0.0066927177832 0.007899553515 0.0092856921256 0.010883073322 0.012755475938 0.015029162169 0.017944518477 0.021934943274 
0.02773205936 0.036477964371 0.049793437123 0.069711789489 0.098363615572 0.13732525706 0.18665765226 0.2438506335 0.30305293202 
0.35495278239 0.38734292984 0.38223904371 0.31395068765 0.28904852271 0.28418233991 0.28120827675 0.30804532766 0.30028238893 
0.27409076691 0.2345315963 0.18904072046 0.14479584992 0.1066480577 0.076717637479 0.054978743196 0.040177553892 0.030639922246 
0.024781621993 0.021350359544 0.019479405135 0.018643876538 0.018584752455 0.019218012691 0.020508639514 0.022429190576 0.024920206517 
0.027854496613 0.031118454412 0.034633569419 0.038350872695 0.042248290032 0.046320907772 0.050559468567 0.054920520633 0.059293836355 
0.063472680748 0.067132420838 0.069821432233 0.070963636041 0.069857060909 0.065615937114 0.05685794726 0.040494460613 0.032109107822 
0.02936540544 0.029753545299 0.032045334578 0.03415454179 0.037864942104 0.043091047555 0.039902117103 0.041645646095 0.049652460963 
0.064477354288 0.087098218501 0.094160936773 0.093927837908 0.089656472206 0.08279196918 0.074311584234 0.065024957061 0.055601939559 
0.046559263021 0.038257181644 0.030911644921 0.024617511779 0.019377149642 0.015129557811 0.011776666157 0.009205063805 0.0073024835438 
0.0059693837538 0.0051264273934 0.0047188717872 0.0019114587922 0.002012380166 0.0022158417851 0.002524969168 0.0029441777151 0.0034788891207 
0.0041352440603 0.0049199406058 0.0058404519223 0.0069061075337 0.0081309378147 0.0095399077982 0.011181293987 0.013149398379 0.015623079613 
0.018925145268 0.023602858186 0.030516900122 0.040903359652 0.056344360113 0.078563280404 0.10897628218 0.14800806344 0.19431276619 
0.24417455494 0.29141780734 0.32813596725 0.34644678235 0.34120962024 0.33309042454 0.3247230947 0.31229493022 0.29894185066 
0.27623870969 0.24374519289 0.20425124466 0.16286107898 0.12444330007 0.092182353139 0.067279353738 0.049386806786 0.037298858166 
0.029559925199 0.024848768488 0.022146873176 0.020760240033 0.020268291235 0.020449982956 0.021207598969 0.022494390607 0.024273701012 
0.026494480669 0.029083868489 0.031974337995 0.035121064633 0.038506641984 0.042139250785 0.046042583883 0.050236407667 0.054709572345 
0.059389546514 0.064113415778 0.068606287241 0.072472378612 0.075202338398 0.076192378998 0.074753239751 0.070098750293 0.061344780028 
0.048597600311 0.045984089375 0.048185031861 0.057375356555 0.060460522771 0.062874518335 0.064550384879 0.063454598188 0.056918796152 
0.06215070188 0.08024995774 0.090014196932 0.092062585056 0.089544601738 0.084169670939 0.076906554401 0.068498067558 0.059589587152 
0.050723925233 0.042321041226 0.034671165049 0.027943285182 0.022204076871 0.017442122102 0.013592823409 0.010561089031 0.0082400944084 
0.0065255458467 0.0053256703541 0.0045676454902 0.0042013605125 0.0016380730085 0.0017251861282 0.0019009195967 0.0021681915969 0.0025311473291 
0.0029949145392 0.0035653375089 0.004248789046 0.0050522428937 0.0059839407913 0.0070553058758 0.0082852337509 0.0097086997703 0.0113926474 
0.013463036157 0.016146851704 0.019829733297 0.025121478364 0.032906215638 0.044334042817 0.060696322471 0.08313459903 0.11218161136 
0.14722119272 0.18605190516 0.22479639947 0.2584091723 0.2820109427 0.29307481647 0.29449793696 0.28854215145 0.27610605955 
0.2578831017 0.23295022547 0.20185853541 0.1672847718 0.13289807737 0.10195676237 0.076462343335 0.057015810162 0.043151240796 
0.033835530281 0.027903115377 0.024326276034 0.022326288745 0.021377723664 0.021161181852 0.021502066404 0.022313017398 0.02354692854 
0.025167711079 0.027135599405 0.029405931011 0.031941458583 0.034724172205 0.037761110812 0.041083332151 0.044737078249 0.048766568303 
0.053190007806 0.057971857488 0.062996149063 0.068046793342 0.072801724076 0.076847828925 0.079721473157 0.080972798169 0.080260463059 
0.077609606087 0.074119001627 0.073639243841 0.075375065207 0.078293912113 0.079781375825 0.080924421549 0.081820145249 0.081929199398 
0.081062868237 0.083352975547 0.088367573917 0.090245209634 0.088530518115 0.084177352488 0.07796446234 0.070488460362 0.062290146947 
0.053866129369 0.045640807599 0.037942457944 0.030994676054 0.024922065437 0.019765341654 0.015501251444 0.012063384056 0.0093611897901 
0.0072957803495 0.005771943368 0.0047065513209 0.0040339468978 0.0037090722471 0.001393405837 0.0014679420274 0.0016183922999 0.0018474311801 
0.0021588767413 0.0025574786123 0.0030486793257 0.0036384158302 0.0043330839835 0.0051398989744 0.0060680848546 0.0071316552348 0.0083550717682 
0.0097837392241 0.011501931585 0.013660754077 0.016516860574 0.020477386191 0.026136748493 0.034277960658 0.045800887048 0.061543338001 
0.081989645958 0.10691648722 0.13509097695 0.16417725384 0.19100594521 0.21230861545 0.22581148148 0.23108996451 0.22862970829 
0.21918466687 0.2034753263 0.18218296766 0.15678341687 0.12964910269 0.10342500359 0.080273710191 0.061429403722 0.047163676471 
0.03703899309 0.030257372186 0.025956915691 0.023392545059 0.022006135434 0.021423172206 0.02141485177 0.021852290258 0.022665804252 
0.023814167827 0.025265807286 0.026990590617 0.02896073088 0.031158389524 0.033584035933 0.036261454225 0.039237070829 0.042572528124 
0.046329878271 0.050550673157 0.055231403559 0.060299713165 0.065596908331 0.070873819292 0.075807511806 0.080045305192 0.083276480436 
0.085326597095 0.086289398372 0.086749412119 0.087784402072 0.089274205267 0.090574711561 0.091226361692 0.091523349285 0.091574393213 
0.091184906662 0.090333878994 0.089845642447 0.089315518737 0.087189547718 0.083221793175 0.077721811831 0.071060940623 0.063624046743 
0.055805832148 0.047981709242 0.040474489331 0.033532027155 0.027319185436 0.021921811625 0.017358709127 0.01359774638 0.010572810657 
0.0081994226202 0.0063877194189 0.0050523462705 0.0041193524376 0.0035306008067 0.0032463013195 0.0011768619297 0.0012400915148 0.0013677893439 
0.0015623659128 0.0018272766611 0.0021668411791 0.0025860336609 0.0030902870931 0.0036853887141 0.0043776277453 0.0051744687371 0.0060862386599 
0.0071296365932 0.0083343014121 0.0097540551797 0.011484463699 0.013687332161 0.016619505361 0.020657619461 0.026302315295 0.034138929099 
0.04473279044 0.058453328907 0.075253807008 0.094473071396 0.11475254595 0.13415764272 0.15054687858 0.16211883724 0.16785530746 
0.16747921705 0.16124527156 0.14977197349 0.13403995335 0.11553192884 0.096107877791 0.077610328794 0.061450406909 0.048383869231 
0.03852795437 0.031544297934 0.026871958748 0.023920807987 0.02218709141 0.021296080202 0.020996771753 0.021134585142 0.021619791165 
0.022400487214 0.023443249986 0.024721974507 0.026214027777 0.027902262285 0.029780803248 0.031861435622 0.034177616239 0.036784082651 
0.039750680327 0.043149951845 0.047039251775 0.051439572126 0.056314524263 0.061554737389 0.066973499954 0.072319999337 0.077314943075 
0.081707060337 0.085338890553 0.08820348978 0.090474769473 0.09242080152 0.093989811838 0.09494535625 0.09520585835 0.094892643392 
0.094089835882 0.092750638723 0.090841859579 0.088480331004 0.085479050875 0.081454508007 0.076358519495 0.070337571204 0.063618585467 
0.056475825608 0.049203466624 0.042082883418 0.035354357213 0.029199339449 0.023734144866 0.019013138488 0.015038243495 0.011771801859 
0.0091501697898 0.0070962579921 0.0055299918167 0.0043762675487 0.0035705007613 0.0030621418264 0.0028166878037 0.00098723953124 0.0010404320201 
0.001147913048 0.0013118224451 0.0015352369519 0.0018220209749 0.0021766454447 0.002604002133 0.0031092700083 0.0036979208235 0.0043760514818 
0.0051513286307 0.0060350457206 0.0070460052229 0.0082172127441 0.0096063353121 0.011310292408 0.013482625596 0.016348833218 0.020210342482 
0.025423718616 0.032341979444 0.041213344783 0.052050985396 0.064509883523 0.077823445201 0.090850174427 0.10225284845 0.1107769683 
0.11551532894 0.11602295935 0.11231219023 0.10481031984 0.094327144325 0.082005158067 0.069153733552 0.056991390884 0.046413030475 
0.037878852338 0.03144370392 0.026880314574 0.023827370256 0.021909914911 0.02081005834 0.020292097703 0.020197836682 0.020428562537 
0.020924814045 0.021649554372 0.022576734424 0.023685345426 0.024958323687 0.026385180652 0.027966894209 0.029721006751 0.031684909016 
0.033915609121 0.036484766752 0.039468474686 0.042932324111 0.046913381666 0.051401983947 0.056327555329 0.061553150415 0.066883504391 
0.072089463472 0.076946757734 0.081278689206 0.084984757006 0.088039562106 0.090446695685 0.092142425478 0.09302957356 0.093086652458 
0.092374801636 0.090964719653 0.088880598545 0.086131557822 0.082743503153 0.078677654266 0.073880650103 0.068393975496 0.062338050455 
0.055888332427 0.049256034195 0.042664259672 0.036322787404 0.030407385901 0.025047272444 0.020320884883 0.016258733347 0.012851042673 
0.010057916865 0.0078200837597 0.0060688178055 0.0047341994941 0.0037514059804 0.0030650731642 0.0026320505422 0.0024229590781 0.00082287244732 
0.00086726236623 0.00095699896337 0.0010939537315 0.0012808261672 0.0015210214769 0.0018184969667 0.0021775960922 0.0026029010769 0.0030991672538 
0.0036714358721 0.0043255118653 0.0050690867938 0.0059139113873 0.0068795783445 0.0079994276166 0.0093288011849 0.010954867117 0.01300547272 
0.015651851892 0.019097864628 0.02354827337 0.029152937233 0.035933353007 0.043710473925 0.052061926574 0.060336522758 0.067739501595 
0.073475271463 0.076902374625 0.077644109726 0.075638994575 0.071146145463 0.064714632928 0.057108148932 0.049170728773 0.04166405648 
0.035135522485 0.029862523079 0.025877550244 0.023045292124 0.021151810884 0.019975842908 0.019330218434 0.019076090306 0.019119663164 
0.019401131198 0.019882552326 0.020538069308 0.02134768106 0.022294599563 0.023365771398 0.024554720148 0.02586578019 0.027318304405 
0.028949335217 0.03081356734 0.032979413867 0.035520803183 0.0385049209 0.041977196932 0.04594573006 0.050368465483 0.055146772414 
0.060128811747 0.065124690533 0.06993163377 0.074362285435 0.078264862299 0.081526346505 0.084058336914 0.085777297616 0.086616799235 
0.086559638381 0.085641898215 0.083925999701 0.081469707191 0.078324444592 0.07454136014 0.070160932839 0.065231956542 0.059837248176 
0.054096061736 0.048158310354 0.042192675173 0.036369983107 0.030845969915 0.025747530162 0.021164478734 0.017147228122 0.013709507883 
0.010834524408 0.0084829591215 0.0066013699397 0.0051299263723 0.0040088347159 0.0031832244713 0.0026065192651 0.0022425567731 0.0020667717326 
0.00068176939385 0.00071852951078 0.00079287425615 0.00090641796123 0.0010614971397 0.0012610706035 0.001508591231 0.0018078645226 0.0021629042458 
0.0025778298732 0.0030568595976 0.0036045087036 0.0042261444032 0.0049291299656 0.0057248468511 0.0066318660975 0.007680372335 0.0089174248278 
0.010411691852 0.012254984118 0.014556686394 0.017427101731 0.020947849378 0.025132281706 0.029885411263 0.034977905452 0.04004906863 
0.044646892697 0.048300977796 0.050609659404 0.05131611228 0.050356686115 0.04787633568 0.044208552688 0.039817962795 0.035211164504 
0.030839441344 0.027025077492 0.023932974786 0.021587463096 0.019917225465 0.018806090578 0.018133154139 0.017795879394 0.017717879266 
0.017846846953 0.018148206174 0.018598293886 0.019179079682 0.019875170663 0.020673094317 0.021562609822 0.02253950946 0.023609241471 
0.024790348485 0.026116723195 0.027637664229 0.029414871708 0.031515978277 0.034004718065 0.036928631365 0.04030605033 0.044114734977 
0.04828498885 0.052699837834 0.057203609496 0.061618037522 0.065761834383 0.069467589259 0.072590768337 0.075011447072 0.076634585857 
0.077397115529 0.077278696001 0.076303005219 0.0745254457 0.072015337646 0.068846970797 0.065097056329 0.060843069106 0.056169692427 
0.051176205277 0.04597870633 0.040707241744 0.035497877747 0.030481880531 0.025774588808 0.021466741338 0.017619529739 0.014263698831 
0.011402121745 0.009014794603 0.0070651122369 0.0055063599721 0.0042876801454 0.0033590013627 0.0026747749653 0.0021965492051 0.0018945684424 
0.0017486606957 0.00056174211204 0.00059196318034 0.00065310683567 0.00074654852506 0.00087428477127 0.001038852497 0.001243226463 0.0014906979632 
0.001784746768 0.002128925873 0.0025267964229 0.0029819668271 0.003498329781 0.0040806108154 0.0047353846021 0.0054726847447 0.0063082575798 
0.0072662224993 0.0083814272657 0.0097001604736 0.011277237907 0.013167446479 0.015410351567 0.018009824678 0.020912941545 0.023995527998 
0.027061998844 0.029864301905 0.032138720155 0.033653005958 0.034251842648 0.033889707178 0.03264375031 0.030702449381 0.028329951689 
0.025813335553 0.023407733068 0.021296415478 0.019576154649 0.018267005682 0.017336800694 0.01672848314 0.016381505877 0.016244120896 
0.016277363524 0.01645385474 0.016754349694 0.017164137214 0.017670430243 0.018261235207 0.018925620243 0.019655326381 0.020447321236 
0.021306801587 0.02225003019 0.023306176066 0.024517470971 0.025936961174 0.027623508126 0.029634075239 0.032013908029 0.034785863012 
0.037940658629 0.041430193931 0.045165803283 0.049022708088 0.052850257605 0.056485895067 0.059769358486 0.062554173172 0.064715661108 
0.06615716964 0.066816359758 0.066670075059 0.065734125674 0.064056202769 0.061704676598 0.058759566396 0.055307131261 0.051437374204 
0.047244906425 0.042830642313 0.03830190748 0.033769849688 0.029343966395 0.025125138462 0.021198682487 0.017629152164 0.014457618818 
0.011701724492 0.0093580633402 0.0074062333442 0.0058137192391 0.0045408774167 0.0035454819445 0.0027864691801 0.0022267596796 0.0018351937179 
0.0015877282713 0.0014680916211 0.00046051843674 0.00048519537086 0.00053513899911 0.00061150803231 0.0007159874076 0.00085072696675 0.0010182576953 
0.001221393235 0.0014631187078 0.0017464809353 0.0020744986832 0.0024501250591 0.0028763110749 0.0033562304452 0.0038937474601 0.0044941809028 
0.0051653860137 0.0059190159664 0.0067716157064 0.0077448636293 0.0088640162721 0.010153584182 0.011629740708 0.013290126808 0.015103276819 
0.017001187429 0.018878886476 0.020603524521 0.022032825276 0.023039685562 0.023537145928 0.023497601971 0.022960910574 0.022028366104 
0.020842831582 0.019559856504 0.018318366259 0.017219822854 0.016320692375 0.015637522563 0.015159505419 0.014862338081 0.01471906621 
0.014706208371 0.014805695042 0.015004151501 0.01529110875 0.015657223761 0.016093168408 0.016589434817 0.01713706553 0.0177292265 
0.018363416195 0.019043903798 0.019784014672 0.02060762234 0.021549351513 0.022652937099 0.023967463523 0.025541426614 0.02741506882 
0.029611865059 0.032130446285 0.03493854031 0.037970416248 0.041128799319 0.044291391969 0.047320846468 0.050076402724 0.052425023168 
0.054251108319 0.055464297533 0.056005500257 0.055850286037 0.055008392781 0.053518939763 0.051442846656 0.048855204135 0.045839544386 
0.042484141886 0.038880340755 0.035121716559 0.031302765012 0.02751635015 0.023849852383 0.020380619913 0.017171755433 0.014269109815 
0.011700016446 0.0094738649204 0.0075842430815 0.0060121803544 0.0047299340367 0.003704787232 0.0029024782125 0.0022900144104 0.0018377833767 
0.001520994585 0.001320563606 0.0012235925533 0.00037583679659 0.00039586107596 0.00043640026706 0.00049841933651 0.00058332557091 0.00069291971158 
0.00082933093654 0.00099493796006 0.0011922754347 0.0014239377342 0.0016924851807 0.0020003747195 0.0023499378003 0.0027434399817 0.0031832626555 
0.0036722300574 0.0042140856385 0.0048140524887 0.0054792854935 0.0062188999727 0.0070431334898 0.0079611716792 0.0089774494991 0.010086746886 
0.011269117706 0.012486386113 0.013681994751 0.014785529114 0.01572195068 0.016424058005 0.016845487058 0.016970926896 0.016820544377 
0.016446888447 0.015924487263 0.01533492282 0.014751930721 0.014230846427 0.013804798946 0.013487074524 0.013277132064 0.013167260215 
0.013147719204 0.013209600002 0.013345651329 0.013549846597 0.0138164768 0.014139342122 0.014511404559 0.014925011434 0.015372769907 
0.015848925337 0.016351180151 0.016882648692 0.017453631386 0.018082821742 0.018797529861 0.01963250339 0.020627148449 0.021821074188 
0.023248255253 0.024930413812 0.026870535687 0.029047742486 0.03141451627 0.033897288144 0.036400459707 0.038813494146 0.041020028293 
0.0429074727 0.04437610507 0.04534670338 0.045766178519 0.045610502362 0.044884525239 0.043618686497 0.041863624007 0.039684202522 
0.037154275924 0.034352727234 0.031360697001 0.028259666637 0.025129439309 0.022045778111 0.019077582285 0.016283912584 0.013711424544 
0.011392750777 0.0093460585922 0.0075758537278 0.0060748402029 0.0048264968209 0.0038079724181 0.0029929650482 0.0023542833515 0.0018659447087 
0.0015047370689 0.0012512863614 0.0010907046963 0.0010129408911 0.00030552022508 0.00032167785685 0.00035439699423 0.00040447353967 0.00047307056957 
0.00056168122683 0.00067207822576 0.00080625101691 0.00096633151406 0.0011545111192 0.0013729562052 0.0016237293603 0.0019087329274 0.0022296910174 
0.0025881889742 0.0029857845511 0.0034241934773 0.0039055023808 0.0044323308393 0.0050077796914 0.0056349742226 0.0063159824349 0.0070500508882 
0.00783131551 0.0086464937776 0.0094733610749 0.010280849412 0.011031406 0.011685613543 0.012208419852 0.012575613335 0.012778970413 
0.012828447856 0.012750602327 0.012583369389 0.012368703261 0.012145251036 0.011943203397 0.01178233698 0.011672986671 0.011618732475 
0.011619348079 0.011673094705 0.011777902953 0.011931651272 0.012131880969 0.012375338003 0.012657660991 0.012973371893 0.013316258788 
0.013680190779 0.014060278423 0.014454316348 0.01486428827 0.015297750942 0.015768770128 0.016298130155 0.016912527382 0.017642548308 
0.018519405276 0.01957058534 0.020814836025 0.022257171571 0.023884670809 0.025663968176 0.027541074902 0.029443850741 0.031286973506 
0.032978702337 0.034428630024 0.035555258393 0.036292679608 0.036595486104 0.036441504955 0.035831928253 0.034789226949 0.033353287727 
0.03157691285 0.029521403834 0.027252899483 0.024839440361 0.022348631173 0.019845509902 0.017390459776 0.015037064441 0.012830127031 
0.010804126039 0.0089823668823 0.007376994472 0.0059898393229 0.0048139607534 0.0038356727455 0.0030367341824 0.0023965090513 0.0018938692519 
0.001508740359 0.0012232536683 0.0010225259466 0.00089513574494 0.0008333773003 0.00024753145408 0.00026050466113 0.00028678085073 0.00032701040618 
0.00038214580854 0.00045341343503 0.00054227508372 0.00065037928289 0.00077950232662 0.000931480492 0.0011081381235 0.0013112128945 0.0015422900906 
0.0018027529586 0.002093759831 0.0024162558839 0.0027710187715 0.003158719046 0.0035799546167 0.0040351846255 0.0045244754292 0.0050469739363 
0.0056000798941 0.0061784177087 0.0067728417926 0.0073698488995 0.007951782085 0.0084981098771 0.0089877732098 0.0094022648409 0.0097288032994 
0.0099628167227 0.010108976625 0.010180398822 0.010196102783 0.010177491233 0.01014486514 0.010114934295 0.010099817067 0.010107330047 
0.010142073035 0.010206624866 0.010302420706 0.01043018233 0.010589919053 0.010780735873 0.011000599712 0.011246247217 0.011513309553 
0.011796722189 0.012091410346 0.012393213809 0.012699997984 0.013012805954 0.013336895965 0.013682460412 0.014064813964 0.014503846876 
0.015022588894 0.015644868836 0.016392135993 0.01727980189 0.018313424662 0.019485497847 0.020773299038 0.022138403729 0.023528160527 
0.024879051372 0.026121616364 0.027186265215 0.028009289876 0.028538221493 0.028735931963 0.028583044186 0.028078397736 0.027237761766 
0.026091165841 0.02467960678 0.023051595315 0.021259980276 0.019359303638 0.017403528094 0.015444035642 0.013527873904 0.011696097441 
0.0099824173376 0.0084122503176 0.0070023117587 0.0057608173229 0.0046882606111 0.0037786685862 0.0030211482663 0.0024015400559 0.0019040162442 
0.0015124819474 0.0012117075967 0.00098817108665 0.00083062582416 0.00073044729652 0.00068181956885 0.00020000890072 0.00021038211707 0.00023139557743 
0.00026357639581 0.00030769835575 0.00036476034438 0.00043595765601 0.00052264431724 0.00062628806336 0.00074841588503 0.00089055468561 0.0010541677475 
0.0012405910529 0.0014509757748 0.0016862427583 0.0019470523112 0.0022337911651 0.0025465674698 0.0028851947282 0.0032491339371 0.0036373524927 
0.004048071336 0.004478387069 0.0049238307402 0.0053779711016 0.0058322376572 0.0062761306763 0.0066979401745 0.007085965015 0.0074300356209 
0.0077230734751 0.0079622622579 0.0081495391205 0.0082911849022 0.00839664042 0.0084768459201 0.0085426084697 0.0086034154519 0.0086668794975 
0.0087387626991 0.0088233221322 0.0089237121865 0.0090422388166 0.0091804470867 0.0093390149996 0.0095176221803 0.0097148213536 0.0099280402064 
0.010153747164 0.010387806222 0.010626030155 0.010864897631 0.011102382094 0.011338817887 0.011577660218 0.011826036498 0.012094893493 
0.012398641557 0.012754155323 0.013179126196 0.01368980296 0.014298347756 0.015010075644 0.015821008012 0.016716189682 0.017669102177 
0.018642514944 0.019590694457 0.020462857559 0.021207395941 0.021776355803 0.022129548714 0.022237829864 0.022085102275 0.021668944508 
0.020999914035 0.02009977214 0.018999161199 0.017734974623 0.016347847879 0.014879932627 0.013372908346 0.011866282672 0.010395919904 
0.0089927865192 0.0076819965616 0.006482203491 0.0054054255597 0.0044573014602 0.0036377527285 0.0029419634957 0.0023615492973 0.0018857856048 
0.0015027815243 0.0012004995951 0.00096758158179 0.00079395697685 0.00067125697387 0.00059306574985 0.00055505736964 0.00016128759307 0.0001695548126 
0.00018630399427 0.00021195941372 0.00024714521714 0.00029266916681 0.00034950152622 0.00041874632007 0.00050160690444 0.00059934414458 0.00071322842268 
0.00084448803682 0.00099425332155 0.0011635029223 0.0013530130964 0.0015633153962 0.0017946611624 0.002046993468 0.0023199135903 0.0026126368903 
0.0029239123687 0.0032519027591 0.0035940196831 0.0039467471652 0.0043055056594 0.0046646324918 0.0050175641663 0.0053572510369 0.0056768027134 
0.0059702643193 0.0062333839014 0.0064641851932 0.0066631925292 0.006833253894 0.0069789830595 0.0071060019545 0.0072201732546 0.0073270224966 
0.007431417238 0.0075374860317 0.0076486608014 0.0077677443624 0.0078969225287 0.0080376965925 0.0081907724962 0.0083559537306 0.0085320761427 
0.0087170312181 0.0089079402387 0.0091014308855 0.0092940647155 0.0094828829169 0.0096660191193 0.0098433187231 0.010016913526 0.010191606358 
0.01037500985 0.010577301495 0.01081054844 0.011087570339 0.011420366354 0.011818253435 0.012285896577 0.012821541168 0.013415705413 
0.014050669037 0.014700893313 0.015334466472 0.015915438533 0.016406787559 0.016773622483 0.016986234114 0.017022570595 0.016869865358 
0.016525277868 0.015995582566 0.015296055935 0.014448864385 0.013481175527 0.01242324803 0.011306666769 0.010162732564 0.0090210773051 
0.0079084876925 0.0068479459733 0.0058579407632 0.0049520744942 0.0041389837861 0.0034225909039 0.0028026320506 0.0022754031233 0.001834626426 
0.0014723533532 0.0011798135238 0.00094815419288 0.00076903455192 0.00063506478909 0.00054010463646 0.00047944666585 0.00044991570758 0.00012990640244 
0.00013648049207 0.00014980031119 0.00017020557425 0.00019819670706 0.00023442324891 0.00027966790367 0.00033482530853 0.00040087616071 0.00047885498498 
0.00056981306989 0.00067477690754 0.00079470296623 0.000930430484 0.0010826359503 0.001251789392 0.0014381151414 0.0016415575519 0.0018617464229 
0.00209796126 0.002349085873 0.002613550052 0.0028892641421 0.0031735554803 0.0034631374292 0.0037541468628 0.0040422808379 0.0043230433948 
0.004592102021 0.0048456937075 0.0050810161047 0.0052965218201 0.0054920339026 0.0056686736643 0.005828616675 0.0059747421183 0.0061102667823 
0.0062384558842 0.0063624279574 0.00648503704 0.006608820986 0.0067359390669 0.0068680979311 0.0070064482279 0.0071514835581 0.0073029538617 
0.007459832821 0.0076203588396 0.0077821663581 0.0079425098374 0.0080985883251 0.0082479361445 0.0083888778463 0.008520970121 0.0086454125121 
0.0087653296068 0.0088858753443 0.0090140821412 0.0091584008187 0.009327929467 0.0095313470811 0.0097756274045 0.010064663365 0.010398014449 
0.010769956745 0.011169034056 0.011578271165 0.011976061389 0.012337723747 0.012637503445 0.012850814499 0.012956402265 0.012938156724 
0.012786380015 0.012498368509 0.012078327127 0.011536701582 0.010889112018 0.010155024938 0.0093563720584 0.0085162073374 0.0076574631967 
0.0068018767051 0.0059690638445 0.0051758056507 0.004435537383 0.0037580856588 0.0031496321317 0.0026129269972 0.0021476915572 0.0017511718906 
0.0014187733177 0.0011447106954 0.00092261919053 0.00074608362047 0.00060906313593 0.00050620542606 0.0004330619995 0.00038622075226 0.00036337907659 
0.00010460530029 0.00010982772801 0.00012040929869 0.00013662083074 0.00015886193432 0.00018765262212 0.00022362152231 0.00026749042445 0.0003200545907 
0.00038215890527 0.00045466935262 0.00053844042122 0.00063427950954 0.00074290833436 0.00086492416449 0.0010007611709 0.0011506533483 0.0013146032579 
0.0014923495473 0.0016833388945 0.0018866977189 0.0021012041252 0.0023252642713 0.0025568944402 0.0027937304694 0.0030330733862 0.0032719890587 
0.0035074593034 0.00373658631 0.0039568152279 0.0041661448777 0.0043632877059 0.0045477407984 0.0047197663225 0.0048802876845 0.005030725617 
0.0051728268154 0.0053085051477 0.0054397103377 0.0055683287792 0.0056961001828 0.0058245221153 0.005954765249 0.0060875681229 0.0062231556512 
0.0063611790538 0.0065006930381 0.0066401991062 0.0067777475342 0.0069111064076 0.0070380009711 0.0071564009413 0.0072648362257 0.0073627214879 
0.0074506415986 0.0075305541977 0.0076058655977 0.0076813409105 0.0077627976425 0.0078565943986 0.0079689072445 0.0081048673019 0.0082676215097 
0.008457464166 0.0086711561307 0.0089015774429 0.009137801826 0.0093656508252 0.0095686791465 0.0097295101732 0.0098313353956 0.009859428741 
0.0098024206236 0.0096532516181 0.0094096511602 0.0090741859749 0.0086538679898 0.0081594707444 0.0076046409085 0.0070049175993 0.0063767544925 
0.0057365931571 0.0051000560634 0.0044812476262 0.0038922186941 0.0033425972797 0.0028393962421 0.0023870053701 0.001987350639 0.0016401961911 
0.0013435420115 0.0010940819047 0.00088766746921 0.00071974092862 0.00058571057161 0.00048125209287 0.00040253222687 0.00034636244527 0.00031029508682 
0.00029267722857 8.4314924607e-05 8.8465822046e-05 9.6876239695e-05 0.00010976162594 0.00012744036212 0.00015032777446 0.00017892754113 0.00021382031264 
0.0002556493564 0.00030510261422 0.00036289115087 0.00042972451774 0.00050628249301 0.00059318565764 0.00069096242078 0.00080001814058 0.00092060310999 
0.0010527847335 0.001196420053 0.0013511345023 0.0015163008356 0.0016910248669 0.0018741383683 0.0020641982555 0.0022595061455 0.0024581486359 
0.0026580670383 0.0028571535368 0.0030533722602 0.0032448887359 0.0034301914275 0.0036081837025 0.0037782359868 0.0039401878603 0.0040943063796 
0.0042412136681 0.0043817972764 0.0045171231031 0.0046483436599 0.0047766217031 0.0049030450173 0.0050285435282 0.0051538087428 0.0052792085335 
0.0054047266021 0.0055299177766 0.0056538968347 0.0057753743604 0.0058927349746 0.0060041649267 0.0061078225262 0.0062020476907 0.0062855803408 
0.0063577936962 0.0064188912511 0.0064700478688 0.0065134717152 0.0065523404628 0.0065906122327 0.0066326791421 0.0066828969866 0.0067450040951 
0.0068214968778 0.006913038902 0.0070179873146 0.0071321297437 0.0072486964054 0.0073586851358 0.0074514797889 0.0075157098472 0.0075402460061 
0.007515206933 0.0074328519404 0.0072882589884 0.0070797130466 0.006808786653 0.0064801457338 0.0061011137441 0.0056810928509 0.0052308873273 
0.0047620199621 0.0042860577814 0.0038140225224 0.0033558798023 0.0029201435391 0.0025136065669 0.0021412072238 0.0018060214352 0.001509385067 
0.0012511062669 0.0010297525441 0.00084297213471 0.00068782141898 0.00056106923148 0.00045946039609 0.00037992731086 0.00031974833109 0.0002766570833 
0.00024891190697 0.000235335654 6.8141678639e-05 7.1449285315e-05 7.8150842455e-05 8.8417771622e-05 0.00010250380728 0.00012074066035 0.00014353182632 
0.00017134449445 0.00020469870651 0.0002441543038 0.00029029481811 0.00034370887442 0.00040496850852 0.00047460620408 0.00055308936862 0.00064079498406 
0.00073798384983 0.00084477680502 0.00096113275504 0.0010868302779 0.0012214529561 0.0013643796556 0.001514782547 0.0016716328682 0.001833716291 
0.0019996664487 0.0021680125501 0.0023372422438 0.0025058751926 0.0026725430507 0.0028360630386 0.0029954987112 0.0031501948833 0.003299789736 
0.0034442022443 0.0035835995805 0.003718349617 0.0038489671424 0.0039760549553 0.0041002403013 0.0042221117765 0.0043421513401 0.004460664466 
0.0045777251944 0.004693124909 0.004806344863 0.0049165505916 0.0050226245075 0.0051232213154 0.0052168602124 0.0053020534106 0.0053774472326 
0.0054419827648 0.005495055113 0.0055366470478 0.0055674323812 0.0055888178758 0.0056029050611 0.0056123677641 0.005620229058 0.0056295520626 
0.0056430557743 0.0056627094746 0.0056893313304 0.0057222675532 0.0057592033409 0.0057961400598 0.0058275833726 0.0058469232172 0.0058469693176 
0.0058205993846 0.0057614156976 0.0056643499993 0.0055261366069 0.0053456034511 0.0051237661391 0.0048637320288 0.0045704427175 0.0042502949946 
0.0039106952026 0.0035595835652 0.0032049668953 0.0028544946108 0.0025150917936 0.0021926760674 0.0018919656286 0.0016163793625 0.0013680381235 
0.0011478458764 0.00095564220101 0.00079040217679 0.00065046170494 0.00053374376148 0.00043797149556 0.00036085062311 0.00030021750717 0.00025415039272 
0.0002210468956 0.00019967413391 0.00018919787544 5.5350017647e-05 5.7999586716e-05 6.3367617258e-05 7.159094821e-05 8.2872458734e-05 9.7477983218e-05 
0.0001157318402 0.00013801093155 0.00016473703727 0.00019636694924 0.00023338067695 0.00027626749943 0.00032550957985 0.00038156428491 0.00044484436512 
0.00051569793141 0.0005943881697 0.00068107369589 0.00077579042409 0.00087843666552 0.0009887610795 0.0011063560378 0.0012306548888 0.0013609381858 
0.0014963462017 0.0016359023284 0.0017785443924 0.001923167496 0.0020686709322 0.0022140087094 0.0023582370486 0.0025005545467 0.002640329767 
0.002777113812 0.0029106403235 0.003040811047 0.0031676688232 0.003291366389 0.003412124468 0.0035301875323 0.0036457751412 0.0037590316497 
0.003869975917 0.0039784610271 0.004084137734 0.0041864411905 0.0042845858261 0.004377592355 0.004464331083 0.0045435857028 0.004614148289 
0.0046749217436 0.0047250259668 0.0047639077529 0.0047914409079 0.004807987716 0.0048144375905 0.0048121791333 0.0048030242324 0.0047890590504 
0.0047724512406 0.0047551975586 0.0047388537787 0.0047242785804 0.0047114114277 0.0046991365962 0.0046852594241 0.0046665985137 0.004639220424 
0.0045987660997 0.0045408601873 0.0044615343213 0.0043576238677 0.0042270901613 0.0040692333132 0.0038847737014 0.0036758135539 0.0034456858411 
0.0031987156253 0.0029399290215 0.0026747318916 0.0024085913319 0.0021467385814 0.0018939139554 0.001654166379 0.0014307172969 0.0012258919887 
0.0010411189869 0.00087698787684 0.00073335325578 0.00060947443126 0.00050417002058 0.00041597438394 0.0003432839294 0.00028448351077 0.00023804913508 
0.00020262562612 0.00017708154337 0.00016054512525 0.00015242576774 4.5344080718e-05 4.7485893447e-05 5.1824903494e-05 5.847121065e-05 6.7588291131e-05 
7.9390789324e-05 9.4141360023e-05 0.00011214635742 0.00013375026174 0.00015932836686 0.00018927824567 0.00022400902526 0.00026392927975 0.00030943340971 
0.00036088642082 0.00041860836791 0.00048285786761 0.00055381678976 0.00063157529803 0.00071611942258 0.00080732040806 0.00090492935851 0.0010085745016 
0.0011177646229 0.0012318975059 0.0013502758229 0.001472128788 0.0015966390492 0.0017229744699 0.0018503209576 0.0019779144786 0.0021050681826 
0.0022311941721 0.0023558137473 0.0024785648566 0.0025991906878 0.0027175310533 0.0028334988747 0.002947053872 0.0030581708997 0.0031668068841 
0.0032728642691 0.0033761567902 0.0034763808362 0.0035730937961 0.0036657033488 0.0037534714211 0.0038355302531 0.0039109196514 0.0039786323905 
0.004037681967 0.0040871724486 0.0041263769381 0.0041548111476 0.0041723013856 0.0041790311225 0.0041755614802 0.0041628214531 0.0041420534253 
0.0041147209704 0.004082383588 0.0040465332568 0.0040084202774 0.0039688837714 0.0039282031357 0.0038860042114 0.0038412297145 0.0037921904586 
0.0037366952747 0.0036722521763 0.003596319817 0.0035065740813 0.0034011648968 0.003278929973 0.0031395414844 0.0029835735913 0.0028124931268 
0.0026285692584 0.002434727503 0.0022343632299 0.0020311290864 0.0018287193961 0.0016306701582 0.001440183376 0.0012599873589 0.0010922455695 
0.00093850644771 0.0007997052162 0.00067620276241 0.00056785793277 0.00047412258573 0.00039414755884 0.00032689012005 0.00027121379389 0.00022597557108 
0.00019009690732 0.0001626178564 0.00014273593843 0.00012983191118 0.00012348582095 3.7649726437e-05 3.9406178985e-05 4.2964220484e-05 4.8413665354e-05 
5.5888031056e-05 6.5562991949e-05 7.7654083725e-05 9.2413632956e-05 0.00011012659525 0.00013110530563 0.00015568290837 0.00018420557899 0.00021702314552 
0.00025447871303 0.00029689696385 0.00034457186121 0.00039775369805 0.00045663665514 0.00052134646103 0.00059193000197 0.00066834641621 0.00075046112761 
0.00083804293536 0.00093076546909 0.0010282117873 0.0011298849713 0.0012352215126 0.0013436096488 0.001454410376 0.0015669789864 0.0016806871863 
0.0017949428875 0.0019092053408 0.0020229951479 0.0021359012462 0.0022475759033 0.0023577304091 0.0024661214557 0.0025725332089 0.002676757751 
0.0027785694692 0.0028777047992 0.002973836381 0.0030665553641 0.0031553595327 0.0032396456227 0.0033187186345 0.0033918006811 0.0034580624197 
0.0035166568123 0.0035667668562 0.0036076551769 0.0036387192085 0.003659544047 0.0036699459888 0.0036700095516 0.0036600960884 0.003640842624 
0.0036131255329 0.0035780020989 0.0035366262309 0.0034901474137 0.003439592896 0.0033857598901 0.00332911429 0.003269725712 0.0032072395552 
0.0031408993527 0.0030696229078 0.0029921177775 0.002907033544 0.002813129453 0.0027094343677 0.0025953871664 0.002470935462 0.0023365861271 
0.0021934073884 0.0020429773722 0.0018872949295 0.0017286610091 0.001569539425 0.0014124161098 0.0012596639572 0.0011134240776 0.00097551295767 
0.00084735942073 0.00072997197276 0.0006239406066 0.00052946340293 0.00044639655971 0.0003743195557 0.00031260764808 0.000260505185 0.00021719411598 
0.00018185394583 0.00015371113841 0.00013207680604 0.00011637445277 0.00010615872452 0.00010112720338 3.189819472e-05 3.3370019082e-05 3.6351251765e-05 
4.0916736907e-05 4.7177873057e-05 5.5281514506e-05 6.5408290538e-05 7.7770353528e-05 9.260825027e-05 0.00011018709483 0.00013079147902 0.00015471965889 
0.00018227624241 0.00021376422956 0.00024947573547 0.00028968235711 0.0003346244921 0.00038450147258 0.00043946108781 0.00049959070748 0.00056490959832 
0.00063536252128 0.00071081687929 0.00079106219346 0.00087581190746 0.00096470955759 0.0010573382024 0.0011532315984 0.0012518875301 0.0013527848059 
0.0014553958317 0.0015592026757 0.0016637078952 0.0017684432678 0.0018729753792 0.001976904925 0.0020798644982 0.0021815111395 0.0022815151606 
0.0023795454763 0.0024752584286 0.0025682786945 0.0026581857819 0.0027445047162 0.0028266971931 0.0029041604139 0.0029762338381 0.0030422117561 
0.0031013628468 0.0031529588159 0.003196308855 0.0032307952642 0.0032559134997 0.0032713077962 0.0032768046949 0.0032724358607 0.0032584464643 
0.0032352930866 0.0032036220655 0.0031642294489 0.0031180074438 0.0030658766627 0.0030087092891 0.0029472557362 0.0028820789885 0.0028135045432 
0.0027415982913 0.0026661753654 0.0025868357625 0.0025030379184 0.0024141832255 0.0023197208066 0.0022192492615 0.0021126035135 0.0019999216311 
0.001881680917 0.0017587026814 0.0016321241856 0.0015033436939 0.0013739439892 0.001245604828 0.0011200075969 0.00099874765147 0.00088325527031 
0.00077473226702 0.0006741117686 0.00058203656226 0.00049886095803 0.00042467031744 0.00035931603634 0.00030246016104 0.00025362602901 0.00021224853117 
0.00017772174033 0.00014944082068 0.00012683626846 0.00010940116044 9.671087173e-05 8.8437082013e-05 8.4356557636e-05 2.7811975087e-05 2.9083619665e-05 
3.1659197703e-05 3.5603050492e-05 4.101104787e-05 4.8009769671e-05 5.6755256082e-05 6.7431275966e-05 8.0246958532e-05 9.5433802926e-05 0.00011324176739 
0.00013393459085 0.00015778413217 0.00018506376364 0.00021604119684 0.00025097021717 0.00029008224374 0.00033357759821 0.00038161699194 0.00043431323138 
0.00049172452418 0.00055384833831 0.0006206179969 0.00069190072827 0.00076749769505 0.00084714789409 0.00093053333694 0.0010172865586 0.0011070003966 
0.0011992382351 0.0012935443083 0.0013894555159 0.0014865093399 0.0015842515277 0.0016822399339 0.0017800477799 0.0018772612093 0.0019734757952 
0.0020682902541 0.00216129818 0.002252078848 0.002340186853 0.0024251453578 0.0025064377114 0.0025835067499 0.0026557543315 0.0027225480881 
0.0027832342312 0.0028371519875 0.0028836573474 0.0029221486766 0.0029520937242 0.0029730591923 0.0029847363476 0.0029869675636 0.0029797591269 
0.0029632900842 0.0029379106127 0.0029041264206 0.0028625736013 0.0028139792848 0.0027591176331 0.0026987567544 0.0026336081792 0.0025642798282 
0.0024912401568 0.0024147978984 0.002335102763 0.0022521624342 0.0021658854093 0.0020761277992 0.0019827631768 0.0018857409013 0.0017851444427 
0.0016812349204 0.0015744762495 0.0014655411942 0.0013552935561 0.0012447548797 0.0011350550922 0.0010273740627 0.00092287996085 0.00082266912796 
0.00072771345731 0.00063881854294 0.00055659603095 0.00048145145411 0.0004135852505 0.00035300824675 0.00029956683284 0.00025297491811 0.00021284990362 
0.00017874868354 0.00015020144929 0.00012674207392 0.00010793266847 9.338378004e-05 8.2769147411e-05 7.5836207543e-05 7.24131678e-05 2.51931815e-05 
2.6337522286e-05 2.8655127608e-05 3.2203679439e-05 3.7069188693e-05 4.3365347665e-05 5.1232564147e-05 6.0836493503e-05 7.2366208769e-05 8.603167953e-05 
0.00010206056322 0.00012069435616 0.00014218353317 0.00016678213433 0.00019474142755 0.00022630309104 0.00026169160265 0.00030110686203 0.00034471612889 
0.00039264705265 0.0004449810076 0.00050174730131 0.00056291936198 0.00062841176987 0.00069807993714 0.00077172153397 0.00084907992277 0.00092984939693 
0.0010136814089 0.0011001933599 0.0011889756424 0.0012796008959 0.0013716307003 0.0014646223281 0.0015581321204 0.0016517186305 0.0017449429724 
0.0018373662606 0.0019285462331 0.0020180323627 0.0021053594537 0.0021900418214 0.0022715697996 0.0023494053166 0.0024229804985 0.0024917037226 
0.002554961713 0.0026121339761 0.0026626063045 0.0027057882398 0.0027411349583 0.0027681689244 0.0027865031734 0.0027958627325 0.0027961018495 
0.0027872165665 0.0027693514712 0.002742797602 0.0027079815045 0.0026654477697 0.0026158273686 0.0025598083157 0.0024980953895 0.0024313724134 
0.0023602664005 0.0022853189148 0.0022069700062 0.0021255516913 0.0020412977319 0.0019543652888 0.0018648691475 0.0017729203682 0.0016786688939 
0.0015823411522 0.0014842698583 0.0013849133393 0.0012848591432 0.0011848135618 0.001085579861 0.00098802347202 0.00089303130517 0.00080146943219 
0.00071413931437 0.00063174194656 0.00055484758923 0.00048387734569 0.00041909478023 0.00036060850834 0.00030838444945 0.00026226526825 0.00022199504019 
0.0001872463763 0.00015764807176 0.00013281095016 0.00011235095735 9.5908399089e-05 8.3163708041e-05 7.3849128967e-05 6.7757282523e-05 6.4747058786e-05 
2.3914804842e-05 2.499729635e-05 2.7189584216e-05 3.0546107155e-05 3.5148099414e-05 4.1103001422e-05 4.8543603043e-05 5.7626784837e-05 6.8531837314e-05 
8.1458209024e-05 9.6622701676e-05 0.00011425581761 0.00013459759066 0.00015789242752 0.0001843834616 0.00021430608467 0.00024788122391 0.00028530793497 
0.00032675647526 0.00037236115895 0.00042221407057 0.00047635953524 0.00053478969494 0.0005974418018 0.00066419679206 0.00073488074122 0.00080926599912 
0.00088707613759 0.00096799148014 0.0010516551556 0.0011376801413 0.0012256567134 0.0013151591411 0.0014057502849 0.0014969874173 0.0015884230379 
0.0016796072014 0.0017700853059 0.0018593969289 0.0019470711704 0.002032622695 0.0021155478898 0.0021953224204 0.0022713982034 0.0023432029411 
0.0024101494346 0.0024716344196 0.0025270534679 0.0025758144911 0.0026173552033 0.0026511563919 0.0026767686941 0.0026938277297 0.0027020738926 
0.0027013702784 0.0026917085052 0.0026732191909 0.0026461665984 0.0026109418832 0.0025680479594 0.0025180722587 0.0024616632145 0.0023994946387 
0.0023322366178 0.0022605222184 0.0021849246696 0.0021059403662 0.0020239809528 0.001939379843 0.0018524060724 0.0017632880481 0.0016722447472 
0.0015795161016 0.0014853925677 0.0013902405044 0.0012945154449 0.001198766171 0.0011036277283 0.0010098026833 0.00091803481337 0.00082907691831 
0.00074365490582 0.00066243414767 0.00058598996839 0.00051478354726 0.00044914727914 0.00038927880814 0.00033524396713 0.00028698757524 0.00024435040541 
0.00020709021192 0.00017490526079 0.00014745758381 0.00012439537386 0.00010537261551 9.006603068e-05 7.8188531916e-05 6.9499583333e-05 6.3812891312e-05 
6.1001635913e-05 
I 1 10000 double
6.1284870512e-09 6.7184728891e-09 7.9405575448e-09 9.8809049831e-09 1.2673643468e-08 1.650685455e-08 2.1630720326e-08 2.8368024374e-08 3.7127154684e-08 
4.8417891918e-08 6.2870000761e-08 8.1255109308e-08 1.0451167753e-07 1.3377331243e-07 1.7040002831e-07 2.1601218236e-07 2.7252593782e-07 3.4218945189e-07 
4.2761672603e-07 5.3181742032e-07 6.5821802764e-07 8.1067128122e-07 9.9344595128e-07 1.2111956949e-06 1.4688970396e-06 1.7717568426e-06 2.1250837108e-06 
2.5341246328e-06 3.0038747809e-06 3.5388643482e-06 4.1429407247e-06 4.8190668167e-06 5.5691489251e-06 6.3939191932e-06 7.2928878581e-06 8.2643700807e-06 
9.3055814432e-06 1.0412782103e-05 1.1581420949e-05 1.2806242012e-05 1.408127082e-05 1.5399651602e-05 1.6753234377e-05 1.8131993784e-05 1.9523195078e-05 
2.0910503736e-05 2.2273112336e-05 2.3585122108e-05 2.4815375582e-05 2.5927954994e-05 2.6883524697e-05 2.7641455745e-05 2.8162747185e-05 2.8413327527e-05 
2.8367381674e-05 2.801021401e-05 2.7340167435e-05 2.6369407351e-05 2.5123385058e-05 2.3639126084e-05 2.1962687242e-05 2.0146007955e-05 1.8243619706e-05 
1.6309444618e-05 1.4393955098e-05 1.2541832803e-05 1.079028425e-05 9.1679994512e-06 7.6947935668e-06 6.3818556555e-06 5.2325344768e-06 4.2434885472e-06 
3.4060926737e-06 2.7079192932e-06 2.1341722913e-06 1.6689642734e-06 1.2963799918e-06 1.0012702205e-06 7.6979887353e-07 5.8975479078e-07 4.5067346832e-07 
3.4381278624e-07 2.6202965842e-07 1.9959847464e-07 1.5200430425e-07 1.1573519743e-07 8.8088555117e-08 6.7001458603e-08 5.0907569715e-08 3.8621013942e-08 
2.9244603184e-08 2.2098911145e-08 1.6668549208e-08 1.2562010099e-08 9.4819583296e-09 7.2034582743e-09 5.5581343972e-09 4.4227372875e-09 3.711070784e-09 
3.3684894873e-09 6.8974181922e-09 7.5625621321e-09 8.94041019e-09 1.1128270749e-08 1.4277645732e-08 1.8600999852e-08 2.4381009212e-08 3.1982487769e-08 
4.1867185274e-08 5.4611721367e-08 7.0928940943e-08 9.1692889725e-08 1.179675877e-07 1.5103974249e-07 1.9245518956e-07 2.4405861154e-07 3.0803550999e-07 
3.8695534954e-07 4.8381298257e-07 6.0206542685e-07 7.4566037256e-07 9.1905002364e-07 1.1271849871e-06 1.375482384e-06 1.6697595129e-06 2.0161312477e-06 
2.4208648028e-06 2.8901959013e-06 3.430110155e-06 4.0461009121e-06 4.7429211918e-06 5.5243567658e-06 6.3930401666e-06 7.3503301792e-06 8.3962859208e-06 
9.5297318694e-06 1.0748397472e-05 1.2049134057e-05 1.3428110833e-05 1.4880932213e-05 1.6402607798e-05 1.7987274987e-05 1.9627570509e-05 2.1313733669e-05 
2.303232759e-05 2.4764900445e-05 2.6486581191e-05 2.8165064577e-05 2.9760209145e-05 3.1224633858e-05 3.2505438867e-05 3.3547265048e-05 3.4296306694e-05 
3.4705124563e-05 3.4737302485e-05 3.4371463698e-05 3.3603966585e-05 3.2449759601e-05 3.0941464502e-05 2.9126862501e-05 2.7065305403e-05 2.4823440981e-05 
2.2470912882e-05 2.0076267901e-05 1.7703418052e-05 1.540878111e-05 1.3239235159e-05 1.1230855307e-05 9.4085107776e-06 7.7862041508e-06 6.3680549829e-06 
5.1497659115e-06 4.1203970795e-06 3.2642392398e-06 2.5626272873e-06 1.9955593871e-06 1.5430329086e-06 1.1860470295e-06 9.0728713076e-07 6.9151195703e-07 
5.2569731679e-07 3.9899907733e-07 3.0258922834e-07 2.2942174382e-07 1.7396683916e-07 1.3194608073e-07 1.0008641738e-07 7.5905674635e-08 5.7532318465e-08 
4.3559690965e-08 3.2931513516e-08 2.4853802572e-08 1.8728535167e-08 1.4104403867e-08 1.0640646586e-08 8.0807627256e-09 6.2335172579e-09 4.9593764651e-09 
4.1609844459e-09 3.7767184935e-09 8.5112574766e-09 9.334451434e-09 1.1039884562e-08 1.3748383765e-08 1.7648098094e-08 2.3002971972e-08 3.0164301279e-08 
3.9585721368e-08 5.184175933e-08 6.7650518076e-08 8.7900694723e-08 1.1368334185e-07 1.4632888679e-07 1.8744923125e-07 2.3898530799e-07 3.0325938383e-07 
3.8303139149e-07 4.815570378e-07 6.0264579815e-07 7.507141504e-07 9.3082866215e-07 1.1487326219e-06 1.410847176e-06 1.7242398371e-06 2.0965508156e-06 
2.535865633e-06 3.0505407267e-06 3.6489689137e-06 4.3393029046e-06 5.1291485761e-06 6.0252514231e-06 7.0332171163e-06 8.15729436e-06 9.4002534752e-06 
1.0763415958e-05 1.2246803635e-05 1.384942243e-05 1.5569616153e-05 1.7405416656e-05 1.9354722099e-05 2.1415218725e-05 2.3583843358e-05 2.5855686545e-05 
2.8222304536e-05 3.066946374e-05 3.3174561395e-05 3.5704051697e-05 3.8211379433e-05 4.0635954065e-05 4.2903859139e-05 4.4930631702e-05 4.6626253607e-05 
4.7902176448e-05 4.8679474276e-05 4.8896970839e-05 4.8518038966e-05 4.7534849728e-05 4.5969482017e-05 4.387185254e-05 4.1315150156e-05 3.8389542169e-05 
3.5195367673e-05 3.1836469134e-05 2.8414158805e-05 2.50222256e-05 2.1743027901e-05 1.8644679585e-05 1.5779429305e-05 1.3183141164e-05 1.0875823136e-05 
8.8631195467e-06 7.1384301918e-06 5.6855233197e-06 4.4812763917e-06 3.4983384012e-06 2.7075006983e-06 2.0796385343e-06 1.5871793266e-06 1.2050812757e-06 
9.1138326752e-07 6.8739768722e-07 5.1763572628e-07 3.8955448645e-07 2.9320185035e-07 2.2081894713e-07 1.6644726486e-07 1.2556641593e-07 9.4779721849e-08 
7.1551582437e-08 5.3996522809e-08 4.0714265737e-08 3.0663962036e-08 2.3070109378e-08 1.7353395165e-08 1.3080409644e-08 9.9274801713e-09 7.6548687389e-09 
6.0885469999e-09 5.1075548235e-09 4.6355332906e-09 1.1127117006e-08 1.2207295619e-08 1.4445466157e-08 1.800089322e-08 2.3121653925e-08 3.0155913322e-08 
3.9567321863e-08 5.1955034053e-08 6.8078584547e-08 8.8888391758e-08 1.1556223711e-07 1.4954858329e-07 1.9261707962e-07 2.4691686917e-07 3.1504291087e-07 
4.0010974089e-07 5.0583207667e-07 6.3660985461e-07 7.9761429106e-07 9.948701063e-07 1.2353256125e-06 1.5269025653e-06 1.8785124212e-06 2.3000284273e-06 
2.8021961498e-06 3.3964786326e-06 4.09481936e-06 4.9093314374e-06 5.8519162849e-06 6.9338493631e-06 8.165352483e-06 9.5552222774e-06 1.11105619e-05 
1.2836682799e-05 1.4737220226e-05 1.6814487026e-05 1.9070022972e-05 2.1505275072e-05 2.412224967e-05 2.6923878977e-05 2.9913868275e-05 3.3095748222e-05 
3.6470872146e-05 4.0035196434e-05 4.3775100494e-05 4.7662393627e-05 5.1649225497e-05 5.5663789681e-05 5.9607980802e-05 6.3358085754e-05 6.6769462137e-05 
6.9685527706e-05 7.1950584243e-05 7.3425071605e-05 7.4000548921e-05 7.3612049164e-05 7.2245413321e-05 6.9938287197e-05 6.6775362939e-05 6.2879145844e-05 
5.8398265537e-05 5.3495528846e-05 4.8336936743e-05 4.3082454795e-05 3.7878660805e-05 3.2853222365e-05 2.8111138818e-05 2.3732472982e-05 1.9771787265e-05 
1.6259074982e-05 1.3202074115e-05 1.0589606063e-05 8.3956438175e-06 6.5836165959e-06 5.1105453167e-06 3.9307537918e-06 2.9988818824e-06 2.2721524147e-06 
1.7118636606e-06 1.2842122032e-06 9.6055669019e-07 7.1727066597e-07 5.353205097e-07 3.996901512e-07 2.9874917118e-07 2.236298684e-07 1.6765960709e-07 
1.2586934872e-07 9.4586425803e-08 7.1109049316e-08 5.3453184989e-08 4.0161143744e-08 3.015924932e-08 2.2654234044e-08 1.705853947e-08 1.2937239724e-08 
9.9705541601e-09 7.927710044e-09 6.6490062345e-09 6.033928468e-09 1.4993691622e-08 1.6455327767e-08 1.9484458491e-08 2.429780821e-08 3.1233103215e-08 
4.0764536635e-08 5.3524146892e-08 7.0329335244e-08 9.2217504744e-08 1.2048850806e-07 1.5675578879e-07 2.0300723236e-07 2.61676945e-07 3.3572865732e-07 
4.287512354e-07 5.4506699598e-07 6.8985053758e-07 8.6925683718e-07 1.0905534964e-06 1.3622509414e-06 1.6942175307e-06 2.0977706754e-06 2.5857202672e-06 
3.1723520806e-06 3.8733223846e-06 4.7054541028e-06 5.6864132603e-06 6.8342733357e-06 8.1669722931e-06 9.70171277e-06 1.1454357264e-05 1.3438902897e-05 
1.5667137632e-05 1.8148581148e-05 2.089080408e-05 2.3900145607e-05 2.7182799386e-05 3.0746145057e-05 3.4600008803e-05 3.8757509174e-05 4.3234926125e-05 
4.8050045734e-05 5.3218562243e-05 5.8748275478e-05 6.4631116402e-05 7.0833571954e-05 7.7286713349e-05 8.3877348516e-05 9.0442677902e-05 9.6770592791e-05 
0.00010260751151 0.00010767490312 0.00011169345817 0.00011441201787 0.00011563629232 0.00011525185255 0.00011323687795 0.0001096621927 0.0001046800171 
9.850475908e-05 9.139055328e-05 8.3609724243e-05 7.5434429164e-05 6.7122506152e-05 5.8907033235e-05 5.0989016017e-05 4.353235272e-05 3.6661120248e-05 
3.045901758e-05 2.4970950108e-05 2.0206774934e-05 1.6146608687e-05 1.2747311303e-05 9.9493554444e-06 7.6834185165e-06 5.8762811932e-06 4.4555899876e-06 
3.3534115573e-06 2.5085471407e-06 1.867766855e-06 1.3861640582e-06 1.0268613551e-06 7.6029550655e-07 5.632656439e-07 4.1790602268e-07 3.1068253747e-07 
2.3148405148e-07 1.7284092735e-07 1.2928083493e-07 9.6816414441e-08 7.2549731556e-08 5.4374122982e-08 4.0754638775e-08 3.0568951814e-08 2.299384505e-08 
1.7425183074e-08 1.3422011946e-08 1.0667977612e-08 8.9451122065e-09 8.116651351e-09 2.0467240347e-08 2.2471656536e-08 2.6626601368e-08 3.3231280838e-08 
4.2752155593e-08 5.5844701308e-08 7.3383240817e-08 9.649982502e-08 1.2663305426e-07 1.6558817606e-07 2.156099157e-07 2.7946978776e-07 3.6056943031e-07 
4.6306166723e-07 5.9199135194e-07 7.5345491268e-07 9.5477935247e-07 1.2047179325e-06 1.5136549791e-06 1.8938127369e-06 2.3594423055e-06 2.9269840525e-06 
3.6151604945e-06 4.4449875531e-06 5.4396514315e-06 6.6242432695e-06 8.0253039414e-06 9.6701933217e-06 1.1586298569e-05 1.3800142369e-05 1.6336469344e-05 
1.9217495719e-05 2.246242002e-05 2.6087478545e-05 3.0106588383e-05 3.4532771679e-05 3.9380283852e-05 4.4667162001e-05 5.0417824241e-05 5.6664906879e-05 
6.344945723e-05 7.0818336098e-05 7.8818004113e-05 8.7484047981e-05 9.6826428489e-05 0.00010681130516 0.00011734158761 0.00012823901488 0.00013923220104 
0.00014995502715 0.00015995989088 0.00016874767607 0.00017581373686 0.00018070358783 0.0001830686233 0.00018270986038 0.00017959995603 0.0001738799474 
0.00016583281104 0.00015584325592 0.00014435380581 0.0001318253635 0.00011870697926 0.00010541496158 9.231918375e-05 7.9734425526e-05 6.79149598e-05 
5.7051398471e-05 4.7270506911e-05 3.8638008846e-05 3.1164399843e-05 2.4813532946e-05 1.9512890503e-05 1.516460452e-05 1.1655991329e-05 8.8689275799e-06 
6.6873867581e-06 5.0029830163e-06 3.7185311612e-06 2.7498826967e-06 2.0263601073e-06 1.4901848999e-06 1.0952520597e-06 8.0555747672e-07 5.9352220205e-07 
4.3837482622e-07 3.2469540656e-07 2.4117201747e-07 1.7958120679e-07 1.3398145882e-07 1.0009366491e-07 7.4836698616e-08 5.5987324998e-08 4.1935443562e-08 
3.1510687393e-08 2.3861085552e-08 1.8369092913e-08 1.4594117026e-08 1.2233884128e-08 1.1099281494e-08 2.8033438682e-08 3.0792666195e-08 3.6513764456e-08 
4.5611812993e-08 5.87343294e-08 7.6791899062e-08 1.0100043824e-07 1.3293620782e-07 1.7460521917e-07 2.2852906056e-07 2.9784936828e-07 3.8645339373e-07 
4.9912443956e-07 6.4171899794e-07 8.2137370327e-07 1.0467441598e-06 1.3282748341e-06 1.6784980517e-06 2.1123532861e-06 2.6475167942e-06 3.304713573e-06 
4.1079956645e-06 5.0849275794e-06 6.2666513259e-06 7.6877586253e-06 9.3859362096e-06 1.1401325537e-05 1.3775610569e-05 1.6550804503e-05 1.9767896447e-05 
2.346545989e-05 2.7678464903e-05 3.2437586924e-05 3.776939775e-05 4.3697622459e-05 5.0245831517e-05 5.7441466197e-05 6.532077532e-05 7.3934075772e-05 
8.3349761553e-05 9.3655631645e-05 0.00010495518654 0.00011735739827 0.0001309580548 0.00014581318828 0.00016190495808 0.00017910402676 0.00019713374786 
0.00021554375417 0.00023370272538 0.00025081937201 0.00026599669945 0.00027831934858 0.00028696176014 0.00029129721224 0.00029098236701 0.00028599682264 
0.00027662859065 0.00026341489865 0.00024705703254 0.00022833340336 0.00020802792278 0.00018688067212 0.00016555924958 0.00014464430569 0.00012462235463 
0.00010588167061 8.8710163254e-05 7.3295712355e-05 5.9730908106e-05 4.8022153351e-05 3.8103167753e-05 2.9851344152e-05 2.310533273e-05 1.7681835743e-05 
1.3390421373e-05 1.0045340787e-05 7.4740905802e-06 5.5228201745e-06 4.0589625314e-06 2.9716973131e-06 2.1708453914e-06 1.5847790564e-06 1.1578301837e-06 
8.4757112973e-07 6.2221619146e-07 4.5830449835e-07 3.3873348571e-07 2.5115514291e-07 1.8671450164e-07 1.3908535834e-07 1.037512547e-07 7.7481679739e-08 
5.7957301181e-08 4.3506062752e-08 3.2919881932e-08 2.5328713349e-08 2.011507938e-08 1.6857008234e-08 1.5291233169e-08 3.833550366e-08 4.2129439493e-08 
4.9998295282e-08 6.2517862887e-08 8.0586985973e-08 1.0547083917e-07 1.3886075578e-07 1.8295239101e-07 2.4054460823e-07 3.1516216836e-07 4.1120557626e-07 
5.3413310752e-07 6.9067857567e-07 8.891112202e-07 1.1395414958e-06 1.4542772533e-06 1.8482305677e-06 2.3393763513e-06 2.9492491649e-06 3.703462653e-06 
4.6322288654e-06 5.770822554e-06 7.1599333751e-06 8.8458418759e-06 1.0880308764e-05 1.3320122889e-05 1.6226185835e-05 1.9662151317e-05 2.3692600735e-05 
2.8380882213e-05 3.3786927816e-05 3.9965289034e-05 4.6964076319e-05 5.4825279221e-05 6.3587118348e-05 7.3288836575e-05 8.39782806e-05 9.5721276011e-05 
0.00010861204646 0.00012278200302 0.00013840397878 0.00015568792878 0.00017486434081 0.00019615283236 0.00021971424576 0.00024558822042 0.00027362132096 
0.00030339552904 0.0003341716947 0.00036486666068 0.00039408341399 0.00042020820547 0.00044157501543 0.0004566766147 0.00046438066056 0.0004640960251 
0.00045584497275 0.0004402216 0.00041825853987 0.00039124762407 0.00036056735553 0.00032755234861 0.00029341605841 0.00025921745691 0.00022585404804 
0.00019406393403 0.00016442836204 0.00013737265544 0.00011316794553 9.1938098194e-05 7.367379294e-05 5.8253517636e-05 4.5469598263e-05 3.5056065826e-05 
2.6715300919e-05 2.014128404e-05 1.5037917365e-05 1.1132074178e-05 8.1815924204e-06 5.9789299485e-06 4.351458756e-06 3.1593817766e-06 2.2921824439e-06 
1.6643772369e-06 1.2111293017e-06 8.841132626e-07 6.4785137965e-07 4.7662956604e-07 3.5199826698e-07 2.6081568194e-07 1.9376044236e-07 1.4422855088e-07 
1.0753326762e-07 8.0336157282e-08 6.0248481759e-08 4.5556113548e-08 3.5031877843e-08 2.78090031e-08 2.3297346274e-08 2.1129636707e-08 5.220892163e-08 
5.7406655429e-08 6.8190679769e-08 8.5357697799e-08 1.1015220736e-07 1.4432785633e-07 1.9023200082e-07 2.5091654265e-07 3.3027873769e-07 4.3323646537e-07 
5.6594336684e-07 7.3605104944e-07 9.5302578984e-07 1.228527708e-06 1.5768629282e-06 2.015512564e-06 2.5657473088e-06 3.2533259855e-06 4.1092694119e-06 
5.1706815611e-06 6.4815926635e-06 8.0937452367e-06 1.0067235053e-05 1.2470894035e-05 1.538226752e-05 1.8887036276e-05 2.3077742298e-05 2.8051716072e-05 
3.3908290789e-05 4.0745340812e-05 4.8655630962e-05 5.7723595091e-05 6.8023371568e-05 7.9619225289e-05 9.2569564003e-05 0.0001069354621 0.00012279419752 
0.00014025712153 0.00015948987857 0.00018073081446 0.00020430234144 0.00023060770764 0.00026010637521 0.00029326160438 0.00033045717282 0.00037188449642 
0.00041740748566 0.00046642197412 0.00051773613086 0.00056950788712 0.00061928096693 0.00066415278707 0.00070108135697 0.00072729756357 0.00074073695578 
0.00074037618469 0.00072636833647 0.00069993862417 0.0006630870048 0.00061820982955 0.00056775740813 0.00051399855874 0.00045890631736 0.00040413576062 
0.00035104644485 0.00030073316884 0.0002540461719 0.00021159833705 0.00017376856704 0.00014071096666 0.00011237551371 8.8540778961e-05 6.8854991696e-05 
5.2880339354e-05 4.0134989831e-05 3.0129269362e-05 2.2393667678e-05 1.6498388504e-05 1.2064830116e-05 8.7704220277e-06 6.3482698351e-06 4.5833303375e-06 
3.3064263789e-06 2.3873255941e-06 1.7277282041e-06 1.2547289998e-06 9.1508161404e-07 6.7040156182e-07 4.9330697038e-07 3.6441298334e-07 2.7005970082e-07 
2.0063535544e-07 1.493670112e-07 1.114640682e-07 8.3521847216e-08 6.3112331361e-08 4.8506535677e-08 3.8488568777e-08 3.2233320013e-08 2.92284561e-08 
7.0723118029e-08 7.7809367838e-08 9.2517105088e-08 1.1594433147e-07 1.4980773244e-07 1.9652891581e-07 2.5935403869e-07 3.4251053194e-07 4.5140726002e-07 
5.9288362309e-07 7.7551851518e-07 1.0100061445e-06 1.3096158682e-06 1.6907440568e-06 2.1735786504e-06 2.7828850762e-06 3.548930863e-06 4.5085462261e-06 
5.7063266468e-06 7.1959270826e-06 9.041422345e-06 1.131863246e-05 1.4116252714e-05 1.7536633095e-05 2.1695963369e-05 2.6723599149e-05 3.2760253816e-05 
3.9954920794e-05 4.8460475227e-05 5.8428009652e-05 7.0000816777e-05 8.3308616013e-05 9.8463817267e-05 0.00011556175741 0.00013468707039 0.0001559281809 
0.00017940154066 0.00020528421737 0.00023385265376 0.00026552021154 0.00030086410698 0.00034062835039 0.00038569027674 0.00043697634828 0.0004953215248 
0.00056126905838 0.00063482177211 0.00071516935714 0.00080044026254 0.00088754511671 0.0009721966926 0.0010491849389 0.0011129408376 0.0011583360611 
0.0011815570761 0.0011808043346 0.0011565632885 0.0011113529326 0.0010490663117 0.00097416929202 0.00089102238417 0.00080346356845 0.00071466196096 
0.00062715221429 0.00054294196889 0.00046361156274 0.0003903718607 0.00032408218249 0.00026525300927 0.00021405494772 0.00017034770281 0.00013373106776 
0.00010361029126 7.9266304965e-05 5.9921807406e-05 4.4796975999e-05 3.3151707612e-05 2.4314116672e-05 1.7696544091e-05 1.2801361663e-05 9.2191430667e-06 
6.621698958e-06 4.7521052693e-06 3.4135453006e-06 2.4581738671e-06 1.7768769567e-06 1.2903618654e-06 9.4176431276e-07 6.9073894338e-07 5.0888519354e-07 
3.7630886141e-07 2.7909786127e-07 2.0751119223e-07 1.5470196502e-07 1.1583355786e-07 8.7475697796e-08 6.7197269971e-08 5.3295238445e-08 4.4617234352e-08 
4.0449144478e-08 9.52301491e-08 1.0483785928e-07 1.2478717792e-07 1.5658447694e-07 2.0258714528e-07 2.6612445936e-07 3.5166618773e-07 4.6504379725e-07 
6.1373322069e-07 8.0720889173e-07 1.0573837699e-06 1.3791490119e-06 1.7910350607e-06 2.3160146156e-06 2.9824748253e-06 3.8253815546e-06 4.8876609071e-06 
6.2218114181e-06 7.8917528299e-06 9.9748731373e-06 1.2564220015e-05 1.5770681784e-05 1.9724984668e-05 2.457919436e-05 3.050732812e-05 3.7704678107e-05 
4.638532846e-05 5.6777520513e-05 6.911662058e-05 8.3635983174e-05 0.00010055654275 0.00012007646728 0.00014236387506 0.00016755569959 0.0001957671484 
0.00022711584461 0.0002617634018 0.00029997437377 0.0003421883448 0.00038909405703 0.00044168863678 0.00050129950978 0.00056954409229 0.00064820260741 
0.00073898688424 0.00084319571033 0.00096126721473 0.001092261984 0.0012333591003 0.0013794838451 0.0015232414007 0.0016553231981 0.0017655062256 
0.0018441954162 0.0018842185382 0.001882325625 0.0018397775711 0.0017617513658 0.001655865577 0.001530472422 0.0013933172449 0.0012508332729 
0.0011080148397 0.00096863444196 0.00083555706078 0.00071098830085 0.00059660105035 0.00049356615636 0.00040254238411 0.00032367729 0.00025664723944 
0.0002007362491 0.00015494161926 0.0001180859108 8.8920460257e-05 6.6210137447e-05 4.8795729526e-05 3.563431892e-05 2.5820503652e-05 1.8592427296e-05 
1.3326773114e-05 9.5264522315e-06 6.804223176e-06 4.8648589654e-06 3.4876557038e-06 2.5105161967e-06 1.816226245e-06 1.3211512169e-06 9.6625717561e-07 
7.1020878067e-07 5.2420932661e-07 3.8823372961e-07 2.883399759e-07 2.1478298606e-07 1.6071525977e-07 1.2130379901e-07 9.3137451529e-08 7.3834542036e-08 
6.1787496008e-08 5.6001773885e-08 1.2742025035e-07 1.4037041751e-07 1.6727203445e-07 2.1018152552e-07 2.7232002253e-07 3.5824297129e-07 4.7407584702e-07 
6.2782544319e-07 8.2977783222e-07 1.092999355e-06 1.4339607333e-06 1.8733071556e-06 2.4368061986e-06 3.156509365e-06 4.0721683945e-06 5.2329496611e-06 
6.6994925874e-06 8.5463498181e-06 1.0864823707e-05 1.3766179109e-05 1.7385142201e-05 2.188351209e-05 2.7453592338e-05 3.432097219e-05 4.2746047257e-05 
5.3023544751e-05 6.5479165642e-05 8.0462690676e-05 9.8336786323e-05 0.00011946204177 0.00014417887724 0.00017278904852 0.00020554105868 0.00024262514489 
0.00028418618604 0.00033036162495 0.00038135211798 0.0004375243152 0.00049954280257 0.00056851078989 0.00064609403489 0.00073458813131 0.00083688338054 
0.00095628591953 0.0010961532826 0.001259321114 0.0014473209158 0.0016594295157 0.0018916697009 0.0021359724924 0.0023798106704 0.0026066775899 
0.0027977498248 0.0029348246753 0.0030040717684 0.0029993962962 0.0029238120187 0.0027880356647 0.0026071013417 0.0023966801818 0.0021704621613 
0.0019390574889 0.0017101024278 0.0014889759477 0.0012795715593 0.0010848346865 0.0009069997468 0.00074761488941 0.00060748663964 0.00048665408394 
0.00038443948142 0.00029957605875 0.00023037997016 0.00017493098858 0.0001312335371 9.7343756352e-05 7.1459136961e-05 5.1973198424e-05 3.7501773477e-05 
2.6887339118e-05 1.9187851649e-05 1.3655623661e-05 9.7108822956e-06 6.9136531238e-06 4.9365585255e-06 3.5403063521e-06 2.5527103844e-06 1.85151805e-06 
1.3508688426e-06 9.9094734196e-07 7.302929248e-07 5.4022149243e-07 4.0086291619e-07 2.9839679883e-07 2.2315705905e-07 1.6834962935e-07 1.2919610981e-07 
1.0236947645e-07 8.562864906e-08 7.7589042746e-08 1.6938359693e-07 1.8673347313e-07 2.227921243e-07 2.8035205446e-07 3.6379222479e-07 4.7931371228e-07 
6.3526925942e-07 8.4259795585e-07 1.1153839523e-06 1.4715607222e-06 1.9337921913e-06 2.5305662348e-06 3.2975467548e-06 4.2792457862e-06 5.5310711105e-06 
7.1218464655e-06 9.1368583526e-06 1.1681529031e-05 1.4885750716e-05 1.8908896891e-05 2.3945396606e-05 3.0230630728e-05 3.8046768168e-05 4.7727800847e-05 
5.9662783315e-05 7.4296018283e-05 9.2122769274e-05 0.00011367900879 0.00013952383597 0.00017021482927 0.00020627691993 0.00024816917721 0.00029625601019 
0.00035079274676 0.00041194056394 0.00047982428805 0.00055464706384 0.00063686730573 0.00072743109195 0.00082803389523 0.00094136584084 0.0010712761432 
0.0012227789266 0.0014018259244 0.001614763285 0.0018674215535 0.0021638006438 0.0025043869391 0.0028842440806 0.0032911919989 0.0037045925856 
0.0040954961441 0.0044290889055 0.0046701575629 0.0047911349684 0.0047800317407 0.0046438802965 0.0044052558951 0.0040942430496 0.0037403542083 
0.0033675299492 0.0029927901924 0.0026272530667 0.0022780646104 0.001950126607 0.0016471416457 0.0013719792478 0.0011266241781 0.00091199675808 
0.00072785583325 0.00057286565425 0.00044480751967 0.00034086845699 0.00025793290115 0.00019283228903 0.0001425310038 0.00010424980428 7.55353758e-05 
5.4289055697e-05 3.8765439967e-05 2.7550411687e-05 1.9526150936e-05 1.3829328964e-05 9.8075188362e-06 6.9773996074e-06 4.9873465287e-06 3.5855596252e-06 
2.5941412787e-06 1.8887611759e-06 1.3832267314e-06 1.0180789332e-06 7.5237363717e-07 5.5787711517e-07 4.1503713533e-07 3.1023375868e-07 2.3392797743e-07 
1.7943081332e-07 1.4209585686e-07 1.1879843953e-07 1.076102194e-07 2.2367744634e-07 2.4677814281e-07 2.9481356023e-07 3.7155561472e-07 4.829247473e-07 
6.3731806677e-07 8.4606517703e-07 1.1240347249e-06 1.4904122736e-06 1.9696867639e-06 2.5928875402e-06 3.3991273085e-06 4.4375206016e-06 5.7695724536e-06 
7.4721356214e-06 9.6410722108e-06 1.2395757039e-05 1.5884566892e-05 2.0291479814e-05 2.5843810363e-05 3.2821044442e-05 4.1564406274e-05 5.2486626373e-05 
6.6080800025e-05 8.2926846517e-05 0.00010369330266 0.00012913224055 0.00016006421356 0.00019735110982 0.00024185558141 0.00029438838828 0.00035564901191 
0.00042617003783 0.00050628307508 0.00059612898622 0.00069574208464 0.00080523069482 0.00092507165391 0.0010565107223 0.0012020325521 0.0013658283278 
0.0015541530447 0.0017754527507 0.0020401219372 0.0023597669788 0.002745841397 0.003207562957 0.003749081865 0.0043659978546 0.0050415564328 
0.0057432195172 0.0064210076816 0.0070100766607 0.0074405111372 0.0076550687663 0.0076288771816 0.0073786303401 0.0069533428177 0.0064144092612 
0.0058175334707 0.0052036414854 0.0045987800695 0.0040178359486 0.0034691656474 0.0029581582639 0.0024890585337 0.0020653777756 0.0016895700246 
0.0013625558931 0.0010834791465 0.00084980286192 0.00065767753404 0.00050243129954 0.00037904392229 0.00028252668562 0.00020818509802 0.00015177737805 
0.00010959390784 7.8480967204e-05 5.5826461903e-05 3.9520604332e-05 2.790021972e-05 1.9684566723e-05 1.3909061636e-05 9.8619766504e-06 7.0277942541e-06 
5.0391063269e-06 3.6376013668e-06 2.6436282496e-06 1.9332314878e-06 1.4212942006e-06 1.0494596836e-06 7.7765321294e-07 5.7823137922e-07 4.3200668642e-07 
3.2558259022e-07 2.495894762e-07 1.9753196057e-07 1.6504800726e-07 1.4944798465e-07 2.9339679486e-07 3.2396133065e-07 3.8755203491e-07 4.8923487839e-07 
6.3697069663e-07 8.4206743622e-07 1.1198102357e-06 1.4902996099e-06 1.9795320441e-06 2.6207719657e-06 3.4562772271e-06 4.5394649533e-06 5.9376175159e-06 
7.735271538e-06 1.0038460459e-05 1.298000825e-05 1.6726138711e-05 2.1484627723e-05 2.7514764952e-05 3.5139262764e-05 4.475807873e-05 5.6863787904e-05 
7.205773727e-05 9.1065281595e-05 0.0001147478979 0.00014410859148 0.00018028647173 0.00022453545535 0.00027818258968 0.00034256299841 0.00041893083835 
0.00050835602451 0.00061161973281 0.00072913896292 0.00086095993174 0.0010068684351 0.0011666662758 0.0013406447833 0.0015302586835 0.0017389457207 
0.0019729817286 0.002242204966 0.0025604146067 0.0029452324379 0.0034172260202 0.0039980635047 0.0047074845061 0.0055588833056 0.0065533397719 
0.0076720137149 0.008867284283 0.010054827668 0.011112732813 0.011897802353 0.012285673991 0.012222088873 0.011748583056 0.010975927114 
0.010032344609 0.0090222703293 0.0080119678751 0.0070382226259 0.0061183874495 0.0052599036135 0.0044671064243 0.0037440985907 0.0030948540661 
0.0025221873075 0.0020266815554 0.0016061825445 0.0012559656752 0.00096939771902 0.00073877238901 0.00055607286049 0.00041353167035 0.00030397862429 
0.00022102140065 0.00015911548689 0.00011356731557 8.0496851297e-05 5.6772583775e-05 3.9927806938e-05 2.8065678634e-05 1.976092426e-05 1.3965332073e-05 
9.922737263e-06 7.0966884778e-06 5.1118472584e-06 3.7084344058e-06 2.7080425298e-06 1.9887045255e-06 1.4671451254e-06 1.086401312e-06 8.0732081642e-07 
6.028177495e-07 4.5403621129e-07 3.4782030411e-07 2.7506661127e-07 2.2966999325e-07 2.0786906418e-07 3.8224629861e-07 4.2242922405e-07 5.0608002766e-07 
6.3996418476e-07 8.3472536971e-07 1.105505703e-06 1.4728120732e-06 1.9636684101e-06 2.6131074264e-06 3.4660649817e-06 4.5797787607e-06 6.0268030211e-06 
7.8988014138e-06 1.0311327969e-05 1.3409861822e-05 1.7377427866e-05 2.2444202841e-05 2.8899567042e-05 3.7107005483e-05 4.7522262321e-05 6.0714799474e-05 
7.7392156527e-05 9.8426251498e-05 0.00012487916683 0.00015802487906 0.00019936171884 0.00025060825283 0.00031367439078 0.0003905982594 0.00048344366951 
0.00059415429132 0.00072437472409 0.00087526167044 0.0010473283473 0.0012403912842 0.0014536986127 0.0016863315832 0.0019379467703 0.0022098775953 
0.0025065285154 0.00283689145 0.0032159159891 0.0036654500291 0.0042144651525 0.0048983031884 0.0057566030882 0.0068295085803 0.0081516141072 
0.0097426241264 0.011592938565 0.013642289676 0.015753494576 0.017695363611 0.019165385514 0.019881544635 0.019720157608 0.018791202456 
0.01735621877 0.015688600019 0.013977658004 0.012314751744 0.01074582804 0.0092888101935 0.0079464130104 0.006718613673 0.0056075421162 
0.0046167098917 0.003748512594 0.003002114594 0.0023725416977 0.0018510235241 0.001426168019 0.0010853608837 0.00081594724907 0.00060601014411 
0.00044477515621 0.00032276037382 0.00023179163691 0.00016495748423 0.00011653497495 8.1894111645e-05 5.73808029e-05 4.0183545934e-05 2.8191761885e-05 
1.9856985091e-05 1.406616866e-05 1.0033097169e-05 7.2102648119e-06 5.2205300562e-06 3.8060672978e-06 2.791370207e-06 2.0570853394e-06 1.5218751059e-06 
1.1300302276e-06 8.4313785464e-07 6.3453558141e-07 4.8566857913e-07 3.8372354538e-07 3.2012047768e-07 2.8957811082e-07 4.9461118579e-07 5.4710039876e-07 
6.5643712333e-07 8.3160330178e-07 1.0867476021e-06 1.4420312482e-06 1.9248097942e-06 2.5712113256e-06 3.4281797525e-06 4.5560809667e-06 6.0320080593e-06 
7.9539531725e-06 1.0446090528e-05 1.3665474398e-05 1.7810563804e-05 2.3132090064e-05 2.9946968425e-05 3.8655882236e-05 4.9765469157e-05 6.391563511e-05 
8.191253437e-05 0.00010476669559 0.00013373502588 0.00017036354984 0.0002165253245 0.00027444568696 0.00034670301829 0.00043619112694 0.0005460276152 
0.00067939452128 0.00083930336405 0.001028296072 0.0012481095036 0.0014993749792 0.0017814557068 0.0020925621502 0.0024303013925 0.0027928021736 
0.0031804828905 0.0035983782727 0.0040587410331 0.0045834975317 0.0052061406896 0.0059727970511 0.006942295935 0.0081848315895 0.0097786821425 
0.011803838424 0.014329549856 0.017388993874 0.020931174979 0.024746941403 0.028397543356 0.031229229644 0.03257971257 0.032155465335 
0.030266061425 0.02755446732 0.024610595778 0.021742284298 0.019001452252 0.01644358784 0.014105365612 0.011986312456 0.010075258091 
0.0083660762757 0.0068572815508 0.005547137931 0.0044298199937 0.0034938564058 0.0027227513492 0.0020969170146 0.0015958714066 0.001199936145 
0.00089118379401 0.00065376493149 0.00047389359679 0.00033971341327 0.00024116109125 0.00016984886315 0.00011894526688 8.3031212853e-05 5.7925270085e-05 
4.0486789658e-05 2.8415101042e-05 2.00614395e-05 1.4265850041e-05 1.0224163816e-05 7.3849569162e-06 5.3728936109e-06 3.9335154725e-06 2.8944377846e-06 
2.1386124445e-06 1.586159101e-06 1.1821914541e-06 8.8874122639e-07 6.794649039e-07 5.3621789675e-07 4.4687314471e-07 4.0397674184e-07 6.3562407604e-07 
7.0374568395e-07 8.4573656522e-07 1.0734519265e-06 1.4055901829e-06 1.868838126e-06 2.4994783416e-06 3.3455355606e-06 4.4695570978e-06 5.9521780713e-06 
7.8966431829e-06 1.0434551768e-05 1.3733146261e-05 1.8004644517e-05 2.3518188755e-05 3.0615239666e-05 3.9729486161e-05 5.1412393077e-05 6.6365748353e-05 
8.5482468421e-05 0.00010989648581 0.00014104149886 0.00018071701925 0.00023115760996 0.00029509700835 0.000375815609 0.00047715316759 0.00060346344253 
0.00075948488666 0.0009500994347 0.0011799647473 0.0014530218905 0.0017719194293 0.0021374563221 0.0025481947232 0.0030004743021 0.0034891064279 
0.0040090321563 0.0045581250452 0.0051410449669 0.0057736118324 0.0064869318157 0.0073307189159 0.0083759287372 0.0097171291709 0.011474420317 
0.01379439421 0.016848323867 0.020820861682 0.025870721787 0.03203106299 0.039023786783 0.046032227576 0.05163435638 0.054235670716 
0.053103830665 0.049157354981 0.044028289616 0.038990121335 0.034386388958 0.02984254621 0.025502899662 0.021585145965 0.018131066114 
0.015098610893 0.01244556997 0.010144417174 0.0081741316244 0.0065123573877 0.0051318523474 0.00400077831 0.0030852563214 0.0023523196578 
0.0017719557509 0.0013178910594 0.00096746231429 0.00070112984395 0.00050202041166 0.00035564962309 0.00024978260626 0.00017433679022 0.00012124585919 
8.4254512331e-05 5.8656311012e-05 4.1006052925e-05 2.8841086532e-05 2.0435074475e-05 1.4596062101e-05 1.0510067114e-05 7.6252017607e-06 5.5686832638e-06 
4.0888703552e-06 3.0155056265e-06 2.2328395062e-06 1.6616504581e-06 1.2473590232e-06 9.5224129382e-07 7.5040179581e-07 6.2458087768e-07 5.6419025896e-07 
8.112250498e-07 8.9906183121e-07 1.0822706145e-06 1.3764065443e-06 1.8060350158e-06 2.4062765078e-06 3.2249770356e-06 4.3256063691e-06 5.7910315263e-06 
7.7283457358e-06 1.0275034583e-05 1.3606809262e-05 1.7947628294e-05 2.358256279e-05 3.0874434742e-05 4.0285452997e-05 5.2405463066e-05 6.7988628871e-05 
8.8000793767e-05 0.00011367949628 0.00014660840679 0.00018880644348 0.0002428295993 0.00031188025605 0.00039991299855 0.00051171914674 0.00065296323737 
0.00083013577387 0.0010503759841 0.0013211189071 0.0016495293239 0.0020417147316 0.0025017648004 0.0030307467096 0.0036258876789 0.0042802905664 
0.0049836961553 0.0057248705998 0.00649608206 0.0072995331138 0.0081546613947 0.0091046011075 0.010221032426 0.011609020643 0.013414439745 
0.015834664926 0.019132193178 0.023649593815 0.029813699424 0.038088075817 0.048789791763 0.061672985554 0.075304828584 0.086643949151 
0.091790176928 0.088762409985 0.080412946641 0.070968590677 0.063163548708 0.056727405638 0.04903094098 0.040959406644 0.033753439784 
0.027720099315 0.022699380293 0.018490750343 0.014954327606 0.011995311826 0.009539861232 0.0075216204859 0.0058773634955 0.0045479824767 
0.0034809410572 0.002631613519 0.0019628498703 0.001443470479 0.0010466687381 0.00074895011494 0.0005296858144 0.00037106644595 0.00025816209381 
0.00017889059382 0.00012382272689 8.5846957518e-05 5.9759990108e-05 4.1850646085e-05 2.9525645004e-05 2.1000625566e-05 1.5061137674e-05 1.0886351447e-05 
7.9234814621e-06 5.8005171013e-06 4.2666279114e-06 3.1519580261e-06 2.3407844765e-06 1.7537688564e-06 1.3363434164e-06 1.05121876e-06 8.7363434886e-07 
7.884411275e-07 1.0282151379e-06 1.1407404372e-06 1.3756115322e-06 1.7531183403e-06 2.3053462428e-06 3.0782478007e-06 4.1345542741e-06 5.5576756495e-06 
7.4567738011e-06 9.973286069e-06 1.3289255548e-05 1.7637967176e-05 2.3317599698e-05 3.0708848499e-05 4.0297934902e-05 5.2706687711e-05 6.8732326326e-05 
8.9399531134e-05 0.00011602848099 0.00015032199735 0.00019447488012 0.0002513062791 0.00032441382064 0.00041834212607 0.00053875194862 0.00069256476127 
0.0008880434325 0.0011347545078 0.0014433366014 0.0018249960849 0.002290655626 0.0028497229796 0.0035085291602 0.0042685787193 0.0051249261014 
0.0060651921667 0.0070701553486 0.0081171393394 0.009187319316 0.010276784189 0.011408888735 0.012643706985 0.014082792215 0.015875173733 
0.018234325573 0.0214683339 0.026022447273 0.032534923404 0.041891261935 0.055202923715 0.073529079556 0.097063615918 0.12362733483 
0.147037521 0.15768879652 0.14949811995 0.1317473948 0.11538568139 0.10631335527 0.10125888884 0.087344691157 0.070040494204 
0.054933387786 0.043282788247 0.03440945968 0.027491755784 0.02197836712 0.017530482262 0.013926608488 0.011005419306 0.0086390729994 
0.0067237741314 0.0051769106649 0.0039344001561 0.0029463614337 0.0021721869707 0.0015766425058 0.0011277791345 0.00079644186189 0.0005566473119 
0.00038613431389 0.00026665287442 0.00018386913871 0.0001269516797 8.7981534307e-05 6.1323255068e-05 4.3049483793e-05 3.0464987503e-05 2.1739517251e-05 
1.5638444893e-05 1.1331921996e-05 8.2627830125e-06 6.0565030253e-06 4.4604980758e-06 3.3035535125e-06 2.4689647944e-06 1.8769542294e-06 1.4733149101e-06 
1.2222283203e-06 1.1018606756e-06 1.2943042975e-06 1.4375335695e-06 1.7367169676e-06 2.2181666282e-06 2.9235511647e-06 3.912655302e-06 5.2672667152e-06 
7.096387435e-06 9.5430286819e-06 1.2792956113e-05 1.7085880245e-05 2.2729800548e-05 3.0119470466e-05 3.9760398067e-05 5.2300318202e-05 6.8570792791e-05 
8.9642482635e-05 0.0001168985109 0.00015213066945 0.00019766419427 0.00025651536998 0.00033258475014 0.00043088462553 0.00055779289687 0.00072131602792 
0.00093132711481 0.0011997243855 0.0015404240694 0.0019690741319 0.0025023438502 0.0031566598918 0.0039463234134 0.004881019704 0.0059628919698 
0.0071834707633 0.0085212551057 0.0099415592849 0.011401207186 0.012860571034 0.014303153381 0.015757918358 0.017313191667 0.019114712253 
0.021364476532 0.024353012443 0.028528824449 0.034597121179 0.043655388057 0.057362638414 0.078043140471 0.10840918124 0.15027596056 
0.20145520568 0.25073194504 0.2747349143 0.25163200498 0.21347934008 0.18751357496 0.1868827939 0.20048993826 0.1711858362 
0.12895996869 0.093929030001 0.069461643696 0.052759271115 0.040942613035 0.032202187926 0.025508610532 0.020261459053 0.016082836315 
0.012715530582 0.009977848269 0.007742617745 0.0059224902652 0.0044557540677 0.0032938742079 0.0023931469768 0.0017111434136 0.0012067051139 
0.00084160070401 0.0005822769017 0.00040089621325 0.00027549764491 0.00018948373327 0.00013074305025 9.0678040578e-05 6.331026816e-05 4.4543088734e-05 
3.1596722692e-05 2.2596785129e-05 1.6284109734e-05 1.1814333448e-05 8.6213103714e-06 6.3247384787e-06 4.6682348511e-06 3.4781930935e-06 2.6367770261e-06 
2.0644747565e-06 1.7090604842e-06 1.5388440033e-06 1.6181620595e-06 1.7993264692e-06 2.1780506358e-06 2.7882679206e-06 3.6837925563e-06 4.9419800234e-06 
6.6688917286e-06 9.0062139861e-06 1.2140307263e-05 1.6313862943e-05 2.1840858608e-05 2.9125758374e-05 3.8688340283e-05 5.1196107961e-05 6.7507047788e-05 
8.8726577815e-05 0.00011628377251 0.00015203306975 0.00019838903972 0.00025850147358 0.00033647898817 0.00043766424642 0.00056896265596 0.00073921558214 
0.0009595984011 0.0012440023711 0.0016093222657 0.0020755236037 0.0026652966626 0.0034030545503 0.0043130544946 0.0054165311158 0.0067278700881 
0.0082499394193 0.0099687501788 0.011848431081 0.013829209842 0.015832945704 0.01778106764 0.019629072398 0.021413484588 0.023279026151 
0.025451686233 0.02819670178 0.031869176775 0.037059560418 0.04479046911 0.056779250503 0.075812496245 0.10617029667 0.15371388197 
0.22459992766 0.32042878866 0.42610761523 0.4884711504 0.41795831919 0.33400508761 0.29560464621 0.33251529932 0.43784019351 
0.35534736514 0.24783121049 0.16559717059 0.11350621283 0.081440888345 0.060905952007 0.046952437609 0.036922615021 0.029374945909 
0.023485790938 0.018755186349 0.014871684834 0.011646643281 0.0089710345492 0.0067795272917 0.0050226696767 0.0036506322213 0.0026080887765 
0.0018363579875 0.0012782568811 0.0008824840188 0.0006061521126 0.00041542004328 0.00028478720924 0.00019571435405 0.00013508058328 9.3776638096e-05 
6.5561092924e-05 4.6194443712e-05 3.2813775761e-05 2.3493672415e-05 1.6943055016e-05 1.2297753528e-05 8.9794093583e-06 6.600299912e-06 4.8997389968e-06 
3.7021764001e-06 2.8900858524e-06 2.3868039989e-06 2.1460639346e-06 2.0094882984e-06 2.2372400963e-06 2.7137566576e-06 3.4825704915e-06 4.6128220674e-06 
6.2040926423e-06 8.3932172856e-06 1.1363451449e-05 1.5356437871e-05 2.0687662982e-05 2.7766316634e-05 3.7120866182e-05 4.9432175729e-05 6.557701272e-05 
8.6685664428e-05 0.00011421925592 0.00015007365437 0.00019671904738 0.0002573854581 0.00033630506368 0.00043902194011 0.0005727764219 0.00074696814409 
0.00097369303694 0.0012683352688 0.001650168444 0.0021428633481 0.0027746993583 0.0035781455226 0.0045883739367 0.0058403564617 0.0073644868098 
0.0091810170561 0.011293438263 0.013680634089 0.016288524494 0.019024094567 0.021755360067 0.024324825034 0.026605945081 0.028628118336 
0.030659794807 0.033114429563 0.036353494972 0.040740057826 0.046934563667 0.056255996227 0.071104764938 0.095606386662 0.13659624755 
0.20479281247 0.31531003118 0.48449587822 0.71164542437 0.91224241257 0.66883927584 0.48398318887 0.42374742031 0.54523962736 
1.0527700186 0.72434419394 0.46607452631 0.28726276755 0.18328200281 0.12443798035 0.089688196778 0.067815378308 0.053061444312 
0.042427588254 0.034292548895 0.027744365856 0.022272257134 0.017614105716 0.013656629249 0.010355668142 0.00767898513 0.0055770482868 
0.0039778784849 0.0027955928817 0.0019425508799 0.0013390138047 0.00091833964689 0.00062825693749 0.00042965993634 0.00029428699054 0.00020220651641 
0.00013959142962 9.695202607e-05 6.7822169513e-05 4.7819594329e-05 3.3988661016e-05 2.4344994017e-05 1.7561542336e-05 1.2753056581e-05 9.3293210739e-06 
6.8963704507e-06 5.1910992624e-06 4.0388381422e-06 3.3265077946e-06 2.9862667361e-06 2.4791324904e-06 2.7637975109e-06 3.3599303606e-06 4.3231120799e-06 
5.7417578319e-06 7.7434633567e-06 1.0503966223e-05 1.4259208001e-05 1.932109808e-05 2.6097897717e-05 3.5120443499e-05 4.7075995099e-05 6.2852181145e-05 
8.3594975877e-05 0.00011078581156 0.00014634555555 0.00019277485262 0.00025334325619 0.00033234059811 0.00043540625484 0.00056994939223 0.00074567331467 
0.00097521353746 0.0012748978334 0.0016656199005 0.0021737958305 0.0028322550934 0.003680730937 0.00476528937 0.006135866046 0.0078413737938 
0.009922908619 0.012406604365 0.015297259204 0.018572226167 0.022173784673 0.02599453181 0.029836243019 0.033349253237 0.036116357893 
0.038068309426 0.039754413068 0.042091932148 0.045675557107 0.050755064934 0.057846672833 0.068385839462 0.085298843682 0.11383359879 
0.16311538219 0.24896419048 0.39898684621 0.66164129972 1.1249381304 1.9398648739 0.96372961998 0.6052235961 0.49571534991 
0.57497149706 0.8638407588 1.2895065546 0.81684935093 0.46793428063 0.28171077371 0.18359225988 0.12892718613 0.096374005079 
0.075519390404 0.061038948596 0.050107397139 0.041196670383 0.033523205668 0.026763726026 0.020856302232 0.01583741419 0.011730760336 
0.0084991920739 0.0060459026136 0.004239469301 0.0029414661694 0.0020259460434 0.0013888067333 0.00094949745107 0.00064847309841 0.00044305325719 
0.00030324843829 0.00020824279636 0.00014369600103 9.9782737379e-05 6.9806461397e-05 4.9230377044e-05 3.5001245124e-05 2.5077479222e-05 1.8100938178e-05 
1.3170795683e-05 9.6900084827e-06 7.2631419243e-06 5.6298972595e-06 4.623071618e-06 4.1429675548e-06 3.0393116504e-06 3.3932185488e-06 4.135078143e-06 
5.3355688578e-06 7.1072963692e-06 9.6131088867e-06 1.3077825315e-05 1.780403727e-05 2.419278826e-05 3.2770305552e-05 4.4222480938e-05 5.9439353208e-05 
7.9573175753e-05 0.00010611512698 0.00014099785767 0.00018673417799 0.00024660484632 0.00032491132151 0.0004273118102 0.00056125916308 0.00073655933375 
0.00096607033629 0.0012665668037 0.0016598069342 0.0021738479845 0.0028446107171 0.0037175114267 0.0048484909348 0.006303048227 0.0081514883786 
0.010459699668 0.013278271072 0.016636354849 0.020546806976 0.025024017319 0.030099751428 0.03578434512 0.041833359748 0.047323662788 
0.05081186071 0.051898531616 0.051802303642 0.052770666778 0.056065458804 0.061633784324 0.06940267235 0.080510050058 0.097973287106 
0.12737010419 0.17832587659 0.26779007912 0.42770415545 0.72904616594 1.3842388391 1.1696811914 0.80691057444 0.58419036865 
0.50513148308 0.57028251886 0.78473979235 1.0887088776 1.4055843353 0.70176786184 0.40082684159 0.25613245368 0.1787006259 
0.13399934769 0.10628415644 0.087518490851 0.073357008398 0.061457294971 0.050711955875 0.040811631829 0.031884822994 0.024176733568 
0.017840947956 0.012869505212 0.0091199139133 0.0063790134154 0.0044214054942 0.0030457256362 0.0020893851761 0.001429277705 0.00097589375218 
0.00066570256604 0.00045420057722 0.00031041621696 0.00021287663549 0.00014675273269 0.00010186128929 7.1263762948e-05 5.027556108e-05 3.5763143387e-05 
2.564685019e-05 1.855382834e-05 1.3580242012e-05 1.0132150237e-05 7.821788131e-06 6.4019595811e-06 5.7261627262e-06 3.7040019834e-06 4.1419302761e-06 
5.0608964557e-06 6.5504896156e-06 8.7536882347e-06 1.1877691577e-05 1.6209245587e-05 2.2135240215e-05 3.0169723686e-05 4.0988834371e-05 5.547582623e-05 
7.4779381976e-05 0.00010038978508 0.00013423990458 0.00017884091358 0.000237465807 0.00031439829036 0.00041526689893 0.00054748664843 0.00072083069244 
0.00094815576449 0.0012463141466 0.0016373123508 0.0021498303395 0.0028212731704 0.0037004975602 0.0048509514891 0.0063528297469 0.0083010708913 
0.010795102455 0.013919810764 0.017727266997 0.022240679711 0.027508685365 0.033726532012 0.041347749531 0.050963424146 0.06235158816 
0.072703927755 0.077243670821 0.075406804681 0.070121742785 0.066670387983 0.067930482328 0.073290526867 0.081330679357 0.092215910554 
0.10846031457 0.13500018418 0.17958548665 0.2536791563 0.3728543818 0.55142879486 0.76700055599 0.74307227135 0.61419528723 
0.50877094269 0.47544810176 0.53999656439 0.72414982319 1.0353673697 1.5672879219 0.84612172842 0.50708895922 0.33371368051 
0.23797719181 0.18226087093 0.14812032878 0.12530702353 0.10778670758 0.092192351818 0.077081039548 0.062362983823 0.048670280725 
0.036715880036 0.026910744607 0.019287081435 0.013603033498 0.0094918785617 0.0065777515993 0.004537390545 0.0031189720612 0.0021373040508 
0.0014603761956 0.00099540397059 0.00067744159605 0.00046102897613 0.00031435207347 0.00021521683084 0.00014824753453 0.00010290100181 7.2034577897e-05 
5.0867998652e-05 3.6235360312e-05 2.605573718e-05 1.8967370124e-05 1.4081781046e-05 1.082324161e-05 8.827286365e-06 7.8791417764e-06 4.4896050895e-06 
5.0294247558e-06 6.16354464e-06 8.0053014244e-06 1.0735891919e-05 1.4618460227e-05 2.0018036594e-05 2.7428337489e-05 3.7506913941e-05 5.1120561693e-05 
6.9403948146e-05 9.3835566076e-05 0.00012633731239 0.00016940702335 0.00022629667365 0.00030125456396 0.00039985234616 0.00052942190086 0.00069962727139 
0.00092319643591 0.0012168420944 0.0016024310607 0.0021085350309 0.0027726537082 0.0036445953883 0.0047915061004 0.0063041849062 0.0083016864955 
0.010926933959 0.014324190095 0.018598617986 0.023782825097 0.029867665842 0.037003017962 0.045971848071 0.058553796262 0.077175691724 
0.10178874433 0.12335916609 0.12706325948 0.11674495786 0.09970061481 0.08637945354 0.082363240421 0.086058944464 0.093662232161 
0.10352305323 0.11713774502 0.13839140534 0.17272055149 0.22633250058 0.30407553911 0.40270918608 0.49414259195 0.50647121668 
0.46785065532 0.43072241545 0.4307628274 0.49397408962 0.64591413736 0.92290866375 1.4660205841 0.86476808786 0.5785831213 
0.41172003746 0.30804648995 0.24431115389 0.20534092188 0.17971326411 0.15926501155 0.13916701078 0.1176488772 0.095301456749 
0.073941864073 0.055252112448 0.040091719478 0.028498232365 0.019998485222 0.013932812028 0.009667721577 0.0066885594279 0.0046130442061 
0.0031696651131 0.0021687336266 0.001477760612 0.0010036135791 0.00068042357452 0.00046151934657 0.00031396382838 0.00021473124798 0.00014793808805 
0.00010279241542 7.2069997259e-05 5.0996208302e-05 3.6444849684e-05 2.6380852432e-05 1.9484534278e-05 1.4906255274e-05 1.2111397155e-05 1.078646892e-05 
5.4160382206e-06 6.079648756e-06 7.4756831054e-06 9.7474639915e-06 1.3124523321e-05 1.7940923499e-05 2.4661132557e-05 3.3914850064e-05 4.6542510972e-05 
6.3654166297e-05 8.670551324e-05 0.00011759635527 0.00015880045248 0.00021353867487 0.00028601282975 0.00038172374479 0.00050789891975 0.00067405978916 
0.00089275208302 0.0011804654496 0.0015587778762 0.0020558265969 0.0027083957102 0.003565274179 0.0046930564567 0.0061856773682 0.0081772347912 
0.010851899162 0.014435444959 0.019149722531 0.025131715462 0.032359614968 0.040690593421 0.050393085927 0.063799478114 0.086039468646 
0.1245566681 0.18125396967 0.22444182634 0.21331471205 0.18026587367 0.14187203348 0.11268123239 0.10002671182 0.10038630664 
0.10664086789 0.11469768733 0.12478024513 0.13981543481 0.16359943151 0.19934725761 0.24779465795 0.30379638076 0.35218855739 
0.37149277329 0.3691457808 0.36705863476 0.38617703319 0.4436250031 0.55200397968 0.71115207672 0.87567907572 0.76431804895 
0.65094280243 0.51098287106 0.39869877696 0.32632210851 0.28451377153 0.25890490413 0.23703667521 0.21147716045 0.18013072014 
0.14524652064 0.11133828759 0.081989079714 0.058712668717 0.041353866458 0.028903471306 0.020150177181 0.014034171589 0.0097570139915 
0.0067595453002 0.0046591716819 0.0031923935749 0.0021744684782 0.0014737617457 0.00099565531127 0.00067212356953 0.00045461769332 0.00030894065276 
0.00021140211902 0.00014588100021 0.00010159218073 7.1423230111e-05 5.0733295211e-05 3.651422594e-05 2.6824855013e-05 2.0421703084e-05 1.6526073523e-05 
1.4683164409e-05 6.5084268499e-06 7.3231353781e-06 9.0395897132e-06 1.1839279978e-05 1.6013371351e-05 2.1986532374e-05 3.0350516681e-05 4.1909275751e-05 
5.7737863244e-05 7.9258432379e-05 0.00010833836859 0.00014741784253 0.00019967820845 0.00026926829014 0.00036161116441 0.00048382175737 0.0006452666712 
0.00085829739692 0.0011391780572 0.0015092215035 0.0019961779471 0.0026360484771 0.0034758853726 0.0045789261349 0.0060345591046 0.0079760532826 
0.010605797172 0.014216662385 0.019181508571 0.025881608948 0.034575920552 0.045196656138 0.057043936104 0.069725468755 0.089317113161 
0.12822023034 0.20838038623 0.35770434141 0.41244766116 0.33883091807 0.25458034873 0.18626512587 0.14020247757 0.11915434897 
0.11599462479 0.12031859159 0.12588813901 0.13190953434 0.1407122314 0.15524874628 0.17748138309 0.20720770955 0.24089886248 
0.27144297957 0.29187491536 0.30510652065 0.32139697671 0.35268467665 0.40938270092 0.49772417545 0.61421346664 0.73498010635 
0.80713641644 0.87116098404 0.67791908979 0.5224454999 0.43427145481 0.39388951659 0.37513065338 0.35572680831 0.32355415821 
0.27632236481 0.21993857622 0.16520023346 0.11919764429 0.084035135806 0.058703936636 0.041006606072 0.02873301506 0.020161775872 
0.014115964994 0.0098286867142 0.0067925443873 0.0046564619988 0.0031678795349 0.0021416523959 0.0014417564962 0.00096903031226 0.00065216154326 
0.00044074343168 0.00029982693377 0.00020564952865 0.00014234356058 9.9471377325e-05 7.0242102083e-05 5.026800136e-05 3.672708408e-05 2.7817744922e-05 
2.2415391868e-05 1.9865021386e-05 7.7996028267e-06 8.800165233e-06 1.0911753634e-05 1.4364976778e-05 1.9530465579e-05 2.6949885068e-05 3.73796247e-05 
5.1849176089e-05 7.1737224062e-05 9.8869575595e-05 0.00013564535766 0.00018520164303 0.00025163165992 0.00034028041409 0.00045814854093 0.00061444361927 
0.00082131812815 0.001094823936 0.0014560918789 0.0019327261252 0.0025604451075 0.0033852369525 0.0044669951312 0.0058871088549 0.0077647590078 
0.010287890211 0.013759853318 0.018645485863 0.025581749156 0.035342093557 0.048766046762 0.066189676523 0.084900520742 0.098302692175 
0.12257132679 0.18359142542 0.35047289729 0.89888757467 0.67177498341 0.45921874046 0.30618971586 0.21346507967 0.15988665819 
0.13640992343 0.13185535371 0.13428327441 0.13683214784 0.13850051165 0.1414758414 0.14840972424 0.16089740396 0.17886687815 
0.20045638084 0.22263820469 0.24336741865 0.26477962732 0.29292657971 0.33565595746 0.4004984796 0.49241560698 0.61232340336 
0.76579624414 0.9951813817 1.5121231079 0.92313581705 0.66727864742 0.56512212753 0.5419691205 0.54708534479 0.53892171383 
0.49863776565 0.42435237765 0.32909598947 0.23949827254 0.16828081012 0.1167454794 0.081251196563 0.057154845446 0.040555596352 
0.02881452255 0.020351788029 0.01423070766 0.0098400460556 0.0067332792096 0.0045666946098 0.0030761004891 0.0020627942868 0.0013808496296 
0.00092540477635 0.00062262744177 0.00042155958363 0.00028769968776 0.00019809124933 0.00013767687778 9.6682066214e-05 6.8802386522e-05 4.9989186664e-05 
3.7661418901e-05 3.0210279874e-05 2.6699952286e-05 9.3336511782e-06 1.0565232515e-05 1.3169374142e-05 1.7440757802e-05 2.3853835955e-05 3.3103380702e-05 
4.6161443606e-05 6.4353094785e-05 8.9454646513e-05 0.00012381949637 0.00017054007913 0.00023365921516 0.00031845300691 0.00043181714136 0.00058280222584 
0.00078334985301 0.0010492813308 0.0014015666675 0.0018678532215 0.0024841916747 0.0032969315071 0.0043650972657 0.0057646897621 0.0075988811441 
0.010022088885 0.013288877904 0.017833072692 0.024365281686 0.033989273012 0.048485316336 0.070950619876 0.104916282 0.14296595752 
0.14349687099 0.15884929895 0.2249610126 0.41777673364 0.98007017374 0.60979163647 0.41062518954 0.28795671463 0.21286280453 
0.16970746219 0.15124198794 0.1473993659 0.14779682457 0.14678806067 0.14398781955 0.1417491436 0.14264945686 0.14822807908 
0.15874999762 0.17351475358 0.19159442186 0.21309120953 0.24050863087 0.27899184823 0.33555436134 0.41716757417 0.52591121197 
0.65615659952 0.82114857435 1.0563572645 1.5745782852 0.99581044912 0.76334619522 0.70242244005 0.73864305019 0.80607748032 
0.82583463192 0.77499473095 0.65302634239 0.48221024871 0.33468651772 0.22783982754 0.15619672835 0.10951664299 0.078667230904 
0.05716272071 0.041344624013 0.029460160062 0.02062071301 0.014203831553 0.00966174528 0.0065125855617 0.0043629123829 0.0029124512803 
0.001942275092 0.0012973435223 0.00087007868569 0.0005871062167 0.00039916901733 0.00027367338771 0.00018930752412 0.00013225426665 9.3601796834e-05 
6.7622910137e-05 5.0663482398e-05 4.0444479964e-05 3.5639946873e-05 1.1170698599e-05 1.2693093595e-05 1.5919211364e-05 2.1228546757e-05 2.9233216992e-05 
4.0831368096e-05 5.7281824411e-05 8.0302728747e-05 0.00011219850421 0.00015602145868 0.00021577860753 0.00029670228832 0.00040561478818 0.00055143464124 
0.00074589077849 0.0010045230156 0.0013480421621 0.0018040781142 0.0024092537351 0.0032114111818 0.0042717787437 0.0056672599167 0.0074945180677 
0.0098812449723 0.013016342185 0.017216781154 0.02304671146 0.031503230333 0.04440003261 0.065620802343 0.10461677611 0.17948786914 
0.29244661331 0.22097311914 0.19258880615 0.2193107605 0.30800288916 0.45101052523 0.39262071252 0.31195151806 0.2482842505 
0.20372021198 0.17700485885 0.16542941332 0.16206160188 0.15961532295 0.15455882251 0.14744229615 0.14080430567 0.1371293813 
0.13792160153 0.14371527731 0.15455415845 0.1707033217 0.193537727 0.22643949091 0.27533262968 0.34836897254 0.45164397359 
0.57323330641 0.67928177118 0.8175970912 0.9260084033 1.0127424002 0.87073391676 0.79607337713 0.84006726742 0.99959087372 
1.2128007412 1.2838941813 1.2181044817 1.0148164034 0.68698948622 0.44008284807 0.29062825441 0.19981402159 0.14432893693 
0.10825210065 0.081636711955 0.060293868184 0.043184012175 0.030059117824 0.020482959226 0.013769246638 0.0091857407242 0.0061054732651 
0.0040537416935 0.0026940202806 0.0017953972565 0.0012019688729 0.00080953614088 0.00054907688173 0.00037526327651 0.00025854824344 0.0001797729783 
0.00012655227329 9.0900713985e-05 6.7706110713e-05 5.3771389503e-05 4.7233057558e-05 1.3393048903e-05 1.5286572307e-05 1.9309072741e-05 2.5954021112e-05 
3.6018856918e-05 5.0676124374e-05 7.1572147135e-05 0.00010095652397 0.00014184691827 0.00019823659386 0.00027535748086 0.00038002344081 0.00052109698299 
0.00071014958667 0.00096242054133 0.0012982017361 0.0017447698629 0.0023389186244 0.0031299728435 0.0041829110123 0.005580985453 0.0074274074286 
0.0098472209647 0.0129950298 0.017082983628 0.02245394513 0.029729053378 0.040077582002 0.05589286238 0.083316385746 0.14131812751 
0.29127949476 0.74748718739 0.33321449161 0.22471283376 0.21202293038 0.24042859674 0.28147760034 0.27440389991 0.24837610126 
0.22160495818 0.19988285005 0.18577620387 0.1785107702 0.17393949628 0.16783553362 0.15870505571 0.1478766799 0.13789847493 
0.13103829324 0.12868976593 0.13153770566 0.14008890092 0.15534436703 0.17957048118 0.21716666222 0.27551087737 0.36436855793 
0.48460817337 0.58440339565 0.55659747124 0.62644124031 0.6635170579 0.66998904943 0.71933490038 0.79201668501 0.96385240555 
1.3280222416 1.9220608473 2.0480422974 1.9620808363 1.6609867811 1.0783091784 0.52779716253 0.34132999182 0.24401812255 
0.18855601549 0.15209715068 0.12025029957 0.09035538137 0.06445723027 0.044178150594 0.029522404075 0.019480416551 0.012803260237 
0.0084221577272 0.0055575096048 0.0036823712289 0.002451594919 0.0016410080716 0.0011049734894 0.00074874766869 0.00051068956964 0.0003507238871 
0.00024281018705 0.00017003019457 0.00012140734179 8.9871828095e-05 7.0980284363e-05 6.2133942265e-05 1.6112682715e-05 1.8486143745e-05 2.3542106646e-05 
3.1929277611e-05 4.4698288548e-05 6.3397674239e-05 9.0206252935e-05 0.00012810518092 0.00018109413213 0.00025445836945 0.00035510197631 0.00049197644694 
0.00067666615359 0.00092423753813 0.0012545207283 0.0016940498026 0.0022788960487 0.0030585285276 0.0041005387902 0.0054955640808 0.0073610241525 
0.0098418034613 0.013106786646 0.017344303429 0.02276997827 0.029676087201 0.038561675698 0.050377823412 0.066985853016 0.092369131744 
0.13583725691 0.21467833221 0.32938891649 0.25461763144 0.21242816746 0.20255690813 0.21010012925 0.22295932472 0.22482067347 
0.21886099875 0.20986874402 0.20079137385 0.19337517023 0.18725532293 0.18027232587 0.17054793239 0.15808460116 0.14464144409 
0.1325750798 0.12383294106 0.11963324249 0.12071102113 0.12783305347 0.14241702855 0.16725476086 0.20744140446 0.27153983712 
0.37110960484 0.50349199772 0.56796163321 0.32412335277 0.053086847067 0.023862104863 0.0391067788 0.42223155499 0.69632142782 
0.98829251528 1.614305377 1.4259550571 1.3828344345 1.2816969156 1.0691102743 0.74248343706 0.50244724751 0.36436963081 
0.28906071186 0.25057673454 0.22396627069 0.18515408039 0.13948492706 0.097669832408 0.065163865685 0.042353373021 0.027277713642 
0.01760077849 0.011439412832 0.0075004207902 0.0049590496346 0.0033030798659 0.0022144070826 0.0014932173071 0.0010123100365 0.00068980106153 
0.00047254524543 0.00032585117151 0.00022699437977 0.00016109118587 0.00011847001588 9.3009140983e-05 8.1110803876e-05 1.947975943e-05 2.2480920961e-05 
2.889344978e-05 3.9580016164e-05 5.5941593018e-05 8.0049539974e-05 0.00011482684931 0.00016428163508 0.00023379572667 0.00033047230681 0.00046355472296 
0.00064494879916 0.00088992691599 0.0012181759812 0.0016554699978 0.0022363825701 0.0030085204635 0.004038637504 0.0054205073975 0.0072834989987 
0.0097992280498 0.013181769289 0.017675390467 0.023525169119 0.030935786664 0.04004811123 0.050997585058 0.064124442637 0.080328606069 
0.10145828128 0.13054351509 0.17010998726 0.21022805572 0.20469617844 0.19590172172 0.1930346638 0.19538521767 0.20055545866 
0.20416723192 0.20515315235 0.20367003977 0.20023745298 0.19530847669 0.1885869801 0.17922258377 0.16687093675 0.15241874754 
0.13772860169 0.12483920157 0.11534390599 0.11026314646 0.11031069607 0.11634697765 0.12991072237 0.15384954214 0.19318272173 
0.25645303726 0.35761761665 0.51537889242 0.75215518475 1.343195796 0.58670800924 0.035380084068 0.0093541899696 0.032764039934 
0.49469816685 0.75194096565 0.97449344397 0.9819304347 0.95254606009 0.88008481264 0.75473427773 0.59182351828 0.46092894673 
0.38019114733 0.34640902281 0.34752422571 0.35323160887 0.29812315106 0.21919545531 0.14797277749 0.095161378384 0.059881806374 
0.037579957396 0.023798178881 0.015287459828 0.0099676409736 0.0065840985626 0.0043940865435 0.002955148695 0.0019985807594 0.00135726179 
0.00092484080233 0.00063234707341 0.00043443695176 0.00030106550548 0.00021230410493 0.00015505390184 0.00012094954582 0.0001050451101 2.3691423849e-05 
2.7520307412e-05 3.5728462535e-05 4.9476107961e-05 7.0654328738e-05 0.00010207130254 0.00014770773123 0.00021304379334 0.00030545663321 0.00043468325748 
0.00061334640486 0.00085756235057 0.0011877171928 0.0016296419781 0.0022166583221 0.0029932630714 0.0040214490145 0.0053905528039 0.0072307772934 
0.0097288638353 0.013141564094 0.017798181623 0.024077476934 0.032338377088 0.042788419873 0.055311791599 0.069374136627 0.08422459662 
0.099503189325 0.11582642049 0.13444510102 0.15550139546 0.17446935177 0.18074634671 0.18198285997 0.18244157732 0.18413698673 
0.18759855628 0.19159778953 0.19468399882 0.19571861625 0.19408163428 0.18952035904 0.1818382591 0.17097178102 0.1574190259 
0.14244766533 0.12779673934 0.11514507979 0.10575617105 0.10046232492 0.099907569587 0.10491105169 0.11687535793 0.13824133575 
0.17303623259 0.2275583148 0.31100311875 0.43413537741 0.59710156918 0.75661462545 0.62455683947 0.39990094304 0.25593209267 
0.033242929727 0.38724908233 0.55833166838 0.65844392776 0.68345487118 0.67246222496 0.6331692934 0.56868636608 0.49224868417 
0.43175578117 0.40509694815 0.4244209528 0.49906998873 0.60794049501 0.49403971434 0.34120601416 0.21815024316 0.13466174901 
0.082285024226 0.050593543798 0.031601514667 0.020130613819 0.013076438569 0.0086390087381 0.0057822251692 0.0039048178587 0.0026511813048 
0.0018050962826 0.001230770722 0.00084025930846 0.0005752510624 0.00039656442823 0.0002778127091 0.00020141739515 0.00015603660722 0.00013491878053 
2.8999784263e-05 3.3924872696e-05 4.4520606025e-05 6.2363607867e-05 9.0036461188e-05 0.00013139830844 0.00019195814093 0.00027935288381 0.00040392158553 
0.00057934905635 0.00082333362661 0.0011582422303 0.001611804706 0.002218140522 0.0030198825989 0.0040728296153 0.0054551535286 0.0072832047008 
0.0097347721457 0.013077774085 0.017697576433 0.024108419195 0.032920986414 0.044717755169 0.059775829315 0.07763043046 0.096684515476 
0.114407897 0.12863104045 0.1392261833 0.14794148505 0.15639851987 0.1639995575 0.16824197769 0.17013581097 0.17122466862 
0.17296087742 0.17596760392 0.17963179946 0.18266947567 0.18378262222 0.18206234276 0.17706550658 0.16873294115 0.15740472078 
0.14392484725 0.1296005398 0.11592382938 0.10422775894 0.095495164394 0.090391986072 0.089463427663 0.093399889767 0.10331512243 
0.12101129442 0.14919964969 0.19156222045 0.25227072835 0.33374860883 0.42929980159 0.50574928522 0.49187853932 0.4213335216 
0.35036048293 0.28339913487 0.36590227485 0.43109294772 0.47543740273 0.4958820641 0.4983381629 0.4860496521 0.46299269795 
0.43772083521 0.42442500591 0.43939316273 0.50866836309 0.69408124685 1.199324131 0.81725013256 0.50241786242 0.30138427019 
0.18012738228 0.1085691601 0.066430367529 0.041394390166 0.02630494535 0.017053084448 0.011263650842 0.0075543215498 0.0051198112778 
0.0034891972318 0.0023820628412 0.0016254951479 0.0011082456913 0.0007560965023 0.00051847216673 0.00036075699609 0.00025955733145 0.00019961492217 
0.00017178247799 3.5717170249e-05 4.2094266973e-05 5.5866144976e-05 7.9194069258e-05 0.00011564229499 0.00017058441881 0.00025177173666 0.00037006937782 
0.00054033874767 0.00078239414142 0.0011218873551 0.0015909267822 0.0022283191793 0.0030797175132 0.0041988617741 0.0056525194086 0.0075331977569 
0.0099840611219 0.013238416053 0.017670916393 0.023849772289 0.032567668706 0.044806297868 0.061543937773 0.083266682923 0.10910127312 
0.13588055968 0.15825898945 0.17131519318 0.1746557802 0.17193244398 0.16769938171 0.16448839009 0.16245028377 0.16136799753 
0.16124781966 0.1623056531 0.16445502639 0.16699916124 0.16883519292 0.16885259748 0.16624198854 0.16062493622 0.15206299722 
0.14104601741 0.12846121192 0.11546694487 0.10326565802 0.092885144055 0.085078142583 0.080366708338 0.07918535918 0.082060933113 
0.089782252908 0.10352253914 0.12485780567 0.15555685759 0.19687509537 0.24786223471 0.302102983 0.34379062057 0.35203722119 
0.33485245705 0.3109293282 0.29241210222 0.31187057495 0.33734339476 0.36236038804 0.38246634603 0.39672699571 0.40606918931 
0.41291463375 0.42152327299 0.4383482635 0.47316813469 0.54453706741 0.68404209614 0.930162251 1.2378114462 0.64472454786 
0.37201374769 0.22365862131 0.13765457273 0.086043007672 0.054334670305 0.034651290625 0.022400584072 0.01473308634 0.0098584843799 
0.0066834851168 0.0045629516244 0.0031202712562 0.002129978966 0.0014499502722 0.00098570773844 0.0006722707767 0.000464529905 0.00033158433507 
0.00025307034957 0.00021669738635 4.4216292736e-05 5.250905815e-05 7.0491158112e-05 0.0001011448694 0.00014943271526 0.00022292706126 0.00033271091525 
0.00049456994748 0.0007304410683 0.0010699564591 0.0015517269494 0.0022237952799 0.0031426814385 0.0043710218742 0.0059754988179 0.0080297170207 
0.010630079545 0.013934082352 0.018226496875 0.024008322507 0.032089293003 0.043650623411 0.060215801001 0.083388753235 0.11410122365 
0.15112017095 0.18913172185 0.21830256283 0.22902263701 0.22237345576 0.20568928123 0.18723990023 0.17227807641 0.16225112975 
0.15646640956 0.15373618901 0.15306423604 0.15357893705 0.1543482393 0.15439371765 0.15284542739 0.14910064638 0.14291550219 
0.13442710042 0.12412942946 0.11280315369 0.10138425231 0.090795613825 0.081808485091 0.074988916516 0.070735178888 0.069374114275 
0.071274742484 0.076942771673 0.087060987949 0.10242757946 0.1237147823 0.15093481541 0.18251869082 0.21418011189 0.23866476119 
0.24925874174 0.2485254705 0.24405756593 0.24292066693 0.25332939625 0.27088680863 0.29318395257 0.31784269214 0.34406909347 
0.37249597907 0.40434187651 0.44033274055 0.47986033559 0.52298367023 0.57848399878 0.66083723307 0.76835364103 0.82368284464 
0.597674191 0.39881077409 0.26197940111 0.1725602597 0.11321622133 0.073371037841 0.047041371465 0.030159883201 0.01957840845 
0.012955466285 0.0087259514257 0.005941583775 0.0040594041348 0.0027683046646 0.0018803277053 0.0012733553303 0.00086363212904 0.00059255532688 
0.00041956896894 0.00031771903741 0.00027064493042 5.4922238633e-05 6.5722648287e-05 8.9244815172e-05 0.00012962029723 0.00019380261074 0.00029256718699 
0.00044198380783 0.0006654264289 0.00099607836455 0.0014796308242 0.0021764035337 0.0031615283806 0.0045214830898 0.0063459896483 0.0087172919884 
0.011704844423 0.015381184407 0.019879028201 0.025502203032 0.032879073173 0.043117046356 0.05790290609 0.07948435843 0.11036311835 
0.15231828392 0.20420847833 0.25837603211 0.29760947824 0.30120483041 0.2789042294 0.24489602447 0.21101602912 0.18407657743 
0.16575850546 0.15467372537 0.1485606432 0.14542637765 0.14376433194 0.14242598414 0.14050976932 0.13734215498 0.13250790536 
0.12588042021 0.117626369 0.10817551613 0.098150864244 0.088262557983 0.07919100672 0.071499325335 0.065603002906 0.061795562506 
0.060309249908 0.061383165419 0.065312370658 0.072452038527 0.083146303892 0.097547240555 0.11530023813 0.1351339817 0.15457615256 
0.17034670711 0.18013633788 0.18513630331 0.18898549676 0.1956152916 0.20828892291 0.22752545774 0.25321343541 0.28515458107 
0.324046731 0.3715865314 0.42950597405 0.47935199738 0.56516039371 0.61760002375 0.65656596422 0.70071154833 0.77165228128 
0.83763128519 0.63072758913 0.44617214799 0.31599321961 0.22497969866 0.15628899634 0.10416478664 0.066900484264 0.042188629508 
0.026723064482 0.017279434949 0.011448487639 0.0077215284109 0.0052488753572 0.0035676385742 0.0024150314275 0.0016282243887 0.0010979340877 
0.00074794964166 0.00052531383699 0.00039464916335 0.00033440088737 6.8293091317e-05 8.2338381617e-05 0.00011307062232 0.00016621810209 0.00025155438925 
0.00038450787542 0.00058860960416 0.00089895434212 0.0013666677987 0.0020638725255 0.003087664023 0.0045601995662 0.0066207516938 0.0094060869887 
0.013020424172 0.01750793308 0.022857980803 0.029086476192 0.036424908787 0.045593481511 0.058055251837 0.076134204865 0.10297935456 
0.14227092266 0.19730494916 0.26863896847 0.34852871299 0.40875199437 0.38919052482 0.33873939514 0.28272011876 0.23325225711 
0.19562791288 0.17013826966 0.15425404906 0.14477673173 0.13901604712 0.13505813479 0.13162277639 0.12786670029 0.12325649709 
0.11751103401 0.11057975143 0.10262535512 0.093991115689 0.08514380455 0.076597481966 0.068836256862 0.062259372324 0.057162526995 
0.053753383458 0.052187841386 0.052609283477 0.055173367262 0.060041513294 0.067327417433 0.076986640692 0.088658623397 0.10151655972 
0.11426192522 0.12547697127 0.13444623351 0.14199009538 0.15017926693 0.16146558523 0.1780038774 0.20122481883 0.2322294414 
0.27239435911 0.32426598668 0.3923138082 0.46520897746 0.17058625817 0.69156521559 0.78460007906 0.82078558207 0.81624513865 
0.89627736807 1.2716931105 0.74667590857 0.5197648406 0.39494690299 0.30842930079 0.22753301263 0.15542177856 0.099493421614 
0.061316840351 0.037557799369 0.023472027853 0.015137762763 0.010031407699 0.0067486460321 0.0045575471595 0.0030694007874 0.0020585164893 
0.0013795942068 0.00093306828057 0.0006500541931 0.00048451725161 0.00040837732377 8.4785773652e-05 0.00010296684195 0.00014294571884 0.00021264047245 
0.00032577212551 0.00050445517991 0.000783267722 0.0012152178679 0.0018797495868 0.0028920560144 0.0044110966846 0.0066407206468 0.0098150093108 
0.014158047736 0.019815167412 0.026773717254 0.034828487784 0.043685264885 0.053289927542 0.064350932837 0.078788891435 0.09977465868 
0.13153032959 0.1790458709 0.24779289961 0.34349799156 0.47826397419 0.59359109402 0.49961003661 0.39557394385 0.31211605668 
0.24868410826 0.20330281556 0.17293320596 0.15359045565 0.14140085876 0.13332989812 0.12730668485 0.12202931195 0.11672037095 
0.1109463498 0.1045121178 0.097406320274 0.089768610895 0.081856898963 0.074004590511 0.066569268703 0.059883628041 0.054221313447 
0.049785010517 0.046714875847 0.045109294355 0.045047167689 0.046600762755 0.049829546362 0.054748300463 0.061269853264 0.069137945771 
0.077890560031 0.086922258139 0.095715343952 0.10422419012 0.11319268495 0.12407509983 0.13868106902 0.15882912278 0.18618395925 
0.2224419266 0.26998177171 0.33327692747 0.42143011093 0.55186247826 0.71648877859 0.55887186527 0.69145894051 1.1030993462 
0.98606264591 0.88522619009 0.86923873425 0.68956291676 0.56512653828 0.49537521601 0.44413921237 0.34645101428 0.23991030455 
0.15197952092 0.091177292168 0.05380185321 0.032309073955 0.020134329796 0.013019466773 0.0086237685755 0.0057670520619 0.0038565595169 
0.0025701578707 0.0017112039495 0.0011489450699 0.00079410191393 0.00058731419267 0.00049244391266 0.00010480519995 0.00012815928494 0.0001797782752 
0.00027052478981 0.00041953739128 0.00065834278939 0.0010375202401 0.0016368099023 0.0025792247616 0.0040483395569 0.0063046789728 0.0096914153546 
0.014612167142 0.021458512172 0.030471231788 0.041552122682 0.054116014391 0.06717658788 0.079914137721 0.09276702255 0.10839561373 
0.13130760193 0.16704654694 0.22148737311 0.30101945996 0.42613685131 0.81871247292 0.87317335606 0.61267280579 0.4330586493 
0.32551363111 0.25409856439 0.20544426143 0.17302379012 0.15185064077 0.13785266876 0.12801538408 0.12033292651 0.11358054727 
0.10706343502 0.10042377561 0.093518577516 0.086350508034 0.079027794302 0.071733862162 0.064696349204 0.058154053986 0.052326772362 
0.047394528985 0.043489828706 0.04070193693 0.039088528603 0.038688320667 0.039528638124 0.041622668505 0.044954527169 0.049455344677 
0.054982956499 0.061329364777 0.068286858499 0.07579215616 0.084120728076 0.094032518566 0.10675612837 0.12383186072 0.14691342413 
0.17764127254 0.21776089072 0.26983490586 0.33925247192 0.43899357319 0.60105425119 0.88450139761 0.96106982231 1.1783634424 
1.1639155149 1.2515360117 0.94378888607 0.77694731951 0.66403770447 0.61519962549 0.63347256184 0.69555956125 0.54873412848 
0.3756082952 0.23240968585 0.13514211774 0.076849892735 0.044383976609 0.026699855924 0.016802502796 0.010925107636 0.0072168475017 
0.0047838129103 0.0031648830045 0.0020924340934 0.0013946467079 0.00095645926194 0.00070212123683 0.00058574794093 0.00012863666052 0.00015831553901 
0.00022425621864 0.0003411739599 0.00053543056129 0.00085139577277 0.0013620472746 0.0021855614614 0.0035093720071 0.0056212507188 0.0089418943971 
0.014043716714 0.02162591368 0.032400816679 0.046844080091 0.06479922682 0.085047498345 0.1051986441 0.1225669086 0.1365929991 
0.15153419971 0.17452824116 0.21323752403 0.27361097932 0.35678544641 0.45596066117 0.56799310446 0.65074253082 0.52875810862 
0.40716728568 0.31556919217 0.24928312004 0.20262186229 0.17066276073 0.14900320768 0.13399027288 0.12292266637 0.11400578171 
0.10615210235 0.098757945001 0.091524489224 0.084338493645 0.077201329172 0.070187926292 0.063420280814 0.05704536289 0.051214501262 
0.046065438539 0.04171006754 0.038229554892 0.035676386207 0.034080855548 0.033458568156 0.033815681934 0.03514957428 0.037444796413 
0.040667887777 0.044769298285 0.049705799669 0.055496931076 0.062319096178 0.070617854595 0.081190764904 0.095189191401 0.1140230298 
0.13918715715 0.17207109928 0.21392863989 0.26640224457 0.33323392272 0.42382764816 0.5587092042 0.77314168215 1.0686392784 
1.2809002399 1.0203391314 1.4122419357 0.98890990019 0.74711221457 0.65044671297 0.65628796816 0.79882401228 1.276859045 
0.8887488246 0.57999151945 0.34481170774 0.19323320687 0.10622812808 0.059439908713 0.034754250199 0.021367901936 0.013653285801 
0.0089055271819 0.0058469390497 0.0038376292214 0.002518735826 0.0016665934818 0.0011344497325 0.00082689611008 0.00068656454096 0.00015636559692 
0.00019357084238 0.00027665193193 0.00042518635746 0.00067479995778 0.0010866606608 0.0017636758275 0.0028765704483 0.0047030532733 0.0076810810715 
0.012470297515 0.020000953227 0.031464707106 0.048168387264 0.071142464876 0.10040532798 0.1339174211 0.16670162976 0.19163903594 
0.20473368466 0.21453312039 0.23396065831 0.27528131008 0.34689581394 0.44619840384 0.54284834862 0.56378859282 0.54676485062 
0.4648630321 0.37525975704 0.29916939139 0.24042145908 0.19742392004 0.16693857312 0.14545746148 0.12992139161 0.11802809685 
0.10823453218 0.099602803588 0.091614231467 0.084013849497 0.076702728868 0.069671876729 0.062964260578 0.056652456522 0.050823029131 
0.045564003289 0.040954567492 0.037058100104 0.033919218928 0.031564768404 0.030007544905 0.029251044616 0.029293749481 0.030132066458 
0.031762573868 0.034186281264 0.037420343608 0.041524223983 0.046646635979 0.053093127906 0.061401788145 0.072399750352 0.087203934789 
0.10712958872 0.13348169625 0.16725422442 0.20890386403 0.25859221816 0.31743183732 0.38995581865 0.48683542013 0.62451535463 
0.81447035074 1.0316749811 1.2155081034 1.1141587496 0.83971059322 0.67574131489 0.61418581009 0.63592642546 0.75212049484 
1.000639677 1.3541102409 0.85276025534 0.47670245171 0.25636854768 0.1373654902 0.07558786869 0.043607246131 0.026478195563 
0.01672237739 0.010794769973 0.0070238052867 0.004573687911 0.0029800459743 0.0019579606596 0.0013234359212 0.00095833250089 0.00079221068881 
0.00018779429956 0.0002336751495 0.00033660460031 0.00052202469669 0.00083687331062 0.0013631349429 0.0022414226551 0.0037098627072 0.0061643733643 
0.010244591162 0.016941836104 0.027706600726 0.044497519732 0.069656394422 0.10541341454 0.15273295343 0.20917183161 0.26578837633 
0.30527439713 0.31085318327 0.30483305454 0.31235140562 0.35404083133 0.44715902209 0.59973567724 0.77129328251 0.66395747662 
0.54865521193 0.44442588091 0.35649785399 0.28605139256 0.23196400702 0.1918630451 0.16275417805 0.14159815013 0.12578009069 
0.11333423853 0.10293912888 0.093788132071 0.085432007909 0.077645324171 0.070332430303 0.063468895853 0.057068184018 0.051163312048 
0.045795816928 0.041008260101 0.036838497967 0.033315882087 0.030459627509 0.028279261664 0.02677690424 0.025950569659 0.025797991082 
0.026320781559 0.027529811487 0.029453828931 0.032154675573 0.03575328365 0.040469616652 0.046675931662 0.054954882711 0.066142581403 
0.081321828067 0.10171628743 0.12843433022 0.16206376255 0.20227335393 0.24781864882 0.29747313261 0.35202413797 0.41633835435 
0.49911519885 0.60784721375 0.73836743832 0.85218840837 0.79149335623 0.67627006769 0.60122853518 0.5799612999 0.61108571291 
0.69577860832 0.83258390427 1.0015913248 1.2218130827 0.58316236734 0.30068010092 0.16090729833 0.089449591935 0.052073083818 
0.031706806272 0.01996300742 0.012805351056 0.0082709575072 0.0053468402475 0.0034599578939 0.0022583664395 0.0015167291276 0.0010918537155 
0.00089906615904 0.00022237085795 0.0002778879134 0.00040292585618 0.00062962051015 0.0010179161327 0.0016739448765 0.002782509895 0.0046616918407 
0.0078497808427 0.013234373182 0.022226786241 0.036965887994 0.06049612537 0.096792638302 0.15037557483 0.2249930948 0.32027995586 
0.42421934009 0.49897900224 0.47582769394 0.42949321866 0.40731781721 0.43836525083 0.55409133434 0.81412196159 1.389076829 
0.84225791693 0.58856779337 0.44274380803 0.34575998783 0.27596017718 0.22440220416 0.18635416031 0.15836538374 0.13755582273 
0.12160595506 0.10881052166 0.098029628396 0.088564775884 0.080020621419 0.072190031409 0.064973242581 0.058327943087 0.052240956575 
0.046713460237 0.041753243655 0.03737006709 0.033572707325 0.030366871506 0.027754340321 0.025733225048 0.024299457669 0.023449327797 
0.023182941601 0.02350888215 0.024450829253 0.026057682931 0.028419431299 0.0316914469 0.03612921387 0.0421330221 0.050296269357 
0.061440315098 0.076601393521 0.096913412213 0.1233228296 0.15612109005 0.19443871081 0.23609501123 0.27833521366 0.31963726878 
0.36174121499 0.40991902351 0.46957981586 0.53902423382 0.59786373377 0.59546744823 0.57101553679 0.56028020382 0.57799065113 
0.62911689281 0.71011191607 0.79837954044 0.83852905035 0.76989400387 0.49543613195 0.29215887189 0.16884362698 0.098747491837 
0.059325486422 0.036683190614 0.023183813319 0.014830068685 0.0095256846398 0.0061196354218 0.0039358967915 0.0025540892966 0.0017057989025 
0.0012217904441 0.0010027277749 0.00025915013975 0.00032492040191 0.00047349286615 0.00074415490963 0.001210760558 0.0020053074695 0.0033600446768 
0.0056792702526 0.0096559654921 0.016450708732 0.027947461233 0.047088187188 0.078260481358 0.12766212225 0.20346921682 0.31537216902 
0.47208303213 0.67108857632 0.85799813271 0.7278676033 0.59069335461 0.5095435977 0.50333607197 0.59404540062 0.83529001474 
1.3945976496 0.83477967978 0.57261735201 0.42511942983 0.33059704304 0.26447084546 0.21615372598 0.1803342402 0.15357537568 
0.13325329125 0.11734433472 0.1043863222 0.093404576182 0.083796158433 0.075210116804 0.067450806499 0.060410663486 0.054028950632 
0.048268824816 0.043105687946 0.03852160275 0.034502446651 0.031036321074 0.028112439439 0.025720655918 0.023851631209 0.022497942671 
0.021656112745 0.021329768002 0.021534306929 0.022303644568 0.023700425401 0.025831066072 0.028867777437 0.033078957349 0.038867708296 
0.04681353271 0.057702023536 0.072510086 0.09229055047 0.11788977683 0.14947462082 0.1859934032 0.22493571043 0.26290777326 
0.29725989699 0.32811021805 0.35910561681 0.3952960968 0.43821501732 0.48074412346 0.50884848833 0.53222370148 0.56519687176 
0.62051713467 0.70971959829 0.83587288857 0.96469050646 0.96909952164 0.72017800808 0.46855080128 0.28825041652 0.17462787032 
0.10637747496 0.065756238997 0.041282869875 0.026216836646 0.016746481881 0.010710805655 0.0068458109163 0.0043805623427 0.0028289780021 
0.0018808562309 0.0013417737791 0.0010983149987 0.00029680496664 0.0003729556629 0.00054529192857 0.00086015817942 0.0014050365426 0.0023370545823 
0.0039341808297 0.0066832276061 0.011424656957 0.01957953535 0.033486612141 0.056875817478 0.095501229167 0.15796712041 0.25685125589 
0.41050416231 0.64683127403 1.0159964561 1.6577566862 1.0764973164 0.77053201199 0.60541176796 0.54067444801 0.56185644865 
0.65906369686 0.78263312578 0.63339626789 0.48996794224 0.38357868791 0.30646514893 0.24928548932 0.20612469316 0.17329917848 
0.14814981818 0.12856763601 0.11290816218 0.099975377321 0.088963001966 0.079360693693 0.070858232677 0.063268654048 0.056475598365 
0.050401028246 0.04498751089 0.040189433843 0.03596893698 0.032294113189 0.029138047248 0.026478203014 0.024296104908 0.022577529773 
0.021313350648 0.020501293242 0.020148752257 0.020277157426 0.020928343758 0.022173963487 0.024129133672 0.026971848682 0.030969401821 
0.036511741579 0.044147867709 0.054612528533 0.06881480664 0.087738536298 0.112193048 0.14238630235 0.17741754651 0.21499678493 
0.25185099244 0.28508067131 0.31401753426 0.34127953649 0.37166500092 0.40890821815 0.45253822207 0.49893835187 0.54994797707 
0.61245566607 0.7011141181 0.84380924702 1.0812598467 1.4270626307 1.5693210363 0.84798979759 0.49399638176 0.2970944345 
0.18223114312 0.11342211813 0.071378819644 0.045276712626 0.028852311894 0.018412096426 0.011739399284 0.0074745840393 0.0047646742314 
0.0030660631601 0.0020317942835 0.0014453184558 0.0011809009593 0.00033369869925 0.0004197631788 0.00061464618193 0.00097100168932 0.0015882636653 
0.0026450869627 0.0044576255605 0.0075798779726 0.012969555333 0.022250570357 0.038110181689 0.064875990152 0.10933305323 0.18188776076 
0.29831558466 0.48264095187 0.77226108313 1.2286925316 1.9782875776 1.2922649384 0.8993703723 0.6745929718 0.56028705835 
0.52268612385 0.53314387798 0.54624515772 0.48560890555 0.40738537908 0.33666622639 0.27844792604 0.23173722625 0.19462099671 
0.16528260708 0.14205251634 0.12344340235 0.10823284835 0.095503926277 0.084619902074 0.075160995126 0.066855676472 0.059525091201 
0.053044855595 0.047321766615 0.042281012982 0.037859860808 0.034004792571 0.030670249835 0.027817996219 0.02541670762 0.023441812024 
0.021875681356 0.020708402619 0.019939310849 0.01957953535 0.01965585351 0.020216390491 0.021338894963 0.023142652586 0.025805203244 
0.029585054144 0.034850358963 0.042110800743 0.05204263702 0.065484263003 0.083361640573 0.10649182647 0.13523668051 0.16907292604 
0.20631246269 0.24434375763 0.28065019846 0.31434315443 0.34726840258 0.38359045982 0.42765212059 0.48143815994 0.54395234585 
0.61399078369 0.69433021545 0.80171477795 0.98596119881 1.3789693117 2.38641119 1.4020512104 0.81767433882 0.48680251837 
0.29793220758 0.18650259078 0.11828234047 0.075466006994 0.048247039318 0.030839528888 0.019679423422 0.012526684441 0.0079578226432 
0.005060933996 0.0032496955246 0.0021493653767 0.0015265219845 0.0012460128637 0.00036801659735 0.00046290105092 0.00067760713864 0.0010697228136 
0.001747649163 0.0029053490143 0.0048844558187 0.0082807159051 0.014119273983 0.024131530896 0.041174538434 0.06984398514 0.11735320091 
0.19480536878 0.31911867857 0.51611936092 0.8256726265 1.3107628822 2.0807943344 1.3762733936 0.95736896992 0.70798879862 
0.56667166948 0.49414283037 0.46076902747 0.43702208996 0.39564248919 0.34545683861 0.29611423612 0.25195202231 0.21415607631 
0.18261556327 0.15667128563 0.13541704416 0.11790515482 0.10329586267 0.09092772007 0.080318808556 0.071131639183 0.06312995404 
0.056142710149 0.050039246678 0.04471392557 0.040077783167 0.036054328084 0.032577525824 0.029590945691 0.027047308162 0.024908203632 
0.023144103587 0.021734679118 0.020669607446 0.019950013608 0.019590713084 0.019623547792 0.020102230832 0.0211093463 0.022766407579 
0.025247992948 0.028801007196 0.03376923874 0.040621370077 0.049975279719 0.062601931393 0.079378664494 0.10115233064 0.1284866631 
0.16133375466 0.19878974557 0.23920661211 0.28087922931 0.3231870234 0.36757323146 0.41753047705 0.47721028328 0.54915547371 
0.63225072622 0.72128301859 0.81088083982 0.9080029726 1.0472900867 1.3108351231 1.8982838392 1.1613008976 0.71951186657 
0.45067876577 0.28698462248 0.18493713439 0.1196699366 0.077351622283 0.049832507968 0.031976059079 0.02043369785 0.013007489964 
0.0082585159689 0.005248256959 0.0033677290194 0.002226350829 0.0015807449818 0.0012901155278 0.00039793751785 0.00049997254973 0.00073043059092 
0.0011499902466 0.0018721182132 0.0030981539749 0.0051793903112 0.0087222931907 0.014759716578 0.025017777458 0.042314101011 0.071129798889 
0.11841331422 0.19472174346 0.31594136357 0.50631523132 0.80603885651 1.2949222326 1.9925239086 1.3352280855 0.9428139925 
0.7045699954 0.56081426144 0.47464749217 0.42145395279 0.38220372796 0.34340816736 0.30361312628 0.26502910256 0.22953189909 
0.19807428122 0.17091658711 0.14785602689 0.12841613591 0.11201898009 0.09811335057 0.086239278316 0.076039746404 0.067244693637 
0.059647470713 0.053084410727 0.047420606017 0.0425411053 0.038346007466 0.034747932106 0.031670700759 0.029048789293 0.026827059686 
0.024960696697 0.023415498435 0.022168504074 0.021208953112 0.020539788529 0.02017965354 0.020165681839 0.020557420328 0.021442491561 
0.022944813594 0.025236336514 0.028553243726 0.033217072487 0.039659678936 0.048447337002 0.060292836279 0.076034739614 0.096556074917 
0.12262189388 0.15465588868 0.19255650043 0.23573441803 0.28354030848 0.33605277538 0.39486727118 0.46331909299 0.54570001364 
0.64524948597 0.7605086565 0.88041037321 0.98480951786 1.0599952936 1.1150529385 1.1406707764 1.1621205807 0.87139934301 
0.60000509024 0.40251240134 0.26828756928 0.17808391154 0.11745131761 0.076856210828 0.04990356788 0.032177697867 0.02062192373 
0.013149190694 0.008356959559 0.0053148902953 0.0034131417051 0.0022584428079 0.0016051345738 0.001310986001 0.00042181636672 0.0005288857501 
0.00077002774924 0.0012069552904 0.0019539708737 0.0032114647329 0.0053243013099 0.0088790887967 0.014859305695 0.024881167337 0.041534148157 
0.068847648799 0.11290316284 0.18262496591 0.29091644287 0.45786798 0.73685520887 1.3938821554 1.4398987293 1.1401215792 
0.85935771465 0.67006379366 0.54543268681 0.46070295572 0.40032875538 0.3535476923 0.31308755279 0.27611905336 0.24214015901 
0.21132840216 0.18388587236 0.15984670818 0.13904756308 0.12117797881 0.10586313903 0.092735104263 0.081471338868 0.071803815663 
0.063512474298 0.056413847953 0.050351303071 0.045188106596 0.040803216398 0.037088900805 0.033949308097 0.031299844384 0.029066817835 
0.027187477797 0.025610385463 0.024296164513 0.023218624294 0.022366171703 0.021743485704 0.021373400465 0.021299140528 0.021587288007 
0.022332035005 0.023661585525 0.025747669861 0.028819222003 0.033180803061 0.03923548758 0.047509413213 0.058671236038 0.073533207178 
0.093016050756 0.11806284636 0.14951112866 0.18798144162 0.23389601707 0.28774723411 0.35063406825 0.42489805818 0.51456075907 
0.6252644062 0.76303094625 0.92938190699 1.1098381281 1.262563467 1.3244768381 1.3330875635 1.1292244196 0.94170486927 
0.71680951118 0.51553064585 0.3601538837 0.24744553864 0.16774100065 0.11225435883 0.074222095311 0.048557456583 0.031481400132 
0.020255988464 0.012954112142 0.0082524400204 0.0052595036104 0.0033847184386 0.0022446627263 0.0015988934319 0.0013079171767 0.00043834646931 
0.00054806558182 0.00079429056495 0.0012377734529 0.001989711076 0.0032421243377 0.0053197983652 0.0087648648769 0.014468018897 0.023860929534 
0.039179738611 0.063796162605 0.10258615017 0.16225771606 0.25146329403 0.3804191947 0.56073755026 0.80780786276 0.95858311653 
0.87001717091 0.73581880331 0.62181913853 0.52853983641 0.45203968883 0.38948923349 0.33798319101 0.29462617636 0.25733292103 
0.22480732203 0.1962685138 0.17122915387 0.14934001863 0.13029383123 0.11378858984 0.09953058511 0.087248109281 0.076699838042 
0.067674696445 0.059987172484 0.05347187072 0.047979511321 0.043374273926 0.03953230381 0.036340799183 0.033697493374 0.03151037544 
0.029697692022 0.028188467026 0.026923462749 0.025856722146 0.024957511574 0.02421250008 0.023627880961 0.02323127538 0.023073459044 
0.023230250925 0.023805195466 0.024934083223 0.026792375371 0.029606724158 0.03367157653 0.039370976388 0.04720447585 0.05781314522 
0.071998223662 0.090721689165 0.11507970095 0.14625325799 0.18546961248 0.23404370248 0.29358059168 0.36637112498 0.45592299104 
0.56755584478 0.70914524794 0.89190500975 1.1291344166 1.4266809225 1.7414947748 1.7615263462 1.9071654081 1.2226006985 
0.87709355354 0.63862651587 0.45894435048 0.32456830144 0.22603563964 0.15504108369 0.10478253663 0.069857142866 0.046018626541 
0.030005827546 0.01939708367 0.012453535572 0.0079610086977 0.0050904024392 0.0032867870759 0.0021872834768 0.0015632653376 0.001281725592 
0.00044667645125 0.00055658648489 0.00080223823898 0.0012417169055 0.0019799186848 0.0031948909163 0.0051818522625 0.0084229661152 0.013692078181 
0.022201647982 0.035790715367 0.05713339895 0.089909486473 0.13880836964 0.20909970999 0.30522209406 0.42736789584 0.56405639648 
0.66877251863 0.6763433218 0.64233988523 0.59210675955 0.52344638109 0.45110780001 0.38500443101 0.32858121395 0.28169819713 
0.24288386106 0.21046283841 0.18301694095 0.1595018059 0.13919572532 0.12159837037 0.10634470731 0.093150950968 0.08178421855 
0.072045132518 0.06375669688 0.05675746128 0.050897374749 0.046035848558 0.042040906847 0.038788925856 0.036164496094 0.034060295671 
0.032377231866 0.031024795026 0.029922163114 0.029000045732 0.028203364462 0.027494551614 0.026856906712 0.026297643781 0.025850037113 
0.025574643165 0.025559904054 0.02592292428 0.026811748743 0.028410578147 0.030949451029 0.034719660878 0.040095668286 0.047563329339 
0.057752426714 0.071469604969 0.089725762606 0.11375334114 0.14501695335 0.18523986638 0.23649385571 0.30140992999 0.38352632523 
0.48768404126 0.62029951811 0.78967142105 1.0085464716 1.3096565008 1.8106456995 2.7624256611 2.3073198795 1.5841485262 
1.1043980122 0.79004275799 0.56941914558 0.40849888325 0.29006692767 0.20330661535 0.14044784009 0.095607697964 0.064186520875 
0.04255752638 0.027911052108 0.018136622384 0.011698819697 0.0075113405474 0.0048235687427 0.0031282685231 0.0020913546905 0.0015012832591 
0.0012345836731 0.0004464694066 0.00055421487195 0.00079399452079 0.0012199343182 0.0019284036243 0.0030800113454 0.0049354559742 0.0079107284546 
0.012657130137 0.020168472081 0.031908765435 0.049935039133 0.076956264675 0.11621361971 0.17098000646 0.24335637689 0.33196270466 
0.42846146226 0.51442754269 0.56938397884 0.60324704647 0.60913836956 0.54246711731 0.45938101411 0.38355585933 0.32060062885 
0.27003446221 0.22968405485 0.19718612731 0.17053757608 0.14825043082 0.12930729985 0.11304005235 0.099008686841 0.086911030114 
0.076523989439 0.06766833365 0.060188539326 0.053941946477 0.048793431371 0.044613111764 0.041275646538 0.038660168648 0.036650422961 
0.035134870559 0.034006968141 0.033165898174 0.032518278807 0.031981155276 0.031486291438 0.030985489488 0.030455954373 0.029904920608 
0.029372474179 0.028932265937 0.028690364212 0.028783451766 0.029378093779 0.030673241243 0.032907951623 0.036376249045 0.04145026952 
0.048612076789 0.05849352479 0.071921624243 0.08996643126 0.11398898065 0.14569376409 0.18720677495 0.24122729897 0.31131902337 
0.40235233307 0.52085775137 0.67440247536 0.86804461479 1.0971813202 1.3663098812 1.9759407043 1.7931678295 1.551460743 
1.2145115137 0.91175419092 0.67274707556 0.49123302102 0.35508331656 0.25374880433 0.17897096276 0.12443809211 0.085274010897 
0.057630471885 0.038456592709 0.025374351069 0.016581702977 0.010753220879 0.0069402414374 0.0044802133925 0.0029213461094 0.0019639690872 
0.0014173372183 0.0011697181035 0.00043790554628 0.00054137594998 0.00077064486686 0.0011750265257 0.0018410891062 0.0029104785062 0.0046082371846 
0.0072851553559 0.011477178894 0.017981812358 0.027943983674 0.042929794639 0.064943917096 0.096315443516 0.13934351504 0.19558946788 
0.26482447982 0.34412753582 0.42877349257 0.51775670052 0.62053906918 0.72362405062 0.59436309338 0.47264882922 0.37952101231 
0.30959329009 0.25658079982 0.2158395052 0.18394330144 0.15838223696 0.13739429414 0.11980233341 0.10484629869 0.09203928709 
0.08106186986 0.071692198515 0.063762634993 0.057134024799 0.051681011915 0.047284174711 0.043826125562 0.041190076619 0.039259515703 
0.037918373942 0.037051074207 0.036542773247 0.036280054599 0.036153066903 0.036059830338 0.035912740976 0.035646930337 0.03522894904 
0.034664157778 0.034000929445 0.033330895007 0.032785244286 0.032529000193 0.032755825669 0.033686541021 0.035574492067 0.038720078766 
0.043496377766 0.050386507064 0.060032226145 0.07329185307 0.091304466128 0.1155577749 0.14796382189 0.19096654654 0.24775123596 
0.32268592715 0.42214182019 0.55565392971 0.73647338152 0.97598010302 1.2470101118 1.2756291628 1.3481403589 1.2621707916 
1.1165510416 0.92166608572 0.72351330519 0.5501371026 0.40952020884 0.29990720749 0.21640957892 0.15386746824 0.10777064413 
0.07437517494 0.050611805171 0.033998824656 0.022577116266 0.014844991267 0.0096850413829 0.0062883733772 0.00408422295 0.0026799829211 
0.0018134047277 0.0013166544959 0.001091033686 0.00042163667968 0.00051906506997 0.00073403364513 0.0011105865706 0.0017250003293 0.0026998976246 
0.004226109013 0.0065944883972 0.010239270516 0.015792164952 0.024141160771 0.036479115486 0.054314818233 0.079406276345 0.11357221752 
0.15837320685 0.21480344236 0.28355580568 0.36739093065 0.47919294238 0.66769325733 1.1250162125 0.66124486923 0.47011432052 
0.36270219088 0.29120340943 0.23964142799 0.20085151494 0.17078509927 0.14685003459 0.12733213603 0.11110152304 0.097417905927 
0.08579544723 0.075911656022 0.067546471953 0.060541313142 0.054771702737 0.050129152834 0.046510148793 0.043810110539 0.04192089662 
0.040730386972 0.040122780949 0.039978399873 0.040173184127 0.040578439832 0.041062798351 0.041497603059 0.041766468436 0.041778229177 
0.041481077671 0.040874868631 0.040018089116 0.03902766481 0.03807143122 0.037356022745 0.037114433944 0.037598390132 0.039080023766 
0.041866369545 0.04632890597 0.052948940545 0.062377881259 0.075509227812 0.093557223678 0.11813598871 0.15133845806 0.1958386451 
0.25511091948 0.3339779973 0.4398753345 0.5856705308 0.79668962955 1.1327100992 1.7742716074 1.2945216894 1.104722023 
0.97269868851 0.84488928318 0.7054014802 0.56571185589 0.43931511045 0.33282092214 0.24714168906 0.18030634522 0.12937486172 
0.091353081167 0.063523761928 0.043541882187 0.029455255717 0.019693696871 0.013035958633 0.0085615236312 0.0055962763727 0.003659711685 
0.0024184610229 0.0016482588835 0.0012047612108 0.0010027188109 0.00039870347246 0.00048872450134 0.00068654544884 0.0010307971388 0.0015875470126 
0.0024612711277 0.0038114413619 0.0058760559186 0.0090029230341 0.013687863946 0.020615737885 0.030695116147 0.045071292669 0.06509758532 
0.092247791588 0.12797780335 0.17362041771 0.23055583239 0.30106863379 0.38991630077 0.50284475088 0.62090146542 0.50780826807 
0.4015866518 0.32231473923 0.26403605938 0.2201756686 0.18617166579 0.15909317136 0.13709549606 0.11898198724 0.10392458737 
0.091319270432 0.080721072853 0.071809969842 0.064363099635 0.058226186782 0.05328636989 0.049450028688 0.04662727192 0.044723369181 
0.043635774404 0.043254394084 0.043462764472 0.044137395918 0.045145109296 0.046339951456 0.047563027591 0.048648439348 0.049436688423 
0.049794718623 0.049639161676 0.048957306892 0.047819625586 0.046379547566 0.044859796762 0.043529517949 0.042679674923 0.042605102062 
0.043600469828 0.045974828303 0.05008713156 0.056403338909 0.065572477877 0.078515946865 0.096520684659 0.12132404 0.15518002212 
0.20092339814 0.26212123036 0.34349492192 0.45179048181 0.59732490778 0.79843878746 1.1039757729 1.7016917467 1.1688529253 
0.92435890436 0.774915874 0.65606617928 0.5453389883 0.44088852406 0.34679964185 0.26623865962 0.20007517934 0.1474827528 
0.10678327829 0.076021611691 0.053271625191 0.036786209792 0.025065727532 0.016878793016 0.011252366938 0.0074432138354 0.0049008019269 
0.0032288432121 0.0021500841249 0.001476675272 0.0010869947728 0.00090888445266 0.00037042814074 0.00045210149256 0.00063088926254 0.00094010285102 
0.0014360648347 0.0022065064404 0.0033829670865 0.0051579512656 0.0078072068281 0.011716431007 0.017409719527 0.025574211031 0.037072103471 
0.05292859301 0.074284344912 0.10230689496 0.13806976378 0.18241861463 0.2357544601 0.29714730382 0.36057579517 0.40342581272 
0.37317374349 0.32303547859 0.27568361163 0.23614494503 0.20350623131 0.17576695979 0.15178839862 0.13118635118 0.11377149075 
0.099256537855 0.087243072689 0.077316217124 0.069126740098 0.06242261827 0.057038273662 0.052864335477 0.049816239625 0.047811187804 
0.046756289899 0.046546231955 0.047066815197 0.04819874838 0.049816805869 0.051782194525 0.053932413459 0.056075185537 0.057992994785 
0.059461254627 0.060279320925 0.060308925807 0.059510815889 0.057968251407 0.055888220668 0.053577970713 0.051403667778 0.049744140357 
0.048955436796 0.049357771873 0.05125072971 0.054958309978 0.060902934521 0.069703005254 0.082283698022 0.099985823035 0.12465409189 
0.15868929029 0.20508384705 0.26754468679 0.35082793236 0.46085596085 0.60204267502 0.76511412859 0.90482342243 1.0346494913 
0.88258802891 0.73273974657 0.61335009336 0.51395690441 0.42530104518 0.34476408362 0.2731064558 0.21150523424 0.16036070883 
0.11920495331 0.086990483105 0.062394987792 0.04404039681 0.030629167333 0.02101922594 0.014255631715 0.0095729213208 0.0063794092275 
0.0042323390953 0.0028101692442 0.0018861907301 0.0013057491742 0.00096812244738 0.00081327231601 0.00033829369931 0.00041109838639 0.00056989130098 
0.00084293063264 0.0012775016949 0.0019462514902 0.0029563193675 0.004461647477 0.0066785523668 0.0099039347842 0.01453427691 0.021081762388 
0.030181739479 0.042583331466 0.059112243354 0.080590754747 0.10769248754 0.14069059491 0.17899875343 0.22025460005 0.25854757428 
0.28231158853 0.27827978134 0.26015642285 0.23897774518 0.21857270598 0.19813294709 0.17607919872 0.15339623392 0.13208541274 
0.11356259137 0.098263226449 0.085941396654 0.076089657843 0.068222828209 0.061992801726 0.057189304382 0.053691312671 0.05141344294 
0.050268169492 0.050148807466 0.050930526108 0.052482184023 0.054678093642 0.057397853583 0.060508802533 0.063839934766 0.067162178457 
0.070187389851 0.072592005134 0.07406475395 0.074370294809 0.073414191604 0.071288451552 0.068278856575 0.064826540649 0.061454191804 
0.058679435402 0.056948252022 0.056608829647 0.057930141687 0.061163235456 0.06664005667 0.074899844825 0.086825482547 0.10376702249 
0.12762926519 0.16091427207 0.20677796006 0.2693336606 0.35463353992 0.47229352593 0.6336055994 0.82363963127 0.80024796724 
0.76830363274 0.67658889294 0.57645088434 0.48628407717 0.40695112944 0.33607143164 0.27255278826 0.21654324234 0.16846419871 
0.12840665877 0.095987193286 0.070448629558 0.05082507804 0.036088649184 0.025254072621 0.017441967502 0.011908784509 0.0080529078841 
0.0054055103101 0.0036132100504 0.0024176598527 0.001635567518 0.0011411610758 0.00085209315876 0.00071905978257 0.00030382329714 0.00036762582022 
0.00050630205078 0.00074344384484 0.0011181574082 0.0016897692112 0.0025444456842 0.003803856438 0.0056357826106 0.0082660680637 0.011990481056 
0.017183845863 0.0243022535 0.033872056752 0.04645645991 0.062585763633 0.082630559802 0.10658992082 0.13376286626 0.16229347885 
0.18872562051 0.20827700198 0.21772508323 0.22142438591 0.22347022593 0.22335125506 0.21592569351 0.19653613865 0.17021587491 
0.14354656637 0.12045802176 0.10211429 0.088098280132 0.077478066087 0.069402471185 0.063302308321 0.058868646622 0.055949278176 
0.054446790367 0.054252073169 0.055218543857 0.05717074126 0.05993533507 0.063373692334 0.0673873052 0.071879550815 0.076695643365 
0.081573985517 0.08613178134 0.089894466102 0.092367611825 0.09314147383 0.092005938292 0.089041747153 0.08464808017 0.079483553767 
0.074335858226 0.069953426719 0.06692057848 0.065614536405 0.066237919033 0.068909950554 0.073802992702 0.081306956708 0.092194646597 
0.10775388032 0.12985798717 0.16097533703 0.2042222023 0.26386973262 0.34745398164 0.47248974442 0.69004124403 1.1921060085 
0.78241592646 0.63709002733 0.54411530495 0.465095222 0.39422774315 0.33013355732 0.27219423652 0.22036990523 0.17493893206 
0.13612671196 0.10387346148 0.07779058069 0.057234350592 0.041418291628 0.029517123476 0.020743753761 0.014396860264 0.0098835360259 
0.0067236823961 0.0045426329598 0.0030573878903 0.002060495317 0.0014042854309 0.00098704732955 0.00074192800093 0.00062876066659 0.00026846898254 
0.00032347210799 0.00044262732263 0.00064532691613 0.00096343900077 0.0014447506983 0.0021576858126 0.0031972706784 0.0046921442263 0.006812020205 
0.0097744455561 0.013848902658 0.019355243072 0.026652256027 0.036110643297 0.048063233495 0.062725134194 0.080082014203 0.09976413101 
0.12096898258 0.14258359373 0.16377335787 0.18520069122 0.20971859992 0.2384095788 0.2655749917 0.27567145228 0.25131976604 
0.21051099896 0.16969911754 0.13633416593 0.11163761467 0.094111435115 0.081717796624 0.072839871049 0.066498316824 0.062219265848 
0.059806108475 0.059144876897 0.060086078942 0.062402613461 0.065811857581 0.070047058165 0.074942305684 0.080460861325 0.086611494422 
0.093315452337 0.10030106455 0.10706349462 0.1128988564 0.1170090884 0.11866708845 0.1174172461 0.11326208711 0.1067519635 
0.098906435072 0.090990662575 0.08416159451 0.079225413501 0.076583303511 0.076309889555 0.078304313123 0.082484796643 0.089003384113 
0.098442994058 0.11194881797 0.13125573099 0.15860551596 0.1966252178 0.2484087646 0.31823760271 0.41295832396 0.54013872147 
0.68148094416 0.59736484289 0.5177616477 0.45205149055 0.39154696465 0.33397239447 0.2797563374 0.22983723879 0.18511727452 
0.14616963267 0.11319302022 0.086028940976 0.064230464399 0.047160901129 0.034094549716 0.024299858138 0.017097288743 0.01189274434 
0.0081910500303 0.0055955532007 0.0037991914432 0.0025713294744 0.0017434797483 0.0011958887335 0.00084606680321 0.00063973042415 0.00054421147797 
0.00023352231074 0.00028019872843 0.00038099652738 0.0005516189849 0.00081766792573 0.0012171251001 0.0018036552938 0.0026506301947 0.0038556046784 
0.0055447178893 0.0078761009499 0.011040918529 0.015260179527 0.020775286481 0.027830675244 0.03664907068 0.04740563035 0.060220018029 
0.075208686292 0.092670038342 0.11349096894 0.13979272544 0.17550876737 0.22575682402 0.29281377792 0.36732697487 0.41326263547 
0.3621558547 0.28360930085 0.21362403035 0.16182570159 0.12673549354 0.10378290713 0.088682495058 0.078489355743 0.071591548622 
0.067300997674 0.065392978489 0.065755411983 0.06818587333 0.072317391634 0.077656753361 0.083733335137 0.0903147012 0.097517475486 
0.10561020672 0.11472046375 0.1246258989 0.13467442989 0.14382196963 0.15077386796 0.15422472358 0.15319162607 0.14740222692 
0.13757021725 0.12531930208 0.11284749955 0.10208514333 0.094201974571 0.08959069103 0.088082291186 0.089220382273 0.09254437685 
0.097866632044 0.10550318658 0.11639790982 0.13209226727 0.15453222394 0.18575465679 0.22756195068 0.28126487136 0.34698283672 
0.41987544298 0.47693669796 0.46075347066 0.42790442705 0.39650386572 0.35227966309 0.30232125521 0.25273302197 0.20598861575 
0.16421346366 0.12827381492 0.098296098411 0.073976419866 0.054744392633 0.039888240397 0.028655298054 0.020325059071 0.014254359528 
0.0098988078535 0.0068168258294 0.0046626646072 0.0031736642122 0.0021555013955 0.0014678526204 0.0010118072387 0.00071960123023 0.00054677709704 
0.00046661816305 0.00020005161059 0.00023907088325 0.00032308019581 0.00046461680904 0.00068397272844 0.0010109575232 0.0014871767489 0.0021686907858 
0.0031287865713 0.0044604139403 0.0062776166014 0.0087151005864 0.011925133877 0.016071662307 0.021323608235 0.027854308486 0.035863939673 
0.045659136027 0.05784869194 0.073738060892 0.096000082791 0.12960655987 0.18271452188 0.26656249166 0.39225575328 0.55907934904 
0.71431422234 0.55797624588 0.39435857534 0.27367410064 0.19455842674 0.1456373781 0.11601678282 0.097755804658 0.086020685732 
0.078410148621 0.074048534036 0.072766758502 0.074523709714 0.07907667011 0.085841365159 0.093924842775 0.10239963233 0.11084157974 
0.1197411567 0.12996819615 0.14211913943 0.15614485741 0.17123608291 0.18586942554 0.19796927273 0.20519311726 0.20541895926 
0.19755853713 0.18239031732 0.16251422465 0.14214664698 0.12477245182 0.11213534325 0.10448492318 0.10117119551 0.10116319358 
0.10345590115 0.10741018504 0.11301022768 0.12097398937 0.13266524673 0.14980997145 0.17407234013 0.20657803118 0.24743683636 
0.29497715831 0.34296953678 0.37131935358 0.34549480677 0.32433497906 0.35061091185 0.3365432024 0.29025813937 0.24494628608 
0.19787178934 0.1553786993 0.1194665134 0.090123735368 0.066795885563 0.048710878938 0.035009689629 0.024842111394 0.017433168367 
0.012119280174 0.0083594601601 0.005729730241 0.0039083622396 0.0026576935779 0.0018061231822 0.0012322424445 0.00085186236538 0.00060801568907 
0.00046365481103 0.00039664041833 0.0001688698394 0.00020102529379 0.00027006037999 0.00038585424772 0.00056429143297 0.00082849920727 0.0012104014168 
0.0017524494324 0.0025092950091 0.003549055662 0.0049537252635 0.0068183168769 0.0092487400398 0.012359775603 0.016277717426 0.02115916647 
0.027250329033 0.035032514483 0.045529771596 0.060887210071 0.085346102715 0.12670809031 0.19822515547 0.320546031 0.52359080315 
0.85542625189 1.4531080723 0.84672093391 0.52464449406 0.33690547943 0.22724953294 0.16446951032 0.12877887487 0.10786353052 
0.094840705395 0.08659298718 0.082235775888 0.081852987409 0.085634849966 0.093379825354 0.10421780497 0.11652665585 0.12831881642 
0.13854159415 0.14865350723 0.16088695824 0.17679147422 0.1967009753 0.21967488527 0.24358119071 0.26521468163 0.28045445681 
0.28473058343 0.27469176054 0.25082182884 0.21697850525 0.18232364953 0.15355966985 0.13316491246 0.12078510225 0.11478257179 
0.11318576336 0.11422286183 0.11668304354 0.12016642094 0.12516416609 0.13291409612 0.14505271614 0.16315485537 0.18827730417 
0.22058194876 0.25866755843 0.2950116396 0.29504153132 0.18731468916 0.017947958782 0.02285171859 0.26709938049 0.24607628584 
0.24194954336 0.20136576891 0.15638665855 0.11814154685 0.087491795421 0.063629969954 0.045524377376 0.032109554857 0.022378068417 
0.015445228666 0.010579872876 0.0072065154091 0.0048896302469 0.0033098438289 0.002238844987 0.0015167599777 0.0010335608386 0.0007147557335 
0.00051092379726 0.00039040844422 0.00033449140028 0.00014052998449 0.0001666724711 0.00022264946892 0.00031615339685 0.00045947986655 0.00067038985435 
0.00097316200845 0.001399712055 0.0019905904774 0.0027956040576 0.0038737943396 0.0052926857024 0.00712734228 0.0094614829868 0.012396731414 
0.016084045172 0.020806150511 0.02716505155 0.036466810852 0.051447637379 0.077545955777 0.12496057153 0.21156513691 0.36585944891 
0.62712872028 1.0417484045 1.6999971867 0.99088734388 0.60025334358 0.37602069974 0.2486359179 0.17816187441 0.13963265717 
0.11775467545 0.10422507674 0.095627605915 0.091442875564 0.092351004481 0.09907515347 0.11169882864 0.12913019955 0.14854519069 
0.16545681655 0.17653557658 0.18609322608 0.19941906631 0.21977262199 0.24811883271 0.2834649384 0.32305768132 0.36232715845 
0.39442312717 0.40962231159 0.39837545156 0.36049225926 0.29929989576 0.23802274466 0.18972817063 0.15701401234 0.13755482435 
0.12769295275 0.12392988056 0.12344393134 0.12433416396 0.12577922642 0.12804910541 0.1322965771 0.14016053081 0.15330858529 
0.17306192219 0.2002119571 0.23503696918 0.27607434988 0.30840590596 0.26573675871 0.022031674162 0.0037210334558 0.010060490109 
0.016471583396 0.21052055061 0.2095066905 0.16492071748 0.12294190377 0.089418448508 0.063739612699 0.044636271894 0.030793778598 
0.020990690216 0.014179754071 0.0095194363967 0.0063673784025 0.0042527839541 0.002841576701 0.0019027035451 0.0012795672519 0.00086772278883 
0.00059848185629 0.00042742281221 0.00032668208587 0.00028003790067 0.00011534343503 0.00013632624177 0.00018114545674 0.00025572744198 0.00036949623609 
0.00053597218357 0.00077348493505 0.0011059010867 0.001563224243 0.0021818911191 0.0030046349857 0.0040800096467 0.0054623950273 0.0072150602937 
0.0094228312373 0.0122290859 0.015927402303 0.021165976301 0.029369222 0.043556746095 0.069862380624 0.12020941824 0.21650132537 
0.3951856792 0.70491147041 1.1752581596 1.6675035954 0.97231793404 0.59538525343 0.37655729055 0.25154015422 0.18319189548 
0.14677615464 0.12640911341 0.11346591264 0.10487299412 0.10099023581 0.10356291384 0.11432671547 0.13422706723 0.16253831983 
0.19502438605 0.22155101597 0.22976376116 0.23389728367 0.24582016468 0.27118313313 0.31158295274 0.36609327793 0.43164590001 
0.50269973278 0.56941050291 0.61183327436 0.6023671627 0.54436659813 0.42462071776 0.31336119771 0.23311671615 0.18231675029 
0.15321521461 0.13832201064 0.13182641566 0.12957154214 0.12888999283 0.12853331864 0.12855705619 0.13002838194 0.13458575308 
0.14401520789 0.1599752605 0.18388319016 0.21720831096 0.26209706068 0.31974732876 0.37324008346 0.33738330007 0.11921866238 
0.017858749256 0.020676748827 0.23467212915 0.23139202595 0.18074980378 0.13312523067 0.095228515565 0.066534519196 0.045564189553 
0.030695831403 0.020418256521 0.013459114358 0.0088223787025 0.0057694693096 0.0037750385236 0.0024774714839 0.0016342765884 0.0010861657793 
0.00073017890099 0.00050064356765 0.00035628330079 0.0002718406904 0.00023289219826 9.3413575087e-05 0.00011005103443 0.00014550988271 0.00020431319717 
0.00029362217174 0.00042365284753 0.00060816266341 0.00086493237177 0.0012161389459 0.0016885070363 0.0023131861817 0.0031255374197 0.004165683873 
0.0054823243991 0.007145926822 0.0092850942165 0.0121748643 0.016433564946 0.023435266688 0.036138620228 0.060715548694 0.10969189554 
0.20772774518 0.40131941438 0.77651363611 1.521938324 1.155710578 0.78222203255 0.51391613483 0.33969524503 0.23582811654 
0.17911173403 0.14967007935 0.13320790231 0.12184375525 0.11346334964 0.10979734361 0.11412790418 0.12980249524 0.15971788764 
0.20553050935 0.26379936934 0.31418004632 0.30572608113 0.29254299402 0.29813557863 0.32905349135 0.38651049137 0.46979987621 
0.57635200024 0.70148974657 0.83686423302 0.94601929188 0.93954956532 0.87166279554 0.60637223721 0.40514433384 0.27879950404 
0.20547056198 0.16535356641 0.14491760731 0.13543146849 0.13131466508 0.1291885823 0.12744542956 0.12595187128 0.1256339401 
0.12798207998 0.13475309312 0.14792694151 0.16937997937 0.20097480714 0.24514919519 0.30527043343 0.38143599033 0.44848611951 
0.43442952633 0.39069455862 0.3401736021 0.32704526186 0.26970604062 0.20488861203 0.14884026349 0.10459537804 0.071534983814 
0.047854732722 0.031455852091 0.020401583984 0.013108064421 0.0083754528314 0.0053421175107 0.0034135347232 0.0021921675652 0.0014188826317 
0.00092822429724 0.00061628466938 0.00041868671542 0.00029609992635 0.00022507316316 0.00019249401521 7.4677765951e-05 8.771733701e-05 0.00011545326561 
0.0001613090426 0.00023068592418 0.00033125473419 0.00047329321387 0.0006700141239 0.00093781232135 0.0012963592308 0.0017685312778 0.0023803662043 
0.0031617996283 0.0041502839886 0.005402429495 0.0070252362639 0.0092513607815 0.012607195415 0.018267514184 0.028775127605 0.049467068166 
0.091231055558 0.17554718256 0.34290570021 0.6690890193 1.3306831121 0.85903823376 0.59202849865 0.40836817026 0.28440847993 
0.20905421674 0.16901291907 0.1491857022 0.13779257238 0.12836878002 0.12008012831 0.11622112244 0.12179154158 0.14211933315 
0.18336810172 0.25400304794 0.36290052533 0.49365124106 0.41180115938 0.3565979898 0.34959352016 0.38770309091 0.46894487739 
0.59354877472 0.76048904657 0.96777170897 1.2309088707 1.5197466612 1.470050931 1.5419056416 0.8192461133 0.48565587401 
0.31251704693 0.21992565691 0.17092695832 0.14592777193 0.1338250488 0.12805221975 0.12482109666 0.12236873806 0.1204649508 
0.11977104098 0.1211899966 0.12597416341 0.13667820394 0.15580353141 0.18533235788 0.22706347704 0.28269293904 0.35202553868 
0.4254335165 0.47198876739 0.47167870402 0.44197866321 0.39600765705 0.32181453705 0.24074327946 0.17109008133 0.11726927757 
0.078170970082 0.050976183265 0.032672759145 0.02066604048 0.012948656455 0.008067435585 0.0050175879151 0.0031278473325 0.0019619334489 
0.0012427817564 0.00079787737923 0.00052157288883 0.0003500765888 0.00024540972663 0.00018547748914 0.00015818071552 5.8951398387e-05 6.9057765359e-05 
9.0517496574e-05 0.00012590266124 0.00017926021246 0.00025631865719 0.000364726322 0.00051428325241 0.00071711733472 0.0009877596749 0.0013431216357 
0.0018025313038 0.0023884072434 0.0031291570049 0.0040681608953 0.0052875434048 0.0069651249796 0.0095008742064 0.013780425303 0.021694278345 
0.03710340336 0.067472815514 0.12602949142 0.23235483468 0.40252512693 0.60051000118 0.51845872402 0.4096340239 0.30903276801 
0.23128135502 0.18301725388 0.15939992666 0.14783003926 0.14002031088 0.1315921694 0.12283899635 0.118147403 0.1236724332 
0.14605027437 0.19425311685 0.28656941652 0.47443881631 0.95149797201 0.5291031003 0.40247908235 0.38554531336 0.43650519848 
0.54976308346 0.7309666872 0.98140352964 1.2832214832 1.7477997541 2.6627073288 2.1152131557 1.3035537004 0.78505086899 
0.48369067907 0.31335604191 0.21889680624 0.16761535406 0.14063696563 0.12695963681 0.12008944154 0.11640009284 0.1143854335 
0.11399556696 0.11544529349 0.1178625375 0.12033604085 0.12748774886 0.14351159334 0.1707290858 0.21049267054 0.26365232468 
0.3295328021 0.40278384089 0.46931770444 0.51257872581 0.52939289808 0.50494462252 0.41645228863 0.29631477594 0.20050230622 
0.13221152127 0.085375733674 0.054156936705 0.03384893015 0.020906653255 0.012798656709 0.0077908993699 0.0047330628149 0.002881444525 
0.0017656135606 0.0010937605985 0.00068808242213 0.00044197481475 0.00029243950848 0.00020278787997 0.0001521314407 0.00012924666225 4.5968896302e-05 
5.3717878473e-05 7.014755829e-05 9.7177166026e-05 0.00013782063616 0.00019633474585 0.00027839106042 0.00039124541217 0.00054387253476 0.00074703618884 
0.0010132984025 0.0013570780866 0.0017951533664 0.0023486809805 0.0030493447557 0.0039554843679 0.0051904497668 0.0070266495459 0.010055987164 
0.015507958829 0.025783225894 0.045187860727 0.080432407558 0.13916055858 0.22227048874 0.30467659235 0.31870484352 0.31011173129 
0.25839847326 0.20484131575 0.17347720265 0.16216903925 0.15125019848 0.1407520324 0.13009412587 0.11977597326 0.11373093724 
0.11770207435 0.13741527498 0.17900162935 0.25078070164 0.36168751121 0.49577757716 0.41968396306 0.37481340766 0.38694292307 
0.46135520935 0.61237633228 0.86801892519 1.2493773699 1.5770900249 2.0741045475 1.7841620445 1.4202324152 0.99262541533 
0.65491580963 0.42779806256 0.28695505857 0.2036242336 0.1560229063 0.12975227833 0.1157669425 0.10860926658 0.10548547655 
0.10586316139 0.11067087948 0.11977277696 0.12764719129 0.12446677685 0.1235756278 0.13371489942 0.15764650702 0.19616346061 
0.25015279651 0.3203432858 0.4053966403 0.4995880723 0.59365922213 0.67550754547 0.704208076 0.62249863148 0.38443815708 
0.23530754447 0.14648006856 0.091198720038 0.056290809065 0.034383803606 0.020800024271 0.012482765131 0.0074495663866 0.0044348617084 
0.0026439705398 0.0015858260449 0.00096175738145 0.00059295684332 0.00037401056034 0.00024367919832 0.00016692462668 0.00012414933008 0.00010499150812 
3.541935439e-05 4.1298790165e-05 5.3748954087e-05 7.4192641478e-05 0.0001048613849 0.00014890296734 0.00021050772921 0.00029503612313 0.00040912654367 
0.00056076236069 0.00075929996092 0.0010155228665 0.001341962372 0.0017541408306 0.0022743237205 0.0029413145967 0.0038335511927 0.0051188608631 
0.0071520409547 0.010645915754 0.016927212477 0.028216490522 0.047672886401 0.078638732433 0.12276542932 0.17950420082 0.26342874765 
0.36186799407 0.29901525378 0.22596035898 0.19779999554 0.2007586062 0.1709549427 0.14313274622 0.12367908657 0.11005184799 
0.10264547169 0.10474393517 0.11987771094 0.15076684952 0.19883669913 0.26079067588 0.31709837914 0.31862175465 0.32294631004 
0.36028146744 0.45079544187 0.62586784363 0.9627981782 1.7184457779 1.9085776806 1.5129108429 1.2520563602 0.99441581964 
0.73315107822 0.51405668259 0.35406792164 0.24708840251 0.17958064377 0.13876467943 0.11501789838 0.10181141645 0.095239825547 
0.093982994556 0.099644750357 0.11626141518 0.14569880068 0.17332603037 0.15075133741 0.12962515652 0.12768366933 0.14589963853 
0.18277093768 0.23887839913 0.31688159704 0.41942581534 0.54643136263 0.69520795345 0.85862517357 1.0002549887 1.2088856697 
0.51946896315 0.26705363393 0.1545137018 0.092923089862 0.056115623564 0.033688381314 0.020064948127 0.011862203479 0.0069721601903 
0.0040847864002 0.0023941048421 0.0014102532296 0.00083945842925 0.00050806329818 0.00031493685674 0.00020206175395 0.00013668142492 0.0001007243045 
8.4756720753e-05 2.6975141736e-05 3.1390445656e-05 4.0730483306e-05 5.6043179939e-05 7.8971046605e-05 0.00011182997696 0.00015770313621 0.00022053903376 
0.00030523911119 0.00041772157419 0.00056495773606 0.00075501581887 0.00099724193569 0.0013029390248 0.0016874141293 0.0021753173787 0.002813126659 
0.0036955992691 0.0050159641542 0.0071488982067 0.010763040744 0.016929771751 0.027186674997 0.043803572655 0.072099648416 0.14043708146 
0.50234144926 0.62445783615 0.44766816497 0.29400649667 0.26707985997 0.32366091013 0.22315919399 0.15040230751 0.11330568045 
0.094730630517 0.086512804031 0.087516456842 0.0986802876 0.12051326036 0.15205900371 0.18933348358 0.22317942977 0.24321864545 
0.26718124747 0.31295070052 0.39642474055 0.53589183092 0.75217550993 1.0391925573 1.1387746334 1.0220037699 0.86723345518 
0.69973790646 0.53460389376 0.39204984903 0.28215822577 0.20418691635 0.15206488967 0.11878933758 0.098429568112 0.086714759469 
0.08135741204 0.082901656628 0.096433036029 0.1334451586 0.20910269022 0.31351235509 0.21455726027 0.1472877264 0.12451829016 
0.13405925035 0.16766358912 0.22406862676 0.30697122216 0.4214964509 0.56973934174 0.74970912933 0.95416915417 1.1280910969 
1.2916671038 0.52656459808 0.26067700982 0.14816753566 0.088161729276 0.052782531828 0.031428359449 0.018561290577 0.010874237865 
0.0063280262984 0.0036662188359 0.0021219307091 0.0012325540883 0.00072265078779 0.00043055595597 0.00026281777536 0.0001662576251 0.00011112145876 
8.1153855717e-05 6.7949105869e-05 2.0313309506e-05 2.3595766834e-05 3.0533490644e-05 4.1893188609e-05 5.8876379626e-05 8.3177430497e-05 0.00011705395445 
0.00016340259754 0.00022583070677 0.00030871431227 0.00041723772301 0.00055742845871 0.00073625071673 0.00096193468198 0.001244974439 0.0016007366357 
0.0020555329975 0.0026592975482 0.0035089680459 0.0047852150165 0.0067984750494 0.010032625869 0.015214484185 0.023733608425 0.039894577116 
0.079989619553 0.21894726157 0.71166855097 0.48430490494 0.32570198178 0.34350296855 0.54942762852 0.29217773676 0.15209037066 
0.097193308175 0.075732298195 0.068197570741 0.069227986038 0.077788263559 0.093360595405 0.11471194774 0.13936923444 0.16381320357 
0.18644982576 0.21433447301 0.2568154037 0.32261368632 0.41835001111 0.54313510656 0.67107200623 0.72227144241 0.68024003506 
0.59428071976 0.49108952284 0.38685649633 0.29408818483 0.21942819655 0.16378861666 0.12467887998 0.09845943749 0.081671215594 
0.07171741873 0.0675477162 0.071098946035 0.090517997742 0.14747467637 0.30001944304 0.74835455418 0.30557119846 0.16110664606 
0.117362082 0.11912736297 0.1481398046 0.20067326725 0.2802541852 0.39269348979 0.54012942314 0.7169957757 0.91253721714 
1.0912693739 1.1551033258 0.4544710815 0.22497622669 0.12916524708 0.077438652515 0.046542465687 0.027738666162 0.016361117363 
0.0095557151362 0.0055345338769 0.0031861711759 0.0018293148605 0.0010523151141 0.00061011698563 0.00035910549923 0.00021648606344 0.00013532888261 
8.9511086117e-05 6.4848252805e-05 5.4051753978e-05 1.5130552129e-05 1.7546724848e-05 2.2649946914e-05 3.09973002e-05 4.346192145e-05 6.1275874032e-05 
8.6082938651e-05 0.00011999710841 0.00016566066188 0.00022629500018 0.00030573940603 0.00040848087519 0.00053970090812 0.00070541771129 0.00091291620629 
0.0011718838941 0.0014970578486 0.0019136981573 0.0024674464948 0.0032391492277 0.0043620974757 0.0060378867202 0.0085741551593 0.01261581108 
0.020202744752 0.038074996322 0.084697887301 0.19563631713 0.2308254689 0.18583185971 0.20962020755 0.48694476485 0.18472723663 
0.10402294993 0.069176547229 0.054781958461 0.050517462194 0.05246443674 0.059467189014 0.070919543505 0.085972957313 0.10341530293 
0.12210375071 0.14231455326 0.16735616326 0.20175649226 0.24932999909 0.31114780903 0.38200053573 0.44500896335 0.47159126401 
0.45345619321 0.40571826696 0.34340953827 0.27800443769 0.21778377891 0.16740575433 0.12823627889 0.099481038749 0.079360626638 
0.065933659673 0.057653900236 0.053998868912 0.056588117033 0.071058705449 0.10904243588 0.18553608656 0.29028958082 0.19074957073 
0.12152526528 0.095012538135 0.098600782454 0.12354648858 0.16793546081 0.23475033045 0.32871931791 0.45115935802 0.59562146664 
0.77218037844 1.1571401358 0.61532694101 0.30485069752 0.17054635286 0.10303006321 0.063261583447 0.038530677557 0.023147167638 
0.013715269975 0.0080266688019 0.0046485201456 0.0026707211509 0.0015274867183 0.00087378610624 0.00050299131544 0.00029358183383 0.00017539378314 
0.00010866356752 7.1294532972e-05 5.1323248044e-05 4.2623825721e-05 1.1152531442e-05 1.2913840692e-05 1.6631822291e-05 2.2708309189e-05 3.1773386581e-05 
4.4716936827e-05 6.2728089688e-05 8.7340085884e-05 0.0001204764776 0.00016449419491 0.00022221913969 0.0002969726047 0.00039259722689 0.00051351176808 
0.00066487095319 0.00085299694911 0.001086397795 0.0013778728899 0.0017482420662 0.0022317338735 0.0028817311395 0.0037753698416 0.005026917439 
0.0068738828413 0.010042728856 0.016729166731 0.031817257404 0.060189317912 0.083576321602 0.080080151558 0.091394945979 0.11996681988 
0.085413433611 0.058646574616 0.04323675856 0.036849945784 0.035926159471 0.038709819317 0.044581275433 0.053188972175 0.064105287194 
0.076843857765 0.091147363186 0.10751989484 0.12758219242 0.1533484906 0.1860973388 0.22503139079 0.26567047834 0.29876679182 
0.31281638145 0.30374523997 0.27663859725 0.23913358152 0.19823566079 0.1592759937 0.12550731003 0.098260223866 0.077494733036 
0.062416594476 0.051968764514 0.045215986669 0.041770108044 0.042413651943 0.04981277138 0.068257525563 0.099273122847 0.12752577662 
0.10377417505 0.078822620213 0.069625459611 0.076412931085 0.096882820129 0.13063339889 0.17915487289 0.24389265478 0.3222720027 
0.40190240741 0.4618987143 0.48873609304 0.31695812941 0.19175250828 0.1204584986 0.076893039048 0.048578921705 0.030115604401 
0.018313761801 0.010945518501 0.0064437310211 0.0037453838158 0.0021553472616 0.0012324817944 0.00070371181937 0.00040372696822 0.00023456725467 
0.0001393869461 8.5873951321e-05 5.604981925e-05 4.0181988879e-05 3.329210449e-05 8.1387224782e-06 9.4105744211e-06 1.2094110389e-05 1.6477015379e-05 
2.3010639779e-05 3.2333093259e-05 4.5298525947e-05 6.3011095335e-05 8.6861124146e-05 0.00011856029596 0.00016017266898 0.00021413843206 0.00028329153429 
0.00037087942474 0.00048061099369 0.0006167901447 0.0007846460212 0.00099102931563 0.0012456416152 0.0015627468238 0.0019627898 0.0024732518941 
0.0031319197733 0.0040121115744 0.0053266142495 0.0076828044839 0.012309473008 0.02016344294 0.028261758387 0.031364727765 0.03782985732 
0.044277038425 0.038603071123 0.030597303063 0.02567008324 0.024168450385 0.025203464553 0.028230445459 0.033049799502 0.039536971599 
0.04753505066 0.056901440024 0.06765871495 0.08018451184 0.095245637 0.11362872273 0.13552244008 0.15981039405 0.18347141147 
0.20162536204 0.20917984843 0.20411844552 0.18834017217 0.16566309333 0.14011394978 0.11500459164 0.092539608479 0.073819480836 
0.059086512774 0.048041690141 0.040128849447 0.034775670618 0.031642552465 0.030921719968 0.03355807066 0.04080330953 0.052003066987 
0.06061161682 0.055584672838 0.049075435847 0.048754233867 0.05642343685 0.071973785758 0.095450207591 0.12706196308 0.16596610844 
0.20808136463 0.24337115884 0.2565613091 0.236842677 0.17414550483 0.12038319558 0.081943497062 0.054595734924 0.035406347364 
0.022362504154 0.013795317151 0.0083378972486 0.0049511627294 0.0028964083176 0.0016743453452 0.00096016551834 0.00054898258531 0.00031498828321 
0.00018283640384 0.00010846375517 6.6686094215e-05 4.3439136789e-05 3.1092466088e-05 2.5738820113e-05 5.8838472796e-06 6.7939381552e-06 8.7134358182e-06 
1.1846735106e-05 1.6514713934e-05 2.3171507564e-05 3.2426043617e-05 4.5067441533e-05 6.2092702137e-05 8.4734696429e-05 0.00011448800069 0.0001531297894 
0.0002027341543 0.00026568051544 0.00034466237412 0.00044271233492 0.0005632773391 0.00071039260365 0.00088900321862 0.001105394098 0.0013675154187 
0.001684928895 0.0020692432299 0.0025403839536 0.0031528146937 0.004056152422 0.0055427355692 0.0078504849225 0.010533405468 0.012734136544 
0.015777464956 0.018365021795 0.017778513953 0.016220998019 0.015520686284 0.016079626977 0.017781529576 0.020539555699 0.024341719225 
0.029178405181 0.035021483898 0.041861407459 0.049776278436 0.058988746256 0.069828279316 0.082525655627 0.096892103553 0.11198891699 
0.12594643235 0.13618807495 0.14029890299 0.13726682961 0.12787906826 0.11407116055 0.098106198013 0.08198979497 0.0671691522 
0.054471816868 0.044199232012 0.036283370107 0.030445976183 0.026341989636 0.023697732016 0.022450366989 0.022819843143 0.025081135333 
0.028753425926 0.031664535403 0.03138840571 0.031086644158 0.033653564751 0.040248125792 0.051151473075 0.066395223141 0.085620783269 
0.10740239918 0.12836997211 0.14271305501 0.14362803102 0.1284596622 0.10173907876 0.075765550137 0.054101984948 0.037176460028 
0.024663830176 0.015865685418 0.0099376738071 0.0060827918351 0.0036497768015 0.0021531768143 0.0012531409739 0.00072248087963 0.00041481718654 
0.00023877677449 0.00013893925643 8.2577709691e-05 5.0847615057e-05 3.3165782952e-05 2.3766575396e-05 1.968916331e-05 4.2168830987e-06 4.8625115596e-06 
6.2237709244e-06 8.4447747213e-06 1.1751921193e-05 1.6465966837e-05 2.3017692001e-05 3.1966632378e-05 4.402193008e-05 6.006395779e-05 8.11651189e-05 
0.00010860754264 0.00014389558055 0.00018876173999 0.00024516516714 0.00031528560794 0.00040151976282 0.00050649122568 0.00063308625249 0.00078449962894 
0.00096422672505 0.0011759147746 0.0014233023394 0.0017116416711 0.0020540114492 0.0024854240473 0.0030743635725 0.0038891951554 0.00489574112 
0.0059992121533 0.0073686768301 0.0086006298661 0.0090948343277 0.0093584209681 0.0099389282987 0.011037704535 0.012697449885 0.014951529913 
0.017839495093 0.021388972178 0.025616541505 0.030548801646 0.036249559373 0.042829193175 0.050402503461 0.058974456042 0.068280927837 
0.077647730708 0.08595892787 0.091838724911 0.094086296856 0.09218749404 0.08650264889 0.078037001193 0.068056561053 0.057757105678 
0.048063304275 0.039559267461 0.032513674349 0.026953304186 0.022749725729 0.019702464342 0.017616070807 0.016369145364 0.015948059037 
0.016370045021 0.017437310889 0.018545847386 0.019231006503 0.020414836705 0.023132925853 0.02794788219 0.035063907504 0.044432524592 
0.0556024611 0.067401602864 0.077688336372 0.083544626832 0.08237221092 0.07388625294 0.060885611922 0.047135327011 0.034669976681 
0.024391626939 0.016510209069 0.010808935389 0.0068751419894 0.0042646089569 0.0025882718619 0.0015420098789 0.00090508948779 0.00052571063861 
0.00030385164428 0.0001759652514 0.00010296736582 6.1521444877e-05 3.8070338633e-05 2.4945509722e-05 1.7945014406e-05 1.4901514078e-05 2.9984537377e-06 
3.4528002288e-06 4.4104699555e-06 5.9723306549e-06 8.296937267e-06 1.1609167814e-05 1.6211482944e-05 2.2497559257e-05 3.0967719795e-05 4.2245308578e-05 
5.7092875068e-05 7.6426666055e-05 0.00010132759053 0.00013304667664 0.00017300342734 0.00022277527023 0.00028407818172 0.00035873934394 0.000448663719 
0.0005557925324 0.00068204081617 0.00082920136629 0.00099888595287 0.0011928738095 0.0014146970352 0.0016731263604 0.001985527575 0.0023737531155 
0.0028492244892 0.0034158634953 0.0040947725065 0.0047854571603 0.0053680702113 0.0059677883983 0.0067451950163 0.0077896974981 0.0091525260359 
0.010878792964 0.013008720241 0.015572842211 0.01859498769 0.022101668641 0.026130214334 0.030723802745 0.035900201648 0.041589971632 
0.047560803592 0.053362883627 0.058340884745 0.06175083667 0.062976501882 0.061754874885 0.058266226202 0.053046565503 0.046806689352 
0.040253218263 0.033964719623 0.02833545953 0.023574361578 0.019737258554 0.016772808507 0.014570014551 0.013002262451 0.011964757927 
0.011396206915 0.011263254099 0.0114982659 0.011965857819 0.012623023242 0.013779831119 0.015812320635 0.018966097385 0.023333063349 
0.028826894239 0.035083789378 0.041336353868 0.046387150884 0.048848193139 0.047729708254 0.043131999671 0.03629552573 0.02873775363 
0.021583732218 0.015482023358 0.010670036077 0.007102212403 0.0045857755467 0.0028830454685 0.0017709181411 0.0010665102163 0.00063220027369 
0.0003706116986 0.00021611317061 0.00012624512601 7.4510004197e-05 4.489678031e-05 2.8011196264e-05 1.8494478354e-05 1.3389221749e-05 1.1161183465e-05 
2.1172766083e-06 2.4346818464e-06 3.10352425e-06 4.1939129005e-06 5.8161281231e-06 8.1267162386e-06 1.1336534953e-05 1.572054498e-05 2.162905912e-05 
2.9499893571e-05 3.9870708861e-05 5.339044219e-05 7.0828609751e-05 9.3080721854e-05 0.00012116833386 0.0001562313555 0.0001995114726 0.00025232497137 
0.00031602539821 0.0003919575247 0.0004814050626 0.00058553973213 0.00070540362503 0.00084203120787 0.00099692249205 0.0011730364058 0.001375939115 
0.0016138259089 0.0018957565771 0.0022310598288 0.0026276661083 0.0030698406044 0.0035430393182 0.0040863859467 0.0047534820624 0.0055871806107 
0.006623539608 0.0078961402178 0.0094342846423 0.011261289939 0.013395897113 0.015855329111 0.018655925989 0.021805861965 0.025285115466 
0.02901324816 0.032815039158 0.036402378231 0.039393324405 0.041381269693 0.042043473572 0.041245296597 0.039083909243 0.035852268338 
0.031952168792 0.027799190953 0.023749686778 0.02006133832 0.016884723678 0.014276104979 0.012221107259 0.010661516339 0.0095208222046 
0.0087260352448 0.0082225371152 0.007976395078 0.0079630538821 0.0081632882357 0.0086029572412 0.0094023961574 0.010705602355 0.012613856234 
0.01515349932 0.018240209669 0.021626705304 0.0248617623 0.027317756787 0.028345506638 0.027548201382 0.025021562353 0.02131728828 
0.017138462514 0.01308419928 0.0095421234146 0.0066837654449 0.0045179766603 0.0029594483785 0.0018854978262 0.0011725275544 0.00071434426354 
0.00042815954657 0.00025374459801 0.00014959357213 8.836757479e-05 5.2751158364e-05 3.2150648622e-05 2.0283212507e-05 1.3530685465e-05 9.8794462247e-06 
8.2774859038e-06 1.4861967657e-06 1.7065103748e-06 2.1706366624e-06 2.9270036066e-06 4.0518280002e-06 5.6534072428e-06 7.8777875387e-06 1.0915745406e-05 
1.5010879906e-05 2.0468494768e-05 2.7664817026e-05 3.7055811845e-05 4.9184764066e-05 6.4687425038e-05 8.4293358668e-05 0.00010882204515 0.00013917197066 
0.00017630173534 0.00022120287758 0.00027486629551 0.00033824739512 0.00041223934386 0.00049767323071 0.00059538136702 0.00070638256148 0.00083223660477 
0.00097550381906 0.0011400710791 0.001331158448 0.0015551579418 0.0018185580848 0.0021245887037 0.002478777431 0.0028990954161 0.0034090650734 
0.0040321904235 0.0047914716415 0.0057087689638 0.006803191267 0.008090114221 0.0095813423395 0.01128537301 0.013205767609 0.015335187316 
0.01764359884 0.020062118769 0.022468287498 0.024682072923 0.026481753215 0.02764336206 0.027995690703 0.027470214292 0.026122422889 
0.024115836248 0.02167930454 0.019056677818 0.016464898363 0.014068474993 0.011970815249 0.01021845825 0.0088129034266 0.007725473959 
0.0069121862762 0.0063268081285 0.0059307361953 0.0056982017122 0.0056166592985 0.0056873587891 0.0059334672987 0.0064063044265 0.0071639618836 
0.0082457503304 0.0096506215632 0.01131360326 0.013081951067 0.014706008136 0.015868106857 0.016266155988 0.015734113753 0.014329154044 
0.012307578698 0.010009364225 0.0077447649091 0.005729642231 0.0040719718672 0.0027918950655 0.0018539447337 0.0011966794264 0.00075356476009 
0.00046475604177 0.00028199297958 0.00016922396026 0.00010106967966 6.0518334067e-05 3.663541429e-05 2.2645184799e-05 1.4482900042e-05 9.7830670711e-06 
7.2164789344e-06 6.0829265749e-06 1.0381864968e-06 1.1902764072e-06 1.5105946432e-06 2.032411885e-06 2.8081194614e-06 3.9122246562e-06 5.4453248595e-06 
7.5390385064e-06 1.0361765817e-05 1.4125110283e-05 1.9090648493e-05 2.5576613552e-05 3.3963890019e-05 4.4700544095e-05 5.8304005506e-05 7.5359654147e-05 
9.6514893812e-05 0.0001224676671 0.00015394938237 0.00019170351152 0.00023646414047 0.00028894140269 0.0003498250444 0.00041982307448 0.00049975386355 
0.00059070787393 0.00069426704431 0.00081273337128 0.00094931124477 0.0011082073906 0.0012944838963 0.001513686846 0.0017730513355 0.0020833972376 
0.0024579118472 0.0029107860755 0.0034564344678 0.0041085234843 0.0048788967542 0.0057768365368 0.0068086492829 0.0079770144075 0.0092791151255 
0.010702591389 0.012219008058 0.013776089065 0.015291985124 0.01665600203 0.01773971878 0.018419086933 0.01860261336 0.018255831674 
0.017411740497 0.016163203865 0.014641493559 0.012989557348 0.011338381097 0.0097912084311 0.0084167839959 0.007250117138 0.0062981927767 
0.005548056215 0.0049753808416 0.0045522875153 0.0042536649853 0.0040614395402 0.003966704011 0.0039706612006 0.0040856632404 0.0043340073898 
0.0047394256108 0.0053155496716 0.0060536540113 0.0069100353867 0.0077962749638 0.0085797943175 0.0091033969074 0.0092270821333 0.0088800797239 
0.0080939112231 0.0069907964207 0.005736369174 0.0044881319627 0.0033616905566 0.002420228906 0.0016812297981 0.0011309880065 0.00073945848271 
0.00047165268916 0.00029469904257 0.00018123650807 0.00011031427857 6.6884378612e-05 4.0689046727e-05 2.5038347303e-05 1.5732372049e-05 1.0220886907e-05 
7.0025621426e-06 5.2245259212e-06 4.4331791287e-06 7.2257307693e-07 8.2710931792e-07 1.0472168697e-06 1.4056520286e-06 1.9382707706e-06 2.6961058666e-06 
3.7481404433e-06 5.1847637224e-06 7.1218482844e-06 9.7053443824e-06 1.3116201444e-05 1.7575346646e-05 2.3348340619e-05 3.074918277e-05 4.0142680518e-05 
5.1944633015e-05 6.6619082645e-05 8.4672064986e-05 0.00010664174624 0.00013308580674 0.00016456877347 0.00020165395108 0.00024490675423 0.00029491831083 
0.00035235821269 0.0004180620017 0.00049315363867 0.00057918956736 0.00067831017077 0.0007933761226 0.0009280522936 0.0010868594982 0.0012754526688 
0.0015009422787 0.0017715927679 0.0020963242278 0.0024841448758 0.002943454776 0.0034813445527 0.0041030016728 0.0048111658543 0.0056053390726 
0.0064803175628 0.0074237040244 0.0084124738351 0.0094094574451 0.010361474007 0.011201203801 0.01185435988 0.01225196477 0.012344934046 
0.012116241269 0.011586026289 0.010807760991 0.0098571991548 0.0088181626052 0.0077692936175 0.0067746010609 0.0058787711896 0.0051067294553 
0.0044662784785 0.0039524002932 0.0035521141253 0.0032491029706 0.0030276251491 0.0028754291125 0.0027855308726 0.0027569660451 0.0027946291957 
0.0029076235369 0.0031051402912 0.0033907149918 0.0037557552569 0.0041734012775 0.0045949504711 0.00495221233 0.0051688267849 0.0051803407259 
0.0049565993249 0.0045146564953 0.0039133806713 0.0032332476694 0.0025529556442 0.0019326963229 0.001407619915 0.00098971254192 0.00067413231591 
0.00044643148431 0.00028855033452 0.00018282383098 0.0001141178509 7.0578156738e-05 4.3529504183e-05 2.6962241463e-05 1.6900250557e-05 1.0813708286e-05 
7.1465328801e-06 4.9709346968e-06 3.753331157e-06 3.2068003293e-06 5.0166033816e-07 5.7328287539e-07 7.2404833418e-07 9.6947087513e-07 1.3340090845e-06 
1.8525021233e-06 2.5720985377e-06 3.5546668187e-06 4.879664175e-06 6.6474049163e-06 8.9826089607e-06 1.2038075511e-05 1.5998219169e-05 2.1082174499e-05 
2.7546049751e-05 3.5683864553e-05 4.582672409e-05 5.8339774114e-05 7.3616967711e-05 9.207410767e-05 0.00011414175242 0.00014026081772 0.00017088526511 
0.00020649645012 0.0002476349182 0.00029495242052 0.000349285634 0.00041174801299 0.00048383377725 0.0005675253924 0.00066538742976 0.00078064145055 
0.00091724196682 0.0010799007723 0.0012739374069 0.0015050006332 0.0017786861863 0.002100078389 0.0024732737802 0.0029009189457 0.0033837254159 
0.0039198100567 0.0045037050731 0.0051249247044 0.0057662623003 0.0064023262821 0.0069992104545 0.0075162639841 0.0079105319455 0.0081435516477 
0.0081889247522 0.0080384546891 0.0077046183869 0.007218525745 0.006624147296 0.0059706801549 0.0053051821887 0.0046670180745 0.0040847850032 
0.0035756262951 0.0031463599298 0.0027957209386 0.0025170624722 0.0023010501172 0.002138028387 0.0020198728889 0.0019412161782 0.0018999915337 
0.0018972473918 0.0019360737642 0.0020194700919 0.0021474056412 0.0023135493975 0.0025024404749 0.0026883215178 0.0028370872606 0.0029123036657 
0.0028846058995 0.0027413198259 0.0024915756658 0.0021637764294 0.0017967820168 0.0014293490676 0.0010920695495 0.0008037147345 0.00057155784452 
0.00039407465374 0.00026437905035 0.00017327905516 0.00011145637836 7.0720358053e-05 4.4522636017e-05 2.7986947316e-05 1.7682828911e-05 1.1307834029e-05 
7.3765440902e-06 4.9624864005e-06 3.5054174532e-06 2.6786126455e-06 2.3041709483e-06 3.4782388525e-07 3.9679804331e-07 4.9986061867e-07 6.675657005e-07 
9.1656215773e-07 1.2705851304e-06 1.7617911681e-06 2.4324390324e-06 3.3369008179e-06 4.5439737733e-06 6.139429388e-06 8.2286996985e-06 1.093953324e-05 
1.4424468645e-05 1.8862798242e-05 2.4461805879e-05 3.1456926081e-05 4.0110589907e-05 5.070975385e-05 6.3562336436e-05 7.8993522038e-05 9.7343734524e-05 
0.00011897044169 0.00014425738482 0.00017363387451 0.00020760670304 0.00024680569186 0.00029204195016 0.00034437535214 0.00040518617607 0.00047624064609 
0.00055974017596 0.00065834308043 0.00077513814904 0.00091353850439 0.00107709656 0.001269248547 0.0014930089237 0.0017506409204 0.0020433159079 
0.0023707365617 0.0027306661941 0.003118312452 0.0035255514085 0.0039401315153 0.0043451557867 0.0047192852944 0.0050380816683 0.0052766944282 
0.0054136035033 0.0054345978424 0.0053358655423 0.0051251896657 0.0048208269291 0.00444842875 0.0040369280614 0.0036144456826 0.0032050695736 
0.0028269179165 0.0024915132672 0.0022042186465 0.0019653707277 0.0017717572628 0.0016181588871 0.0014987542527 0.0014082639245 0.0013427460799 
0.0012999832397 0.0012794127688 0.0012815524824 0.0013069040142 0.0013544670073 0.0014201417798 0.0014954614453 0.0015672732843 0.0016189621529 
0.0016334751854 0.0015976305585 0.0015062403399 0.0013641427504 0.0011850034352 0.00098743278068 0.00079023616854 0.00060860917438 0.0004522180825 
0.00032512258622 0.00022690831975 0.00015429181803 0.0001026395912 6.7110988311e-05 4.3356023525e-05 2.7832853448e-05 1.7861191736e-05 1.1527065908e-05 
7.5270754678e-06 5.007924301e-06 3.4292443161e-06 2.4590656267e-06 1.9007134142e-06 1.6455680907e-06 2.4109729679e-07 2.7455720897e-07 3.4495153045e-07 
4.5945313332e-07 6.2938374867e-07 8.7089847511e-07 1.2059093706e-06 1.6632546931e-06 2.2801066279e-06 3.1036047403e-06 4.1926787162e-06 5.6200010476e-06 
7.4739709817e-06 9.8606315078e-06 1.2905319636e-05 1.675391286e-05 2.1573454433e-05 2.755200876e-05 3.4897722799e-05 4.3837248086e-05 5.4614069086e-05 
6.7487693741e-05 8.2735205069e-05 0.00010065707465 0.00012158899335 0.00014592152729 0.00017412823217 0.00020680166199 0.00024469566415 0.00028876960278 
0.00034022820182 0.00040054868441 0.00047148438171 0.0005550335627 0.00065336178523 0.00076867523603 0.00090304901823 0.0010582221439 0.001235370175 
0.0014348641271 0.0016560018994 0.0018967008218 0.0021531328093 0.0024193301797 0.0026868449058 0.0029446352273 0.0031793820672 0.0033764282707 
0.0035213720985 0.0036021301057 0.0036110337824 0.003546400927 0.0034131002612 0.003221917199 0.0029878937639 0.0027280934155 0.0024593302514 
0.0021963098552 0.0019504406955 0.0017293526325 0.0015370277688 0.0013743562158 0.0012399285333 0.0011309045367 0.0010438362369 0.00097536295652 
0.00092271511676 0.00088398781372 0.00085814925842 0.00084476865595 0.00084347481607 0.00085322733503 0.00087155419169 0.00089399586432 0.000914041535 
0.00092380290153 0.00091546837939 0.0008832377498 0.00082507688785 0.00074352265801 0.00064511084929 0.00053866149392 0.00043315361836 0.00033596047433 
0.00025188899599 0.00018305615231 0.00012935964332 8.9217217464e-05 6.0304882936e-05 4.0137605538e-05 2.6440966394e-05 1.7333057258e-05 1.1368193555e-05 
7.498721061e-06 5.0004146033e-06 3.3916044231e-06 2.3620775664e-06 1.7178423377e-06 1.3419075913e-06 1.1686277048e-06 1.6722854923e-07 1.9009459606e-07 
2.3818743955e-07 3.1638228393e-07 4.3237915293e-07 5.9717501699e-07 8.2570363702e-07 1.1376480415e-06 1.5584256516e-06 2.1203416054e-06 2.8638880849e-06 
3.8391599446e-06 5.1073252507e-06 6.7420892265e-06 8.8310380306e-06 1.1476761756e-05 1.4797628864e-05 1.8928138161e-05 2.4018780096e-05 3.0235543818e-05 
3.7759349652e-05 4.6785942686e-05 5.7527184254e-05 7.0214708103e-05 8.5107298219e-05 0.00010250273772 0.00012275484914 0.00014629532234 0.00017365902022 
0.0002055100631 0.00024266431865 0.00028610226582 0.00033696598257 0.00039653250133 0.00046615794417 0.0005471915938 0.00064086040948 0.00074813159881 
0.00086955883307 0.0010051161516 0.0011540205451 0.0013145374833 0.001483779517 0.0016575142508 0.0018300447846 0.0019942440558 0.0021418458782 
0.002264061477 0.0023525184952 0.0024004026782 0.0024035614915 0.0023613125086 0.0022767004557 0.0021561365575 0.0020084865391 0.0018438536208 
0.0016723112203 0.0015028370544 0.001342591946 0.0011965800077 0.0010676558595 0.00095678732032 0.00086347060278 0.00078621605644 0.00072302378248 
0.00067179912003 0.00063067104202 0.00059818074806 0.00057332473807 0.00055544317001 0.00054396770429 0.00053807621589 0.0005363386008 0.00053647253662 
0.00053534290055 0.00052930001402 0.00051485013682 0.00048950716155 0.00045252795098 0.00040522645577 0.00035070130252 0.00029307880322 0.00023656900157 
0.00018466134497 0.0001396619773 0.00010260635463 7.3454561061e-05 5.1427865401e-05 3.5360539187e-05 2.3986671295e-05 1.6130898075e-05 1.080698803e-05 
7.2465018093e-06 4.8842739488e-06 3.3233743579e-06 2.2952074232e-06 1.6235056819e-06 1.1958223922e-06 9.4299014108e-07 8.2551758851e-07 1.1615569662e-07 
1.3180081737e-07 1.6469660125e-07 2.1815998252e-07 2.9743324603e-07 4.1000990336e-07 5.660784268e-07 7.7908714502e-07 1.0664341517e-06 1.4502804788e-06 
1.9584763322e-06 2.6255836474e-06 3.4939591842e-06 4.614862064e-06 6.0495149228e-06 7.8700622907e-06 1.0160334568e-05 1.3016375306e-05 1.6546708139e-05 
2.0872370442e-05 2.6126899684e-05 3.2456591725e-05 4.002150672e-05 4.8997844715e-05 5.9582427639e-05 7.1999755164e-05 8.6512089183e-05 0.00010343227041 
0.00012313816114 0.00014608744823 0.00017282912449 0.00020400890207 0.00024036332616 0.00028269915492 0.00033185418579 0.00038863913505 0.00045376073103 
0.00052773056086 0.00061076215934 0.00070266227704 0.00080271571642 0.00090957002249 0.0010211275658 0.0011344603263 0.001245787018 0.0013505469542 
0.0014436246129 0.0015197442845 0.001574019203 0.0016025824007 0.0016031767009 0.001575566479 0.0015216546599 0.0014452716568 0.0013516735053 
0.001246870379 0.0011369175045 0.0010273059597 0.00092252629111 0.00082584132906 0.00073925114702 0.00066361011704 0.00059884251095 0.00054420827655 
0.00049857544946 0.00046066837967 0.00042926520109 0.00040332705248 0.0003820474958 0.00036481831921 0.00035112144542 0.00034037264413 0.00033175954013 
0.00032413526787 0.00031602414674 0.00030577895814 0.00029187856126 0.00027329084696 0.00024977646535 0.00022200627427 0.0001914321474 0.00015995401191 
0.00012950484233 0.00010169047164 7.7574557508e-05 5.7629502408e-05 4.1817998863e-05 2.9744969652e-05 2.0822195438e-05 1.4406563423e-05 9.8948239611e-06 
6.7746432251e-06 4.6413724704e-06 3.1928445878e-06 2.21319101e-06 1.5535243847e-06 1.1140715515e-06 8.2976737303e-07 6.5972125185e-07 5.8015228888e-07 
8.0841729755e-08 9.1567621041e-08 1.1411331258e-07 1.507395524e-07 2.0502166365e-07 2.8207503533e-07 3.8886281573e-07 5.3458961702e-07 7.3118457067e-07 
9.9387477803e-07 1.3418455183e-06 1.7989751768e-06 2.3946320198e-06 3.1645017771e-06 4.1514113036e-06 5.4061069932e-06 6.9879401963e-06 8.9654195108e-06 
1.1416616871e-05 1.4429447219e-05 1.8101900423e-05 2.2542410079e-05 2.7870641134e-05 3.4219021472e-05 4.1735398554e-05 5.0587201258e-05 6.0967144236e-05 
7.3100469308e-05 8.7252905359e-05 0.00010373836994 0.00012292445172 0.00014523346908 0.00017113640206 0.0002011374163 0.00023574670195 0.00027544153272 
0.00032061565435 0.00037151935976 0.0004281924048 0.00049039401347 0.00055753166089 0.00062859442551 0.00070209795376 0.00077605305705 0.00084797694581 
0.00091496860841 0.00097386603011 0.0010214945069 0.00105498638 0.0010721330764 0.0010716994293 0.0010536366608 0.0010191330221 0.0009704894037 
0.00091084063752 0.00084378081374 0.00077296746895 0.00070176884765 0.00063300388865 0.00056879251497 0.00051051465562 0.00045885753934 0.00041392439744 
0.00037537928438 0.00034260173561 0.00031483368366 0.00029130119947 0.00027130110539 0.00025424515479 0.0002396585478 0.00022713952058 0.00021629220282 
0.00020665547345 0.00019765524485 0.00018860684941 0.00017878283688 0.00016753847012 0.00015446158068 0.00013949348067 0.00012297034846 0.00010556202324 
8.8126231276e-05 7.1528374974e-05 5.6483568187e-05 4.3459884182e-05 3.2654228562e-05 2.4027001928e-05 1.7370246496e-05 1.2383484318e-05 8.7389107648e-06 
6.1271425693e-06 4.2827123252e-06 2.9931557037e-06 2.0972770471e-06 1.477766773e-06 1.0520043361e-06 7.6334248433e-07 5.7395578779e-07 4.5953311201e-07 
4.0566774828e-07 5.6402914339e-08 6.3776070647e-08 7.9269476316e-08 1.0442780507e-07 1.4169536655e-07 1.945724506e-07 2.6782902296e-07 3.6777947798e-07 
5.0262116247e-07 6.8283867449e-07 9.2167380217e-07 1.2356547359e-06 1.6451749616e-06 2.1751109216e-06 2.8554479741e-06 3.7218985653e-06 4.8164729378e-06 
6.1879882196e-06 7.8924886111e-06 9.9935950857e-06 1.2562821212e-05 1.5679954231e-05 1.9433622583e-05 2.3922284527e-05 2.9255777918e-05 3.5557648516e-05 
4.29683314e-05 5.1648967201e-05 6.1785496655e-05 7.3592360422e-05 8.7314554548e-05 0.00010322674643 0.00012162780331 0.00014282941993 0.00016713750665 
0.00019482642529 0.00022610569431 0.00026108141174 0.00029971337062 0.00034177085035 0.0003867901687 0.00043403726886 0.00048248146777 0.00053078820929 
0.00057734036818 0.00062029849505 0.00065770809306 0.0006876521511 0.00070843816502 0.00071879441384 0.0007180403336 0.00070619565668 0.00068400229793 
0.0006528502563 0.0006146208616 0.00057147705229 0.00052563956706 0.00047918327618 0.00043388144695 0.00039110946818 0.00035180934356 0.00031650482561 
0.00028535581077 0.00025823561009 0.00023481853714 0.00021466592443 0.00019730115309 0.00018226649263 0.00016915755987 0.00015763359261 0.00014740608458 
0.00013821292669 0.00012978786253 0.00012183919898 0.00011404915131 0.0001061002331 9.7725249361e-05 8.8765984401e-05 7.9219054896e-05 6.9248555519e-05 
5.9156951465e-05 4.9321777624e-05 4.01184152e-05 3.1852254324e-05 2.471676089e-05 1.8782691768e-05 1.401328791e-05 1.0294716958e-05 7.470566743e-06 
5.3719991229e-06 3.8393218347e-06 2.734313739e-06 1.9448959847e-06 1.3846031379e-06 9.8924829217e-07 7.1259529477e-07 5.2216648783e-07 3.9574183575e-07 
3.1871570627e-07 2.8227415783e-07 3.9470268831e-08 4.4555918066e-08 5.5239095076e-08 7.2578430377e-08 9.8250140468e-08 1.3465655968e-07 1.8507475374e-07 
2.538485262e-07 3.4662608073e-07 4.7064517616e-07 6.3506718107e-07 8.5135656036e-07 1.1337024262e-06 1.4994719777e-06 1.9696838081e-06 2.5694853321e-06 
3.3286119105e-06 4.2818160182e-06 5.4692513913e-06 6.9368079494e-06 8.7364251158e-06 1.0926421965e-05 1.3571909221e-05 1.6745401808e-05 2.0527702873e-05 
2.5009152523e-05 3.0291261282e-05 3.6488607293e-05 4.3730731704e-05 5.2163613873e-05 6.1949955125e-05 7.3267547123e-05 8.6304724391e-05 0.00010125213885 
0.00011829013238 0.00013757166744 0.00015920089209 0.00018320832169 0.00020952413615 0.00023795095331 0.000268138916 0.00029956566868 0.00033152505057 
0.00036312956945 0.00039333107998 0.00042096551624 0.00044482271187 0.00046374031808 0.00047671291395 0.00048300225171 0.00048223001068 0.0004744346079 
0.00046007958008 0.00044000972412 0.00041536183562 0.00038744646008 0.00035762012703 0.00032716730493 0.00029720697785 0.00026863149833 0.0002420789242 
0.00021793563792 0.00019636179786 0.00017733269488 0.00016068774858 0.00014618095884 0.00013352652604 0.00012243555102 0.00011264120985 0.00010391081742 
9.6046111139e-05 8.8874847279e-05 8.2238751929e-05 7.5983873103e-05 6.9958849053e-05 6.4023777668e-05 5.8068355429e-05 5.2033210522e-05 4.5925815357e-05 
3.9823040424e-05 3.3857199014e-05 2.818869325e-05 2.2973408704e-05 1.8334258129e-05 1.4343641851e-05 1.1019145859e-05 8.330413948e-06 6.2127683123e-06 
4.5827359827e-06 3.3517810607e-06 2.4362739168e-06 1.7633038851e-06 1.2729810805e-06 9.1829491566e-07 6.6361428708e-07 4.826686677e-07 3.5654898056e-07 
2.7200724162e-07 2.2014884848e-07 1.9551603714e-07 2.7730044039e-08 3.1253577504e-08 3.8652807177e-08 5.0656243644e-08 6.8418032129e-08 9.3593385486e-08 
1.2844245134e-07 1.7596447321e-07 2.4006490662e-07 3.2575692899e-07 4.3939854777e-07 5.8896495148e-07 7.8435328987e-07 1.0377153785e-06 1.363809929e-06 
1.7803656647e-06 2.3084410259e-06 2.97276938e-06 3.8020814372e-06 4.8293973123e-06 6.0922948251e-06 7.6331780292e-06 9.4995684776e-06 1.1744469703e-05 
1.4426847883e-05 1.7612248485e-05 2.1373583877e-05 2.5791916414e-05 3.0957187846e-05 3.6968500353e-05 4.3933654524e-05 5.1967330364e-05 6.1187478423e-05 
7.1709480835e-05 8.3637562057e-05 9.7053591162e-05 0.00011200335575 0.00012848092592 0.00014641211601 0.00016563810641 0.00018590137188 0.00020683521871 
0.00022796013218 0.00024868905894 0.00026834450546 0.00028618940269 0.00030147255166 0.00031348562334 0.00032162721618 0.00032546493458 0.00032478655339 
0.0003196298785 0.00031028536614 0.00029726987123 0.00028127554106 0.00026310238172 0.00024358480005 0.00022352256929 0.00020362476062 0.00018447103503 
0.00016649175086 0.00014996554819 0.00013503084483 0.00012170775881 0.00010992515308 9.9550248706e-05 9.0416047897e-05 8.2344893599e-05 7.5165822636e-05 
6.8724992161e-05 6.2889637775e-05 5.754662925e-05 5.2598395996e-05 4.7958703362e-05 4.355091005e-05 3.9310172724e-05 3.5188975744e-05 3.1163945096e-05 
2.7240392228e-05 2.3451821107e-05 1.9853105186e-05 1.6508687622e-05 1.3478995243e-05 1.080878792e-05 8.5201090769e-06 6.6107941166e-06 5.057713679e-06 
3.8228804442e-06 2.8604044928e-06 2.1226753688e-06 1.5649013676e-06 1.147799253e-06 8.3869099399e-07 6.1147670749e-07 4.4595873305e-07 3.269020965e-07 
2.4308340585e-07 1.8646527167e-07 1.5154887478e-07 1.3491113293e-07 1.9598706658e-08 2.2055999693e-08 2.7214358767e-08 3.5578207047e-08 4.7946990378e-08 
6.5467943955e-08 8.9708791506e-08 1.2275202721e-07 1.673126917e-07 2.2688105616e-07 3.0589140465e-07 4.0991730543e-07 5.4589190768e-07 7.22350876e-07 
9.4969340125e-07 1.2404543668e-06 1.6095807496e-06 2.074701797e-06 2.6563864139e-06 3.3783828712e-06 4.2678366299e-06 5.3554922488e-06 6.6758962021e-06 
8.2676087914e-06 1.0173438568e-05 1.2440722458e-05 1.5121609067e-05 1.8273300157e-05 2.1958147045e-05 2.6243413231e-05 3.1200474041e-05 3.6903176806e-05 
4.3425065087e-05 5.083519136e-05 5.9192363551e-05 6.8537818152e-05 7.888644177e-05 9.021704318e-05 0.00010246226884 0.00011549897317 0.00012914043327 
0.00014313132851 0.00015714741312 0.00017080106772 0.0001836540323 0.00019523857918 0.00020508618036 0.0002127623884 0.00021790446772 0.00022025681392 
0.0002196993446 0.00021626324451 0.00021013138758 0.00020162273722 0.00019116252952 0.00017924347776 0.00016638306261 0.00015308301954 0.00013979525829 
0.00012689763389 0.00011467991135 0.00010334033141 9.2990179837e-05 8.3665196144e-05 7.534064207e-05 6.7948421929e-05 6.1393584474e-05 5.5569238611e-05 
5.036816583e-05 4.5690780098e-05 4.1449442506e-05 3.7569578126e-05 3.3988770156e-05 3.0655097362e-05 2.7525875339e-05 2.4567645596e-05 2.1757254217e-05 
1.9083357984e-05 1.6547121049e-05 1.4161038962e-05 1.1945565348e-05 9.9239605333e-06 8.1166854216e-06 6.5367289608e-06 5.1869078561e-06 4.0594713937e-06 
3.1376807783e-06 2.3985753614e-06 1.8160824311e-06 1.3637853726e-06 1.016973556e-06 7.538689033e-07 5.5614054872e-07 4.0890205355e-07 3.0040564525e-07 
2.2160186575e-07 1.6568449723e-07 1.2768610702e-07 1.0415393348e-07 9.2912941341e-08 1.3996237946e-08 1.5728822689e-08 1.9364504666e-08 2.5256214897e-08 
3.3963438284e-08 4.6289443389e-08 6.3332592504e-08 8.6553114897e-08 1.1785662224e-07 1.5969591516e-07 2.1519177551e-07 2.8827352594e-07 3.8383907963e-07 
5.0793232731e-07 6.6793609221e-07 8.7277589955e-07 1.1331289897e-06 1.4616330191e-06 1.8730875126e-06 2.384640311e-06 3.0159594644e-06 3.7893832996e-06 
4.7300541155e-06 5.8660361901e-06 7.2284174166e-06 8.8513852461e-06 1.0772281712e-05 1.3031548406e-05 1.5672541849e-05 1.8741078748e-05 2.2284595616e-05 
2.6350748158e-05 3.0985302146e-05 3.6229183024e-05 4.2114541429e-05 4.8660036555e-05 5.5865159084e-05 6.3704283093e-05 7.2120579716e-05 8.1020378275e-05 
9.0269175416e-05 9.9689357739e-05 0.00010906128591 0.00011812804587 0.00012660471839 0.00013419237803 0.00014059638488 0.0001455477468 0.0001488251728 
0.00015027582413 0.00014983105939 0.00014751486015 0.00014344356896 0.00013781627058 0.00013089753338 0.00012299456284 0.0001144320413 0.00010552815365 
9.6573690826e-05 8.7816741143e-05 7.945318066e-05 7.1623217082e-05 6.4412946813e-05 5.7860204834e-05 5.1962782891e-05 4.668843394e-05 4.1984814743e-05 
3.7788748159e-05 3.4033932025e-05 3.0656636227e-05 2.7599357054e-05 2.481249976e-05 2.2254724172e-05 1.9892453565e-05 1.7699145246e-05 1.5654755771e-05 
1.3745517208e-05 1.1963778888e-05 1.0307608136e-05 8.7797443484e-06 7.3858395808e-06 6.1321820795e-06 5.0233693401e-06 4.0604609239e-06 3.2399982501e-06 
2.5539725357e-06 1.9906176476e-06 1.5356752101e-06 1.1737945442e-06 8.8977395762e-07 6.694818353e-07 5.0041700206e-07 3.7194527636e-07 2.7530131774e-07 
2.0344681673e-07 1.5086068572e-07 1.1331740524e-07 8.7684824734e-08 7.1758002207e-08 6.4134958677e-08 1.0190422728e-08 1.1436637415e-08 1.4050693053e-08 
1.8284339376e-08 2.4536758403e-08 3.338123733e-08 4.5602000398e-08 6.2242285992e-08 8.4664556255e-08 1.1462420701e-07 1.5435733758e-07 2.0668338152e-07 
2.7512265888e-07 3.6402758496e-07 4.7872651976e-07 6.2567698933e-07 8.1262459162e-07 1.0487635791e-06 1.3448918708e-06 1.7135578219e-06 2.1691892016e-06 
2.7282062547e-06 3.409107876e-06 4.2325305003e-06 5.2212758419e-06 6.4002947511e-06 7.7966060417e-06 9.4391352832e-06 1.1358401025e-05 1.3586015484e-05 
1.6153904653e-05 1.9093147785e-05 2.2432390324e-05 2.6195724786e-05 3.0400018659e-05 3.5051754821e-05 4.0143473598e-05 4.5650001994e-05 5.1524857554e-05 
5.769706695e-05 6.4069092332e-05 7.0516151027e-05 7.6887627074e-05 8.3010912931e-05 8.8698048785e-05 9.3754963018e-05 9.7993251984e-05 0.00010124332039 
0.00010336776904 0.00010427347297 0.00010392053809 0.00010232704517 9.9568387668e-05 9.5771451015e-05 9.1104200692e-05 8.5762083472e-05 7.9952966189e-05 
7.3882431025e-05 6.7741042585e-05 6.1694350734e-05 5.5876498664e-05 5.0387297961e-05 4.5292461436e-05 4.0626451664e-05 3.6397075746e-05 3.2591298805e-05 
2.9181243008e-05 2.613002107e-05 2.3396807592e-05 2.0940789909e-05 1.8723991161e-05 1.6712891011e-05 1.4879135961e-05 1.3199577552e-05 1.1655926755e-05 
1.0234305591e-05 8.9247650976e-06 7.7208069342e-06 6.6187935772e-06 5.6171948017e-06 4.7156327128e-06 3.9138130887e-06 3.2105499486e-06 2.6030254503e-06 
2.0864479211e-06 1.6541169998e-06 1.2978193809e-06 1.0084208952e-06 7.7650418007e-07 5.9293017785e-07 4.492569019e-07 3.379948339e-07 2.5271705795e-07 
1.8805923219e-07 1.3965143353e-07 1.0401463157e-07 7.8448849195e-08 6.0928194046e-08 5.0012474162e-08 4.4779483233e-08 7.6913710956e-09 8.6214528849e-09 
1.0571609366e-08 1.3728123527e-08 1.8386401734e-08 2.4970752577e-08 3.4061763188e-08 4.6432035106e-08 6.3091171398e-08 8.5340815303e-08 1.1484054596e-07 
1.5368522099e-07 2.0449392935e-07 2.7050978701e-07 3.5571005697e-07 4.649245966e-07 6.0395893797e-07 7.7971992596e-07 1.0003377611e-06 1.2752808516e-06 
1.6154564264e-06 2.033292958e-06 2.5427987111e-06 3.1595861856e-06 3.9008596104e-06 4.7853500291e-06 5.8331884247e-06 7.0656865319e-06 8.5050023699e-06 
1.0173648661e-05 1.2093800251e-05 1.4286345504e-05 1.6769654394e-05 1.9558028725e-05 2.2659804017e-05 2.6075224014e-05 2.9794084185e-05 3.3793356124e-05 
3.8034999307e-05 4.2464183934e-05 4.7008295951e-05 5.1577004342e-05 5.6063676311e-05 6.0348447732e-05 6.4302963438e-05 6.7796769144e-05 7.0704940299e-05 
7.2916613135e-05 7.43432538e-05 7.4925956142e-05 7.4640862294e-05 7.3501731094e-05 7.1559334174e-05 6.8897788879e-05 6.5628009907e-05 6.18792983e-05 
5.7789915445e-05 5.3497893532e-05 4.9132737331e-05 4.4808879466e-05 4.0621205699e-05 3.6642715713e-05 3.2924170227e-05 2.9495493436e-05 2.6368299586e-05 
2.3539387257e-05 2.0994475562e-05 1.8711956727e-05 1.666625576e-05 1.483064716e-05 1.3179359485e-05 1.1688943232e-05 1.0339051187e-05 9.1126894404e-06 
7.9961273514e-06 6.9786169661e-06 6.0519987528e-06 5.2102577683e-06 4.449037533e-06 3.7651166167e-06 3.1558554383e-06 2.6186610285e-06 2.1505397854e-06 
1.7477916572e-06 1.4058900888e-06 1.1195431853e-06 8.8289795031e-07 6.898235938e-07 5.342088798e-07 4.1022397568e-07 3.1251522614e-07 2.3632473756e-07 
1.7754160808e-07 1.3270093291e-07 9.8947793958e-08 7.3983358106e-08 5.6004328286e-08 4.3645204784e-08 3.5928113817e-08 3.2223550051e-08 6.1815748076e-09 
6.9221357535e-09 8.474357216e-09 1.0985419685e-08 1.4688714245e-08 1.9919488281e-08 2.7136511704e-08 3.6950400073e-08 5.0159314924e-08 6.7792775837e-08 
9.1164181981e-08 1.2193274301e-07 1.621746577e-07 2.1446390974e-07 2.8196114954e-07 3.6851011487e-07 4.787382295e-07 6.1815956087e-07 7.9327560343e-07 
1.0116693829e-06 1.2820863731e-06 1.6145005475e-06 2.0201521238e-06 2.5115566586e-06 3.1024706004e-06 3.8078103444e-06 4.643498869e-06 5.6262388171e-06 
6.7731766649e-06 8.1014431998e-06 9.6275280157e-06 1.1366484614e-05 1.3330925867e-05 1.552980757e-05 1.7967011445e-05 2.0639783543e-05 2.3537084417e-05 
2.6637981136e-05 2.9910252124e-05 3.3309323044e-05 3.6777870264e-05 4.0246199205e-05 4.3633546738e-05 4.6850655053e-05 4.9803344154e-05 5.2397161198e-05 
5.4542859289e-05 5.6162149122e-05 5.7193366956e-05 5.7596233091e-05 5.7355340687e-05 5.6481694628e-05 5.501223859e-05 5.3007217502e-05 5.0545830163e-05 
4.7720521252e-05 4.4630636694e-05 4.1376089939e-05 3.8051672163e-05 3.4742337448e-05 3.1519881304e-05 2.8441036193e-05 2.5546944016e-05 2.2863752747e-05 
2.0404198949e-05 1.8169788746e-05 1.6153322576e-05 1.4341464521e-05 1.2717153368e-05 1.1261674445e-05 9.9563076219e-06 8.7834805527e-06 7.7275044532e-06 
6.7749110713e-06 5.914504527e-06 5.1372130656e-06 4.4358148443e-06 3.8046002828e-06 3.2390041724e-06 2.735232556e-06 2.2899118903e-06 1.8997795905e-06 
1.5614465383e-06 1.2712487205e-06 1.0252008451e-06 8.1903698401e-07 6.4832016733e-07 5.0858761824e-07 3.9549999542e-07 3.0497315606e-07 2.332751734e-07 
1.7708696021e-07 1.3352716621e-07 1.0015012464e-07 7.4924436433e-08 5.6200935461e-08 4.2676141732e-08 3.3356588602e-08 2.7527136126e-08 2.4725700598e-08 
5.4710955766e-09 6.1229017412e-09 7.4887909207e-09 9.6976719988e-09 1.2953953465e-08 1.7551256448e-08 2.3891388423e-08 3.2509174019e-08 4.4103817487e-08 
5.9577377698e-08 8.0081008491e-08 1.0706949638e-07 1.4236424306e-07 1.8822461811e-07 2.4742698201e-07 3.233502639e-07 4.2006593048e-07 5.4242985925e-07 
6.9617237841e-07 8.8798225306e-07 1.1255787058e-06 1.4177678622e-06 1.7744725938e-06 2.2067340524e-06 2.726669436e-06 3.3473825169e-06 4.0828058445e-06 
4.9474724619e-06 5.956185305e-06 7.1235740506e-06 8.4635203166e-06 9.9884282463e-06 1.170833275e-05 1.3629840396e-05 1.5754938431e-05 1.80796942e-05 
2.0592904548e-05 2.327486618e-05 2.6096282454e-05 2.901755397e-05 3.1988602132e-05 3.4949352994e-05 3.7831046939e-05 4.0558414184e-05 4.3052808905e-05 
4.5236050937e-05 4.7034860472e-05 4.838548557e-05 4.9238155043e-05 4.956077828e-05 4.9341593694e-05 4.8590289225e-05 4.7337554861e-05 4.5633008995e-05 
4.3541673222e-05 4.1139548557e-05 3.8508525904e-05 3.5731398384e-05 3.2887201087e-05 3.0047438486e-05 2.7273252272e-05 2.4613720598e-05 2.2105265089e-05 
1.977201282e-05 1.7626862245e-05 1.5673203961e-05 1.3906819731e-05 1.2317992514e-05 1.0893441868e-05 9.6180756373e-06 8.4763896666e-06 7.4535137173e-06 
6.5359135988e-06 5.711742233e-06 4.9709638006e-06 4.3052646106e-06 3.707853466e-06 3.1731917716e-06 2.6966877158e-06 2.2744006856e-06 1.9027720555e-06 
1.5784003153e-06 1.2978777022e-06 1.0576920886e-06 8.5420083451e-07 6.8365847028e-07 5.422877507e-07 4.2637088882e-07 3.3234371699e-07 2.5687796779e-07 
1.9694253695e-07 1.4984078689e-07 1.132262426e-07 8.5099472358e-08 6.37925055e-08 4.7945089676e-08 3.6477675991e-08 2.8564530297e-08 2.3609565858e-08 
2.1226822966e-08 
MMP 1 10000 double
3.4664881689e-21 6.4322965954e-21 1.4631534182e-20 3.4118838279e-20 7.8644655565e-20 1.7810710778e-19 3.9597758893e-19 8.6437106648e-19 1.8533986649e-18 
3.9064514326e-18 8.1015177615e-18 1.6553323351e-17 3.3377518575e-17 6.6548486842e-17 1.3150005188e-16 2.5814729319e-16 5.0463443671e-16 9.8423746163e-16 
1.917694451e-15 3.7337720535e-15 7.2591308032e-15 1.4068652283e-14 2.711436151e-14 5.1819537702e-14 9.791621588e-14 1.8241309884e-13 3.3418621061e-13 
6.0074211231e-13 1.0576406287e-12 1.8207794213e-12 3.0611084414e-12 5.0202689228e-12 8.0241351758e-12 1.2489378455e-11 1.8916528066e-11 2.786206682e-11 
3.9883103764e-11 5.5451747361e-11 7.4843117814e-11 9.8010446981e-11 1.244707809e-10 1.5323194102e-10 1.8279229519e-10 2.1123498783e-10 2.3642043878e-10 
2.5625410127e-10 2.6898450134e-10 2.734700244e-10 2.6935759179e-10 2.5713178808e-10 2.3802529392e-10 2.1381149629e-10 1.8652947242e-10 1.5819917598e-10 
1.305835301e-10 1.0503320436e-10 8.2425753722e-11 6.3187365063e-11 4.7371859907e-11 3.4766186457e-11 2.4996598541e-11 1.7618080606e-11 1.2179150917e-11 
8.2622780145e-12 5.504686984e-12 3.6055965071e-12 2.3251700045e-12 1.4788544738e-12 9.2943870916e-13 5.7828421956e-13 3.5673520344e-13 2.1840388113e-13 
1.3274881953e-13 8.0081700006e-14 4.7910023252e-14 2.8393982654e-14 1.6648786638e-14 9.6457909748e-15 5.5152699593e-15 3.1088161102e-15 1.7258605467e-15 
9.4283756167e-16 5.0649700922e-16 2.6739842822e-16 1.3866155663e-16 7.0595583795e-17 3.5274925316e-17 1.7293990798e-17 8.3170007927e-18 3.9229181171e-18 
1.81457577e-18 8.230741778e-19 3.6609602535e-19 1.596818535e-19 6.8305246875e-20 2.8660014923e-20 1.1805713149e-20 4.7988689367e-21 1.9903215599e-21 
1.0125904407e-21 7.2368076932e-21 1.3429305518e-20 3.054904018e-20 7.1236445386e-20 1.6419157758e-19 3.717918101e-19 8.2637054424e-19 1.8031019477e-18 
3.8637713946e-18 8.1362510755e-18 1.6851937207e-17 3.4372534134e-17 6.9148428004e-17 1.3746324324e-16 2.7063356468e-16 5.2894142356e-16 1.0287211968e-15 
1.9950548172e-15 3.8638030458e-15 7.4770156294e-15 1.4450961451e-14 2.7854117735e-14 5.3423123537e-14 1.0167695407e-13 1.9146698658e-13 3.5571128291e-13 
6.5026738334e-13 1.1670109323e-12 2.0520776918e-12 3.5296724311e-12 5.9306392262e-12 9.7229316612e-12 1.5538119402e-11 2.4184517236e-11 3.6634181799e-11 
5.3969068797e-11 7.7273645815e-11 1.0746804835e-10 1.4508889923e-10 1.900450769e-10 2.4139371058e-10 2.9719846029e-10 3.5453140423e-10 4.0966252612e-10 
4.584408686e-10 4.968216949e-10 5.2144649709e-10 5.3015747348e-10 5.2233140035e-10 4.9895804155e-10 4.6244974516e-10 4.1622635893e-10 3.6417738269e-10 
3.1011865298e-10 2.5735016895e-10 2.0838220038e-10 1.6484175136e-10 1.2752922329e-10 9.6571910191e-11 7.1617857478e-11 5.2025151548e-11 3.7017347521e-11 
2.5794305927e-11 1.7600953681e-11 1.1763917965e-11 7.7074579358e-12 4.9571631522e-12 3.1362380141e-12 1.9567184244e-12 1.2071170886e-12 7.381343258e-13 
4.4822541403e-13 2.7057132576e-13 1.6238568921e-13 9.6828957612e-14 5.729525334e-14 3.3590744932e-14 1.9480748124e-14 1.1158557937e-14 6.3041765411e-15 
3.5087321283e-15 1.9219340627e-15 1.0352129632e-15 5.4792756119e-16 2.8482049305e-16 1.4533526305e-16 7.2771293799e-17 3.574464479e-17 1.721977119e-17 
8.1346976303e-18 3.767992565e-18 1.7112486072e-18 7.6199066357e-19 3.3268832006e-19 1.4243437518e-19 5.9809837028e-20 2.4653883897e-20 1.0027622184e-20 
4.1613235185e-21 2.1181813471e-21 1.8551303998e-20 3.4429444599e-20 7.8327509348e-20 1.8265804871e-19 4.2099923378e-19 9.5320933369e-19 2.118221572e-18 
4.6201532049e-18 9.8945210748e-18 2.0817727268e-17 4.3065203138e-17 8.7691315943e-17 1.7601551108e-16 3.4889062104e-16 6.8437223407e-16 1.3316236728e-15 
2.5763263068e-15 4.9671045407e-15 9.559031084e-15 1.8378197523e-14 3.5294304371e-14 6.7625301246e-14 1.2901208964e-13 2.4441429783e-13 4.5849787725e-13 
8.4918660645e-13 1.5486417487e-12 2.7742166203e-12 4.8716785814e-12 8.3717338617e-12 1.4058030781e-11 2.3039977912e-11 3.6816518584e-11 5.7308664758e-11 
8.682995295e-11 1.2795978166e-10 1.8328807916e-10 2.5501628587e-10 3.4443184416e-10 4.5132095283e-10 5.7343019222e-10 7.061289331e-10 8.4242207654e-10 
9.7341845695e-10 1.0892607927e-09 1.1803992228e-09 1.2389775872e-09 1.2600415156e-09 1.242292047e-09 1.18822574e-09 1.1036224157e-09 9.965197556e-10 
8.7592044729e-10 7.5052658532e-10 6.2776317478e-10 5.1322540662e-10 4.1054620814e-10 3.2157534968e-10 2.4673410537e-10 1.8542729852e-10 1.3642946495e-10 
9.8194903597e-11 6.9075627163e-11 4.7456743396e-11 3.1834226227e-11 2.0860242353e-11 1.3371167021e-11 8.4031653164e-12 5.1937148159e-12 3.1681946563e-12 
1.9141558998e-12 1.1488862162e-12 6.8641842427e-13 4.0856846985e-13 2.421832266e-13 1.4277985803e-13 8.3567118611e-14 4.8458026464e-14 2.7784413699e-14 
1.5724507674e-14 8.7708999609e-15 4.8158049746e-15 2.6002763751e-15 1.3795906192e-15 7.187629364e-16 3.6754268359e-16 1.8439392425e-16 9.0734486947e-17 
4.3781475374e-17 2.0712662095e-17 9.6066142451e-18 4.3679545215e-18 1.9469893949e-18 8.5084340644e-19 3.645684554e-19 1.5319605957e-19 6.3188003875e-20 
2.571531495e-20 1.0677109214e-20 5.4373400863e-21 4.8394066028e-20 8.982897109e-20 2.043914309e-19 4.7668221503e-19 1.0987261199e-18 2.4876067259e-18 
5.5271890066e-18 1.2052180344e-17 2.5798517572e-17 5.423884157e-17 1.1208115982e-16 2.2787835906e-16 4.5646155541e-16 9.0233837536e-16 1.7639220781e-15 
3.4176693102e-15 6.5791081892e-15 1.2611927561e-14 2.4120027197e-14 4.6072381885e-14 8.7909727783e-14 1.6741145417e-13 3.1761572539e-13 5.9883944591e-13 
1.1188610802e-12 2.0655419649e-12 3.7573663798e-12 6.7181147798e-12 1.1781289486e-11 2.0227017977e-11 3.3947296363e-11 5.5623835399e-11 8.888534353e-11 
1.3839013269e-10 2.0975941817e-10 3.0927382877e-10 4.4325410009e-10 6.1708743671e-10 8.3394008366e-10 1.0933118855e-09 1.3897156759e-09 1.7118563234e-09 
2.0426860203e-09 2.3605926103e-09 2.641725283e-09 2.8631401694e-09 3.0061848566e-09 3.0593725331e-09 3.0201086076e-09 2.8948650144e-09 2.697768009e-09 
2.4479598348e-09 2.1663975058e-09 1.872868971e-09 1.5838924616e-09 1.3117659181e-09 1.0645803128e-09 8.4678936085e-10 6.5997801668e-10 5.0363935244e-10 
3.7587161161e-10 2.7393703972e-10 1.9466300794e-10 1.3470101423e-10 9.0697817312e-11 5.9433062638e-11 3.7949535875e-11 2.3669181198e-11 1.4470417919e-11 
8.7090603826e-12 5.183947889e-12 3.0648634672e-12 1.8057345983e-12 1.062137032e-12 6.2385226108e-13 3.654655246e-13 2.130897455e-13 1.2335065695e-13 
7.071233654e-14 4.0054019671e-14 2.2375481527e-14 1.2308685531e-14 6.6595199915e-15 3.5404725704e-15 1.8482258909e-15 9.4685969762e-16 4.7585246892e-16 
2.3452089731e-16 1.1332305571e-16 5.3680957878e-17 2.4925994227e-17 1.1344983933e-17 5.0615454652e-18 2.2136928971e-18 9.4919182086e-19 3.9910996682e-19 
1.6470892735e-19 6.7063351508e-20 2.78575431e-20 1.4192112253e-20 1.2463435312e-19 2.3139413454e-19 5.2660365067e-19 1.2283292952e-18 2.8315023093e-18 
6.4109115499e-18 1.4243252746e-17 3.1051073102e-17 6.6439901189e-17 1.3959089736e-16 2.8816860253e-16 5.8505730337e-16 1.169628304e-15 2.3061098793e-15 
4.4929287206e-15 8.6688248675e-15 1.6603882033e-14 3.1644398744e-14 6.0130957017e-14 1.1408003719e-13 2.1619025201e-13 4.0901236933e-13 7.7134132415e-13 
1.4466784975e-12 2.6910292571e-12 4.9502168857e-12 8.979795206e-12 1.6022516647e-11 2.8057094842e-11 4.8125350927e-11 8.0728757013e-11 1.3225803785e-10 
2.113774572e-10 3.2923491711e-10 4.9931636603e-10 7.3673239731e-10 1.0567366981e-09 1.4723779973e-09 1.9913810601e-09 2.6126272257e-09 3.3229514695e-09 
4.0951726454e-09 4.8883017634e-09 5.650545809e-09 6.3250857885e-09 6.8577765688e-09 7.2052830369e-09 7.3418280344e-09 7.2629831038e-09 6.9855849993e-09 
6.5437744112e-09 5.9820943754e-09 5.3474762396e-09 4.6823505073e-09 4.0206855623e-09 3.3873253091e-09 2.7993740659e-09 2.267944943e-09 1.7994176149e-09 
1.3962708767e-09 1.0578152798e-09 7.8091744182e-10 5.6064114462e-10 3.9074196656e-10 2.6407676046e-10 1.7303286581e-10 1.1003555012e-10 6.8073047199e-11 
4.1121467342e-11 2.4373952509e-11 1.4255191645e-11 8.2728312048e-12 4.7870275452e-12 2.7708731577e-12 1.6063187022e-12 9.319256521e-13 5.3987988125e-13 
3.1136920299e-13 1.7821673499e-13 1.0094023192e-13 5.643803228e-14 3.1091069389e-14 1.6850532945e-14 8.9747291223e-15 4.6935082401e-15 2.4086554996e-15 
1.2124309964e-15 5.9841713053e-16 2.8954696336e-16 1.3732231813e-16 6.3831992624e-17 2.9080603152e-17 1.2985215259e-17 5.6833842809e-18 2.4385301002e-18 
1.0259263678e-18 4.236031208e-19 1.7255217637e-19 7.1706064254e-20 3.6543921809e-20 3.1554391619e-19 5.8598684345e-19 1.3339194174e-18 3.1120695654e-18 
7.1749389907e-18 1.6246434381e-17 3.6094634834e-17 7.8676754567e-17 1.6828857213e-16 3.5337039301e-16 7.2882664073e-16 1.4777325151e-15 2.9487126953e-15 
5.7991805802e-15 1.1261152262e-14 2.1637365158e-14 4.1233557096e-14 7.8119321179e-14 1.4745699778e-13 2.7776381455e-13 5.2255958892e-13 9.8165280158e-13 
1.8391462398e-12 3.4294108352e-12 6.3479169837e-12 1.1630692069e-11 2.1033133568e-11 3.744349969e-11 6.5464363097e-11 1.1218034141e-10 1.8809388769e-10 
3.0814711893e-10 4.9264931024e-10 7.6780759528e-10 1.1654279763e-09 1.7212744563e-09 2.4715927083e-09 3.4475418076e-09 4.6677399723e-09 6.1298459642e-09 
7.8028881134e-09 9.6226511204e-09 1.1492399921e-08 1.3290445189e-08 1.4884308008e-08 1.614936096e-08 1.6988046525e-08 1.7345373138e-08 1.7216802206e-08 
1.664657745e-08 1.5716322466e-08 1.4526404968e-08 1.3175292857e-08 1.1744019091e-08 1.0291212327e-08 8.8584348745e-09 7.4790200699e-09 6.1831459952e-09 
4.9974397953e-09 3.9422349829e-09 3.0296765097e-09 2.2635984198e-09 1.6405372616e-09 1.1509759812e-09 7.8054407382e-10 5.113859336e-10 3.2391442306e-10 
1.9878158841e-10 1.1862523464e-10 6.9191090357e-11 3.9692936438e-11 2.2548931472e-11 1.2767124163e-11 7.2409968646e-12 4.1250501279e-12 2.3607381241e-12 
1.3544389135e-12 7.7638915262e-13 4.4291889492e-13 2.5055380947e-13 1.4010710994e-13 7.7256546971e-14 4.1929614891e-14 2.2367866701e-14 1.1717028782e-14 
6.0227163866e-15 3.0362097165e-15 1.5006670968e-15 7.2702632514e-16 3.4519776915e-16 1.6062325483e-16 7.3243197029e-17 3.2731162953e-17 1.4335943297e-17 
6.1548387662e-18 2.590837212e-18 1.0702578719e-18 4.3614441965e-19 1.8131388022e-19 9.243434445e-20 7.8476578927e-19 1.4578277645e-18 3.3195885015e-18 
7.7467383425e-18 1.7864101874e-17 4.0456354895e-17 8.9887083423e-17 1.9591637812e-16 4.1895840405e-16 8.7929198529e-16 1.8120669014e-15 3.669538157e-15 
7.3094132201e-15 1.4340538848e-14 2.7758077751e-14 5.3116531491e-14 1.0071111967e-13 1.8965910656e-13 3.5555496806e-13 6.6478441675e-13 1.2410389556e-12 
2.3136442848e-12 4.3037474626e-12 7.9738958492e-12 1.4679507609e-11 2.6776622586e-11 4.8256849905e-11 8.5691655161e-11 1.4956581806e-10 2.5604657283e-10 
4.2915526688e-10 7.0316291678e-10 1.1248010301e-09 1.7545919162e-09 2.6662854147e-09 3.943171123e-09 5.6700724116e-09 7.9203479331e-09 1.0738370193e-08 
1.411964945e-08 1.7992825008e-08 2.2209057704e-08 2.6544515919e-08 3.0719220945e-08 3.4431639762e-08 3.7403122377e-08 3.9422658915e-08 4.0381600286e-08 
4.0289354075e-08 3.9264893559e-08 3.7503202321e-08 3.5221919603e-08 3.2604908995e-08 2.9767413423e-08 2.6762716487e-08 2.3624428636e-08 2.0410309887e-08 
1.7214992099e-08 1.4151376071e-08 1.1323082028e-08 8.8062463988e-09 6.6447536362e-09 4.8535926389e-09 3.4241902647e-09 2.3289741247e-09 1.5257169972e-09 
9.6297669838e-10 5.8662302793e-10 3.4607353094e-10 1.9870978474e-10 1.117755194e-10 6.2067864737e-11 3.4294130036e-11 1.8986314257e-11 1.0582640667e-11 
5.9484886634e-12 3.3672864844e-12 1.9127540263e-12 1.0852973251e-12 6.122897328e-13 3.4210354276e-13 1.8870494089e-13 1.0252066665e-13 5.4765257406e-14 
2.8730578301e-14 1.4789984694e-14 7.4666775922e-15 3.6953595328e-15 1.7924591475e-15 8.5200513653e-16 3.9683268586e-16 1.8111052014e-16 8.0997439554e-17 
3.5500067336e-17 1.5250222719e-17 6.4227832461e-18 2.6543965295e-18 1.0821255356e-18 4.5002094312e-19 2.2949208442e-19 1.9167321621e-18 3.5619803384e-18 
8.1139767559e-18 1.8941334223e-17 4.3691325922e-17 9.8968567019e-17 2.1992114627e-16 4.7934319757e-16 1.0248936667e-15 2.1501677256e-15 4.4280231269e-15 
8.957086273e-15 1.7812750515e-14 3.4867752132e-14 6.7284536504e-14 1.2824063914e-13 2.4193957926e-13 4.5288916389e-13 8.4314890139e-13 1.5643639812e-12 
2.8968171178e-12 5.3567614754e-12 9.8875846746e-12 1.8191587126e-11 3.3288354712e-11 6.0421952164e-11 1.0847767823e-10 1.920974213e-10 3.3468097738e-10 
5.7239440965e-10 9.5913110787e-10 1.5720492685e-09 2.5167843365e-09 3.9307557209e-09 5.982236928e-09 8.8622567063e-09 1.2766477653e-08 1.786533943e-08 
2.4263444587e-08 3.1953366175e-08 4.0774114751e-08 5.03874098e-08 6.0285792358e-08 6.9839771299e-08 7.8381440005e-08 8.5309409315e-08 9.019167635e-08 
9.284202207e-08 9.3349825647e-08 9.2048210831e-08 8.9411052784e-08 8.5889482193e-08 8.1740800795e-08 7.6948253991e-08 7.1311916372e-08 6.4676065392e-08 
5.7126868569e-08 4.9013038961e-08 4.0814288838e-08 3.2984903697e-08 2.5861918829e-08 1.9647556471e-08 1.4432497863e-08 1.0224963987e-08 6.970688915e-09 
4.5661656678e-09 2.8734312707e-09 1.7393296803e-09 1.0156949726e-09 5.748622689e-10 3.1736777095e-10 1.7227516635e-10 9.2775988281e-11 5.0006315061e-11 
2.7167938038e-11 1.4934805129e-11 8.3072290366e-12 4.6602756376e-12 2.6232139291e-12 1.4733377279e-12 8.2155977984e-13 4.5299739437e-13 2.4624510872e-13 
1.3168216788e-13 6.9172417089e-14 3.5657566309e-14 1.8025780995e-14 8.9324791189e-15 4.3377904011e-15 2.0640384509e-15 9.6225790956e-16 4.3953222553e-16 
1.9671559341e-16 8.6273601165e-17 3.7082622666e-17 1.5625387177e-17 6.4603769506e-18 2.6346943281e-18 1.0960491566e-18 5.5909830366e-19 4.5965525013e-18 
8.5458080491e-18 1.9475512573e-17 4.548172527e-17 1.0494804391e-16 2.3779663842e-16 5.2853108903e-16 1.1521147331e-15 2.4632255972e-15 5.1662873029e-15 
1.063331196e-14 2.1488587209e-14 4.2671229506e-14 8.3351626653e-14 1.6038075544e-13 3.0451522922e-13 5.7172560956e-13 1.0638926806e-12 1.9669055881e-12 
3.620867061e-12 6.6488221179e-12 1.2189990337e-11 2.2314624107e-11 4.0744164986e-11 7.4065246991e-11 1.3370722585e-10 2.3904203617e-10 4.220357952e-10 
7.3388772837e-10 1.2539664862e-09 2.1009831652e-09 3.4456231202e-09 5.5227067364e-09 8.6393283638e-09 1.3173660385e-08 1.9557599984e-08 2.8236376792e-08 
3.9600958956e-08 5.3895288232e-08 7.1110655142e-08 9.089141173e-08 1.124845781e-07 1.3476513061e-07 1.5635443162e-07 1.7582156886e-07 1.9192886214e-07 
2.0386573851e-07 2.1141622142e-07 2.1501617198e-07 2.1564885344e-07 2.1452099475e-07 2.1251831583e-07 2.0962704639e-07 2.0472661788e-07 1.9610955349e-07 
1.825628857e-07 1.6422239923e-07 1.4253032532e-07 1.1950865542e-07 9.7006896738e-08 7.6320844755e-08 5.817421922e-08 4.2872571271e-08 3.0458519262e-08 
2.0799236111e-08 1.3623304262e-08 8.5520879267e-09 5.1492752284e-09 2.9809068547e-09 1.666011662e-09 9.043421012e-10 4.8053000468e-10 2.5231378098e-10 
1.3225387452e-10 6.9848918316e-11 3.7410820969e-11 2.0363724595e-11 1.1240208417e-11 6.258222239e-12 3.4919350397e-12 1.9405802919e-12 1.0686460397e-12 
5.8091406034e-13 3.1087892677e-13 1.6348340325e-13 8.4378115389e-14 4.2708675138e-14 2.1189206802e-14 1.0301348736e-14 4.906618765e-15 2.2895503852e-15 
1.046646108e-15 4.6876709125e-16 2.0571564935e-16 8.847000392e-17 3.7295879754e-17 1.5426379102e-17 6.2934444583e-18 2.6189330219e-18 1.3362793637e-18 
1.0820885606e-17 2.0128103483e-17 4.5894703463e-17 1.0722896467e-16 2.4753367919e-16 5.6108605921e-16 1.2474624791e-15 2.7198253347e-15 5.8153195225e-15 
1.2195028956e-14 2.5089205683e-14 5.0661701261e-14 1.0047336769e-13 1.9588738726e-13 3.7591492961e-13 7.1120453277e-13 1.329126479e-12 2.4591140756e-12 
4.5152098206e-12 8.2468476492e-12 1.5013674332e-11 2.7281656101e-11 4.9504428334e-11 8.9654068891e-11 1.6180713713e-10 2.9037208749e-10 5.1674708956e-10 
9.0937068986e-10 1.5781740359e-09 2.6942126308e-09 4.5144834537e-09 7.4104149483e-09 1.189590737e-08 1.8647124733e-08 2.8502002536e-08 4.2423778268e-08 
6.141235076e-08 8.6353146855e-08 1.1780850429e-07 1.5577985835e-07 1.994994534e-07 2.4732841553e-07 2.9683695857e-07 3.4510273395e-07 3.8919642975e-07 
4.2675239342e-07 4.5649429126e-07 4.7861067287e-07 4.9488437526e-07 5.0839099686e-07 5.2245388815e-07 5.3871553973e-07 5.5499123164e-07 5.6460692122e-07 
5.5885237771e-07 5.3183708815e-07 4.8409543751e-07 4.2190316663e-07 3.5365411577e-07 2.8652988249e-07 2.2509901498e-07 1.7154749798e-07 1.2655358717e-07 
9.0043336343e-08 6.1553251385e-08 4.0309213745e-08 2.525172782e-08 1.5136160769e-08 8.6978309e-09 4.8089061622e-09 2.5720356955e-09 1.3406415977e-09 
6.8742528336e-10 3.5054609215e-10 1.7975829159e-10 9.3545608759e-11 4.9646491779e-11 2.6861712507e-11 1.474594058e-11 8.1544250519e-12 4.5089847654e-12 
2.4772740283e-12 1.3457967379e-12 7.2046128828e-13 3.7919930325e-13 1.9592877668e-13 9.9285956247e-14 4.9315071341e-14 2.4000610798e-14 1.1442861158e-14 
5.3442213965e-15 2.4449741548e-15 1.0958015475e-15 4.8117712978e-16 2.0704386319e-16 8.7322128692e-17 3.6132364196e-17 1.4745718646e-17 6.1380494813e-18 
3.1326372045e-18 2.5001290823e-17 4.6531900541e-17 1.0616125979e-16 2.4816966859e-16 5.7317697807e-16 1.2998233031e-15 2.8910515627e-15 6.305252273e-15 
1.348373114e-14 2.8275662316e-14 5.8156536769e-14 1.1736077876e-13 2.3250287329e-13 4.5254750468e-13 8.6638123975e-13 1.6337591002e-12 3.0400541026e-12 
5.5938938377e-12 1.0202757909e-11 1.8490634371e-11 3.3372974523e-11 6.0090564469e-11 1.0804382389e-10 1.9398206652e-10 3.474064092e-10 6.1944138707e-10 
1.0968892461e-09 1.9236010562e-09 3.3314770942e-09 5.6830109507e-09 9.5257588484e-09 1.5655817975e-08 2.5181764229e-08 3.9571951049e-08 6.0658351231e-08 
9.0561080412e-08 1.3149599454e-07 1.8544174907e-07 2.5367657486e-07 3.3625431684e-07 4.3155736762e-07 5.3611046269e-07 6.4483418782e-07 7.5180821568e-07 
8.514469414e-07 9.3981810778e-07 1.0158205441e-06 1.0820629086e-06 1.1452818853e-06 1.2155940112e-06 1.303088311e-06 1.4107548623e-06 1.526057531e-06 
1.6183162188e-06 1.6492930399e-06 1.594256787e-06 1.4569815221e-06 1.2649198879e-06 1.0521963532e-06 8.4566255509e-07 6.6031691404e-07 5.0158320164e-07 
3.6972068074e-07 2.6318684831e-07 1.800132452e-07 1.178395479e-07 7.3673369627e-08 4.3981682296e-08 2.5109653023e-08 1.3752878836e-08 7.2617636349e-09 
3.7215752702e-09 1.8677468461e-09 9.2808150054e-10 4.6220496874e-10 2.3336951815e-10 1.2041469211e-10 6.3642278947e-11 3.4333935001e-11 1.8768063492e-11 
1.0306908972e-11 5.6428620457e-12 3.0613560732e-12 1.638724963e-12 8.6302720612e-13 4.4633624596e-13 2.2641953687e-13 1.1258299794e-13 5.4848036242e-14 
2.617490541e-14 1.2235107167e-14 5.6018337619e-15 2.5123594374e-15 1.1038556662e-15 4.7521793536e-16 2.0051489353e-16 8.3000831293e-17 3.3883733258e-17 
1.4108382602e-17 7.202062243e-18 5.6681168429e-17 1.0556143473e-16 2.4099527305e-16 5.6371138489e-16 1.3027149677e-15 2.9558544536e-15 6.5776394341e-15 
1.4351494372e-14 3.06996453e-14 6.4386003311e-14 1.3241309633e-13 2.6709846357e-13 5.2870099791e-13 1.0276418388e-12 1.963274595e-12 3.691331095e-12 
6.8415936978e-12 1.2524783294e-11 2.2699753535e-11 4.0830557685e-11 7.3066594442e-11 1.3035558744e-10 2.3218789391e-10 4.131161524e-10 7.3384087695e-10 
1.299514496e-09 2.2889448115e-09 3.999383047e-09 6.9121499635e-09 1.1783712672e-08 1.9763856329e-08 3.253558134e-08 5.2458851485e-08 8.2681552271e-08 
1.2715779008e-07 1.9049274158e-07 2.7752960818e-07 3.9262326368e-07 5.3862964933e-07 7.1577670724e-07 9.2074276381e-07 1.1463898772e-06 1.3825593896e-06 
1.6180700868e-06 1.8435968059e-06 2.054710194e-06 2.2544973035e-06 2.4557866709e-06 2.682891818e-06 2.9702373467e-06 3.3513429116e-06 3.8325970309e-06 
4.3595932766e-06 4.8052997954e-06 5.01320892e-06 4.8862511903e-06 4.448621894e-06 3.8182756725e-06 3.130483492e-06 2.4820844828e-06 1.918732778e-06 
1.4493022036e-06 1.0661381111e-06 7.588794233e-07 5.1916100574e-07 3.3961350709e-07 2.1184814614e-07 1.2594806265e-07 7.1459290041e-08 3.8804166991e-08 
2.0256438305e-08 1.0227676484e-08 5.0360768888e-09 2.4440085511e-09 1.1838139358e-09 5.7988841506e-10 2.9040822525e-10 1.4950816973e-10 7.9019867039e-11 
4.2583894744e-11 2.3180341327e-11 1.2629795647e-11 6.8370010174e-12 3.657701312e-12 1.9269291024e-12 9.9733134078e-13 5.0642172747e-13 2.5206616308e-13 
1.2292334576e-13 5.8716689822e-14 2.7469537672e-14 1.2586438646e-14 5.6486615549e-15 2.4833095954e-15 1.0696262178e-15 4.5151784762e-16 1.8696956615e-16 
7.6351000618e-17 3.1799231496e-17 1.6236395717e-17 1.2606584583e-16 2.3494862248e-16 5.367814017e-16 1.2564480164e-15 2.9055286263e-15 6.5968374359e-15 
1.4688638896e-14 3.2065496092e-14 6.8621303572e-14 1.4395844e-13 2.960778866e-13 5.9710672821e-13 1.1812179923e-12 2.2934171923e-12 4.3738502403e-12 
8.2027076104e-12 1.5149569099e-11 2.7605282643e-11 4.9737738234e-11 8.8828305822e-11 1.5765168337e-10 2.7871649433e-10 4.9177240058e-10 8.6690649104e-10 
1.5269165932e-09 2.6845030643e-09 4.7021031513e-09 8.1845703548e-09 1.4116483982e-08 2.405503885e-08 4.0383657307e-08 6.6616635763e-08 1.0771807268e-07 
1.7035542044e-07 2.6295671773e-07 3.9539122554e-07 5.7808546217e-07 8.2045642102e-07 1.1287432926e-06 1.5036364402e-06 1.9384988263e-06 2.4192429464e-06 
2.9268412618e-06 3.4426907405e-06 3.9558040044e-06 4.4698131205e-06 5.0087710406e-06 5.6233093346e-06 6.3983088694e-06 7.4527520155e-06 8.9049126473e-06 
1.0776197996e-05 1.2857514776e-05 1.465364312e-05 1.5550311218e-05 1.5179698494e-05 1.3674937691e-05 1.1528956747e-05 9.2627878985e-06 7.2124435064e-06 
5.5038185565e-06 4.1284938561e-06 3.0299979699e-06 2.1566356736e-06 1.4754645008e-06 9.6407723049e-07 5.9964315824e-07 3.5481068039e-07 1.9998832101e-07 
1.0768069814e-07 5.5613941896e-08 2.7705532091e-08 1.3413155031e-08 6.373166439e-09 3.008959526e-09 1.4315756358e-09 6.9550709636e-10 3.4810249128e-10 
1.7976936606e-10 9.5261652733e-11 5.1295179909e-11 2.7774907374e-11 1.4989801067e-11 8.0105514236e-12 4.2201615466e-12 2.1855820105e-12 1.1107656678e-12 
5.5341110384e-13 2.7014070776e-13 1.2915670866e-13 6.0474743973e-14 2.7730398408e-14 1.245350953e-14 5.4781466229e-15 2.3607862796e-15 9.9698530749e-16 
4.1299396861e-16 1.6870191098e-16 7.0280262545e-17 3.5891687725e-17 2.7500616052e-16 5.12929748e-16 1.1728359118e-15 2.7473683051e-15 6.3580152258e-15 
1.4446038495e-14 3.2188261659e-14 7.0312638632e-14 1.5055547141e-13 3.1598161587e-13 6.5003812879e-13 1.3109426739e-12 2.592463787e-12 5.0294477784e-12 
9.5785705756e-12 1.7925492687e-11 3.3006156835e-11 5.9896219928e-11 1.0734457767e-10 1.9045050259e-10 3.3538632982e-10 5.8777005485e-10 1.0274711082e-09 
1.7945108732e-09 3.1335616324e-09 5.4685056483e-09 9.5235694886e-09 1.6513014955e-08 2.842559077e-08 4.8429157573e-08 8.140953156e-08 1.3462637583e-07 
2.184092267e-07 3.467224019e-07 5.3731048411e-07 8.1102842842e-07 1.1899497849e-06 1.6940119849e-06 2.336438456e-06 3.1189233596e-06 4.0285217437e-06 
5.0388402997e-06 6.117886187e-06 7.242862921e-06 8.418555808e-06 9.6935827969e-06 1.1173177882e-05 1.303755289e-05 1.5574476492e-05 1.9194640117e-05 
2.4326560379e-05 3.1073213904e-05 3.8693659008e-05 4.5343764214e-05 4.86849749e-05 4.7345249186e-05 4.1978819354e-05 3.4583925299e-05 2.7105081244e-05 
2.0657624191e-05 1.5536677893e-05 1.1574031305e-05 8.4818675532e-06 6.0408679019e-06 4.1332637011e-06 2.6959180559e-06 1.6702188077e-06 9.8244061064e-07 
5.4957024531e-07 2.9324039019e-07 1.4985104713e-07 7.3718837257e-08 3.5148811861e-08 1.6388829849e-08 7.5608523886e-09 3.5006326726e-09 1.6509468237e-09 
8.0257811508e-10 4.0415859548e-10 2.1010637674e-10 1.1169074693e-10 6.001653341e-11 3.2261766175e-11 1.7212358275e-11 9.0652988588e-12 4.6969169006e-12 
2.3889987211e-12 1.1913814119e-12 5.8212110262e-13 2.785765325e-13 1.3054981358e-13 5.9909739116e-14 2.6923689312e-14 1.1850605878e-14 5.1096542565e-15 
2.1588224965e-15 8.9460845856e-16 3.6554532696e-16 1.5232198784e-16 7.7804489303e-17 5.8826814058e-16 1.0981497346e-15 2.5132159994e-15 5.8921805626e-15 
1.3647122102e-14 3.1033071349e-14 6.9202415608e-14 1.512820766e-13 3.2415403369e-13 6.8072517024e-13 1.4009979158e-12 2.8260328105e-12 5.588203511e-12 
1.0836096777e-11 2.0616706259e-11 3.8518074147e-11 7.0745770353e-11 1.2793224813e-10 2.2820954848e-10 4.0250089373e-10 7.0376177108e-10 1.2232720392e-09 
2.1194224153e-09 3.6682485938e-09 6.3508207582e-09 1.1001047184e-08 1.9048465916e-08 3.2903063385e-08 5.6539690263e-08 9.6340059486e-08 1.6222743682e-07 
2.6906295147e-07 4.3814068817e-07 6.9840973538e-07 1.0867903484e-06 1.6467222395e-06 2.4240791845e-06 3.4600116123e-06 4.7814119171e-06 6.3915085775e-06 
8.2653814388e-06 1.0356861821e-05 1.2622692338e-05 1.5063912542e-05 1.7774063963e-05 2.0977347958e-05 2.5056826416e-05 3.0612263799e-05 3.8589718315e-05 
5.0385766372e-05 6.7552304245e-05 9.061981109e-05 0.00011715567962 0.00014058654779 0.00015222541697 0.00014693071716 0.00012768642046 0.00010236726666 
7.798903971e-05 5.8057605202e-05 4.3034393457e-05 3.1890245737e-05 2.3384496671e-05 1.6687537936e-05 1.1420755072e-05 7.4295958257e-06 4.578046628e-06 
2.6725056159e-06 1.4814305587e-06 7.8246921476e-07 3.9544863739e-07 1.9217290514e-07 9.0349288939e-08 4.1424900843e-08 1.8721827644e-08 8.4556983637e-09 
3.8768637189e-09 1.8305765792e-09 8.9769425227e-10 4.5692064021e-10 2.3933832694e-10 1.2744198752e-10 6.8168658218e-11 3.6288555494e-11 1.9100521512e-11 
9.899137933e-12 5.0386934208e-12 2.5151074799e-12 1.2301190882e-12 5.892470214e-13 2.7638966961e-13 1.2694065363e-13 5.7089620845e-14 2.5144494912e-14 
1.0847619766e-14 4.585246418e-15 1.9008401895e-15 7.7694022972e-16 3.2382784258e-16 1.6543654603e-16 1.2336596537e-15 2.3050663347e-15 5.2804855554e-15 
1.2391403381e-14 2.8726465109e-14 6.5382642605e-14 1.4593239269e-13 3.1930003346e-13 6.8473487514e-13 1.4390198018e-12 2.9634834083e-12 5.9804522445e-12 
1.1828014262e-11 2.2932270666e-11 4.3604449912e-11 8.1368634053e-11 1.4915901847e-10 2.6896035399e-10 4.7789744384e-10 8.3857593092e-10 1.4569488949e-09 
2.5136348558e-09 4.3192098786e-09 7.411672609e-09 1.272631156e-08 2.1886041424e-08 3.7684163345e-08 6.4859797533e-08 1.112911292e-07 1.8973635463e-07 
3.2020636809e-07 5.3290943924e-07 8.7141603444e-07 1.3952263771e-06 2.1803475647e-06 3.3160058592e-06 4.8956758292e-06 7.0017449616e-06 9.6858248071e-06 
1.2951162716e-05 1.6749128918e-05 2.1006155293e-05 2.5695795557e-05 3.0954561225e-05 3.7209716538e-05 4.5270615374e-05 5.6392735132e-05 7.2463401011e-05 
9.6485637187e-05 0.00013308605412 0.00018778392405 0.00026318649179 0.00035204956657 0.00043206673581 0.0004715451505 0.00045056091039 0.00038227450568 
0.00029707184876 0.00021936853591 0.00015940183948 0.00011664007616 8.6273183115e-05 6.3508268795e-05 4.5490225602e-05 3.1141982618e-05 2.018109808e-05 
1.234503361e-05 7.1374611252e-06 3.9132878555e-06 2.0431846224e-06 1.020510922e-06 4.8998458624e-07 2.2740775307e-07 1.0273390672e-07 4.5604217291e-08 
2.0147075119e-08 8.9986835761e-09 4.1299390574e-09 1.9706896115e-09 9.8040275898e-10 5.0506443472e-10 2.6608276693e-10 1.4147313876e-10 7.5092959628e-11 
3.9486046377e-11 2.0466081954e-11 1.0424204035e-11 5.2081850117e-12 2.549905816e-12 1.2227060727e-12 5.7407865354e-13 2.63900799e-13 1.1878096163e-13 
5.2352667015e-14 2.2599184622e-14 9.557411557e-15 3.9636995705e-15 1.6206183971e-15 6.7563170109e-16 3.4521844205e-16 2.5357083241e-15 4.7426327629e-15 
1.0875902196e-14 2.5547340393e-14 5.9284303541e-14 1.3506913415e-13 3.0177436613e-13 6.6093923954e-13 1.4187407759e-12 2.9842803576e-12 6.1507209916e-12 
1.2420711161e-11 2.4576734745e-11 4.7658009483e-11 9.0600305036e-11 1.6894528831e-10 3.0927616024e-10 5.5646992569e-10 9.8565078321e-10 1.7222070436e-09 
2.9759992248e-09 5.1009494406e-09 8.7002032245e-09 1.4812359339e-08 2.523894338e-08 4.3110674142e-08 7.3841938786e-08 1.2668576232e-07 2.1716029153e-07 
3.7063546188e-07 6.27272982e-07 1.0481990103e-06 1.72213322e-06 2.7706544188e-06 4.3489899326e-06 6.63822766e-06 9.8251775853e-06 1.4069019926e-05 
1.9460603653e-05 2.5991099392e-05 3.3560114389e-05 4.2064562876e-05 5.1605165936e-05 6.2803366745e-05 7.7138312918e-05 9.7168223874e-05 0.00012668580166 
0.00017131151981 0.00024018771364 0.00034810588113 0.00051414530026 0.00075039057992 0.0010386205977 0.0013077111216 0.0014427482383 0.0013609324815 
0.00112151145 0.00084065948613 0.00060004211264 0.00042628904339 0.00030889856862 0.00022910902044 0.00016996156774 0.0001223920699 8.3771839854e-05 
5.3984251281e-05 3.2708579965e-05 1.8686918338e-05 1.0114320503e-05 5.2134973885e-06 2.5725291835e-06 1.221174216e-06 5.6045627161e-07 2.5012712968e-07 
1.0940370743e-07 4.7426780725e-08 2.068698457e-08 9.2379428551e-09 4.2865697658e-09 2.0804729051e-09 1.0517169358e-09 5.471172404e-10 2.8872942925e-10 
1.5266625464e-10 8.0151246751e-11 4.1534838069e-11 2.1166941463e-11 1.0585356376e-11 5.188221814e-12 2.4906209907e-12 1.1706644768e-12 5.3869452302e-13 
2.4268648614e-13 1.0704960274e-13 4.6241849461e-14 1.9567131932e-14 8.1186024293e-15 3.3205197133e-15 1.384631524e-15 7.0757516642e-16 5.1071800733e-15 
9.56232096e-15 2.1953137347e-14 5.1622992177e-14 1.1992354809e-13 2.7352412327e-13 6.1179013244e-13 1.3414149349e-12 2.8825702676e-12 6.0698191265e-12 
1.2522546368e-11 2.53103042e-11 5.0117604511e-11 9.7234165164e-11 1.84881499e-10 3.4467392829e-10 6.3047661536e-10 1.1327189187e-09 2.001665278e-09 
3.4858604891e-09 5.9971019262e-09 1.0222917624e-08 1.7324968127e-08 2.9292248627e-08 4.9568317451e-08 8.4149945678e-08 1.4346679222e-07 2.4549109412e-07 
4.2066508854e-07 7.1928587886e-07 1.2217893754e-06 2.0516849872e-06 3.389405947e-06 5.482952929e-06 8.6482714323e-06 1.3250210031e-05 1.9656057702e-05 
2.8161310183e-05 3.8904250687e-05 5.1812497986e-05 6.6657325078e-05 8.3318162069e-05 0.00010234384536 0.00012578438327 0.00015805223666 0.00020645921177 
0.00028162123635 0.00039930315688 0.00058598211035 0.00088693172438 0.0013659830438 0.0020766048692 0.0029900844675 0.0038989104796 0.0043813674711 
0.0040592434816 0.0032206925098 0.0023113195784 0.0015916713746 0.0011173362145 0.00080336135579 0.00059887900716 0.00044867757242 0.00032486073906 
0.00022194364283 0.00014187239867 8.4917344793e-05 4.7829864343e-05 2.5515331799e-05 1.2976811377e-05 6.3305719777e-06 2.9776481369e-06 1.3561801779e-06 
6.005828368e-07 2.6005221798e-07 1.1108836873e-07 4.7462460628e-08 2.0645174459e-08 9.3056975459e-09 4.3941201788e-09 2.1723205457e-09 1.1123723054e-09 
5.812306747e-10 3.0562144482e-10 1.6002976722e-10 8.2859753781e-11 4.223750516e-11 2.1140481726e-11 1.0373524956e-11 4.9861113502e-12 2.3465580607e-12 
1.0810735987e-12 4.8755471231e-13 2.1526332691e-13 9.3060372505e-14 3.9403694879e-14 1.6357122701e-14 6.6924441622e-15 2.7912850576e-15 1.4265168797e-15 
1.0077039165e-14 1.8888843194e-14 4.3416703202e-14 1.022117368e-13 2.3771856337e-13 5.4283292271e-13 1.2156133305e-12 2.6686133772e-12 5.7416059754e-12 
1.2104697453e-11 2.500222078e-11 5.0589466644e-11 1.0027215863e-10 1.9469825752e-10 3.7041117396e-10 6.9071826037e-10 1.2631903301e-09 2.2676571731e-09 
4.0011722824e-09 6.9513483858e-09 1.1918976917e-08 2.022892609e-08 3.4102022539e-08 5.7320814761e-08 9.6424635387e-08 1.6283289028e-07 2.7653740631e-07 
4.7231716849e-07 8.0975542005e-07 1.3884879309e-06 2.3697232336e-06 4.003540198e-06 6.6580778366e-06 1.084116866e-05 1.7198122805e-05 2.6464518669e-05 
3.9356338675e-05 5.6399792811e-05 7.774590631e-05 0.00010308189667 0.00013182873954 0.00016386866628 0.00020098550885 0.00024891257635 0.00031942172791 
0.00043158404878 0.0006128626992 0.0009045706247 0.001378990477 0.0021679431666 0.0034780595452 0.0055372528732 0.0084015568718 0.011550115421 
0.01339281816 0.012052337639 0.0090712439269 0.0061670811847 0.0041243578307 0.003012937028 0.0021207791287 0.0015620612539 0.0011729071848 
0.00085002830019 0.0005773967714 0.00036480955896 0.0002150668588 0.00011917675874 6.2608763983e-05 3.1446492358e-05 1.5213737242e-05 7.1288036452e-06 
3.2453347103e-06 1.437532319e-06 6.2090373376e-07 2.6299167644e-07 1.1049965565e-07 4.6871655002e-08 2.0482287866e-08 9.3669765278e-09 4.5024401985e-09 
2.2566015723e-09 1.1619649687e-09 6.0546362368e-10 3.1544150625e-10 1.6295237382e-10 8.3018307506e-11 4.1572710552e-11 2.042172681e-11 9.8292580672e-12 
4.6325174599e-12 2.13721792e-12 9.6510429856e-13 4.2658877732e-13 1.8459250784e-13 7.8219223633e-14 3.2488284117e-14 1.3297333917e-14 5.5470201423e-15 
2.8348691379e-15 1.9473473805e-14 3.6545412692e-14 8.4106908992e-14 1.982450933e-13 4.6163355256e-13 1.0554750433e-12 2.3666810699e-12 5.2024209593e-12 
1.1208240933e-11 2.3661652498e-11 4.8938610109e-11 9.9151423183e-11 1.9676772711e-10 3.8248937351e-10 7.2836353615e-10 1.3591324732e-09 2.4864177384e-09 
4.4629766549e-09 7.8689375016e-09 1.3650840458e-08 2.3351699241e-08 3.9504165272e-08 6.6323515568e-08 1.1095551855e-07 1.8574273497e-07 3.1231419939e-07 
5.2882717227e-07 9.0239564088e-07 1.5495163552e-06 2.6677503229e-06 4.5811975724e-06 7.7989479905e-06 1.3077934454e-05 2.1468480554e-05 3.4304153814e-05 
5.3085514082e-05 7.9215817095e-05 0.0001135979328 0.00015621191415 0.00020596128888 0.00026126365992 0.00032194732921 0.00039272938739 0.00048781439546 
0.00063563860022 0.00088162627071 0.0012910118094 0.0019639148377 0.0030845275614 0.0050159669481 0.0084049673751 0.014181551524 0.023163506761 
0.034442964941 0.041923321784 0.035889428109 0.02507994324 0.015990169719 0.010870639235 0.0098720695823 0.0063753118739 0.0042585446499 
0.0030753710307 0.0021937079728 0.0014691371471 0.00091271533165 0.00052819546545 0.00028748589102 0.00014881453535 7.4080366176e-05 3.580151315e-05 
1.6892716303e-05 7.7864997365e-06 3.4951037833e-06 1.5230907593e-06 6.4523237597e-07 2.6806088727e-07 1.1108120646e-07 4.695277056e-08 2.0667746625e-08 
9.5736440997e-09 4.6510648666e-09 2.3392563442e-09 1.1993009918e-09 6.1846311405e-10 3.1765806652e-10 1.6141346593e-10 8.0784753886e-11 3.9710221222e-11 
1.9138357565e-11 9.0343366468e-12 4.1748531715e-12 1.8881458896e-12 8.3571891811e-13 3.6203931021e-13 1.535459585e-13 6.3815265734e-14 2.6129023329e-14 
1.0900915926e-14 5.5703347242e-15 3.6846742969e-14 6.9235754825e-14 1.5955238433e-13 3.7655469021e-13 8.7798144406e-13 2.0100936974e-12 4.5134477752e-12 
9.9355688607e-12 2.1436756883e-11 4.5322402081e-11 9.3879716501e-11 1.9048854161e-10 3.7858222113e-10 7.3694128577e-10 1.4051385611e-09 2.624899853e-09 
4.8061008506e-09 8.6308782343e-09 1.5217732852e-08 2.638343588e-08 4.5072230392e-08 7.6084461398e-08 1.2736003896e-07 2.123039593e-07 3.5406151255e-07 
5.9336696268e-07 1.0027240478e-06 1.7112816977e-06 2.9466441447e-06 5.1011966207e-06 8.8293700173e-06 1.5175220142e-05 2.5712028219e-05 4.2644311179e-05 
6.8780958827e-05 0.00010725541506 0.00016088513075 0.00023118787794 0.00031735483208 0.00041592281195 0.00052238121862 0.00063603982562 0.0007679812843 
0.00094977673143 0.0012437847909 0.0017485480057 0.0026051388122 0.0040351902135 0.0064718662761 0.010853826068 0.019117007032 0.034797422588 
0.062799289823 0.10370491445 0.1350478828 0.10646189004 0.067374683917 0.040347151458 0.032135754824 0.047347191721 0.02584800683 
0.013366596773 0.008343975991 0.0056095682085 0.0036411362235 0.00220688642 0.001248923596 0.00066714279819 0.00034127538675 0.00016972901358 
8.3073828137e-05 4.0194176108e-05 1.9122788217e-05 8.8470224e-06 3.9411584112e-06 1.6856508864e-06 6.9687189352e-07 2.8313357348e-07 1.157833438e-07 
4.8839684297e-08 2.159878143e-08 1.0040227316e-08 4.8632542438e-09 2.4216613159e-09 1.2233677404e-09 6.2015909075e-10 3.1282365587e-10 1.5605330916e-10 
7.6658013271e-11 3.697601253e-11 1.7482066142e-11 8.093407021e-12 3.6669716742e-12 1.6256665068e-12 7.0518959595e-13 2.9938451349e-13 1.2451195945e-13 
5.0998352812e-14 2.127569903e-14 1.0868224689e-14 6.8247050535e-14 1.2840424524e-13 2.9631272479e-13 7.0025143453e-13 1.6349349175e-12 3.7483688028e-12 
8.4288652447e-12 1.8582827985e-11 4.0156808434e-11 8.5038233399e-11 1.7643740635e-10 3.5860520109e-10 7.1390265921e-10 1.3919840836e-09 2.6583848456e-09 
4.9734993901e-09 9.1183558482e-09 1.6392275981e-08 2.8922386264e-08 5.0153435183e-08 8.5643151237e-08 1.4440369966e-07 2.4126183007e-07 4.0116177047e-07 
6.6717973368e-07 1.1155125321e-06 1.8831622128e-06 3.2176944842e-06 5.5630116549e-06 9.6989906524e-06 1.6951762518e-05 2.9477161661e-05 5.0580576499e-05 
8.4961939137e-05 0.00013866937661 0.00021845022275 0.00033019983675 0.00047649713815 0.0006539170281 0.00085202278569 0.0010575848864 0.0012678438798 
0.0015081631718 0.0018409114564 0.0023894582409 0.0033480157144 0.0049918489531 0.007762318477 0.012584107928 0.021691272035 0.04044656083 
0.080807521939 0.16443288326 0.30746841431 0.43974030018 0.30405929685 0.16997349262 0.097829930484 0.11120812595 0.28251495957 
0.13155294955 0.050784155726 0.024381492287 0.014350514859 0.0087600694969 0.0051186983474 0.0028205232229 0.0014798217453 0.00075330655091 
0.00037994547165 0.00019261123089 9.7981625004e-05 4.915108002e-05 2.3781187338e-05 1.0925683455e-05 4.7452749641e-06 1.9623828393e-06 7.8631865108e-07 
3.1294021596e-07 1.269466452e-07 5.3487806184e-08 2.3568242469e-08 1.0824933838e-08 5.140885051e-09 2.5008020099e-09 1.234143121e-09 6.1210581048e-10 
3.0256569472e-10 1.4805105752e-10 7.1362714349e-11 3.3774309738e-11 1.5663760219e-11 7.1108522716e-12 3.1581562452e-12 1.3720218538e-12 5.8313195852e-13 
2.426867843e-13 9.942492386e-14 4.1468219104e-14 2.1169658976e-14 1.2370288713e-13 2.3305508456e-13 5.3857818812e-13 1.2745380923e-12 2.9799734728e-12 
6.842138401e-12 1.5409347409e-11 3.4026840373e-11 7.3653319554e-11 1.5624243566e-10 3.2475319656e-10 6.6127187059e-10 1.318928744e-09 2.5765891642e-09 
4.9300910021e-09 9.2407228536e-09 1.6971643646e-08 3.0558613417e-08 5.3987992743e-08 9.370476306e-08 1.6007498971e-07 2.6983536827e-07 4.5039644192e-07 
7.477343047e-07 1.241291784e-06 2.0723978196e-06 3.4980132568e-06 5.9898352447e-06 1.0409870811e-05 1.8304499463e-05 3.2360941987e-05 5.7043231209e-05 
9.9339864391e-05 0.00016938176122 0.00028042850317 0.00044743614853 0.00068333250238 0.00099271861836 0.0013643123675 0.0017668085638 0.0021596516017 
0.0025356353726 0.0029629296623 0.0035448479466 0.0044947117567 0.0061603095382 0.0090234670788 0.013858777471 0.022405607626 0.039357218891 
0.077624246478 0.17089021206 0.39376279712 0.84667599201 1.4111235142 0.78186810017 0.37528979778 0.21022546291 0.34921267629 
1.5872282982 0.61949324608 0.20135210454 0.075408436358 0.036794211715 0.020360223949 0.01129345689 0.0060330135748 0.0031207427382 
0.0016027000966 0.00084037223132 0.00045484740986 0.00024944849429 0.00013371519162 6.7902532464e-05 3.2144864235e-05 1.416680152e-05 5.87356908e-06 
2.3366483219e-06 9.1516176326e-07 3.6185451791e-07 1.4691636352e-07 6.1614152003e-08 2.6669082942e-08 1.1892979934e-08 5.4576125841e-09 2.5695310324e-09 
1.2329869348e-09 5.9729249324e-10 2.8922128581e-10 1.3882762995e-10 6.5664945703e-11 3.0489406139e-11 1.3866368991e-11 6.1698723387e-12 2.6845914814e-12 
1.1422594641e-12 4.7566524287e-13 1.9488036673e-13 8.1233725801e-14 4.1426101238e-14 2.1936464689e-13 4.1385181415e-13 9.5779254753e-13 2.2698336266e-12 
5.3147959124e-12 1.2221565773e-11 2.7568418035e-11 6.0978319616e-11 1.3222310746e-10 2.8100280436e-10 5.8519028512e-10 1.1939620403e-09 2.3863284682e-09 
4.6717452129e-09 8.9584490937e-09 1.6828012761e-08 3.0973133391e-08 5.5883877081e-08 9.8914426871e-08 1.7194977886e-07 2.9406913882e-07 4.959770763e-07 
8.2777006583e-07 1.3732625348e-06 2.2774113404e-06 3.7996769606e-06 6.4173423198e-06 1.1021016689e-05 1.9270630219e-05 3.4209740988e-05 6.125044456e-05 
0.00010959565407 0.00019398565928 0.00033627264202 0.00056572229369 0.00091609009542 0.0014168561902 0.0020772737917 0.0028645375278 0.0036832841579 
0.0043954104185 0.0049912058748 0.0057304091752 0.0067209266126 0.0082393717021 0.010853476822 0.015326604247 0.022824522108 0.036078479141 
0.063145510852 0.12849655747 0.30369397998 0.77809327841 1.9649391174 4.5259857178 1.5844652653 0.63539713621 0.30619987845 
0.29535514116 0.77031826973 2.0310504436 0.66752022505 0.21904265881 0.091166041791 0.045036122203 0.023436987773 0.01211963594 
0.0062421527691 0.003313936526 0.0018712135497 0.0011146891629 0.00066752528073 0.00038128482993 0.00020131721976 9.7310221463e-05 4.3279560487e-05 
1.7984208171e-05 7.1449062489e-06 2.7880821563e-06 1.0938508694e-06 4.3670331706e-07 1.774700138e-07 7.3148434865e-08 3.0599579759e-08 1.3079440642e-08 
5.7587934421e-09 2.618707251e-09 1.2227392432e-09 5.7944793408e-10 2.7520258294e-10 1.2965813145e-10 6.017706472e-11 2.7398569524e-11 1.220972802e-11 
5.3198738817e-12 2.2656249706e-12 9.4379484696e-13 3.8656258099e-13 1.6096797289e-13 8.1956847992e-14 3.8047261739e-13 7.1880820523e-13 1.6660550977e-12 
3.9540710116e-12 9.2722730535e-12 2.1355315086e-11 4.8250948376e-11 1.0691101476e-10 2.322458198e-10 4.9452375528e-10 1.0319388677e-09 2.1099522129e-09 
4.2265151379e-09 8.2936164603e-09 1.5942172027e-08 3.0020984809e-08 5.5394519194e-08 1.0019464725e-07 1.7776442007e-07 3.0968183751e-07 5.305604418e-07 
8.9598114528e-07 1.4963659396e-06 2.4827049856e-06 4.1164807953e-06 6.868636774e-06 1.1615407857e-05 2.0017676434e-05 3.5230284993e-05 6.3163643063e-05 
0.00011457499204 0.0002081891289 0.00037465852802 0.00066041923128 0.001129439217 0.0018583129859 0.0029172981158 0.0043359338306 0.0060461438261 
0.0077544446103 0.0088827703148 0.0093962615356 0.010589800775 0.012335699052 0.014616102912 0.018265563995 0.024439584464 0.034613326192 
0.05207374692 0.086853668094 0.17026671767 0.39676445723 1.0399684906 2.9158554077 2.2306625843 1.2193613052 0.62920963764 
0.3593301475 0.35574162006 0.76569485664 1.7747868299 1.9439585209 0.53819435835 0.20234271884 0.091514468193 0.044964443892 
0.022695435211 0.011891330592 0.0067810118198 0.0042856554501 0.0028549111448 0.0018535194686 0.0011096167145 0.00059947202681 0.00029239337891 
0.00013036170276 5.4228145018e-05 2.1619631298e-05 8.4989469542e-06 3.3632356917e-06 1.3468719544e-06 5.4182146414e-07 2.1697188402e-07 8.6394727816e-08 
3.4544981986e-08 1.4109790669e-08 5.9793157092e-09 2.6419455512e-09 1.207375866e-09 5.6194993103e-10 2.6227189864e-10 1.2132274352e-10 5.521712948e-11 
2.4624195044e-11 1.0737966072e-11 4.5753405405e-12 1.905833347e-12 7.8001851939e-13 3.2429557629e-13 1.6475551121e-13 6.4524996674e-13 1.2207794454e-12 
2.8338184663e-12 6.7354919385e-12 1.5818740415e-11 3.6490938743e-11 8.2587992001e-11 1.8331923479e-10 3.9898231941e-10 8.5126000693e-10 1.7801256025e-09 
3.6479250731e-09 7.3246901877e-09 1.4409259563e-08 2.7770981958e-08 5.2440114473e-08 9.7036839009e-08 1.7601938396e-07 3.1317597404e-07 5.4704486274e-07 
9.3947147661e-07 1.589676458e-06 2.6588231776e-06 4.4158527999e-06 7.3275168688e-06 1.2239645912e-05 2.0741792468e-05 3.5887340346e-05 6.3574698288e-05 
0.00011508703756 0.00021144917991 0.00039003920392 0.00071284704609 0.0012748702429 0.0022119476926 0.0036997273564 0.0059298267588 0.0091022895649 
0.01332509052 0.017594236881 0.018977969885 0.016825858504 0.018059847876 0.021449049935 0.024890828878 0.029337536544 0.036680307239 
0.048603806645 0.067883320153 0.1024986282 0.17475062609 0.33771967888 0.68515485525 1.2426873446 1.1855894327 0.84378433228 
0.53339761496 0.36312049627 0.38504654169 0.70313090086 1.488209486 2.8461010456 0.97412246466 0.37059313059 0.16257381439 
0.078075647354 0.039534065872 0.021924957633 0.014098634012 0.010225817561 0.0075561823323 0.0052061658353 0.0031995996833 0.0017406352563 
0.0008473341004 0.0003763923014 0.00015659672499 6.2950188294e-05 2.5182664103e-05 1.0188898159e-05 4.1554599193e-06 1.6821371673e-06 6.6644264507e-07 
2.5746967935e-07 9.7895593854e-08 3.7389217056e-08 1.4710754392e-08 6.0753326814e-09 2.6398343511e-09 1.1906984287e-09 5.4659043958e-10 2.5097593448e-10 
1.1392128907e-10 5.0771657711e-11 2.213929734e-11 9.4317132229e-12 3.9262286998e-12 1.604867606e-12 6.6580633151e-13 3.3733164374e-13 1.0696932706e-12 
2.0267084452e-12 4.7118181752e-12 1.1215865042e-11 2.6381674623e-11 6.0956205361e-11 1.3819541345e-10 3.0730878953e-10 6.7013394833e-10 1.4327361519e-09 
3.002692317e-09 6.1677507546e-09 1.2415371842e-08 2.4489128947e-08 4.7332189723e-08 8.9646285062e-08 1.6640616707e-07 3.0283146657e-07 5.4056960153e-07 
9.4729068678e-07 1.6317999325e-06 2.7688342925e-06 4.642456588e-06 7.7276463344e-06 1.2852239706e-05 2.1525947886e-05 3.6607896618e-05 6.3645165937e-05 
0.00011352229194 0.00020757268067 0.00038668554043 0.00072461128002 0.0013413889101 0.0024157911539 0.0042228526436 0.0071961195208 0.012056206353 
0.020446168259 0.034734345973 0.049207765609 0.050213318318 0.031864333898 0.028345769271 0.034904424101 0.040526170284 0.045058362186 
0.052098870277 0.063946053386 0.082335315645 0.11182674021 0.16472736001 0.2650898397 0.43881219625 0.6524065733 0.69072860479 
0.57165080309 0.41826453805 0.33068984747 0.3747664392 0.63294690847 1.2760938406 2.8362517357 1.0991564989 0.49270775914 
0.24137952924 0.12204671651 0.065105572343 0.040393855423 0.030483100563 0.02526592277 0.020191274583 0.014426073991 0.0089395483956 
0.0048304470256 0.0023238472641 0.001022811397 0.00042554037645 0.00017350824783 7.1381480666e-05 2.9873153835e-05 1.2536313079e-05 5.1563170018e-06 
2.0441304969e-06 7.7741526638e-07 2.8594806167e-07 1.0377952719e-07 3.8259994284e-08 1.4754824917e-08 6.047015777e-09 2.6187807478e-09 1.1740017847e-09 
5.3265475364e-10 2.4047949743e-10 1.0692913915e-10 4.6573273016e-11 1.9821375444e-11 8.2406286656e-12 3.3622408243e-12 1.3912086544e-12 7.0261504947e-13 
1.7329931977e-12 3.2881395089e-12 7.6561144577e-12 1.8251547843e-11 4.2996963628e-11 9.9508221107e-11 2.2598779792e-10 5.0346132818e-10 1.1000383937e-09 
2.3568342833e-09 4.9505977096e-09 1.0193697442e-08 2.0573263981e-08 4.0695063319e-08 7.8893378941e-08 1.4990753527e-07 2.7922567369e-07 5.0998556844e-07 
9.1376529099e-07 1.6073812503e-06 2.7794174002e-06 4.733966307e-06 7.9679102782e-06 1.3317983758e-05 2.2255006115e-05 3.7482102925e-05 6.4149149694e-05 
0.0001123400798 0.0002023166453 0.00037561406498 0.00071574543836 0.0013733293163 0.0025667750742 0.0045612100512 0.0078849997371 0.013840192929 
0.026039935648 0.055977277458 0.11798708141 0.16140826046 0.15759311616 0.074736893177 0.045058399439 0.054501444101 0.063654147089 
0.066636502743 0.070524789393 0.079509913921 0.094441615045 0.11666804552 0.1514890343 0.20881283283 0.2952196002 0.38987165689 
0.42467591166 0.38316094875 0.31595504284 0.2844235599 0.33323833346 0.49791884422 0.80000072718 1.1632610559 0.81839042902 
0.58514606953 0.34196767211 0.18428660929 0.10647053272 0.077117934823 0.068710975349 0.063249722123 0.053226523101 0.038782905787 
0.023895204067 0.012666628696 0.0059633944184 0.0025865579955 0.0010774459224 0.00044942621025 0.00019248486205 8.4172665083e-05 3.6565608752e-05 
1.5342549887e-05 6.1157916207e-06 2.3079030598e-06 8.3107852333e-07 2.9097898846e-07 1.0197724976e-07 3.7036432587e-08 1.4324117004e-08 5.9306066724e-09 
2.5835951156e-09 1.1539080802e-09 5.1686610547e-10 2.2892093776e-10 9.947959817e-11 4.2261319444e-11 1.7536338701e-11 7.1384001141e-12 2.9447694283e-12 
1.4820548217e-12 2.7429881283e-12 5.2118535182e-12 1.215359844e-11 2.9016010081e-11 6.8460549729e-11 1.5869572323e-10 3.6102865142e-10 8.0579865003e-10 
1.7641345051e-09 3.7877692094e-09 7.9747630721e-09 1.6461948249e-08 3.3314645265e-08 6.609342762e-08 1.2854410159e-07 2.4510228513e-07 4.5825933626e-07 
8.4035508507e-07 1.5121610204e-06 2.672042001e-06 4.6425134315e-06 7.9482415458e-06 1.3456798115e-05 2.2651584004e-05 3.8181206037e-05 6.496963033e-05 
0.00011247678049 0.00019960690406 0.00036661716877 0.00070466293255 0.0014143656008 0.0028542727232 0.0053982646205 0.0090069519356 0.014742381871 
0.027336573228 0.065158054233 0.20076748729 0.44874644279 0.44292834401 0.39252814651 0.1692250371 0.07782073319 0.086300238967 
0.098524272442 0.095966853201 0.091812878847 0.094056621194 0.10308711976 0.1175904572 0.13840231299 0.1689118892 0.21064610779 
0.25396093726 0.27484071255 0.26347446442 0.24210904539 0.24362616241 0.29387658834 0.40685787797 0.57588064671 0.75477296114 
0.8427143693 1.0258356333 0.57281792164 0.29387331009 0.18020096421 0.15375770628 0.15802867711 0.1565477103 0.13629311323 
0.10041896254 0.060753315687 0.031180156395 0.01421091333 0.0060427538119 0.0025307256728 0.0010944439564 0.00049509148812 0.0002280024346 
0.00010267961625 4.3914540584e-05 1.7602980733e-05 6.6092770794e-06 2.345027724e-06 8.0038120132e-07 2.7018973014e-07 9.3543846447e-08 3.4386083314e-08 
1.3632732276e-08 5.7636486694e-09 2.5292674621e-09 1.1222288654e-09 4.9448239947e-10 2.1419495344e-10 9.0766977268e-11 3.7572014944e-11 1.5252930863e-11 
6.2715783088e-12 3.144921823e-12 4.240611768e-12 8.068642976e-12 1.8843242938e-11 4.5052607478e-11 1.0645798826e-10 2.4717211611e-10 5.6327625897e-10 
1.2595301468e-09 2.7629960542e-09 5.9452736068e-09 1.2546679251e-08 2.5966254924e-08 5.2697117781e-08 1.0487065083e-07 2.0465687101e-07 3.9169535171e-07 
7.3536068612e-07 1.3546039099e-06 2.4496014248e-06 4.3521749831e-06 7.6080759754e-06 1.3119115465e-05 2.2408623408e-05 3.814903539e-05 6.522982585e-05 
0.00011290475231 0.00019929397968 0.00036256661406 0.00069455080666 0.0014399638167 0.0032130784821 0.0071806008928 0.014196449891 0.020080108196 
0.028658179566 0.056347284466 0.18637448549 1.0739753246 1.4085046053 0.71509599686 0.47256138921 0.21224118769 0.11429189891 
0.13653101027 0.15014946461 0.13477939367 0.11566417664 0.10652466118 0.10736888647 0.11444835365 0.12558849156 0.14096711576 
0.16074129939 0.18110917509 0.19381314516 0.19575330615 0.19772705436 0.21735607088 0.2705348134 0.36704280972 0.51171648502 
0.73481965065 1.2223986387 2.7735793591 1.0472772121 0.46545773745 0.30576148629 0.31062370539 0.36075794697 0.37660074234 
0.33650189638 0.25019830465 0.1462393254 0.071475036442 0.031162597239 0.012953271158 0.0055158678442 0.0025271764025 0.0012267684797 
0.00059674639488 0.00027741701342 0.00012030360813 4.8325196985e-05 1.8038506823e-05 6.3212041823e-06 2.1159878543e-06 6.947662996e-07 2.3199619648e-07 
8.1888700265e-08 3.1283295954e-08 1.2868860644e-08 5.551731963e-09 2.4393742581e-09 1.0687619678e-09 4.6122000663e-10 1.948600864e-10 8.0432160932e-11 
3.2555399349e-11 1.3339731229e-11 6.6645569272e-12 6.4018547408e-12 1.2197364646e-11 2.852647632e-11 6.8301371503e-11 1.6163327621e-10 3.7586977975e-10 
8.5801876715e-10 1.9221229053e-09 4.2249319598e-09 9.1108258715e-09 1.9273178609e-08 3.99925284e-08 8.1399967655e-08 1.6251799195e-07 3.1830848002e-07 
6.1169316723e-07 1.1536293414e-06 2.1360488063e-06 3.8853477236e-06 6.9497405093e-06 1.2246899132e-05 2.1330497475e-05 3.6909794289e-05 6.3908948505e-05 
0.00011162071314 0.00019805246848 0.00035969572491 0.0006807926693 0.0014003758552 0.0032752139959 0.0085380394012 0.022636581212 0.051973070949 
0.052262432873 0.057701133192 0.1037569344 0.36786779761 1.725908637 0.86459726095 0.52059078217 0.37229475379 0.21106474102 
0.16282361746 0.20794433355 0.21653710306 0.18008112907 0.13989304006 0.11578776687 0.10699216276 0.10730680823 0.11224202067 
0.12007543445 0.13032905757 0.14171919227 0.15197752416 0.16147649288 0.17719981074 0.21121716499 0.2773027122 0.38765391707 
0.5505772233 0.80981624126 1.2985728979 2.8584852219 1.1330075264 0.57468003035 0.486631006 0.61512702703 0.80489605665 
0.87335169315 0.79876691103 0.60100448132 0.32907783985 0.149633497 0.061710454524 0.025218125433 0.011223203503 0.0056406017393 
0.0029794506263 0.0015220730565 0.00072207255289 0.0003143902868 0.0001257375261 4.6509561798e-05 1.6093998056e-05 5.2999939726e-06 1.7039483282e-06 
5.5422594869e-07 1.8992498951e-07 7.0557575782e-08 2.8406768493e-08 1.2083112289e-08 5.2636504044e-09 2.2936152977e-09 9.8592867204e-10 4.1517717042e-10 
1.7084074433e-10 6.8928418528e-11 2.8143010491e-11 1.4007821812e-11 9.4354741034e-12 1.8000897647e-11 4.2158488506e-11 1.0108062998e-10 2.3955132322e-10 
5.5792970244e-10 1.2757579437e-09 2.8631699234e-09 6.3060245914e-09 1.3628616458e-08 2.8900707605e-08 6.0133466206e-08 1.2276842654e-07 2.4595655645e-07 
4.836179528e-07 9.3353111197e-07 1.7696978603e-06 3.2964817365e-06 6.0388492784e-06 1.0895203559e-05 1.940819493e-05 3.4279797546e-05 6.0416587075e-05 
0.00010709810886 0.00019237211382 0.00035194822703 0.000660789432 0.0013090242865 0.0029194585513 0.0077767134644 0.02422427386 0.082732431591 
0.25865828991 0.15002712607 0.11256649345 0.12008725852 0.2174949348 0.49474212527 0.45733696222 0.41535109282 0.37228959799 
0.29021760821 0.26358518004 0.29918512702 0.28383103013 0.22051118314 0.15866462886 0.11999429762 0.10216420144 0.096906423569 
0.098054766655 0.1026294902 0.10961719602 0.11863419414 0.12982578576 0.14572326839 0.17396751046 0.2288389653 0.33137789369 
0.49794813991 0.66625851393 0.99866485596 1.0624835491 1.2102146149 0.7751134634 0.60174405575 0.74445492029 1.1745709181 
1.7564914227 1.9461560249 1.8190407753 1.3990510702 0.67032641172 0.27292147279 0.10606398433 0.043922826648 0.021707106382 
0.012601885945 0.0072797960602 0.0038329779636 0.0018175647128 0.00078227993799 0.00030841925764 0.00011243313929 3.8343860069e-05 1.2438787053e-05 
3.9348092287e-06 1.2573411823e-06 4.229845274e-07 1.5449440127e-07 6.1377754434e-08 2.5866636832e-08 1.1197075267e-08 4.8566057842e-09 2.0797727984e-09 
8.7280671579e-10 3.5796265951e-10 1.43939069e-10 5.8552669657e-11 2.9033496093e-11 1.3574676105e-11 2.5930695091e-11 6.0813291902e-11 1.4600613774e-10 
3.465158438e-10 8.0830436788e-10 1.8513816036e-09 4.1627385983e-09 9.1870724361e-09 1.9900443959e-08 4.2308425208e-08 8.828404674e-08 1.8082906195e-07 
3.636297663e-07 7.1808341318e-07 1.3931261265e-06 2.656803872e-06 4.9848877097e-06 9.2141435744e-06 1.6815005438e-05 3.0403103665e-05 5.4762425862e-05 
9.8980090115e-05 0.00018087342323 0.00033575168345 0.00063355459133 0.0012207970722 0.0024801890831 0.0057586138137 0.016567425802 0.059967998415 
0.273103863 1.4422018528 0.40293198824 0.21011988819 0.16112059355 0.19100563228 0.28840345144 0.36451995373 0.42499172688 
0.45194616914 0.42383408546 0.39232376218 0.38242855668 0.32721537352 0.24020607769 0.16455163062 0.11703101546 0.093358337879 
0.084431894124 0.083449803293 0.086813867092 0.093139357865 0.10235335678 0.11584249884 0.13822779059 0.18092398345 0.26741686463 
0.43512710929 0.64639228582 0.26594570279 0.99077302217 1.0275338888 0.77238214016 0.62332046032 0.67063754797 1.0848160982 
2.0870730877 3.8412435055 4.1833281517 3.9889962673 3.2468485832 1.3355461359 0.39047539234 0.14729322493 0.068100497127 
0.04176196456 0.029740292579 0.018537083641 0.0097246095538 0.0044654207304 0.0018555201823 0.00071028625825 0.00025303233997 8.4744344349e-05 
2.7092393793e-05 8.4692346718e-06 2.6813208933e-06 8.9599291186e-07 3.2574632769e-07 1.2895574741e-07 5.4167482944e-08 2.3368505353e-08 1.0100478676e-08 
4.3101402447e-09 1.8024407522e-09 7.3663003475e-10 2.9514343747e-10 1.1959840063e-10 5.9072316483e-11 1.9061875342e-11 3.6458436964e-11 8.5619719647e-11 
2.0584527138e-10 4.89245644e-10 1.1430687508e-09 2.6227700012e-09 5.9087712501e-09 1.3069255012e-08 2.8379970374e-08 6.0505094268e-08 1.2665694271e-07 
2.6037301382e-07 5.2579173371e-07 1.0434413298e-06 2.0362704163e-06 3.9113447201e-06 7.4055319601e-06 1.3850727555e-05 2.5676450605e-05 4.7413865104e-05 
8.7792344857e-05 0.00016416177095 0.00031146474066 0.0005989788333 0.0011592379306 0.0022467237432 0.0044458396733 0.0096110217273 0.024336993694 
0.068734779954 0.18996469676 0.44999670982 0.36535951495 0.26408544183 0.1952598542 0.1993368566 0.26268595457 0.34959071875 
0.43631821871 0.49472025037 0.49959653616 0.465102911 0.4139971137 0.32876616716 0.23223638535 0.15513344109 0.10674209148 
0.081567369401 0.071152150631 0.069173775613 0.072079919279 0.078393928707 0.088216587901 0.1037267074 0.13145199418 0.18748983741 
0.30749326944 0.55454033613 0.88080972433 0.18818184733 0.027497477829 0.010439125821 0.012240865268 0.44088608027 0.68352222443 
1.2910805941 3.0852355957 2.337744236 2.1513137817 1.9058644772 1.4475170374 0.708784163 0.31316646934 0.15357235074 
0.10051038861 0.086192585528 0.078255981207 0.05078522861 0.025438908488 0.010870671831 0.0042204521596 0.0015332479961 0.00052677158965 
0.00017227999342 5.428505392e-05 1.6857673472e-05 5.3413946262e-06 1.7971605075e-06 6.593213584e-07 2.6280378052e-07 1.1069487726e-07 4.7725677632e-08 
2.0575432913e-08 8.749816871e-09 3.6452818541e-09 1.48405499e-09 5.9230714777e-10 2.3903184987e-10 1.1758126417e-10 2.6127515082e-11 5.0038091726e-11 
1.1767982422e-10 2.8334259938e-10 6.7452593511e-10 1.5787988694e-09 3.6299216966e-09 8.196613166e-09 1.8177095384e-08 3.9589281187e-08 8.4689027346e-08 
1.7796570262e-07 3.6746178012e-07 7.4580725595e-07 1.4888511259e-06 2.9262491807e-06 5.6711628531e-06 1.0863564057e-05 2.0644416509e-05 3.9126163756e-05 
7.4464835052e-05 0.00014335120795 0.0002804963442 0.00055723026162 0.0011133071966 0.002199835144 0.0042205611244 0.0078094722703 0.014356725849 
0.028326515108 0.062208518386 0.13585448265 0.24460014701 0.27328041196 0.2250315398 0.18422420323 0.19459974766 0.2488360852 
0.32582139969 0.40475031734 0.46166035533 0.47467949986 0.44148424268 0.37656351924 0.28848925233 0.20108442008 0.13395625353 
0.091348767281 0.068307906389 0.058190837502 0.055925227702 0.058493241668 0.064567118883 0.074348054826 0.0902807042 0.11949700862 
0.17961487174 0.31143811345 0.60732018948 1.2765749693 3.0749526024 1.5609476566 0.021752927452 0.0034321653657 0.0092417895794 
0.47475966811 0.81415963173 1.3002692461 1.2079848051 1.0830079317 0.91663843393 0.68380004168 0.40632137656 0.23831491172 
0.1732878983 0.16887179017 0.19746999443 0.23105172813 0.14875862002 0.068666368723 0.026405114681 0.0092560118064 0.0031010184903 
0.0010088464478 0.00031967132236 9.9358388979e-05 3.0897452234e-05 9.9340159068e-06 3.4212559967e-06 1.2850648545e-06 5.2065371392e-07 2.2093874463e-07 
9.5353556162e-08 4.1009435847e-08 1.7371986516e-08 7.2060637457e-09 2.9208864216e-09 1.1607232953e-09 4.6632903095e-10 2.2838667069e-10 3.4968580115e-11 
6.707200767e-11 1.5801140951e-10 3.8114617018e-10 9.0922441798e-10 2.1331694189e-09 4.9179185169e-09 1.1140080858e-08 2.4794495346e-08 5.4226585888e-08 
1.1654883991e-07 2.4621769512e-07 5.1141205404e-07 1.044896635e-06 2.1017747258e-06 4.1680050344e-06 8.1686630438e-06 1.5884952518e-05 3.0838593375e-05 
6.0267684603e-05 0.00011964783334 0.00024287523411 0.00050394621212 0.0010585956043 0.0022106596734 0.0044790669344 0.008561687544 0.015040314756 
0.02412705496 0.037157312036 0.060378257185 0.10159537196 0.15553833544 0.18363030255 0.17230926454 0.16387742758 0.18246756494 
0.22640550137 0.28450593352 0.34212291241 0.38206145167 0.38915482163 0.35895144939 0.30058586597 0.2281640172 0.16004909575 
0.10806731135 0.074262298644 0.055212836713 0.046399328858 0.044204458594 0.046334054321 0.051714334637 0.060522384942 0.074821166694 
0.10037023574 0.15040554106 0.25191694498 0.45225468278 0.8102697134 1.2845833302 1.0507564545 0.58109265566 0.33718916774 
0.0085145812482 0.31310543418 0.46130749583 0.60658687353 0.60201573372 0.54429972172 0.46045735478 0.36089888215 0.26747906208 
0.22348354757 0.23549462855 0.30331102014 0.4588008821 0.72732281685 0.43609276414 0.18099653721 0.061841100454 0.019241765141 
0.0058202985674 0.0017633705866 0.00053794699488 0.00016570882872 5.2333478379e-05 1.7413112801e-05 6.2565923145e-06 2.4373937322e-06 1.0098393659e-06 
4.3237952241e-07 1.8669780388e-07 8.00044333e-08 3.3717117986e-08 1.3910524288e-08 5.608924436e-09 2.2177681913e-09 8.865456147e-10 4.3210668377e-10 
4.5741181676e-11 8.7917270686e-11 2.0762382091e-10 5.0216825143e-10 1.2016807549e-09 2.8297579835e-09 6.5523972914e-09 1.4918596136e-08 3.3401676092e-08 
7.3546772228e-08 1.592780734e-07 3.3930990639e-07 7.1117227662e-07 1.4671526287e-06 2.9818538678e-06 5.9813260123e-06 1.1883234038e-05 2.3530430553e-05 
4.6901055612e-05 9.5296811196e-05 0.00019961089129 0.00043248129077 0.00096104270779 0.0021495649125 0.0047213546932 0.0098952539265 0.019113404676 
0.032613992691 0.047318257391 0.059745185077 0.076563812792 0.1020591259 0.13201603293 0.15193764865 0.15538109839 0.15859943628 
0.17345701158 0.20155067742 0.23775589466 0.27246049047 0.29405629635 0.29311618209 0.26706635952 0.22209876776 0.16944141686 
0.12092078477 0.083460077643 0.058303702623 0.043501101434 0.036287952214 0.034290678799 0.035889115185 0.040260676295 0.047474820167 
0.058908242732 0.078239664435 0.11315914243 0.17704185843 0.28682729602 0.44668200612 0.59817510843 0.54986482859 0.40406250954 
0.28369638324 0.1913754642 0.22018145025 0.26035276055 0.30538639426 0.31131494045 0.29360023141 0.26693761349 0.24286036193 
0.2352270633 0.26102590561 0.33296269178 0.48936790228 0.91294842958 2.3556759357 1.149890542 0.41424715519 0.12610453367 
0.035288818181 0.0097314175218 0.0027625346556 0.00081894907635 0.00025437943987 8.3617851487e-05 2.9522825571e-05 1.1256050129e-05 4.5767997108e-06 
1.9379988316e-06 8.3470035861e-07 3.5938566612e-07 1.5300371103e-07 6.4003621958e-08 2.6216609328e-08 1.0501749692e-08 4.127597375e-09 1.6405060643e-09 
7.9529421937e-10 5.8599534947e-11 1.1301305725e-10 2.6797722374e-10 6.5115568493e-10 1.5668331077e-09 3.7141365539e-09 8.6682545586e-09 1.9919665917e-08 
4.5078373034e-08 1.0046559851e-07 2.205007803e-07 4.7653125534e-07 1.0139195865e-06 2.123986178e-06 4.3826144065e-06 8.9212489911e-06 1.7988291802e-05 
3.6243447539e-05 7.4082367064e-05 0.00015656262985 0.00034674970084 0.00080308050383 0.0019094861345 0.0045391879976 0.010492454283 0.022892225534 
0.045342836529 0.077009178698 0.10409485549 0.10926879942 0.11374316365 0.12861688435 0.14846764505 0.16279789805 0.16691224277 
0.16698276997 0.1704570502 0.18091611564 0.19681276381 0.21222862601 0.21955370903 0.21302306652 0.19146218896 0.15893220901 
0.12257989496 0.089315026999 0.063139677048 0.044947255403 0.033774439245 0.028039777651 0.026256320998 0.027321048081 0.030612897128 
0.036085404456 0.044484376907 0.05777040869 0.07965964824 0.11560171843 0.17012917995 0.23818840086 0.29098063707 0.27962347865 
0.22868224978 0.1779550761 0.14494040608 0.14049784839 0.15256266296 0.1710614711 0.1826890856 0.19036917388 0.20126317441 
0.22275450826 0.26234638691 0.32703712583 0.42248916626 0.56561422348 0.82667028904 1.3926876783 2.3223013878 0.67423415184 
0.18635807931 0.049714516848 0.013459304348 0.0038284005132 0.0011592819355 0.00037698374945 0.00013283515 5.0649694458e-05 2.0555324227e-05 
8.669775525e-06 3.7201607483e-06 1.5996832872e-06 6.8273374154e-07 2.8747373904e-07 1.1895745899e-07 4.8255870411e-08 1.9168473031e-08 7.4789934246e-09 
2.9524598322e-09 1.4225386424e-09 7.3848871462e-11 1.4330318876e-10 3.4236552482e-10 8.3916162907e-10 2.0402846079e-09 4.8969179822e-09 1.15979093e-08 
2.7110916179e-08 6.2554590841e-08 1.4245139823e-07 3.2003825368e-07 7.0894759574e-07 1.5473347048e-06 3.324363206e-06 7.022454156e-06 1.4573914996e-05 
2.9768518289e-05 6.0401034716e-05 0.00012440307182 0.00026811656426 0.00061700254446 0.0015043495223 0.0037740094122 0.0094236182049 0.022748956457 
0.051568888128 0.10534609109 0.18098632991 0.23459814489 0.21049630642 0.17751146853 0.17048016191 0.1799698174 0.18877372146 
0.18841202557 0.18077486753 0.17204977572 0.16715224087 0.1668458581 0.16788330674 0.16535842419 0.15554739535 0.1377003938 
0.11416532099 0.089013904333 0.066095225513 0.047718808055 0.034538000822 0.026122415438 0.021584205329 0.019995886832 0.020605416968 
0.022936921567 0.026861142367 0.032691001892 0.041314125061 0.054268658161 0.07340592891 0.099363550544 0.12818880379 0.14820380509 
0.14581173658 0.12742801011 0.10681654513 0.093214675784 0.090616628528 0.098243959248 0.11321316659 0.13295179605 0.15985316038 
0.1986374259 0.25388717651 0.32795110345 0.41756603122 0.51226705313 0.60798090696 0.71209508181 0.84398794174 0.92215394974 
0.41248375177 0.14574283361 0.048847660422 0.016456497833 0.0054788868874 0.0018107827054 0.00062111439183 0.00023054481426 9.2636975751e-05 
3.9066595491e-05 1.6764679458e-05 7.1899257819e-06 3.0569667615e-06 1.2841011312e-06 5.3182810689e-07 2.1677794848e-07 8.680896002e-08 3.4113231351e-08 
1.3190088133e-08 5.1652393473e-09 2.4710593571e-09 9.2347005043e-11 1.8130233426e-10 4.3932046889e-10 1.094374924e-09 2.7120230506e-09 6.656381224e-09 
1.6176581852e-08 3.892860434e-08 9.274524615e-08 2.1863722566e-07 5.096300697e-07 1.1736453871e-06 2.6673633329e-06 5.9688677538e-06 1.3089625099e-05 
2.7927055271e-05 5.7589237258e-05 0.00011516837549 0.00022937085305 0.00047907771659 0.0010952010052 0.0027196898591 0.0070282635279 0.018100578338 
0.044984832406 0.10477840155 0.2190323323 0.37926387787 0.47254678607 0.3792219758 0.26885572076 0.21950392425 0.2116650641 
0.21310219169 0.20744946599 0.1930256635 0.17511852086 0.15927138925 0.14767660201 0.13892695308 0.12990918756 0.11804320663 
0.1025820747 0.084653668106 0.066412441432 0.049950052053 0.036592531949 0.026783583686 0.020324522629 0.016689792275 0.015274026431 
0.015544578433 0.017124626786 0.019841067493 0.023759648204 0.029204038903 0.036705698818 0.046743504703 0.059054926038 0.071527265012 
0.079751297832 0.079717122018 0.073354080319 0.065758235753 0.061474740505 0.063410162926 0.073084026575 0.091534920037 0.12070772052 
0.16477899253 0.22933509946 0.31943443418 0.42870700359 0.55764383078 0.64335662127 0.68965828419 0.72290080786 0.77838546038 
0.87233489752 0.40428850055 0.16734910011 0.075576409698 0.033372219652 0.012700259686 0.0042596487328 0.0013831916731 0.00048161330051 
0.00018680444919 7.778480358e-05 3.3078747947e-05 1.3984315956e-05 5.8291943787e-06 2.3945744942e-06 9.7025781542e-07 3.8779595002e-07 1.5273577958e-07 
5.9208662861e-08 2.2639287778e-08 8.7805869242e-09 4.1660284111e-09 1.164067176e-10 2.3346438671e-10 5.8011484505e-10 1.4858821951e-09 3.8002538894e-09 
9.6633465674e-09 2.4414658739e-08 6.1256969275e-08 1.5251971774e-07 3.7660768726e-07 9.221006394e-07 2.2391734547e-06 5.3890898926e-06 1.2799079741e-05 
2.9669605283e-05 6.5918844484e-05 0.00013747219054 0.00026604876621 0.00048763363156 0.00091236783192 0.0019165690755 0.0045922393911 0.011828440242 
0.030734976754 0.077261053026 0.18193601072 0.38327538967 0.65667057037 0.73718988895 0.545376122 0.35092189908 0.25862264633 
0.23325406015 0.22750745714 0.21779362857 0.19942124188 0.17652545869 0.15453086793 0.13628427684 0.12154233456 0.10840971768 
0.095069698989 0.080780215561 0.06595440954 0.051665138453 0.039022639394 0.028763845563 0.021142967045 0.016025330871 0.013051824644 
0.011789220385 0.011835351586 0.012880317867 0.014736750163 0.017349354923 0.020781597123 0.02515806444 0.030518854037 0.036547623575 
0.042257998139 0.046053785831 0.046775050461 0.045226030052 0.043625131249 0.044517163187 0.050318654627 0.063493393362 0.087175995111 
0.12604501843 0.18711072206 0.2801168263 0.4114485085 0.025814482942 0.80008876324 0.87453824282 0.84351330996 0.81764513254 
1.0178160667 2.1590261459 0.69470006227 0.31077879667 0.18379499018 0.10006761551 0.041343390942 0.01376476232 0.0040879771113 
0.0012309459271 0.00041843563667 0.00016137614148 6.6041546233e-05 2.7200740078e-05 1.1054333299e-05 4.4222333599e-06 1.7457033437e-06 6.8132681008e-07 
2.6293452038e-07 1.0023708086e-07 3.7810835352e-08 1.4497935297e-08 6.8127854469e-09 1.516347603e-10 3.1498836872e-10 8.1394296858e-10 2.171675284e-09 
5.800658176e-09 1.5437620959e-08 4.0876141583e-08 1.075696261e-07 2.8121965556e-07 7.3097191944e-07 1.893599233e-06 4.9020873121e-06 1.2674843674e-05 
3.2445383113e-05 8.0578764027e-05 0.00018836739764 0.0004004278162 0.00075209111674 0.0012461720034 0.0019562381785 0.0034136059694 0.0072512514889 
0.017742160708 0.045354247093 0.11375726014 0.27016988397 0.58757185936 1.0446475744 0.84671711922 0.55948835611 0.35601788759 
0.26469486952 0.23742315173 0.22917343676 0.21786703169 0.1985373497 0.17442531884 0.15032817423 0.12914505601 0.11129585654 
0.095756486058 0.081341780722 0.067453898489 0.054188918322 0.042058154941 0.031626150012 0.023261578754 0.017053913325 0.01285293512 
0.010362607427 0.0092366253957 0.0091495988891 0.0098386211321 0.011120645329 0.012892195024 0.015112665482 0.017765671015 0.020789770409 
0.023982603103 0.026932289824 0.029116187245 0.030299937353 0.031016986817 0.032525580376 0.036580249667 0.045419063419 0.062100861222 
0.091170154512 0.13955596089 0.2178645432 0.3436653018 0.5513483882 0.88696616888 0.032646607608 0.059362329543 1.219991684 
0.88498902321 0.75536113977 0.86324840784 0.58950829506 0.5087389946 0.43103069067 0.29858887196 0.13513223827 0.04651754722 
0.013395277783 0.0035960748792 0.0010343278991 0.00034835387487 0.00013246294111 5.2477651479e-05 2.0715760911e-05 8.0559793787e-06 3.0911683098e-06 
1.1745252095e-06 4.42674434e-07 1.6545850201e-07 6.1419704878e-08 2.3237191726e-08 1.0799129591e-08 2.1037338538e-10 4.5878500998e-10 1.2461728316e-09 
3.4878830935e-09 9.7641601471e-09 2.7202865738e-08 7.5301763047e-08 2.0706499981e-07 5.6661690451e-07 1.5498491166e-06 4.2646674956e-06 1.186026293e-05 
3.3218435419e-05 9.2116752057e-05 0.00024535364355 0.00060380977811 0.0013163497206 0.0024400374386 0.003743034089 0.0049270745367 0.0066961352713 
0.011347264983 0.02445670031 0.059270359576 0.14631681144 0.35879638791 1.1139578819 2.1322188377 1.01085639 0.53249591589 
0.32914626598 0.25190493464 0.22901451588 0.22083906829 0.20966632664 0.19143359363 0.16862921417 0.14514051378 0.12354169041 
0.10457868129 0.087869621813 0.072790659964 0.05899585411 0.046511620283 0.035583794117 0.026471825317 0.019306374714 0.014042384923 
0.010486125015 0.0083573283628 0.0073531777598 0.0071956231259 0.0076572974212 0.0085697006434 0.0098191052675 0.011333557777 0.013061704114 
0.0149443103 0.016886664554 0.01875696145 0.020454820246 0.022075530142 0.024097861722 0.02746360749 0.033653594553 0.044933892787 
0.064883902669 0.099197305739 0.15662270784 0.25037202239 0.4042544663 0.68366593122 1.3027253151 1.4958746433 1.7143474817 
1.2227156162 1.3990968466 0.76496511698 0.61048340797 0.62449365854 0.74654650688 0.78932142258 0.80171239376 0.39389455318 
0.14416539669 0.042365208268 0.010820272379 0.0027243541554 0.00078144355211 0.00026625872124 9.9726836197e-05 3.807081157e-05 1.4385466784e-05 
5.3631279116e-06 1.9809979221e-06 7.2754392022e-07 2.6595665759e-07 9.6935330873e-08 3.6119349289e-08 1.6577185846e-08 3.1758787267e-10 7.3074429841e-10 
2.0862434003e-09 6.0996097062e-09 1.7766833338e-08 5.134504022e-08 1.471862987e-07 4.1950377749e-07 1.1956691424e-06 3.4396234696e-06 1.0084959285e-05 
3.0234030419e-05 9.1665708169e-05 0.0002736148017 0.00077453546692 0.0019940547645 0.0044667492621 0.0082975141704 0.01217925828 0.014030576684 
0.015245997347 0.019588299096 0.034176655114 0.073348782957 0.1625046432 0.33173686266 0.59695839882 0.93397927284 0.6311955452 
0.3983296454 0.27758952975 0.22906707227 0.2138222158 0.20691801608 0.19666349888 0.18040342629 0.16003602743 0.13849848509 
0.11787635088 0.099028907716 0.082030780613 0.066726282239 0.053045954555 0.041063554585 0.030912987888 0.02268188633 0.016345838085 
0.011758219451 0.008681175299 0.0068339738064 0.0059381346218 0.0057481229305 0.0060656862333 0.006741491612 0.0076693235897 0.0087768407539 
0.010015339591 0.011350857094 0.012761619873 0.014251881279 0.015895813704 0.017918059602 0.020797673613 0.02538747713 0.03312015906 
0.046419356018 0.069403871894 0.10876785964 0.17412887514 0.2764402926 0.42539966106 0.63845741749 0.98002082109 1.5292180777 
1.7587352991 0.59538936615 2.4370443821 1.0066987276 0.56118708849 0.5145830512 0.64265924692 0.95742851496 2.2334005833 
1.0235663652 0.39699119329 0.12054245919 0.030352734029 0.0070527680218 0.0017645747866 0.00053118279902 0.00018528132932 6.8052861025e-05 
2.4983421099e-05 9.057560419e-06 3.2528776046e-06 1.1631268535e-06 4.1522378069e-07 1.4835457307e-07 5.4363169966e-08 2.4610820049e-08 5.199187747e-10 
1.2530065874e-09 3.7200620362e-09 1.1227440311e-08 3.3614178108e-08 9.9616677574e-08 2.9288145242e-07 8.5943497652e-07 2.543663868e-06 7.6967962741e-06 
2.405678606e-05 7.7473901911e-05 0.00025185578852 0.00079864129657 0.0023742716294 0.0063531259075 0.014648480341 0.027615679428 0.039775066078 
0.041334729642 0.038245458156 0.039397384971 0.056701347232 0.11237537116 0.24010528624 0.43569490314 0.52418965101 0.55856579542 
0.43046277761 0.30859401822 0.23852208257 0.20881053805 0.19833521545 0.19192366302 0.18225751817 0.16776999831 0.14984533191 
0.13055434823 0.111460343 0.093395151198 0.076717421412 0.061612319201 0.048241950572 0.036757450551 0.027251554653 0.019715268165 
0.014026001096 0.0099678533152 0.0072707431391 0.0056525869295 0.00485268794 0.0046510854736 0.0048746708781 0.0053943926468 0.0061184563674 
0.006985467393 0.0079599535093 0.0090320762247 0.010223749094 0.011604715139 0.013323423453 0.015658324584 0.019098930061 0.024486105889 
0.03328775987 0.048127550632 0.073647409678 0.11741607636 0.18932196498 0.29581439495 0.42779219151 0.56010240316 0.69824200869 
0.92539811134 1.332465291 2.3103058338 1.5785784721 0.84240210056 0.50175070763 0.39124962687 0.41377019882 0.5771766305 
1.1062245369 2.2158536911 0.94887077808 0.28895038366 0.071303986013 0.015831839293 0.0036571316887 0.0010072976584 0.00033037218964 
0.000116998468 4.1802970372e-05 1.4766607819e-05 5.164088634e-06 1.7989951857e-06 6.2709165149e-07 2.1950235407e-07 7.9045420875e-08 3.5274265286e-08 
8.9775975542e-10 2.2345154616e-09 6.8034853307e-09 2.0935313927e-08 6.372550132e-08 1.9189924672e-07 5.7463927305e-07 1.7282167164e-06 5.2983050409e-06 
1.6823656551e-05 5.5742188124e-05 0.00019070942653 0.00065486121457 0.0021743318066 0.0067202267237 0.018625501543 0.044425912201 0.086323678493 
0.12509091198 0.11740916967 0.095487803221 0.084017753601 0.10576407611 0.20910513401 0.48901975155 0.96905356646 0.77267628908 
0.5825996995 0.40903565288 0.28888708353 0.22555607557 0.19843675196 0.18709388375 0.17904564738 0.1687977314 0.15518496931 
0.13905066252 0.12169931084 0.1041860655 0.087212689221 0.071263261139 0.056723769754 0.043908979744 0.033032245934 0.024172456935 
0.017267623916 0.012137850747 0.0085268355906 0.0061478600837 0.0047227661125 0.004007763695 0.0038051779848 0.0039641181938 0.0043748351745 
0.004961358849 0.005675857421 0.0064967875369 0.0074319154955 0.0085269892588 0.0098811527714 0.011671747081 0.014195304364 0.017942210659 
0.023746185005 0.033091314137 0.048702247441 0.075493201613 0.12142950296 0.19600261748 0.30097261071 0.41167148948 0.47558745742 
0.48132026196 0.53159272671 0.72081202269 1.0727548599 0.90987408161 0.65934854746 0.47352045774 0.37013345957 0.33987742662 
0.39118847251 0.58939582109 1.0537748337 2.0280208588 0.50978773832 0.11748529971 0.025686362758 0.0059967143461 0.0016692635836 
0.00054500193801 0.00019009338575 6.6589673224e-05 2.3005799449e-05 7.8570910773e-06 2.6726231681e-06 9.1098320354e-07 3.1264158906e-07 1.1068375727e-07 
4.8696040977e-08 1.5781655982e-09 4.0025471826e-09 1.2354943735e-08 3.8402461655e-08 1.1792398169e-07 3.5852016822e-07 1.0877060959e-06 3.3374758459e-06 
1.0544552424e-05 3.4856922866e-05 0.00012088016956 0.00043209077558 0.0015408763429 0.0052847689949 0.016846552491 0.048328660429 0.12034833431 
0.24681919813 0.37496513128 0.30938220024 0.22092080116 0.16991607845 0.18715386093 0.36459559202 0.98606950045 2.806012392 
1.3155186176 0.75860846043 0.46873211861 0.30926603079 0.23168562353 0.19751805067 0.18109600246 0.16938509047 0.15724976361 
0.14345090091 0.12827129662 0.11234372854 0.096245743334 0.080476038158 0.065513655543 0.051819823682 0.039779961109 0.029638536274 
0.021467659622 0.015178485774 0.010563232005 0.0073487823829 0.0052464213222 0.003988461569 0.0033490303904 0.0031509229448 0.0032629319467 
0.0035926140845 0.0040786857717 0.0046859625727 0.0054044611752 0.0062532881275 0.0072894957848 0.0086222318932 0.010434253141 0.013017884456 
0.016843864694 0.022704277188 0.032008137554 0.047348815948 0.073409967124 0.11773257703 0.18893149495 0.28675287962 0.38205868006 
0.41430383921 0.36252421141 0.32420119643 0.3857626915 0.5342246294 0.58667117357 0.56040811539 0.50318163633 0.45541712642 
0.44836476445 0.50236922503 0.59127277136 0.61654317379 0.64783042669 0.25697988272 0.078960739076 0.022707464173 0.0069133606739 
0.0023100820836 0.00081330392277 0.00028745643795 9.9707402114e-05 3.3862550481e-05 1.1341159734e-05 3.7809843434e-06 1.2641924059e-06 4.2640047582e-07 
1.4867018194e-07 6.4566670233e-08 2.742998273e-09 7.0200321112e-09 2.1796758176e-08 6.8007295795e-08 2.0952610669e-07 6.3985351062e-07 1.9561593945e-06 
6.0821753323e-06 1.9609457013e-05 6.6522370616e-05 0.0002370235452 0.00086777086835 0.0031566680409 0.011028940789 0.035948447883 0.1065897271 
0.28013566136 0.6281606555 1.0888133049 0.73609244823 0.45272311568 0.30597129464 0.27764359117 0.43204894662 1.0406727791 
2.8499243259 1.3457682133 0.77758330107 0.48350510001 0.3214956224 0.23989124596 0.20028136671 0.17830768228 0.16218435764 
0.14739841223 0.13265500963 0.11776472628 0.10280264169 0.087918929756 0.073372840881 0.059549260885 0.046890594065 0.035786177963 
0.026481209323 0.01904001087 0.013362591155 0.0092337392271 0.0063811792061 0.0045258319005 0.0034160723444 0.0028451175895 0.0026549079921 
0.0027316573542 0.0029979564715 0.0034052182455 0.0039289081469 0.0045678149909 0.0053477627225 0.0063297143206 0.007622432895 0.0094013577327 
0.011939771473 0.015667896718 0.021293651313 0.030048068613 0.044150158763 0.067545473576 0.10655623674 0.16858920455 0.25445619226 
0.34195905924 0.37979069352 0.33642569184 0.27099767327 0.26499021053 0.34133914113 0.44583249092 0.52853983641 0.57492047548 
0.61021095514 0.69783079624 0.9048858881 1.1455392838 0.96614640951 0.48679089546 0.19600683451 0.070935353637 0.024945113808 
0.0088857542723 0.0032092109323 0.0011532311328 0.00040578868357 0.00013905161177 4.6562239731e-05 1.5366143998e-05 5.0470657698e-06 1.6633488258e-06 
5.5363898355e-07 1.9073343083e-07 8.1973020372e-08 4.6229251538e-09 1.1864231375e-08 3.6867518816e-08 1.1497039054e-07 3.5388347897e-07 1.0802044699e-06 
3.306023018e-06 1.0315896361e-05 3.3460426494e-05 0.00011429519509 0.00040938874008 0.0015021843137 0.005465248134 0.019114239141 0.06272906065 
0.18995930254 0.52608424425 1.3367159367 3.2297101021 1.494800806 0.7818389535 0.48062762618 0.37107691169 0.40544980764 
0.6410959363 1.0807361603 0.83567261696 0.60358208418 0.42545223236 0.30842369795 0.24065552652 0.20152425766 0.17578861117 
0.15574978292 0.13832770288 0.12241187692 0.10749793053 0.093239061534 0.079434320331 0.066107876599 0.053506523371 0.041997369379 
0.031929288059 0.023525562137 0.016839850694 0.011770192534 0.0081074051559 0.0055921305902 0.0039630536921 0.0029885410331 0.0024816000368 
0.0023021621164 0.0023519408423 0.0025665240828 0.0029081034008 0.0033608889207 0.0039302599616 0.0046459133737 0.0055689713918 0.006803074386 
0.0085106808692 0.010938883759 0.014465846121 0.019691189751 0.027612762526 0.039951778948 0.059662610292 0.091414727271 0.14094652236 
0.21055275202 0.28856179118 0.34203103185 0.33959919214 0.29940995574 0.27689251304 0.3142310977 0.41177597642 0.53875422478 
0.65864408016 0.77828508615 0.99957817793 1.5159647465 2.4016020298 2.6118068695 0.77365291119 0.25105935335 0.087583363056 
0.031597930938 0.011527687311 0.0041923052631 0.0015003621811 0.00052378530381 0.00017798649787 5.9114991018e-05 1.9351402443e-05 6.3044217313e-06 
2.0610241336e-06 6.8072205295e-07 2.3279125116e-07 9.9367241546e-08 7.4660810867e-09 1.9139632101e-08 5.932697178e-08 1.8433506455e-07 5.6480337207e-07 
1.7148290681e-06 5.2158738981e-06 1.6152953322e-05 5.1882354455e-05 0.00017494276108 0.0006165675004 0.0022207645234 0.0079207262024 0.027146304026 
0.087318129838 0.25927758217 0.7035805583 1.7392486334 3.9625735283 1.9399174452 1.0364823341 0.64368844032 0.4759477675 
0.42432358861 0.46780884266 0.57026100159 0.53602415323 0.45189422369 0.36056509614 0.28737312555 0.23581372201 0.19921182096 
0.17122025788 0.14832651615 0.12891709805 0.11212672293 0.097257383168 0.083674870431 0.070922464132 0.058828469366 0.047498397529 
0.03720189631 0.028225280344 0.020757392049 0.01483919844 0.010372132994 0.0071611916646 0.0049673607573 0.0035519911908 0.0027055777609 
0.0022609818261 0.0020950313192 0.0021234380547 0.0022933057044 0.002576262923 0.0029640295543 0.0034673365299 0.0041185002774 0.0049775931984 
0.0061421981081 0.0077613522299 0.010056245141 0.013354210183 0.01814978011 0.025217115879 0.035807836801 0.051954053342 0.076773360372 
0.11425127834 0.16716471314 0.2318007648 0.2927442193 0.3300422132 0.34242370725 0.35384854674 0.39421984553 0.48119989038 
0.61374336481 0.75935149193 0.90905076265 1.180924654 1.997297883 4.849424839 1.8942712545 0.68846446276 0.25404477119 
0.095153369009 0.035638749599 0.013254900463 0.0048634409904 0.0017462988617 0.0006101160543 0.00020729799871 6.8826426286e-05 2.252068407e-05 
7.3324349614e-06 2.3948407488e-06 7.8986732888e-07 2.6957204113e-07 1.1477320072e-07 1.1473972883e-08 2.9310596616e-08 9.0427185739e-08 2.7928683721e-07 
8.4926682575e-07 2.5535487111e-06 7.6673986769e-06 2.3330620024e-05 7.3184055509e-05 0.00023959462123 0.00081710179802 0.0028475178406 0.0098457699642 
0.032790388912 0.10268776119 0.29724755883 0.78683137894 1.8961368799 4.1932907104 2.1262731552 1.1795817614 0.76327490807 
0.57409322262 0.48132276535 0.44372388721 0.4388486743 0.41643327475 0.37290403247 0.31990644336 0.26994335651 0.2275351882 
0.19232369959 0.16300319135 0.13856327534 0.11823534966 0.10126005113 0.086808294058 0.074076652527 0.062454525381 0.051636230201 
0.041612185538 0.032559160143 0.024697482586 0.018178259954 0.01302997116 0.0091606518254 0.0063938046806 0.0045144036412 0.0033084626775 
0.0025889526587 0.0022078335751 0.0020576647948 0.0020670909435 0.0021939938888 0.0024189953692 0.0027410469484 0.0031760598067 0.0037589722779 
0.0045492681675 0.0056398129091 0.0071690916084 0.0093378974125 0.012433533557 0.016868405044 0.02324519679 0.032465863973 0.045895725489 
0.065545201302 0.0940701738 0.13407883048 0.18614850938 0.24642556906 0.30806142092 0.36918962002 0.43771728873 0.52578252554 
0.64292657375 0.78848582506 0.92916744947 1.0437294245 1.2006610632 1.6546652317 3.2639875412 1.300147891 0.53159737587 
0.21894948184 0.08847605437 0.034843083471 0.013394503854 0.0050194566138 0.0018263140228 0.00064371252665 0.00022022062331 7.3585666541e-05 
2.4234219381e-05 7.9412020568e-06 2.608900104e-06 8.645177445e-07 2.9598899687e-07 1.2622390955e-07 1.6708932904e-08 4.2471260286e-08 1.302294379e-07 
3.991654296e-07 1.2019788755e-06 3.5674574974e-06 1.0521979675e-05 3.1223356928e-05 9.4649883977e-05 0.00029690793599 0.00096594856586 0.0032155069057 
0.010676085018 0.034357707947 0.10457459837 0.29579225183 0.77016806602 1.8521348238 4.0778484344 2.0851485729 1.1987837553 
0.8175919652 0.63958907127 0.53644573689 0.4679273665 0.42167523503 0.38258430362 0.34133708477 0.29744908214 0.25431767106 
0.21465337276 0.17983008921 0.1502802074 0.12581278384 0.1058466211 0.089570865035 0.076071061194 0.06447789818 0.054124053568 
0.044639889151 0.035942841321 0.028138240799 0.021389799193 0.015814814717 0.01143157389 0.0081565659493 0.0058331619948 0.0042706611566 
0.0032789076213 0.0026916575152 0.0023780723568 0.0022449677344 0.0022332670633 0.0023117971141 0.0024709103163 0.0027177401353 0.0030743179377 
0.0035791820846 0.0042925761081 0.0053049488924 0.0067483675666 0.0088107800111 0.011753953993 0.015937877819 0.021857561544 0.030202101916 
0.041947539896 0.05848409608 0.081736199558 0.11414777488 0.1583673209 0.21680493653 0.29205101728 0.38871404529 0.5138066411 
0.67312681675 0.86609822512 1.0740765333 1.2364184856 1.3142957687 1.328828454 1.2630861998 1.3054220676 0.74454313517 
0.37205162644 0.17228971422 0.074970275164 0.031066941097 0.012367875315 0.0047423657961 0.0017517089145 0.00062431627885 0.00021574088896 
7.2856506449e-05 2.4273163945e-05 8.0498975876e-06 2.6747025004e-06 8.9483989996e-07 3.0861093592e-07 1.3225222517e-07 2.2995550353e-08 5.8113872825e-08 
1.7696791588e-07 5.3782650866e-07 1.6018115048e-06 4.6845934776e-06 1.3536065126e-05 3.9011480112e-05 0.00011354684102 0.00033794427873 0.0010348894866 
0.003240408143 0.010177222081 0.031241960824 0.091440923512 0.25066041946 0.6488571763 1.933581233 3.023137331 1.7432546616 
1.0804870129 0.80135881901 0.66101759672 0.56363612413 0.4851257503 0.42183247209 0.36934033036 0.32191124558 0.27673751116 
0.23401090503 0.19515152276 0.16141101718 0.13324229419 0.11034521461 0.091987468302 0.077262595296 0.065236881375 0.055066194385 
0.046109586954 0.037997990847 0.030620643869 0.024039570242 0.018377684057 0.013726532459 0.010097522289 0.0074162185192 0.0055444580503 
0.0043129189871 0.0035512673203 0.0031097896863 0.002871288918 0.0027547676582 0.0027131724637 0.0027276338078 0.0028005547356 0.00294978288 
0.0032056777272 0.0036121513695 0.0042318687774 0.0051550795324 0.0065111983567 0.0084822541103 0.011317853816 0.015352506191 0.02102885209 
0.028935130686 0.039872698486 0.054977636784 0.075927212834 0.10526121408 0.14684318006 0.20649175346 0.29277074337 0.41752502322 
0.59507697821 0.83996272087 1.1623464823 1.537963748 1.8137369156 1.9093071222 1.9158952236 1.3519679308 0.92253929377 
0.54105103016 0.28572824597 0.1385422349 0.062614060938 0.026725692675 0.010861878283 0.0042213574052 0.0015741670504 0.00056599004893 
0.00019760799478 6.7588676757e-05 2.2855901989e-05 7.700164133e-06 2.5968436148e-06 8.7978781949e-07 3.0638605608e-07 1.321977976e-07 2.9855684147e-08 
7.499180299e-08 2.2673560807e-07 6.8309088874e-07 2.0118129669e-06 5.7966854001e-06 1.6407886505e-05 4.592260666e-05 0.00012822348799 0.00036079477286 
0.0010309125064 0.00299063907 0.0087065687403 0.024897415191 0.068140566349 0.17393098772 0.40405717492 0.83621490002 1.3464907408 
1.078207016 0.86602962017 0.75471961498 0.66161477566 0.5664729476 0.47892874479 0.40567821264 0.34541845322 0.29368281364 
0.24734008312 0.20562234521 0.16909733415 0.13834415376 0.11329944432 0.093323096633 0.077517867088 0.06495193392 0.054755143821 
0.04618139565 0.038676328957 0.031919945031 0.025810472667 0.020392920822 0.015766080469 0.012004693039 0.0091165723279 0.007035296876 
0.0056368927471 0.0047667887993 0.0042666615918 0.0039957268164 0.0038445764221 0.0037414268591 0.0036515551619 0.0035714374389 0.0035200950224 
0.0035307810176 0.0036459714174 0.0039174850099 0.0044120270759 0.0052211503498 0.0064740502276 0.0083517292514 0.011101646349 0.01505327411 
0.0206379015 0.028422024101 0.039174873382 0.054008785635 0.074657179415 0.1039840579 0.14682868123 0.21121747792 0.30974623561 
0.46069568396 0.68938368559 1.0347738266 1.5668147802 2.3374073505 2.9530146122 3.049169302 3.652094841 1.7217178345 
0.90150338411 0.474573493 0.24097491801 0.11581995338 0.052508953959 0.022530836985 0.0091917272657 0.0035818293691 0.001340452116 
0.00048507392057 0.00017113737704 5.9385056375e-05 2.0429502911e-05 7.0070600486e-06 2.4025025596e-06 8.2517959754e-07 2.9040737104e-07 1.2624094836e-07 
3.6521541347e-08 9.1177355444e-08 2.7373997114e-07 8.1778409822e-07 2.3830946247e-06 6.7724390647e-06 1.8817183445e-05 5.1323200751e-05 0.00013817683794 
0.00036968998029 0.00098906608764 0.002652494004 0.0070937089622 0.018643045798 0.047070890665 0.11107628793 0.237422809 0.44178918004 
0.66812312603 0.72218966484 0.76211357117 0.77952826023 0.69836974144 0.57381278276 0.45972153544 0.37189027667 0.30569472909 
0.25310328603 0.20893745124 0.17116861045 0.13939131796 0.11342521012 0.092724174261 0.076433643699 0.063630245626 0.053463973105 
0.045197613537 0.038227587938 0.032118614763 0.026627184823 0.021684421226 0.017337644473 0.013675412163 0.010763592087 0.008608658798 
0.0071492316201 0.0062680728734 0.0058145350777 0.0056298132986 0.00557019189 0.0055251703598 0.0054280897602 0.0052577778697 0.005031620618 
0.004793078173 0.0045985304751 0.0045084417798 0.0045859389938 0.0049031530507 0.0055533829145 0.0066663934849 0.0084247635677 0.011080364697 
0.014972136356 0.020549500361 0.028412636369 0.039393924177 0.054727654904 0.076390422881 0.10773838311 0.15459290147 0.22684925795 
0.34037947655 0.51865822077 0.7953517437 1.2322208881 2.0025374889 3.5040690899 5.7528715134 4.6242070198 2.6411092281 
1.4310437441 0.75903135538 0.39413037896 0.19745771587 0.094142064452 0.042493656278 0.018178250641 0.0073997839354 0.0028826498892 
0.0010822074255 0.00039470731281 0.00014105137961 4.9778944231e-05 1.7454542103e-05 6.1009391175e-06 2.1270873276e-06 7.4045595966e-07 2.6324883606e-07 
1.1526642396e-07 4.2054782767e-08 1.0437059927e-07 3.1125287592e-07 9.2255993422e-07 2.6625461942e-06 7.4750691965e-06 2.0445291739e-05 5.4608506616e-05 
0.00014288903913 0.0003676872002 0.00093401310733 0.0023472709581 0.0058248154819 0.014155068435 0.033170163631 0.073373861611 0.14946553111 
0.27319401503 0.43769416213 0.61364650726 0.81819188595 0.95787757635 0.8181886673 0.61012041569 0.44268059731 0.33112487197 
0.2582450211 0.20698618889 0.1676261425 0.13594119251 0.11032098532 0.089909531176 0.07387240231 0.06132703647 0.05145502463 
0.043561890721 0.037077382207 0.031553674489 0.026681208983 0.022300483659 0.01838548854 0.014997175895 0.012223752216 0.010128554888 
0.0087178153917 0.0079303411767 0.0076448051259 0.0076988469809 0.0079150814563 0.0081296293065 0.0082182092592 0.0081138862297 0.0078117316589 
0.0073592951521 0.0068369717337 0.0063362428918 0.005944265984 0.0057399654761 0.0058019068092 0.0062243202701 0.0071366773918 0.008723732084 
0.011245775968 0.015061861835 0.020662609488 0.0287261419 0.040223974735 0.056628391147 0.080314189196 0.115311414 0.16864155233 
0.25247579813 0.38694059849 0.6014611721 0.92688304186 1.3644073009 1.8850121498 3.3531770706 2.864048481 2.4020810127 
1.6180905104 0.97066313028 0.54491615295 0.29102325439 0.14753992856 0.070665247738 0.031951714307 0.013681516051 0.0055795484222 
0.0021831868216 0.00082653679419 0.0003054208064 0.0001110479061 3.9982860471e-05 1.4311079212e-05 5.0980388551e-06 1.8059284912e-06 6.3646626813e-07 
2.2837974711e-07 1.0067195433e-07 4.555929678e-08 1.1242466513e-07 3.331482219e-07 9.8027749118e-07 2.8044678402e-06 7.7899694588e-06 2.1027095499e-05 
5.523476284e-05 0.00014146482863 0.0003540161415 0.00086744857254 0.0020838910714 0.0049050049856 0.011268179864 0.025068068877 0.05341649428 
0.1077940315 0.20452162623 0.36535334587 0.62037467957 0.99990034103 1.4030132294 1.0200071335 0.65904653072 0.42393693328 
0.2886941433 0.21142145991 0.16346794367 0.13014566898 0.10505506396 0.085555866361 0.070341713727 0.058478180319 0.049172781408 
0.041770685464 0.03575443849 0.030721195042 0.026369366795 0.022504067048 0.019042735919 0.016001706943 0.01346008759 0.011512449943 
0.010224742815 0.0096034277231 0.0095810564235 0.010018070228 0.010719451122 0.01146448683 0.012045345269 0.012306422926 0.012173422612 
0.011662346311 0.010865228251 0.0099184084684 0.008966460824 0.0081359250471 0.0075275301933 0.0072267940268 0.0073265563697 0.0079533178359 
0.0092928437516 0.011615875177 0.015309784561 0.020926564932 0.029263963923 0.041508827358 0.059494677931 0.086167804897 0.1264423877 
0.18882144988 0.288598001 0.45402619243 0.73506474495 1.1972298622 1.8023018837 1.6976765394 1.7544271946 1.5872853994 
1.3079491854 0.9309219718 0.59383219481 0.35001531243 0.19300797582 0.099768787622 0.048380371183 0.022076759487 0.0095335515216 
0.0039260098711 0.0015555452555 0.00059849768877 0.00022554326279 8.383164095e-05 3.0872357456e-05 1.1285806977e-05 4.093888947e-06 1.4713552901e-06 
5.242659995e-07 1.8968141546e-07 8.4137127487e-08 4.6424887046e-08 1.1393336763e-07 3.3558887935e-07 9.8075111055e-07 2.7833925742e-06 7.657929018e-06 
2.0435598344e-05 5.2945822972e-05 0.00013335041876 0.00032695551636 0.00078144320287 0.001822316437 0.0041466602124 0.0091960048303 0.01982600987 
0.041430111974 0.083801701665 0.16457942128 0.31678071618 0.60767924786 1.2020584345 2.6903214455 1.2241990566 0.65032637119 
0.37757083774 0.24051760137 0.16856299341 0.12726093829 0.10054375231 0.081462405622 0.06709266454 0.0560362041 0.047407187521 
0.040541000664 0.034943290055 0.030262419954 0.026249688119 0.022733109072 0.019614294171 0.016873069108 0.014560560696 0.012773995288 
0.011618754826 0.011168164201 0.011429477483 0.012321745045 0.013670062646 0.015220305882 0.016676150262 0.0177539289 0.018242685124 
0.018050735816 0.017221596092 0.015912413597 0.014343382791 0.012738822028 0.011283473112 0.0101084169 0.0093062864617 0.0089642181993 
0.0092006940395 0.01019892469 0.012239461765 0.015743022785 0.021340105683 0.029989976436 0.043182000518 0.063269481063 0.094005517662 
0.14139661193 0.21522806585 0.33281841874 0.53086137772 0.90088033676 1.6788781881 3.5137326717 1.8914366961 1.2927911282 
0.9826657176 0.74587643147 0.52795535326 0.34488433599 0.20905067027 0.11799382418 0.062116984278 0.030586371198 0.014160010964 
0.0062091778964 0.0026021113154 0.0010521871736 0.00041428065742 0.00016004407371 6.0987771576e-05 2.2987962438e-05 8.5747178673e-06 3.1618610592e-06 
1.1508803937e-06 4.1401932549e-07 1.5091691807e-07 6.734597946e-08 4.4507924457e-08 1.0865274902e-07 3.1819811852e-07 9.239611245e-07 2.6026320938e-06 
7.0977926043e-06 1.8745487978e-05 4.7978439397e-05 0.00011912342597 0.00028723644209 0.00067337416112 0.0015361537226 0.0034117759205 0.007377079688 
0.015523722395 0.031786680222 0.063376612961 0.12321651727 0.23352690041 0.42803007364 0.7391628027 1.1044932604 0.75835627317 
0.46489858627 0.28523597121 0.18576896191 0.13155318797 0.10023594648 0.080161392689 0.065986052155 0.055402256548 0.047279208899 
0.040861774236 0.035583198071 0.031071679667 0.027127530426 0.023654740304 0.020604867488 0.017961395904 0.01574935019 0.014042414725 
0.012951564044 0.012595247477 0.013058769517 0.014351772144 0.016373094171 0.018893752247 0.021569196135 0.02398703061 0.025745686144 
0.02654498443 0.026259513572 0.024966729805 0.022916439921 0.020452650264 0.017919411883 0.015588871203 0.013636271469 0.012161949649 
0.011240598746 0.010973913595 0.011534465477 0.013206087053 0.016440156847 0.021954532713 0.030907120556 0.045189350843 0.067899733782 
0.10401888192 0.16112045944 0.24962797761 0.38294142485 0.58499658108 0.93026691675 1.6465370655 3.4011898041 1.6812173128 
0.98422724009 0.64799332619 0.44724729657 0.30404058099 0.1971026361 0.12023649365 0.068630874157 0.036610867828 0.018298445269 
0.0086180483922 0.0038552300539 0.0016531137517 0.00068569165887 0.00027733360184 0.00011003646068 4.2985029722e-05 1.6556754417e-05 6.2869303292e-06 
2.3510633582e-06 8.6505343688e-07 3.1380844234e-07 1.1518505261e-07 5.1712000015e-08 4.0171720173e-08 9.7570683977e-08 2.8417764497e-07 8.2015225189e-07 
2.2939241262e-06 6.2042904574e-06 1.6227459128e-05 4.1065071855e-05 0.00010062253568 0.00023896616767 0.00055059965234 0.0012319085654 0.0026780478656 
0.0056577064097 0.011613924988 0.023156251758 0.044809561223 0.083956696093 0.15120121837 0.25692367554 0.39537972212 0.50293564796 
0.41178381443 0.28858673573 0.19587063789 0.13830544055 0.10450008512 0.083519570529 0.069086454809 0.058353003114 0.050166010857 
0.043863344938 0.03878171742 0.034337505698 0.030216870829 0.026379127055 0.022916356102 0.019926076755 0.017471361905 0.015605249442 
0.014405654743 0.01398633793 0.014476735145 0.015978012234 0.018506335095 0.021937321872 0.025971041992 0.030138621107 0.03386285156 
0.036568395793 0.037815432996 0.0374141559 0.035476069897 0.032377026975 0.028642019257 0.024796959013 0.021249718964 0.018244732171 
0.015893710777 0.014249563217 0.013382612728 0.013437655754 0.014681522734 0.01757488586 0.022910350934 0.032059002668 0.047396186739 
0.073033452034 0.11589806527 0.18660534918 0.29779887199 0.45609626174 0.65320056677 0.88160794973 1.1235172749 1.4588432312 
1.01375103 0.65022236109 0.4204890132 0.27595663071 0.17993229628 0.11388186365 0.068784117699 0.039249207824 0.021076707169 
0.010664548725 0.0051098866388 0.0023353986908 0.0010263936128 0.00043712594197 0.00018153582641 7.3835028161e-05 2.9480612284e-05 1.156467988e-05 
4.45630576e-06 1.6858268737e-06 6.259497809e-07 2.2876307071e-07 8.4531357913e-08 3.8188581186e-08 3.4169676866e-08 8.2593359707e-08 2.393080365e-07 
6.8669208986e-07 1.9078893274e-06 5.1201209317e-06 1.3269768715e-05 3.3221636841e-05 8.0388286733e-05 0.00018815386284 0.0004263460869 0.00093603075948 
0.0019921518397 0.0041103027761 0.0082164201885 0.01589050889 0.029654033482 0.053121522069 0.090397328138 0.14315582812 0.20308859646 
0.24142977595 0.21828469634 0.17304845154 0.13391128182 0.1081058681 0.091816283762 0.0789199844 0.067723058164 0.058333218098 
0.051028162241 0.045584186912 0.041183900088 0.036967985332 0.032571330667 0.02815239504 0.024084754288 0.020678061992 0.018091185018 
0.016387136653 0.015619525686 0.015881577507 0.017302406952 0.020000817254 0.024009898305 0.02918991074 0.035162836313 0.041304580867 
0.046816553921 0.05087370798 0.052816342562 0.052328146994 0.049534380436 0.044972736388 0.039433211088 0.03372514993 0.028476752341 
0.024049453437 0.020578488708 0.018084332347 0.016583139077 0.016157794744 0.017007155344 0.019536856562 0.024556457996 0.033611852676 
0.049535229802 0.07750762254 0.12689630687 0.21322467923 0.35634472966 0.56740808487 0.83519637585 1.1342791319 0.90738636255 
0.80593496561 0.60133171082 0.4104604125 0.26970526576 0.17393894494 0.11012963206 0.067842721939 0.040212761611 0.022734021768 
0.012204928324 0.0062227896415 0.0030239813495 0.0014085067669 0.00063275982393 0.00027574351407 0.00011708512466 4.8586898629e-05 1.9736100512e-05 
7.8525554272e-06 3.0606913697e-06 1.1686320249e-06 4.3726953436e-07 1.6089441601e-07 5.9847842238e-08 2.7216303877e-08 2.742559424e-08 6.5993646103e-08 
1.9028766474e-07 5.4311976783e-07 1.4997073094e-06 3.9957217268e-06 1.0267952348e-05 2.5449682653e-05 6.0858023062e-05 0.00014048091543 0.00031323530129 
0.00067508890061 0.0014068861492 0.0028346527833 0.0055163437501 0.010345919058 0.018628409132 0.031991343945 0.05182530731 0.077753044665 
0.10495574027 0.12258400023 0.12075758725 0.11030322313 0.10288714617 0.10220529139 0.10220338404 0.092502102256 0.078926384449 
0.06684666872 0.058163058013 0.052532989532 0.048299141228 0.043806169182 0.038449130952 0.032662015408 0.027259532362 0.022876791656 
0.01980208233 0.018085943535 0.017712635919 0.018709983677 0.021176792681 0.025246402249 0.030994486064 0.038301374763 0.046729985625 
0.05548395589 0.063480466604 0.069537699223 0.072641395032 0.072221837938 0.068348564208 0.061751555651 0.053617458791 0.045214623213 
0.037543993443 0.031173838302 0.02629249543 0.02287998423 0.020867446437 0.020212499425 0.020928382874 0.023204386234 0.027728619054 
0.036127120256 0.051470763981 0.079406946898 0.13050222397 0.22341533005 0.38547325134 0.64951574802 1.1128863096 2.4109814167 
0.98722690344 0.57630705833 0.39351677895 0.2705847919 0.17968818545 0.11500868201 0.071204602718 0.042660601437 0.024658536538 
0.013694980182 0.0072882566601 0.0037157121114 0.0018185486551 0.00085749774007 0.00039114351966 0.00017324225337 7.4722425779e-05 3.144783841e-05 
1.292998877e-05 5.1972551773e-06 2.0431900793e-06 7.8592665886e-07 2.9603901908e-07 1.0962405383e-07 4.1049393218e-08 1.8796955104e-08 2.0801515177e-08 
4.9847965755e-08 1.4309934215e-07 4.0646017396e-07 1.1161051816e-06 2.9543462006e-06 7.5338011811e-06 1.8504024411e-05 4.3775027734e-05 9.9770652014e-05 
0.00021916809783 0.00046424908214 0.00094851874746 0.0018688344862 0.0035469913855 0.0064699081704 0.011295761913 0.018755001947 0.029329966754 
0.042617123574 0.056588493288 0.06788841635 0.075201906264 0.084563471377 0.10454753041 0.13738414645 0.16376937926 0.14329956472 
0.11140529066 0.086998723447 0.072547003627 0.065135478973 0.060485064983 0.055165559053 0.048054620624 0.039987705648 0.032433036715 
0.026486223564 0.022599183023 0.020776646212 0.020865719765 0.02274733223 0.026419749483 0.032013960183 0.039711829275 0.049514248967 
0.061003178358 0.073226392269 0.084750883281 0.093882165849 0.099020257592 0.099088415504 0.093921497464 0.084450274706 0.072485640645 
0.06007270515 0.048863586038 0.039792098105 0.033155728132 0.028897427022 0.026833442971 0.026689149439 0.028033567593 0.030458018184 
0.034252367914 0.04108954221 0.054077535868 0.078220061958 0.12203683704 0.19940496981 0.32722699642 0.51125729084 0.73098140955 
0.94862496853 0.60421139002 0.40211239457 0.28795927763 0.20363688469 0.13637904823 0.086140856147 0.051732555032 0.029796646908 
0.01655051671 0.0088860895485 0.00461449055 0.0023184472229 0.001128006028 0.00053224596195 0.00024399164249 0.00010885373922 4.73294931e-05 
2.0077230147e-05 8.3157447079e-06 3.3650803744e-06 1.3311739622e-06 5.1509817922e-07 1.9516841121e-07 7.2709582355e-08 2.7408209036e-08 1.2639305602e-08 
1.4932053816e-08 3.5650547403e-08 1.0194099787e-07 2.8831647114e-07 7.8782261426e-07 2.073529231e-06 5.2524314924e-06 1.2799311662e-05 2.9997907404e-05 
6.7619177571e-05 0.00014662387548 0.00030593245174 0.00061437825207 0.0011873964686 0.0022068310063 0.0039369123988 0.006719510071 0.010918952525 
0.016785018146 0.024257900193 0.032948900014 0.042970586568 0.057607579976 0.087500728667 0.15119017661 0.26067981124 0.36561217904 
0.28034946322 0.1833884418 0.12405382842 0.095527268946 0.083895936608 0.078033737838 0.071079805493 0.061152637005 0.049756873399 
0.039253454655 0.031287971884 0.026469239965 0.024703327566 0.025606013834 0.028762962669 0.033901523799 0.041083682328 0.050757672638 
0.063298523426 0.078507870436 0.095359496772 0.11200720072 0.12601648271 0.13480964303 0.13630798459 0.12968958914 0.11602441221 
0.098188683391 0.079588994384 0.063059404492 0.050159107894 0.041368816048 0.036617022008 0.035604450852 0.03766606003 0.041391268373 
0.044911142439 0.047571729869 0.051409050822 0.060049612075 0.0776726529 0.10964468867 0.16334988177 0.2455265671 0.35118898749 
0.44888296723 0.48930940032 0.40239885449 0.32795187831 0.26639810205 0.19791671634 0.13268576562 0.081339791417 0.046441812068 
0.025128899142 0.013063340448 0.006588533055 0.0032434801105 0.0015633996809 0.00073864281876 0.00034203496762 0.00015513869585 6.8877241574e-05 
2.9914250263e-05 1.2704682376e-05 5.2756868172e-06 2.1422736154e-06 8.5092597146e-07 3.3079004425e-07 1.2597550381e-07 4.7195996444e-08 1.7905010807e-08 
8.3137967621e-09 1.0160065678e-08 2.4179026781e-08 6.8903439399e-08 1.9416225427e-07 5.2834064945e-07 1.3839224948e-06 3.4861034237e-06 8.4398370745e-06 
1.9629676899e-05 4.3852200179e-05 9.409802442e-05 0.0001939896174 0.000384349667 0.00073202961357 0.0013401001925 0.0023562803399 0.003972966224 
0.0064100907184 0.0098832454532 0.014622285962 0.021214768291 0.032070111483 0.055702451617 0.11596728116 0.26426807046 0.57062858343 
0.98386108875 0.60188293457 0.31802532077 0.18105173111 0.12688523531 0.10884133726 0.10113150626 0.09130872041 0.076971679926 
0.060987353325 0.046889100224 0.036818981171 0.031433276832 0.030466614291 0.033190466464 0.038614910096 0.045748472214 0.054319944233 
0.065477274358 0.080591440201 0.10012250394 0.12315907329 0.14739367366 0.16933920979 0.18481047451 0.18978840113 0.1818036586 
0.16175201535 0.13452783227 0.10588912666 0.081042684615 0.062582403421 0.051166191697 0.046710237861 0.048867743462 0.056390266865 
0.065895266831 0.072297334671 0.072922743857 0.071143761277 0.072758249938 0.082128159702 0.10222291946 0.13603119552 0.18578197062 
0.24792613089 0.30718666315 0.3420959115 0.32577705383 0.31930369139 0.32325285673 0.25343364477 0.16660684347 0.098146058619 
0.052809499204 0.026615396142 0.01277933456 0.0059273731895 0.0026870663278 0.0012014302192 0.00053284876049 0.00023491145112 0.00010284781456 
4.4594871724e-05 1.9087470719e-05 8.0411246017e-06 3.3270400763e-06 1.350198545e-06 5.3710419934e-07 2.0940791501e-07 8.0067344754e-08 3.0141361407e-08 
1.1500531194e-08 5.3733097971e-09 6.5626588608e-09 1.5574846302e-08 4.4256410092e-08 1.2432849417e-07 3.3715843983e-07 8.797225064e-07 2.2062085918e-06 
5.3140406635e-06 1.2287206118e-05 2.7264839446e-05 5.8058576542e-05 0.00011867746798 0.00023300282191 0.00043973402353 0.0007984143449 0.0013957351912 
0.0023506691214 0.0038187252358 0.006011324469 0.0093197179958 0.01490334142 0.026931012049 0.05972263217 0.15686033666 0.43369457126 
1.1586458683 2.9631421566 1.1942708492 0.50205147266 0.2451710701 0.16115821898 0.13874723017 0.1299983263 0.11574669182 
0.094583652914 0.072352930903 0.054199256003 0.042498383671 0.037704832852 0.039340894669 0.046269968152 0.056407276541 0.066814079881 
0.07581975311 0.086608253419 0.10308012366 0.12720271945 0.15849211812 0.19416749477 0.22933708131 0.25732374191 0.27049672604 
0.26236552 0.23233838379 0.18962782621 0.14316855371 0.10429444164 0.077335901558 0.062572516501 0.059601444751 0.068111754954 
0.086084954441 0.10666240752 0.11863934994 0.1155096665 0.10376442969 0.094304151833 0.093422576785 0.10269406438 0.12253115326 
0.15401346982 0.19783462584 0.25152987242 0.28992682695 0.083384476602 0.0039974916726 0.0067407409661 0.33498880267 0.21464951336 
0.13253490627 0.068674884737 0.032859556377 0.01486489363 0.0064288377762 0.0026882777456 0.001100452384 0.0004464412923 0.00018129013188 
7.4090363341e-05 3.0480232454e-05 1.2574372704e-05 5.1727956816e-06 2.1103735435e-06 8.5020889173e-07 3.37263657e-07 1.3151206701e-07 5.0387274797e-08 
1.9031876519e-08 7.2939281281e-09 3.4249552083e-09 4.029963474e-09 9.5421839319e-09 2.7050509388e-08 7.5805267841e-08 2.0501668985e-07 5.3333280903e-07 
1.3330527509e-06 3.1989422951e-06 7.3660712587e-06 1.6270858396e-05 3.4479147871e-05 7.0127869549e-05 0.0001370402606 0.00025768662454 0.0004671816132 
0.00081855402095 0.0013898449251 0.0022962191142 0.0037261014804 0.006096098572 0.010722796433 0.022433646023 0.058374412358 0.17315247655 
0.51625871658 1.4193626642 3.4641983509 1.4236050844 0.58010292053 0.27518078685 0.18650647998 0.17037712038 0.16421984136 
0.14433851838 0.11326244473 0.082674816251 0.060150060803 0.047894630581 0.045866709203 0.053591065109 0.069829374552 0.09066285193 
0.10791040212 0.11405072361 0.11913635582 0.13336348534 0.1615344286 0.20387563109 0.2571863234 0.31501445174 0.36737951636 
0.40060156584 0.39856347442 0.35363647342 0.28609922528 0.20227846503 0.13606657088 0.094667389989 0.07491863519 0.074336633086 
0.092283166945 0.12576951087 0.16292323172 0.18322008848 0.1742567271 0.14770163596 0.12280709296 0.10950863361 0.1084997654 
0.11815048754 0.13906277716 0.17523923516 0.23396763206 0.3237118423 0.3981436193 0.012323061004 0.00068405445199 0.0034511340782 
0.0037670873571 0.1565322876 0.089936725795 0.042510312051 0.018785655499 0.0078554153442 0.0031279628165 0.0011976480018 0.00044683445594 
0.00016500859056 6.1239676143e-05 2.3094897188e-05 8.8844672064e-06 3.4749828046e-06 1.3714900433e-06 5.4163365348e-07 2.1254317062e-07 8.246797023e-08 
3.1554229452e-08 1.1928928068e-08 4.5826200612e-09 2.1586632482e-09 2.3559725282e-09 5.5680970945e-09 1.5755031058e-08 4.4066972293e-08 1.1893733642e-07 
3.0872840284e-07 7.6985338637e-07 1.8428480644e-06 4.2325386858e-06 9.3252419902e-06 1.9714030714e-05 4.0022750909e-05 7.8148921602e-05 0.00014710745018 
0.0002677802695 0.00047308919602 0.00081456679618 0.0013745008036 0.0022998359054 0.0039409156889 0.0074708419852 0.017462199554 0.051445700228 
0.17078600824 0.55955737829 1.6046242714 3.3163266182 1.3608249426 0.54971408844 0.26486575603 0.19663980603 0.19789949059 
0.19981914759 0.17515428364 0.13183040917 0.090969622135 0.064039349556 0.052803710103 0.056693475693 0.076268054545 0.11195600033 
0.15821100771 0.19379158318 0.18568731844 0.17093877494 0.17452456057 0.20486363769 0.26239275932 0.34366494417 0.44136708975 
0.54289239645 0.62761068344 0.65805912018 0.5946598053 0.49705287814 0.31374979019 0.18425139785 0.11505548656 0.086375594139 
0.087240166962 0.1146357879 0.16415575147 0.21866089106 0.24769181013 0.23247945309 0.190360412 0.14962233603 0.12416651845 
0.11397015303 0.11548990756 0.12845300138 0.1580902338 0.21621450782 0.3253493607 0.52885454893 0.80334573984 0.082453608513 
0.0069457464851 0.0059941159561 0.1964211762 0.11429477483 0.055041342974 0.024606261402 0.010276624002 0.0040233004838 0.0014870280866 
0.0005244591739 0.00017909964663 6.0313624999e-05 2.0436098566e-05 7.0892306212e-06 2.5412673494e-06 9.4014762908e-07 3.5567518353e-07 1.3598818782e-07 
5.2005216133e-08 1.9753183977e-08 7.4444854725e-09 2.858105308e-09 1.3473254734e-09 1.3130431187e-09 3.0986442301e-09 8.755003833e-09 2.4453148839e-08 
6.5903869029e-08 1.7081603687e-07 4.2532536781e-07 1.0166975244e-06 2.3321933895e-06 5.1336942306e-06 1.0849539649e-05 2.20415277e-05 4.3135780288e-05 
8.1571044575e-05 0.00014964108414 0.00026749976678 0.0004681389255 0.00080664025154 0.0013856207952 0.0024635526352 0.0049823536538 0.013045936823 
0.04485540092 0.17809805274 0.71727246046 2.6716024876 1.9134310484 0.99229753017 0.43312072754 0.22159743309 0.18622170389 
0.21000145376 0.22660858929 0.20315031707 0.14831013978 0.09636682272 0.065391309559 0.0568401739 0.070068672299 0.10924976319 
0.18238514662 0.28985202312 0.38639605045 0.32122793794 0.25121000409 0.227953583 0.25755745173 0.33730885386 0.46412611008 
0.63259196281 0.83289682865 1.0510534048 1.2149125338 1.1299506426 1.0613507032 0.54579049349 0.26093149185 0.13834618032 
0.09400447458 0.092473380268 0.12355867773 0.18052883446 0.2433437407 0.27674376965 0.25884690881 0.20950178802 0.16104672849 
0.12908017635 0.11315687746 0.10876399279 0.11483035237 0.135928303 0.18262477219 0.27230343223 0.43116047978 0.68032383919 
0.85520505905 0.61752122641 0.39590939879 0.25741803646 0.14487439394 0.073362275958 0.0337334387 0.014205025509 0.0055266614072 
0.0020037714858 0.00068323756568 0.00022154820908 6.9326473749e-05 2.134231363e-05 6.6162024268e-06 2.1134835606e-06 7.0632711413e-07 2.4734455906e-07 
8.9803343428e-08 3.3283182432e-08 1.2420300344e-08 4.63673544e-09 1.7714628653e-09 8.3312468036e-10 6.985732548e-10 1.6466412678e-09 4.6474468718e-09 
1.296763763e-08 3.4916151748e-08 9.0420222421e-08 2.2497563634e-07 5.3749994322e-07 1.2327616332e-06 2.7146741104e-06 5.7444312915e-06 1.1699823517e-05 
2.2996469852e-05 4.3781648856e-05 8.1101294199e-05 0.00014687083603 0.00026118013193 0.00045835471246 0.00080365838949 0.001469153678 0.0031374718528 
0.0090737203136 0.034972704947 0.15138219297 0.63813072443 2.4161062241 1.2574652433 0.63987779617 0.28505632281 0.15657705069 
0.15300785005 0.19777473807 0.23663811386 0.22714163363 0.16417506337 0.099877610803 0.064298942685 0.058837272227 0.082814149559 
0.1475007236 0.28172433376 0.52897912264 0.86571323872 0.56358659267 0.35956773162 0.28729721904 0.31586053967 0.43087229133 
0.63282436132 0.92394882441 1.3063108921 1.8478966951 2.5165474415 2.2895407677 2.768330574 0.93427252769 0.34987923503 
0.15629439056 0.094060830772 0.08626191318 0.11213523895 0.16232846677 0.21813596785 0.24842424691 0.23393838108 0.19151483476 
0.1489315033 0.11963783205 0.10318388045 0.095927760005 0.097046591341 0.11036723852 0.14428767562 0.21070855856 0.32094150782 
0.47160276771 0.60085886717 0.55416637659 0.45401403308 0.33727458119 0.20654429495 0.10736279935 0.049206003547 0.020409548655 
0.0077873901464 0.0027614831924 0.00091702089412 0.00028732494684 8.5755251348e-05 2.4710521757e-05 7.0073942879e-06 2.0055035748e-06 5.9533363128e-07 
1.8704245974e-07 6.2437273129e-08 2.1873267642e-08 7.8895512345e-09 2.8889306503e-09 1.0917071691e-09 5.1024284797e-10 3.552727279e-10 8.36654801e-10 
2.3594834975e-09 6.579291334e-09 1.7705639621e-08 4.5833612461e-08 1.1402073596e-07 2.7245786782e-07 6.2529227307e-07 1.3788289834e-06 2.9245809401e-06 
5.9788753788e-06 1.1817189261e-05 2.2673988497e-05 4.2434945499e-05 7.7823337051e-05 0.00014037458459 0.00024988007499 0.00044311664533 0.0008123384323 
0.0017097595846 0.0047650290653 0.017291616648 0.067793406546 0.24019873142 0.63100475073 0.50669044256 0.29367643595 0.14440914989 
0.091407336295 0.109856911 0.16983491182 0.23660451174 0.25553265214 0.18676054478 0.10540193319 0.061793591827 0.056785166264 
0.08698990941 0.16943612695 0.36379554868 0.85050725937 2.2856926918 0.88700073957 0.44820728898 0.32806932926 0.36822059751 
0.54092109203 0.86620718241 1.3639571667 2.0029957294 3.1683821678 5.8612837791 4.1078133583 1.8623188734 0.75692951679 
0.31050351262 0.14238098264 0.08278554678 0.070847660303 0.086932957172 0.12178869545 0.16125130653 0.18369391561 0.1758710891 
0.14859813452 0.12031592429 0.1000096947 0.08631978184 0.078676894307 0.077438041568 0.086334727705 0.11307450384 0.16865849495 
0.26331716776 0.39521804452 0.5323651433 0.61205840111 0.62777650356 0.55804622173 0.34437373281 0.16984985769 0.073574177921 
0.029023496434 0.01062761806 0.0036461791024 0.0011774348095 0.00035911850864 0.00010394074343 2.8768332413e-05 7.7098966358e-06 2.0398435936e-06 
5.4740229416e-07 1.5364466321e-07 4.6161591882e-08 1.4901809564e-08 5.0907744686e-09 1.8043808669e-09 6.6907135388e-10 3.0928426487e-10 1.7296306054e-10 
4.0699904558e-10 1.1471041894e-09 3.1973406145e-09 8.6024556367e-09 2.2268439537e-08 5.5412826327e-08 1.3250142672e-07 3.0446730648e-07 6.7272623028e-07 
1.431242822e-06 2.9388688745e-06 5.8440577959e-06 1.1303093743e-05 2.1364465283e-05 3.963112249e-05 7.2346105298e-05 0.0001301538141 0.00023185177997 
0.00041892376612 0.00082967872731 0.0020521243569 0.0065161711536 0.022572219372 0.06999605149 0.15825225413 0.16395929456 0.12680843472 
0.089948214591 0.058516927063 0.076565995812 0.14176887274 0.22590427101 0.27441832423 0.2058031261 0.10901964456 0.056818857789 
0.048876006156 0.074546836317 0.14080761373 0.27571982145 0.52303224802 0.85983264446 0.55922138691 0.36178472638 0.31016889215 
0.39505177736 0.65084850788 1.1737910509 2.0663096905 2.8115444183 4.1708927155 3.1342947483 2.0791816711 1.087756753 
0.50747662783 0.23228369653 0.11306355149 0.06537617743 0.052442986518 0.059704646468 0.07961665839 0.10300818831 0.11743585765 
0.11544188112 0.10284652561 0.09065181762 0.083611771464 0.069718576968 0.060975570232 0.058987721801 0.06671974808 0.092105709016 
0.14833985269 0.2515450418 0.4122723639 0.62164360285 0.84437358379 1.0342918634 1.107015729 0.65796494484 0.27125880122 
0.10501739383 0.038305342197 0.013242930174 0.0043582045473 0.0013653564965 0.00040669424925 0.00011519095278 3.1115076126e-05 8.0719073594e-06 
2.0372281142e-06 5.1086232133e-07 1.3114681963e-07 3.563340556e-08 1.0481862489e-08 3.3368778851e-09 1.1296993341e-09 4.0746192531e-10 1.8532057833e-10 
8.0737812269e-11 1.8983356553e-10 5.3475446293e-10 1.4901394563e-09 4.009125476e-09 1.0380613702e-08 2.5846210505e-08 6.1866188616e-08 1.4238882784e-07 
3.1536569622e-07 6.7323645681e-07 1.3888544572e-06 2.7787373256e-06 5.4157158047e-06 1.0329427823e-05 1.9352317395e-05 3.5679538996e-05 6.4720457885e-05 
0.00011556199024 0.00020538500394 0.00038019957719 0.00081000506179 0.0021410498302 0.0064093046822 0.018015028909 0.041019465774 0.082564018667 
0.23200449347 0.20764786005 0.090436831117 0.072071544826 0.13971036673 0.1824106276 0.22567671537 0.17432364821 0.089864253998 
0.043943583965 0.036367684603 0.054143995047 0.096510052681 0.17092582583 0.27837711573 0.37468054891 0.31133309007 0.25088068843 
0.25920388103 0.3781863153 0.69789332151 1.4774276018 3.5912601948 3.9677395821 2.58862257 1.77906394 1.1343432665 
0.63243037462 0.32308724523 0.16006916761 0.081612050533 0.047157544643 0.035789411515 0.037687413394 0.047440074384 0.05972089991 
0.068337582052 0.070127375424 0.070325046778 0.08298663795 0.11403342336 0.071821928024 0.04902144894 0.044014070183 0.051547233015 
0.077620580792 0.13784611225 0.25674298406 0.46430757642 0.78563290834 1.2158558369 1.6994594336 2.2028298378 1.7719486952 
0.41444009542 0.12954239547 0.043184000999 0.014146331698 0.0044888830744 0.0013716113754 0.0004013798316 0.00011208376236 2.9851385989e-05 
7.6079240898e-06 1.8709650931e-06 4.5087682565e-07 1.0916035365e-07 2.7467557118e-08 7.4301786945e-09 2.1971657826e-09 7.0521521955e-10 2.4581967017e-10 
1.0953635221e-10 3.6202568721e-11 8.5038191766e-11 2.3940652238e-10 6.6696553835e-10 1.7945355202e-09 4.6482679927e-09 1.1582319104e-08 2.7757950605e-08 
6.4003685907e-08 1.421239233e-07 3.044746677e-07 6.3103567527e-07 1.2699565559e-06 2.4926448532e-06 4.792454547e-06 9.0551702669e-06 1.6833029804e-05 
3.0745835829e-05 5.5057393183e-05 9.6885938547e-05 0.00017094859504 0.00032063748222 0.0006962036714 0.0017959784018 0.0055327387527 0.028154410422 
0.42356702685 1.1301964521 0.6513196826 0.21588310599 0.1503392458 0.35479989648 0.17661297321 0.13057120144 0.091831542552 
0.047364808619 0.024958906695 0.023057827726 0.034731805325 0.058771558106 0.096098139882 0.14208003879 0.17663469911 0.16898937523 
0.16142909229 0.19106550515 0.29274168611 0.5196634531 0.95497697592 1.6299221516 1.7912405729 1.3842953444 0.97352731228 
0.62541556358 0.36400589347 0.19694566727 0.10268317163 0.054105877876 0.031371247023 0.02286564745 0.022469019517 0.026709346101 
0.032741710544 0.038014020771 0.043366476893 0.063629455864 0.15293696523 0.38103801012 0.14769268036 0.054422024637 0.034443531185 
0.039470423013 0.064204663038 0.12369587272 0.24984750152 0.49619263411 0.93011128902 1.5330328941 2.0032935143 2.3238728046 
1.6015456915 0.35117971897 0.11012840271 0.036844085902 0.012050357647 0.0038094536867 0.0011591325747 0.00033782242099 9.3935690529e-05 
2.4885051971e-05 6.2921790231e-06 1.5275808209e-06 3.6032523099e-07 8.4287364643e-08 2.0168327453e-08 5.1241877408e-09 1.4225685074e-09 4.338902293e-10 
1.4601846121e-10 6.3653748938e-11 1.562928259e-11 3.666121573e-11 1.031220942e-10 2.8717944689e-10 7.7268830223e-10 2.0022208336e-09 4.9930832802e-09 
1.1981974524e-08 2.7680444603e-08 6.1627702053e-08 1.324867327e-07 2.7580813367e-07 5.5809778132e-07 1.1024148989e-06 2.1344451397e-06 4.062217613e-06 
7.6041974353e-06 1.3974612557e-05 2.5126133551e-05 4.410605834e-05 7.602214464e-05 0.00013196925283 0.00024376665533 0.00051622104365 0.0014482083498 
0.0073994151317 0.068720348179 0.77260196209 0.92776238918 0.24707613885 0.3420638442 1.3609417677 0.33767861128 0.090314082801 
0.038677100092 0.019015232101 0.012008399703 0.013278887607 0.020402774215 0.03306781128 0.05099286139 0.071186833084 0.086429670453 
0.090852096677 0.098117485642 0.12602896988 0.1935441345 0.32220548391 0.52613419294 0.76251214743 0.8266326189 0.69099134207 
0.50525975227 0.33329716325 0.20097456872 0.11316101998 0.061204303056 0.033162605017 0.019417999312 0.013813690282 0.012854548171 
0.014530302957 0.017449919134 0.021117573604 0.030824154615 0.084319107234 0.36898043752 1.6635830402 0.36687636375 0.08121664077 
0.029827995226 0.029210194945 0.04901721701 0.098963946104 0.21144510806 0.4514939785 0.90888398886 1.5156154633 1.698145628 
1.7669934034 1.2536367178 0.23568083346 0.073071345687 0.025105597451 0.0083994856104 0.0026973150671 0.00082912127255 0.00024314108305 
6.7830405897e-05 1.7984910301e-05 4.5397928261e-06 1.0965072761e-06 2.5597378794e-07 5.8785047941e-08 1.3659867903e-08 3.3338882766e-09 8.8488938399e-10 
2.59316707e-10 8.4715755244e-11 3.6217490812e-11 6.5159609479e-12 1.5251111138e-11 4.2838170511e-11 1.1921029441e-10 3.2067576372e-10 8.3114831684e-10 
2.074195482e-09 4.9837245442e-09 1.1534681654e-08 2.5746411225e-08 5.5534354004e-08 1.1609435546e-07 2.3609649702e-07 4.6903357998e-07 9.1372783118e-07 
1.7499149862e-06 3.2956986615e-06 6.091240266e-06 1.1006583918e-05 1.9372566385e-05 3.3197437006e-05 5.5827040342e-05 9.4294729934e-05 0.00016787021013 
0.00036202772753 0.0013646367006 0.0091324504465 0.064712442458 0.16779281199 0.058462932706 0.10703425109 0.55386680365 0.10739149153 
0.0300023444 0.012158121914 0.0067426329479 0.0056419968605 0.0072866831906 0.011246704496 0.017571965232 0.025991048664 0.035153087229 
0.042769506574 0.048156436533 0.056540504098 0.075811930001 0.11438877136 0.17912133038 0.26811033487 0.35461801291 0.3785417676 
0.32900410891 0.24868088961 0.16878817976 0.10494202375 0.061027240008 0.034069251269 0.018985204399 0.011299901642 0.0079516172409 
0.0071089528501 0.0077027068473 0.0090484926477 0.010941326618 0.015632528812 0.037363979965 0.12895177305 0.35941469669 0.1283274442 
0.036899726838 0.017354715616 0.019197057933 0.032816525549 0.065671652555 0.13810133934 0.28867137432 0.57124555111 0.96964269876 
1.1476010084 1.5472720861 0.36485937238 0.10860135406 0.039591088891 0.01437111292 0.0049708276056 0.0016348193167 0.00051103252918 
0.00015157349117 4.2598054279e-05 1.1344404811e-05 2.8690890304e-06 6.9257356472e-07 1.6107688339e-07 3.6691300664e-08 8.4054319061e-09 2.0088728458e-09 
5.1989024197e-10 1.4870130127e-10 4.7648697488e-11 2.0097057699e-11 2.6340566013e-12 6.1439776877e-12 1.7216918863e-11 4.7845172269e-11 1.2861381404e-10 
3.3331515326e-10 8.3220658142e-10 2.0016923674e-09 4.6407233611e-09 1.0383236493e-08 2.2466485561e-08 4.714887325e-08 9.6326438381e-08 1.9235532989e-07 
3.7680192122e-07 7.2569622489e-07 1.374381327e-06 2.5543483844e-06 4.641952728e-06 8.2165734057e-06 1.4132924662e-05 2.3652961318e-05 3.8799247704e-05 
6.3483748818e-05 0.00011001637904 0.00025946163805 0.0011276869336 0.0059907916002 0.018505139276 0.0091671058908 0.020477678627 0.055061914027 
0.021186865866 0.0070392326452 0.0034105184022 0.0025323387235 0.0027635891456 0.0038743983023 0.0059080733918 0.0089433575049 0.012845638208 
0.017105383798 0.021087154746 0.024997666478 0.030980613083 0.042302943766 0.062215019017 0.092343330383 0.12949478626 0.16154770553 
0.16982139647 0.15048259497 0.11660141498 0.081193089485 0.051891051233 0.031084343791 0.017900366336 0.010279820301 0.0062516545877 
0.0043923389167 0.0038138115779 0.0039876108058 0.0045814453624 0.0054360190406 0.0070199286565 0.012506725267 0.031918492168 0.069028645754 
0.031882282346 0.012917511165 0.0090546840802 0.011476520449 0.019338205457 0.036868166178 0.073069438338 0.14163783193 0.25294139981 
0.37876665592 0.38551798463 0.29158365726 0.11313527077 0.046484898776 0.018844116479 0.00718167983 0.002570484532 0.00086734606884 
0.00027621682966 8.3003564214e-05 2.3537526431e-05 6.3062998379e-06 1.6011052821e-06 3.8732895291e-07 9.0138300379e-08 2.0510650955e-08 4.6844887969e-09 
1.1137634148e-09 2.8624336235e-10 8.1266805785e-11 2.5863948136e-11 1.084768126e-11 1.0383104966e-12 2.408824442e-12 6.7242309811e-12 1.864079377e-11 
5.003380002e-11 1.2957482309e-10 3.2351826773e-10 7.7870093707e-10 1.80788573e-09 4.0536347612e-09 8.7961851136e-09 1.8526483458e-08 3.8011449988e-08 
7.6268690918e-08 1.5016712496e-07 2.9074502095e-07 5.5363108231e-07 1.0348626347e-06 1.892712362e-06 3.3752876334e-06 5.8544187596e-06 9.8717264336e-06 
1.6214384232e-05 2.6066287319e-05 4.1633506044e-05 7.1556845796e-05 0.00017032203323 0.00059603701811 0.0016946392134 0.0012793868082 0.0031792859081 
0.0073460279964 0.0034851918463 0.0015462113079 0.0010876192246 0.0011012025643 0.0013974097092 0.0020045214333 0.0029925745912 0.0044075590558 
0.006200093776 0.0082058412954 0.01028537564 0.012664831243 0.016220305115 0.022213840857 0.031753074378 0.044986732304 0.059939872473 
0.071702077985 0.074278794229 0.066440701485 0.052442967892 0.037354066968 0.024504192173 0.015116909519 0.0089895026758 0.0053318380378 
0.0033240963239 0.0023446492851 0.0019904701039 0.0020160141867 0.0022663644049 0.002645639237 0.0031807885971 0.0043522333726 0.0076182051562 
0.012848225422 0.0077436314896 0.0048680324107 0.0047005219385 0.0063274982385 0.010236691684 0.018219932914 0.033435411751 0.059515673667 
0.095870047808 0.12693160772 0.11703293025 0.077963985503 0.039964076132 0.018777366728 0.0080807721242 0.0032074588817 0.0011851235759 
0.00040973161231 0.00013283733279 4.0433445974e-05 1.1571266441e-05 3.1207628126e-06 7.9625345961e-07 1.9340615154e-07 4.5186929754e-08 1.0330939659e-08 
2.3747859235e-09 5.6947263571e-10 1.4777525037e-10 4.2308677395e-11 1.353815237e-11 5.6913319543e-12 4.0221350014e-13 9.2548429857e-13 2.5679332792e-12 
7.0899531905e-12 1.8977939012e-11 4.9065067981e-11 1.2241219149e-10 2.9467930873e-10 6.8480471294e-10 1.5381989016e-09 3.3464215843e-09 7.071708108e-09 
1.4567350881e-08 2.9361631348e-08 5.8095981359e-08 1.1307094638e-07 2.1650953386e-07 4.0720749439e-07 7.5014389722e-07 1.3495083522e-06 2.3658849386e-06 
4.0393038034e-06 6.7203513936e-06 1.0908977856e-05 1.7318068785e-05 2.7277732443e-05 4.5616918214e-05 9.1391048045e-05 0.00019052396237 0.00021987165383 
0.00048477633391 0.00097368081333 0.00060659955489 0.00043400467257 0.00043951466796 0.00053047918482 0.00071067857789 0.001013697125 0.0014774447773 
0.0021247158293 0.002943365369 0.0038907490671 0.0049545797519 0.0062658414245 0.008168514818 0.011115064844 0.015431841835 0.020984720439 
0.026807853952 0.031029174104 0.03170703724 0.028487827629 0.022818667814 0.01659680903 0.011172570288 0.0071039190516 0.0043684071861 
0.0026797547471 0.0017151393695 0.0012176893651 0.001014215406 0.00099611026235 0.0010939158965 0.0012599346228 0.0014687135117 0.0017561229179 
0.0022779321298 0.0029616013635 0.0023986464366 0.0021283673123 0.0023821650539 0.003222055966 0.0049519292079 0.0081767775118 0.013813131489 
0.022607725114 0.033431053162 0.040739998221 0.036369815469 0.024869175628 0.014108673669 0.0070404969156 0.0031628799625 0.0013002381893 
0.00049411534565 0.00017454780755 5.7501216361e-05 1.7708734958e-05 5.1120318858e-06 1.3879613334e-06 3.5615516936e-07 8.7009716765e-08 2.0476877083e-08 
4.7314090423e-09 1.1050175219e-09 2.7080121479e-10 7.2026010156e-11 2.1079405582e-11 6.8501324405e-12 2.9050965192e-12 1.5469663582e-13 3.5173708564e-13 
9.6716048798e-13 2.653390745e-12 7.0700736932e-12 1.8221542331e-11 4.5375137675e-11 1.0914782272e-10 2.5372323686e-10 5.706404238e-10 1.2441968567e-09 
2.637300156e-09 5.4533639826e-09 1.104023184e-08 2.1951898077e-08 4.2953633539e-08 8.2735077456e-08 1.5666020659e-07 2.9092285558e-07 5.2853914667e-07 
9.3781312671e-07 1.624246579e-06 2.7466919619e-06 4.5364058678e-06 7.314663435e-06 1.1523166904e-05 1.7910713723e-05 2.8208469303e-05 4.4728352805e-05 
6.2656697992e-05 0.00010475190356 0.00016945577227 0.00015906032058 0.00017008926079 0.00020571101049 0.00026491106837 0.00035898396163 0.00050445599481 
0.0007182873087 0.0010116616031 0.0013847255614 0.0018311942695 0.0023614333477 0.0030374911148 0.0039869686589 0.0053587416187 0.0072285621427 
0.009475665167 0.011678484268 0.013152424246 0.013272692449 0.011952784844 0.0096975918859 0.0071979565546 0.0049743535928 0.0032628551126 
0.002076438861 0.0013176206267 0.00086556788301 0.00061900279252 0.00050666014431 0.00048224659986 0.00051545270253 0.00058446003823 0.0006721355021 
0.00076840125257 0.00087707157945 0.00098251749296 0.00095309951575 0.0009788768366 0.001141544315 0.0015154274879 0.0022115425672 0.0033968554344 
0.0052897958085 0.0079884240404 0.010980842635 0.012654986233 0.011234836653 0.0079440418631 0.0047229486518 0.0024538419675 0.0011419192888 
0.00048359768698 0.00018819696561 6.7706467235e-05 2.2613137844e-05 7.036615898e-06 2.0476447844e-06 5.5971452184e-07 1.4457600628e-07 3.5602081283e-08 
8.4745899187e-09 1.9929771167e-09 4.7794040947e-10 1.2130092764e-10 3.3507155384e-11 1.012724106e-11 3.3647704848e-12 1.4453798401e-12 5.9820495725e-14 
1.3382661136e-13 3.6330663413e-13 9.8750131336e-13 2.6129155263e-12 6.6998468405e-12 1.66260547e-11 3.991349265e-11 9.2722225731e-11 2.0866154637e-10 
4.5573850249e-10 9.6866092925e-10 2.0102073339e-09 4.0872785156e-09 8.1672215657e-09 1.606970379e-08 3.114731939e-08 5.9410080411e-08 1.1129488797e-07 
2.0434968917e-07 3.67226761e-07 6.4553557877e-07 1.1100366919e-06 1.8667981294e-06 3.0670621527e-06 4.9143509386e-06 7.6761471064e-06 1.1722021554e-05 
1.749979856e-05 2.5180461307e-05 3.6532463128e-05 5.1540402637e-05 6.2757579144e-05 7.8550525359e-05 0.00010089917487 0.00013283343287 0.00017978560936 
0.00024873294751 0.0003469188232 0.0004798930313 0.00065022468334 0.00085978902644 0.0011176333064 0.0014499098761 0.0019008561503 0.0025142868981 
0.0032980935648 0.0041827936657 0.0049966932274 0.0054972949438 0.0054866140708 0.0049497899599 0.0040650493465 0.0030789282173 0.0021851847414 
0.0014790816931 0.00097377394559 0.00063838873757 0.00042976689292 0.0003094978747 0.00024920675787 0.00022966464167 0.00023785645317 0.00026410119608 
0.00030004125438 0.00033806453575 0.00037253586925 0.00039921991993 0.00041085516568 0.00043830487994 0.00051092158537 0.00065968721174 0.00091685220832 
0.0013189623132 0.0019050894771 0.0026689057704 0.0034374061506 0.003792342497 0.003359079361 0.002431007335 0.0014916000655 0.00079996645218 
0.00038316572318 0.00016626437719 6.5975247708e-05 2.4096747438e-05 8.1420457718e-06 2.556735808e-06 7.4965794283e-07 2.0638594833e-07 5.3746706641e-08 
1.3384421571e-08 3.2413218776e-09 7.8300821382e-10 1.9521308181e-10 5.1987324168e-11 1.5067475045e-11 4.7308441886e-12 1.6117230163e-12 7.0234280631e-13 
2.3567607555e-14 5.1666248455e-14 1.3794930367e-13 3.7027553332e-13 9.7017435318e-13 2.4690067699e-12 6.0935835371e-12 1.4576131968e-11 3.3797672994e-11 
7.6032534435e-11 1.6623859234e-10 3.5414163269e-10 7.373675559e-10 1.5055164893e-09 3.023062467e-09 5.9814619924e-09 1.1668423561e-08 2.2424977431e-08 
4.2390638555e-08 7.8680017168e-08 1.4320058028e-07 2.5539523563e-07 4.4618320771e-07 7.6306702113e-07 1.2756266869e-06 2.0798706828e-06 3.3005399018e-06 
5.0923154049e-06 7.634494068e-06 1.1105061276e-05 1.576122304e-05 2.1744026526e-05 2.8754826417e-05 3.7795733078e-05 4.978771176e-05 6.6239241278e-05 
8.9396278781e-05 0.00012211115973 0.00016746702022 0.0002281969937 0.00030640143086 0.00040442639147 0.00052726437571 0.00068499078043 0.00089171971194 
0.0011581945 0.0014792406 0.0018209979171 0.0021167013329 0.0022825363558 0.0022569107823 0.0020403610542 0.0016960463254 0.0013107870473 
0.00095518300077 0.0006666413974 0.00045328147826 0.00030623524799 0.00021075604309 0.00015272620658 0.00012111058459 0.00010805016791 0.00010799989104 
0.00011670451204 0.00013038000907 0.00014535126684 0.00015843143046 0.00016791948292 0.00017474967171 0.00018658692716 0.00021382936393 0.00026707147481 
0.0003543086641 0.00048081000568 0.00064940704033 0.00084989145398 0.0010321671143 0.0010961894877 0.00096595782088 0.00070976745337 0.00044579003588 
0.00024508914794 0.000120099372 5.3130788729e-05 2.1414985895e-05 7.9190813267e-06 2.7023368148e-06 8.5559906893e-07 2.527897891e-07 7.0177435418e-08 
1.8476777441e-08 4.677326082e-09 1.1622307561e-09 2.9190205808e-10 7.6703712826e-11 2.1674804312e-11 6.627909159e-12 2.1640929066e-12 7.555788677e-13 
3.3385780577e-13 9.5630172211e-15 2.0493414976e-14 5.3660726443e-14 1.4183648017e-13 3.6702794124e-13 9.2481740582e-13 2.2652478851e-12 5.3895590248e-12 
1.2455281598e-11 2.7978936876e-11 6.118562601e-11 1.3055714843e-10 2.7259999813e-10 5.5866838933e-10 1.1268767031e-09 2.2413666478e-09 4.3990779908e-09 
8.5153972762e-09 1.6235871314e-08 3.0444091692e-08 5.6068344634e-08 1.013248152e-07 1.7954005216e-07 3.1159564173e-07 5.2876833934e-07 8.7537637228e-07 
1.4105207811e-06 2.2085109777e-06 3.3573894598e-06 4.9545465117e-06 7.1073591243e-06 9.9285189208e-06 1.3542153283e-05 1.8235181415e-05 2.4426581149e-05 
3.2763571653e-05 4.4164724386e-05 5.9802096075e-05 8.0998383055e-05 0.00010906653915 0.00014525126608 0.00019100484496 0.00024861877318 0.00032165684388 
0.0004141194222 0.00052762252744 0.00065721489955 0.00078780256445 0.00089422648307 0.00094801728847 0.00093034515157 0.00084338453598 0.00070955365663 
0.0005592489033 0.00041794858407 0.00030016724486 0.00021017837571 0.00014582723088 0.00010229623877 7.452461432e-05 5.828578287e-05 5.0393820857e-05 
4.8491430789e-05 5.0712264056e-05 5.538066398e-05 6.0868125729e-05 6.5731554059e-05 6.9176625402e-05 7.1678114182e-05 7.5562922575e-05 8.4336483269e-05 
0.00010134295735 0.0001283177553 0.0001650799968 0.00021007175383 0.00025869777892 0.00029797013849 0.00030559796141 0.00026697071735 0.00019788401551 
0.00012636942847 7.0779409725e-05 3.5294557165e-05 1.5851255739e-05 6.4694331741e-06 2.4170844881e-06 8.3204878365e-07 2.6557191291e-07 7.9142360221e-08 
2.2211699147e-08 5.9413904907e-09 1.5414277632e-09 3.9773961902e-10 1.0538471484e-10 2.956671713e-11 8.9225432598e-12 2.8776221857e-12 9.7389294979e-13 
3.4744364504e-13 1.5540222104e-13 4.0169194976e-15 8.4163700857e-15 2.1595623374e-14 5.6138328307e-14 1.4324176882e-13 3.5676138693e-13 8.6582179143e-13 
2.0458454809e-12 4.7059417994e-12 1.0543645818e-11 2.3039323921e-11 4.9198780466e-11 1.0293201708e-10 2.1157099683e-10 4.283170485e-10 8.5558604646e-10 
1.6876843256e-09 3.286479977e-09 6.3114700133e-09 1.1936839961e-08 2.220348172e-08 4.0570650839e-08 7.2738423285e-08 1.2778298242e-07 2.1955588636e-07 
3.6815629301e-07 6.0117866951e-07 9.5447228432e-07 1.4722479591e-06 2.2065532903e-06 3.2173388718e-06 4.575264029e-06 6.3709462665e-06 8.7381158664e-06 
1.187086491e-05 1.60494601e-05 2.1658792321e-05 2.9190030546e-05 3.9215654397e-05 5.234681521e-05 6.9217174314e-05 9.0547677246e-05 0.00011727110541 
0.00015052648087 0.00019121872901 0.00023899559164 0.00029093286139 0.00034065690124 0.00037887418875 0.00039601174649 0.00038639290142 0.00035143841524 
0.00029913245817 0.00024013832444 0.00018365944561 0.00013532344019 9.7212330729e-05 6.8996196205e-05 4.917930346e-05 3.5983212001e-05 2.7802470868e-05 
2.3348095056e-05 2.1616671802e-05 2.1789644961e-05 2.3131387934e-05 2.4938757633e-05 2.6590174457e-05 2.7712258088e-05 2.8402726457e-05 2.9362683563e-05 
3.1704639696e-05 3.6440029362e-05 4.3911597459e-05 5.3641713748e-05 6.464006583e-05 7.5351796113e-05 8.2708436821e-05 8.2084523456e-05 7.0873109507e-05 
5.2706691349e-05 3.4025251807e-05 1.9312768927e-05 9.7572592495e-06 4.433857157e-06 1.8281369876e-06 6.8917114504e-07 2.3924647508e-07 7.705023819e-08 
2.3218287737e-08 6.6195915416e-09 1.8135168922e-09 4.8804971176e-10 1.3279409516e-10 3.7669044967e-11 1.1376952332e-11 3.6640018276e-12 1.238987103e-12 
4.3201271553e-13 1.5685083711e-13 7.0867492647e-14 1.7427862767e-15 3.5804417258e-15 9.01886208e-15 2.3076402985e-14 5.8071169401e-14 1.4292501915e-13 
3.4348684921e-13 8.0546366018e-13 1.8426378045e-12 4.1141413193e-12 8.9749761442e-12 1.9162083378e-11 4.0129219392e-11 8.2629313114e-11 1.6766497912e-10 
3.3583277825e-10 6.6458311077e-10 1.2992710241e-09 2.5074586851e-09 4.7711607998e-09 8.9388443314e-09 1.6466939812e-08 2.9785478972e-08 5.2815600782e-08 
9.163834136e-08 1.5526360642e-07 2.5639855039e-07 4.1210270751e-07 6.4426166091e-07 9.7992131032e-07 1.4518244598e-06 2.0999652861e-06 2.9751477086e-06 
4.1451562538e-06 5.7022771216e-06 7.7722424976e-06 1.0521980585e-05 1.4162492334e-05 1.8943333998e-05 2.5140396247e-05 3.3047104807e-05 4.2979179852e-05 
5.5278422224e-05 7.0255809987e-05 8.7994376372e-05 0.0001079952126 0.00012879070709 0.00014777790057 0.00016155930643 0.00016692448116 0.00016217859229 
0.00014803634258 0.00012736333883 0.00010393680714 8.1113685155e-05 6.1090970121e-05 4.4839198381e-05 3.2424064557e-05 2.3411590519e-05 1.7186626792e-05 
1.3140893316e-05 1.0751686204e-05 9.5906971183e-06 9.2988539109e-06 9.5546347438e-06 1.00577372e-05 1.0545480109e-05 1.0847418707e-05 1.0956953702e-05 
1.1067912055e-05 1.15124476e-05 1.2588942809e-05 1.436785351e-05 1.6634274289e-05 1.9011913537e-05 2.1051217118e-05 2.2087380785e-05 2.1232443032e-05 
1.8069160433e-05 1.3420977666e-05 8.716555385e-06 4.9925424719e-06 2.5469471439e-06 1.1682260492e-06 4.8592721669e-07 1.8477523156e-07 6.4749890782e-08 
2.1096267844e-08 6.4603309369e-09 1.8865480289e-09 5.3591237004e-10 1.5200771197e-10 4.4322431142e-11 1.35963827e-11 4.4196486748e-12 1.5071345864e-12 
5.294222092e-13 1.8888775093e-13 6.951623115e-14 3.1666841729e-14 7.748046479e-16 1.567767247e-15 3.8909224997e-15 9.8252535394e-15 2.443189287e-14 
5.9500418915e-14 1.4171763806e-13 3.2992518765e-13 7.5065436722e-13 1.6697643702e-12 3.6345479577e-12 7.7524965614e-12 1.6234092196e-11 3.3442745101e-11 
6.7908012547e-11 1.3613479788e-10 2.6967891809e-10 5.2799226102e-10 1.0211462786e-09 1.9489185821e-09 3.6659693059e-09 6.7866183784e-09 1.234570135e-08 
2.203132965e-08 3.8497429244e-08 6.5747471467e-08 1.0956075158e-07 1.7792193319e-07 2.8142397923e-07 4.3365312763e-07 6.5165085061e-07 9.5667292044e-07 
1.3755203554e-06 1.9425938262e-06 2.7026194402e-06 3.713868864e-06 5.0511530389e-06 6.8072899921e-06 9.091631e-06 1.2025481738e-05 1.5735975467e-05 
2.0349219994e-05 2.5976340112e-05 3.2675390685e-05 4.0371021896e-05 4.8737769248e-05 5.7095730881e-05 6.4401996497e-05 6.9417328632e-05 7.1060239861e-05 
6.882778689e-05 6.3044033595e-05 5.4751151765e-05 4.5309225243e-05 3.5962595575e-05 2.757862967e-05 2.0597402909e-05 1.5117558178e-05 1.1026246284e-05 
8.1134194261e-06 6.1481218836e-06 4.9174018386e-06 4.2379301703e-06 3.9522833504e-06 3.9203487177e-06 4.0145137064e-06 4.1249008973e-06 4.1761813918e-06 
4.1490575313e-06 4.0903637455e-06 4.0934978642e-06 4.2452666094e-06 4.5652477638e-06 4.9861482694e-06 5.3943263083e-06 5.6744647736e-06 5.6946937548e-06 
5.2992659221e-06 4.4321532187e-06 3.2747655041e-06 2.1312757781e-06 1.227731218e-06 6.3090158164e-07 2.9168413107e-07 1.2236725411e-07 4.6987278068e-08 
1.666925975e-08 5.5239022245e-09 1.7340154868e-09 5.2530291228e-10 1.572906666e-10 4.7826603788e-11 1.51135892e-11 5.0155821336e-12 1.7386781034e-12 
6.2020364972e-13 2.2410075369e-13 8.1311049744e-14 3.0235518679e-14 1.3866254607e-14 3.493471718e-16 6.9945709677e-16 1.7176057871e-15 4.2953650619e-15 
1.0585130184e-14 2.5568143523e-14 6.0463861294e-14 1.3992896197e-13 3.16894487e-13 7.0252451859e-13 1.5257159685e-12 3.2498127453e-12 6.7994668056e-12 
1.3998174148e-11 2.8404726488e-11 5.6893455225e-11 1.1259261579e-10 2.2024003454e-10 4.2571823844e-10 8.1258494378e-10 1.5298735612e-09 2.8372106886e-09 
5.1749466934e-09 9.2675840335e-09 1.6267009073e-08 2.7937023361e-08 4.6873584125e-08 7.6749181233e-08 1.2256963089e-07 1.9094190407e-07 2.9037440186e-07 
4.3166426167e-07 6.2844475224e-07 8.9794832547e-07 1.2619968857e-06 1.7481427221e-06 2.3907191462e-06 3.2312939311e-06 4.3179325075e-06 5.7028742049e-06 
7.4385466178e-06 9.5714167401e-06 1.2131516996e-05 1.5113325389e-05 1.8445147361e-05 2.1952588213e-05 2.533427687e-05 2.8176076739e-05 3.0023878935e-05 
3.0509536373e-05 2.9484483093e-05 2.7088972274e-05 2.3708938897e-05 1.9844617782e-05 1.5966408682e-05 1.2421096471e-05 9.4045435617e-06 6.9824845923e-06 
5.1318002079e-06 3.7815125324e-06 2.8434574233e-06 2.230401833e-06 1.8637631456e-06 1.6746615756e-06 1.6021928104e-06 1.5922395278e-06 1.5990807469e-06 
1.5902890027e-06 1.5527732558e-06 1.4953214986e-06 1.4426207144e-06 1.4197390783e-06 1.434335104e-06 1.4701992086e-06 1.4984966583e-06 1.4928655219e-06 
1.4296508652e-06 1.2843793229e-06 1.0517802593e-06 7.6993501352e-07 5.0034896049e-07 2.8912364769e-07 1.494348254e-07 6.962405763e-08 2.9498648857e-08 
1.1476044115e-08 4.1459542466e-09 1.4103870294e-09 4.5988807207e-10 1.469621369e-10 4.7182785456e-11 1.5556781557e-11 5.3297197385e-12 1.8938277595e-12 
6.900105487e-13 2.5424337657e-13 9.3709450464e-14 3.441604979e-14 1.2900683634e-14 5.9505216509e-15 1.5820645808e-16 3.14659955e-16 7.6742984966e-16 
1.9069684728e-15 4.6710106215e-15 1.1219623084e-14 2.6400212786e-14 6.0838744524e-14 1.3731187411e-13 3.0361742851e-13 6.581279033e-13 1.3998295795e-12 
2.9252451156e-12 6.0144411153e-12 1.2184694226e-11 2.4355559236e-11 4.8082125087e-11 9.38021813e-11 1.8084518605e-10 3.4440933439e-10 6.4735999894e-10 
1.1995161531e-09 2.1879416057e-09 3.9223371218e-09 6.8994494562e-09 1.1889132345e-08 2.0042275395e-08 3.3018302759e-08 5.312852025e-08 8.3493375769e-08 
1.2821685402e-07 1.9258978057e-07 2.8333943192e-07 4.089404797e-07 5.7998602188e-07 8.095843782e-07 1.1136744433e-06 1.5110559843e-06 2.0228724225e-06 
2.6712802992e-06 3.4770903312e-06 4.4560601964e-06 5.6132166719e-06 6.934378689e-06 8.3750901467e-06 9.8499158412e-06 1.1228601579e-05 1.2346976291e-05 
1.3037044482e-05 1.3171589671e-05 1.2707081623e-05 1.1703054952e-05 1.0305519936e-05 8.7027756308e-06 7.0762898758e-06 5.5663263083e-06 4.2588571887e-06 
3.1896672681e-06 2.3573663839e-06 1.7381782982e-06 1.2981935242e-06 1.0015140788e-06 8.1447302591e-07 7.0704703603e-07 6.5284609718e-07 6.2893502673e-07 
6.1632135839e-07 6.0129542589e-07 5.7700140133e-07 5.4395741245e-07 5.0821967079e-07 4.7698227945e-07 4.5354255462e-07 4.3519224846e-07 4.1587409783e-07 
3.9035509758e-07 3.5493354744e-07 3.0626088687e-07 2.4426017831e-07 1.7631369076e-07 1.140014021e-07 6.5939723015e-08 3.4262207294e-08 1.6109364509e-08 
6.9180319251e-09 2.7442856876e-09 1.0195859712e-09 3.6092565048e-10 1.2428061358e-10 4.2579585691e-11 1.4809152168e-11 5.2904759566e-12 1.9423429878e-12 
7.2695435826e-13 2.7428704924e-13 1.0332219021e-13 3.8611129539e-14 1.4308287221e-14 5.3986487691e-15 2.5031164021e-15 7.1413638951e-17 1.4150298159e-16 
3.4376077776e-16 8.5101913724e-16 2.0770501475e-15 4.9722388309e-15 1.1664484787e-14 2.681077982e-14 6.0382749419e-14 1.3329113746e-13 2.8853961863e-13 
6.1300948042e-13 1.2794711037e-12 2.6267280451e-12 5.310966944e-12 1.0588462399e-11 2.0836964099e-11 4.0502313309e-11 7.778482719e-11 1.4757599309e-10 
2.764376783e-10 5.107820833e-10 9.2982394007e-10 1.66524039e-09 2.9296121085e-09 5.0554809228e-09 8.5461593358e-09 1.4138438864e-08 2.2876530892e-08 
3.6196325937e-08 5.6019974437e-08 8.4862435301e-08 1.2595228327e-07 1.8336810115e-07 2.6218421567e-07 3.6860305386e-07 5.1002552937e-07 6.9496962851e-07 
9.3271768264e-07 1.2325617718e-06 1.6025225023e-06 2.047416956e-06 2.5661524887e-06 3.1482286431e-06 3.76990738e-06 4.3913810259e-06 4.9571767704e-06 
5.4020579228e-06 5.6631020016e-06 5.6955886976e-06 5.4869942687e-06 5.0624585128e-06 4.4784255806e-06 3.8073740143e-06 3.120590236e-06 2.4753041998e-06 
1.9088179215e-06 1.4388406271e-06 1.0675879594e-06 7.8714884921e-07 5.8437689177e-07 4.444582089e-07 3.5301164303e-07 2.9702567872e-07 2.6511736451e-07 
2.4757582651e-07 2.365093934e-07 2.2618341688e-07 2.1337990574e-07 1.9744285851e-07 1.7968963562e-07 1.6215942367e-07 1.4619871536e-07 1.3176466496e-07 
1.1793186872e-07 1.0388384908e-07 8.9170569595e-08 7.3398936706e-08 5.6619292366e-08 4.0064534801e-08 2.5672445503e-08 1.483816181e-08 7.756341347e-09 
3.6928058389e-09 1.6178385298e-09 6.608980585e-10 2.5587923447e-10 9.5706803593e-11 3.5291415623e-11 1.3060851879e-11 4.9053218085e-12 1.8736134606e-12 
7.2408593878e-13 2.808170634e-13 1.0844188096e-13 4.1461900238e-14 1.5647524238e-14 5.8394811373e-15 2.2158892238e-15 1.0324601061e-15 3.1960035408e-17 
6.3213539458e-17 1.5327409258e-16 3.7874673249e-16 9.2273799922e-16 2.2052244437e-15 5.1654961741e-15 1.1857655733e-14 2.6677739743e-14 5.8840085582e-14 
1.2728130995e-13 2.7021156038e-13 5.6345092437e-13 1.1551967065e-12 2.3312003369e-12 4.6355835837e-12 9.0920673768e-12 1.7603293823e-11 3.3659328796e-11 
6.3569066677e-11 1.1854826842e-10 2.1815964313e-10 3.9579192701e-10 7.0705968858e-10 1.2421412787e-09 2.1430883734e-09 3.626976719e-09 6.0154503601e-09 
9.7708188207e-09 1.5538578424e-08 2.4196072701e-08 3.6906971701e-08 5.5180915837e-08 8.09359193e-08 1.1655777854e-07 1.6494271904e-07 2.2949852507e-07 
3.140640672e-07 4.2269434175e-07 5.5925289644e-07 7.2675970841e-07 9.2645967698e-07 1.1566198737e-06 1.411148105e-06 1.6783222918e-06 1.9401827558e-06 
2.1733312678e-06 2.3517393402e-06 2.4515409223e-06 2.4567466426e-06 2.3638967832e-06 2.1836065116e-06 1.938113428e-06 1.6558437892e-06 1.365190883e-06 
1.0896247886e-06 8.4515170329e-07 6.4005359945e-07 4.761777177e-07 3.5090658912e-07 2.5910793511e-07 1.9466713752e-07 1.5147364252e-07 1.2393293503e-07 
1.0716618704e-07 9.7071570337e-08 9.0369660199e-08 8.4675406242e-08 7.8559729388e-08 7.1515238176e-08 6.3753383017e-08 5.5835727153e-08 4.8266716846e-08 
4.1258818584e-08 3.4790438974e-08 2.8807352948e-08 2.3290274598e-08 1.8189348694e-08 1.3477362337e-08 9.290340941e-09 5.8751994381e-09 3.3889682172e-09 
1.7856867096e-09 8.654800765e-10 3.901811374e-10 1.6601574282e-10 6.7810458637e-11 2.7064749747e-11 1.0720328271e-11 4.2571749077e-12 1.7004521706e-12 
6.8148367808e-13 2.7255232576e-13 1.081696649e-13 4.2414903783e-14 1.6386455452e-14 6.2308285701e-15 2.3390929188e-15 8.9228314136e-16 4.177403442e-16 
1.4131704132e-17 2.7936063117e-17 6.7696130459e-17 1.6718045452e-16 4.0706635264e-16 9.7233071949e-16 2.2765971339e-15 5.2243569171e-15 1.1751345475e-14 
2.5914595245e-14 5.6048336138e-14 1.1895227912e-13 2.4789957413e-13 5.0773372052e-13 1.0229705538e-12 2.0294844364e-12 3.9684054653e-12 7.6543953467e-12 
1.4572475171e-11 2.7391842267e-11 5.0835596149e-11 9.3114467525e-11 1.6821934123e-10 2.9946195523e-10 5.2473808632e-10 9.0403701192e-10 1.5297078049e-09 
2.5399100601e-09 4.1355332492e-09 6.600682223e-09 1.0326619559e-08 1.5838756084e-08 2.3825723616e-08 3.5168429946e-08 5.0964910514e-08 7.2543329566e-08 
1.0145058127e-07 1.3939850874e-07 1.881442131e-07 2.4928201015e-07 3.2392725302e-07 4.1229000658e-07 5.131614671e-07 6.2338472162e-07 7.3745405871e-07 
8.4745607865e-07 9.4359603509e-07 1.0154568599e-06 1.0538892639e-06 1.0530914096e-06 1.0121867717e-06 9.3565932957e-07 8.3239541482e-07 7.1369089483e-07 
5.9095401639e-07 4.7381925583e-07 3.6907704271e-07 2.8045195677e-07 2.0901028108e-07 1.5388995678e-07 1.1307756154e-07 8.4055407967e-08 6.4247153375e-08 
5.127052205e-08 4.3052054366e-08 3.7867369684e-08 3.4355551293e-08 3.1528653466e-08 2.8770990923e-08 2.5808972737e-08 2.2636028163e-08 1.9397111473e-08 
1.6265563119e-08 1.336197375e-08 1.0744319212e-08 8.4399998102e-09 6.4602625471e-09 4.790003949e-09 3.3990465997e-09 2.2731183602e-09 1.4144907468e-09 
8.1392431683e-10 4.3342546219e-10 2.1502392922e-10 1.0048571697e-10 4.4852465492e-11 1.9404805887e-11 8.2442056654e-12 3.4711886143e-12 1.4543997517e-12 
6.0623641523e-13 2.5067816746e-13 1.0246640233e-13 4.1280367525e-14 1.6358039191e-14 6.3693146453e-15 2.4369895987e-15 9.197506199e-16 3.5262365406e-16 
1.6587468705e-16 6.16044581e-18 1.218132888e-17 2.9525295449e-17 7.2929695577e-17 1.7761346521e-16 4.2435580387e-16 9.9386610866e-16 2.2815035722e-15 
5.1337705551e-15 1.132532009e-14 2.4501512202e-14 5.2005844292e-14 1.0836201592e-13 2.2180589071e-13 4.4636725414e-13 8.8392552826e-13 1.7239616852e-12 
3.3142462299e-12 6.28467417e-12 1.1760463263e-11 2.1721773685e-11 3.9595975804e-11 7.1206415764e-11 1.2624570833e-10 2.2048579629e-10 3.7897424088e-10 
6.404816677e-10 1.0634553238e-09 1.7336859726e-09 2.7738153996e-09 4.3546615203e-09 6.7081242783e-09 1.0141027573e-08 1.5048536639e-08 2.1924721594e-08 
3.1366198527e-08 4.4062737459e-08 6.0766602417e-08 8.2230961596e-08 1.0910838455e-07 1.418039659e-07 1.8028681836e-07 2.2387689569e-07 2.7104752576e-07 
3.1930500199e-07 3.652299938e-07 4.0475524088e-07 4.3370863523e-07 4.4855670467e-07 4.4717052106e-07 4.2937190869e-07 3.9705022914e-07 3.537846851e-07 
3.0409680107e-07 2.5258515279e-07 2.0319312455e-07 1.5876685211e-07 1.2093177304e-07 9.0222961546e-08 6.6357706885e-08 4.8544350761e-08 3.5751771321e-08 
2.6904187322e-08 2.0998722761e-08 1.7163266364e-08 1.4678158244e-08 1.298095853e-08 1.1664249122e-08 1.0467712031e-08 9.260871181e-09 8.0139406222e-09 
6.759083071e-09 5.5508291297e-09 4.4375156882e-09 3.4507621205e-09 2.6075568371e-09 1.9126387141e-09 1.3580190306e-09 9.2697577392e-10 6.0216404085e-10 
3.6876010578e-10 2.1181163767e-10 1.1418578583e-10 5.8109312501e-11 2.8178881104e-11 1.3164533699e-11 5.9868941402e-12 2.6715949331e-12 1.1751633737e-12 
5.1024852746e-13 2.1851728868e-13 9.2147386184e-14 3.8199159818e-14 1.5548241812e-14 6.2100123119e-15 2.4335402688e-15 9.3626056259e-16 3.5513367738e-16 
1.3682765089e-16 6.4670508919e-17 2.6442648078e-18 5.2325203891e-18 1.2692134415e-17 3.1372508871e-17 7.6458719386e-17 1.828091256e-16 4.2847370748e-16 
9.8436303427e-16 2.2167070341e-15 4.8937680046e-15 1.059411551e-14 2.2497068024e-14 4.6884788125e-14 9.5948734526e-14 1.9295218093e-13 3.815918664e-13 
7.4274446185e-13 1.4240161784e-12 2.6911294373e-12 5.0158362706e-12 9.2235221197e-12 1.6735727387e-11 2.9958729941e-11 5.2889064656e-11 9.2028260013e-11 
1.5771980943e-10 2.6603663716e-10 4.4135223254e-10 7.1971711924e-10 1.1531275934e-09 1.814700501e-09 2.8046318601e-09 4.2565844183e-09 6.3437854969e-09 
9.2835090726e-09 1.3337952964e-08 1.8808602675e-08 2.6020424926e-08 3.5291872535e-08 4.6887542737e-08 6.0952203285e-08 7.7429660905e-08 9.5976488979e-08 
1.158889944e-07 1.3607072447e-07 1.550704809e-07 1.7121506346e-07 1.8283762415e-07 1.885691745e-07 1.8762348475e-07 1.7998854673e-07 1.6645591927e-07 
1.4846992258e-07 1.2784313697e-07 1.0642612835e-07 8.5822733809e-08 6.7210223165e-08 5.1280586888e-08 3.8282372827e-08 2.812329214e-08 2.0492313624e-08 
1.4970414242e-08 1.1113485243e-08 8.5047258125e-09 6.7817418348e-09 5.6470987886e-09 4.869960879e-09 4.2833967484e-09 3.7788807639e-09 3.2978191289e-09 
2.8199271807e-09 2.3494990398e-09 1.9019679165e-09 1.4936998305e-09 1.1367352615e-09 8.375125593e-10 5.9701860122e-10 4.1125072792e-10 2.728084425e-10 
1.7329943036e-10 1.0482489876e-10 6.0188756756e-11 3.2832101621e-11 1.7090041188e-11 8.5464656185e-12 4.1364611389e-12 1.9500761683e-12 8.9948599784e-13 
4.0688852569e-13 1.8062959982e-13 7.8672128762e-14 3.3599211873e-14 1.4064255335e-14 5.7690088431e-15 2.3190987061e-15 9.1394960888e-16 3.5343717627e-16 
1.3471307284e-16 5.2156205928e-17 2.4768495729e-17 1.1167339452e-18 2.2121158773e-18 5.3714495088e-18 1.3290548303e-17 3.2423461691e-17 7.760302781e-17 
1.8208037286e-16 4.1875228388e-16 9.4399291461e-16 2.08613627e-15 4.5202396039e-15 9.6061439036e-15 2.0029725423e-14 4.0997177306e-14 8.2422201117e-14 
1.6286952798e-13 3.1656190798e-13 6.0565403604e-13 1.1414212674e-12 2.1202688043e-12 3.8838676199e-12 7.0176134868e-12 1.250822796e-11 2.1989781523e-11 
3.8117217716e-11 6.5116946557e-11 1.095729063e-10 1.815129852e-10 2.9585819905e-10 4.7428472261e-10 7.4751199675e-10 1.1579651682e-09 1.7626335946e-09 
2.6357647176e-09 3.8707597128e-09 5.5803037746e-09 7.8934210279e-09 1.094784885e-08 1.4876142984e-08 1.9784360816e-08 2.5723331021e-08 3.2654583038e-08 
4.0415972791e-08 4.8695227406e-08 5.7022369049e-08 6.4792338605e-08 7.1324365081e-08 7.5956194223e-08 7.815813774e-08 7.7639271012e-08 7.4415311246e-08 
6.8814763665e-08 6.1418496955e-08 5.2950511531e-08 4.4151306611e-08 3.5667191867e-08 2.7978328987e-08 2.1372896342e-08 1.5960589295e-08 1.1711412284e-08 
8.5036520048e-09 6.1686682429e-09 4.5254791026e-09 3.4032647811e-09 2.6534625608e-09 2.1545876194e-09 1.8128100132e-09 1.5603349723e-09 1.3525109921e-09 
1.1639740283e-09 9.8399277615e-10 8.1141871e-10 6.4994593041e-10 5.0443649258e-10 3.787321845e-10 2.7478672115e-10 1.9254998984e-10 1.3022839751e-10 
8.4881261742e-11 5.3174836062e-11 3.1929913574e-11 1.8353124576e-11 1.0107966547e-11 5.3507688731e-12 2.7344819117e-12 1.3552223579e-12 6.5383093904e-13 
3.0787170231e-13 1.4169694335e-13 6.3785836422e-14 2.8091020992e-14 1.2104536191e-14 5.1044496626e-15 2.1071886386e-15 8.5191540398e-16 3.3749919257e-16 
1.3115789028e-16 5.022753176e-17 1.9540107107e-17 9.3232825514e-18 4.638368239e-19 9.1992575719e-19 2.2365437615e-18 5.5404482983e-18 1.3532574733e-17 
3.2428689473e-17 7.6182163128e-17 1.7542494383e-16 3.9595216864e-16 8.7607024254e-16 1.9003952854e-15 4.0425701964e-15 8.4356638021e-15 1.7274635566e-14 
3.4733378825e-14 6.8610427669e-14 1.3323616841e-13 2.5453226224e-13 4.7868534223e-13 8.8679145407e-13 1.6191701842e-12 2.9150091629e-12 5.1756914726e-12 
9.0636881681e-12 1.5653200958e-11 2.6653580384e-11 4.4731225668e-11 7.3959324776e-11 1.2042558617e-10 1.9302287546e-10 3.0443167431e-10 4.7227227684e-10 
7.2034495036e-10 1.0797884809e-09 1.5898655725e-09 2.2979367298e-09 3.2580378395e-09 4.5273917948e-09 6.1602154489e-09 8.1984463662e-09 1.0659554128e-08 
1.3522566178e-08 1.6714569284e-08 2.0101273535e-08 2.3485927869e-08 2.6620625704e-08 2.9231957299e-08 3.1059112615e-08 3.1898114372e-08 3.1641594234e-08 
3.0302850007e-08 2.8016527764e-08 2.5014504246e-08 2.1583806742e-08 1.8018068815e-08 1.4574777829e-08 1.1446886106e-08 8.7519493874e-09 6.536580166e-09 
4.7910746481e-09 3.4680998073e-09 2.5005713056e-09 1.8157579884e-09 1.3446923575e-09 1.0273575324e-09 8.1479450964e-10 6.6931521436e-10 5.6369137136e-10 
4.7980275308e-10 4.0696834791e-10 3.4008856842e-10 2.7775792777e-10 2.2055693383e-10 1.697232771e-10 1.263113919e-10 9.0799347208e-11 6.3005482775e-11 
4.2185144267e-11 2.7236870745e-11 1.6940471595e-11 1.013997393e-11 5.8398468353e-12 3.2394154633e-12 1.734499263e-12 8.9894969723e-13 4.5223205606e-13 
2.2134266533e-13 1.0558088149e-13 4.913745192e-14 2.2328991276e-14 9.9126664925e-15 4.3011604613e-15 1.8250303172e-15 7.5766096574e-16 3.079285577e-16 
1.2259745767e-16 4.7869703055e-17 1.8416613856e-17 7.1986377152e-18 3.4507493614e-18 1.8944523366e-19 3.7622309419e-19 9.1592209963e-19 2.2718980813e-18 
5.5563694571e-18 1.3332717143e-17 3.1364025306e-17 7.2321142109e-17 1.6345966377e-16 3.6214930718e-16 7.8658364688e-16 1.6751828831e-15 3.4990810349e-15 
7.1708614998e-15 1.4424542493e-14 2.8495042155e-14 5.5312806608e-14 1.0557101525e-13 1.9824791223e-13 3.6651614361e-13 6.6749915057e-13 1.1981044412e-12 
2.1202425666e-12 3.7001825215e-12 6.368597056e-12 1.0809997862e-11 1.8092442475e-11 2.9850285438e-11 4.8533514013e-11 7.773520716e-11 1.2260197024e-10 
1.9031799747e-10 2.9062699469e-10 4.3631670499e-10 6.4353639084e-10 9.3175700489e-10 1.3231241658e-09 1.840924968e-09 2.5069228915e-09 3.3374409902e-09 
4.338327031e-09 5.4993303245e-09 6.7888943356e-09 8.1508391148e-09 9.5045944448e-09 1.0750399682e-08 1.1779992093e-08 1.2491794266e-08 1.280791917e-08 
1.268895744e-08 1.2142590045e-08 1.1223201035e-08 1.0022370489e-08 8.6527114362e-09 7.229332244e-09 5.8534794789e-09 4.601490744e-09 3.5203904236e-09 
2.6293802691e-09 1.9253316719e-09 1.3899961182e-09 9.9702879286e-10 7.1763106568e-10 5.2438958731e-10 3.9343092673e-10 3.0531094319e-10 2.450944725e-10 
2.0198734352e-10 1.6874428244e-10 1.409720396e-10 1.1639625375e-10 9.4153067287e-11 7.4167810782e-11 5.6675782123e-11 4.1910509785e-11 2.994738485e-11 
2.0662124789e-11 1.3760222128e-11 8.8433800213e-12 5.4834279478e-12 3.2800932109e-12 1.8935491196e-12 1.0559893888e-12 5.697946997e-13 2.9803107681e-13 
1.5138575343e-13 7.4795733301e-14 3.5990291015e-14 1.6882430512e-14 7.7261923937e-15 3.4519968027e-15 1.5066880188e-15 6.4282807381e-16 2.6825983426e-16 
1.0956755646e-16 4.3830490788e-17 1.7192714113e-17 6.6441810322e-18 2.609105289e-18 1.256412594e-18 7.6125199129e-20 1.5138788152e-19 3.6907989846e-19 
9.1672911772e-19 2.2451148002e-18 5.3947900642e-18 1.2708917909e-17 2.9347517792e-17 6.6427447158e-17 1.4738311078e-16 3.2055866598e-16 6.8358121118e-16 
1.4295170704e-15 2.9324598271e-15 5.9030789121e-15 1.1666021305e-14 2.2645830727e-14 4.3203911585e-14 8.1057007623e-14 1.4964350831e-13 2.7200900495e-13 
4.8708221701e-13 8.5963625541e-13 1.4958058663e-12 2.5667718818e-12 4.3441188147e-12 7.2513371176e-12 1.1936821323e-11 1.937414465e-11 3.0994599248e-11 
4.8854427448e-11 7.5832673474e-11 1.1584467413e-10 1.7403889441e-10 2.5692212247e-10 3.7233255368e-10 5.2915694049e-10 7.3668027234e-10 1.0034723052e-09 
1.3357778217e-09 1.7354852e-09 2.1979082998e-09 2.7098114863e-09 3.2482603274e-09 3.7809302356e-09 4.2683776513e-09 4.668375464e-09 4.9418602543e-09 
5.0593871315e-09 5.0066297774e-09 4.7874131326e-09 4.4233732233e-09 3.9502321414e-09 3.4116383052e-09 2.8521525142e-09 2.311029812e-09 1.8180026373e-09 
1.3915365527e-09 1.0393349514e-09 7.6039080588e-10 5.4773829916e-10 3.9116923589e-10 2.7945049053e-10 2.0185512983e-10 1.4903349388e-10 1.1337824429e-10 
8.9054402741e-11 7.1841935179e-11 5.8887804355e-11 4.8423102333e-11 3.9477823788e-11 3.1615481066e-11 2.4706951762e-11 1.8758276182e-11 1.3797461437e-11 
9.8152996147e-12 6.747069483e-12 4.4799472292e-12 2.8730689702e-12 1.7798289969e-12 1.0653597145e-12 6.1653026434e-13 3.4526976547e-13 1.8734331848e-13 
9.862361714e-14 5.043857923e-14 2.5090178077e-14 1.215210302e-14 5.7357526355e-15 2.640334469e-15 1.1862276086e-15 5.204910523e-16 2.2319429333e-16 
9.3596948766e-17 3.8409023322e-17 1.5434971855e-17 6.0812424391e-18 2.3603482974e-18 9.310612626e-19 4.5033899406e-19 3.0233680802e-20 6.0211400904e-20 
1.4701080361e-19 3.6566617577e-19 8.9681557165e-19 2.1581148385e-18 5.0916498764e-18 1.1775578591e-17 2.6694693319e-17 5.9318359188e-17 1.2921105122e-16 
2.7593472038e-16 5.7781083063e-16 1.1867085116e-15 2.3912138206e-15 4.7290832003e-15 9.1836921504e-15 1.7521152647e-14 3.2859125306e-14 6.0611041739e-14 
1.1002861762e-13 1.9668142982e-13 3.4637784719e-13 6.0125591572e-13 1.0290720099e-12 1.7370747852e-12 2.8922608666e-12 4.7501872227e-12 7.6947059835e-12 
1.22907318e-11 1.9351029459e-11 3.0015372132e-11 4.5835887169e-11 6.8855095237e-11 1.016540116e-10 1.4733708698e-10 2.0941218204e-10 2.9152097403e-10 
3.9698511145e-10 5.2815735119e-10 6.8561684108e-10 8.6730883586e-10 1.0678042894e-09 1.2779087788e-09 1.4848550167e-09 1.6732584207e-09 1.8268416779e-09 
1.9307322408e-09 1.973897934e-09 1.9511714466e-09 1.8643202537e-09 1.7218506621e-09 1.5375624107e-09 1.32821254e-09 1.1108800546e-09 9.0062163283e-10 
7.0887767878e-10 5.4279764017e-10 4.0541173196e-10 2.9639493637e-10 2.1310708753e-10 1.5163295619e-10 1.0764095865e-10 7.6982989428e-11 5.604081435e-11 
4.1871985046e-11 3.222158651e-11 2.5457443445e-11 2.0469253029e-11 1.6556244223e-11 1.3317247478e-11 1.0551641158e-11 8.1770978877e-12 6.167772456e-12 
4.5136177781e-12 3.198468183e-12 2.1923721519e-12 1.4529100579e-12 9.3086226661e-13 5.7668643081e-13 3.4560630182e-13 2.0048723695e-13 1.1267332553e-13 
6.1406968106e-14 3.2489158255e-14 1.6704692507e-14 8.3549330919e-15 4.0685457323e-15 1.9305469055e-15 8.9329068705e-16 4.03353569e-16 1.7785140206e-16 
7.6629747249e-17 3.2284323295e-17 1.3308368255e-17 5.3716120498e-18 2.1254358277e-18 8.2844423434e-19 3.2821898566e-19 1.594377706e-19 1.2255270464e-20 
2.4444812382e-20 5.9779289506e-20 1.4891965212e-19 3.6579940355e-19 8.8166565533e-19 2.0835058356e-18 4.8265831578e-18 1.0960071979e-17 2.4395612635e-17 
5.3229227928e-17 1.1385884375e-16 2.3879401971e-16 4.911435312e-16 9.9091875164e-16 1.9618117386e-15 3.8127604169e-15 7.2775241237e-15 1.3649321846e-14 
2.5168616716e-14 4.565361896e-14 8.1509038614e-14 1.433140851e-13 2.482812133e-13 4.2399604335e-13 7.1399830492e-13 1.1859317781e-12 1.9431492006e-12 
3.1407461267e-12 5.0068937711e-12 7.8698601455e-12 1.2190050185e-11 1.859440206e-11 2.7907546066e-11 4.1170237358e-11 5.9631327654e-11 8.469620838e-11 
1.1781392528e-10 1.6028951777e-10 2.1301972686e-10 2.7616964271e-10 3.4883457234e-10 4.287578903e-10 5.1219728459e-10 5.9402771591e-10 6.6814542787e-10 
7.2816291885e-10 7.6831169205e-10 7.8437945028e-10 7.7447132041e-10 7.3939471212e-10 6.8255828767e-10 6.0939914226e-10 5.2647997073e-10 4.4047360204e-10 
3.5726460679e-10 2.8133390062e-10 2.1549508011e-10 1.6095552668e-10 1.1760685481e-10 8.4426667046e-11 5.9883778492e-11 4.2276453172e-11 2.9970935456e-11 
2.1540986009e-11 1.5827025454e-11 1.1940881443e-11 9.2390322823e-12 7.2813135729e-12 5.7857030798e-12 4.5851425955e-12 3.5896767329e-12 2.7557550426e-12 
2.0635056164e-12 1.5017816634e-12 1.0599179954e-12 7.2450991604e-13 4.7935364445e-13 3.0693115692e-13 1.9022663219e-13 1.1416190801e-13 6.6381443528e-14 
3.742552397e-14 2.0476084681e-14 1.0880892914e-14 5.6208106881e-15 2.8249668992e-15 1.3824564493e-15 6.5923102565e-16 3.0653622082e-16 1.3908572161e-16 
6.1621322658e-17 2.667549942e-17 1.1290380914e-17 4.6751991796e-18 1.8953611238e-18 7.5318667012e-19 2.948246962e-19 1.1732227038e-19 5.7238636567e-20 
6.1031069844e-21 1.2192454013e-20 2.9864024772e-20 7.4510051435e-20 1.8330666171e-19 4.4251577832e-19 1.0474350282e-18 2.4304994172e-18 5.5284645191e-18 
1.2326635562e-17 2.694163651e-17 5.7725917395e-17 1.2126481015e-16 2.4979832766e-16 5.0470061115e-16 1.0004441665e-15 1.9463400465e-15 3.7178219996e-15 
6.9759520189e-15 1.2864210395e-14 2.3327158618e-14 4.1618005022e-14 7.3094247397e-14 1.2644468534e-13 2.1554982734e-13 3.6225143436e-13 6.0039110185e-13 
9.8155717495e-13 1.5830204985e-12 2.5182928659e-12 3.9504857718e-12 6.1081192188e-12 9.3019966729e-12 1.3940320252e-11 2.0537191739e-11 2.9707632188e-11 
4.2140600037e-11 5.8541303749e-11 7.9536710551e-11 1.0554415675e-10 1.3661240195e-10 1.7225906812e-10 2.113388492e-10 2.5198837461e-10 2.9168767401e-10 
3.274671645e-10 3.562503903e-10 3.752888833e-10 3.8260591917e-10 3.7734876335e-10 3.5995897929e-10 3.3211355888e-10 2.9644539601e-10 2.5611349153e-10 
2.143223099e-10 1.7389711893e-10 1.3699232027e-10 1.0496553626e-10 7.8404713277e-11 5.7264595843e-11 4.1057469924e-11 2.9047240308e-11 2.0412652471e-11 
1.4363656965e-11 1.0209917981e-11 7.3902047676e-12 5.4747322127e-12 4.1517986965e-12 3.2071918905e-12 2.5019552402e-12 1.951540058e-12 1.5079529422e-12 
1.1455813511e-12 8.5084895943e-13 6.1542833546e-13 4.3241620137e-13 2.9468961993e-13 1.9463444257e-13 1.2454916113e-13 7.7224745966e-14 4.640915202e-14 
2.7045611234e-14 1.5293408562e-14 8.3970755222e-15 4.4800762662e-15 2.3243274405e-15 1.1734884449e-15 5.7694775699e-16 2.7641938205e-16 1.2914125041e-16 
5.887232355e-17 2.6205207537e-17 1.1396509841e-17 4.8455016056e-18 2.0154088121e-18 8.2062644697e-19 3.2749484073e-19 1.2873407996e-19 5.1452537262e-20 
2.5210040074e-20 
