# vtk DataFile Version 5.1
vtk output
ASCII
DATASET STRUCTURED_POINTS
DIMENSIONS 100 100 1
SPACING 1 1 1
ORIGIN 0 0 0
POINT_DATA 10000
FIELD FieldData 7
CellType 1 10000 char
0 0 0 0 0 0 0 0 0 
0 0 0 0 0 0 0 0 0 
0 0 0 0 0 0 0 0 0 
0 0 0 0 0 0 0 0 0 
0 0 0 0 0 0 0 0 0 
0 0 0 0 0 0 0 0 0 
0 0 0 0 0 0 0 0 0 
0 0 0 0 0 0 0 0 0 
0 0 0 0 0 0 0 0 0 
0 0 0 0 0 0 0 0 0 
0 0 0 0 0 0 0 0 0 
0 0 0 0 0 0 0 0 0 
0 0 0 0 0 0 0 0 0 
0 0 0 0 0 0 0 0 0 
0 0 0 0 0 0 0 0 0 
0 0 0 0 0 0 0 0 0 
0 0 0 0 0 0 0 0 0 
0 0 0 0 0 0 0 0 0 
0 0 0 0 0 0 0 0 0 
0 0 0 0 0 0 0 0 0 
0 0 0 0 0 0 0 0 0 
0 0 0 0 0 0 0 0 0 
0 0 0 0 0 0 0 0 0 
0 0 0 0 0 0 0 0 0 
0 0 0 0 0 0 0 0 0 
0 0 0 0 0 0 0 0 0 
0 0 0 0 0 0 0 0 0 
0 0 0 0 0 0 0 0 0 
0 0 0 0 0 0 0 0 0 
0 0 0 0 0 0 0 0 0 
0 0 0 0 0 0 0 0 0 
0 0 0 0 0 0 0 0 0 
0 0 0 0 0 0 0 0 0 
0 0 0 0 0 0 0 0 0 
0 0 0 0 0 0 0 0 0 
0 0 0 0 0 0 0 0 0 
0 0 0 0 0 0 0 0 0 
0 0 0 0 0 0 0 0 0 
0 0 0 0 0 0 0 0 0 
0 0 0 0 0 0 0 0 0 
0 0 0 0 0 0 0 0 0 
0 0 0 3 0 0 0 3 0 
0 0 0 0 0 0 0 0 0 
0 0 0 0 0 0 0 0 0 
0 0 0 0 0 0 0 0 0 
0 0 0 0 0 0 0 0 3 
3 3 3 0 0 0 0 0 0 
0 0 3 3 3 3 0 0 0 
3 3 0 0 0 0 0 0 0 
0 0 0 3 3 0 0 3 3 
0 0 0 0 0 0 0 0 0 
3 3 3 3 3 3 3 0 0 
0 0 0 3 3 3 0 3 3 
3 0 0 0 3 0 0 0 3 
0 3 3 3 0 0 0 0 0 
0 0 0 0 0 0 0 0 0 
0 3 3 0 0 3 3 3 3 
3 3 3 3 3 3 0 0 0 
3 0 3 3 3 3 3 3 3 
3 3 3 3 3 3 3 0 0 
0 3 3 0 3 3 3 0 3 
3 3 0 0 3 3 3 0 3 
3 3 3 3 3 3 3 3 3 
3 0 0 3 0 3 3 3 3 
3 3 3 0 3 3 3 0 3 
3 3 3 3 3 3 3 3 3 
0 0 0 0 0 0 0 0 0 
0 0 3 3 3 3 3 3 3 
3 3 3 3 3 3 3 0 0 
3 3 3 3 3 3 3 0 3 
3 3 3 3 3 0 3 3 3 
3 0 3 3 3 0 3 3 3 
0 3 3 3 0 3 3 3 3 
3 3 3 3 3 3 3 3 3 
3 3 0 0 3 3 0 0 3 
3 3 3 3 3 0 3 3 3 
3 3 3 3 3 3 3 3 3 
3 3 3 3 0 0 0 0 0 
0 0 0 3 3 3 3 3 3 
3 3 3 3 3 3 3 0 0 
0 0 3 3 3 3 3 3 3 
0 0 3 3 3 3 3 0 0 
3 3 3 0 3 3 3 3 3 
3 3 3 3 3 3 0 0 3 
3 3 3 3 3 3 3 0 0 
0 0 0 0 0 3 3 3 0 
0 0 0 0 3 0 0 0 3 
3 3 3 0 3 3 3 3 3 
0 0 3 3 3 0 0 0 0 
0 0 0 3 3 3 3 3 3 
3 3 3 3 0 3 3 3 3 
0 0 0 3 3 3 3 3 3 
3 3 0 0 3 3 3 3 0 
0 0 3 0 0 3 3 3 3 
3 3 3 3 3 3 3 0 0 
3 3 3 3 3 3 3 0 0 
0 3 0 0 0 0 0 3 3 
0 3 3 3 0 0 0 0 0 
0 3 3 3 0 0 0 3 3 
3 0 0 0 0 0 0 0 0 
0 0 0 0 3 3 3 3 3 
3 3 3 3 3 3 0 0 3 
3 3 3 3 3 3 3 3 3 
3 3 3 3 3 3 3 3 0 
0 3 3 0 0 0 0 3 3 
3 3 3 3 3 3 3 3 3 
3 3 3 3 3 3 3 3 0 
0 3 3 3 0 0 3 3 3 
3 3 3 3 3 3 3 3 0 
3 3 0 3 3 3 0 0 3 
3 3 3 3 3 0 0 0 0 
0 0 0 0 0 0 3 3 3 
3 3 3 0 3 3 3 3 3 
3 3 3 3 3 3 3 3 3 
3 3 0 0 3 3 3 3 3 
0 3 3 3 3 3 3 3 3 
3 3 3 3 3 3 3 0 0 
3 0 0 3 3 3 3 3 3 
0 0 0 3 3 3 0 3 3 
3 3 3 3 3 3 3 3 3 
0 3 3 3 0 3 3 3 0 
3 3 0 3 3 3 3 0 0 
0 0 0 0 0 0 0 0 0 
3 3 0 0 0 0 3 3 3 
3 0 0 0 0 0 3 3 3 
0 0 0 0 0 0 3 3 3 
0 0 3 3 3 3 3 3 3 
3 3 3 3 3 3 3 0 0 
0 0 0 0 0 3 3 3 3 
0 0 0 0 3 3 3 3 0 
0 3 3 3 3 3 3 3 0 
0 0 0 3 3 3 3 3 0 
0 3 3 0 0 3 3 3 0 
0 0 0 0 0 0 0 0 0 
0 3 3 0 0 0 0 3 3 
3 0 0 0 0 0 0 3 3 
3 0 0 0 0 0 0 3 3 
3 0 0 3 3 3 3 3 0 
0 0 0 3 3 3 0 0 0 
0 0 0 0 0 0 3 3 3 
3 0 0 0 0 3 3 3 3 
3 0 0 3 3 3 3 3 3 
0 0 0 0 0 3 3 3 0 
0 0 3 3 0 0 3 3 0 
0 0 0 0 0 0 0 0 0 
0 0 3 3 3 3 3 0 3 
3 3 3 3 3 0 0 0 3 
3 3 3 3 0 0 0 3 0 
3 3 0 0 3 3 3 3 3 
3 0 0 0 3 3 0 0 0 
3 0 3 3 3 0 0 3 3 
3 3 3 3 0 3 3 3 3 
3 3 3 0 0 3 3 3 3 
3 3 0 0 3 3 3 3 3 
3 0 0 3 3 0 0 3 3 
0 0 0 0 0 0 0 0 0 
0 0 0 3 3 3 3 3 3 
3 3 0 3 3 3 3 0 0 
3 3 3 3 3 3 0 3 3 
3 0 3 3 0 3 3 3 3 
3 3 0 0 0 3 3 3 0 
3 3 3 3 3 3 3 3 3 
3 0 0 3 3 0 0 3 3 
3 3 3 3 3 0 3 3 3 
3 3 3 3 0 3 3 3 3 
3 3 3 3 3 3 3 0 3 
3 0 0 0 0 0 0 0 0 
0 0 0 0 0 3 3 3 3 
3 3 3 0 0 0 0 3 0 
0 3 3 3 3 3 3 0 0 
3 3 3 3 3 3 3 0 3 
3 3 3 0 0 0 0 3 3 
3 3 3 3 3 3 3 3 3 
3 3 3 0 0 0 0 0 0 
0 3 3 3 3 3 0 0 3 
3 3 3 3 3 0 0 3 3 
3 3 3 3 3 3 3 3 3 
3 3 0 0 0 0 0 0 0 
0 0 0 0 0 0 3 3 3 
3 3 3 3 0 0 3 0 0 
0 0 3 3 3 3 3 3 3 
3 3 3 3 3 3 3 3 3 
0 0 3 3 3 0 0 0 3 
3 3 3 3 3 3 3 3 3 
3 3 3 3 3 3 0 0 0 
0 0 0 3 3 3 3 3 3 
3 3 3 3 3 3 3 0 0 
3 3 3 3 3 3 3 3 3 
3 3 3 0 0 0 0 0 0 
0 0 0 0 3 3 0 3 3 
3 3 3 3 3 0 3 3 3 
0 3 3 3 3 3 3 3 3 
3 3 3 3 3 3 3 3 3 
3 3 3 0 3 3 0 0 3 
3 3 3 3 3 3 3 3 3 
3 3 3 3 0 3 3 3 3 
0 0 0 0 3 3 3 3 3 
3 3 3 3 3 3 3 3 3 
3 0 3 3 3 3 3 3 3 
0 3 3 3 0 0 0 0 0 
0 0 0 0 0 3 3 3 3 
3 3 3 3 3 3 3 3 3 
3 0 0 3 3 3 3 3 3 
3 3 3 3 3 3 3 3 3 
3 3 3 3 0 0 3 3 3 
3 3 3 3 3 3 3 3 3 
3 3 0 3 3 3 3 0 3 
3 3 3 3 3 3 3 3 3 
3 3 3 3 3 3 3 3 3 
3 3 0 0 3 3 3 3 3 
3 0 0 3 3 0 0 0 0 
0 0 0 0 0 0 3 3 3 
3 3 3 3 3 3 0 3 3 
3 3 3 0 0 3 3 3 3 
3 3 3 3 3 3 3 0 0 
3 3 3 3 3 0 0 3 3 
3 3 3 3 3 3 3 3 3 
3 3 3 0 0 0 3 0 0 
0 3 3 3 3 3 3 3 3 
3 0 0 0 3 3 3 0 3 
0 0 0 0 0 0 3 3 3 
3 3 0 0 0 0 0 0 0 
0 0 0 0 0 0 0 3 3 
3 3 3 3 3 3 3 0 0 
0 0 3 3 3 3 0 3 3 
3 0 0 0 3 3 3 3 3 
0 0 3 3 3 3 3 3 3 
3 3 3 3 3 3 3 3 3 
3 3 3 3 3 0 0 0 0 
0 0 3 3 3 3 3 3 3 
3 0 0 0 0 0 3 3 0 
0 0 0 0 0 0 0 0 3 
3 3 3 3 3 0 0 0 0 
0 0 0 0 0 0 0 0 3 
3 3 3 3 3 3 3 3 3 
0 0 0 3 3 3 3 3 3 
3 3 3 0 0 3 3 3 3 
3 3 0 0 3 3 3 3 3 
3 3 3 3 3 3 3 3 0 
0 3 3 3 3 3 3 3 0 
0 0 3 3 3 3 3 3 3 
0 0 0 0 3 3 3 3 3 
3 0 0 0 0 0 3 3 3 
3 3 3 3 3 3 3 3 0 
0 0 0 0 0 0 0 0 0 
0 3 3 0 3 3 3 3 3 
3 0 0 0 3 3 3 3 3 
3 3 3 3 3 0 3 3 3 
3 3 3 0 0 0 3 3 3 
3 0 0 3 3 3 3 3 0 
0 0 0 0 3 3 3 3 3 
0 0 3 3 3 3 3 3 3 
0 0 0 0 0 3 3 3 3 
3 3 0 0 0 3 3 3 3 
3 3 3 3 3 3 3 3 3 
0 0 0 0 0 0 0 0 0 
0 0 3 3 3 0 3 3 3 
3 3 0 0 0 3 3 3 3 
0 0 0 0 3 3 3 0 3 
3 0 3 3 3 0 0 3 3 
3 3 0 0 0 0 0 3 3 
0 0 0 0 0 0 3 3 3 
0 0 0 0 3 3 3 3 3 
3 3 0 0 0 0 0 0 3 
3 3 0 0 0 3 3 3 3 
3 3 3 3 3 3 3 3 0 
0 0 0 0 0 0 0 0 0 
0 0 0 0 3 3 3 0 0 
0 3 3 0 0 0 0 3 3 
3 3 0 0 0 0 3 3 3 
3 3 3 3 3 3 3 3 3 
3 3 3 3 3 0 0 0 3 
3 0 0 3 3 3 0 3 3 
3 3 0 0 0 0 3 3 3 
3 3 3 0 0 0 0 0 3 
3 3 0 0 0 0 3 3 3 
3 3 3 3 3 3 3 3 3 
0 0 0 0 0 0 0 0 0 
0 0 3 3 3 0 3 3 3 
0 0 3 3 3 3 3 0 3 
3 3 3 0 0 3 3 3 3 
3 3 3 3 3 3 3 3 3 
3 3 3 3 3 3 3 3 3 
3 3 3 3 3 3 3 3 3 
3 3 3 3 3 3 3 3 3 
3 3 3 3 3 0 0 0 0 
3 3 3 3 3 0 0 3 3 
3 3 3 3 3 3 3 3 3 
3 3 0 0 0 0 0 0 0 
0 0 0 3 3 3 3 3 3 
3 3 0 3 3 3 3 3 3 
3 3 3 3 3 3 3 3 3 
3 3 3 3 0 3 3 3 3 
3 3 3 3 3 3 3 3 3 
3 3 3 3 3 3 3 3 3 
3 3 3 3 3 3 3 3 3 
3 3 3 3 3 3 3 0 0 
3 3 3 3 3 3 3 3 3 
3 0 3 3 3 3 3 3 3 
3 3 3 0 0 0 0 0 0 
0 0 0 0 0 3 3 3 3 
3 3 0 0 3 3 0 0 0 
3 3 3 3 3 3 3 3 3 
3 3 3 3 0 0 0 0 3 
3 3 3 3 3 3 3 3 3 
3 3 3 3 3 3 3 3 3 
3 0 0 0 0 3 3 3 3 
3 3 3 3 3 3 3 3 0 
0 3 3 3 3 3 0 3 3 
3 3 0 0 3 3 3 3 3 
3 3 3 3 0 0 0 0 0 
0 0 0 0 0 0 0 3 3 
3 0 0 0 0 3 3 0 0 
0 0 0 0 3 3 3 3 3 
3 3 3 3 0 0 0 0 0 
0 0 3 3 3 3 3 3 3 
3 3 3 3 3 3 3 0 0 
3 3 3 0 0 0 3 3 3 
3 3 3 3 3 3 3 3 3 
3 0 0 3 3 3 3 0 0 
3 3 3 0 3 3 3 3 3 
3 3 3 3 3 0 0 0 0 
0 0 0 0 0 0 0 3 3 
3 3 3 3 0 0 3 3 0 
0 3 3 0 0 3 3 3 3 
3 3 3 3 3 0 0 3 3 
3 0 0 3 3 3 3 3 3 
3 3 3 3 3 3 3 3 0 
0 3 3 3 3 0 0 3 3 
3 3 3 3 3 3 3 3 3 
3 3 3 3 3 3 3 3 3 
0 3 3 3 0 3 3 3 3 
3 3 3 3 3 3 0 0 0 
0 0 0 0 0 0 0 0 3 
3 3 3 3 3 0 0 3 3 
0 0 3 3 0 0 3 3 0 
0 0 3 3 3 0 0 0 3 
3 3 3 3 3 3 3 3 3 
3 3 4 3 3 3 3 3 3 
3 0 3 3 3 3 3 3 3 
3 3 3 3 3 3 3 0 3 
3 3 3 3 3 3 3 3 3 
3 0 0 3 3 0 0 3 3 
3 0 3 3 3 0 0 0 0 
0 0 0 0 0 0 0 0 0 
3 3 3 3 3 3 0 0 3 
3 0 0 3 3 3 0 3 3 
0 0 0 0 0 0 0 0 0 
3 3 3 3 3 3 3 3 3 
4 4 4 4 4 3 3 3 3 
3 3 3 3 3 4 4 3 3 
3 3 3 3 3 3 3 3 0 
0 0 0 3 3 3 3 3 3 
0 0 0 0 3 3 0 0 0 
3 3 3 0 0 0 0 0 0 
0 0 0 0 0 0 0 0 0 
0 0 3 3 3 3 3 0 0 
3 3 0 0 0 3 3 3 3 
3 0 0 0 0 0 0 0 0 
0 3 3 3 3 3 3 3 3 
3 4 4 4 1 4 4 4 4 
4 4 3 3 3 3 4 4 4 
4 3 3 3 3 3 3 3 3 
0 0 0 0 0 3 3 3 3 
3 0 0 0 0 3 3 3 3 
3 3 3 3 3 0 0 0 0 
0 0 0 0 0 0 0 0 0 
0 0 3 3 3 3 3 3 0 
3 3 3 0 0 3 3 3 3 
3 3 0 3 3 3 0 0 3 
3 3 0 3 3 4 3 3 3 
3 3 4 4 1 4 4 2 2 
4 4 4 4 4 3 3 4 4 
4 4 4 3 2 2 2 0 3 
3 3 3 3 0 0 3 3 3 
3 3 3 3 3 0 3 3 3 
3 3 3 3 3 3 3 3 3 
3 3 3 0 0 0 0 0 0 
0 0 0 3 3 3 0 3 0 
0 3 3 3 3 3 3 3 3 
3 3 3 3 3 3 3 3 0 
3 3 3 3 3 3 3 4 4 
3 3 3 4 4 4 4 2 2 
2 2 2 2 4 4 4 4 4 
4 4 4 4 4 2 2 2 2 
2 4 3 3 3 3 3 3 3 
3 3 3 3 3 3 3 3 3 
3 0 3 3 3 0 0 3 3 
3 3 3 3 3 3 0 0 0 
0 0 0 0 3 3 3 0 0 
0 0 0 3 3 3 3 3 3 
3 3 3 3 3 3 3 3 3 
3 0 0 0 3 3 3 3 3 
4 4 4 3 4 4 2 2 2 
2 2 2 2 2 0 1 4 4 
4 1 4 4 4 4 2 2 2 
2 2 2 4 4 4 3 3 3 
3 3 3 3 3 3 3 3 3 
3 3 3 0 0 0 0 0 0 
3 3 3 0 0 3 3 0 0 
0 0 0 0 0 3 3 3 3 
0 0 0 3 3 3 3 3 3 
3 3 3 3 3 3 3 3 3 
3 3 0 0 3 3 0 3 3 
3 3 4 4 4 4 2 2 2 
2 2 2 2 2 2 0 0 1 
1 1 1 4 4 2 2 2 2 
2 2 2 2 2 4 4 4 4 
3 3 3 3 3 3 3 3 3 
3 3 3 3 3 0 0 0 0 
0 0 3 3 0 0 0 0 0 
0 0 0 0 0 0 3 3 3 
3 3 3 3 3 3 3 3 3 
3 3 3 3 3 3 3 3 3 
3 3 3 3 3 3 3 3 3 
3 3 3 3 3 4 4 2 2 
2 2 2 2 2 2 2 0 1 
0 1 1 4 4 2 2 2 2 
2 2 2 2 2 2 2 4 4 
4 3 3 3 3 3 3 3 3 
3 3 3 3 3 3 3 0 0 
3 0 0 3 3 3 0 0 0 
0 0 0 0 0 0 0 3 3 
0 0 3 3 3 3 3 3 3 
3 0 0 0 0 0 3 3 3 
3 3 3 3 3 3 3 0 3 
3 3 3 4 3 3 4 4 2 
2 2 2 2 2 2 2 2 0 
0 0 0 0 4 4 2 2 2 
2 2 2 2 2 2 2 4 4 
4 4 4 3 3 3 3 3 3 
3 0 3 3 0 0 0 3 0 
3 3 3 0 0 3 3 0 0 
0 0 0 0 0 0 0 0 3 
3 0 0 0 3 3 3 3 0 
0 0 0 0 0 0 0 0 3 
3 3 3 3 3 3 3 3 3 
0 0 0 0 4 4 4 1 4 
2 2 2 2 2 2 2 2 2 
2 2 2 2 2 2 2 2 2 
2 2 2 2 2 2 2 3 3 
3 4 4 4 4 3 3 3 3 
3 3 0 0 0 0 0 0 0 
0 0 3 3 3 0 3 3 0 
0 0 0 0 0 0 0 0 0 
3 3 3 3 0 3 3 3 3 
0 0 0 0 0 0 0 0 0 
0 3 3 3 3 3 3 3 3 
3 3 0 0 0 4 4 1 1 
0 2 2 2 2 2 2 2 2 
2 2 2 2 2 2 2 2 2 
2 2 2 2 4 4 4 3 3 
3 3 3 3 3 3 4 3 3 
3 3 3 3 0 0 0 0 0 
0 0 3 3 3 3 3 3 3 
0 0 0 0 0 0 0 0 0 
0 3 3 3 3 3 3 3 3 
3 3 3 3 3 3 3 3 3 
3 0 3 3 3 3 3 3 3 
3 3 3 3 3 3 4 4 1 
1 0 2 2 2 2 2 2 2 
2 0 2 2 2 2 2 2 2 
2 2 2 2 2 4 4 3 3 
0 3 3 3 3 3 3 3 3 
3 3 3 3 3 0 0 0 0 
3 3 3 3 3 3 0 3 3 
3 0 0 0 0 0 0 0 0 
0 0 0 3 3 3 3 3 3 
3 3 3 3 3 3 3 3 3 
3 3 3 3 3 3 0 0 3 
3 3 3 3 3 3 3 4 4 
0 0 0 2 2 2 2 2 0 
0 0 1 4 2 2 2 2 2 
2 2 4 4 4 4 4 4 3 
3 0 0 3 3 3 3 3 3 
3 3 3 3 3 0 0 0 0 
0 3 3 3 3 3 3 3 3 
3 3 0 0 0 0 0 0 0 
0 0 0 0 0 3 3 3 3 
3 3 3 3 0 0 3 3 3 
3 3 3 3 3 3 0 0 0 
0 3 3 3 3 3 3 3 4 
2 2 2 2 2 2 2 2 2 
4 1 1 1 4 4 4 2 2 
2 2 2 4 1 4 4 4 4 
3 3 3 3 3 3 3 3 3 
3 3 3 3 3 3 0 0 0 
0 0 0 0 3 3 3 3 3 
3 3 3 0 0 0 0 0 0 
0 0 0 0 0 0 0 0 0 
3 0 0 3 3 0 0 3 3 
3 3 3 3 3 3 0 0 0 
0 0 0 3 3 0 3 3 3 
2 2 2 2 2 2 2 2 2 
2 4 4 1 4 4 4 2 2 
2 2 2 2 4 4 4 4 4 
4 3 3 3 3 3 3 3 3 
3 3 3 3 3 3 3 3 3 
0 0 0 0 0 3 3 3 3 
3 3 3 3 0 0 0 0 0 
0 0 0 0 3 3 0 3 3 
3 3 0 0 3 3 0 0 3 
3 0 3 3 3 3 3 3 0 
0 3 3 3 3 3 3 0 0 
0 2 2 2 2 2 2 2 2 
2 2 4 4 4 4 4 4 2 
2 2 2 2 0 1 4 4 4 
4 5 5 5 5 3 3 3 3 
3 3 3 3 3 3 3 3 3 
3 3 0 0 3 3 3 3 3 
3 3 3 3 3 3 0 0 0 
0 0 0 0 0 3 3 3 3 
3 3 3 3 3 3 3 0 0 
3 3 3 0 3 3 3 0 3 
0 0 3 3 3 3 3 3 3 
0 0 2 2 2 2 2 2 2 
2 2 2 4 4 4 4 4 2 
2 2 2 2 2 0 1 4 4 
4 4 4 5 2 5 5 3 3 
3 0 3 3 0 3 3 3 3 
3 3 3 0 0 3 3 3 3 
3 3 3 0 3 3 3 0 0 
0 0 0 0 0 0 0 0 3 
3 3 3 3 3 3 3 3 0 
0 3 3 3 3 3 3 3 3 
0 0 0 0 3 3 4 3 3 
3 1 0 0 2 2 2 2 2 
2 2 2 2 2 2 2 2 2 
2 2 2 2 2 0 0 1 1 
4 4 4 4 2 2 2 2 5 
5 0 0 0 0 0 0 0 0 
3 3 3 3 3 0 0 0 0 
3 3 3 3 3 0 0 0 0 
0 0 0 0 0 0 0 0 3 
0 0 3 3 3 0 3 3 3 
0 0 3 3 3 3 3 3 3 
3 3 3 3 0 3 3 4 4 
4 4 1 1 4 4 4 2 2 
2 2 2 2 2 2 2 2 2 
2 2 2 2 2 2 0 1 1 
4 4 4 4 2 2 2 2 2 
0 5 0 3 3 0 0 0 0 
0 0 0 0 3 3 3 0 0 
0 0 3 3 3 3 0 0 0 
0 0 0 0 0 0 0 0 3 
3 3 3 0 3 3 0 3 3 
3 0 0 3 3 3 3 3 3 
3 3 3 3 3 3 3 3 3 
4 4 4 4 1 1 4 4 4 
2 2 2 2 2 2 2 2 2 
2 2 2 2 2 2 2 0 0 
4 4 4 4 2 2 2 2 2 
2 3 3 0 3 3 3 0 0 
0 0 0 0 3 0 3 3 3 
3 0 0 3 3 3 3 3 3 
0 0 0 0 0 0 0 0 0 
0 3 3 3 3 3 3 0 0 
3 3 0 0 3 3 3 3 3 
3 3 3 4 4 3 3 3 3 
3 4 4 1 4 1 1 4 4 
2 2 2 2 2 2 2 2 2 
2 2 2 2 2 2 2 2 2 
2 2 4 2 2 2 2 2 2 
2 4 3 3 3 3 3 3 0 
0 3 3 3 3 3 3 3 3 
3 3 3 0 3 3 0 0 3 
3 3 0 0 0 0 0 0 0 
0 0 0 3 3 3 3 3 0 
0 0 3 3 0 0 3 3 4 
4 4 3 3 4 4 2 3 3 
3 3 4 4 4 1 4 4 4 
2 2 2 2 2 2 2 2 2 
2 2 2 2 2 2 2 2 2 
2 2 2 2 2 2 2 2 2 
2 2 4 4 3 3 3 3 3 
3 3 3 3 3 3 3 3 3 
3 3 3 3 3 3 3 0 0 
0 0 3 0 0 0 0 0 0 
0 0 0 3 3 3 3 3 3 
0 3 3 3 3 3 3 3 3 
3 4 4 4 3 4 2 2 2 
4 4 4 3 4 4 4 4 4 
4 2 2 2 2 2 2 2 2 
2 2 2 2 2 2 2 2 2 
2 2 2 2 2 2 2 2 2 
2 2 2 4 4 4 3 3 3 
3 3 3 3 3 3 3 3 3 
3 3 3 3 3 3 3 3 3 
0 0 0 0 0 0 0 0 0 
0 0 0 3 3 3 3 3 3 
3 3 3 3 3 3 3 3 3 
3 3 3 4 4 4 2 2 2 
2 2 4 4 4 4 4 2 2 
4 4 2 2 2 2 2 2 2 
2 2 2 2 2 2 2 2 2 
2 2 2 2 2 2 2 2 2 
2 2 2 4 4 4 4 3 3 
3 3 3 3 3 3 3 3 3 
3 0 0 3 3 0 3 3 3 
3 3 3 3 0 0 0 0 0 
0 0 0 0 0 3 3 3 3 
3 3 3 3 3 3 0 0 3 
3 3 3 3 3 3 4 2 2 
2 2 2 2 1 4 4 2 2 
2 2 2 2 2 2 2 2 2 
2 2 2 2 2 4 4 2 2 
2 2 2 2 2 2 2 2 2 
2 2 4 4 4 4 4 4 4 
4 3 3 3 3 3 3 3 3 
3 3 0 0 3 3 3 0 3 
3 3 3 3 3 3 0 0 0 
0 0 0 0 0 0 0 0 3 
3 3 3 3 3 3 3 3 0 
0 0 0 0 0 3 3 3 4 
2 2 2 2 4 1 1 2 2 
2 2 2 2 2 2 2 2 2 
2 2 2 2 2 4 4 4 4 
0 2 2 2 2 2 2 2 2 
2 2 2 2 4 4 4 4 4 
3 3 4 3 3 3 3 3 3 
3 0 0 0 0 0 3 3 3 
3 3 3 3 0 0 3 0 0 
0 0 0 0 0 0 0 0 0 
0 0 3 3 3 3 3 3 3 
3 0 0 0 0 0 0 3 3 
4 4 2 2 2 4 4 4 2 
2 2 2 2 2 2 2 2 2 
2 2 2 2 2 2 2 4 1 
1 0 2 2 2 2 2 2 2 
2 2 2 2 2 2 4 4 4 
4 3 3 3 3 3 3 3 3 
3 0 0 0 0 0 0 0 3 
3 3 3 3 3 3 0 0 0 
0 0 0 0 0 0 0 0 3 
3 0 0 3 3 3 3 3 3 
3 3 3 3 3 3 3 0 0 
3 3 4 4 4 4 4 4 4 
4 2 2 2 2 2 2 2 2 
2 2 2 2 2 2 2 4 4 
1 1 4 2 2 2 2 2 2 
2 2 2 2 2 2 2 4 4 
3 3 3 3 3 3 3 3 3 
3 3 0 0 0 3 3 3 3 
3 3 3 3 3 3 3 3 0 
0 0 0 0 0 0 0 0 0 
3 3 3 3 3 3 0 0 3 
3 3 0 3 3 3 3 3 3 
3 3 3 3 3 4 4 4 4 
4 4 4 2 2 2 2 2 2 
2 2 2 2 2 2 2 4 4 
4 1 4 4 4 2 2 2 2 
2 2 2 2 2 2 2 2 4 
4 3 3 3 3 3 3 3 3 
3 3 3 0 3 3 3 3 3 
3 3 3 3 3 3 0 0 0 
0 0 0 0 0 0 0 0 0 
0 0 3 3 3 3 3 3 0 
0 0 0 0 3 3 3 0 0 
3 3 3 3 3 3 3 3 3 
3 4 4 2 2 2 2 2 2 
2 2 2 2 2 4 4 4 4 
4 4 4 1 4 4 4 2 2 
2 2 2 2 2 2 2 2 2 
4 4 4 3 3 3 3 3 3 
3 3 3 3 3 3 3 3 3 
3 3 3 3 3 3 3 3 0 
0 0 0 0 0 0 0 0 0 
0 0 0 3 3 3 3 3 3 
3 3 0 0 0 3 3 0 0 
0 3 3 3 3 3 3 3 3 
3 3 3 4 2 2 2 2 2 
2 2 2 2 2 2 4 4 4 
1 4 4 4 4 0 2 4 4 
2 2 2 2 2 2 2 2 4 
4 4 3 3 3 3 3 3 3 
3 3 3 3 3 3 3 3 3 
3 3 3 0 0 3 3 3 3 
3 0 0 0 0 0 0 0 0 
0 0 0 3 3 3 3 3 3 
3 3 3 3 0 0 3 3 0 
0 3 3 3 3 3 3 3 3 
3 3 3 3 4 4 2 2 2 
2 2 2 2 2 2 2 2 4 
4 4 1 4 4 1 0 2 2 
2 2 2 2 2 2 2 2 2 
4 4 4 3 3 3 3 3 3 
3 0 3 3 3 3 3 3 3 
3 3 3 0 0 0 3 3 3 
3 3 3 3 0 0 0 0 0 
0 0 0 0 3 3 3 3 3 
3 3 0 3 3 0 0 3 3 
0 0 3 3 3 3 3 3 3 
3 3 3 3 3 4 4 4 2 
2 2 2 2 2 2 2 2 2 
2 4 4 4 1 1 0 0 2 
2 2 2 2 2 2 2 2 2 
2 4 3 3 3 3 3 3 3 
3 3 0 0 3 3 0 3 3 
3 3 3 3 0 0 0 3 3 
3 3 0 3 3 3 0 0 0 
0 0 0 0 0 3 3 3 3 
3 0 0 0 0 0 0 0 3 
3 0 0 3 3 3 3 3 3 
3 4 3 3 3 3 3 4 4 
4 2 2 2 2 2 2 2 2 
2 2 2 4 4 4 0 1 0 
2 2 2 2 2 2 4 4 4 
4 4 4 3 3 3 3 3 3 
3 3 3 0 0 3 3 0 0 
0 3 3 3 0 0 0 0 3 
3 3 3 0 0 0 0 0 0 
0 0 0 0 0 0 3 3 3 
3 3 0 0 0 3 3 3 3 
3 3 0 0 3 3 3 3 3 
3 3 4 4 4 3 3 3 3 
4 4 2 2 2 2 2 2 2 
2 2 2 2 4 4 4 1 1 
0 2 2 2 2 2 2 4 4 
4 1 4 4 4 3 3 3 3 
3 3 3 3 3 3 3 3 0 
0 0 3 3 3 3 0 0 0 
3 3 0 3 3 0 0 0 0 
0 0 0 0 0 0 0 3 3 
3 3 3 3 0 3 3 3 3 
3 3 3 0 0 3 3 0 3 
3 3 3 3 4 4 4 3 3 
3 3 4 2 2 2 2 2 4 
2 2 2 4 4 4 4 4 1 
1 0 0 0 4 4 4 4 4 
4 4 4 1 4 4 4 3 3 
3 3 3 3 3 3 3 3 3 
3 0 3 3 3 3 3 3 0 
0 3 3 0 3 3 3 0 0 
0 0 0 0 0 0 0 0 3 
3 3 3 3 3 3 3 3 3 
3 3 3 3 0 0 3 3 0 
0 3 3 3 3 3 3 3 3 
3 4 4 4 2 2 2 2 4 
4 4 4 4 4 4 4 4 4 
4 1 1 1 4 1 4 4 4 
3 4 4 4 4 4 3 4 4 
3 3 3 3 3 3 3 3 3 
3 3 3 3 3 3 3 3 3 
0 0 3 3 3 3 3 0 0 
0 0 0 0 0 0 0 0 0 
3 3 3 3 3 3 3 3 3 
3 3 3 3 0 0 0 3 3 
0 0 0 0 0 0 3 3 3 
3 3 3 4 4 2 2 2 2 
4 4 4 4 4 4 4 4 4 
4 4 4 0 4 4 4 4 4 
4 4 3 3 3 3 3 3 3 
3 3 3 3 3 3 3 3 3 
0 0 0 0 0 3 3 3 3 
0 0 0 0 3 3 3 3 0 
0 0 0 0 0 0 0 0 0 
3 3 3 3 3 3 3 3 3 
3 3 3 3 3 0 0 0 3 
3 3 3 0 0 0 0 3 3 
3 3 3 3 3 2 2 2 2 
2 2 4 4 4 4 4 4 4 
2 2 2 2 2 2 4 4 4 
4 3 3 4 3 3 3 3 3 
3 3 3 3 3 3 3 3 3 
3 0 0 0 0 0 0 3 3 
3 3 0 0 0 3 3 3 3 
0 0 0 0 0 0 0 0 0 
0 3 3 3 3 3 3 3 3 
3 3 3 3 3 3 3 0 0 
3 3 3 3 3 3 3 3 3 
3 3 3 3 3 2 2 2 2 
2 2 2 4 4 4 4 4 4 
2 2 2 2 2 2 2 4 4 
4 4 3 3 3 3 3 3 3 
3 3 3 3 3 3 3 3 3 
3 3 3 0 0 3 3 3 3 
3 3 3 0 0 3 3 3 3 
3 3 0 0 0 0 0 0 0 
0 0 0 0 3 3 3 3 3 
3 0 3 3 0 0 3 3 0 
0 3 3 0 0 3 3 3 3 
3 3 3 3 3 3 2 2 2 
2 2 2 2 4 0 3 3 4 
4 2 2 2 2 2 2 2 4 
4 4 4 4 3 3 3 3 3 
3 3 3 3 3 3 3 3 3 
3 3 3 3 0 0 3 3 3 
3 3 3 3 3 0 3 3 3 
3 3 3 3 0 0 0 0 0 
0 0 0 0 0 0 0 3 0 
0 0 0 0 0 0 0 3 3 
0 0 3 3 0 0 0 0 0 
3 3 3 3 3 3 3 3 4 
2 2 2 2 4 4 0 0 3 
3 4 2 2 2 2 2 2 2 
2 4 4 4 4 4 3 3 3 
3 3 3 3 3 3 3 3 3 
3 3 3 3 0 0 0 0 0 
0 3 3 3 3 0 0 0 3 
3 3 3 3 3 0 0 0 0 
0 0 0 0 0 0 3 3 0 
0 0 0 0 0 0 0 0 3 
3 0 3 3 3 0 0 0 0 
0 3 3 3 3 3 3 3 4 
4 4 2 2 2 4 4 0 0 
3 3 3 4 2 2 2 2 2 
2 2 4 4 4 4 4 3 3 
3 3 3 0 0 3 3 3 3 
3 3 3 3 3 0 0 0 0 
0 0 3 3 0 0 0 0 0 
0 3 3 3 3 3 0 0 0 
0 0 0 0 0 0 3 3 3 
3 3 3 0 0 3 3 0 0 
3 3 0 3 3 3 3 3 3 
0 0 3 3 3 0 0 3 3 
4 4 4 2 2 2 4 4 3 
3 0 3 3 4 4 4 2 2 
2 2 2 3 3 4 4 4 3 
3 3 3 3 3 0 3 3 3 
3 3 3 3 3 3 0 0 0 
3 3 3 3 3 3 3 0 3 
3 3 0 3 3 3 0 0 0 
0 0 0 0 0 0 0 3 3 
3 3 3 3 0 0 3 3 3 
3 3 3 0 0 3 3 3 3 
3 3 3 3 3 3 0 0 3 
3 3 4 4 3 2 2 4 4 
3 3 3 3 3 3 4 4 4 
2 2 2 4 3 3 3 3 3 
3 3 3 3 3 3 3 3 3 
3 3 3 3 3 3 3 0 0 
0 3 3 3 3 3 3 3 3 
3 3 3 3 3 3 3 0 0 
0 0 0 0 0 0 0 0 0 
3 3 3 3 0 0 0 0 3 
3 3 3 3 0 0 3 3 3 
3 3 3 3 3 3 3 3 0 
3 3 3 3 4 3 3 2 3 
3 3 3 3 3 3 3 3 3 
4 2 2 2 4 4 4 3 3 
3 3 3 3 3 3 3 3 3 
3 3 3 3 3 3 3 3 3 
0 0 0 3 3 3 3 3 0 
3 3 3 3 3 3 3 0 0 
0 0 0 0 0 0 0 0 0 
0 0 0 3 3 3 0 0 3 
3 3 3 3 3 3 3 0 3 
3 3 3 3 3 3 3 3 3 
3 3 3 3 3 3 3 3 3 
3 3 3 3 3 3 3 3 3 
3 3 4 4 4 3 4 4 4 
4 4 3 3 3 3 3 3 3 
3 3 3 3 3 3 0 0 3 
3 0 0 0 3 3 3 0 0 
0 0 3 3 3 3 3 3 0 
0 0 0 0 0 0 0 0 0 
0 3 3 0 3 3 3 3 3 
3 3 3 3 3 3 3 3 3 
3 3 3 3 3 3 3 3 3 
3 3 3 3 0 3 3 3 3 
3 3 3 3 3 3 3 3 3 
3 3 3 3 3 3 3 3 4 
4 4 4 3 3 3 3 3 3 
3 3 3 3 3 3 3 3 0 
0 3 3 0 0 3 3 3 3 
3 0 0 3 3 3 3 3 3 
0 0 0 0 0 0 0 0 0 
0 0 3 3 3 3 3 3 3 
3 3 3 3 3 3 3 3 0 
3 3 3 3 3 3 3 0 3 
3 3 0 3 3 3 0 3 3 
3 3 3 3 0 0 3 3 3 
3 3 3 3 3 3 3 3 3 
3 4 4 4 3 3 3 3 3 
3 3 3 3 3 3 3 3 3 
3 3 3 3 0 0 3 3 3 
3 3 3 3 3 3 3 3 3 
3 0 0 0 0 0 0 0 0 
0 0 0 3 3 3 3 3 3 
3 3 3 3 3 3 3 3 3 
0 0 0 3 3 3 3 3 3 
0 0 0 0 0 3 3 3 3 
3 3 3 3 3 0 0 0 3 
3 3 3 3 3 3 3 3 3 
3 3 4 4 4 3 3 3 3 
3 3 3 3 3 0 0 0 0 
3 3 3 3 3 3 0 3 3 
3 3 3 3 3 3 3 0 3 
3 0 0 0 0 0 0 0 0 
0 0 0 0 3 3 3 3 3 
3 0 3 3 3 3 3 3 3 
3 3 0 0 3 3 3 0 3 
3 3 0 0 0 0 3 3 3 
3 3 3 3 3 3 0 0 0 
0 3 3 3 3 3 3 3 3 
3 3 3 3 4 4 3 3 3 
3 3 3 3 3 3 0 0 0 
0 0 3 3 3 3 3 3 3 
3 3 3 3 3 3 3 3 3 
3 3 0 0 0 0 0 0 0 
0 0 0 0 0 3 3 3 3 
3 3 0 0 3 3 3 3 3 
3 3 3 3 3 3 3 3 3 
0 3 3 3 0 0 0 3 3 
3 3 3 3 3 3 3 0 0 
3 3 0 3 3 3 3 3 3 
3 3 3 3 3 0 3 3 3 
0 3 3 3 3 3 3 3 0 
0 3 0 3 3 3 3 3 3 
3 0 0 0 3 3 3 3 3 
3 3 3 3 0 0 0 0 0 
0 0 0 0 0 0 3 3 0 
0 3 3 3 3 3 3 3 0 
3 3 3 3 3 3 3 3 3 
3 3 0 3 3 0 0 3 3 
3 3 3 3 3 3 3 3 0 
0 3 3 3 0 3 3 0 3 
3 3 3 3 3 0 0 0 3 
3 3 0 3 3 3 3 3 3 
0 3 3 3 3 0 3 3 3 
3 3 0 0 0 0 0 3 3 
3 3 3 3 3 0 0 0 0 
0 0 0 0 0 0 0 3 3 
0 0 3 3 3 3 3 3 3 
3 0 0 0 0 3 3 3 3 
3 3 3 3 0 0 0 0 3 
3 3 3 3 3 3 3 3 3 
0 0 0 3 3 3 3 3 0 
0 0 0 3 3 0 0 0 0 
0 3 3 3 3 3 3 3 3 
3 3 0 3 3 3 3 0 0 
3 3 0 0 0 0 0 0 0 
3 3 3 3 3 0 0 0 0 
0 0 0 0 0 0 0 0 3 
3 0 0 3 3 3 3 3 3 
3 3 3 0 0 0 3 3 0 
3 3 3 3 3 3 3 0 3 
3 3 3 3 3 3 3 3 3 
3 3 3 0 0 3 3 3 3 
0 0 0 0 0 0 0 0 0 
3 3 0 3 3 3 3 3 3 
3 3 3 3 0 0 3 3 0 
0 3 3 3 0 0 0 0 0 
0 3 3 3 3 3 3 0 0 
0 0 0 0 0 0 0 0 0 
3 3 0 0 3 3 0 3 3 
3 3 3 3 3 0 0 3 3 
0 0 3 3 0 0 3 3 3 
3 3 3 3 3 3 3 3 3 
3 3 3 3 3 3 3 0 3 
3 3 3 3 3 0 3 3 3 
0 3 3 3 3 0 3 3 3 
3 3 3 3 0 0 0 0 3 
3 3 3 3 3 3 3 0 0 
0 0 3 3 3 3 3 3 3 
0 0 0 0 0 0 0 0 0 
0 0 3 3 0 3 3 0 0 
0 3 3 3 3 3 3 3 3 
3 0 0 3 3 0 0 0 0 
3 3 3 3 3 3 3 3 0 
0 3 3 3 3 3 3 3 3 
3 3 0 3 3 3 3 3 3 
3 3 3 3 3 3 3 3 3 
0 0 3 3 3 3 0 0 0 
0 3 3 3 3 0 3 3 3 
3 3 0 3 3 3 3 3 3 
3 0 0 0 0 0 0 0 0 
0 0 3 3 3 3 3 3 0 
0 0 0 3 3 0 0 3 3 
3 3 0 0 3 3 0 0 0 
0 0 0 0 0 3 3 3 0 
0 0 0 0 0 0 0 3 3 
3 3 3 0 0 3 3 3 3 
3 3 3 3 3 3 3 3 3 
3 0 0 3 3 3 3 3 0 
0 3 3 3 3 3 3 0 0 
0 3 3 3 3 3 3 3 3 
0 0 0 0 0 0 0 0 0 
0 0 3 3 3 3 3 3 3 
3 3 0 3 3 0 0 0 0 
3 3 3 0 0 3 3 3 3 
0 0 0 0 0 3 3 3 3 
0 0 3 0 0 0 0 0 0 
3 3 3 3 0 0 3 3 0 
0 3 3 0 3 3 3 0 3 
3 3 0 0 3 3 0 3 3 
0 3 3 3 3 3 3 3 0 
0 0 3 3 3 3 3 3 3 
3 0 0 0 0 0 0 0 0 
0 0 0 3 3 3 3 3 3 
3 3 3 3 3 3 3 3 3 
0 3 3 3 0 0 3 3 3 
3 3 0 0 0 3 3 3 3 
3 3 3 3 3 3 3 3 3 
3 0 3 3 3 0 0 3 3 
0 0 3 3 0 0 3 3 0 
3 3 3 0 0 3 3 0 3 
3 3 0 3 3 3 3 3 3 
3 0 0 3 3 3 3 3 3 
3 3 0 0 0 0 0 0 0 
0 0 0 0 3 3 3 3 3 
3 3 3 0 3 3 3 3 3 
3 3 3 3 3 0 0 3 3 
3 3 3 3 0 0 0 3 3 
0 3 3 3 3 3 3 3 3 
3 3 3 3 3 3 0 0 3 
3 0 0 3 3 0 0 3 3 
0 0 3 3 0 0 3 3 0 
0 3 3 0 0 0 3 3 3 
3 3 3 0 3 3 3 3 3 
3 3 3 0 0 0 0 0 0 
0 0 0 0 0 0 0 0 3 
3 3 0 0 0 0 0 0 3 
3 3 3 3 3 0 0 0 0 
3 3 3 3 3 3 3 3 3 
3 3 3 3 3 3 3 3 3 
3 0 0 3 3 0 0 0 0 
3 3 0 0 3 3 0 0 3 
3 0 0 3 3 3 0 3 3 
0 0 0 0 0 0 0 3 3 
3 3 3 3 3 3 3 3 3 
3 3 3 3 3 0 0 0 0 
0 0 0 0 0 0 0 3 3 
3 0 0 0 0 0 3 0 0 
0 3 3 0 3 3 0 0 0 
0 0 3 3 3 3 3 3 3 
3 3 3 3 3 3 3 3 3 
3 3 3 0 0 0 0 3 3 
3 3 3 3 3 3 3 3 3 
3 3 3 3 3 3 3 3 3 
3 0 3 3 0 0 0 3 3 
0 3 3 3 3 3 3 3 0 
3 3 3 3 3 3 0 0 0 
0 0 0 0 0 0 3 3 3 
3 3 3 3 3 0 3 3 3 
3 0 3 3 0 0 3 3 0 
3 3 3 0 0 3 3 0 3 
3 3 3 3 3 3 3 3 3 
3 3 3 3 0 0 0 3 3 
3 3 3 3 3 3 3 3 3 
3 3 3 3 3 3 3 3 3 
3 3 0 3 3 3 0 0 3 
3 0 0 3 3 3 3 3 3 
0 0 3 3 3 3 3 0 0 
0 0 0 0 0 0 0 3 3 
3 3 3 3 3 3 0 0 3 
3 3 3 3 3 0 0 3 3 
3 3 3 3 3 3 3 3 0 
0 3 3 3 3 3 3 3 3 
3 0 0 0 0 0 0 0 3 
3 3 3 3 3 3 0 3 3 
3 3 3 3 3 3 0 3 3 
3 3 3 3 3 3 3 3 0 
3 3 0 0 0 0 3 3 3 
0 0 0 3 3 3 3 0 0 
0 0 0 0 0 0 0 0 0 
0 0 3 3 3 0 0 0 0 
0 0 3 3 3 3 0 0 0 
3 0 0 0 3 3 3 3 3 
0 0 0 0 0 0 0 3 3 
0 0 0 0 0 0 0 0 0 
0 0 3 3 3 0 0 0 0 
0 3 3 0 0 0 0 0 0 
3 0 0 0 3 3 0 3 3 
3 3 3 0 0 0 0 0 0 
0 0 0 0 0 0 3 3 3 
0 0 0 0 0 0 0 0 0 
0 0 0 0 0 0 0 0 0 
0 0 0 0 0 0 0 0 0 
0 0 0 0 0 0 0 0 0 
0 0 0 0 0 0 0 0 0 
0 0 0 0 0 0 0 0 0 
0 0 0 0 3 3 0 0 0 
0 0 0 0 0 0 0 0 0 
0 0 0 0 0 0 0 0 0 
0 0 3 3 0 0 0 0 0 
0 0 0 0 0 0 0 0 3 
3 0 0 0 0 0 0 0 0 
0 0 0 0 0 0 0 0 0 
0 0 0 0 0 0 0 0 0 
0 0 0 0 0 0 0 0 0 
0 0 0 0 0 0 0 0 0 
0 0 0 0 0 0 0 0 0 
0 0 0 0 0 0 0 0 0 
0 0 0 0 0 0 0 0 0 
0 0 0 0 0 0 0 0 0 
0 0 0 0 0 0 0 0 0 
0 0 0 0 0 0 0 0 0 
0 0 0 0 0 0 0 0 0 
0 0 0 0 0 0 0 0 0 
0 0 0 0 0 0 0 0 0 
0 0 0 0 0 0 0 0 0 
0 0 0 0 0 0 0 0 0 
0 0 0 0 0 0 0 0 0 
0 0 0 0 0 0 0 0 0 
0 0 0 0 0 0 0 0 0 
0 0 0 0 0 0 0 0 0 
0 0 0 0 0 0 0 0 0 
0 0 0 0 0 0 0 0 0 
0 0 0 0 0 0 0 0 0 
0 0 0 0 0 0 0 0 0 
0 0 0 0 0 0 0 0 0 
0 0 0 0 0 0 0 0 0 
0 0 0 0 0 0 0 0 0 
0 0 0 0 0 0 0 0 0 
0 0 0 0 0 0 0 0 0 
0 0 0 0 0 0 0 0 0 
0 0 0 0 0 0 0 0 0 
0 0 0 0 0 0 0 0 0 
0 0 0 0 0 0 0 0 0 
0 0 0 0 0 0 0 0 0 
0 
CellId 1 10000 long
0 0 0 0 0 0 0 0 0 
0 0 0 0 0 0 0 0 0 
0 0 0 0 0 0 0 0 0 
0 0 0 0 0 0 0 0 0 
0 0 0 0 0 0 0 0 0 
0 0 0 0 0 0 0 0 0 
0 0 0 0 0 0 0 0 0 
0 0 0 0 0 0 0 0 0 
0 0 0 0 0 0 0 0 0 
0 0 0 0 0 0 0 0 0 
0 0 0 0 0 0 0 0 0 
0 0 0 0 0 0 0 0 0 
0 0 0 0 0 0 0 0 0 
0 0 0 0 0 0 0 0 0 
0 0 0 0 0 0 0 0 0 
0 0 0 0 0 0 0 0 0 
0 0 0 0 0 0 0 0 0 
0 0 0 0 0 0 0 0 0 
0 0 0 0 0 0 0 0 0 
0 0 0 0 0 0 0 0 0 
0 0 0 0 0 0 0 0 0 
0 0 0 0 0 0 0 0 0 
0 0 0 0 0 0 0 0 0 
0 0 0 0 0 0 0 0 0 
0 0 0 0 0 0 0 0 0 
0 0 0 0 0 0 0 0 0 
0 0 0 0 0 0 0 0 0 
0 0 0 0 0 0 0 0 0 
0 0 0 0 0 0 0 0 0 
0 0 0 0 0 0 0 0 0 
0 0 0 0 0 0 0 0 0 
0 0 0 0 0 0 0 0 0 
0 0 0 0 0 0 0 0 0 
0 0 0 0 0 0 0 0 0 
0 0 0 0 0 0 0 0 0 
0 0 0 0 0 0 0 0 0 
0 0 0 0 0 0 0 0 0 
0 0 0 0 0 0 0 0 0 
0 0 0 0 0 0 0 0 0 
0 0 0 0 0 0 0 0 0 
0 0 0 0 0 0 0 0 0 
0 0 0 392 0 0 0 415 0 
0 0 0 0 0 0 0 0 0 
0 0 0 0 0 0 0 0 0 
0 0 0 0 0 0 0 0 0 
0 0 0 0 0 0 0 0 70 
70 70 70 0 0 0 0 0 0 
0 0 116 139 139 139 0 0 0 
162 162 0 0 0 0 0 0 0 
0 0 0 231 231 0 0 254 254 
0 0 0 0 0 0 0 0 0 
323 323 323 346 346 346 346 0 0 
0 0 0 392 392 392 0 415 415 
415 0 0 0 438 0 0 0 461 
0 484 484 484 0 0 0 0 0 
0 0 0 0 0 0 0 0 0 
0 1 1 0 0 24 24 47 47 
47 70 70 70 70 70 0 0 0 
93 0 116 116 116 139 139 139 139 
139 162 162 162 185 185 185 0 0 
0 208 208 0 231 231 231 0 254 
254 254 0 0 277 277 277 0 300 
300 323 323 323 323 323 346 346 346 
346 0 0 369 0 392 392 392 392 
415 415 415 0 438 438 438 0 461 
461 461 461 484 484 484 507 507 507 
0 0 0 0 0 0 0 0 0 
0 0 1 1 1 1 24 24 24 
47 47 47 47 71 70 70 0 0 
93 93 93 93 116 116 116 0 139 
139 139 163 162 162 0 185 185 185 
185 0 208 208 208 0 231 231 231 
0 254 254 254 0 277 277 277 277 
277 300 300 300 300 323 323 323 346 
346 346 0 0 369 369 0 0 392 
392 392 415 415 415 0 438 438 438 
462 461 461 461 461 484 484 484 507 
507 507 507 507 0 0 0 0 0 
0 0 0 25 25 1 1 1 24 
24 24 47 47 47 71 71 0 0 
0 0 93 93 93 93 116 116 116 
0 0 163 163 163 162 162 0 0 
185 185 185 0 208 208 255 255 231 
231 231 278 254 254 254 0 0 324 
277 277 277 300 300 300 300 0 0 
0 0 0 0 0 369 369 369 0 
0 0 0 0 415 0 0 0 438 
438 462 462 0 461 461 485 484 484 
0 0 507 507 507 0 0 0 0 
0 0 0 2 2 25 25 25 1 
1 24 24 24 0 47 71 71 71 
0 0 0 117 117 117 93 93 116 
140 140 0 0 163 163 162 162 0 
0 0 185 0 0 208 208 208 255 
255 255 255 278 278 278 278 0 0 
301 324 324 324 324 324 300 0 0 
0 347 0 0 0 0 0 369 369 
0 416 416 416 0 0 0 0 0 
0 438 462 462 0 0 0 485 485 
508 0 0 0 0 0 0 0 0 
0 0 0 0 2 2 2 25 25 
25 25 48 48 48 48 0 0 71 
71 94 94 94 94 117 117 117 117 
117 140 140 140 140 163 163 163 0 
0 186 186 0 0 0 0 208 232 
232 232 255 255 255 278 278 278 278 
278 301 301 301 301 324 324 324 0 
0 347 347 347 0 0 370 370 369 
369 393 393 416 416 416 416 416 0 
439 439 0 438 462 462 0 0 485 
485 508 508 508 508 0 0 0 0 
0 0 0 0 0 0 2 2 2 
2 25 25 0 48 48 48 48 48 
71 71 71 94 94 94 94 94 117 
117 117 0 0 140 140 140 163 163 
0 186 186 186 186 186 186 209 209 
209 232 232 232 232 255 255 0 0 
278 0 0 301 301 301 301 324 324 
0 0 0 347 347 347 0 370 370 
370 370 393 393 393 393 416 416 416 
0 439 439 439 0 462 462 462 0 
485 485 0 508 508 508 508 0 0 
0 0 0 0 0 0 0 0 0 
2 2 0 0 0 0 49 48 48 
48 0 0 0 0 0 94 94 94 
0 0 0 0 0 0 140 164 140 
0 0 210 210 210 186 186 186 209 
209 209 209 209 232 232 232 0 0 
0 0 0 0 0 302 325 301 301 
0 0 0 0 371 347 347 347 0 
0 370 370 370 393 393 393 393 0 
0 0 0 439 439 439 439 462 0 
0 485 485 0 0 509 509 508 0 
0 0 0 0 0 0 0 0 0 
0 26 26 0 0 0 0 49 49 
72 0 0 0 0 0 0 118 118 
118 0 0 0 0 0 0 164 164 
164 0 0 187 210 210 210 210 0 
0 0 0 209 209 209 0 0 0 
0 0 0 0 0 0 302 325 325 
325 0 0 0 0 348 371 371 371 
347 0 0 370 370 417 417 417 393 
0 0 0 0 0 463 439 439 0 
0 0 485 485 0 0 509 509 0 
0 0 0 0 0 0 0 0 0 
0 0 26 26 26 26 26 0 49 
49 72 72 72 72 0 0 0 118 
118 118 118 118 0 0 0 141 0 
164 164 0 0 187 187 187 210 210 
210 0 0 0 233 233 0 0 0 
256 0 279 279 279 0 0 302 302 
325 325 325 325 0 348 348 348 371 
371 371 371 0 0 394 394 417 417 
417 417 0 0 440 440 463 463 463 
463 0 0 486 486 0 0 509 509 
0 0 0 0 0 0 0 0 0 
0 0 0 3 3 3 26 26 26 
49 49 0 72 72 72 72 0 0 
95 95 95 118 118 118 0 141 141 
141 0 164 164 0 187 187 187 187 
211 210 0 0 0 233 233 233 0 
256 256 256 279 279 279 279 279 302 
302 0 0 325 325 0 0 348 348 
348 348 371 371 371 0 394 394 394 
417 417 417 417 0 440 440 440 463 
463 463 463 463 486 486 510 0 509 
509 0 0 0 0 0 0 0 0 
0 0 0 0 0 3 3 3 3 
26 49 49 0 0 0 0 72 0 
0 95 95 95 95 95 95 0 0 
141 141 141 164 164 188 188 0 187 
187 187 211 0 0 0 0 233 233 
257 257 256 256 256 256 279 279 279 
302 302 326 0 0 0 0 0 0 
0 348 348 348 395 395 0 0 394 
394 394 394 441 441 0 0 440 440 
440 487 487 463 463 486 486 510 510 
509 509 0 0 0 0 0 0 0 
0 0 0 0 0 0 27 27 3 
3 3 49 49 0 0 73 0 0 
0 0 120 119 119 95 95 95 142 
142 165 141 141 141 164 188 188 188 
0 0 211 211 211 0 0 0 233 
233 257 257 257 280 280 256 256 303 
303 302 302 326 326 326 0 0 0 
0 0 0 372 372 395 395 395 395 
418 418 394 394 441 441 441 0 0 
440 440 487 487 487 487 486 486 510 
510 510 509 0 0 0 0 0 0 
0 0 0 0 4 4 0 27 27 
27 50 50 50 50 0 73 73 73 
0 96 96 96 120 119 119 119 142 
142 142 142 142 141 165 165 165 188 
188 188 188 0 211 211 0 0 234 
234 233 233 257 257 280 280 280 256 
303 303 303 303 0 326 326 326 326 
0 0 0 0 372 372 372 372 395 
395 395 418 418 418 418 441 441 441 
441 0 464 464 487 487 487 486 486 
0 510 510 510 0 0 0 0 0 
0 0 0 0 0 4 4 4 4 
27 27 51 50 50 50 50 50 73 
73 0 0 96 96 96 120 119 119 
119 166 142 142 142 142 165 165 165 
165 165 188 188 0 0 211 211 258 
234 234 234 234 233 257 257 280 280 
280 280 0 303 303 303 303 0 326 
326 326 349 349 349 349 372 372 372 
372 395 395 419 419 418 418 418 418 
441 441 0 0 464 464 464 487 487 
486 0 0 510 510 0 0 0 0 
0 0 0 0 0 0 5 28 4 
4 4 27 51 51 51 0 50 50 
73 73 73 0 0 96 96 96 120 
119 119 119 166 166 166 142 0 0 
165 165 212 212 212 0 0 211 211 
258 258 258 234 234 234 257 257 281 
304 280 280 0 0 0 303 0 0 
0 373 373 373 349 349 349 349 349 
372 0 0 0 419 419 419 0 418 
0 0 0 0 0 0 464 464 464 
464 511 0 0 0 0 0 0 0 
0 0 0 0 0 0 0 5 5 
28 4 4 27 27 51 51 0 0 
0 0 73 73 97 97 0 96 120 
120 0 0 0 143 166 166 166 166 
0 0 189 189 212 212 212 212 212 
235 211 258 258 258 258 234 234 281 
281 281 304 304 304 0 0 0 0 
0 0 373 373 373 373 373 373 349 
349 0 0 0 0 0 419 419 0 
0 0 0 0 0 0 0 0 488 
464 464 511 511 511 0 0 0 0 
0 0 0 0 0 0 0 0 5 
5 5 28 28 28 27 51 51 51 
0 0 0 74 97 97 97 97 97 
120 120 120 0 0 143 143 190 166 
166 166 0 0 189 189 189 212 212 
212 235 235 235 235 258 258 258 0 
0 281 281 304 304 304 304 304 0 
0 0 327 350 350 350 373 373 373 
0 0 0 0 396 396 396 419 419 
419 0 0 0 0 0 465 465 465 
488 488 488 488 511 511 511 511 0 
0 0 0 0 0 0 0 0 0 
0 5 5 0 28 28 28 27 51 
51 0 0 0 74 74 98 97 97 
97 97 120 120 144 0 143 143 190 
190 190 190 0 0 0 189 189 189 
189 0 0 235 235 235 235 235 0 
0 0 0 0 281 281 281 304 304 
0 0 327 327 327 350 350 350 350 
0 0 0 0 0 396 396 396 396 
396 419 0 0 0 442 442 442 465 
465 465 488 488 488 488 488 511 511 
0 0 0 0 0 0 0 0 0 
0 0 5 5 29 0 28 28 28 
52 52 0 0 0 74 74 98 98 
0 0 0 0 144 144 144 0 143 
143 0 190 190 190 0 0 213 213 
189 189 0 0 0 0 0 235 235 
0 0 0 0 0 0 281 281 281 
0 0 0 0 327 327 327 374 350 
350 350 0 0 0 0 0 0 396 
396 396 0 0 0 443 443 442 442 
442 465 465 465 512 512 488 488 0 
0 0 0 0 0 0 0 0 0 
0 0 0 0 29 29 29 0 0 
0 52 52 0 0 0 0 74 74 
98 98 0 0 0 0 144 144 144 
143 143 167 167 190 190 190 214 214 
213 213 213 213 213 0 0 0 259 
259 0 0 282 282 282 0 305 305 
305 328 0 0 0 0 327 327 327 
374 374 350 0 0 0 0 0 420 
420 420 0 0 0 0 443 443 466 
442 442 442 465 465 512 512 512 512 
0 0 0 0 0 0 0 0 0 
0 0 6 6 6 0 29 29 29 
0 0 52 52 75 75 75 0 74 
74 98 98 0 0 121 121 121 144 
144 144 143 167 167 167 167 191 214 
214 214 213 213 213 213 237 236 236 
259 259 259 259 282 282 282 282 282 
305 305 305 328 328 328 328 351 327 
351 374 374 374 374 0 0 0 0 
420 420 420 420 420 0 0 443 443 
466 466 466 442 442 489 489 489 512 
512 512 0 0 0 0 0 0 0 
0 0 0 6 6 6 6 6 29 
29 29 0 52 52 75 75 75 75 
75 74 74 98 98 145 121 121 121 
121 121 144 143 0 167 167 167 191 
191 214 214 214 262 262 262 237 237 
236 236 236 259 259 259 283 283 282 
282 282 305 305 305 328 328 328 328 
328 351 351 351 374 374 374 0 0 
397 397 421 421 420 420 420 444 443 
443 0 466 466 466 466 489 489 489 
489 489 512 0 0 0 0 0 0 
0 0 0 0 0 30 30 6 6 
6 29 0 0 52 52 0 0 0 
75 75 75 99 98 98 145 145 145 
145 121 121 121 0 0 0 0 167 
191 191 192 214 214 214 262 262 237 
237 237 236 236 236 236 259 259 283 
283 0 0 0 0 305 305 352 352 
352 352 328 351 351 351 374 374 0 
0 397 397 421 421 421 0 444 444 
443 443 0 0 490 466 466 513 513 
513 489 489 489 0 0 0 0 0 
0 0 0 0 0 0 0 30 30 
30 0 0 0 0 53 53 0 0 
0 0 0 0 99 99 122 122 122 
145 145 145 145 0 0 0 0 0 
0 0 192 192 238 238 214 262 262 
262 237 237 237 237 236 236 0 0 
283 283 283 0 0 0 329 329 329 
352 352 352 352 353 351 351 351 398 
398 0 0 397 397 421 421 0 0 
444 444 443 0 467 467 490 490 490 
513 513 513 513 513 0 0 0 0 
0 0 0 0 0 0 0 7 7 
30 30 30 30 0 0 53 53 0 
0 76 76 0 0 99 99 122 122 
122 122 122 145 145 0 0 168 168 
168 0 0 192 192 238 238 238 238 
262 262 261 261 237 260 260 260 0 
0 284 283 283 330 0 0 306 329 
329 329 329 329 353 353 352 352 375 
375 398 398 398 397 397 397 421 421 
0 444 444 444 0 467 467 467 490 
490 490 490 513 513 513 0 0 0 
0 0 0 0 0 0 0 0 7 
7 7 7 30 30 0 0 53 53 
0 0 76 76 0 0 99 99 0 
0 0 122 122 122 0 0 0 168 
168 168 168 168 192 192 191 238 238 
238 238 215 261 261 261 261 260 260 
260 0 284 284 283 283 330 330 306 
306 306 329 329 329 353 353 0 352 
375 375 375 398 398 398 397 397 421 
421 0 0 444 444 0 0 467 467 
467 0 490 490 490 0 0 0 0 
0 0 0 0 0 0 0 0 0 
31 31 7 7 7 7 0 0 53 
53 0 0 76 76 76 0 99 99 
0 0 0 0 0 0 0 0 0 
169 169 168 168 168 192 192 191 191 
216 216 215 215 215 261 261 261 261 
260 260 260 284 284 551 551 330 330 
330 330 306 306 306 306 353 353 0 
0 0 0 375 375 375 398 398 398 
0 0 0 0 444 445 0 0 0 
467 467 467 0 0 0 0 0 0 
0 0 0 0 0 0 0 0 0 
0 0 31 31 31 31 7 0 0 
53 53 0 0 0 76 76 100 99 
99 0 0 0 0 0 0 0 0 
0 169 169 239 239 239 192 192 191 
191 216 216 544 2532 544 544 215 215 
215 215 260 260 284 284 551 551 308 
308 330 330 330 306 306 306 353 353 
0 0 0 0 0 375 375 375 422 
422 0 0 0 0 445 445 468 468 
468 491 491 491 491 0 0 0 0 
0 0 0 0 0 0 0 0 0 
0 0 8 8 31 31 31 31 0 
54 54 54 0 0 77 77 76 100 
100 100 0 123 123 123 0 0 146 
146 146 0 169 169 530 239 239 239 
239 191 216 216 2532 544 544 2633 2633 
215 215 215 285 285 284 284 551 551 
308 308 308 330 2648 2648 2648 0 353 
353 376 376 376 0 0 399 399 399 
422 422 422 422 422 0 445 445 468 
468 468 468 468 491 491 491 491 514 
514 514 514 0 0 0 0 0 0 
0 0 0 8 8 8 0 31 0 
0 54 54 54 54 54 77 77 77 
77 100 100 100 100 123 123 123 0 
146 146 146 146 146 169 169 530 530 
239 239 239 216 216 544 544 2633 2633 
2633 2633 2633 2633 285 285 285 285 285 
551 551 308 308 308 2648 2648 2648 3165 
3165 307 376 376 376 376 376 376 399 
399 399 399 422 422 422 422 445 445 
469 0 468 468 468 0 0 491 491 
491 514 514 514 514 514 0 0 0 
0 0 0 0 9 8 8 0 0 
0 0 0 78 78 54 54 54 101 
101 77 77 77 100 100 124 123 123 
123 0 0 0 146 146 169 169 193 
530 530 530 239 216 216 587 587 2633 
2633 2633 2633 2633 2633 0 911 285 285 
285 1855 558 558 308 308 2648 2648 2648 
3165 3165 3165 307 307 307 376 376 400 
423 423 423 399 399 399 399 422 445 
445 469 469 0 0 0 0 0 0 
515 515 515 0 0 514 514 0 0 
0 0 0 0 0 9 9 8 8 
0 0 0 55 55 78 78 78 78 
78 101 101 101 77 77 124 124 124 
123 123 0 0 170 170 0 169 193 
193 193 530 530 537 537 587 587 587 
587 2633 2633 2633 2633 2633 0 0 911 
1303 1855 1303 558 558 877 877 2648 2648 
2648 3165 3165 3165 3165 307 307 307 307 
400 400 423 423 423 399 446 446 446 
445 445 469 469 469 0 0 0 0 
0 0 515 515 0 0 0 0 0 
0 0 0 0 0 0 9 9 8 
8 32 32 55 55 55 55 55 78 
78 78 78 101 101 101 101 101 124 
124 147 147 147 170 170 170 170 170 
170 193 193 193 193 537 537 587 587 
587 587 1687 1687 2633 2633 2633 0 911 
0 1855 1303 558 558 877 877 877 2648 
2648 2648 3165 3165 3165 3165 3165 331 307 
307 400 400 400 423 423 423 446 446 
446 446 446 446 469 469 469 0 0 
492 0 0 515 515 515 0 0 0 
0 0 0 0 0 0 0 9 9 
0 0 32 32 32 32 55 55 55 
55 0 0 0 0 0 101 125 125 
124 124 124 147 147 147 147 0 170 
170 170 170 194 193 193 537 537 587 
587 587 587 1687 1687 1687 2633 2633 0 
0 0 0 0 558 558 877 877 877 
877 2648 2648 3165 3165 3165 3165 331 331 
331 331 331 400 400 400 447 447 423 
423 0 446 446 0 0 0 469 0 
492 492 492 0 0 515 515 0 0 
0 0 0 0 0 0 0 0 9 
9 0 0 0 32 32 32 32 0 
0 0 0 0 0 0 0 0 125 
125 148 124 124 172 172 147 147 147 
0 0 0 0 194 194 537 579 537 
587 587 587 587 1687 1687 1687 1687 1687 
2449 2449 2449 2449 2449 2449 2449 877 877 
877 877 877 2648 3165 3165 3165 354 354 
377 331 331 331 331 400 400 447 447 
447 423 0 0 0 0 0 0 0 
0 0 492 492 492 0 516 515 0 
0 0 0 0 0 0 0 0 0 
9 9 33 33 0 56 56 56 32 
0 0 0 0 0 0 0 0 0 
0 125 125 148 148 148 172 172 147 
171 171 0 0 0 194 194 579 580 
0 587 587 587 587 1687 1687 1687 1687 
1687 2449 2449 2449 2449 2449 2449 2449 877 
877 877 877 877 572 572 572 355 354 
354 354 377 377 377 377 331 424 424 
447 447 447 447 0 0 0 0 0 
0 0 493 493 492 492 492 516 516 
0 0 0 0 0 0 0 0 0 
0 10 10 33 33 33 33 56 56 
56 56 56 79 79 79 102 102 102 
102 0 125 125 148 148 148 148 148 
171 171 171 171 171 171 194 194 580 
579 0 587 587 587 2615 1687 1687 1687 
1687 0 2449 2449 2449 2449 2449 2449 2449 
877 877 877 877 877 572 572 355 355 
0 354 354 354 377 377 377 377 424 
424 424 424 447 447 0 0 0 0 
470 470 493 493 493 493 0 492 516 
516 0 0 0 0 0 0 0 0 
0 0 0 10 10 10 10 33 33 
33 56 56 56 56 79 79 79 102 
102 102 102 102 125 125 0 0 148 
148 172 195 195 171 171 171 194 194 
0 0 0 2615 2615 2615 2615 2615 0 
0 0 1655 565 2449 2449 2449 2449 589 
589 589 332 332 332 332 572 572 355 
355 0 0 354 354 378 378 377 377 
401 401 424 424 424 0 0 0 0 
0 470 470 470 470 470 493 493 493 
516 516 0 0 0 0 0 0 0 
0 0 0 0 0 10 10 10 10 
33 33 57 57 0 0 80 79 79 
79 126 126 102 102 125 0 0 0 
0 172 172 195 195 195 195 195 194 
1672 1672 1672 1672 2615 2615 2615 2615 2615 
531 583 1655 583 565 565 565 589 589 
589 589 589 573 1562 332 332 332 332 
355 355 379 402 402 402 378 378 378 
378 401 401 401 424 424 0 0 0 
0 0 0 0 470 470 470 470 493 
493 516 516 0 0 0 0 0 0 
0 0 0 0 0 0 0 0 0 
10 0 0 57 57 0 0 80 80 
79 79 126 126 126 126 0 0 0 
0 0 0 172 172 0 195 195 195 
1672 1672 1672 1672 1672 2615 2615 2615 2615 
2615 531 531 583 532 565 565 589 589 
589 589 589 589 573 573 333 333 332 
332 355 355 379 379 379 402 402 402 
378 378 378 401 401 401 401 401 448 
0 0 0 0 0 494 494 494 517 
517 517 516 516 0 0 0 0 0 
0 0 0 0 11 11 0 34 34 
34 34 0 0 57 57 0 0 80 
80 0 103 103 103 126 126 126 0 
0 149 149 196 196 172 172 0 0 
0 1672 1672 1672 1672 1672 1672 2615 2615 
2615 2615 531 531 532 532 532 565 589 
589 589 589 589 0 1562 573 573 333 
333 356 356 356 356 379 379 379 402 
402 402 378 378 425 425 425 401 401 
448 448 0 0 471 471 471 494 494 
494 517 517 517 517 517 0 0 0 
0 0 0 0 0 11 11 11 11 
34 34 34 34 34 57 57 0 0 
80 80 127 0 103 103 103 0 126 
0 0 149 149 196 196 196 196 196 
0 0 1672 1672 1672 1672 1672 1672 591 
591 591 591 531 531 532 532 532 883 
883 589 589 589 589 0 887 573 573 
333 333 357 356 1408 356 356 379 379 
379 0 402 402 0 425 425 425 425 
425 448 448 0 0 471 471 471 471 
471 494 494 0 517 517 517 0 0 
0 0 0 0 0 0 0 0 11 
11 11 11 35 34 34 57 57 0 
0 80 80 127 127 127 103 103 103 
0 0 0 0 149 149 173 196 196 
196 827 0 0 1672 1672 1672 1672 591 
591 591 591 591 593 593 593 593 593 
883 883 883 589 589 0 0 585 887 
573 333 333 333 1408 1408 1408 3395 356 
356 0 0 0 0 0 0 0 0 
425 425 425 448 448 0 0 0 0 
471 471 494 494 494 0 0 0 0 
0 0 0 0 0 0 0 0 12 
0 0 11 35 35 0 58 58 57 
0 0 81 80 104 127 127 127 103 
150 150 150 150 0 149 149 173 173 
173 173 908 827 533 533 533 1672 591 
591 591 591 591 591 593 593 593 593 
593 883 883 883 883 883 0 585 887 
576 576 576 333 1408 1408 1408 3395 3395 
0 356 0 403 403 0 0 0 0 
0 0 0 0 448 448 448 0 0 
0 0 495 495 518 518 0 0 0 
0 0 0 0 0 0 0 0 12 
12 12 12 0 35 35 0 58 58 
58 0 0 81 81 104 104 104 127 
127 127 150 150 150 150 150 149 149 
173 173 173 173 908 827 533 533 533 
591 591 591 591 591 1948 593 593 593 
593 593 883 883 883 883 883 0 0 
576 576 576 576 1408 1408 1408 3395 3395 
3395 380 380 0 403 403 403 0 0 
0 0 0 0 449 0 448 472 472 
472 0 0 495 495 518 518 518 518 
0 0 0 0 0 0 0 0 0 
0 12 12 12 12 35 35 0 0 
58 58 0 0 81 81 81 104 104 
104 104 127 128 128 197 197 197 197 
149 535 535 2169 173 2169 908 533 533 
944 944 591 591 591 1948 1948 1948 593 
593 593 593 2743 883 883 883 2372 2372 
2372 2372 576 2887 2887 1408 1408 1408 3395 
3395 357 380 380 380 380 403 403 0 
0 426 426 426 449 449 449 449 472 
472 472 472 0 495 495 0 0 518 
518 518 0 0 0 0 0 0 0 
0 0 0 36 12 12 35 35 0 
0 0 58 58 0 0 81 81 151 
151 151 104 104 128 128 592 197 197 
197 197 535 535 535 2169 534 534 534 
944 944 944 944 944 944 1948 1948 1948 
1948 593 593 2743 2743 2743 2743 2372 2372 
2372 2372 2372 2887 2887 2887 2887 1408 1408 
3395 3395 357 357 380 380 380 380 403 
403 450 426 426 426 426 426 449 449 
449 449 472 472 472 495 495 0 0 
0 0 518 0 0 0 0 0 0 
0 0 0 13 36 36 36 35 35 
0 59 59 58 58 82 82 81 81 
105 151 151 151 104 128 592 592 592 
174 174 174 197 535 535 535 534 534 
534 944 944 944 944 944 944 1948 1948 
1948 1948 1948 2743 2743 2743 2743 2743 2372 
2372 2372 2372 2887 2887 2887 2887 2887 3395 
3395 3395 3395 357 357 357 334 334 380 
403 403 450 450 450 450 426 426 426 
449 449 473 473 496 496 495 495 519 
0 0 0 0 0 0 0 0 0 
0 0 0 13 13 13 13 36 36 
36 36 59 59 59 82 82 82 82 
82 105 105 151 151 151 592 592 592 
592 592 174 174 174 174 174 2964 2964 
534 534 944 944 944 944 944 944 1948 
1948 1948 1948 1948 1948 2743 2743 2743 2743 
2372 2372 2372 2372 2887 2887 2887 2887 2887 
3395 3395 3395 358 358 357 357 334 334 
334 334 334 427 427 427 450 450 450 
450 0 0 473 473 0 496 496 496 
519 519 519 519 0 0 0 0 0 
0 0 0 0 0 13 13 13 13 
37 37 36 36 59 59 0 0 82 
82 82 82 105 105 105 151 592 592 
592 592 592 592 3254 174 174 2964 2964 
2964 2964 880 944 944 944 944 944 944 
588 588 588 1948 1948 575 575 2743 2743 
2743 2372 2372 2372 2372 2887 2887 2887 590 
590 590 335 335 358 358 358 358 358 
358 334 334 334 427 427 427 427 427 
450 450 0 0 473 473 473 0 496 
496 496 519 519 519 519 0 0 0 
0 0 0 0 0 0 0 0 13 
13 37 37 60 36 59 59 59 0 
0 0 0 0 0 105 105 105 128 
592 592 592 592 198 3254 3254 2964 2964 
2964 2964 2964 880 880 944 944 944 944 
588 588 588 588 588 575 575 575 575 
0 2003 2003 2003 2003 2003 2003 2003 590 
590 590 590 590 335 335 335 335 358 
381 381 358 404 404 404 404 427 427 
427 0 0 0 0 0 473 473 520 
520 496 496 496 0 0 519 0 0 
0 0 0 0 0 0 0 0 0 
0 0 37 37 60 60 60 59 83 
83 0 0 0 0 0 0 105 129 
128 128 592 592 592 198 198 198 2964 
2964 2964 2964 2964 880 880 880 880 2392 
2392 588 588 588 588 588 588 575 859 
582 0 2003 2003 2003 2003 2003 2003 2003 
590 590 590 590 590 590 335 335 335 
335 381 381 405 428 404 404 404 404 
404 0 0 0 0 0 0 0 473 
497 497 520 520 520 520 0 0 0 
0 0 0 0 0 0 0 0 14 
14 0 0 37 37 60 60 60 60 
83 83 83 83 106 106 106 0 0 
129 129 128 175 175 175 175 198 198 
198 2964 2964 2964 2964 880 880 880 2392 
2392 2392 588 588 588 588 588 550 550 
582 859 337 2003 2003 2003 2003 2003 2003 
2003 590 590 590 590 590 590 577 577 
382 382 381 381 381 405 428 428 428 
404 404 0 0 0 474 474 474 474 
473 497 497 497 520 520 520 520 0 
0 0 0 0 0 0 0 0 0 
14 14 14 14 37 37 0 0 60 
60 60 0 83 83 83 106 106 106 
106 129 129 129 199 175 175 175 175 
198 198 198 3092 3092 3092 880 880 880 
2392 2392 2392 2392 588 588 588 550 550 
550 859 337 337 337 2003 2003 2003 2003 
2003 2014 2014 590 590 590 590 590 577 
577 382 382 382 381 381 405 405 428 
428 428 428 0 451 451 451 474 474 
474 474 474 497 497 497 0 0 0 
0 0 0 0 0 0 0 0 0 
0 0 14 14 14 14 37 61 0 
0 0 0 0 84 83 83 0 0 
106 106 106 129 129 152 199 199 199 
199 175 198 3092 3092 3092 3092 3092 880 
880 2392 2392 2392 2392 543 543 543 550 
550 564 564 854 337 337 337 2003 2003 
2003 2014 2014 2014 2014 590 590 590 590 
577 577 577 382 382 382 381 405 405 
405 429 428 428 475 475 451 451 451 
451 451 474 474 498 497 497 497 0 
0 0 0 0 0 0 0 0 0 
0 0 0 38 38 38 14 61 61 
61 61 0 0 0 84 84 0 0 
0 107 130 130 129 129 152 152 199 
199 199 199 175 3092 3092 3092 3092 3092 
3092 1464 1464 2392 2392 2392 543 543 543 
876 564 564 564 564 0 1842 337 337 
1842 1842 2014 2014 2014 2014 2014 2014 578 
578 578 359 359 359 382 382 406 406 
405 405 429 429 452 475 475 475 475 
451 451 451 0 0 498 498 521 521 
521 0 0 0 0 0 0 0 0 
0 0 0 15 38 38 38 38 38 
61 61 61 61 0 0 84 84 0 
0 108 107 107 130 130 130 130 130 
152 152 152 199 176 176 3092 3092 3092 
3092 1464 1464 1464 1464 2392 2385 2385 543 
543 557 876 564 564 854 0 1842 1842 
1842 1842 1842 2014 2014 2014 2014 2014 2014 
578 578 578 359 359 359 359 359 406 
406 0 405 429 429 452 452 452 475 
475 475 475 0 0 0 498 498 522 
521 521 521 521 0 0 0 0 0 
0 0 0 0 15 15 15 15 38 
38 38 0 61 61 0 0 84 84 
0 0 108 108 107 107 107 130 130 
130 130 152 152 152 176 176 176 3092 
3092 3263 1464 1464 1464 1464 2385 2385 2385 
2385 557 557 557 876 854 0 0 1842 
1842 1842 1842 1842 1842 2014 2014 2014 2014 
2014 578 336 336 383 383 383 359 359 
406 406 0 0 429 429 0 452 452 
452 452 452 475 0 0 0 498 498 
522 522 0 521 521 521 0 0 0 
0 0 0 0 0 39 15 15 15 
15 0 0 0 0 0 0 0 84 
84 0 0 108 108 131 131 107 107 
107 200 153 153 153 153 152 176 176 
176 3263 3263 3263 1464 1464 1464 2385 2385 
2385 2385 2385 557 557 557 0 2628 0 
1842 1842 1842 1842 1842 1842 571 571 571 
571 384 384 336 336 336 383 383 383 
383 406 406 0 0 429 429 0 0 
0 476 452 452 0 0 0 0 498 
498 522 522 0 0 0 0 0 0 
0 0 0 0 0 0 39 39 39 
15 15 0 0 0 85 85 85 85 
84 84 0 0 108 108 131 131 131 
107 107 200 200 200 153 153 153 153 
176 176 3263 3263 3263 3263 1464 1464 2385 
2385 2385 2385 2385 557 574 574 2628 3027 
0 1842 1842 1842 1842 1842 1842 571 571 
571 2698 384 384 384 336 336 336 383 
383 383 406 406 430 430 429 429 0 
0 0 476 476 476 476 0 0 0 
498 498 0 522 522 0 0 0 0 
0 0 0 0 0 0 0 16 39 
39 39 39 39 0 62 62 85 85 
85 85 85 0 0 108 108 0 131 
131 131 154 154 200 200 200 177 177 
153 153 176 3263 3263 3263 3263 3263 536 
2385 2385 2385 245 245 245 574 574 3027 
2628 0 0 0 291 291 291 314 314 
314 314 314 2698 384 384 384 336 336 
360 407 407 407 407 430 430 430 430 
430 0 453 453 476 476 476 476 0 
0 499 499 0 522 522 522 0 0 
0 0 0 0 0 0 0 0 16 
16 16 16 39 39 63 62 62 62 
62 62 85 85 0 0 108 108 0 
0 131 131 131 154 154 154 154 177 
177 200 200 200 3263 3263 3263 3263 536 
536 536 222 222 245 245 245 245 574 
574 3027 2822 2822 268 2822 291 291 291 
338 314 314 314 314 314 361 384 384 
360 360 360 407 407 407 407 407 430 
430 430 430 453 453 453 477 476 476 
0 0 499 499 499 499 522 0 0 
0 0 0 0 0 0 0 0 0 
40 16 16 16 16 16 63 63 86 
86 62 62 62 0 0 0 109 109 
0 0 0 0 0 0 154 154 154 
154 177 177 200 200 3263 3263 3263 3263 
536 536 536 222 222 222 222 245 245 
245 574 574 0 268 268 268 268 291 
291 291 338 338 338 338 338 361 361 
361 361 360 360 360 431 431 407 407 
0 0 0 0 0 453 453 477 477 
0 0 0 0 499 499 499 499 0 
0 0 0 0 0 0 0 0 0 
17 17 40 40 40 40 16 63 63 
63 86 86 86 62 0 0 0 109 
109 132 132 0 0 0 0 178 178 
178 154 177 177 177 3111 3111 3111 3111 
3111 3111 269 269 269 222 222 222 222 
594 594 594 594 594 594 268 268 268 
268 315 315 291 339 338 338 338 338 
361 361 361 361 360 360 360 431 431 
431 0 0 0 0 0 0 453 453 
477 477 0 0 0 523 523 523 499 
0 0 0 0 0 0 0 0 0 
0 17 17 17 17 40 40 40 40 
63 63 63 86 86 86 86 0 0 
109 109 132 132 132 132 132 155 155 
178 178 178 178 177 3111 3111 3111 3111 
3111 3111 3418 269 269 269 269 269 222 
594 594 594 594 594 594 594 292 292 
292 268 315 315 315 339 339 339 362 
362 385 385 385 361 408 408 408 360 
431 431 431 0 0 454 454 454 453 
453 477 477 0 0 500 500 500 523 
523 523 0 0 0 0 0 0 0 
0 0 0 0 17 17 17 17 40 
40 0 63 63 0 0 86 86 0 
0 109 109 0 0 132 132 132 155 
155 155 155 178 178 178 3111 3111 3111 
3111 3418 3418 3418 223 0 247 247 269 
269 594 594 594 594 594 594 594 292 
292 292 292 292 315 315 315 339 339 
362 362 362 385 385 385 385 408 408 
408 408 431 431 0 0 454 454 454 
454 454 477 477 477 0 500 500 500 
500 523 523 523 0 0 0 0 0 
0 0 0 0 0 0 0 17 0 
0 0 0 0 0 0 0 87 87 
0 0 109 109 0 0 0 0 0 
156 132 155 155 155 179 179 178 201 
3111 3418 3418 3418 223 223 0 0 247 
247 269 594 594 594 594 594 3160 3160 
3160 293 293 292 292 292 315 315 339 
339 339 362 362 362 362 385 385 432 
432 408 408 408 0 0 0 0 0 
0 454 454 454 477 0 0 0 524 
524 524 500 523 523 0 0 0 0 
0 0 0 0 0 0 41 41 0 
0 0 0 0 0 0 0 0 87 
87 0 110 110 109 0 0 0 0 
0 156 156 132 155 155 179 179 201 
201 201 3418 3418 3418 223 223 0 0 
247 247 247 270 594 594 594 3160 3160 
3160 3160 293 293 293 293 293 316 316 
315 339 339 0 0 362 362 409 409 
432 432 432 432 432 0 0 0 0 
0 0 478 478 0 0 0 0 0 
0 524 524 524 500 500 0 0 0 
0 0 0 0 0 0 41 41 41 
41 41 41 0 0 64 64 0 0 
87 87 0 110 110 110 133 133 133 
0 0 156 156 156 0 0 179 179 
201 201 201 3418 3418 3418 223 223 248 
248 0 247 247 270 270 270 3160 3160 
3160 3160 3160 317 317 293 293 293 316 
316 316 316 363 363 0 386 386 386 
409 409 409 432 432 432 0 0 0 
455 455 455 478 478 478 478 0 501 
501 501 0 524 524 524 0 0 0 
0 0 0 0 0 0 0 18 18 
18 41 41 41 0 0 64 64 64 
64 87 87 0 0 110 110 133 133 
133 133 133 133 156 156 0 0 179 
202 202 201 201 225 3418 3418 223 223 
248 248 248 248 248 247 270 270 270 
3160 3160 3160 246 317 317 317 317 317 
340 340 340 316 316 363 363 363 386 
386 386 409 409 409 433 433 0 0 
0 455 455 455 455 455 478 478 478 
501 501 501 501 501 524 524 0 0 
0 0 0 0 0 0 0 0 0 
18 18 18 18 0 0 0 0 64 
64 64 87 87 0 0 110 110 110 
134 157 133 133 133 156 156 156 0 
179 202 202 202 201 225 225 3418 224 
224 272 272 248 248 248 318 318 318 
270 3160 3160 3160 246 246 246 317 317 
317 340 340 340 340 316 316 363 363 
363 386 386 386 409 409 409 433 433 
0 0 0 456 456 455 455 455 0 
478 478 525 525 525 501 501 0 0 
0 0 0 0 0 0 0 0 0 
0 0 0 18 18 18 0 0 65 
88 88 64 64 87 111 111 0 110 
134 134 134 157 157 157 180 180 180 
180 179 179 202 202 202 225 225 225 
224 224 272 272 272 272 272 318 318 
318 271 270 270 270 319 246 246 246 
246 246 341 341 340 340 340 387 387 
387 363 363 386 386 386 0 0 433 
433 0 0 0 456 456 479 0 0 
0 0 502 502 525 525 525 501 0 
0 0 0 0 0 0 0 0 0 
0 19 19 0 42 42 42 18 65 
65 65 88 88 88 88 111 111 111 
111 111 134 134 134 157 157 157 157 
180 180 180 180 0 203 202 202 225 
225 224 224 249 249 272 272 272 272 
273 271 271 271 318 318 319 319 294 
294 246 246 341 341 364 364 364 364 
387 387 387 387 387 410 410 410 0 
0 433 433 0 0 456 456 479 479 
479 0 0 502 502 502 525 525 525 
0 0 0 0 0 0 0 0 0 
0 0 19 19 19 19 42 42 42 
42 65 65 65 65 88 88 88 0 
111 111 111 111 134 134 134 0 157 
157 157 0 180 180 180 0 203 203 
203 225 224 224 0 0 249 249 249 
272 273 273 271 271 318 318 319 319 
319 294 294 294 341 341 365 364 364 
364 364 364 387 387 387 410 410 410 
410 410 433 433 0 0 456 456 480 
479 479 479 479 479 502 502 502 502 
525 0 0 0 0 0 0 0 0 
0 0 0 20 20 19 19 19 42 
42 42 66 66 65 65 65 88 88 
0 0 0 135 135 111 134 158 158 
0 0 0 0 0 227 227 227 227 
203 203 203 224 224 0 0 0 249 
249 249 273 273 271 271 271 295 295 
319 319 294 294 294 341 341 365 365 
388 388 388 364 364 0 0 0 0 
410 410 410 457 457 433 0 456 456 
480 480 503 479 479 479 526 0 502 
502 0 0 0 0 0 0 0 0 
0 0 0 0 20 20 43 43 19 
19 0 42 66 66 89 89 89 112 
112 112 0 0 135 135 135 0 158 
158 158 0 0 0 0 204 227 227 
227 227 203 203 226 226 0 0 0 
0 249 249 273 273 296 271 271 295 
295 295 319 319 294 294 341 341 365 
365 365 388 388 388 388 0 0 0 
0 0 434 434 457 457 457 457 456 
456 480 480 480 503 503 503 526 526 
526 526 0 0 0 0 0 0 0 
0 0 0 0 0 20 20 43 43 
43 43 0 0 66 66 89 89 89 
89 112 112 112 112 136 135 135 135 
0 158 158 158 0 0 0 204 204 
204 204 227 227 203 226 226 0 0 
250 250 0 249 273 273 296 296 296 
296 295 295 295 319 0 342 342 342 
0 365 365 365 412 388 388 388 0 
0 411 0 434 434 434 434 457 457 
457 0 0 0 480 480 503 503 503 
526 526 526 526 0 0 0 0 0 
0 0 0 0 0 0 20 20 0 
0 43 43 43 43 66 66 90 0 
89 89 89 89 112 112 112 136 135 
135 135 0 158 158 0 0 181 181 
181 204 204 204 204 227 226 226 0 
0 250 250 250 0 273 273 0 296 
296 296 296 295 295 0 0 0 342 
342 342 0 365 365 412 412 412 388 
0 411 411 411 411 0 434 434 434 
457 457 0 0 0 0 0 480 503 
503 503 527 526 526 0 0 0 0 
0 0 0 0 0 0 0 20 20 
0 0 44 44 43 43 66 66 90 
90 0 0 0 0 113 113 112 136 
136 159 159 159 0 0 0 0 181 
181 181 181 181 204 204 228 226 226 
0 0 0 250 250 250 274 274 0 
0 0 0 296 296 0 0 0 0 
0 342 342 342 366 366 365 412 412 
412 412 0 411 411 411 411 0 0 
434 434 0 0 0 0 0 0 0 
504 480 503 527 527 0 0 0 0 
0 0 0 0 0 0 0 0 21 
21 0 0 44 44 67 67 67 66 
90 90 90 0 0 0 113 113 0 
136 136 136 159 159 159 159 0 205 
205 205 205 181 181 181 228 228 228 
226 251 251 0 0 250 250 274 274 
0 0 0 0 0 0 0 0 0 
343 343 0 342 342 366 366 389 389 
389 412 412 412 0 0 411 411 0 
0 458 458 458 0 0 0 0 0 
0 504 504 480 527 527 527 0 0 
0 0 0 0 0 0 0 0 0 
21 21 0 0 44 44 0 67 67 
67 67 90 90 90 0 0 113 113 
0 0 136 136 0 0 159 159 159 
182 182 182 205 205 205 205 205 228 
228 228 251 251 251 251 251 0 274 
274 297 297 297 297 0 320 320 320 
0 343 343 343 343 0 366 366 389 
389 389 389 389 0 0 0 0 435 
435 435 458 458 458 458 458 0 0 
0 0 504 504 504 504 527 527 527 
0 0 0 0 0 0 0 0 0 
0 0 21 21 0 44 44 0 0 
0 67 67 67 90 90 114 114 113 
113 0 0 136 136 0 0 0 0 
159 182 182 182 182 182 205 205 0 
0 228 228 228 228 251 251 251 251 
274 274 0 297 297 297 297 297 320 
320 320 320 344 343 343 343 366 366 
0 0 389 389 389 413 0 0 0 
0 435 435 435 435 0 458 458 458 
481 481 0 528 528 504 504 504 527 
527 0 0 0 0 0 0 0 0 
0 0 45 21 21 21 44 44 0 
0 0 0 67 67 0 0 114 114 
113 113 0 0 160 160 0 0 0 
0 0 0 0 0 182 182 182 0 
0 0 0 0 0 0 0 275 275 
275 274 274 0 0 298 298 297 297 
321 321 320 320 320 344 343 343 366 
366 0 0 390 390 413 413 413 0 
0 436 459 459 435 435 435 0 0 
0 482 481 481 528 528 528 528 504 
0 0 0 0 0 0 0 0 0 
0 0 45 45 45 21 21 44 68 
68 68 0 91 91 0 0 0 0 
114 114 113 0 0 160 160 160 160 
0 0 0 0 0 183 206 206 206 
0 0 229 0 0 0 0 0 0 
275 275 275 274 0 0 298 298 0 
0 321 321 0 320 344 344 0 367 
367 366 0 0 390 390 0 413 413 
0 436 436 436 459 459 459 459 0 
0 0 482 482 481 505 528 528 528 
528 0 0 0 0 0 0 0 0 
0 0 0 22 22 22 45 45 45 
45 68 68 68 68 91 91 91 91 
0 114 114 114 0 0 137 137 160 
160 160 0 0 0 183 183 183 206 
206 206 229 229 229 229 252 252 252 
252 0 275 275 275 0 0 298 298 
0 0 321 321 0 0 344 344 0 
367 367 367 0 0 390 390 0 413 
413 413 0 436 436 436 436 459 459 
459 0 0 482 482 481 481 505 505 
528 528 0 0 0 0 0 0 0 
0 0 0 0 22 22 22 22 22 
45 45 45 0 68 68 68 91 91 
91 91 115 114 114 0 0 137 137 
137 160 160 161 0 0 0 183 183 
0 206 206 206 229 229 229 229 252 
252 252 252 252 275 275 0 0 298 
298 0 0 321 321 0 0 344 344 
0 0 367 367 0 0 390 390 0 
0 413 413 0 0 0 436 436 436 
459 459 483 0 482 482 481 481 505 
505 505 505 0 0 0 0 0 0 
0 0 0 0 0 0 0 0 22 
22 22 0 0 0 0 0 0 68 
92 92 91 115 115 0 0 0 0 
137 137 137 161 161 184 184 207 183 
183 183 230 206 206 253 253 253 229 
229 0 0 252 252 0 0 0 0 
298 298 0 0 321 321 0 0 344 
344 0 0 367 367 367 0 390 390 
0 0 0 0 0 0 0 437 460 
460 460 483 483 483 482 482 529 481 
529 529 505 505 505 0 0 0 0 
0 0 0 0 0 0 0 46 46 
46 0 0 0 0 0 69 0 0 
0 92 92 0 115 115 0 0 0 
0 0 137 137 161 161 184 184 184 
207 183 183 230 230 230 230 253 253 
253 253 253 0 0 0 0 299 299 
299 298 298 322 322 321 321 345 345 
344 344 368 368 368 367 367 391 391 
390 0 414 414 0 0 0 437 437 
0 460 460 460 483 483 483 482 0 
529 529 529 529 529 505 0 0 0 
0 0 0 0 0 0 23 23 23 
46 46 46 46 46 0 69 69 69 
69 0 92 92 0 0 115 115 0 
138 138 138 0 0 161 161 0 184 
184 184 207 207 207 230 230 230 230 
230 253 253 253 0 0 0 276 276 
299 299 299 299 299 322 322 322 345 
345 345 345 345 368 368 368 368 391 
391 391 0 414 414 414 0 0 437 
437 0 0 460 460 460 483 483 483 
0 0 506 506 529 529 529 0 0 
0 0 0 0 0 0 0 23 23 
23 23 23 46 46 46 0 0 69 
69 69 69 92 92 0 0 115 115 
115 138 138 138 138 138 161 161 0 
0 184 184 184 207 207 207 207 230 
230 0 0 0 0 0 0 0 276 
276 276 276 299 299 299 0 322 322 
322 322 345 345 345 345 0 368 368 
368 391 391 391 391 414 414 414 0 
437 437 0 0 0 0 460 460 483 
0 0 0 506 506 506 506 0 0 
0 0 0 0 0 0 0 0 0 
0 0 23 23 23 0 0 0 0 
0 0 69 69 92 92 0 0 0 
115 0 0 0 138 138 138 161 161 
0 0 0 0 0 0 0 207 207 
0 0 0 0 0 0 0 0 0 
0 0 276 276 276 0 0 0 0 
0 322 322 0 0 0 0 0 0 
368 0 0 0 391 391 0 414 414 
414 437 437 0 0 0 0 0 0 
0 0 0 0 0 0 506 506 506 
0 0 0 0 0 0 0 0 0 
0 0 0 0 0 0 0 0 0 
0 0 0 0 0 0 0 0 0 
0 0 0 0 0 0 0 0 0 
0 0 0 0 0 0 0 0 0 
0 0 0 0 0 0 0 0 0 
0 0 0 0 276 276 0 0 0 
0 0 0 0 0 0 0 0 0 
0 0 0 0 0 0 0 0 0 
0 0 437 437 0 0 0 0 0 
0 0 0 0 0 0 0 0 506 
506 0 0 0 0 0 0 0 0 
0 0 0 0 0 0 0 0 0 
0 0 0 0 0 0 0 0 0 
0 0 0 0 0 0 0 0 0 
0 0 0 0 0 0 0 0 0 
0 0 0 0 0 0 0 0 0 
0 0 0 0 0 0 0 0 0 
0 0 0 0 0 0 0 0 0 
0 0 0 0 0 0 0 0 0 
0 0 0 0 0 0 0 0 0 
0 0 0 0 0 0 0 0 0 
0 0 0 0 0 0 0 0 0 
0 0 0 0 0 0 0 0 0 
0 0 0 0 0 0 0 0 0 
0 0 0 0 0 0 0 0 0 
0 0 0 0 0 0 0 0 0 
0 0 0 0 0 0 0 0 0 
0 0 0 0 0 0 0 0 0 
0 0 0 0 0 0 0 0 0 
0 0 0 0 0 0 0 0 0 
0 0 0 0 0 0 0 0 0 
0 0 0 0 0 0 0 0 0 
0 0 0 0 0 0 0 0 0 
0 0 0 0 0 0 0 0 0 
0 0 0 0 0 0 0 0 0 
0 0 0 0 0 0 0 0 0 
0 0 0 0 0 0 0 0 0 
0 0 0 0 0 0 0 0 0 
0 0 0 0 0 0 0 0 0 
0 0 0 0 0 0 0 0 0 
0 0 0 0 0 0 0 0 0 
0 0 0 0 0 0 0 0 0 
0 0 0 0 0 0 0 0 0 
0 0 0 0 0 0 0 0 0 
0 
ClusterId 1 10000 long
0 0 0 0 0 0 0 0 0 
0 0 0 0 0 0 0 0 0 
0 0 0 0 0 0 0 0 0 
0 0 0 0 0 0 0 0 0 
0 0 0 0 0 0 0 0 0 
0 0 0 0 0 0 0 0 0 
0 0 0 0 0 0 0 0 0 
0 0 0 0 0 0 0 0 0 
0 0 0 0 0 0 0 0 0 
0 0 0 0 0 0 0 0 0 
0 0 0 0 0 0 0 0 0 
0 0 0 0 0 0 0 0 0 
0 0 0 0 0 0 0 0 0 
0 0 0 0 0 0 0 0 0 
0 0 0 0 0 0 0 0 0 
0 0 0 0 0 0 0 0 0 
0 0 0 0 0 0 0 0 0 
0 0 0 0 0 0 0 0 0 
0 0 0 0 0 0 0 0 0 
0 0 0 0 0 0 0 0 0 
0 0 0 0 0 0 0 0 0 
0 0 0 0 0 0 0 0 0 
0 0 0 0 0 0 0 0 0 
0 0 0 0 0 0 0 0 0 
0 0 0 0 0 0 0 0 0 
0 0 0 0 0 0 0 0 0 
0 0 0 0 0 0 0 0 0 
0 0 0 0 0 0 0 0 0 
0 0 0 0 0 0 0 0 0 
0 0 0 0 0 0 0 0 0 
0 0 0 0 0 0 0 0 0 
0 0 0 0 0 0 0 0 0 
0 0 0 0 0 0 0 0 0 
0 0 0 0 0 0 0 0 0 
0 0 0 0 0 0 0 0 0 
0 0 0 0 0 0 0 0 0 
0 0 0 0 0 0 0 0 0 
0 0 0 0 0 0 0 0 0 
0 0 0 0 0 0 0 0 0 
0 0 0 0 0 0 0 0 0 
0 0 0 0 0 0 0 0 0 
0 0 0 392 0 0 0 415 0 
0 0 0 0 0 0 0 0 0 
0 0 0 0 0 0 0 0 0 
0 0 0 0 0 0 0 0 0 
0 0 0 0 0 0 0 0 70 
70 70 70 0 0 0 0 0 0 
0 0 116 139 139 139 0 0 0 
162 162 0 0 0 0 0 0 0 
0 0 0 231 231 0 0 254 254 
0 0 0 0 0 0 0 0 0 
323 323 323 346 346 346 346 0 0 
0 0 0 392 392 392 0 415 415 
415 0 0 0 438 0 0 0 461 
0 484 484 484 0 0 0 0 0 
0 0 0 0 0 0 0 0 0 
0 1 1 0 0 24 24 47 47 
47 70 70 70 70 70 0 0 0 
93 0 116 116 116 139 139 139 139 
139 162 162 162 185 185 185 0 0 
0 208 208 0 231 231 231 0 254 
254 254 0 0 277 277 277 0 300 
300 323 323 323 323 323 346 346 346 
346 0 0 369 0 392 392 392 392 
415 415 415 0 438 438 438 0 461 
461 461 461 484 484 484 507 507 507 
0 0 0 0 0 0 0 0 0 
0 0 1 1 1 1 24 24 24 
47 47 47 47 71 70 70 0 0 
93 93 93 93 116 116 116 0 139 
139 139 163 162 162 0 185 185 185 
185 0 208 208 208 0 231 231 231 
0 254 254 254 0 277 277 277 277 
277 300 300 300 300 323 323 323 346 
346 346 0 0 369 369 0 0 392 
392 392 415 415 415 0 438 438 438 
462 461 461 461 461 484 484 484 507 
507 507 507 507 0 0 0 0 0 
0 0 0 25 25 1 1 1 24 
24 24 47 47 47 71 71 0 0 
0 0 93 93 93 93 116 116 116 
0 0 163 163 163 162 162 0 0 
185 185 185 0 208 208 255 255 231 
231 231 278 254 254 254 0 0 324 
277 277 277 300 300 300 300 0 0 
0 0 0 0 0 369 369 369 0 
0 0 0 0 415 0 0 0 438 
438 462 462 0 461 461 485 484 484 
0 0 507 507 507 0 0 0 0 
0 0 0 2 2 25 25 25 1 
1 24 24 24 0 47 71 71 71 
0 0 0 117 117 117 93 93 116 
140 140 0 0 163 163 162 162 0 
0 0 185 0 0 208 208 208 255 
255 255 255 278 278 278 278 0 0 
301 324 324 324 324 324 300 0 0 
0 347 0 0 0 0 0 369 369 
0 416 416 416 0 0 0 0 0 
0 438 462 462 0 0 0 485 485 
508 0 0 0 0 0 0 0 0 
0 0 0 0 2 2 2 25 25 
25 25 48 48 48 48 0 0 71 
71 94 94 94 94 117 117 117 117 
117 140 140 140 140 163 163 163 0 
0 186 186 0 0 0 0 208 232 
232 232 255 255 255 278 278 278 278 
278 301 301 301 301 324 324 324 0 
0 347 347 347 0 0 370 370 369 
369 393 393 416 416 416 416 416 0 
439 439 0 438 462 462 0 0 485 
485 508 508 508 508 0 0 0 0 
0 0 0 0 0 0 2 2 2 
2 25 25 0 48 48 48 48 48 
71 71 71 94 94 94 94 94 117 
117 117 0 0 140 140 140 163 163 
0 186 186 186 186 186 186 209 209 
209 232 232 232 232 255 255 0 0 
278 0 0 301 301 301 301 324 324 
0 0 0 347 347 347 0 370 370 
370 370 393 393 393 393 416 416 416 
0 439 439 439 0 462 462 462 0 
485 485 0 508 508 508 508 0 0 
0 0 0 0 0 0 0 0 0 
2 2 0 0 0 0 49 48 48 
48 0 0 0 0 0 94 94 94 
0 0 0 0 0 0 140 164 140 
0 0 210 210 210 186 186 186 209 
209 209 209 209 232 232 232 0 0 
0 0 0 0 0 302 325 301 301 
0 0 0 0 371 347 347 347 0 
0 370 370 370 393 393 393 393 0 
0 0 0 439 439 439 439 462 0 
0 485 485 0 0 509 509 508 0 
0 0 0 0 0 0 0 0 0 
0 26 26 0 0 0 0 49 49 
72 0 0 0 0 0 0 118 118 
118 0 0 0 0 0 0 164 164 
164 0 0 187 210 210 210 210 0 
0 0 0 209 209 209 0 0 0 
0 0 0 0 0 0 302 325 325 
325 0 0 0 0 348 371 371 371 
347 0 0 370 370 417 417 417 393 
0 0 0 0 0 463 439 439 0 
0 0 485 485 0 0 509 509 0 
0 0 0 0 0 0 0 0 0 
0 0 26 26 26 26 26 0 49 
49 72 72 72 72 0 0 0 118 
118 118 118 118 0 0 0 141 0 
164 164 0 0 187 187 187 210 210 
210 0 0 0 233 233 0 0 0 
256 0 279 279 279 0 0 302 302 
325 325 325 325 0 348 348 348 371 
371 371 371 0 0 394 394 417 417 
417 417 0 0 440 440 463 463 463 
463 0 0 486 486 0 0 509 509 
0 0 0 0 0 0 0 0 0 
0 0 0 3 3 3 26 26 26 
49 49 0 72 72 72 72 0 0 
95 95 95 118 118 118 0 141 141 
141 0 164 164 0 187 187 187 187 
211 210 0 0 0 233 233 233 0 
256 256 256 279 279 279 279 279 302 
302 0 0 325 325 0 0 348 348 
348 348 371 371 371 0 394 394 394 
417 417 417 417 0 440 440 440 463 
463 463 463 463 486 486 510 0 509 
509 0 0 0 0 0 0 0 0 
0 0 0 0 0 3 3 3 3 
26 49 49 0 0 0 0 72 0 
0 95 95 95 95 95 95 0 0 
141 141 141 164 164 188 188 0 187 
187 187 211 0 0 0 0 233 233 
257 257 256 256 256 256 279 279 279 
302 302 326 0 0 0 0 0 0 
0 348 348 348 395 395 0 0 394 
394 394 394 441 441 0 0 440 440 
440 487 487 463 463 486 486 510 510 
509 509 0 0 0 0 0 0 0 
0 0 0 0 0 0 27 27 3 
3 3 49 49 0 0 73 0 0 
0 0 120 119 119 95 95 95 142 
142 165 141 141 141 164 188 188 188 
0 0 211 211 211 0 0 0 233 
233 257 257 257 280 280 256 256 303 
303 302 302 326 326 326 0 0 0 
0 0 0 372 372 395 395 395 395 
418 418 394 394 441 441 441 0 0 
440 440 487 487 487 487 486 486 510 
510 510 509 0 0 0 0 0 0 
0 0 0 0 4 4 0 27 27 
27 50 50 50 50 0 73 73 73 
0 96 96 96 120 119 119 119 142 
142 142 142 142 141 165 165 165 188 
188 188 188 0 211 211 0 0 234 
234 233 233 257 257 280 280 280 256 
303 303 303 303 0 326 326 326 326 
0 0 0 0 372 372 372 372 395 
395 395 418 418 418 418 441 441 441 
441 0 464 464 487 487 487 486 486 
0 510 510 510 0 0 0 0 0 
0 0 0 0 0 4 4 4 4 
27 27 51 50 50 50 50 50 73 
73 0 0 96 96 96 120 119 119 
119 166 142 142 142 142 165 165 165 
165 165 188 188 0 0 211 211 258 
234 234 234 234 233 257 257 280 280 
280 280 0 303 303 303 303 0 326 
326 326 349 349 349 349 372 372 372 
372 395 395 419 419 418 418 418 418 
441 441 0 0 464 464 464 487 487 
486 0 0 510 510 0 0 0 0 
0 0 0 0 0 0 5 28 4 
4 4 27 51 51 51 0 50 50 
73 73 73 0 0 96 96 96 120 
119 119 119 166 166 166 142 0 0 
165 165 212 212 212 0 0 211 211 
258 258 258 234 234 234 257 257 281 
304 280 280 0 0 0 303 0 0 
0 373 373 373 349 349 349 349 349 
372 0 0 0 419 419 419 0 418 
0 0 0 0 0 0 464 464 464 
464 511 0 0 0 0 0 0 0 
0 0 0 0 0 0 0 5 5 
28 4 4 27 27 51 51 0 0 
0 0 73 73 97 97 0 96 120 
120 0 0 0 143 166 166 166 166 
0 0 189 189 212 212 212 212 212 
235 211 258 258 258 258 234 234 281 
281 281 304 304 304 0 0 0 0 
0 0 373 373 373 373 373 373 349 
349 0 0 0 0 0 419 419 0 
0 0 0 0 0 0 0 0 488 
464 464 511 511 511 0 0 0 0 
0 0 0 0 0 0 0 0 5 
5 5 28 28 28 27 51 51 51 
0 0 0 74 97 97 97 97 97 
120 120 120 0 0 143 143 190 166 
166 166 0 0 189 189 189 212 212 
212 235 235 235 235 258 258 258 0 
0 281 281 304 304 304 304 304 0 
0 0 327 350 350 350 373 373 373 
0 0 0 0 396 396 396 419 419 
419 0 0 0 0 0 465 465 465 
488 488 488 488 511 511 511 511 0 
0 0 0 0 0 0 0 0 0 
0 5 5 0 28 28 28 27 51 
51 0 0 0 74 74 98 97 97 
97 97 120 120 144 0 143 143 190 
190 190 190 0 0 0 189 189 189 
189 0 0 235 235 235 235 235 0 
0 0 0 0 281 281 281 304 304 
0 0 327 327 327 350 350 350 350 
0 0 0 0 0 396 396 396 396 
396 419 0 0 0 442 442 442 465 
465 465 488 488 488 488 488 511 511 
0 0 0 0 0 0 0 0 0 
0 0 5 5 29 0 28 28 28 
52 52 0 0 0 74 74 98 98 
0 0 0 0 144 144 144 0 143 
143 0 190 190 190 0 0 213 213 
189 189 0 0 0 0 0 235 235 
0 0 0 0 0 0 281 281 281 
0 0 0 0 327 327 327 374 350 
350 350 0 0 0 0 0 0 396 
396 396 0 0 0 443 443 442 442 
442 465 465 465 512 512 488 488 0 
0 0 0 0 0 0 0 0 0 
0 0 0 0 29 29 29 0 0 
0 52 52 0 0 0 0 74 74 
98 98 0 0 0 0 144 144 144 
143 143 167 167 190 190 190 214 214 
213 213 213 213 213 0 0 0 259 
259 0 0 282 282 282 0 305 305 
305 328 0 0 0 0 327 327 327 
374 374 350 0 0 0 0 0 420 
420 420 0 0 0 0 443 443 466 
442 442 442 465 465 512 512 512 512 
0 0 0 0 0 0 0 0 0 
0 0 6 6 6 0 29 29 29 
0 0 52 52 75 75 75 0 74 
74 98 98 0 0 121 121 121 144 
144 144 143 167 167 167 167 191 214 
214 214 213 213 213 213 237 236 236 
259 259 259 259 282 282 282 282 282 
305 305 305 328 328 328 328 351 327 
351 374 374 374 374 0 0 0 0 
420 420 420 420 420 0 0 443 443 
466 466 466 442 442 489 489 489 512 
512 512 0 0 0 0 0 0 0 
0 0 0 6 6 6 6 6 29 
29 29 0 52 52 75 75 75 75 
75 74 74 98 98 145 121 121 121 
121 121 144 143 0 167 167 167 191 
191 214 214 214 262 262 262 237 237 
236 236 236 259 259 259 283 283 282 
282 282 305 305 305 328 328 328 328 
328 351 351 351 374 374 374 0 0 
397 397 421 421 420 420 420 444 443 
443 0 466 466 466 466 489 489 489 
489 489 512 0 0 0 0 0 0 
0 0 0 0 0 30 30 6 6 
6 29 0 0 52 52 0 0 0 
75 75 75 99 98 98 145 145 145 
145 121 121 121 0 0 0 0 167 
191 191 192 214 214 214 262 262 237 
237 237 236 236 236 236 259 259 283 
283 0 0 0 0 305 305 352 352 
352 352 328 351 351 351 374 374 0 
0 397 397 421 421 421 0 444 444 
443 443 0 0 490 466 466 513 513 
513 489 489 489 0 0 0 0 0 
0 0 0 0 0 0 0 30 30 
30 0 0 0 0 53 53 0 0 
0 0 0 0 99 99 122 122 122 
145 145 145 145 0 0 0 0 0 
0 0 192 192 238 238 214 262 262 
262 237 237 237 237 236 236 0 0 
283 283 283 0 0 0 329 329 329 
352 352 352 352 353 351 351 351 398 
398 0 0 397 397 421 421 0 0 
444 444 443 0 467 467 490 490 490 
513 513 513 513 513 0 0 0 0 
0 0 0 0 0 0 0 7 7 
30 30 30 30 0 0 53 53 0 
0 76 76 0 0 99 99 122 122 
122 122 122 145 145 0 0 168 168 
168 0 0 192 192 238 238 238 238 
262 262 261 261 237 260 260 260 0 
0 284 283 283 330 0 0 306 329 
329 329 329 329 353 353 352 352 375 
375 398 398 398 397 397 397 421 421 
0 444 444 444 0 467 467 467 490 
490 490 490 513 513 513 0 0 0 
0 0 0 0 0 0 0 0 7 
7 7 7 30 30 0 0 53 53 
0 0 76 76 0 0 99 99 0 
0 0 122 122 122 0 0 0 168 
168 168 168 168 192 192 191 238 238 
238 238 215 261 261 261 261 260 260 
260 0 284 284 283 283 330 330 306 
306 306 329 329 329 353 353 0 352 
375 375 375 398 398 398 397 397 421 
421 0 0 444 444 0 0 467 467 
467 0 490 490 490 0 0 0 0 
0 0 0 0 0 0 0 0 0 
31 31 7 7 7 7 0 0 53 
53 0 0 76 76 76 0 99 99 
0 0 0 0 0 0 0 0 0 
169 169 168 168 168 192 192 191 191 
216 216 215 215 215 261 261 261 261 
260 260 260 284 284 551 551 330 330 
330 330 306 306 306 306 353 353 0 
0 0 0 375 375 375 398 398 398 
0 0 0 0 444 445 0 0 0 
467 467 467 0 0 0 0 0 0 
0 0 0 0 0 0 0 0 0 
0 0 31 31 31 31 7 0 0 
53 53 0 0 0 76 76 100 99 
99 0 0 0 0 0 0 0 0 
0 169 169 239 239 239 192 192 191 
191 216 216 544 2532 544 544 215 215 
215 215 260 260 284 284 551 551 308 
308 330 330 330 306 306 306 353 353 
0 0 0 0 0 375 375 375 422 
422 0 0 0 0 445 445 468 468 
468 491 491 491 491 0 0 0 0 
0 0 0 0 0 0 0 0 0 
0 0 8 8 31 31 31 31 0 
54 54 54 0 0 77 77 76 100 
100 100 0 123 123 123 0 0 146 
146 146 0 169 169 530 239 239 239 
239 191 216 216 2532 544 544 2633 2633 
215 215 215 285 285 284 284 551 551 
308 308 308 330 2648 2648 2648 0 353 
353 376 376 376 0 0 399 399 399 
422 422 422 422 422 0 445 445 468 
468 468 468 468 491 491 491 491 514 
514 514 514 0 0 0 0 0 0 
0 0 0 8 8 8 0 31 0 
0 54 54 54 54 54 77 77 77 
77 100 100 100 100 123 123 123 0 
146 146 146 146 146 169 169 530 530 
239 239 239 216 216 544 544 2633 2633 
2633 2633 2633 2633 285 285 285 285 285 
551 551 308 308 308 2648 2648 2648 3165 
3165 307 376 376 376 376 376 376 399 
399 399 399 422 422 422 422 445 445 
469 0 468 468 468 0 0 491 491 
491 514 514 514 514 514 0 0 0 
0 0 0 0 9 8 8 0 0 
0 0 0 78 78 54 54 54 101 
101 77 77 77 100 100 124 123 123 
123 0 0 0 146 146 169 169 193 
530 530 530 239 216 216 587 587 2633 
2633 2633 2633 2633 2633 0 911 285 285 
285 1855 558 558 308 308 2648 2648 2648 
3165 3165 3165 307 307 307 376 376 400 
423 423 423 399 399 399 399 422 445 
445 469 469 0 0 0 0 0 0 
515 515 515 0 0 514 514 0 0 
0 0 0 0 0 9 9 8 8 
0 0 0 55 55 78 78 78 78 
78 101 101 101 77 77 124 124 124 
123 123 0 0 170 170 0 169 193 
193 193 530 530 537 537 587 587 587 
587 2633 2633 2633 2633 2633 0 0 911 
1303 1855 1303 558 558 877 877 2648 2648 
2648 3165 3165 3165 3165 307 307 307 307 
400 400 423 423 423 399 446 446 446 
445 445 469 469 469 0 0 0 0 
0 0 515 515 0 0 0 0 0 
0 0 0 0 0 0 9 9 8 
8 32 32 55 55 55 55 55 78 
78 78 78 101 101 101 101 101 124 
124 147 147 147 170 170 170 170 170 
170 193 193 193 193 537 537 587 587 
587 587 1687 1687 2633 2633 2633 0 911 
0 1855 1303 558 558 877 877 877 2648 
2648 2648 3165 3165 3165 3165 3165 331 307 
307 400 400 400 423 423 423 446 446 
446 446 446 446 469 469 469 0 0 
492 0 0 515 515 515 0 0 0 
0 0 0 0 0 0 0 9 9 
0 0 32 32 32 32 55 55 55 
55 0 0 0 0 0 101 125 125 
124 124 124 147 147 147 147 0 170 
170 170 170 194 193 193 537 537 587 
587 587 587 1687 1687 1687 2633 2633 0 
0 0 0 0 558 558 877 877 877 
877 2648 2648 3165 3165 3165 3165 331 331 
331 331 331 400 400 400 447 447 423 
423 0 446 446 0 0 0 469 0 
492 492 492 0 0 515 515 0 0 
0 0 0 0 0 0 0 0 9 
9 0 0 0 32 32 32 32 0 
0 0 0 0 0 0 0 0 125 
125 148 124 124 172 172 147 147 147 
0 0 0 0 194 194 537 579 537 
587 587 587 587 1687 1687 1687 1687 1687 
2449 2449 2449 2449 2449 2449 2449 877 877 
877 877 877 2648 3165 3165 3165 354 354 
377 331 331 331 331 400 400 447 447 
447 423 0 0 0 0 0 0 0 
0 0 492 492 492 0 516 515 0 
0 0 0 0 0 0 0 0 0 
9 9 33 33 0 56 56 56 32 
0 0 0 0 0 0 0 0 0 
0 125 125 148 148 148 172 172 147 
171 171 0 0 0 194 194 579 580 
0 587 587 587 587 1687 1687 1687 1687 
1687 2449 2449 2449 2449 2449 2449 2449 877 
877 877 877 877 572 572 572 355 354 
354 354 377 377 377 377 331 424 424 
447 447 447 447 0 0 0 0 0 
0 0 493 493 492 492 492 516 516 
0 0 0 0 0 0 0 0 0 
0 10 10 33 33 33 33 56 56 
56 56 56 79 79 79 102 102 102 
102 0 125 125 148 148 148 148 148 
171 171 171 171 171 171 194 194 580 
579 0 587 587 587 2615 1687 1687 1687 
1687 0 2449 2449 2449 2449 2449 2449 2449 
877 877 877 877 877 572 572 355 355 
0 354 354 354 377 377 377 377 424 
424 424 424 447 447 0 0 0 0 
470 470 493 493 493 493 0 492 516 
516 0 0 0 0 0 0 0 0 
0 0 0 10 10 10 10 33 33 
33 56 56 56 56 79 79 79 102 
102 102 102 102 125 125 0 0 148 
148 172 195 195 171 171 171 194 194 
0 0 0 2615 2615 2615 2615 2615 0 
0 0 1655 565 2449 2449 2449 2449 589 
589 589 332 332 332 332 572 572 355 
355 0 0 354 354 378 378 377 377 
401 401 424 424 424 0 0 0 0 
0 470 470 470 470 470 493 493 493 
516 516 0 0 0 0 0 0 0 
0 0 0 0 0 10 10 10 10 
33 33 57 57 0 0 80 79 79 
79 126 126 102 102 125 0 0 0 
0 172 172 195 195 195 195 195 194 
1672 1672 1672 1672 2615 2615 2615 2615 2615 
531 583 1655 583 565 565 565 589 589 
589 589 589 573 1562 332 332 332 332 
355 355 379 402 402 402 378 378 378 
378 401 401 401 424 424 0 0 0 
0 0 0 0 470 470 470 470 493 
493 516 516 0 0 0 0 0 0 
0 0 0 0 0 0 0 0 0 
10 0 0 57 57 0 0 80 80 
79 79 126 126 126 126 0 0 0 
0 0 0 172 172 0 195 195 195 
1672 1672 1672 1672 1672 2615 2615 2615 2615 
2615 531 531 583 532 565 565 589 589 
589 589 589 589 573 573 333 333 332 
332 355 355 379 379 379 402 402 402 
378 378 378 401 401 401 401 401 448 
0 0 0 0 0 494 494 494 517 
517 517 516 516 0 0 0 0 0 
0 0 0 0 11 11 0 34 34 
34 34 0 0 57 57 0 0 80 
80 0 103 103 103 126 126 126 0 
0 149 149 196 196 172 172 0 0 
0 1672 1672 1672 1672 1672 1672 2615 2615 
2615 2615 531 531 532 532 532 565 589 
589 589 589 589 0 1562 573 573 333 
333 356 356 356 356 379 379 379 402 
402 402 378 378 425 425 425 401 401 
448 448 0 0 471 471 471 494 494 
494 517 517 517 517 517 0 0 0 
0 0 0 0 0 11 11 11 11 
34 34 34 34 34 57 57 0 0 
80 80 127 0 103 103 103 0 126 
0 0 149 149 196 196 196 196 196 
0 0 1672 1672 1672 1672 1672 1672 591 
591 591 591 531 531 532 532 532 883 
883 589 589 589 589 0 887 573 573 
333 333 357 356 1408 356 356 379 379 
379 0 402 402 0 425 425 425 425 
425 448 448 0 0 471 471 471 471 
471 494 494 0 517 517 517 0 0 
0 0 0 0 0 0 0 0 11 
11 11 11 35 34 34 57 57 0 
0 80 80 127 127 127 103 103 103 
0 0 0 0 149 149 173 196 196 
196 827 0 0 1672 1672 1672 1672 591 
591 591 591 591 593 593 593 593 593 
883 883 883 589 589 0 0 585 887 
573 333 333 333 1408 1408 1408 3395 356 
356 0 0 0 0 0 0 0 0 
425 425 425 448 448 0 0 0 0 
471 471 494 494 494 0 0 0 0 
0 0 0 0 0 0 0 0 12 
0 0 11 35 35 0 58 58 57 
0 0 81 80 104 127 127 127 103 
150 150 150 150 0 149 149 173 173 
173 173 908 827 533 533 533 1672 591 
591 591 591 591 591 593 593 593 593 
593 883 883 883 883 883 0 585 887 
576 576 576 333 1408 1408 1408 3395 3395 
0 356 0 403 403 0 0 0 0 
0 0 0 0 448 448 448 0 0 
0 0 495 495 518 518 0 0 0 
0 0 0 0 0 0 0 0 12 
12 12 12 0 35 35 0 58 58 
58 0 0 81 81 104 104 104 127 
127 127 150 150 150 150 150 149 149 
173 173 173 173 908 827 533 533 533 
591 591 591 591 591 1948 593 593 593 
593 593 883 883 883 883 883 0 0 
576 576 576 576 1408 1408 1408 3395 3395 
3395 380 380 0 403 403 403 0 0 
0 0 0 0 449 0 448 472 472 
472 0 0 495 495 518 518 518 518 
0 0 0 0 0 0 0 0 0 
0 12 12 12 12 35 35 0 0 
58 58 0 0 81 81 81 104 104 
104 104 127 128 128 197 197 197 197 
149 535 535 2169 173 2169 908 533 533 
944 944 591 591 591 1948 1948 1948 593 
593 593 593 2743 883 883 883 2372 2372 
2372 2372 576 2887 2887 1408 1408 1408 3395 
3395 357 380 380 380 380 403 403 0 
0 426 426 426 449 449 449 449 472 
472 472 472 0 495 495 0 0 518 
518 518 0 0 0 0 0 0 0 
0 0 0 36 12 12 35 35 0 
0 0 58 58 0 0 81 81 151 
151 151 104 104 128 128 592 197 197 
197 197 535 535 535 2169 534 534 534 
944 944 944 944 944 944 1948 1948 1948 
1948 593 593 2743 2743 2743 2743 2372 2372 
2372 2372 2372 2887 2887 2887 2887 1408 1408 
3395 3395 357 357 380 380 380 380 403 
403 450 426 426 426 426 426 449 449 
449 449 472 472 472 495 495 0 0 
0 0 518 0 0 0 0 0 0 
0 0 0 13 36 36 36 35 35 
0 59 59 58 58 82 82 81 81 
105 151 151 151 104 128 592 592 592 
174 174 174 197 535 535 535 534 534 
534 944 944 944 944 944 944 1948 1948 
1948 1948 1948 2743 2743 2743 2743 2743 2372 
2372 2372 2372 2887 2887 2887 2887 2887 3395 
3395 3395 3395 357 357 357 334 334 380 
403 403 450 450 450 450 426 426 426 
449 449 473 473 496 496 495 495 519 
0 0 0 0 0 0 0 0 0 
0 0 0 13 13 13 13 36 36 
36 36 59 59 59 82 82 82 82 
82 105 105 151 151 151 592 592 592 
592 592 174 174 174 174 174 2964 2964 
534 534 944 944 944 944 944 944 1948 
1948 1948 1948 1948 1948 2743 2743 2743 2743 
2372 2372 2372 2372 2887 2887 2887 2887 2887 
3395 3395 3395 358 358 357 357 334 334 
334 334 334 427 427 427 450 450 450 
450 0 0 473 473 0 496 496 496 
519 519 519 519 0 0 0 0 0 
0 0 0 0 0 13 13 13 13 
37 37 36 36 59 59 0 0 82 
82 82 82 105 105 105 151 592 592 
592 592 592 592 3254 174 174 2964 2964 
2964 2964 880 944 944 944 944 944 944 
588 588 588 1948 1948 575 575 2743 2743 
2743 2372 2372 2372 2372 2887 2887 2887 590 
590 590 335 335 358 358 358 358 358 
358 334 334 334 427 427 427 427 427 
450 450 0 0 473 473 473 0 496 
496 496 519 519 519 519 0 0 0 
0 0 0 0 0 0 0 0 13 
13 37 37 60 36 59 59 59 0 
0 0 0 0 0 105 105 105 128 
592 592 592 592 198 3254 3254 2964 2964 
2964 2964 2964 880 880 944 944 944 944 
588 588 588 588 588 575 575 575 575 
0 2003 2003 2003 2003 2003 2003 2003 590 
590 590 590 590 335 335 335 335 358 
381 381 358 404 404 404 404 427 427 
427 0 0 0 0 0 473 473 520 
520 496 496 496 0 0 519 0 0 
0 0 0 0 0 0 0 0 0 
0 0 37 37 60 60 60 59 83 
83 0 0 0 0 0 0 105 129 
128 128 592 592 592 198 198 198 2964 
2964 2964 2964 2964 880 880 880 880 2392 
2392 588 588 588 588 588 588 575 859 
582 0 2003 2003 2003 2003 2003 2003 2003 
590 590 590 590 590 590 335 335 335 
335 381 381 405 428 404 404 404 404 
404 0 0 0 0 0 0 0 473 
497 497 520 520 520 520 0 0 0 
0 0 0 0 0 0 0 0 14 
14 0 0 37 37 60 60 60 60 
83 83 83 83 106 106 106 0 0 
129 129 128 175 175 175 175 198 198 
198 2964 2964 2964 2964 880 880 880 2392 
2392 2392 588 588 588 588 588 550 550 
582 859 337 2003 2003 2003 2003 2003 2003 
2003 590 590 590 590 590 590 577 577 
382 382 381 381 381 405 428 428 428 
404 404 0 0 0 474 474 474 474 
473 497 497 497 520 520 520 520 0 
0 0 0 0 0 0 0 0 0 
14 14 14 14 37 37 0 0 60 
60 60 0 83 83 83 106 106 106 
106 129 129 129 199 175 175 175 175 
198 198 198 3092 3092 3092 880 880 880 
2392 2392 2392 2392 588 588 588 550 550 
550 859 337 337 337 2003 2003 2003 2003 
2003 2014 2014 590 590 590 590 590 577 
577 382 382 382 381 381 405 405 428 
428 428 428 0 451 451 451 474 474 
474 474 474 497 497 497 0 0 0 
0 0 0 0 0 0 0 0 0 
0 0 14 14 14 14 37 61 0 
0 0 0 0 84 83 83 0 0 
106 106 106 129 129 152 199 199 199 
199 175 198 3092 3092 3092 3092 3092 880 
880 2392 2392 2392 2392 543 543 543 550 
550 564 564 854 337 337 337 2003 2003 
2003 2014 2014 2014 2014 590 590 590 590 
577 577 577 382 382 382 381 405 405 
405 429 428 428 475 475 451 451 451 
451 451 474 474 498 497 497 497 0 
0 0 0 0 0 0 0 0 0 
0 0 0 38 38 38 14 61 61 
61 61 0 0 0 84 84 0 0 
0 107 130 130 129 129 152 152 199 
199 199 199 175 3092 3092 3092 3092 3092 
3092 1464 1464 2392 2392 2392 543 543 543 
876 564 564 564 564 0 1842 337 337 
1842 1842 2014 2014 2014 2014 2014 2014 578 
578 578 359 359 359 382 382 406 406 
405 405 429 429 452 475 475 475 475 
451 451 451 0 0 498 498 521 521 
521 0 0 0 0 0 0 0 0 
0 0 0 15 38 38 38 38 38 
61 61 61 61 0 0 84 84 0 
0 108 107 107 130 130 130 130 130 
152 152 152 199 176 176 3092 3092 3092 
3092 1464 1464 1464 1464 2392 2385 2385 543 
543 557 876 564 564 854 0 1842 1842 
1842 1842 1842 2014 2014 2014 2014 2014 2014 
578 578 578 359 359 359 359 359 406 
406 0 405 429 429 452 452 452 475 
475 475 475 0 0 0 498 498 522 
521 521 521 521 0 0 0 0 0 
0 0 0 0 15 15 15 15 38 
38 38 0 61 61 0 0 84 84 
0 0 108 108 107 107 107 130 130 
130 130 152 152 152 176 176 176 3092 
3092 3263 1464 1464 1464 1464 2385 2385 2385 
2385 557 557 557 876 854 0 0 1842 
1842 1842 1842 1842 1842 2014 2014 2014 2014 
2014 578 336 336 383 383 383 359 359 
406 406 0 0 429 429 0 452 452 
452 452 452 475 0 0 0 498 498 
522 522 0 521 521 521 0 0 0 
0 0 0 0 0 39 15 15 15 
15 0 0 0 0 0 0 0 84 
84 0 0 108 108 131 131 107 107 
107 200 153 153 153 153 152 176 176 
176 3263 3263 3263 1464 1464 1464 2385 2385 
2385 2385 2385 557 557 557 0 2628 0 
1842 1842 1842 1842 1842 1842 571 571 571 
571 384 384 336 336 336 383 383 383 
383 406 406 0 0 429 429 0 0 
0 476 452 452 0 0 0 0 498 
498 522 522 0 0 0 0 0 0 
0 0 0 0 0 0 39 39 39 
15 15 0 0 0 85 85 85 85 
84 84 0 0 108 108 131 131 131 
107 107 200 200 200 153 153 153 153 
176 176 3263 3263 3263 3263 1464 1464 2385 
2385 2385 2385 2385 557 574 574 2628 3027 
0 1842 1842 1842 1842 1842 1842 571 571 
571 2698 384 384 384 336 336 336 383 
383 383 406 406 430 430 429 429 0 
0 0 476 476 476 476 0 0 0 
498 498 0 522 522 0 0 0 0 
0 0 0 0 0 0 0 16 39 
39 39 39 39 0 62 62 85 85 
85 85 85 0 0 108 108 0 131 
131 131 154 154 200 200 200 177 177 
153 153 176 3263 3263 3263 3263 3263 536 
2385 2385 2385 245 245 245 574 574 3027 
2628 0 0 0 291 291 291 314 314 
314 314 314 2698 384 384 384 336 336 
360 407 407 407 407 430 430 430 430 
430 0 453 453 476 476 476 476 0 
0 499 499 0 522 522 522 0 0 
0 0 0 0 0 0 0 0 16 
16 16 16 39 39 63 62 62 62 
62 62 85 85 0 0 108 108 0 
0 131 131 131 154 154 154 154 177 
177 200 200 200 3263 3263 3263 3263 536 
536 536 222 222 245 245 245 245 574 
574 3027 2822 2822 268 2822 291 291 291 
338 314 314 314 314 314 361 384 384 
360 360 360 407 407 407 407 407 430 
430 430 430 453 453 453 477 476 476 
0 0 499 499 499 499 522 0 0 
0 0 0 0 0 0 0 0 0 
40 16 16 16 16 16 63 63 86 
86 62 62 62 0 0 0 109 109 
0 0 0 0 0 0 154 154 154 
154 177 177 200 200 3263 3263 3263 3263 
536 536 536 222 222 222 222 245 245 
245 574 574 0 268 268 268 268 291 
291 291 338 338 338 338 338 361 361 
361 361 360 360 360 431 431 407 407 
0 0 0 0 0 453 453 477 477 
0 0 0 0 499 499 499 499 0 
0 0 0 0 0 0 0 0 0 
17 17 40 40 40 40 16 63 63 
63 86 86 86 62 0 0 0 109 
109 132 132 0 0 0 0 178 178 
178 154 177 177 177 3111 3111 3111 3111 
3111 3111 269 269 269 222 222 222 222 
594 594 594 594 594 594 268 268 268 
268 315 315 291 339 338 338 338 338 
361 361 361 361 360 360 360 431 431 
431 0 0 0 0 0 0 453 453 
477 477 0 0 0 523 523 523 499 
0 0 0 0 0 0 0 0 0 
0 17 17 17 17 40 40 40 40 
63 63 63 86 86 86 86 0 0 
109 109 132 132 132 132 132 155 155 
178 178 178 178 177 3111 3111 3111 3111 
3111 3111 3418 269 269 269 269 269 222 
594 594 594 594 594 594 594 292 292 
292 268 315 315 315 339 339 339 362 
362 385 385 385 361 408 408 408 360 
431 431 431 0 0 454 454 454 453 
453 477 477 0 0 500 500 500 523 
523 523 0 0 0 0 0 0 0 
0 0 0 0 17 17 17 17 40 
40 0 63 63 0 0 86 86 0 
0 109 109 0 0 132 132 132 155 
155 155 155 178 178 178 3111 3111 3111 
3111 3418 3418 3418 223 0 247 247 269 
269 594 594 594 594 594 594 594 292 
292 292 292 292 315 315 315 339 339 
362 362 362 385 385 385 385 408 408 
408 408 431 431 0 0 454 454 454 
454 454 477 477 477 0 500 500 500 
500 523 523 523 0 0 0 0 0 
0 0 0 0 0 0 0 17 0 
0 0 0 0 0 0 0 87 87 
0 0 109 109 0 0 0 0 0 
156 132 155 155 155 179 179 178 201 
3111 3418 3418 3418 223 223 0 0 247 
247 269 594 594 594 594 594 3160 3160 
3160 293 293 292 292 292 315 315 339 
339 339 362 362 362 362 385 385 432 
432 408 408 408 0 0 0 0 0 
0 454 454 454 477 0 0 0 524 
524 524 500 523 523 0 0 0 0 
0 0 0 0 0 0 41 41 0 
0 0 0 0 0 0 0 0 87 
87 0 110 110 109 0 0 0 0 
0 156 156 132 155 155 179 179 201 
201 201 3418 3418 3418 223 223 0 0 
247 247 247 270 594 594 594 3160 3160 
3160 3160 293 293 293 293 293 316 316 
315 339 339 0 0 362 362 409 409 
432 432 432 432 432 0 0 0 0 
0 0 478 478 0 0 0 0 0 
0 524 524 524 500 500 0 0 0 
0 0 0 0 0 0 41 41 41 
41 41 41 0 0 64 64 0 0 
87 87 0 110 110 110 133 133 133 
0 0 156 156 156 0 0 179 179 
201 201 201 3418 3418 3418 223 223 248 
248 0 247 247 270 270 270 3160 3160 
3160 3160 3160 317 317 293 293 293 316 
316 316 316 363 363 0 386 386 386 
409 409 409 432 432 432 0 0 0 
455 455 455 478 478 478 478 0 501 
501 501 0 524 524 524 0 0 0 
0 0 0 0 0 0 0 18 18 
18 41 41 41 0 0 64 64 64 
64 87 87 0 0 110 110 133 133 
133 133 133 133 156 156 0 0 179 
202 202 201 201 225 3418 3418 223 223 
248 248 248 248 248 247 270 270 270 
3160 3160 3160 246 317 317 317 317 317 
340 340 340 316 316 363 363 363 386 
386 386 409 409 409 433 433 0 0 
0 455 455 455 455 455 478 478 478 
501 501 501 501 501 524 524 0 0 
0 0 0 0 0 0 0 0 0 
18 18 18 18 0 0 0 0 64 
64 64 87 87 0 0 110 110 110 
134 157 133 133 133 156 156 156 0 
179 202 202 202 201 225 225 3418 224 
224 272 272 248 248 248 318 318 318 
270 3160 3160 3160 246 246 246 317 317 
317 340 340 340 340 316 316 363 363 
363 386 386 386 409 409 409 433 433 
0 0 0 456 456 455 455 455 0 
478 478 525 525 525 501 501 0 0 
0 0 0 0 0 0 0 0 0 
0 0 0 18 18 18 0 0 65 
88 88 64 64 87 111 111 0 110 
134 134 134 157 157 157 180 180 180 
180 179 179 202 202 202 225 225 225 
224 224 272 272 272 272 272 318 318 
318 271 270 270 270 319 246 246 246 
246 246 341 341 340 340 340 387 387 
387 363 363 386 386 386 0 0 433 
433 0 0 0 456 456 479 0 0 
0 0 502 502 525 525 525 501 0 
0 0 0 0 0 0 0 0 0 
0 19 19 0 42 42 42 18 65 
65 65 88 88 88 88 111 111 111 
111 111 134 134 134 157 157 157 157 
180 180 180 180 0 203 202 202 225 
225 224 224 249 249 272 272 272 272 
273 271 271 271 318 318 319 319 294 
294 246 246 341 341 364 364 364 364 
387 387 387 387 387 410 410 410 0 
0 433 433 0 0 456 456 479 479 
479 0 0 502 502 502 525 525 525 
0 0 0 0 0 0 0 0 0 
0 0 19 19 19 19 42 42 42 
42 65 65 65 65 88 88 88 0 
111 111 111 111 134 134 134 0 157 
157 157 0 180 180 180 0 203 203 
203 225 224 224 0 0 249 249 249 
272 273 273 271 271 318 318 319 319 
319 294 294 294 341 341 365 364 364 
364 364 364 387 387 387 410 410 410 
410 410 433 433 0 0 456 456 480 
479 479 479 479 479 502 502 502 502 
525 0 0 0 0 0 0 0 0 
0 0 0 20 20 19 19 19 42 
42 42 66 66 65 65 65 88 88 
0 0 0 135 135 111 134 158 158 
0 0 0 0 0 227 227 227 227 
203 203 203 224 224 0 0 0 249 
249 249 273 273 271 271 271 295 295 
319 319 294 294 294 341 341 365 365 
388 388 388 364 364 0 0 0 0 
410 410 410 457 457 433 0 456 456 
480 480 503 479 479 479 526 0 502 
502 0 0 0 0 0 0 0 0 
0 0 0 0 20 20 43 43 19 
19 0 42 66 66 89 89 89 112 
112 112 0 0 135 135 135 0 158 
158 158 0 0 0 0 204 227 227 
227 227 203 203 226 226 0 0 0 
0 249 249 273 273 296 271 271 295 
295 295 319 319 294 294 341 341 365 
365 365 388 388 388 388 0 0 0 
0 0 434 434 457 457 457 457 456 
456 480 480 480 503 503 503 526 526 
526 526 0 0 0 0 0 0 0 
0 0 0 0 0 20 20 43 43 
43 43 0 0 66 66 89 89 89 
89 112 112 112 112 136 135 135 135 
0 158 158 158 0 0 0 204 204 
204 204 227 227 203 226 226 0 0 
250 250 0 249 273 273 296 296 296 
296 295 295 295 319 0 342 342 342 
0 365 365 365 412 388 388 388 0 
0 411 0 434 434 434 434 457 457 
457 0 0 0 480 480 503 503 503 
526 526 526 526 0 0 0 0 0 
0 0 0 0 0 0 20 20 0 
0 43 43 43 43 66 66 90 0 
89 89 89 89 112 112 112 136 135 
135 135 0 158 158 0 0 181 181 
181 204 204 204 204 227 226 226 0 
0 250 250 250 0 273 273 0 296 
296 296 296 295 295 0 0 0 342 
342 342 0 365 365 412 412 412 388 
0 411 411 411 411 0 434 434 434 
457 457 0 0 0 0 0 480 503 
503 503 527 526 526 0 0 0 0 
0 0 0 0 0 0 0 20 20 
0 0 44 44 43 43 66 66 90 
90 0 0 0 0 113 113 112 136 
136 159 159 159 0 0 0 0 181 
181 181 181 181 204 204 228 226 226 
0 0 0 250 250 250 274 274 0 
0 0 0 296 296 0 0 0 0 
0 342 342 342 366 366 365 412 412 
412 412 0 411 411 411 411 0 0 
434 434 0 0 0 0 0 0 0 
504 480 503 527 527 0 0 0 0 
0 0 0 0 0 0 0 0 21 
21 0 0 44 44 67 67 67 66 
90 90 90 0 0 0 113 113 0 
136 136 136 159 159 159 159 0 205 
205 205 205 181 181 181 228 228 228 
226 251 251 0 0 250 250 274 274 
0 0 0 0 0 0 0 0 0 
343 343 0 342 342 366 366 389 389 
389 412 412 412 0 0 411 411 0 
0 458 458 458 0 0 0 0 0 
0 504 504 480 527 527 527 0 0 
0 0 0 0 0 0 0 0 0 
21 21 0 0 44 44 0 67 67 
67 67 90 90 90 0 0 113 113 
0 0 136 136 0 0 159 159 159 
182 182 182 205 205 205 205 205 228 
228 228 251 251 251 251 251 0 274 
274 297 297 297 297 0 320 320 320 
0 343 343 343 343 0 366 366 389 
389 389 389 389 0 0 0 0 435 
435 435 458 458 458 458 458 0 0 
0 0 504 504 504 504 527 527 527 
0 0 0 0 0 0 0 0 0 
0 0 21 21 0 44 44 0 0 
0 67 67 67 90 90 114 114 113 
113 0 0 136 136 0 0 0 0 
159 182 182 182 182 182 205 205 0 
0 228 228 228 228 251 251 251 251 
274 274 0 297 297 297 297 297 320 
320 320 320 344 343 343 343 366 366 
0 0 389 389 389 413 0 0 0 
0 435 435 435 435 0 458 458 458 
481 481 0 528 528 504 504 504 527 
527 0 0 0 0 0 0 0 0 
0 0 45 21 21 21 44 44 0 
0 0 0 67 67 0 0 114 114 
113 113 0 0 160 160 0 0 0 
0 0 0 0 0 182 182 182 0 
0 0 0 0 0 0 0 275 275 
275 274 274 0 0 298 298 297 297 
321 321 320 320 320 344 343 343 366 
366 0 0 390 390 413 413 413 0 
0 436 459 459 435 435 435 0 0 
0 482 481 481 528 528 528 528 504 
0 0 0 0 0 0 0 0 0 
0 0 45 45 45 21 21 44 68 
68 68 0 91 91 0 0 0 0 
114 114 113 0 0 160 160 160 160 
0 0 0 0 0 183 206 206 206 
0 0 229 0 0 0 0 0 0 
275 275 275 274 0 0 298 298 0 
0 321 321 0 320 344 344 0 367 
367 366 0 0 390 390 0 413 413 
0 436 436 436 459 459 459 459 0 
0 0 482 482 481 505 528 528 528 
528 0 0 0 0 0 0 0 0 
0 0 0 22 22 22 45 45 45 
45 68 68 68 68 91 91 91 91 
0 114 114 114 0 0 137 137 160 
160 160 0 0 0 183 183 183 206 
206 206 229 229 229 229 252 252 252 
252 0 275 275 275 0 0 298 298 
0 0 321 321 0 0 344 344 0 
367 367 367 0 0 390 390 0 413 
413 413 0 436 436 436 436 459 459 
459 0 0 482 482 481 481 505 505 
528 528 0 0 0 0 0 0 0 
0 0 0 0 22 22 22 22 22 
45 45 45 0 68 68 68 91 91 
91 91 115 114 114 0 0 137 137 
137 160 160 161 0 0 0 183 183 
0 206 206 206 229 229 229 229 252 
252 252 252 252 275 275 0 0 298 
298 0 0 321 321 0 0 344 344 
0 0 367 367 0 0 390 390 0 
0 413 413 0 0 0 436 436 436 
459 459 483 0 482 482 481 481 505 
505 505 505 0 0 0 0 0 0 
0 0 0 0 0 0 0 0 22 
22 22 0 0 0 0 0 0 68 
92 92 91 115 115 0 0 0 0 
137 137 137 161 161 184 184 207 183 
183 183 230 206 206 253 253 253 229 
229 0 0 252 252 0 0 0 0 
298 298 0 0 321 321 0 0 344 
344 0 0 367 367 367 0 390 390 
0 0 0 0 0 0 0 437 460 
460 460 483 483 483 482 482 529 481 
529 529 505 505 505 0 0 0 0 
0 0 0 0 0 0 0 46 46 
46 0 0 0 0 0 69 0 0 
0 92 92 0 115 115 0 0 0 
0 0 137 137 161 161 184 184 184 
207 183 183 230 230 230 230 253 253 
253 253 253 0 0 0 0 299 299 
299 298 298 322 322 321 321 345 345 
344 344 368 368 368 367 367 391 391 
390 0 414 414 0 0 0 437 437 
0 460 460 460 483 483 483 482 0 
529 529 529 529 529 505 0 0 0 
0 0 0 0 0 0 23 23 23 
46 46 46 46 46 0 69 69 69 
69 0 92 92 0 0 115 115 0 
138 138 138 0 0 161 161 0 184 
184 184 207 207 207 230 230 230 230 
230 253 253 253 0 0 0 276 276 
299 299 299 299 299 322 322 322 345 
345 345 345 345 368 368 368 368 391 
391 391 0 414 414 414 0 0 437 
437 0 0 460 460 460 483 483 483 
0 0 506 506 529 529 529 0 0 
0 0 0 0 0 0 0 23 23 
23 23 23 46 46 46 0 0 69 
69 69 69 92 92 0 0 115 115 
115 138 138 138 138 138 161 161 0 
0 184 184 184 207 207 207 207 230 
230 0 0 0 0 0 0 0 276 
276 276 276 299 299 299 0 322 322 
322 322 345 345 345 345 0 368 368 
368 391 391 391 391 414 414 414 0 
437 437 0 0 0 0 460 460 483 
0 0 0 506 506 506 506 0 0 
0 0 0 0 0 0 0 0 0 
0 0 23 23 23 0 0 0 0 
0 0 69 69 92 92 0 0 0 
115 0 0 0 138 138 138 161 161 
0 0 0 0 0 0 0 207 207 
0 0 0 0 0 0 0 0 0 
0 0 276 276 276 0 0 0 0 
0 322 322 0 0 0 0 0 0 
368 0 0 0 391 391 0 414 414 
414 437 437 0 0 0 0 0 0 
0 0 0 0 0 0 506 506 506 
0 0 0 0 0 0 0 0 0 
0 0 0 0 0 0 0 0 0 
0 0 0 0 0 0 0 0 0 
0 0 0 0 0 0 0 0 0 
0 0 0 0 0 0 0 0 0 
0 0 0 0 0 0 0 0 0 
0 0 0 0 276 276 0 0 0 
0 0 0 0 0 0 0 0 0 
0 0 0 0 0 0 0 0 0 
0 0 437 437 0 0 0 0 0 
0 0 0 0 0 0 0 0 506 
506 0 0 0 0 0 0 0 0 
0 0 0 0 0 0 0 0 0 
0 0 0 0 0 0 0 0 0 
0 0 0 0 0 0 0 0 0 
0 0 0 0 0 0 0 0 0 
0 0 0 0 0 0 0 0 0 
0 0 0 0 0 0 0 0 0 
0 0 0 0 0 0 0 0 0 
0 0 0 0 0 0 0 0 0 
0 0 0 0 0 0 0 0 0 
0 0 0 0 0 0 0 0 0 
0 0 0 0 0 0 0 0 0 
0 0 0 0 0 0 0 0 0 
0 0 0 0 0 0 0 0 0 
0 0 0 0 0 0 0 0 0 
0 0 0 0 0 0 0 0 0 
0 0 0 0 0 0 0 0 0 
0 0 0 0 0 0 0 0 0 
0 0 0 0 0 0 0 0 0 
0 0 0 0 0 0 0 0 0 
0 0 0 0 0 0 0 0 0 
0 0 0 0 0 0 0 0 0 
0 0 0 0 0 0 0 0 0 
0 0 0 0 0 0 0 0 0 
0 0 0 0 0 0 0 0 0 
0 0 0 0 0 0 0 0 0 
0 0 0 0 0 0 0 0 0 
0 0 0 0 0 0 0 0 0 
0 0 0 0 0 0 0 0 0 
0 0 0 0 0 0 0 0 0 
0 0 0 0 0 0 0 0 0 
0 0 0 0 0 0 0 0 0 
0 0 0 0 0 0 0 0 0 
0 0 0 0 0 0 0 0 0 
0 
DRUG 1 10000 double
9.9545059204 9.918967247 9.8894014359 9.8639249802 9.8415002823 9.8214883804 9.8034543991 9.7870807648 9.7721357346 
9.7584295273 9.7458190918 9.7341785431 9.7234106064 9.7134237289 9.7041492462 9.695523262 9.6874904633 9.6800022125 
9.6730136871 9.6664905548 9.6603937149 9.6546936035 9.6493654251 9.6443834305 9.6397247314 9.6353693008 9.6312999725 
9.6274986267 9.6239500046 9.6206417084 9.6175584793 9.614689827 9.6120252609 9.6095533371 9.6072683334 9.6051616669 
9.603225708 9.6014528275 9.5998373032 9.5983743668 9.5970611572 9.5958890915 9.5948581696 9.593960762 9.5931978226 
9.5925645828 9.5920629501 9.5916862488 9.5914354324 9.5913105011 9.5913105011 9.5914354324 9.5916862488 9.5920629501 
9.5925645828 9.5931978226 9.593960762 9.5948581696 9.5958890915 9.5970611572 9.5983743668 9.5998373032 9.6014528275 
9.603225708 9.6051616669 9.6072683334 9.6095533371 9.6120252609 9.614689827 9.6175584793 9.6206417084 9.6239500046 
9.6274986267 9.6312999725 9.6353693008 9.6397247314 9.6443834305 9.6493654251 9.6546936035 9.6603937149 9.6664905548 
9.6730136871 9.6800022125 9.6874904633 9.695523262 9.7041492462 9.7134237289 9.7234106064 9.7341785431 9.7458190918 
9.7584295273 9.7721357346 9.7870807648 9.8034543991 9.8214883804 9.8415002823 9.8639249802 9.8894014359 9.918967247 
9.9545059204 9.918967247 9.8518037796 9.7944955826 9.7445287704 9.7002830505 9.6606578827 9.6248655319 9.5923252106 
9.5625886917 9.5353002548 9.510175705 9.4869775772 9.4655056 9.4455909729 9.4270887375 9.4098777771 9.3938455582 
9.3788967133 9.3649463654 9.3519191742 9.3397455215 9.3283653259 9.3177232742 9.3077726364 9.2984685898 9.2897691727 
9.2816400528 9.2740459442 9.266957283 9.2603464127 9.2541866302 9.2484560013 9.2431316376 9.2381944656 9.2336292267 
9.2294187546 9.2255496979 9.2220067978 9.2187814713 9.2158584595 9.2132320404 9.21089077 9.2088279724 9.207036972 
9.2055130005 9.2042484283 9.2032423019 9.2024917603 9.2019910812 9.2017412186 9.2017412186 9.2019910812 9.2024917603 
9.2032423019 9.2042484283 9.2055130005 9.207036972 9.2088279724 9.21089077 9.2132320404 9.2158584595 9.2187814713 
9.2220067978 9.2255496979 9.2294187546 9.2336292267 9.2381944656 9.2431316376 9.2484560013 9.2541866302 9.2603464127 
9.266957283 9.2740459442 9.2816400528 9.2897691727 9.2984685898 9.3077726364 9.3177232742 9.3283653259 9.3397455215 
9.3519191742 9.3649463654 9.3788967133 9.3938455582 9.4098777771 9.4270887375 9.4455909729 9.4655056 9.4869775772 
9.510175705 9.5353002548 9.5625886917 9.5923252106 9.6248655319 9.6606578827 9.7002830505 9.7445287704 9.7944955826 
9.8518037796 9.918967247 9.8894014359 9.7944955826 9.7118463516 9.638917923 9.5738658905 9.5153331757 9.4623012543 
9.4139814377 9.3697538376 9.3291187286 9.2916727066 9.257068634 9.225022316 9.1952867508 9.1676511765 9.1419324875 
9.1179685593 9.095618248 9.0747556686 9.055270195 9.0370597839 9.0200328827 9.0041103363 8.9892187119 8.9752931595 
8.962272644 8.9501028061 8.9387331009 8.9281206131 8.9182195663 8.9089956284 8.9004135132 8.8924417496 8.8850498199 
8.8782138824 8.8719081879 8.8661117554 8.8608074188 8.8559751511 8.8515977859 8.847661972 8.8441553116 8.8410654068 
8.8383827209 8.8360996246 8.8342056274 8.8326997757 8.8315725327 8.8308238983 8.830450058 8.830450058 8.8308238983 
8.8315725327 8.8326997757 8.8342056274 8.8360996246 8.8383827209 8.8410654068 8.8441553116 8.847661972 8.8515977859 
8.8559751511 8.8608074188 8.8661117554 8.8719081879 8.8782138824 8.8850498199 8.8924417496 8.9004135132 8.9089956284 
8.9182195663 8.9281206131 8.9387331009 8.9501028061 8.962272644 8.9752931595 8.9892187119 9.0041103363 9.0200328827 
9.0370597839 9.055270195 9.0747556686 9.095618248 9.1179685593 9.1419324875 9.1676511765 9.1952867508 9.225022316 
9.257068634 9.2916727066 9.3291187286 9.3697538376 9.4139814377 9.4623012543 9.5153331757 9.5738658905 9.638917923 
9.7118463516 9.7944955826 9.8894014359 9.8639249802 9.7445287704 9.638917923 9.5447320938 9.4601068497 9.3835773468 
9.3139896393 9.250418663 9.19211483 9.138469696 9.0889692307 9.0431861877 9.000752449 8.9613542557 8.9247179031 
8.8906068802 8.8588104248 8.8291444778 8.801445961 8.7755670547 8.751376152 8.7287549973 8.7075986862 8.6878070831 
8.669295311 8.6519851685 8.63580513 8.6206874847 8.6065731049 8.5934066772 8.5811376572 8.5697221756 8.5591173172 
8.549284935 8.540189743 8.5318012238 8.5240907669 8.5170316696 8.5106010437 8.504776001 8.4995384216 8.4948711395 
8.4907588959 8.4871902466 8.4841508865 8.4816322327 8.4796257019 8.4781284332 8.4771308899 8.4766330719 8.4766330719 
8.4771308899 8.4781284332 8.4796257019 8.4816322327 8.4841508865 8.4871902466 8.4907588959 8.4948711395 8.4995384216 
8.504776001 8.5106010437 8.5170316696 8.5240907669 8.5318012238 8.540189743 8.549284935 8.5591173172 8.5697221756 
8.5811376572 8.5934066772 8.6065731049 8.6206874847 8.63580513 8.6519851685 8.669295311 8.6878070831 8.7075986862 
8.7287549973 8.751376152 8.7755670547 8.801445961 8.8291444778 8.8588104248 8.8906068802 8.9247179031 8.9613542557 
9.000752449 9.0431861877 9.0889692307 9.138469696 9.19211483 9.250418663 9.3139896393 9.3835773468 9.4601068497 
9.5447320938 9.638917923 9.7445287704 9.8639249802 9.8415002823 9.7002830505 9.5738658905 9.4601068497 9.3572101593 
9.2636928558 9.1783418655 9.100148201 9.0282773972 8.9620294571 8.9008159637 8.8441343307 8.7915506363 8.7426891327 
8.6972236633 8.6548681259 8.6153688431 8.5784988403 8.5440616608 8.5118751526 8.4817819595 8.4536314011 8.4272985458 
8.4026613235 8.3796129227 8.3580570221 8.3379049301 8.3190736771 8.3014907837 8.2850837708 8.2697963715 8.2555704117 
8.2423524857 8.2300987244 8.2187633514 8.2083072662 8.1986951828 8.1898946762 8.1818761826 8.1746139526 8.1680822372 
8.1622638702 8.1571378708 8.1526870728 8.1488962173 8.1457548141 8.1432552338 8.1413869858 8.1401433945 8.1395225525 
8.1395225525 8.1401433945 8.1413869858 8.1432552338 8.1457548141 8.1488962173 8.1526870728 8.1571378708 8.1622638702 
8.1680822372 8.1746139526 8.1818761826 8.1898946762 8.1986951828 8.2083072662 8.2187633514 8.2300987244 8.2423524857 
8.2555704117 8.2697963715 8.2850837708 8.3014907837 8.3190736771 8.3379049301 8.3580570221 8.3796129227 8.4026613235 
8.4272985458 8.4536314011 8.4817819595 8.5118751526 8.5440616608 8.5784988403 8.6153688431 8.6548681259 8.6972236633 
8.7426891327 8.7915506363 8.8441343307 8.9008159637 8.9620294571 9.0282773972 9.100148201 9.1783418655 9.2636928558 
9.3572101593 9.4601068497 9.5738658905 9.7002830505 9.8415002823 9.8214883804 9.6606578827 9.5153331757 9.3835773468 
9.2636938095 9.1542329788 9.0539608002 8.9618310928 8.8769569397 8.7985754013 8.7260398865 8.6587905884 8.5963363647 
8.5382509232 8.4841604233 8.4337358475 8.3866863251 8.3427476883 8.3016910553 8.263302803 8.227396965 8.1938018799 
8.1623659134 8.1329479218 8.10542202 8.0796718597 8.0555944443 8.0330915451 8.0120763779 7.9924669266 7.9741921425 
7.9571838379 7.9413809776 7.9267268181 7.9131712914 7.9006662369 7.8891706467 7.8786444664 7.8690538406 7.8603658676 
7.8525528908 7.8455910683 7.8394575119 7.8341321945 7.8295974731 7.8258399963 7.82284832 7.8206124306 7.8191261292 
7.8183836937 7.8183836937 7.8191261292 7.8206124306 7.82284832 7.8258399963 7.8295974731 7.8341321945 7.8394575119 
7.8455910683 7.8525528908 7.8603658676 7.8690538406 7.8786444664 7.8891706467 7.9006662369 7.9131712914 7.9267268181 
7.9413809776 7.9571838379 7.9741921425 7.9924669266 8.0120763779 8.0330915451 8.0555944443 8.0796718597 8.10542202 
8.1329479218 8.1623659134 8.1938018799 8.227396965 8.263302803 8.3016910553 8.3427476883 8.3866863251 8.4337358475 
8.4841604233 8.5382509232 8.5963363647 8.6587905884 8.7260398865 8.7985754013 8.8769569397 8.9618310928 9.0539608002 
9.1542329788 9.2636938095 9.3835773468 9.5153331757 9.6606578827 9.8214883804 9.8034543991 9.6248655319 9.4623012543 
9.3139896393 9.1783418655 9.0539608002 8.9396247864 8.8342752457 8.7369966507 8.6469888687 8.5635614395 8.4861049652 
8.4140911102 8.3470516205 8.284570694 8.2262811661 8.1718568802 8.1210050583 8.0734634399 8.0289945602 7.9873857498 
7.9484410286 7.9119882584 7.8778653145 7.8459305763 7.8160486221 7.7881011963 7.7619771957 7.7375760078 7.7148046494 
7.6935791969 7.6738228798 7.6554641724 7.6384391785 7.6226882935 7.6081566811 7.5947966576 7.5825638771 7.5714168549 
7.5613183975 7.5522370338 7.5441441536 7.5370135307 7.5308218002 7.5255503654 7.5211825371 7.5177030563 7.515103817 
7.5133752823 7.5125126839 7.5125126839 7.5133752823 7.515103817 7.5177030563 7.5211825371 7.5255503654 7.5308218002 
7.5370135307 7.5441441536 7.5522370338 7.5613183975 7.5714168549 7.5825638771 7.5947966576 7.6081566811 7.6226882935 
7.6384391785 7.6554641724 7.6738228798 7.6935791969 7.7148046494 7.7375760078 7.7619771957 7.7881011963 7.8160486221 
7.8459305763 7.8778653145 7.9119882584 7.9484410286 7.9873857498 8.0289945602 8.0734634399 8.1210050583 8.1718568802 
8.2262811661 8.284570694 8.3470516205 8.4140911102 8.4861049652 8.5635614395 8.6469888687 8.7369966507 8.8342752457 
8.9396247864 9.0539608002 9.1783418655 9.3139896393 9.4623012543 9.6248655319 9.8034543991 9.7870807648 9.5923252106 
9.4139814377 9.2504177094 9.100148201 8.9618310928 8.8342761993 8.7164306641 8.6073637009 8.5062551498 8.4123849869 
8.3251132965 8.2438774109 8.16817379 8.0975561142 8.031624794 7.9700241089 7.9124317169 7.8585591316 7.8081450462 
7.7609524727 7.7167663574 7.6753926277 7.6366524696 7.6003856659 7.5664420128 7.5346889496 7.505001545 7.4772658348 
7.451379776 7.4272465706 7.404779911 7.3839006424 7.3645353317 7.3466181755 7.3300862312 7.3148860931 7.3009667397 
7.2882819176 7.2767901421 7.2664556503 7.2572441101 7.2491278648 7.2420806885 7.2360796928 7.2311081886 7.2271475792 
7.224187851 7.2222213745 7.2212386131 7.2212386131 7.2222213745 7.224187851 7.2271475792 7.2311081886 7.2360796928 
7.2420806885 7.2491278648 7.2572441101 7.2664556503 7.2767901421 7.2882819176 7.3009667397 7.3148860931 7.3300862312 
7.3466181755 7.3645353317 7.3839006424 7.404779911 7.4272465706 7.451379776 7.4772658348 7.505001545 7.5346889496 
7.5664420128 7.6003856659 7.6366524696 7.6753926277 7.7167663574 7.7609524727 7.8081450462 7.8585591316 7.9124317169 
7.9700241089 8.031624794 8.0975561142 8.16817379 8.2438774109 8.3251132965 8.4123849869 8.5062551498 8.6073637009 
8.7164306641 8.8342761993 8.9618310928 9.100148201 9.2504177094 9.4139814377 9.5923252106 9.7870807648 9.7721357346 
9.5625886917 9.3697538376 9.1921157837 9.0282773972 8.876955986 8.736995697 8.6073637009 8.4871244431 8.375451088 
8.271604538 8.1749219894 8.0848169327 8.0007591248 7.9222774506 7.8489441872 7.7803778648 7.7162313461 7.6561951637 
7.599984169 7.5473408699 7.498032093 7.4518437386 7.4085826874 7.3680701256 7.3301434517 7.2946548462 7.26146698 
7.2304558754 7.2015061378 7.17451334 7.1493806839 7.1260194778 7.1043496132 7.084297657 7.0657949448 7.0487804413 
7.0331978798 7.0189967155 7.0061306953 6.9945588112 6.9842448235 6.9751553535 6.9672632217 6.9605431557 6.9549746513 
6.9505400658 6.9472255707 6.9450216293 6.9439210892 6.9439210892 6.9450216293 6.9472255707 6.9505400658 6.9549746513 
6.9605431557 6.9672632217 6.9751553535 6.9842448235 6.9945588112 7.0061306953 7.0189967155 7.0331978798 7.0487804413 
7.0657949448 7.084297657 7.1043496132 7.1260194778 7.1493806839 7.17451334 7.2015061378 7.2304558754 7.26146698 
7.2946548462 7.3301434517 7.3680701256 7.4085826874 7.4518437386 7.498032093 7.5473408699 7.599984169 7.6561951637 
7.7162313461 7.7803778648 7.8489441872 7.9222774506 8.0007591248 8.0848169327 8.1749219894 8.271604538 8.375451088 
8.4871244431 8.6073637009 8.736995697 8.876955986 9.0282773972 9.1921157837 9.3697538376 9.5625886917 9.7721357346 
9.7584295273 9.5353012085 9.3291196823 9.138469696 8.9620294571 8.7985754013 8.6469898224 8.5062551498 8.375451088 
8.2537460327 8.1403923035 8.0347137451 7.9361028671 7.8440127373 7.7579488754 7.677464962 7.6021561623 7.5316567421 
7.465634346 7.4037852287 7.3458342552 7.2915306091 7.2406439781 7.1929645538 7.1483006477 7.1064758301 7.0673289299 
7.0307106972 6.9964871407 6.9645314217 6.9347310066 6.9069781303 6.8811788559 6.8572444916 6.8350930214 6.8146514893 
6.7958512306 6.7786316872 6.7629375458 6.7487182617 6.7359280586 6.7245268822 6.7144799232 6.7057552338 6.698325634 
6.6921691895 6.6872663498 6.6836013794 6.6811652184 6.6799488068 6.6799488068 6.6811652184 6.6836013794 6.6872663498 
6.6921691895 6.698325634 6.7057552338 6.7144799232 6.7245268822 6.7359280586 6.7487182617 6.7629375458 6.7786316872 
6.7958512306 6.8146514893 6.8350930214 6.8572444916 6.8811788559 6.9069781303 6.9347310066 6.9645314217 6.9964871407 
7.0307106972 7.0673289299 7.1064758301 7.1483006477 7.1929645538 7.2406439781 7.2915306091 7.3458342552 7.4037852287 
7.465634346 7.5316567421 7.6021561623 7.677464962 7.7579488754 7.8440127373 7.9361028671 8.0347137451 8.1403923035 
8.2537460327 8.375451088 8.5062551498 8.6469898224 8.7985754013 8.9620294571 9.138469696 9.3291196823 9.5353012085 
9.7584295273 9.7458181381 9.5101766586 9.2916727066 9.088971138 8.9008169174 8.7260408401 8.5635604858 8.4123849869 
8.271604538 8.1403923035 8.017996788 7.9037351608 7.7969880104 7.6971936226 7.6038408279 7.5164661407 7.434648037 
7.3580026627 7.2861804962 7.2188615799 7.1557536125 7.0965914726 7.0411286354 6.9891428947 6.940428257 6.8947958946 
6.8520722389 6.8120994568 6.7747311592 6.7398314476 6.7072792053 6.6769595146 6.648768425 6.622610569 6.5983986855 
6.5760521889 6.5554990768 6.5366706848 6.5195088387 6.5039587021 6.4899706841 6.4775009155 6.4665112495 6.4569678307 
6.4488406181 6.4421052933 6.4367418289 6.4327335358 6.4300675392 6.4287362099 6.4287362099 6.4300675392 6.4327335358 
6.4367418289 6.4421052933 6.4488406181 6.4569678307 6.4665112495 6.4775009155 6.4899706841 6.5039587021 6.5195088387 
6.5366706848 6.5554990768 6.5760521889 6.5983986855 6.622610569 6.648768425 6.6769595146 6.7072792053 6.7398314476 
6.7747311592 6.8120994568 6.8520722389 6.8947958946 6.940428257 6.9891428947 7.0411286354 7.0965914726 7.1557536125 
7.2188615799 7.2861804962 7.3580026627 7.434648037 7.5164661407 7.6038408279 7.6971936226 7.7969880104 7.9037351608 
8.017996788 8.1403923035 8.271604538 8.4123849869 8.5635604858 8.7260408401 8.9008169174 9.088971138 9.2916727066 
9.5101766586 9.7458181381 9.7341785431 9.4869775772 9.2570695877 9.0431861877 8.8441352844 8.6587896347 8.4861059189 
8.3251132965 8.1749229431 8.0347137451 7.9037342072 7.7813010216 7.6667861938 7.5596170425 7.4592719078 7.365272522 
7.2771840096 7.1946082115 7.1171793938 7.044564724 6.9764580727 6.9125790596 6.8526697159 6.7964935303 6.7438335419 
6.6944904327 6.6482791901 6.6050305367 6.5645899773 6.5268144608 6.4915699959 6.4587373734 6.4282045364 6.399869442 
6.3736376762 6.349424839 6.3271508217 6.306746006 6.2881441116 6.2712864876 6.2561230659 6.2426042557 6.2306880951 
6.2203402519 6.2115273476 6.2042241096 6.19840765 6.1940603256 6.1911697388 6.1897258759 6.1897258759 6.1911697388 
6.1940603256 6.19840765 6.2042241096 6.2115273476 6.2203402519 6.2306880951 6.2426042557 6.2561230659 6.2712864876 
6.2881441116 6.306746006 6.3271508217 6.349424839 6.3736376762 6.399869442 6.4282045364 6.4587373734 6.4915699959 
6.5268144608 6.5645899773 6.6050305367 6.6482791901 6.6944904327 6.7438335419 6.7964935303 6.8526697159 6.9125790596 
6.9764580727 7.044564724 7.1171793938 7.1946082115 7.2771840096 7.365272522 7.4592719078 7.5596170425 7.6667861938 
7.7813010216 7.9037342072 8.0347137451 8.1749229431 8.3251132965 8.4861059189 8.6587896347 8.8441352844 9.0431861877 
9.2570695877 9.4869775772 9.7341785431 9.7234096527 9.4655056 9.225022316 9.0007534027 8.7915506363 8.5963354111 
8.4140920639 8.2438764572 8.0848169327 7.9361028671 7.7969875336 7.6667861938 7.5448675156 7.4306535721 7.32361269 
7.2232575417 7.129140377 7.0408525467 6.9580154419 6.8802852631 6.8073420525 6.7388944626 6.6746716499 6.6144280434 
6.5579338074 6.5049800873 6.4553728104 6.4089336395 6.3654975891 6.3249135017 6.2870416641 6.2517542839 6.2189326286 
6.1884679794 6.1602611542 6.1342206001 6.1102628708 6.0883126259 6.0683002472 6.0501637459 6.0338459015 6.0192980766 
6.0064754486 5.9953374863 5.9858531952 5.9779920578 5.9717311859 5.9670519829 5.9639396667 5.9623861313 5.9623861313 
5.9639396667 5.9670519829 5.9717311859 5.9779920578 5.9858531952 5.9953374863 6.0064754486 6.0192980766 6.0338459015 
6.0501637459 6.0683002472 6.0883126259 6.1102628708 6.1342206001 6.1602611542 6.1884679794 6.2189326286 6.2517542839 
6.2870416641 6.3249135017 6.3654975891 6.4089336395 6.4553728104 6.5049800873 6.5579338074 6.6144280434 6.6746716499 
6.7388944626 6.8073420525 6.8802852631 6.9580154419 7.0408525467 7.129140377 7.2232575417 7.32361269 7.4306535721 
7.5448675156 7.6667861938 7.7969875336 7.9361028671 8.0848169327 8.2438764572 8.4140920639 8.5963354111 8.7915506363 
9.0007534027 9.225022316 9.4655056 9.7234096527 9.7134237289 9.4455900192 9.1952877045 8.9613552094 8.7426900864 
8.5382499695 8.3470516205 8.16817379 8.0007591248 7.8440132141 7.6971931458 7.5596170425 7.4306530952 7.3097200394 
7.1962790489 7.0898356438 6.9899344444 6.8961558342 6.8081121445 6.7254481316 6.6478347778 6.5749692917 6.5065722466 
6.4423861504 6.3821735382 6.3257136345 6.2728061676 6.2232632637 6.1769108772 6.1335930824 6.0931601524 6.0554785728 
6.0204238892 5.9878811836 5.9577445984 5.9299182892 5.9043154716 5.880853653 5.8594617844 5.8400726318 5.8226270676 
5.8070721626 5.7933607101 5.7814507484 5.7713074684 5.7629003525 5.7562046051 5.7511997223 5.7478709221 5.7462091446 
5.7462091446 5.7478709221 5.7511997223 5.7562046051 5.7629003525 5.7713074684 5.7814507484 5.7933607101 5.8070721626 
5.8226270676 5.8400726318 5.8594617844 5.880853653 5.9043154716 5.9299182892 5.9577445984 5.9878811836 6.0204238892 
6.0554785728 6.0931601524 6.1335930824 6.1769108772 6.2232632637 6.2728061676 6.3257136345 6.3821735382 6.4423861504 
6.5065722466 6.5749692917 6.6478347778 6.7254481316 6.8081121445 6.8961558342 6.9899344444 7.0898356438 7.1962790489 
7.3097200394 7.4306530952 7.5596170425 7.6971931458 7.8440132141 8.0007591248 8.16817379 8.3470516205 8.5382499695 
8.7426900864 8.9613552094 9.1952877045 9.4455900192 9.7134237289 9.7041492462 9.4270887375 9.1676521301 8.9247188568 
8.697224617 8.4841604233 8.284570694 8.0975561142 7.9222774506 7.7579493523 7.6038403511 7.459271431 7.32361269 
7.1962790489 7.0767292976 6.9644656181 6.8590230942 6.7599754333 6.6669278145 6.5795149803 6.497399807 6.4202713966 
6.347840786 6.279841423 6.2160272598 6.1561703682 6.1000609398 6.0475039482 5.998319149 5.9523415565 5.9094176292 
5.8694057465 5.832174778 5.797606945 5.7655887604 5.7360219955 5.7088127136 5.6838760376 5.661137104 5.6405243874 
5.6219763756 5.6054372787 5.590857029 5.5781917572 5.567404747 5.5584640503 5.5513420105 5.5460190773 5.5424790382 
5.5407114029 5.5407114029 5.5424790382 5.5460190773 5.5513420105 5.5584640503 5.567404747 5.5781917572 5.590857029 
5.6054372787 5.6219763756 5.6405243874 5.661137104 5.6838760376 5.7088127136 5.7360219955 5.7655887604 5.797606945 
5.832174778 5.8694057465 5.9094176292 5.9523415565 5.998319149 6.0475039482 6.1000609398 6.1561703682 6.2160272598 
6.279841423 6.347840786 6.4202713966 6.497399807 6.5795149803 6.6669278145 6.7599754333 6.8590230942 6.9644656181 
7.0767292976 7.1962790489 7.32361269 7.459271431 7.6038403511 7.7579493523 7.9222774506 8.0975561142 8.284570694 
8.4841604233 8.697224617 8.9247188568 9.1676521301 9.4270887375 9.7041492462 9.695523262 9.4098777771 9.1419324875 
8.8906078339 8.6548681259 8.4337358475 8.2262811661 8.0316257477 7.8489441872 7.6774654388 7.5164661407 7.3652729988 
7.2232575417 7.0898351669 6.9644651413 6.8466424942 6.7358999252 6.6318044662 6.533955574 6.4419803619 6.3555340767 
6.2742977142 6.1979761124 6.1262946129 6.0589990616 5.9958543777 5.9366445541 5.881166935 5.8292346001 5.7806763649 
5.7353320122 5.6930546761 5.6537084579 5.6171689034 5.583319664 5.5520572662 5.5232834816 5.4969105721 5.4728574753 
5.451051712 5.4314289093 5.4139289856 5.3985009193 5.3850984573 5.3736829758 5.3642206192 5.3566832542 5.3510494232 
5.34730196 5.3454318047 5.3454318047 5.34730196 5.3510494232 5.3566832542 5.3642206192 5.3736829758 5.3850984573 
5.3985009193 5.4139289856 5.4314289093 5.451051712 5.4728574753 5.4969105721 5.5232834816 5.5520572662 5.583319664 
5.6171689034 5.6537084579 5.6930546761 5.7353320122 5.7806763649 5.8292346001 5.881166935 5.9366445541 5.9958543777 
6.0589990616 6.1262946129 6.1979761124 6.2742977142 6.3555340767 6.4419803619 6.533955574 6.6318044662 6.7358999252 
6.8466424942 6.9644651413 7.0898351669 7.2232575417 7.3652729988 7.5164661407 7.6774654388 7.8489441872 8.0316257477 
8.2262811661 8.4337358475 8.6548681259 8.8906078339 9.1419324875 9.4098777771 9.695523262 9.6874904633 9.3938455582 
9.1179685593 8.8588113785 8.6153678894 8.3866863251 8.1718578339 7.9700245857 7.7803778648 7.6021566391 7.4346485138 
7.2771844864 7.1291408539 6.9899344444 6.8590230942 6.7359004021 6.6200957298 6.5111718178 6.4087219238 6.3123693466 
6.2217621803 6.1365756989 6.0565071106 5.9812750816 5.9106202126 5.8443002701 5.7820925713 5.7237882614 5.669195652 
5.6181364059 5.5704445839 5.5259699821 5.4845695496 5.4461154938 5.410487175 5.3775758743 5.3472800255 5.3195080757 
5.2941761017 5.2712101936 5.2505393028 5.2321043015 5.2158498764 5.2017292976 5.1897015572 5.1797299385 5.1717877388 
5.1658506393 5.1619024277 5.159930706 5.159930706 5.1619024277 5.1658506393 5.1717877388 5.1797299385 5.1897015572 
5.2017292976 5.2158498764 5.2321043015 5.2505393028 5.2712101936 5.2941761017 5.3195080757 5.3472800255 5.3775758743 
5.410487175 5.4461154938 5.4845695496 5.5259699821 5.5704445839 5.6181364059 5.669195652 5.7237882614 5.7820925713 
5.8443002701 5.9106202126 5.9812750816 6.0565071106 6.1365756989 6.2217621803 6.3123693466 6.4087219238 6.5111718178 
6.6200957298 6.7359004021 6.8590230942 6.9899344444 7.1291408539 7.2771844864 7.4346485138 7.6021566391 7.7803778648 
7.9700245857 8.1718578339 8.3866863251 8.6153678894 8.8588113785 9.1179685593 9.3938455582 9.6874904633 9.6800022125 
9.3788967133 9.095618248 8.8291444778 8.578499794 8.342748642 8.121006012 7.9124321938 7.7162322998 7.5316572189 
7.3580031395 7.1946086884 7.0408525467 6.8961558342 6.7599759102 6.6318049431 6.5111718178 6.3976349831 6.2907848358 
6.1902384758 6.0956397057 6.0066590309 5.9229879379 5.8443393707 5.770447731 5.7010660172 5.6359648705 5.5749297142 
5.5177650452 5.4642858505 5.4143228531 5.3677182198 5.3243279457 5.2840175629 5.2466626167 5.2121500969 5.1803760529 
5.151245594 5.124671936 5.1005759239 5.0788869858 5.0595421791 5.0424842834 5.0276646614 5.0150403976 5.0045742989 
4.9962377548 4.9900054932 4.9858608246 4.9837913513 4.9837913513 4.9858608246 4.9900054932 4.9962377548 5.0045742989 
5.0150403976 5.0276646614 5.0424842834 5.0595421791 5.0788869858 5.1005759239 5.124671936 5.151245594 5.1803760529 
5.2121500969 5.2466626167 5.2840175629 5.3243279457 5.3677182198 5.4143228531 5.4642858505 5.5177650452 5.5749297142 
5.6359648705 5.7010660172 5.770447731 5.8443393707 5.9229879379 6.0066590309 6.0956397057 6.1902384758 6.2907848358 
6.3976349831 6.5111718178 6.6318049431 6.7599759102 6.8961558342 7.0408525467 7.1946086884 7.3580031395 7.5316572189 
7.7162322998 7.9124321938 8.121006012 8.342748642 8.578499794 8.8291444778 9.095618248 9.3788967133 9.6800022125 
9.6730136871 9.3649463654 9.0747566223 8.8014469147 8.5440616608 8.3016910553 8.0734634399 7.8585591316 7.6561956406 
7.4656352997 7.2861814499 7.1171798706 6.9580159187 6.8081126213 6.6669282913 6.5339560509 6.4087219238 6.2907848358 
6.1797299385 6.0751719475 5.9767503738 5.8841319084 5.7970013618 5.715069294 5.6380643845 5.5657348633 5.497844696 
5.4341773987 5.3745288849 5.3187127113 5.2665538788 5.2178907394 5.1725730896 5.1304650307 5.0914373398 5.0553741455 
5.0221676826 4.9917192459 4.9639391899 4.9387478828 4.9160704613 4.8958425522 4.8780035973 4.8625049591 4.8493008614 
4.8383545876 4.8296341896 4.8231158257 4.8187804222 4.8166151047 4.8166151047 4.8187804222 4.8231158257 4.8296341896 
4.8383545876 4.8493008614 4.8625049591 4.8780035973 4.8958425522 4.9160704613 4.9387478828 4.9639391899 4.9917192459 
5.0221676826 5.0553741455 5.0914373398 5.1304650307 5.1725730896 5.2178907394 5.2665538788 5.3187127113 5.3745288849 
5.4341773987 5.497844696 5.5657348633 5.6380643845 5.715069294 5.7970013618 5.8841319084 5.9767503738 6.0751719475 
6.1797299385 6.2907848358 6.4087219238 6.5339560509 6.6669282913 6.8081126213 6.9580159187 7.1171798706 7.2861814499 
7.4656352997 7.6561956406 7.8585591316 8.0734634399 8.3016910553 8.5440616608 8.8014469147 9.0747566223 9.3649463654 
9.6730136871 9.6664896011 9.3519191742 9.055270195 8.7755670547 8.5118761063 8.263302803 8.0289955139 7.8081450462 
7.5999851227 7.4037861824 7.2188620567 7.0445656776 6.8802857399 6.7254486084 6.5795154572 6.4419808388 6.3123698235 
6.1902384758 6.0751719475 5.9667811394 5.8647046089 5.7686009407 5.6781554222 5.5930733681 5.5130777359 5.4379134178 
5.3673400879 5.3011374474 5.2390961647 5.1810264587 5.1267485619 5.0760970116 5.0289187431 4.9850726128 4.9444274902 
4.9068632126 4.8722696304 4.8405451775 4.8115973473 4.7853441238 4.7617087364 4.7406234741 4.7220282555 4.7058706284 
4.6921048164 4.6806917191 4.671599865 4.6648025513 4.660282135 4.6580247879 4.6580247879 4.660282135 4.6648025513 
4.671599865 4.6806917191 4.6921048164 4.7058706284 4.7220282555 4.7406234741 4.7617087364 4.7853441238 4.8115973473 
4.8405451775 4.8722696304 4.9068632126 4.9444274902 4.9850726128 5.0289187431 5.0760970116 5.1267485619 5.1810264587 
5.2390961647 5.3011374474 5.3673400879 5.4379134178 5.5130777359 5.5930733681 5.6781554222 5.7686009407 5.8647046089 
5.9667811394 6.0751719475 6.1902384758 6.3123698235 6.4419808388 6.5795154572 6.7254486084 6.8802857399 7.0445656776 
7.2188620567 7.4037861824 7.5999851227 7.8081450462 8.0289955139 8.263302803 8.5118761063 8.7755670547 9.055270195 
9.3519191742 9.6664896011 9.6603937149 9.3397455215 9.0370597839 8.7513771057 8.4817829132 8.227396965 7.9873857498 
7.7609529495 7.5473413467 7.3458352089 7.1557545662 6.9764590263 6.8073430061 6.6478357315 6.4974007607 6.3555345535 
6.2217626572 6.0956401825 5.9767503738 5.8647041321 5.7591347694 5.6596999168 5.5660815239 5.4779806137 5.3951172829 
5.3172316551 5.2440814972 5.1754403114 5.1110973358 5.0508575439 4.9945378304 4.9419693947 4.8929958344 4.8474721909 
4.8052654266 4.7662520409 4.7303175926 4.6973595619 4.6672830582 4.6400017738 4.6154389381 4.593524456 4.5741963387 
4.5574011803 4.5430908203 4.5312261581 4.5217733383 4.5147066116 4.5100064278 4.5076594353 4.5076594353 4.5100064278 
4.5147066116 4.5217733383 4.5312261581 4.5430908203 4.5574011803 4.5741963387 4.593524456 4.6154389381 4.6400017738 
4.6672830582 4.6973595619 4.7303175926 4.7662520409 4.8052654266 4.8474721909 4.8929958344 4.9419693947 4.9945378304 
5.0508575439 5.1110973358 5.1754403114 5.2440814972 5.3172316551 5.3951172829 5.4779806137 5.5660815239 5.6596999168 
5.7591347694 5.8647041321 5.9767503738 6.0956401825 6.2217626572 6.3555345535 6.4974007607 6.6478357315 6.8073430061 
6.9764590263 7.1557545662 7.3458352089 7.5473413467 7.7609529495 7.9873857498 8.227396965 8.4817829132 8.7513771057 
9.0370597839 9.3397455215 9.6603937149 9.6546936035 9.3283653259 9.0200328827 8.7287549973 8.4536323547 8.1938028336 
7.9484419823 7.7167668343 7.4980325699 7.291531086 7.0965919495 6.9125795364 6.7388949394 6.5749697685 6.4202723503 
6.2742986679 6.1365761757 6.0066590309 5.8841314316 5.7686009407 5.6597008705 5.5570855141 5.46043396 5.3694438934 
5.2838344574 5.2033410072 5.1277184486 5.0567369461 4.9901823997 4.9278564453 4.8695726395 4.8151593208 4.7644572258 
4.717318058 4.6736049652 4.6331934929 4.5959658623 4.5618162155 4.530649662 4.5023760796 4.4769172668 4.4542016983 
4.4341659546 4.4167532921 4.4019165039 4.3896155357 4.3798141479 4.3724865913 4.3676128387 4.3651790619 4.3651790619 
4.3676128387 4.3724865913 4.3798141479 4.3896155357 4.4019165039 4.4167532921 4.4341659546 4.4542016983 4.4769172668 
4.5023760796 4.530649662 4.5618162155 4.5959658623 4.6331934929 4.6736049652 4.717318058 4.7644572258 4.8151593208 
4.8695726395 4.9278564453 4.9901823997 5.0567369461 5.1277184486 5.2033410072 5.2838344574 5.3694438934 5.46043396 
5.5570855141 5.6597008705 5.7686009407 5.8841314316 6.0066590309 6.1365761757 6.2742986679 6.4202723503 6.5749697685 
6.7388949394 6.9125795364 7.0965919495 7.291531086 7.4980325699 7.7167668343 7.9484419823 8.1938028336 8.4536323547 
8.7287549973 9.0200328827 9.3283653259 9.6546936035 9.6493654251 9.3177232742 9.0041103363 8.7075986862 8.4272994995 
8.1623668671 7.9119882584 7.6753921509 7.4518442154 7.240644455 7.0411291122 6.8526701927 6.6746721268 6.5065732002 
6.3478417397 6.197977066 6.0565071106 5.9229874611 5.7970013618 5.678155899 5.5660820007 5.4604334831 5.3608870506 
5.2671384811 5.178902626 5.095913887 5.0179233551 4.9446988106 4.8760232925 4.811694622 4.7515249252 4.695338726 
4.6429743767 4.5942807198 4.5491185188 4.5073595047 4.4688863754 4.4335899353 4.4013719559 4.3721423149 4.3458189964 
4.3223304749 4.301609993 4.2836031914 4.2682585716 4.2555351257 4.2453970909 4.2378177643 4.232776165 4.2302589417 
4.2302589417 4.232776165 4.2378177643 4.2453970909 4.2555351257 4.2682585716 4.2836031914 4.301609993 4.3223304749 
4.3458189964 4.3721423149 4.4013719559 4.4335899353 4.4688863754 4.5073595047 4.5491185188 4.5942807198 4.6429743767 
4.695338726 4.7515249252 4.811694622 4.8760232925 4.9446988106 5.0179233551 5.095913887 5.178902626 5.2671384811 
5.3608870506 5.4604334831 5.5660820007 5.678155899 5.7970013618 5.9229874611 6.0565071106 6.197977066 6.3478417397 
6.5065732002 6.6746721268 6.8526701927 7.0411291122 7.240644455 7.4518442154 7.6753921509 7.9119882584 8.1623668671 
8.4272994995 8.7075986862 9.0041103363 9.3177232742 9.6493654251 9.6443824768 9.3077726364 8.9892187119 8.6878080368 
8.4026622772 8.1329488754 7.8778657913 7.6366529465 7.4085826874 7.1929650307 6.9891433716 6.7964940071 6.6144285202 
6.442387104 6.279841423 6.1262950897 5.9812750816 5.8443388939 5.715069294 5.5930733681 5.4779806137 5.3694438934 
5.2671380043 5.1707572937 5.0800147057 4.9946408272 4.9143862724 4.839015007 4.7683086395 4.7020606995 4.6400828362 
4.5821962357 4.5282359123 4.4780497551 4.4314951897 4.3884425163 4.3487706184 4.3123707771 4.2791409492 4.2489905357 
4.2218351364 4.1976017952 4.176223278 4.1576423645 4.1418085098 4.1286783218 4.1182160378 4.110394001 4.1051907539 
4.1025919914 4.1025919914 4.1051907539 4.110394001 4.1182160378 4.1286783218 4.1418085098 4.1576423645 4.176223278 
4.1976017952 4.2218351364 4.2489905357 4.2791409492 4.3123707771 4.3487706184 4.3884425163 4.4314951897 4.4780497551 
4.5282359123 4.5821962357 4.6400828362 4.7020606995 4.7683086395 4.839015007 4.9143862724 4.9946408272 5.0800147057 
5.1707572937 5.2671380043 5.3694438934 5.4779806137 5.5930733681 5.715069294 5.8443388939 5.9812750816 6.1262950897 
6.279841423 6.442387104 6.6144285202 6.7964940071 6.9891433716 7.1929650307 7.4085826874 7.6366529465 7.8778657913 
8.1329488754 8.4026622772 8.6878080368 8.9892187119 9.3077726364 9.6443824768 9.6397247314 9.2984685898 8.9752931595 
8.669295311 8.3796138763 8.10542202 7.8459305763 7.6003851891 7.3680706024 7.1483011246 6.940428257 6.7438340187 
6.5579342842 6.382174015 6.2160272598 6.0589990616 5.9106202126 5.770447731 5.6380643845 5.5130772591 5.395116806 
5.2838344574 5.1789021492 5.0800142288 4.9868812561 4.8992333412 4.81681633 4.7393946648 4.6667456627 4.5986633301 
4.5349535942 4.475438118 4.4199490547 4.3683314323 4.320441246 4.2761464119 4.2353253365 4.1978654861 4.163664341 
4.132627964 4.1046733856 4.079723835 4.0577125549 4.0385799408 4.022274971 4.0087532997 3.9979786873 3.9899227619 
3.9845645428 3.9818887711 3.9818887711 3.9845645428 3.9899227619 3.9979786873 4.0087532997 4.022274971 4.0385799408 
4.0577125549 4.079723835 4.1046733856 4.132627964 4.163664341 4.1978654861 4.2353253365 4.2761464119 4.320441246 
4.3683314323 4.4199490547 4.475438118 4.5349535942 4.5986633301 4.6667456627 4.7393946648 4.81681633 4.8992333412 
4.9868812561 5.0800142288 5.1789021492 5.2838344574 5.395116806 5.5130772591 5.6380643845 5.770447731 5.9106202126 
6.0589990616 6.2160272598 6.382174015 6.5579342842 6.7438340187 6.940428257 7.1483011246 7.3680706024 7.6003851891 
7.8459305763 8.10542202 8.3796138763 8.669295311 8.9752931595 9.2984685898 9.6397247314 9.6353683472 9.2897691727 
8.962272644 8.6519861221 8.3580579758 8.0796728134 7.8160495758 7.5664429665 7.3301439285 7.1064763069 6.8947963715 
6.6944909096 6.5049805641 6.3257141113 6.1561703682 5.9958548546 5.8443002701 5.7010660172 5.5657343864 5.437912941 
5.3172311783 5.2033410072 5.095913887 4.994641304 4.8992333412 4.8094177246 4.7249407768 4.6455626488 4.5710601807 
4.5012245178 4.4358611107 4.3747882843 4.3178362846 4.2648487091 4.2156801224 4.1701960564 4.1282730103 4.08979702 
4.0546646118 4.0227794647 3.9940571785 3.9684205055 3.9458012581 3.9261393547 3.909381628 3.8954842091 3.8844099045 
3.8761301041 3.8706221581 3.8678715229 3.8678715229 3.8706221581 3.8761301041 3.8844099045 3.8954842091 3.909381628 
3.9261393547 3.9458012581 3.9684205055 3.9940571785 4.0227794647 4.0546646118 4.08979702 4.1282730103 4.1701960564 
4.2156801224 4.2648487091 4.3178362846 4.3747882843 4.4358611107 4.5012245178 4.5710601807 4.6455626488 4.7249407768 
4.8094177246 4.8992333412 4.994641304 5.095913887 5.2033410072 5.3172311783 5.437912941 5.5657343864 5.7010660172 
5.8443002701 5.9958548546 6.1561703682 6.3257141113 6.5049805641 6.6944909096 6.8947963715 7.1064763069 7.3301439285 
7.5664429665 7.8160495758 8.0796728134 8.3580579758 8.6519861221 8.962272644 9.2897691727 9.6353683472 9.6312990189 
9.2816410065 8.9501028061 8.63580513 8.3379058838 8.0555944443 7.7881016731 7.5346894264 7.2946548462 7.0673289299 
6.8520727158 6.6482796669 6.4553732872 6.2728066444 6.1000609398 5.9366445541 5.7820920944 5.6359648705 5.4978442192 
5.3673400879 5.2440810204 5.1277184486 5.0179233551 4.9143862724 4.8168168068 4.7249403 4.6385025978 4.5572619438 
4.4809932709 4.4094872475 4.3425459862 4.2799859047 4.2216382027 4.1673417091 4.1169514656 4.070330143 4.0273528099 
3.9879047871 3.9518802166 3.919182539 3.8897254467 3.8634309769 3.8402292728 3.8200595379 3.8028686047 3.7886111736 
3.7772495747 3.7687542439 3.7631034851 3.760281086 3.760281086 3.7631034851 3.7687542439 3.7772495747 3.7886111736 
3.8028686047 3.8200595379 3.8402292728 3.8634309769 3.8897254467 3.919182539 3.9518802166 3.9879047871 4.0273528099 
4.070330143 4.1169514656 4.1673417091 4.2216382027 4.2799859047 4.3425459862 4.4094872475 4.4809932709 4.5572619438 
4.6385025978 4.7249403 4.8168168068 4.9143862724 5.0179233551 5.1277184486 5.2440810204 5.3673400879 5.4978442192 
5.6359648705 5.7820920944 5.9366445541 6.1000609398 6.2728066444 6.4553732872 6.6482796669 6.8520727158 7.0673289299 
7.2946548462 7.5346894264 7.7881016731 8.0555944443 8.3379058838 8.63580513 8.9501028061 9.2816410065 9.6312990189 
9.627497673 9.2740459442 8.9387331009 8.6206874847 8.3190736771 8.0330924988 7.7619781494 7.5050020218 7.2614679337 
7.0307116508 6.8120999336 6.6050314903 6.4089341164 6.2232632637 6.0475039482 5.8811664581 5.7237882614 5.5749297142 
5.4341773987 5.3011369705 5.1754398346 5.0567369461 4.9446988106 4.839015007 4.7393941879 4.6455626488 4.5572624207 
4.4742512703 4.3963027 4.3232064247 4.2547626495 4.1907873154 4.131108284 4.0755643845 4.0240077972 3.9763016701 
3.9323186874 3.8919417858 3.8550653458 3.8215911388 3.7914319038 3.7645082474 3.7407500744 3.7200951576 3.7024893761 
3.6878876686 3.6762509346 3.6675498486 3.6617617607 3.6588711739 3.6588711739 3.6617617607 3.6675498486 3.6762509346 
3.6878876686 3.7024893761 3.7200951576 3.7407500744 3.7645082474 3.7914319038 3.8215911388 3.8550653458 3.8919417858 
3.9323186874 3.9763016701 4.0240077972 4.0755643845 4.131108284 4.1907873154 4.2547626495 4.3232064247 4.3963027 
4.4742512703 4.5572624207 4.6455626488 4.7393941879 4.839015007 4.9446988106 5.0567369461 5.1754398346 5.3011369705 
5.4341773987 5.5749297142 5.7237882614 5.8811664581 6.0475039482 6.2232632637 6.4089341164 6.6050314903 6.8120999336 
7.0307116508 7.2614679337 7.5050020218 7.7619781494 8.0330924988 8.3190736771 8.6206874847 8.9387331009 9.2740459442 
9.627497673 9.6239490509 9.266957283 8.9281206131 8.6065731049 8.3014907837 8.0120763779 7.7375764847 7.4772667885 
7.2304563522 6.9964876175 6.774731636 6.5645909309 6.3654980659 6.1769113541 5.998319149 5.8292346001 5.669195652 
5.5177650452 5.3745288849 5.2390961647 5.111096859 4.9901823997 4.8760232925 4.7683081627 4.6667456627 4.5710601807 
4.4809932709 4.3963027 4.3167610168 4.2421536446 4.1722826958 4.1069612503 4.0460162163 3.9892852306 3.9366192818 
3.8878793716 3.8429377079 3.8016767502 3.763988018 3.7297735214 3.6989445686 3.671421051 3.647131443 3.626013279 
3.608011961 3.5930812359 3.5811822414 3.5722844601 3.5663654804 3.5634095669 3.5634095669 3.5663654804 3.5722844601 
3.5811822414 3.5930812359 3.608011961 3.626013279 3.647131443 3.671421051 3.6989445686 3.7297735214 3.763988018 
3.8016767502 3.8429377079 3.8878793716 3.9366192818 3.9892852306 4.0460162163 4.1069612503 4.1722826958 4.2421536446 
4.3167610168 4.3963027 4.4809932709 4.5710601807 4.6667456627 4.7683081627 4.8760232925 4.9901823997 5.111096859 
5.2390961647 5.3745288849 5.5177650452 5.669195652 5.8292346001 5.998319149 6.1769113541 6.3654980659 6.5645909309 
6.774731636 6.9964876175 7.2304563522 7.4772667885 7.7375764847 8.0120763779 8.3014907837 8.6065731049 8.9281206131 
9.266957283 9.6239490509 9.6206417084 9.2603464127 8.91822052 8.5934066772 8.2850837708 7.9924674034 7.7148051262 
7.4513802528 7.2015070915 6.9645318985 6.7398324013 6.5268144608 6.3249135017 6.1335935593 5.9523420334 5.7806758881 
5.6181359291 5.4642858505 5.3187122345 5.1810264587 5.0508575439 4.9278564453 4.811694622 4.7020606995 4.5986633301 
4.5012249947 4.4094872475 4.3232064247 4.2421536446 4.166115284 4.0948905945 4.0282921791 3.9661455154 3.9082877636 
3.8545675278 3.8048458099 3.7589931488 3.7168905735 3.678429842 3.6435110569 3.6120448112 3.5839500427 3.5591549873 
3.5375957489 3.5192177296 3.5039737225 3.4918246269 3.4827399254 3.4766960144 3.4736778736 3.4736778736 3.4766960144 
3.4827399254 3.4918246269 3.5039737225 3.5192177296 3.5375957489 3.5591549873 3.5839500427 3.6120448112 3.6435110569 
3.678429842 3.7168905735 3.7589931488 3.8048458099 3.8545675278 3.9082877636 3.9661455154 4.0282921791 4.0948905945 
4.166115284 4.2421536446 4.3232064247 4.4094872475 4.5012249947 4.5986633301 4.7020606995 4.811694622 4.9278564453 
5.0508575439 5.1810264587 5.3187122345 5.4642858505 5.6181359291 5.7806758881 5.9523420334 6.1335935593 6.3249135017 
6.5268144608 6.7398324013 6.9645318985 7.2015070915 7.4513802528 7.7148051262 7.9924674034 8.2850837708 8.5934066772 
8.91822052 9.2603464127 9.6206417084 9.6175584793 9.2541866302 8.9089956284 8.5811376572 8.2697973251 7.9741926193 
7.6935801506 7.4272470474 7.17451334 6.9347310066 6.707280159 6.4915704727 6.287042141 6.0931606293 5.9094181061 
5.7353315353 5.5704445839 5.4143228531 5.2665538788 5.1267485619 4.9945373535 4.8695726395 4.7515249252 4.640083313 
4.534954071 4.4358611107 4.3425459862 4.2547621727 4.1722826958 4.0948905945 4.0223855972 3.9545781612 3.8912935257 
3.832367897 3.7776489258 3.7269966602 3.6802797318 3.6373796463 3.5981857777 3.5625984669 3.5305273533 3.5018904209 
3.4766149521 3.4546370506 3.4359009266 3.4203593731 3.4079725742 3.398709774 3.3925478458 3.3894708157 3.3894708157 
3.3925478458 3.398709774 3.4079725742 3.4203593731 3.4359009266 3.4546370506 3.4766149521 3.5018904209 3.5305273533 
3.5625984669 3.5981857777 3.6373796463 3.6802797318 3.7269966602 3.7776489258 3.832367897 3.8912935257 3.9545781612 
4.0223855972 4.0948905945 4.1722826958 4.2547621727 4.3425459862 4.4358611107 4.534954071 4.640083313 4.7515249252 
4.8695726395 4.9945373535 5.1267485619 5.2665538788 5.4143228531 5.5704445839 5.7353315353 5.9094181061 6.0931606293 
6.287042141 6.4915704727 6.707280159 6.9347310066 7.17451334 7.4272470474 7.6935801506 7.9741926193 8.2697973251 
8.5811376572 8.9089956284 9.2541866302 9.6175584793 9.614689827 9.2484560013 8.9004135132 8.5697231293 8.2555704117 
7.9571843147 7.6738233566 7.4047808647 7.1493811607 6.9069786072 6.6769595146 6.4587378502 6.2517542839 6.0554785728 
5.8694052696 5.6930546761 5.5259699821 5.3677186966 5.2178907394 5.0760965347 4.9419693947 4.8151593208 4.695338726 
4.5821962357 4.475438118 4.3747882843 4.2799859047 4.1907877922 4.1069607735 4.0282921791 3.9545781612 3.8856296539 
3.8212702274 3.7613356113 3.7056727409 3.6541397572 3.6066060066 3.5629508495 3.5230638981 3.4868438244 3.454199791 
3.4250490665 3.3993186951 3.3769440651 3.3578686714 3.3420450687 3.3294334412 3.320002079 3.3137278557 3.3105945587 
3.3105945587 3.3137278557 3.320002079 3.3294334412 3.3420450687 3.3578686714 3.3769440651 3.3993186951 3.4250490665 
3.454199791 3.4868438244 3.5230638981 3.5629508495 3.6066060066 3.6541397572 3.7056727409 3.7613356113 3.8212702274 
3.8856296539 3.9545781612 4.0282921791 4.1069607735 4.1907877922 4.2799859047 4.3747882843 4.475438118 4.5821962357 
4.695338726 4.8151593208 4.9419693947 5.0760965347 5.2178907394 5.3677186966 5.5259699821 5.6930546761 5.8694052696 
6.0554785728 6.2517542839 6.4587378502 6.6769595146 6.9069786072 7.1493811607 7.4047808647 7.6738233566 7.9571843147 
8.2555704117 8.5697231293 8.9004135132 9.2484560013 9.614689827 9.6120252609 9.2431325912 8.8924427032 8.5591182709 
8.2423534393 7.9413809776 7.6554646492 7.3839015961 7.1260194778 6.8811788559 6.648768425 6.4282045364 6.2189326286 
6.0204238892 5.832174778 5.6537084579 5.4845700264 5.3243284225 5.1725735664 5.0289182663 4.8929953575 4.7644572258 
4.6429743767 4.5282363892 4.4199490547 4.3178362846 4.2216382027 4.131108284 4.0460162163 3.9661457539 3.8912935257 
3.8212704659 3.7558987141 3.6950130463 3.6384601593 3.5860972404 3.5377929211 3.4934253693 3.452883482 3.4160664082 
3.3828811646 3.3532459736 3.3270862103 3.3043363094 3.2849407196 3.2688508034 3.2560260296 3.2464356422 3.2400553226 
3.2368686199 3.2368686199 3.2400553226 3.2464356422 3.2560260296 3.2688508034 3.2849407196 3.3043363094 3.3270862103 
3.3532459736 3.3828811646 3.4160664082 3.452883482 3.4934253693 3.5377929211 3.5860972404 3.6384601593 3.6950130463 
3.7558987141 3.8212704659 3.8912935257 3.9661457539 4.0460162163 4.131108284 4.2216382027 4.3178362846 4.4199490547 
4.5282363892 4.6429743767 4.7644572258 4.8929953575 5.0289182663 5.1725735664 5.3243284225 5.4845700264 5.6537084579 
5.832174778 6.0204238892 6.2189326286 6.4282045364 6.648768425 6.8811788559 7.1260194778 7.3839015961 7.6554646492 
7.9413809776 8.2423534393 8.5591182709 8.8924427032 9.2431325912 9.6120252609 9.6095542908 9.2381954193 8.8850507736 
8.5492858887 8.230099678 7.9267277718 7.6384391785 7.3645362854 7.10435009 6.8572444916 6.622610569 6.3998699188 
6.1884679794 5.9878811836 5.7976064682 5.6171689034 5.4461154938 5.2840175629 5.1304650307 4.9850726128 4.8474726677 
4.717318058 4.5942807198 4.4780497551 4.3683314323 4.2648491859 4.1673417091 4.0755643845 3.9892852306 3.908288002 
3.832367897 3.7613358498 3.6950130463 3.6332342625 3.5758447647 3.5227015018 3.4736721516 3.4286346436 3.3874776363 
3.3500981331 3.3164041042 3.2863121033 3.2597477436 3.2366452217 3.216947794 3.200606823 3.1875817776 3.1778411865 
3.1713607311 3.1681241989 3.1681241989 3.1713607311 3.1778411865 3.1875817776 3.200606823 3.216947794 3.2366452217 
3.2597477436 3.2863121033 3.3164041042 3.3500981331 3.3874776363 3.4286346436 3.4736721516 3.5227015018 3.5758447647 
3.6332342625 3.6950130463 3.7613358498 3.832367897 3.908288002 3.9892852306 4.0755643845 4.1673417091 4.2648491859 
4.3683314323 4.4780497551 4.5942807198 4.717318058 4.8474726677 4.9850726128 5.1304650307 5.2840175629 5.4461154938 
5.6171689034 5.7976064682 5.9878811836 6.1884679794 6.3998699188 6.622610569 6.8572444916 7.10435009 7.3645362854 
7.6384391785 7.9267277718 8.230099678 8.5492858887 8.8850507736 9.2381954193 9.6095542908 9.6072692871 9.233631134 
8.8782148361 8.540189743 8.2187633514 7.9131717682 7.6226882935 7.3466186523 7.084297657 6.8350930214 6.5983986855 
6.3736376762 6.1602611542 5.9577445984 5.7655887604 5.583319664 5.410487175 5.2466621399 5.0914373398 4.9444270134 
4.8052649498 4.6736049652 4.5491189957 4.4314956665 4.3204417229 4.2156805992 4.1169514656 4.0240082741 3.9366195202 
3.8545680046 3.7776491642 3.7056727409 3.6384601593 3.5758447647 3.5176720619 3.4637975693 3.4140889645 3.3684237003 
3.3266890049 3.2887825966 3.2546107769 3.2240908146 3.1971466541 3.1737129688 3.1537320614 3.1371557713 3.1239426136 
3.1140608788 3.1074867249 3.104203701 3.104203701 3.1074867249 3.1140608788 3.1239426136 3.1371557713 3.1537320614 
3.1737129688 3.1971466541 3.2240908146 3.2546107769 3.2887825966 3.3266890049 3.3684237003 3.4140889645 3.4637975693 
3.5176720619 3.5758447647 3.6384601593 3.7056727409 3.7776491642 3.8545680046 3.9366195202 4.0240082741 4.1169514656 
4.2156805992 4.3204417229 4.4314956665 4.5491189957 4.6736049652 4.8052649498 4.9444270134 5.0914373398 5.2466621399 
5.410487175 5.583319664 5.7655887604 5.9577445984 6.1602611542 6.3736376762 6.5983986855 6.8350930214 7.084297657 
7.3466186523 7.6226882935 7.9131717682 8.2187633514 8.540189743 8.8782148361 9.233631134 9.6072692871 9.6051626205 
9.2294206619 8.8719081879 8.5318012238 8.2083063126 7.9006667137 7.6081571579 7.3300867081 7.0657949448 6.8146510124 
6.5760521889 6.349424839 6.1342206001 5.9299182892 5.7360215187 5.5520572662 5.3775753975 5.2121500969 5.0553736687 
4.9068632126 4.7662520409 4.6331934929 4.5073599815 4.3884429932 4.2761464119 4.17019701 4.0703306198 3.9763016701 
3.8878796101 3.8048458099 3.7269966602 3.6541399956 3.5860974789 3.5227017403 3.4637975693 3.4092407227 3.3588984013 
3.312646389 3.2703723907 3.2319736481 3.1973559856 3.1664354801 3.1391363144 3.1153931618 3.0951476097 3.0783510208 
3.0649621487 3.0549485683 3.0482866764 3.0449597836 3.0449597836 3.0482866764 3.0549485683 3.0649621487 3.0783510208 
3.0951476097 3.1153931618 3.1391363144 3.1664354801 3.1973559856 3.2319736481 3.2703723907 3.312646389 3.3588984013 
3.4092407227 3.4637975693 3.5227017403 3.5860974789 3.6541399956 3.7269966602 3.8048458099 3.8878796101 3.9763016701 
4.0703306198 4.17019701 4.2761464119 4.3884429932 4.5073599815 4.6331934929 4.7662520409 4.9068632126 5.0553736687 
5.2121500969 5.3775753975 5.5520572662 5.7360215187 5.9299182892 6.1342206001 6.349424839 6.5760521889 6.8146510124 
7.0657949448 7.3300867081 7.6081571579 7.9006667137 8.2083063126 8.5318012238 8.8719081879 9.2294206619 9.6051626205 
9.6032266617 9.2255516052 8.866112709 8.5240907669 8.1986951828 7.8891711235 7.5947971344 7.3148860931 7.0487799644 
6.7958512306 6.5554986 6.3271508217 6.1102628708 5.9043149948 5.7088122368 5.5232830048 5.3472795486 5.1803760529 
5.0221676826 4.8722691536 4.7303175926 4.5959658623 4.4688868523 4.3487710953 4.2353258133 4.1282730103 4.0273532867 
3.9323186874 3.8429379463 3.7589931488 3.6802797318 3.6066060066 3.5377929211 3.4736726284 3.4140892029 3.3588984013 
3.3079662323 3.2611689568 3.2183938026 3.179536581 3.1445038319 3.1132109165 3.0855820179 3.0615503788 3.0410585403 
3.0240569115 3.0105040073 3.0003681183 2.9936242104 2.9902565479 2.9902565479 2.9936242104 3.0003681183 3.0105040073 
3.0240569115 3.0410585403 3.0615503788 3.0855820179 3.1132109165 3.1445038319 3.179536581 3.2183938026 3.2611689568 
3.3079662323 3.3588984013 3.4140892029 3.4736726284 3.5377929211 3.6066060066 3.6802797318 3.7589931488 3.8429379463 
3.9323186874 4.0273532867 4.1282730103 4.2353258133 4.3487710953 4.4688868523 4.5959658623 4.7303175926 4.8722691536 
5.0221676826 5.1803760529 5.3472795486 5.5232830048 5.7088122368 5.9043149948 6.1102628708 6.3271508217 6.5554986 
6.7958512306 7.0487799644 7.3148860931 7.5947971344 7.8891711235 8.1986951828 8.5240907669 8.866112709 9.2255516052 
9.6032266617 9.6014528275 9.2220087051 8.8608083725 8.5170316696 8.1898946762 7.8786449432 7.5825638771 7.3009667397 
7.033197403 6.7786312103 6.5366706848 6.3067455292 6.0883126259 5.8808531761 5.6838760376 5.4969096184 5.3195080757 
5.151245594 4.9917192459 4.8405451775 4.6973595619 4.5618162155 4.4335904121 4.312371254 4.1978654861 4.08979702 
3.9879047871 3.8919417858 3.8016767502 3.7168905735 3.6373796463 3.562951088 3.4934256077 3.4286351204 3.3684237003 
3.3126466274 3.2611689568 3.2138674259 3.1706283092 3.1313476562 3.0959303379 3.0642926693 3.0363581181 3.0120596886 
2.9913394451 2.9741477966 2.9604437351 2.950193882 2.9433746338 2.939968586 2.939968586 2.9433746338 2.950193882 
2.9604437351 2.9741477966 2.9913394451 3.0120596886 3.0363581181 3.0642926693 3.0959303379 3.1313476562 3.1706283092 
3.2138674259 3.2611689568 3.3126466274 3.3684237003 3.4286351204 3.4934256077 3.562951088 3.6373796463 3.7168905735 
3.8016767502 3.8919417858 3.9879047871 4.08979702 4.1978654861 4.312371254 4.4335904121 4.5618162155 4.6973595619 
4.8405451775 4.9917192459 5.151245594 5.3195080757 5.4969096184 5.6838760376 5.8808531761 6.0883126259 6.3067455292 
6.5366706848 6.7786312103 7.033197403 7.3009667397 7.5825638771 7.8786449432 8.1898946762 8.5170316696 8.8608083725 
9.2220087051 9.6014528275 9.5998382568 9.2187814713 8.8559751511 8.5106019974 8.1818761826 7.8690543175 7.5714168549 
7.2882823944 7.0189967155 6.7629370689 6.5195088387 6.2881441116 6.0683002472 5.8594613075 5.6611366272 5.4728569984 
5.2941761017 5.124671936 4.9639391899 4.8115978241 4.6672825813 4.530649662 4.4013724327 4.2791414261 4.163664341 
4.054664135 3.9518799782 3.8550653458 3.7639877796 3.678429842 3.5981860161 3.5230638981 3.4528837204 3.3874778748 
3.3266892433 3.2703726292 3.2183935642 3.1706280708 3.1269621849 3.0872910023 3.051520586 3.0195653439 2.9913496971 
2.9668056965 2.9458754063 2.928508997 2.9146652222 2.9043107033 2.8974215984 2.8939809799 2.8939809799 2.8974215984 
2.9043107033 2.9146652222 2.928508997 2.9458754063 2.9668056965 2.9913496971 3.0195653439 3.051520586 3.0872910023 
3.1269621849 3.1706280708 3.2183935642 3.2703726292 3.3266892433 3.3874778748 3.4528837204 3.5230638981 3.5981860161 
3.678429842 3.7639877796 3.8550653458 3.9518799782 4.054664135 4.163664341 4.2791414261 4.4013724327 4.530649662 
4.6672825813 4.8115978241 4.9639391899 5.124671936 5.2941761017 5.4728569984 5.6611366272 5.8594613075 6.0683002472 
6.2881441116 6.5195088387 6.7629370689 7.0189967155 7.2882823944 7.5714168549 7.8690543175 8.1818761826 8.5106019974 
8.8559751511 9.2187814713 9.5998382568 9.5983753204 9.2158584595 8.8515968323 8.504776001 8.1746139526 7.8603663445 
7.5613188744 7.2767906189 7.0061311722 6.7487177849 6.5039587021 6.2712869644 6.050163269 5.8400726318 5.6405234337 
5.4510512352 5.2712097168 5.1005754471 4.938747406 4.785343647 4.640001297 4.5023760796 4.3721423149 4.2489905357 
4.132627964 4.0227789879 3.9191820621 3.8215911388 3.7297735214 3.6435112953 3.5625987053 3.4868440628 3.4160666466 
3.3500983715 3.2887825966 3.2319736481 3.179536581 3.1313471794 3.0872907639 3.0472636223 3.0111699104 2.9789245129 
2.9504516125 2.9256830215 2.9045608044 2.8870344162 2.873062849 2.8626129627 2.8556599617 2.8521878719 2.8521878719 
2.8556599617 2.8626129627 2.873062849 2.8870344162 2.9045608044 2.9256830215 2.9504516125 2.9789245129 3.0111699104 
3.0472636223 3.0872907639 3.1313471794 3.179536581 3.2319736481 3.2887825966 3.3500983715 3.4160666466 3.4868440628 
3.5625987053 3.6435112953 3.7297735214 3.8215911388 3.9191820621 4.0227789879 4.132627964 4.2489905357 4.3721423149 
4.5023760796 4.640001297 4.785343647 4.938747406 5.1005754471 5.2712097168 5.4510512352 5.6405234337 5.8400726318 
6.050163269 6.2712869644 6.5039587021 6.7487177849 7.0061311722 7.2767906189 7.5613188744 7.8603663445 8.1746139526 
8.504776001 8.8515968323 9.2158584595 9.5983753204 9.5970611572 9.2132310867 8.8476610184 8.499537468 8.1680822372 
7.8525533676 7.5522375107 7.2664556503 6.9945588112 6.7359275818 6.4899706841 6.2561225891 6.0338454247 5.8226265907 
5.6219758987 5.4314284325 5.2505393028 5.0788865089 4.9160699844 4.7617082596 4.6154384613 4.4769177437 4.3458194733 
4.2218356133 4.1046733856 3.9940571785 3.8897252083 3.7914319038 3.6989445686 3.6120450497 3.5305275917 3.4541995525 
3.3828816414 3.3164043427 3.2546107769 3.1973557472 3.1445038319 3.0959300995 3.0515203476 3.011169672 2.9747831821 
2.9422748089 2.9135684967 2.8885965347 2.8672995567 2.8496286869 2.8355412483 2.8250045776 2.8179938793 2.8144924641 
2.8144924641 2.8179938793 2.8250045776 2.8355412483 2.8496286869 2.8672995567 2.8885965347 2.9135684967 2.9422748089 
2.9747831821 3.011169672 3.0515203476 3.0959300995 3.1445038319 3.1973557472 3.2546107769 3.3164043427 3.3828816414 
3.4541995525 3.5305275917 3.6120450497 3.6989445686 3.7914319038 3.8897252083 3.9940571785 4.1046733856 4.2218356133 
4.3458194733 4.4769177437 4.6154384613 4.7617082596 4.9160699844 5.0788865089 5.2505393028 5.4314284325 5.6219758987 
5.8226265907 6.0338454247 6.2561225891 6.4899706841 6.7359275818 6.9945588112 7.2664556503 7.5522375107 7.8525533676 
8.1680822372 8.499537468 8.8476610184 9.2132310867 9.5970611572 9.5958900452 9.21089077 8.8441543579 8.4948711395 
8.1622638702 7.8455910683 7.5441441536 7.2572441101 6.9842443466 6.724527359 6.4775009155 6.2426037788 6.0192980766 
5.8070716858 5.6054372787 5.4139289856 5.2321038246 5.0595421791 4.8958420753 4.7406229973 4.593524456 4.4542016983 
4.3223304749 4.197602272 4.0797243118 3.9684205055 3.8634309769 3.7645084858 3.671421051 3.5839502811 3.5018904209 
3.425049305 3.353246212 3.2863123417 3.2240905762 3.1664354801 3.1132109165 3.0642926693 3.0195653439 2.9789245129 
2.9422750473 2.9095306396 2.8806147575 2.8554599285 2.8340065479 2.8162050247 2.8020138741 2.7913994789 2.7843365669 
2.7808094025 2.7808094025 2.7843365669 2.7913994789 2.8020138741 2.8162050247 2.8340065479 2.8554599285 2.8806147575 
2.9095306396 2.9422750473 2.9789245129 3.0195653439 3.0642926693 3.1132109165 3.1664354801 3.2240905762 3.2863123417 
3.353246212 3.425049305 3.5018904209 3.5839502811 3.671421051 3.7645084858 3.8634309769 3.9684205055 4.0797243118 
4.197602272 4.3223304749 4.4542016983 4.593524456 4.7406229973 4.8958420753 5.0595421791 5.2321038246 5.4139289856 
5.6054372787 5.8070716858 6.0192980766 6.2426037788 6.4775009155 6.724527359 6.9842443466 7.2572441101 7.5441441536 
7.8455910683 8.1622638702 8.4948711395 8.8441543579 9.21089077 9.5958900452 9.5948581696 9.2088279724 8.8410654068 
8.4907598495 8.1571369171 7.8394575119 7.5370130539 7.2491278648 6.9751553535 6.7144799232 6.4665112495 6.2306885719 
6.0064749718 5.7933602333 5.5908565521 5.3985009193 5.2158498764 5.0424842834 4.8780035973 4.7220282555 4.5741968155 
4.4341659546 4.3016109467 4.1762237549 4.0577130318 3.9458014965 3.8402295113 3.7407503128 3.647131443 3.5591549873 
3.4766149521 3.3993189335 3.3270862103 3.2597477436 3.1971466541 3.1391365528 3.0855820179 3.0363581181 2.9913494587 
2.9504516125 2.9135684967 2.8806147575 2.8515131474 2.8261959553 2.8046040535 2.7866871357 2.7724032402 2.7617197037 
2.7546110153 2.7510604858 2.7510604858 2.7546110153 2.7617197037 2.7724032402 2.7866871357 2.8046040535 2.8261959553 
2.8515131474 2.8806147575 2.9135684967 2.9504516125 2.9913494587 3.0363581181 3.0855820179 3.1391365528 3.1971466541 
3.2597477436 3.3270862103 3.3993189335 3.4766149521 3.5591549873 3.647131443 3.7407503128 3.8402295113 3.9458014965 
4.0577130318 4.1762237549 4.3016109467 4.4341659546 4.5741968155 4.7220282555 4.8780035973 5.0424842834 5.2158498764 
5.3985009193 5.5908565521 5.7933602333 6.0064749718 6.2306885719 6.4665112495 6.7144799232 6.9751553535 7.2491278648 
7.5370130539 7.8394575119 8.1571369171 8.4907598495 8.8410654068 9.2088279724 9.5948581696 9.593960762 9.2070360184 
8.8383817673 8.4871902466 8.1526861191 7.8341312408 7.5308213234 7.2420802116 6.9672632217 6.7057547569 6.4569673538 
6.2203397751 5.9953374863 5.7814502716 5.5781917572 5.3850979805 5.2017292976 5.0276646614 4.8625049591 4.7058706284 
4.5574011803 4.4167537689 4.2836031914 4.1576423645 4.0385799408 3.9261393547 3.8200597763 3.7200951576 3.6260135174 
3.5375959873 3.4546370506 3.3769443035 3.3043365479 3.2366452217 3.1737129688 3.1153931618 3.0615503788 3.0120596886 
2.9668054581 2.9256827831 2.8885962963 2.8554599285 2.8261957169 2.8007369041 2.7790236473 2.7610058784 2.7466413975 
2.735897541 2.7287483215 2.7251777649 2.7251777649 2.7287483215 2.735897541 2.7466413975 2.7610058784 2.7790236473 
2.8007369041 2.8261957169 2.8554599285 2.8885962963 2.9256827831 2.9668054581 3.0120596886 3.0615503788 3.1153931618 
3.1737129688 3.2366452217 3.3043365479 3.3769443035 3.4546370506 3.5375959873 3.6260135174 3.7200951576 3.8200597763 
3.9261393547 4.0385799408 4.1576423645 4.2836031914 4.4167537689 4.5574011803 4.7058706284 4.8625049591 5.0276646614 
5.2017292976 5.3850979805 5.5781917572 5.7814502716 5.9953374863 6.2203397751 6.4569673538 6.7057547569 6.9672632217 
7.2420802116 7.5308213234 7.8341312408 8.1526861191 8.4871902466 8.8383817673 9.2070360184 9.593960762 9.5931978226 
9.2055130005 8.8360996246 8.4841508865 8.1488952637 7.8295969963 7.5255498886 7.2360796928 6.9605431557 6.698325634 
6.4488401413 6.2115278244 5.9858527184 5.7713074684 5.5674042702 5.3736829758 5.1897015572 5.0150403976 4.8493013382 
4.6921048164 4.5430908203 4.4019165039 4.2682585716 4.1418085098 4.022274971 3.909381628 3.8028686047 3.7024896145 
3.608011961 3.5192174911 3.4359009266 3.3578689098 3.2849407196 3.216947794 3.1537320614 3.0951476097 3.0410585403 
2.9913396835 2.9458751678 2.9045605659 2.8672995567 2.8340063095 2.8046040535 2.7790236473 2.7572066784 2.7391023636 
2.7246689796 2.713873148 2.7066895962 2.7031023502 2.7031023502 2.7066895962 2.713873148 2.7246689796 2.7391023636 
2.7572066784 2.7790236473 2.8046040535 2.8340063095 2.8672995567 2.9045605659 2.9458751678 2.9913396835 3.0410585403 
3.0951476097 3.1537320614 3.216947794 3.2849407196 3.3578689098 3.4359009266 3.5192174911 3.608011961 3.7024896145 
3.8028686047 3.909381628 4.022274971 4.1418085098 4.2682585716 4.4019165039 4.5430908203 4.6921048164 4.8493013382 
5.0150403976 5.1897015572 5.3736829758 5.5674042702 5.7713074684 5.9858527184 6.2115278244 6.4488401413 6.698325634 
6.9605431557 7.2360796928 7.5255498886 7.8295969963 8.1488952637 8.4841508865 8.8360996246 9.2055130005 9.5931978226 
9.5925645828 9.2042484283 8.8342056274 8.4816322327 8.1457557678 7.8258399963 7.5211820602 7.2311077118 6.9549751282 
6.6921691895 6.4421052933 6.2042241096 5.977991581 5.7629003525 5.5584635735 5.3642206192 5.1797304153 5.0045747757 
4.8383545876 4.6806917191 4.5312261581 4.3896155357 4.2555356026 4.1286773682 4.0087528229 3.8954842091 3.7886111736 
3.6878874302 3.5930809975 3.503973484 3.4203591347 3.3420450687 3.268850565 3.2006065845 3.1371557713 3.0783510208 
3.0240569115 2.974148035 2.928508997 2.8870341778 2.8496284485 2.8162050247 2.7866868973 2.7610058784 2.7391021252 
2.7209265232 2.7064356804 2.6955964565 2.6883845329 2.6847827435 2.6847827435 2.6883845329 2.6955964565 2.7064356804 
2.7209265232 2.7391021252 2.7610058784 2.7866868973 2.8162050247 2.8496284485 2.8870341778 2.928508997 2.974148035 
3.0240569115 3.0783510208 3.1371557713 3.2006065845 3.268850565 3.3420450687 3.4203591347 3.503973484 3.5930809975 
3.6878874302 3.7886111736 3.8954842091 4.0087528229 4.1286773682 4.2555356026 4.3896155357 4.5312261581 4.6806917191 
4.8383545876 5.0045747757 5.1797304153 5.3642206192 5.5584635735 5.7629003525 5.977991581 6.2042241096 6.4421052933 
6.6921691895 6.9549751282 7.2311077118 7.5211820602 7.8258399963 8.1457557678 8.4816322327 8.8342056274 9.2042484283 
9.5925645828 9.5920629501 9.2032432556 8.8326997757 8.4796266556 8.1432552338 7.8228487968 7.5177035332 7.2271475792 
6.9505405426 6.6872663498 6.4367423058 6.1984081268 5.9717311859 5.7562046051 5.5513424873 5.3566842079 5.1717877388 
4.9962377548 4.8296346664 4.671599865 4.5217733383 4.3798141479 4.2453975677 4.1182160378 3.9979786873 3.8844101429 
3.7772495747 3.6762509346 3.581182003 3.4918243885 3.4079723358 3.3294332027 3.256026268 3.1875817776 3.123942852 
3.0649623871 3.0105044842 2.9604439735 2.9146652222 2.8730626106 2.8355410099 2.8020136356 2.7724032402 2.7466413975 
2.7246689796 2.7064356804 2.6918990612 2.6810255051 2.6737904549 2.6701772213 2.6701772213 2.6737904549 2.6810255051 
2.6918990612 2.7064356804 2.7246689796 2.7466413975 2.7724032402 2.8020136356 2.8355410099 2.8730626106 2.9146652222 
2.9604439735 3.0105044842 3.0649623871 3.123942852 3.1875817776 3.256026268 3.3294332027 3.4079723358 3.4918243885 
3.581182003 3.6762509346 3.7772495747 3.8844101429 3.9979786873 4.1182160378 4.2453975677 4.3798141479 4.5217733383 
4.671599865 4.8296346664 4.9962377548 5.1717877388 5.3566842079 5.5513424873 5.7562046051 5.9717311859 6.1984081268 
6.4367423058 6.6872663498 6.9505405426 7.2271475792 7.5177035332 7.8228487968 8.1432552338 8.4796266556 8.8326997757 
9.2032432556 9.5920629501 9.5916862488 9.2024908066 8.8315725327 8.4781284332 8.1413869858 7.8206124306 7.5151042938 
7.2241888046 6.9472260475 6.6836023331 6.4327335358 6.1940608025 5.967051506 5.7511997223 5.5460190773 5.3510499001 
5.1658511162 4.99000597 4.8231163025 4.6648025513 4.5147070885 4.3724865913 4.2378182411 4.110394001 3.9899230003 
3.8761305809 3.7687547207 3.6675498486 3.5722842216 3.482739687 3.3987095356 3.320002079 3.2464354038 3.1778411865 
3.1140611172 3.0549488068 3.0003683567 2.9501941204 2.9043107033 2.8626129627 2.8250045776 2.7913990021 2.7617197037 
2.7358973026 2.713873148 2.6955969334 2.6810257435 2.6701266766 2.6628742218 2.6592524052 2.6592524052 2.6628742218 
2.6701266766 2.6810257435 2.6955969334 2.713873148 2.7358973026 2.7617197037 2.7913990021 2.8250045776 2.8626129627 
2.9043107033 2.9501941204 3.0003683567 3.0549488068 3.1140611172 3.1778411865 3.2464354038 3.320002079 3.3987095356 
3.482739687 3.5722842216 3.6675498486 3.7687547207 3.8761305809 3.9899230003 4.110394001 4.2378182411 4.3724865913 
4.5147070885 4.6648025513 4.8231163025 4.99000597 5.1658511162 5.3510499001 5.5460190773 5.7511997223 5.967051506 
6.1940608025 6.4327335358 6.6836023331 6.9472260475 7.2241888046 7.5151042938 7.8206124306 8.1413869858 8.4781284332 
8.8315725327 9.2024908066 9.5916862488 9.5914354324 9.2019910812 8.830824852 8.4771308899 8.1401433945 7.8191261292 
7.5133757591 7.2222218513 6.9450221062 6.681166172 6.4300675392 6.1911697388 5.9639396667 5.7478709221 5.5424795151 
5.3473029137 5.1619029045 4.9858613014 4.8187804222 4.660282135 4.5100069046 4.3676128387 4.2327766418 4.1051912308 
3.9845650196 3.8706223965 3.7631034851 3.6617615223 3.5663654804 3.476695776 3.3925478458 3.3137276173 3.2400550842 
3.1713607311 3.1074867249 3.0482866764 2.9936244488 2.9433748722 2.8974215984 2.8556599617 2.8179938793 2.7843363285 
2.7546107769 2.7287483215 2.7066895962 2.6883847713 2.6737904549 2.6628744602 2.6556105614 2.6519830227 2.6519830227 
2.6556105614 2.6628744602 2.6737904549 2.6883847713 2.7066895962 2.7287483215 2.7546107769 2.7843363285 2.8179938793 
2.8556599617 2.8974215984 2.9433748722 2.9936244488 3.0482866764 3.1074867249 3.1713607311 3.2400550842 3.3137276173 
3.3925478458 3.476695776 3.5663654804 3.6617615223 3.7631034851 3.8706223965 3.9845650196 4.1051912308 4.2327766418 
4.3676128387 4.5100069046 4.660282135 4.8187804222 4.9858613014 5.1619029045 5.3473029137 5.5424795151 5.7478709221 
5.9639396667 6.1911697388 6.4300675392 6.681166172 6.9450221062 7.2222218513 7.5133757591 7.8191261292 8.1401433945 
8.4771308899 8.830824852 9.2019910812 9.5914354324 9.5913105011 9.2017412186 8.8304510117 8.4766340256 8.1395235062 
7.8183836937 7.5125126839 7.22123909 6.9439220428 6.6799492836 6.4287362099 6.1897263527 5.9623861313 5.7462091446 
5.5407109261 5.3454322815 5.1599311829 4.9837918282 4.8166155815 4.6580247879 4.5076599121 4.3651790619 4.2302594185 
4.1025929451 3.9818894863 3.8678719997 3.7602813244 3.6588714123 3.5634098053 3.4736778736 3.3894705772 3.3105943203 
3.2368688583 3.1681244373 3.104203701 3.0449597836 2.9902565479 2.9399690628 2.8939812183 2.8521878719 2.8144924641 
2.780809164 2.7510602474 2.7251777649 2.7031023502 2.6847827435 2.6701772213 2.6592524052 2.6519830227 2.648352623 
2.648352623 2.6519830227 2.6592524052 2.6701772213 2.6847827435 2.7031023502 2.7251777649 2.7510602474 2.780809164 
2.8144924641 2.8521878719 2.8939812183 2.9399690628 2.9902565479 3.0449597836 3.104203701 3.1681244373 3.2368688583 
3.3105943203 3.3894705772 3.4736778736 3.5634098053 3.6588714123 3.7602813244 3.8678719997 3.9818894863 4.1025929451 
4.2302594185 4.3651790619 4.5076599121 4.6580247879 4.8166155815 4.9837918282 5.1599311829 5.3454322815 5.5407109261 
5.7462091446 5.9623861313 6.1897263527 6.4287362099 6.6799492836 6.9439220428 7.22123909 7.5125126839 7.8183836937 
8.1395235062 8.4766340256 8.8304510117 9.2017412186 9.5913105011 9.5913105011 9.2017412186 8.8304510117 8.4766340256 
8.1395225525 7.8183836937 7.5125126839 7.2212386131 6.943921566 6.6799488068 6.4287362099 6.1897263527 5.9623861313 
5.7462091446 5.5407114029 5.3454322815 5.1599311829 4.9837918282 4.8166155815 4.6580247879 4.5076599121 4.3651790619 
4.2302594185 4.1025929451 3.9818894863 3.8678722382 3.7602813244 3.6588711739 3.5634098053 3.4736778736 3.3894705772 
3.3105945587 3.2368688583 3.1681244373 3.104203701 3.0449595451 2.9902565479 2.9399690628 2.8939812183 2.8521878719 
2.8144927025 2.7808094025 2.7510604858 2.7251780033 2.7031023502 2.684782505 2.6701772213 2.6592524052 2.6519830227 
2.648352623 2.648352623 2.6519830227 2.6592524052 2.6701772213 2.684782505 2.7031023502 2.7251780033 2.7510604858 
2.7808094025 2.8144927025 2.8521878719 2.8939812183 2.9399690628 2.9902565479 3.0449595451 3.104203701 3.1681244373 
3.2368688583 3.3105945587 3.3894705772 3.4736778736 3.5634098053 3.6588711739 3.7602813244 3.8678722382 3.9818894863 
4.1025929451 4.2302594185 4.3651790619 4.5076599121 4.6580247879 4.8166155815 4.9837918282 5.1599311829 5.3454322815 
5.5407114029 5.7462091446 5.9623861313 6.1897263527 6.4287362099 6.6799488068 6.943921566 7.2212386131 7.5125126839 
7.8183836937 8.1395225525 8.4766340256 8.8304510117 9.2017412186 9.5913105011 9.5914354324 9.2019910812 8.830824852 
8.4771318436 8.1401433945 7.8191261292 7.5133757591 7.2222218513 6.9450216293 6.6811656952 6.4300675392 6.1911692619 
5.9639391899 5.7478709221 5.5424785614 5.3473024368 5.1619029045 4.9858613014 4.818780899 4.660282135 4.5100069046 
4.3676128387 4.2327766418 4.1051917076 3.9845650196 3.8706223965 3.7631034851 3.6617617607 3.5663654804 3.4766960144 
3.3925478458 3.3137278557 3.2400550842 3.1713607311 3.1074867249 3.0482866764 2.9936244488 2.9433748722 2.8974218369 
2.8556602001 2.8179938793 2.7843365669 2.7546110153 2.7287483215 2.7066893578 2.6883842945 2.6737902164 2.6628742218 
2.6556105614 2.6519830227 2.6519830227 2.6556105614 2.6628742218 2.6737902164 2.6883842945 2.7066893578 2.7287483215 
2.7546110153 2.7843365669 2.8179938793 2.8556602001 2.8974218369 2.9433748722 2.9936244488 3.0482866764 3.1074867249 
3.1713607311 3.2400550842 3.3137278557 3.3925478458 3.4766960144 3.5663654804 3.6617617607 3.7631034851 3.8706223965 
3.9845650196 4.1051917076 4.2327766418 4.3676128387 4.5100069046 4.660282135 4.818780899 4.9858613014 5.1619029045 
5.3473024368 5.5424785614 5.7478709221 5.9639391899 6.1911692619 6.4300675392 6.6811656952 6.9450216293 7.2222218513 
7.5133757591 7.8191261292 8.1401433945 8.4771318436 8.830824852 9.2019910812 9.5914354324 9.5916862488 9.2024917603 
8.8315725327 8.4781284332 8.1413869858 7.8206129074 7.5151042938 7.2241888046 6.9472260475 6.6836018562 6.4327335358 
6.1940603256 5.967051506 5.7511997223 5.5460190773 5.3510494232 5.1658511162 4.99000597 4.8231163025 4.6648025513 
4.5147070885 4.3724865913 4.2378177643 4.110394001 3.9899230003 3.8761303425 3.7687544823 3.6675498486 3.5722842216 
3.482739687 3.3987100124 3.320002079 3.2464356422 3.1778411865 3.1140611172 3.0549488068 3.0003683567 2.9501941204 
2.9043107033 2.8626132011 2.8250048161 2.7913990021 2.7617197037 2.7358973026 2.7138729095 2.6955962181 2.6810255051 
2.6701264381 2.6628744602 2.6592524052 2.6592524052 2.6628744602 2.6701264381 2.6810255051 2.6955962181 2.7138729095 
2.7358973026 2.7617197037 2.7913990021 2.8250048161 2.8626132011 2.9043107033 2.9501941204 3.0003683567 3.0549488068 
3.1140611172 3.1778411865 3.2464356422 3.320002079 3.3987100124 3.482739687 3.5722842216 3.6675498486 3.7687544823 
3.8761303425 3.9899230003 4.110394001 4.2378177643 4.3724865913 4.5147070885 4.6648025513 4.8231163025 4.99000597 
5.1658511162 5.3510494232 5.5460190773 5.7511997223 5.967051506 6.1940603256 6.4327335358 6.6836018562 6.9472260475 
7.2241888046 7.5151042938 7.8206129074 8.1413869858 8.4781284332 8.8315725327 9.2024917603 9.5916862488 9.5920629501 
9.2032432556 8.832698822 8.4796257019 8.1432552338 7.82284832 7.5177035332 7.2271475792 6.9505405426 6.6872663498 
6.4367418289 6.19840765 5.9717311859 5.7562046051 5.5513420105 5.3566832542 5.1717877388 4.9962377548 4.8296346664 
4.671599865 4.5217733383 4.3798141479 4.2453975677 4.1182160378 3.9979786873 3.8844101429 3.7772495747 3.6762506962 
3.5811817646 3.4918243885 3.4079723358 3.3294334412 3.256026268 3.187582016 3.123942852 3.0649623871 3.0105044842 
2.9604437351 2.9146652222 2.8730630875 2.8355414867 2.8020138741 2.7724032402 2.7466413975 2.7246689796 2.706435442 
2.6918988228 2.6810255051 2.6737904549 2.6701772213 2.6701772213 2.6737904549 2.6810255051 2.6918988228 2.706435442 
2.7246689796 2.7466413975 2.7724032402 2.8020138741 2.8355414867 2.8730630875 2.9146652222 2.9604437351 3.0105044842 
3.0649623871 3.123942852 3.187582016 3.256026268 3.3294334412 3.4079723358 3.4918243885 3.5811817646 3.6762506962 
3.7772495747 3.8844101429 3.9979786873 4.1182160378 4.2453975677 4.3798141479 4.5217733383 4.671599865 4.8296346664 
4.9962377548 5.1717877388 5.3566832542 5.5513420105 5.7562046051 5.9717311859 6.19840765 6.4367418289 6.6872663498 
6.9505405426 7.2271475792 7.5177035332 7.82284832 8.1432552338 8.4796257019 8.832698822 9.2032432556 9.5920629501 
9.5925645828 9.2042484283 8.8342056274 8.481631279 8.1457557678 7.8258404732 7.5211825371 7.2311081886 6.9549751282 
6.6921691895 6.4421052933 6.2042241096 5.9779920578 5.7629003525 5.5584635735 5.3642201424 5.1797299385 5.0045742989 
4.8383545876 4.6806917191 4.5312261581 4.3896155357 4.2555356026 4.128677845 4.0087528229 3.8954839706 3.7886109352 
3.6878871918 3.593080759 3.503973484 3.4203591347 3.3420453072 3.2688508034 3.200606823 3.1371560097 3.0783507824 
3.024056673 2.974148035 2.928508997 2.8870346546 2.8496289253 2.8162050247 2.7866873741 2.7610058784 2.7391021252 
2.7209265232 2.706435442 2.6955964565 2.6883845329 2.6847827435 2.6847827435 2.6883845329 2.6955964565 2.706435442 
2.7209265232 2.7391021252 2.7610058784 2.7866873741 2.8162050247 2.8496289253 2.8870346546 2.928508997 2.974148035 
3.024056673 3.0783507824 3.1371560097 3.200606823 3.2688508034 3.3420453072 3.4203591347 3.503973484 3.593080759 
3.6878871918 3.7886109352 3.8954839706 4.0087528229 4.128677845 4.2555356026 4.3896155357 4.5312261581 4.6806917191 
4.8383545876 5.0045742989 5.1797299385 5.3642201424 5.5584635735 5.7629003525 5.9779920578 6.2042241096 6.4421052933 
6.6921691895 6.9549751282 7.2311081886 7.5211825371 7.8258404732 8.1457557678 8.481631279 8.8342056274 9.2042484283 
9.5925645828 9.5931978226 9.2055130005 8.8360996246 8.4841508865 8.1488962173 7.8295974731 7.5255503654 7.2360796928 
6.9605436325 6.698325634 6.4488401413 6.2115273476 5.9858527184 5.7713069916 5.5674042702 5.3736824989 5.1897015572 
5.0150403976 4.8493008614 4.6921048164 4.5430912971 4.4019165039 4.2682585716 4.1418085098 4.022274971 3.909381628 
3.8028686047 3.7024891376 3.6080117226 3.5192177296 3.4359006882 3.3578686714 3.2849407196 3.2169480324 3.1537322998 
3.0951478481 3.0410585403 2.9913396835 2.9458756447 2.9045610428 2.8673000336 2.8340065479 2.8046040535 2.7790236473 
2.75720644 2.7391023636 2.7246689796 2.713873148 2.7066895962 2.7031023502 2.7031023502 2.7066895962 2.713873148 
2.7246689796 2.7391023636 2.75720644 2.7790236473 2.8046040535 2.8340065479 2.8673000336 2.9045610428 2.9458756447 
2.9913396835 3.0410585403 3.0951478481 3.1537322998 3.2169480324 3.2849407196 3.3578686714 3.4359006882 3.5192177296 
3.6080117226 3.7024891376 3.8028686047 3.909381628 4.022274971 4.1418085098 4.2682585716 4.4019165039 4.5430912971 
4.6921048164 4.8493008614 5.0150403976 5.1897015572 5.3736824989 5.5674042702 5.7713069916 5.9858527184 6.2115273476 
6.4488401413 6.698325634 6.9605436325 7.2360796928 7.5255503654 7.8295974731 8.1488962173 8.4841508865 8.8360996246 
9.2055130005 9.5931978226 9.593960762 9.2070360184 8.8383817673 8.4871902466 8.1526870728 7.8341321945 7.5308218002 
7.2420806885 6.9672632217 6.7057552338 6.4569673538 6.2203397751 5.9953374863 5.7814507484 5.5781917572 5.3850984573 
5.2017292976 5.0276646614 4.8625049591 4.7058706284 4.5574011803 4.4167537689 4.2836031914 4.1576428413 4.0385799408 
3.9261391163 3.8200595379 3.7200951576 3.626013279 3.5375957489 3.4546370506 3.3769440651 3.3043365479 3.2366454601 
3.1737132072 3.1153931618 3.0615506172 3.012059927 2.9668059349 2.92568326 2.8885967731 2.8554599285 2.8261959553 
2.8007369041 2.7790234089 2.7610058784 2.7466418743 2.735897541 2.7287483215 2.7251777649 2.7251777649 2.7287483215 
2.735897541 2.7466418743 2.7610058784 2.7790234089 2.8007369041 2.8261959553 2.8554599285 2.8885967731 2.92568326 
2.9668059349 3.012059927 3.0615506172 3.1153931618 3.1737132072 3.2366454601 3.3043365479 3.3769440651 3.4546370506 
3.5375957489 3.626013279 3.7200951576 3.8200595379 3.9261391163 4.0385799408 4.1576428413 4.2836031914 4.4167537689 
4.5574011803 4.7058706284 4.8625049591 5.0276646614 5.2017292976 5.3850984573 5.5781917572 5.7814507484 5.9953374863 
6.2203397751 6.4569673538 6.7057552338 6.9672632217 7.2420806885 7.5308218002 7.8341321945 8.1526870728 8.4871902466 
8.8383817673 9.2070360184 9.593960762 9.5948572159 9.2088279724 8.8410654068 8.4907588959 8.1571378708 7.8394575119 
7.5370135307 7.2491278648 6.9751558304 6.7144799232 6.4665112495 6.2306880951 6.0064754486 5.7933602333 5.5908565521 
5.3985009193 5.2158498764 5.0424842834 4.8780035973 4.7220287323 4.5741968155 4.4341659546 4.3016104698 4.1762237549 
4.0577125549 3.9458012581 3.8402292728 3.7407503128 3.647131443 3.5591547489 3.4766149521 3.3993189335 3.3270859718 
3.2597477436 3.1971468925 3.1391365528 3.0855820179 3.0363581181 2.9913496971 2.9504516125 2.9135687351 2.880614996 
2.8515133858 2.8261959553 2.8046040535 2.7866873741 2.7724032402 2.7617197037 2.7546107769 2.7510602474 2.7510602474 
2.7546107769 2.7617197037 2.7724032402 2.7866873741 2.8046040535 2.8261959553 2.8515133858 2.880614996 2.9135687351 
2.9504516125 2.9913496971 3.0363581181 3.0855820179 3.1391365528 3.1971468925 3.2597477436 3.3270859718 3.3993189335 
3.4766149521 3.5591547489 3.647131443 3.7407503128 3.8402292728 3.9458012581 4.0577125549 4.1762237549 4.3016104698 
4.4341659546 4.5741968155 4.7220287323 4.8780035973 5.0424842834 5.2158498764 5.3985009193 5.5908565521 5.7933602333 
6.0064754486 6.2306880951 6.4665112495 6.7144799232 6.9751558304 7.2491278648 7.5370135307 7.8394575119 8.1571378708 
8.4907588959 8.8410654068 9.2088279724 9.5948572159 9.5958900452 9.21089077 8.8441553116 8.4948711395 8.1622629166 
7.8455915451 7.5441446304 7.2572441101 6.9842448235 6.724527359 6.4775009155 6.2426037788 6.0192980766 5.8070721626 
5.6054372787 5.4139289856 5.2321043015 5.0595421791 4.8958420753 4.7406229973 4.593524456 4.4542016983 4.3223304749 
4.197602272 4.079723835 3.9684205055 3.8634309769 3.7645087242 3.671421051 3.5839500427 3.5018904209 3.4250490665 
3.353246212 3.2863123417 3.2240908146 3.1664354801 3.1132109165 3.0642926693 3.0195655823 2.9789247513 2.9422750473 
2.9095308781 2.8806147575 2.8554601669 2.8340067863 2.8162055016 2.8020138741 2.7913992405 2.7843365669 2.7808094025 
2.7808094025 2.7843365669 2.7913992405 2.8020138741 2.8162055016 2.8340067863 2.8554601669 2.8806147575 2.9095308781 
2.9422750473 2.9789247513 3.0195655823 3.0642926693 3.1132109165 3.1664354801 3.2240908146 3.2863123417 3.353246212 
3.4250490665 3.5018904209 3.5839500427 3.671421051 3.7645087242 3.8634309769 3.9684205055 4.079723835 4.197602272 
4.3223304749 4.4542016983 4.593524456 4.7406229973 4.8958420753 5.0595421791 5.2321043015 5.4139289856 5.6054372787 
5.8070721626 6.0192980766 6.2426037788 6.4775009155 6.724527359 6.9842448235 7.2572441101 7.5441446304 7.8455915451 
8.1622629166 8.4948711395 8.8441553116 9.21089077 9.5958900452 9.5970611572 9.2132320404 8.847661972 8.499537468 
8.1680831909 7.8525538445 7.5522375107 7.2664556503 6.9945588112 6.7359280586 6.4899706841 6.2561230659 6.0338459015 
5.8226265907 5.6219758987 5.4314289093 5.2505393028 5.0788869858 4.9160704613 4.7617082596 4.6154384613 4.4769172668 
4.3458194733 4.2218356133 4.1046738625 3.9940574169 3.8897252083 3.7914321423 3.6989445686 3.6120448112 3.5305273533 
3.454199791 3.3828816414 3.3164043427 3.2546110153 3.1973559856 3.1445040703 3.0959305763 3.051520586 3.0111699104 
2.9747834206 2.9422752857 2.9135687351 2.8885967731 2.867300272 2.8496289253 2.8355412483 2.8250045776 2.8179938793 
2.8144927025 2.8144927025 2.8179938793 2.8250045776 2.8355412483 2.8496289253 2.867300272 2.8885967731 2.9135687351 
2.9422752857 2.9747834206 3.0111699104 3.051520586 3.0959305763 3.1445040703 3.1973559856 3.2546110153 3.3164043427 
3.3828816414 3.454199791 3.5305273533 3.6120448112 3.6989445686 3.7914321423 3.8897252083 3.9940574169 4.1046738625 
4.2218356133 4.3458194733 4.4769172668 4.6154384613 4.7617082596 4.9160704613 5.0788869858 5.2505393028 5.4314289093 
5.6219758987 5.8226265907 6.0338459015 6.2561230659 6.4899706841 6.7359280586 6.9945588112 7.2664556503 7.5522375107 
7.8525538445 8.1680831909 8.499537468 8.847661972 9.2132320404 9.5970611572 9.5983753204 9.2158584595 8.8515977859 
8.504776001 8.1746139526 7.8603663445 7.5613188744 7.2767906189 7.0061311722 6.7487177849 6.5039587021 6.2712864876 
6.0501637459 5.8400726318 5.6405243874 5.451051712 5.2712097168 5.1005754471 4.938747406 4.785343647 4.640001297 
4.5023760796 4.3721423149 4.2489905357 4.132627964 4.0227789879 3.9191823006 3.8215911388 3.7297735214 3.6435110569 
3.5625987053 3.4868438244 3.4160666466 3.3500983715 3.288782835 3.2319736481 3.1795368195 3.1313474178 3.0872910023 
3.0472633839 3.0111699104 2.9789247513 2.9504516125 2.92568326 2.9045610428 2.8870344162 2.8730630875 2.8626134396 
2.8556599617 2.8521878719 2.8521878719 2.8556599617 2.8626134396 2.8730630875 2.8870344162 2.9045610428 2.92568326 
2.9504516125 2.9789247513 3.0111699104 3.0472633839 3.0872910023 3.1313474178 3.1795368195 3.2319736481 3.288782835 
3.3500983715 3.4160666466 3.4868438244 3.5625987053 3.6435110569 3.7297735214 3.8215911388 3.9191823006 4.0227789879 
4.132627964 4.2489905357 4.3721423149 4.5023760796 4.640001297 4.785343647 4.938747406 5.1005754471 5.2712097168 
5.451051712 5.6405243874 5.8400726318 6.0501637459 6.2712864876 6.5039587021 6.7487177849 7.0061311722 7.2767906189 
7.5613188744 7.8603663445 8.1746139526 8.504776001 8.8515977859 9.2158584595 9.5983753204 9.5998382568 9.2187814713 
8.8559751511 8.5106019974 8.1818761826 7.8690543175 7.5714168549 7.2882823944 7.0189967155 6.7629375458 6.5195088387 
6.2881441116 6.0683002472 5.8594617844 5.6611366272 5.4728574753 5.2941765785 5.124671936 4.9639391899 4.8115973473 
4.6672825813 4.530649662 4.4013724327 4.2791414261 4.163664341 4.054664135 3.9518799782 3.8550653458 3.7639877796 
3.6784296036 3.5981857777 3.5230636597 3.4528837204 3.3874778748 3.3266894817 3.2703728676 3.2183938026 3.1706283092 
3.1269624233 3.0872910023 3.051520586 3.0195655823 2.9913496971 2.9668059349 2.9458756447 2.928508997 2.9146652222 
2.9043109417 2.8974218369 2.8939812183 2.8939812183 2.8974218369 2.9043109417 2.9146652222 2.928508997 2.9458756447 
2.9668059349 2.9913496971 3.0195655823 3.051520586 3.0872910023 3.1269624233 3.1706283092 3.2183938026 3.2703728676 
3.3266894817 3.3874778748 3.4528837204 3.5230636597 3.5981857777 3.6784296036 3.7639877796 3.8550653458 3.9518799782 
4.054664135 4.163664341 4.2791414261 4.4013724327 4.530649662 4.6672825813 4.8115973473 4.9639391899 5.124671936 
5.2941765785 5.4728574753 5.6611366272 5.8594617844 6.0683002472 6.2881441116 6.5195088387 6.7629375458 7.0189967155 
7.2882823944 7.5714168549 7.8690543175 8.1818761826 8.5106019974 8.8559751511 9.2187814713 9.5998382568 9.6014528275 
9.2220087051 8.8608083725 8.5170326233 8.1898956299 7.8786449432 7.5825638771 7.3009667397 7.0331978798 6.7786316872 
6.5366711617 6.306746006 6.0883126259 5.880853653 5.6838760376 5.4969105721 5.3195080757 5.151245594 4.9917192459 
4.8405451775 4.6973595619 4.5618166924 4.4335904121 4.312371254 4.1978654861 4.08979702 3.9879047871 3.8919417858 
3.8016765118 3.7168905735 3.6373791695 3.5629506111 3.4934253693 3.4286351204 3.3684239388 3.3126468658 3.2611694336 
3.2138679028 3.1706285477 3.1313476562 3.0959305763 3.0642931461 3.0363583565 3.012059927 2.991339922 2.9741482735 
2.9604439735 2.9501943588 2.9433748722 2.9399690628 2.9399690628 2.9433748722 2.9501943588 2.9604439735 2.9741482735 
2.991339922 3.012059927 3.0363583565 3.0642931461 3.0959305763 3.1313476562 3.1706285477 3.2138679028 3.2611694336 
3.3126468658 3.3684239388 3.4286351204 3.4934253693 3.5629506111 3.6373791695 3.7168905735 3.8016765118 3.8919417858 
3.9879047871 4.08979702 4.1978654861 4.312371254 4.4335904121 4.5618166924 4.6973595619 4.8405451775 4.9917192459 
5.151245594 5.3195080757 5.4969105721 5.6838760376 5.880853653 6.0883126259 6.306746006 6.5366711617 6.7786316872 
7.0331978798 7.3009667397 7.5825638771 7.8786449432 8.1898956299 8.5170326233 8.8608083725 9.2220087051 9.6014528275 
9.6032266617 9.2255516052 8.866112709 8.5240907669 8.1986951828 7.8891711235 7.5947971344 7.31488657 7.0487804413 
6.7958512306 6.5554986 6.3271512985 6.1102633476 5.9043149948 5.7088127136 5.5232834816 5.3472795486 5.1803760529 
5.0221676826 4.8722691536 4.7303175926 4.5959663391 4.4688868523 4.3487710953 4.2353258133 4.1282730103 4.0273528099 
3.932318449 3.8429377079 3.7589929104 3.6802797318 3.6066057682 3.5377929211 3.4736726284 3.4140892029 3.3588986397 
3.3079664707 3.2611691952 3.2183940411 3.1795368195 3.1445043087 3.1132111549 3.0855824947 3.0615506172 3.0410587788 
3.0240571499 3.0105044842 3.0003683567 2.9936244488 2.9902565479 2.9902565479 2.9936244488 3.0003683567 3.0105044842 
3.0240571499 3.0410587788 3.0615506172 3.0855824947 3.1132111549 3.1445043087 3.1795368195 3.2183940411 3.2611691952 
3.3079664707 3.3588986397 3.4140892029 3.4736726284 3.5377929211 3.6066057682 3.6802797318 3.7589929104 3.8429377079 
3.932318449 4.0273528099 4.1282730103 4.2353258133 4.3487710953 4.4688868523 4.5959663391 4.7303175926 4.8722691536 
5.0221676826 5.1803760529 5.3472795486 5.5232834816 5.7088127136 5.9043149948 6.1102633476 6.3271512985 6.5554986 
6.7958512306 7.0487804413 7.31488657 7.5947971344 7.8891711235 8.1986951828 8.5240907669 8.866112709 9.2255516052 
9.6032266617 9.6051616669 9.2294197083 8.8719081879 8.5318012238 8.2083072662 7.9006667137 7.6081571579 7.3300862312 
7.0657949448 6.8146514893 6.5760526657 6.349424839 6.1342206001 5.9299182892 5.7360219955 5.5520572662 5.3775758743 
5.2121500969 5.0553741455 4.9068632126 4.7662520409 4.6331934929 4.5073599815 4.3884425163 4.2761464119 4.1701960564 
4.070330143 3.9763016701 3.8878793716 3.8048455715 3.7269961834 3.6541399956 3.5860972404 3.5227017403 3.4637978077 
3.4092411995 3.3588986397 3.3126466274 3.2703728676 3.2319741249 3.1973562241 3.166435957 3.1391367912 3.1153934002 
3.0951478481 3.0783510208 3.0649623871 3.0549488068 3.0482866764 3.0449595451 3.0449595451 3.0482866764 3.0549488068 
3.0649623871 3.0783510208 3.0951478481 3.1153934002 3.1391367912 3.166435957 3.1973562241 3.2319741249 3.2703728676 
3.3126466274 3.3588986397 3.4092411995 3.4637978077 3.5227017403 3.5860972404 3.6541399956 3.7269961834 3.8048455715 
3.8878793716 3.9763016701 4.070330143 4.1701960564 4.2761464119 4.3884425163 4.5073599815 4.6331934929 4.7662520409 
4.9068632126 5.0553741455 5.2121500969 5.3775758743 5.5520572662 5.7360219955 5.9299182892 6.1342206001 6.349424839 
6.5760526657 6.8146514893 7.0657949448 7.3300862312 7.6081571579 7.9006667137 8.2083072662 8.5318012238 8.8719081879 
9.2294197083 9.6051616669 9.6072692871 9.233631134 8.8782148361 8.5401906967 8.2187643051 7.9131717682 7.6226887703 
7.3466186523 7.0842971802 6.8350925446 6.5983991623 6.3736381531 6.1602606773 5.9577445984 5.7655892372 5.5833201408 
5.4104876518 5.2466626167 5.0914373398 4.9444274902 4.8052654266 4.6736049652 4.5491185188 4.4314951897 4.320441246 
4.2156801224 4.1169509888 4.0240077972 3.9366190434 3.8545672894 3.7776489258 3.7056727409 3.6384601593 3.5758447647 
3.5176720619 3.4637978077 3.4140892029 3.3684239388 3.3266894817 3.288782835 3.2546112537 3.224091053 3.1971466541 
3.1737132072 3.1537320614 3.1371557713 3.123942852 3.1140611172 3.1074864864 3.1042034626 3.1042034626 3.1074864864 
3.1140611172 3.123942852 3.1371557713 3.1537320614 3.1737132072 3.1971466541 3.224091053 3.2546112537 3.288782835 
3.3266894817 3.3684239388 3.4140892029 3.4637978077 3.5176720619 3.5758447647 3.6384601593 3.7056727409 3.7776489258 
3.8545672894 3.9366190434 4.0240077972 4.1169509888 4.2156801224 4.320441246 4.4314951897 4.5491185188 4.6736049652 
4.8052654266 4.9444274902 5.0914373398 5.2466626167 5.4104876518 5.5833201408 5.7655892372 5.9577445984 6.1602606773 
6.3736381531 6.5983991623 6.8350925446 7.0842971802 7.3466186523 7.6226887703 7.9131717682 8.2187643051 8.5401906967 
8.8782148361 9.233631134 9.6072692871 9.6095533371 9.2381954193 8.8850507736 8.5492858887 8.2301006317 7.9267277718 
7.6384391785 7.3645358086 7.10435009 6.8572444916 6.622610569 6.3998699188 6.1884679794 5.9878811836 5.797606945 
5.6171693802 5.4461159706 5.2840175629 5.1304650307 4.9850730896 4.8474726677 4.717318058 4.5942807198 4.4780492783 
4.3683309555 4.2648482323 4.1673417091 4.0755639076 3.9892849922 3.9082875252 3.8323676586 3.7613353729 3.6950130463 
3.633234024 3.5758447647 3.5227019787 3.4736726284 3.4286351204 3.3874778748 3.3500983715 3.3164043427 3.2863123417 
3.259747982 3.2366454601 3.216947794 3.200606823 3.1875817776 3.1778411865 3.1713604927 3.1681239605 3.1681239605 
3.1713604927 3.1778411865 3.1875817776 3.200606823 3.216947794 3.2366454601 3.259747982 3.2863123417 3.3164043427 
3.3500983715 3.3874778748 3.4286351204 3.4736726284 3.5227019787 3.5758447647 3.633234024 3.6950130463 3.7613353729 
3.8323676586 3.9082875252 3.9892849922 4.0755639076 4.1673417091 4.2648482323 4.3683309555 4.4780492783 4.5942807198 
4.717318058 4.8474726677 4.9850730896 5.1304650307 5.2840175629 5.4461159706 5.6171693802 5.797606945 5.9878811836 
6.1884679794 6.3998699188 6.622610569 6.8572444916 7.10435009 7.3645358086 7.6384391785 7.9267277718 8.2301006317 
8.5492858887 8.8850507736 9.2381954193 9.6095533371 9.6120252609 9.2431316376 8.8924427032 8.5591182709 8.2423534393 
7.9413809776 7.655465126 7.3839015961 7.1260194778 6.8811788559 6.6487689018 6.4282050133 6.2189326286 6.0204238892 
5.832174778 5.6537084579 5.4845705032 5.3243284225 5.1725740433 5.0289187431 4.8929958344 4.7644572258 4.6429743767 
4.5282354355 4.4199485779 4.3178358078 4.2216377258 4.131108284 4.0460162163 3.9661455154 3.8912932873 3.8212702274 
3.7558987141 3.6950130463 3.6384601593 3.5860974789 3.5377929211 3.4934256077 3.4528839588 3.4160666466 3.3828816414 
3.353246212 3.3270862103 3.3043367863 3.2849407196 3.268850565 3.2560260296 3.2464354038 3.2400550842 3.2368683815 
3.2368683815 3.2400550842 3.2464354038 3.2560260296 3.268850565 3.2849407196 3.3043367863 3.3270862103 3.353246212 
3.3828816414 3.4160666466 3.4528839588 3.4934256077 3.5377929211 3.5860974789 3.6384601593 3.6950130463 3.7558987141 
3.8212702274 3.8912932873 3.9661455154 4.0460162163 4.131108284 4.2216377258 4.3178358078 4.4199485779 4.5282354355 
4.6429743767 4.7644572258 4.8929958344 5.0289187431 5.1725740433 5.3243284225 5.4845705032 5.6537084579 5.832174778 
6.0204238892 6.2189326286 6.4282050133 6.6487689018 6.8811788559 7.1260194778 7.3839015961 7.655465126 7.9413809776 
8.2423534393 8.5591182709 8.8924427032 9.2431316376 9.6120252609 9.614689827 9.2484560013 8.9004135132 8.5697221756 
8.2555704117 7.9571843147 7.6738233566 7.4047803879 7.1493806839 6.9069786072 6.6769595146 6.4587373734 6.2517542839 
6.0554785728 5.8694057465 5.6930551529 5.5259699821 5.3677186966 5.2178907394 5.0760970116 4.9419693947 4.8151597977 
4.695338726 4.5821957588 4.4754376411 4.3747878075 4.2799859047 4.1907873154 4.1069607735 4.0282917023 3.9545779228 
3.8856296539 3.8212702274 3.7613356113 3.7056727409 3.6541399956 3.606606245 3.562951088 3.5230638981 3.4868440628 
3.454199791 3.425049305 3.3993189335 3.3769440651 3.3578689098 3.3420450687 3.3294332027 3.3200018406 3.3137276173 
3.3105943203 3.3105943203 3.3137276173 3.3200018406 3.3294332027 3.3420450687 3.3578689098 3.3769440651 3.3993189335 
3.425049305 3.454199791 3.4868440628 3.5230638981 3.562951088 3.606606245 3.6541399956 3.7056727409 3.7613356113 
3.8212702274 3.8856296539 3.9545779228 4.0282917023 4.1069607735 4.1907873154 4.2799859047 4.3747878075 4.4754376411 
4.5821957588 4.695338726 4.8151597977 4.9419693947 5.0760970116 5.2178907394 5.3677186966 5.5259699821 5.6930551529 
5.8694057465 6.0554785728 6.2517542839 6.4587373734 6.6769595146 6.9069786072 7.1493806839 7.4047803879 7.6738233566 
7.9571843147 8.2555704117 8.5697221756 8.9004135132 9.2484560013 9.614689827 9.6175584793 9.2541866302 8.9089946747 
8.5811376572 8.2697963715 7.9741921425 7.6935796738 7.4272470474 7.17451334 6.9347305298 6.707280159 6.4915704727 
6.287042141 6.0931606293 5.9094176292 5.7353320122 5.5704445839 5.4143228531 5.2665538788 5.1267485619 4.9945378304 
4.8695731163 4.7515249252 4.6400828362 4.5349535942 4.4358611107 4.3425459862 4.2547621727 4.1722826958 4.0948901176 
4.0223851204 3.9545781612 3.8912935257 3.832367897 3.7776489258 3.7269964218 3.6802799702 3.6373796463 3.5981860161 
3.5625989437 3.5305275917 3.5018906593 3.4766151905 3.454637289 3.4359009266 3.4203591347 3.4079725742 3.398709774 
3.3925476074 3.3894705772 3.3894705772 3.3925476074 3.398709774 3.4079725742 3.4203591347 3.4359009266 3.454637289 
3.4766151905 3.5018906593 3.5305275917 3.5625989437 3.5981860161 3.6373796463 3.6802799702 3.7269964218 3.7776489258 
3.832367897 3.8912935257 3.9545781612 4.0223851204 4.0948901176 4.1722826958 4.2547621727 4.3425459862 4.4358611107 
4.5349535942 4.6400828362 4.7515249252 4.8695731163 4.9945378304 5.1267485619 5.2665538788 5.4143228531 5.5704445839 
5.7353320122 5.9094176292 6.0931606293 6.287042141 6.4915704727 6.707280159 6.9347305298 7.17451334 7.4272470474 
7.6935796738 7.9741921425 8.2697963715 8.5811376572 8.9089946747 9.2541866302 9.6175584793 9.6206417084 9.2603464127 
8.9182195663 8.5934066772 8.2850837708 7.9924664497 7.7148051262 7.451379776 7.2015061378 6.9645318985 6.7398324013 
6.5268144608 6.3249139786 6.1335940361 5.9523420334 5.7806763649 5.6181364059 5.4642863274 5.3187127113 5.1810264587 
5.0508575439 4.9278569221 4.811694622 4.7020606995 4.5986633301 4.5012249947 4.4094872475 4.3232064247 4.2421536446 
4.166115284 4.0948905945 4.0282921791 3.9661457539 3.908288002 3.8545677662 3.8048458099 3.7589931488 3.7168905735 
3.6784300804 3.6435112953 3.6120450497 3.5839505196 3.5591552258 3.5375959873 3.5192177296 3.5039737225 3.4918243885 
3.482739687 3.476695776 3.4736776352 3.4736776352 3.476695776 3.482739687 3.4918243885 3.5039737225 3.5192177296 
3.5375959873 3.5591552258 3.5839505196 3.6120450497 3.6435112953 3.6784300804 3.7168905735 3.7589931488 3.8048458099 
3.8545677662 3.908288002 3.9661457539 4.0282921791 4.0948905945 4.166115284 4.2421536446 4.3232064247 4.4094872475 
4.5012249947 4.5986633301 4.7020606995 4.811694622 4.9278569221 5.0508575439 5.1810264587 5.3187127113 5.4642863274 
5.6181364059 5.7806763649 5.9523420334 6.1335940361 6.3249139786 6.5268144608 6.7398324013 6.9645318985 7.2015061378 
7.451379776 7.7148051262 7.9924664497 8.2850837708 8.5934066772 8.9182195663 9.2603464127 9.6206417084 9.6239500046 
9.266957283 8.9281196594 8.6065721512 8.3014888763 8.0120763779 7.7375760078 7.4772667885 7.2304558754 6.9964871407 
6.774731636 6.5645909309 6.3654980659 6.1769118309 5.9983201027 5.8292346001 5.669195652 5.5177650452 5.3745293617 
5.2390966415 5.1110978127 4.9901828766 4.8760232925 4.7683086395 4.6667456627 4.5710601807 4.4809937477 4.3963027 
4.3167610168 4.2421536446 4.1722826958 4.1069612503 4.0460162163 3.9892854691 3.9366195202 3.8878796101 3.8429379463 
3.8016769886 3.763988018 3.7297737598 3.6989445686 3.6714212894 3.6471316814 3.6260135174 3.6080121994 3.5930812359 
3.581182003 3.5722842216 3.5663654804 3.5634095669 3.5634095669 3.5663654804 3.5722842216 3.581182003 3.5930812359 
3.6080121994 3.6260135174 3.6471316814 3.6714212894 3.6989445686 3.7297737598 3.763988018 3.8016769886 3.8429379463 
3.8878796101 3.9366195202 3.9892854691 4.0460162163 4.1069612503 4.1722826958 4.2421536446 4.3167610168 4.3963027 
4.4809937477 4.5710601807 4.6667456627 4.7683086395 4.8760232925 4.9901828766 5.1110978127 5.2390966415 5.3745293617 
5.5177650452 5.669195652 5.8292346001 5.9983201027 6.1769118309 6.3654980659 6.5645909309 6.774731636 6.9964871407 
7.2304558754 7.4772667885 7.7375760078 8.0120763779 8.3014888763 8.6065721512 8.9281196594 9.266957283 9.6239500046 
9.6274986267 9.2740459442 8.9387321472 8.6206865311 8.3190727234 8.0330915451 7.7619771957 7.505001545 7.26146698 
7.030711174 6.8120994568 6.6050310135 6.4089336395 6.2232632637 6.0475039482 5.881166935 5.7237882614 5.574930191 
5.4341773987 5.3011374474 5.1754403114 5.0567374229 4.9446992874 4.8390154839 4.7393946648 4.6455631256 4.5572624207 
4.4742512703 4.3963031769 4.3232064247 4.2547626495 4.1907877922 4.131108284 4.0755648613 4.0240082741 3.9763016701 
3.9323186874 3.8919420242 3.8550653458 3.8215913773 3.7914321423 3.7645087242 3.7407505512 3.720095396 3.7024896145 
3.6878876686 3.6762509346 3.6675498486 3.6617617607 3.6588711739 3.6588711739 3.6617617607 3.6675498486 3.6762509346 
3.6878876686 3.7024896145 3.720095396 3.7407505512 3.7645087242 3.7914321423 3.8215913773 3.8550653458 3.8919420242 
3.9323186874 3.9763016701 4.0240082741 4.0755648613 4.131108284 4.1907877922 4.2547626495 4.3232064247 4.3963031769 
4.4742512703 4.5572624207 4.6455631256 4.7393946648 4.8390154839 4.9446992874 5.0567374229 5.1754403114 5.3011374474 
5.4341773987 5.574930191 5.7237882614 5.881166935 6.0475039482 6.2232632637 6.4089336395 6.6050310135 6.8120994568 
7.030711174 7.26146698 7.505001545 7.7619771957 8.0330915451 8.3190727234 8.6206865311 8.9387321472 9.2740459442 
9.6274986267 9.6312990189 9.2816400528 8.9501018524 8.63580513 8.3379049301 8.0555944443 7.7881007195 7.5346889496 
7.2946548462 7.0673284531 6.8520717621 6.6482791901 6.4553728104 6.2728061676 6.1000609398 5.9366445541 5.7820920944 
5.6359648705 5.497844696 5.3673400879 5.2440814972 5.1277194023 5.0179238319 4.9143867493 4.8168168068 4.7249412537 
4.6385030746 4.5572624207 4.4809942245 4.4094872475 4.3425459862 4.2799863815 4.2216382027 4.1673417091 4.1169514656 
4.0703306198 4.0273532867 3.9879050255 3.9518802166 3.919182539 3.8897256851 3.8634312153 3.8402297497 3.8200597763 
3.8028688431 3.788611412 3.7772495747 3.7687544823 3.7631034851 3.7602813244 3.7602813244 3.7631034851 3.7687544823 
3.7772495747 3.788611412 3.8028688431 3.8200597763 3.8402297497 3.8634312153 3.8897256851 3.919182539 3.9518802166 
3.9879050255 4.0273532867 4.0703306198 4.1169514656 4.1673417091 4.2216382027 4.2799863815 4.3425459862 4.4094872475 
4.4809942245 4.5572624207 4.6385030746 4.7249412537 4.8168168068 4.9143867493 5.0179238319 5.1277194023 5.2440814972 
5.3673400879 5.497844696 5.6359648705 5.7820920944 5.9366445541 6.1000609398 6.2728061676 6.4553728104 6.6482791901 
6.8520717621 7.0673284531 7.2946548462 7.5346889496 7.7881007195 8.0555944443 8.3379049301 8.63580513 8.9501018524 
9.2816400528 9.6312990189 9.6353683472 9.2897691727 8.9622716904 8.6519851685 8.3580570221 8.0796718597 7.8160486221 
7.5664424896 7.3301434517 7.1064763069 6.8947958946 6.6944904327 6.5049800873 6.3257141113 6.1561703682 5.9958548546 
5.8443002701 5.7010660172 5.5657343864 5.437912941 5.317232132 5.2033414841 5.0959143639 4.994641304 4.8992338181 
4.8094186783 4.7249412537 4.6455631256 4.5710606575 4.5012254715 4.4358615875 4.3747882843 4.3178362846 4.2648491859 
4.2156801224 4.1701965332 4.1282734871 4.0897974968 4.0546646118 4.0227794647 3.9940576553 3.9684207439 3.9458017349 
3.9261393547 3.9093818665 3.8954844475 3.8844106197 3.8761305809 3.8706223965 3.8678722382 3.8678722382 3.8706223965 
3.8761305809 3.8844106197 3.8954844475 3.9093818665 3.9261393547 3.9458017349 3.9684207439 3.9940576553 4.0227794647 
4.0546646118 4.0897974968 4.1282734871 4.1701965332 4.2156801224 4.2648491859 4.3178362846 4.3747882843 4.4358615875 
4.5012254715 4.5710606575 4.6455631256 4.7249412537 4.8094186783 4.8992338181 4.994641304 5.0959143639 5.2033414841 
5.317232132 5.437912941 5.5657343864 5.7010660172 5.8443002701 5.9958548546 6.1561703682 6.3257141113 6.5049800873 
6.6944904327 6.8947958946 7.1064763069 7.3301434517 7.5664424896 7.8160486221 8.0796718597 8.3580570221 8.6519851685 
8.9622716904 9.2897691727 9.6353683472 9.6397247314 9.2984676361 8.9752922058 8.669295311 8.3796129227 8.10542202 
7.8459300995 7.6003856659 7.3680701256 7.1483011246 6.940428257 6.7438340187 6.5579342842 6.382174015 6.2160272598 
6.0589995384 5.9106202126 5.7704482079 5.6380643845 5.5130777359 5.3951172829 5.2838349342 5.1789031029 5.0800147057 
4.9868817329 4.8992338181 4.8168168068 4.7393946648 4.6667461395 4.5986638069 4.534954071 4.475438118 4.4199490547 
4.3683314323 4.320441246 4.2761473656 4.2353258133 4.197865963 4.163664341 4.1326284409 4.1046738625 4.0797243118 
4.0577130318 4.0385799408 4.022274971 4.0087532997 3.9979786873 3.9899232388 3.9845650196 3.9818894863 3.9818894863 
3.9845650196 3.9899232388 3.9979786873 4.0087532997 4.022274971 4.0385799408 4.0577130318 4.0797243118 4.1046738625 
4.1326284409 4.163664341 4.197865963 4.2353258133 4.2761473656 4.320441246 4.3683314323 4.4199490547 4.475438118 
4.534954071 4.5986638069 4.6667461395 4.7393946648 4.8168168068 4.8992338181 4.9868817329 5.0800147057 5.1789031029 
5.2838349342 5.3951172829 5.5130777359 5.6380643845 5.7704482079 5.9106202126 6.0589995384 6.2160272598 6.382174015 
6.5579342842 6.7438340187 6.940428257 7.1483011246 7.3680701256 7.6003856659 7.8459300995 8.10542202 8.3796129227 
8.669295311 8.9752922058 9.2984676361 9.6397247314 9.6443824768 9.3077726364 8.9892187119 8.6878070831 8.4026622772 
8.1329479218 7.8778657913 7.6366524696 7.4085826874 7.1929650307 6.9891433716 6.7964940071 6.6144285202 6.442387104 
6.279841423 6.1262950897 5.9812750816 5.8443388939 5.715069294 5.5930733681 5.4779806137 5.3694448471 5.267138958 
5.1707577705 5.0800147057 4.994641304 4.9143867493 4.8390159607 4.7683091164 4.7020616531 4.6400837898 4.5821962357 
4.5282363892 4.4780497551 4.4314961433 4.3884429932 4.3487710953 4.312371254 4.2791419029 4.2489910126 4.2218356133 
4.197602272 4.1762237549 4.1576423645 4.1418085098 4.128677845 4.1182165146 4.1103944778 4.1051912308 4.1025929451 
4.1025929451 4.1051912308 4.1103944778 4.1182165146 4.128677845 4.1418085098 4.1576423645 4.1762237549 4.197602272 
4.2218356133 4.2489910126 4.2791419029 4.312371254 4.3487710953 4.3884429932 4.4314961433 4.4780497551 4.5282363892 
4.5821962357 4.6400837898 4.7020616531 4.7683091164 4.8390159607 4.9143867493 4.994641304 5.0800147057 5.1707577705 
5.267138958 5.3694448471 5.4779806137 5.5930733681 5.715069294 5.8443388939 5.9812750816 6.1262950897 6.279841423 
6.442387104 6.6144285202 6.7964940071 6.9891433716 7.1929650307 7.4085826874 7.6366524696 7.8778657913 8.1329479218 
8.4026622772 8.6878070831 8.9892187119 9.3077726364 9.6443824768 9.6493654251 9.3177232742 9.0041103363 8.7075986862 
8.4272994995 8.1623649597 7.9119882584 7.6753921509 7.4518442154 7.240644455 7.0411291122 6.8526701927 6.6746726036 
6.5065732002 6.3478412628 6.197977066 6.0565071106 5.9229879379 5.7970018387 5.678155899 5.5660820007 5.46043396 
5.3608875275 5.267138958 5.1789031029 5.0959143639 5.0179238319 4.9446992874 4.8760232925 4.8116950989 4.7515249252 
4.6953392029 4.6429743767 4.5942811966 4.5491189957 4.5073604584 4.4688873291 4.433590889 4.4013729095 4.3721427917 
4.3458194733 4.3223309517 4.3016109467 4.2836031914 4.2682585716 4.2555351257 4.2453975677 4.2378182411 4.2327771187 
4.2302594185 4.2302594185 4.2327771187 4.2378182411 4.2453975677 4.2555351257 4.2682585716 4.2836031914 4.3016109467 
4.3223309517 4.3458194733 4.3721427917 4.4013729095 4.433590889 4.4688873291 4.5073604584 4.5491189957 4.5942811966 
4.6429743767 4.6953392029 4.7515249252 4.8116950989 4.8760232925 4.9446992874 5.0179238319 5.0959143639 5.1789031029 
5.267138958 5.3608875275 5.46043396 5.5660820007 5.678155899 5.7970018387 5.9229879379 6.0565071106 6.197977066 
6.3478412628 6.5065732002 6.6746726036 6.8526701927 7.0411291122 7.240644455 7.4518442154 7.6753921509 7.9119882584 
8.1623649597 8.4272994995 8.7075986862 9.0041103363 9.3177232742 9.6493654251 9.6546936035 9.3283643723 9.0200328827 
8.7287540436 8.4536323547 8.1938018799 7.9484410286 7.7167663574 7.4980325699 7.2915306091 7.0965919495 6.9125795364 
6.7388944626 6.5749697685 6.4202718735 6.2742981911 6.1365761757 6.0066590309 5.8841314316 5.7686014175 5.6597003937 
5.5570859909 5.4604334831 5.3694448471 5.2838349342 5.2033414841 5.1277194023 5.0567374229 4.9901833534 4.9278569221 
4.8695731163 4.8151597977 4.7644577026 4.7173185349 4.673605442 4.6331939697 4.5959663391 4.5618166924 4.530649662 
4.5023765564 4.4769177437 4.4542021751 4.4341659546 4.4167537689 4.4019165039 4.3896155357 4.3798141479 4.3724870682 
4.3676128387 4.3651795387 4.3651795387 4.3676128387 4.3724870682 4.3798141479 4.3896155357 4.4019165039 4.4167537689 
4.4341659546 4.4542021751 4.4769177437 4.5023765564 4.530649662 4.5618166924 4.5959663391 4.6331939697 4.673605442 
4.7173185349 4.7644577026 4.8151597977 4.8695731163 4.9278569221 4.9901833534 5.0567374229 5.1277194023 5.2033414841 
5.2838349342 5.3694448471 5.4604334831 5.5570859909 5.6597003937 5.7686014175 5.8841314316 6.0066590309 6.1365761757 
6.2742981911 6.4202718735 6.5749697685 6.7388944626 6.9125795364 7.0965919495 7.2915306091 7.4980325699 7.7167663574 
7.9484410286 8.1938018799 8.4536323547 8.7287540436 9.0200328827 9.3283643723 9.6546936035 9.6603927612 9.3397445679 
9.0370597839 8.7513751984 8.4817810059 8.2273960114 7.987385273 7.7609524727 7.5473413467 7.3458347321 7.1557545662 
6.9764590263 6.8073425293 6.6478352547 6.4974007607 6.3555350304 6.2217626572 6.0956397057 5.9767508507 5.8647041321 
5.7591347694 5.6597003937 5.5660820007 5.4779810905 5.3951177597 5.317232132 5.2440814972 5.1754403114 5.1110973358 
5.0508575439 4.9945378304 4.9419693947 4.8929958344 4.8474726677 4.8052659035 4.7662520409 4.7303180695 4.6973595619 
4.6672830582 4.6400017738 4.6154389381 4.593524456 4.5741968155 4.5574011803 4.5430908203 4.5312261581 4.5217733383 
4.5147070885 4.5100073814 4.5076599121 4.5076599121 4.5100073814 4.5147070885 4.5217733383 4.5312261581 4.5430908203 
4.5574011803 4.5741968155 4.593524456 4.6154389381 4.6400017738 4.6672830582 4.6973595619 4.7303180695 4.7662520409 
4.8052659035 4.8474726677 4.8929958344 4.9419693947 4.9945378304 5.0508575439 5.1110973358 5.1754403114 5.2440814972 
5.317232132 5.3951177597 5.4779810905 5.5660820007 5.6597003937 5.7591347694 5.8647041321 5.9767508507 6.0956397057 
6.2217626572 6.3555350304 6.4974007607 6.6478352547 6.8073425293 6.9764590263 7.1557545662 7.3458347321 7.5473413467 
7.7609524727 7.987385273 8.2273960114 8.4817810059 8.7513751984 9.0370597839 9.3397445679 9.6603927612 9.6664896011 
9.3519191742 9.055270195 8.7755661011 8.5118761063 8.2633018494 8.0289945602 7.8081445694 7.599984169 7.4037852287 
7.2188620567 7.0445652008 6.8802857399 6.7254481316 6.5795149803 6.4419803619 6.3123688698 6.190237999 6.0751719475 
5.9667811394 5.8647046089 5.7686014175 5.678155899 5.5930738449 5.5130782127 5.4379138947 5.3673405647 5.3011379242 
5.2390971184 5.1810269356 5.1267485619 5.0760970116 5.02891922 4.9850735664 4.9444274902 4.9068632126 4.8722696304 
4.8405451775 4.8115978241 4.7853441238 4.7617087364 4.7406234741 4.7220287323 4.7058706284 4.6921048164 4.6806921959 
4.671599865 4.6648030281 4.6602826118 4.6580252647 4.6580252647 4.6602826118 4.6648030281 4.671599865 4.6806921959 
4.6921048164 4.7058706284 4.7220287323 4.7406234741 4.7617087364 4.7853441238 4.8115978241 4.8405451775 4.8722696304 
4.9068632126 4.9444274902 4.9850735664 5.02891922 5.0760970116 5.1267485619 5.1810269356 5.2390971184 5.3011379242 
5.3673405647 5.4379138947 5.5130782127 5.5930738449 5.678155899 5.7686014175 5.8647046089 5.9667811394 6.0751719475 
6.190237999 6.3123688698 6.4419803619 6.5795149803 6.7254481316 6.8802857399 7.0445652008 7.2188620567 7.4037852287 
7.599984169 7.8081445694 8.0289945602 8.2633018494 8.5118761063 8.7755661011 9.055270195 9.3519191742 9.6664896011 
9.6730136871 9.3649463654 9.0747566223 8.801445961 8.5440616608 8.3016910553 8.0734634399 7.8585591316 7.6561956406 
7.4656348228 7.2861809731 7.1171798706 6.9580159187 6.8081126213 6.6669278145 6.533955574 6.4087219238 6.290784359 
6.1797294617 6.0751714706 5.9767508507 5.8841319084 5.7970018387 5.7150697708 5.6380648613 5.5657353401 5.4978451729 
5.4341778755 5.3745293617 5.3187127113 5.2665543556 5.2178907394 5.1725740433 5.1304655075 5.0914378166 5.0553741455 
5.0221676826 4.9917197227 4.9639396667 4.9387483597 4.9160709381 4.8958425522 4.8780040741 4.8625049591 4.8493013382 
4.8383550644 4.8296346664 4.8231163025 4.8187813759 4.8166160583 4.8166160583 4.8187813759 4.8231163025 4.8296346664 
4.8383550644 4.8493013382 4.8625049591 4.8780040741 4.8958425522 4.9160709381 4.9387483597 4.9639396667 4.9917197227 
5.0221676826 5.0553741455 5.0914378166 5.1304655075 5.1725740433 5.2178907394 5.2665543556 5.3187127113 5.3745293617 
5.4341778755 5.4978451729 5.5657353401 5.6380648613 5.7150697708 5.7970018387 5.8841319084 5.9767508507 6.0751714706 
6.1797294617 6.290784359 6.4087219238 6.533955574 6.6669278145 6.8081126213 6.9580159187 7.1171798706 7.2861809731 
7.4656348228 7.6561956406 7.8585591316 8.0734634399 8.3016910553 8.5440616608 8.801445961 9.0747566223 9.3649463654 
9.6730136871 9.6800022125 9.3788967133 9.095618248 8.8291444778 8.578499794 8.3427476883 8.121006012 7.9124317169 
7.7162313461 7.5316572189 7.3580031395 7.1946082115 7.0408525467 6.8961558342 6.7599754333 6.6318044662 6.5111718178 
6.3976349831 6.290784359 6.190237999 6.0956401825 6.0066590309 5.9229879379 5.8443398476 5.7704482079 5.701066494 
5.6359648705 5.574930191 5.517765522 5.4642868042 5.4143228531 5.3677191734 5.3243288994 5.2840180397 5.2466626167 
5.2121505737 5.1803760529 5.151245594 5.124671936 5.1005759239 5.0788874626 5.0595426559 5.0424842834 5.0276651382 
5.0150403976 5.0045747757 4.9962382317 4.9900064468 4.9858617783 4.983792305 4.983792305 4.9858617783 4.9900064468 
4.9962382317 5.0045747757 5.0150403976 5.0276651382 5.0424842834 5.0595426559 5.0788874626 5.1005759239 5.124671936 
5.151245594 5.1803760529 5.2121505737 5.2466626167 5.2840180397 5.3243288994 5.3677191734 5.4143228531 5.4642868042 
5.517765522 5.574930191 5.6359648705 5.701066494 5.7704482079 5.8443398476 5.9229879379 6.0066590309 6.0956401825 
6.190237999 6.290784359 6.3976349831 6.5111718178 6.6318044662 6.7599754333 6.8961558342 7.0408525467 7.1946082115 
7.3580031395 7.5316572189 7.7162313461 7.9124317169 8.121006012 8.3427476883 8.578499794 8.8291444778 9.095618248 
9.3788967133 9.6800022125 9.6874914169 9.3938465118 9.1179685593 8.8588113785 8.6153688431 8.3866863251 8.1718578339 
7.9700241089 7.780377388 7.6021561623 7.434648037 7.2771844864 7.1291408539 6.9899344444 6.8590230942 6.7359004021 
6.6200957298 6.5111718178 6.4087219238 6.3123693466 6.2217626572 6.1365761757 6.0565066338 5.9812750816 5.9106202126 
5.8443007469 5.7820925713 5.7237887383 5.6691961288 5.6181364059 5.5704460144 5.525970459 5.4845705032 5.4461164474 
5.4104876518 5.3775753975 5.3472800255 5.3195085526 5.2941761017 5.2712101936 5.2505397797 5.2321043015 5.2158498764 
5.2017292976 5.189702034 5.1797304153 5.1717882156 5.1658511162 5.1619029045 5.1599311829 5.1599311829 5.1619029045 
5.1658511162 5.1717882156 5.1797304153 5.189702034 5.2017292976 5.2158498764 5.2321043015 5.2505397797 5.2712101936 
5.2941761017 5.3195085526 5.3472800255 5.3775753975 5.4104876518 5.4461164474 5.4845705032 5.525970459 5.5704460144 
5.6181364059 5.6691961288 5.7237887383 5.7820925713 5.8443007469 5.9106202126 5.9812750816 6.0565066338 6.1365761757 
6.2217626572 6.3123693466 6.4087219238 6.5111718178 6.6200957298 6.7359004021 6.8590230942 6.9899344444 7.1291408539 
7.2771844864 7.434648037 7.6021561623 7.780377388 7.9700241089 8.1718578339 8.3866863251 8.6153688431 8.8588113785 
9.1179685593 9.3938465118 9.6874914169 9.6955242157 9.4098777771 9.1419324875 8.8906078339 8.6548681259 8.4337358475 
8.2262811661 8.031624794 7.8489441872 7.677464962 7.5164661407 7.365272522 7.2232575417 7.0898356438 6.9644656181 
6.8466420174 6.7358999252 6.6318044662 6.533955574 6.4419808388 6.3555355072 6.2742986679 6.1979765892 6.1262946129 
6.0589990616 5.9958553314 5.936645031 5.881166935 5.8292350769 5.7806768417 5.735332489 5.6930556297 5.6537089348 
5.6171693802 5.5833201408 5.5520572662 5.5232834816 5.4969100952 5.4728569984 5.451051712 5.4314289093 5.4139289856 
5.3985009193 5.3850989342 5.3736834526 5.364221096 5.3566832542 5.3510499001 5.3473029137 5.3454322815 5.3454322815 
5.3473029137 5.3510499001 5.3566832542 5.364221096 5.3736834526 5.3850989342 5.3985009193 5.4139289856 5.4314289093 
5.451051712 5.4728569984 5.4969100952 5.5232834816 5.5520572662 5.5833201408 5.6171693802 5.6537089348 5.6930556297 
5.735332489 5.7806768417 5.8292350769 5.881166935 5.936645031 5.9958553314 6.0589990616 6.1262946129 6.1979765892 
6.2742986679 6.3555355072 6.4419808388 6.533955574 6.6318044662 6.7358999252 6.8466420174 6.9644656181 7.0898356438 
7.2232575417 7.365272522 7.5164661407 7.677464962 7.8489441872 8.031624794 8.2262811661 8.4337358475 8.6548681259 
8.8906078339 9.1419324875 9.4098777771 9.6955242157 9.7041492462 9.4270887375 9.1676521301 8.9247188568 8.697224617 
8.4841604233 8.284570694 8.0975561142 7.9222769737 7.7579488754 7.6038403511 7.4592719078 7.32361269 7.1962790489 
7.0767297745 6.9644656181 6.8590230942 6.7599759102 6.6669282913 6.579515934 6.4974012375 6.4202718735 6.3478417397 
6.2798418999 6.2160277367 6.1561713219 6.1000609398 6.047504425 5.9983201027 5.9523420334 5.9094181061 5.8694062233 
5.8321752548 5.797606945 5.7655892372 5.7360219955 5.7088127136 5.6838760376 5.6611366272 5.6405239105 5.6219763756 
5.6054377556 5.5908575058 5.5781917572 5.567404747 5.5584640503 5.5513424873 5.5460190773 5.5424795151 5.5407118797 
5.5407118797 5.5424795151 5.5460190773 5.5513424873 5.5584640503 5.567404747 5.5781917572 5.5908575058 5.6054377556 
5.6219763756 5.6405239105 5.6611366272 5.6838760376 5.7088127136 5.7360219955 5.7655892372 5.797606945 5.8321752548 
5.8694062233 5.9094181061 5.9523420334 5.9983201027 6.047504425 6.1000609398 6.1561713219 6.2160277367 6.2798418999 
6.3478417397 6.4202718735 6.4974012375 6.579515934 6.6669282913 6.7599759102 6.8590230942 6.9644656181 7.0767297745 
7.1962790489 7.32361269 7.4592719078 7.6038403511 7.7579488754 7.9222769737 8.0975561142 8.284570694 8.4841604233 
8.697224617 8.9247188568 9.1676521301 9.4270887375 9.7041492462 9.7134237289 9.4455909729 9.1952867508 8.9613542557 
8.7426891327 8.5382499695 8.3470516205 8.16817379 8.0007591248 7.8440132141 7.6971931458 7.5596170425 7.4306535721 
7.3097200394 7.1962790489 7.0898356438 6.9899344444 6.896156311 6.8081126213 6.7254486084 6.6478357315 6.5749697685 
6.5065732002 6.442387104 6.3821735382 6.3257141113 6.2728066444 6.2232632637 6.1769118309 6.1335940361 6.0931606293 
6.0554795265 6.020424366 5.9878811836 5.9577445984 5.9299182892 5.9043149948 5.880853653 5.8594617844 5.8400726318 
5.8226270676 5.8070721626 5.793361187 5.7814507484 5.7713074684 5.7629008293 5.7562046051 5.7512001991 5.7478713989 
5.7462096214 5.7462096214 5.7478713989 5.7512001991 5.7562046051 5.7629008293 5.7713074684 5.7814507484 5.793361187 
5.8070721626 5.8226270676 5.8400726318 5.8594617844 5.880853653 5.9043149948 5.9299182892 5.9577445984 5.9878811836 
6.020424366 6.0554795265 6.0931606293 6.1335940361 6.1769118309 6.2232632637 6.2728066444 6.3257141113 6.3821735382 
6.442387104 6.5065732002 6.5749697685 6.6478357315 6.7254486084 6.8081126213 6.896156311 6.9899344444 7.0898356438 
7.1962790489 7.3097200394 7.4306535721 7.5596170425 7.6971931458 7.8440132141 8.0007591248 8.16817379 8.3470516205 
8.5382499695 8.7426891327 8.9613542557 9.1952867508 9.4455909729 9.7134237289 9.7234106064 9.4655056 9.225022316 
9.0007534027 8.7915506363 8.5963354111 8.4140911102 8.2438764572 8.0848169327 7.9361028671 7.7969880104 7.6667866707 
7.5448679924 7.4306540489 7.3236131668 7.2232575417 7.1291408539 7.0408530235 6.9580163956 6.8802862167 6.8073430061 
6.7388949394 6.6746726036 6.6144285202 6.5579342842 6.5049800873 6.4553732872 6.4089336395 6.3654980659 6.3249144554 
6.2870430946 6.2517547607 6.2189331055 6.1884684563 6.1602611542 6.1342206001 6.1102628708 6.0883126259 6.0683002472 
6.0501637459 6.0338459015 6.0192990303 6.0064759254 5.9953384399 5.9858531952 5.9779925346 5.9717316628 5.9670519829 
5.9639401436 5.962387085 5.962387085 5.9639401436 5.9670519829 5.9717316628 5.9779925346 5.9858531952 5.9953384399 
6.0064759254 6.0192990303 6.0338459015 6.0501637459 6.0683002472 6.0883126259 6.1102628708 6.1342206001 6.1602611542 
6.1884684563 6.2189331055 6.2517547607 6.2870430946 6.3249144554 6.3654980659 6.4089336395 6.4553732872 6.5049800873 
6.5579342842 6.6144285202 6.6746726036 6.7388949394 6.8073430061 6.8802862167 6.9580163956 7.0408530235 7.1291408539 
7.2232575417 7.3236131668 7.4306540489 7.5448679924 7.6667866707 7.7969880104 7.9361028671 8.0848169327 8.2438764572 
8.4140911102 8.5963354111 8.7915506363 9.0007534027 9.225022316 9.4655056 9.7234106064 9.7341794968 9.4869775772 
9.2570695877 9.0431861877 8.8441352844 8.6587905884 8.4861049652 8.3251132965 8.1749229431 8.0347137451 7.903734684 
7.7813010216 7.6667866707 7.5596179962 7.4592723846 7.3652729988 7.2771849632 7.1946086884 7.1171798706 7.0445656776 
6.9764590263 6.9125795364 6.8526701927 6.7964940071 6.7438344955 6.6944909096 6.6482791901 6.6050310135 6.5645904541 
6.5268149376 6.4915709496 6.4587378502 6.4282050133 6.3998699188 6.3736381531 6.349424839 6.3271512985 6.306746006 
6.2881441116 6.2712864876 6.2561230659 6.2426042557 6.2306890488 6.2203402519 6.2115278244 6.2042241096 6.19840765 
6.1940608025 6.1911697388 6.1897268295 6.1897268295 6.1911697388 6.1940608025 6.19840765 6.2042241096 6.2115278244 
6.2203402519 6.2306890488 6.2426042557 6.2561230659 6.2712864876 6.2881441116 6.306746006 6.3271512985 6.349424839 
6.3736381531 6.3998699188 6.4282050133 6.4587378502 6.4915709496 6.5268149376 6.5645904541 6.6050310135 6.6482791901 
6.6944909096 6.7438344955 6.7964940071 6.8526701927 6.9125795364 6.9764590263 7.0445656776 7.1171798706 7.1946086884 
7.2771849632 7.3652729988 7.4592723846 7.5596179962 7.6667866707 7.7813010216 7.903734684 8.0347137451 8.1749229431 
8.3251132965 8.4861049652 8.6587905884 8.8441352844 9.0431861877 9.2570695877 9.4869775772 9.7341794968 9.7458190918 
9.510175705 9.2916727066 9.0889701843 8.9008169174 8.7260408401 8.5635614395 8.4123849869 8.271604538 8.1403923035 
8.017996788 7.9037351608 7.7969880104 7.6971940994 7.6038413048 7.5164666176 7.4346485138 7.3580031395 7.2861809731 
7.2188620567 7.1557545662 7.0965919495 7.0411291122 6.9891433716 6.940428257 6.8947958946 6.8520727158 6.8120999336 
6.774731636 6.7398324013 6.707280159 6.6769595146 6.6487689018 6.6226110458 6.5983986855 6.5760521889 6.5554986 
6.5366706848 6.5195088387 6.5039587021 6.4899706841 6.4775009155 6.4665112495 6.4569678307 6.4488406181 6.4421057701 
6.4367423058 6.4327335358 6.4300675392 6.4287371635 6.4287371635 6.4300675392 6.4327335358 6.4367423058 6.4421057701 
6.4488406181 6.4569678307 6.4665112495 6.4775009155 6.4899706841 6.5039587021 6.5195088387 6.5366706848 6.5554986 
6.5760521889 6.5983986855 6.6226110458 6.6487689018 6.6769595146 6.707280159 6.7398324013 6.774731636 6.8120999336 
6.8520727158 6.8947958946 6.940428257 6.9891433716 7.0411291122 7.0965919495 7.1557545662 7.2188620567 7.2861809731 
7.3580031395 7.4346485138 7.5164666176 7.6038413048 7.6971940994 7.7969880104 7.9037351608 8.017996788 8.1403923035 
8.271604538 8.4123849869 8.5635614395 8.7260408401 8.9008169174 9.0889701843 9.2916727066 9.510175705 9.7458190918 
9.7584295273 9.5353012085 9.3291196823 9.138469696 8.9620294571 8.7985754013 8.6469907761 8.5062561035 8.3754520416 
8.2537460327 8.1403923035 8.0347146988 7.9361038208 7.8440136909 7.7579498291 7.6774654388 7.6021571159 7.5316572189 
7.4656352997 7.4037861824 7.3458352089 7.291531086 7.240644455 7.1929650307 7.1483011246 7.1064763069 7.0673289299 
7.0307116508 6.9964876175 6.9645318985 6.9347310066 6.9069786072 6.8811793327 6.8572444916 6.8350930214 6.8146514893 
6.7958512306 6.7786316872 6.7629375458 6.7487177849 6.7359280586 6.724527359 6.7144799232 6.7057552338 6.698325634 
6.6921691895 6.6872668266 6.6836023331 6.6811656952 6.6799497604 6.6799497604 6.6811656952 6.6836023331 6.6872668266 
6.6921691895 6.698325634 6.7057552338 6.7144799232 6.724527359 6.7359280586 6.7487177849 6.7629375458 6.7786316872 
6.7958512306 6.8146514893 6.8350930214 6.8572444916 6.8811793327 6.9069786072 6.9347310066 6.9645318985 6.9964876175 
7.0307116508 7.0673289299 7.1064763069 7.1483011246 7.1929650307 7.240644455 7.291531086 7.3458352089 7.4037861824 
7.4656352997 7.5316572189 7.6021571159 7.6774654388 7.7579498291 7.8440136909 7.9361038208 8.0347146988 8.1403923035 
8.2537460327 8.3754520416 8.5062561035 8.6469907761 8.7985754013 8.9620294571 9.138469696 9.3291196823 9.5353012085 
9.7584295273 9.7721357346 9.5625886917 9.3697538376 9.1921157837 9.0282773972 8.8769569397 8.7369966507 8.6073646545 
8.4871253967 8.3754520416 8.271604538 8.1749229431 8.0848169327 8.0007600784 7.9222779274 7.848944664 7.7803783417 
7.716231823 7.6561956406 7.5999846458 7.5473413467 7.4980325699 7.4518442154 7.4085826874 7.3680706024 7.3301439285 
7.2946548462 7.26146698 7.2304563522 7.2015066147 7.17451334 7.1493806839 7.1260194778 7.10435009 7.0842981339 
7.0657949448 7.0487804413 7.0331978798 7.0189967155 7.0061302185 6.9945588112 6.9842448235 6.9751553535 6.9672632217 
6.9605436325 6.9549751282 6.9505405426 6.9472260475 6.9450221062 6.9439220428 6.9439220428 6.9450221062 6.9472260475 
6.9505405426 6.9549751282 6.9605436325 6.9672632217 6.9751553535 6.9842448235 6.9945588112 7.0061302185 7.0189967155 
7.0331978798 7.0487804413 7.0657949448 7.0842981339 7.10435009 7.1260194778 7.1493806839 7.17451334 7.2015066147 
7.2304563522 7.26146698 7.2946548462 7.3301439285 7.3680706024 7.4085826874 7.4518442154 7.4980325699 7.5473413467 
7.5999846458 7.6561956406 7.716231823 7.7803783417 7.848944664 7.9222779274 8.0007600784 8.0848169327 8.1749229431 
8.271604538 8.3754520416 8.4871253967 8.6073646545 8.7369966507 8.8769569397 9.0282773972 9.1921157837 9.3697538376 
9.5625886917 9.7721357346 9.7870807648 9.5923252106 9.4139814377 9.2504177094 9.100148201 8.9618310928 8.8342761993 
8.7164306641 8.6073637009 8.5062551498 8.4123849869 8.3251132965 8.2438783646 8.16817379 8.0975561142 8.0316257477 
7.9700245857 7.9124317169 7.8585591316 7.8081450462 7.7609524727 7.7167663574 7.6753926277 7.6366524696 7.6003856659 
7.5664429665 7.5346894264 7.505001545 7.4772663116 7.4513802528 7.4272465706 7.4047803879 7.3839011192 7.3645362854 
7.3466186523 7.3300871849 7.31488657 7.3009667397 7.2882819176 7.2767906189 7.2664556503 7.2572441101 7.2491278648 
7.2420802116 7.2360796928 7.2311081886 7.2271475792 7.2241888046 7.2222213745 7.22123909 7.22123909 7.2222213745 
7.2241888046 7.2271475792 7.2311081886 7.2360796928 7.2420802116 7.2491278648 7.2572441101 7.2664556503 7.2767906189 
7.2882819176 7.3009667397 7.31488657 7.3300871849 7.3466186523 7.3645362854 7.3839011192 7.4047803879 7.4272465706 
7.4513802528 7.4772663116 7.505001545 7.5346894264 7.5664429665 7.6003856659 7.6366524696 7.6753926277 7.7167663574 
7.7609524727 7.8081450462 7.8585591316 7.9124317169 7.9700245857 8.0316257477 8.0975561142 8.16817379 8.2438783646 
8.3251132965 8.4123849869 8.5062551498 8.6073637009 8.7164306641 8.8342761993 8.9618310928 9.100148201 9.2504177094 
9.4139814377 9.5923252106 9.7870807648 9.8034543991 9.6248655319 9.4623012543 9.3139896393 9.1783418655 9.0539608002 
8.9396257401 8.8342761993 8.736995697 8.6469888687 8.5635604858 8.4861059189 8.4140911102 8.3470516205 8.2845716476 
8.2262821198 8.1718578339 8.1210069656 8.0734634399 8.0289955139 7.987385273 7.9484415054 7.9119882584 7.8778662682 
7.8459300995 7.816049099 7.7881016731 7.7619771957 7.7375764847 7.7148046494 7.6935791969 7.6738228798 7.6554641724 
7.6384391785 7.6226882935 7.6081571579 7.5947971344 7.5825643539 7.5714168549 7.5613193512 7.5522375107 7.5441446304 
7.5370135307 7.5308218002 7.5255503654 7.5211820602 7.5177035332 7.515103817 7.5133757591 7.5125131607 7.5125131607 
7.5133757591 7.515103817 7.5177035332 7.5211820602 7.5255503654 7.5308218002 7.5370135307 7.5441446304 7.5522375107 
7.5613193512 7.5714168549 7.5825643539 7.5947971344 7.6081571579 7.6226882935 7.6384391785 7.6554641724 7.6738228798 
7.6935791969 7.7148046494 7.7375764847 7.7619771957 7.7881016731 7.816049099 7.8459300995 7.8778662682 7.9119882584 
7.9484415054 7.987385273 8.0289955139 8.0734634399 8.1210069656 8.1718578339 8.2262821198 8.2845716476 8.3470516205 
8.4140911102 8.4861059189 8.5635604858 8.6469888687 8.736995697 8.8342761993 8.9396257401 9.0539608002 9.1783418655 
9.3139896393 9.4623012543 9.6248655319 9.8034543991 9.8214883804 9.6606578827 9.5153341293 9.3835773468 9.2636938095 
9.1542329788 9.0539617538 8.9618320465 8.8769569397 8.7985754013 8.7260408401 8.6587915421 8.5963363647 8.5382499695 
8.4841604233 8.4337368011 8.3866872787 8.342748642 8.3016910553 8.263302803 8.227396965 8.1938018799 8.1623668671 
8.1329488754 8.10542202 8.0796718597 8.0555953979 8.0330915451 8.0120763779 7.9924669266 7.9741916656 7.9571833611 
7.9413805008 7.9267268181 7.9131712914 7.9006667137 7.8891711235 7.8786454201 7.8690543175 7.8603663445 7.8525538445 
7.8455915451 7.8394575119 7.8341317177 7.8295974731 7.8258399963 7.8228487968 7.8206124306 7.8191261292 7.8183836937 
7.8183836937 7.8191261292 7.8206124306 7.8228487968 7.8258399963 7.8295974731 7.8341317177 7.8394575119 7.8455915451 
7.8525538445 7.8603663445 7.8690543175 7.8786454201 7.8891711235 7.9006667137 7.9131712914 7.9267268181 7.9413805008 
7.9571833611 7.9741916656 7.9924669266 8.0120763779 8.0330915451 8.0555953979 8.0796718597 8.10542202 8.1329488754 
8.1623668671 8.1938018799 8.227396965 8.263302803 8.3016910553 8.342748642 8.3866872787 8.4337368011 8.4841604233 
8.5382499695 8.5963363647 8.6587915421 8.7260408401 8.7985754013 8.8769569397 8.9618320465 9.0539617538 9.1542329788 
9.2636938095 9.3835773468 9.5153341293 9.6606578827 9.8214883804 9.8415002823 9.7002840042 9.5738658905 9.4601068497 
9.3572101593 9.2636938095 9.1783418655 9.100148201 9.0282773972 8.9620294571 8.9008159637 8.8441352844 8.7915506363 
8.7426891327 8.697224617 8.6548681259 8.6153688431 8.5785007477 8.5440616608 8.5118761063 8.4817819595 8.4536323547 
8.4272994995 8.4026622772 8.3796129227 8.3580570221 8.3379049301 8.3190736771 8.3014907837 8.2850837708 8.2697963715 
8.2555704117 8.2423534393 8.2300987244 8.2187633514 8.2083072662 8.1986951828 8.1898956299 8.1818761826 8.1746139526 
8.1680831909 8.1622638702 8.1571378708 8.1526870728 8.1488962173 8.1457548141 8.1432552338 8.1413869858 8.1401443481 
8.1395225525 8.1395225525 8.1401443481 8.1413869858 8.1432552338 8.1457548141 8.1488962173 8.1526870728 8.1571378708 
8.1622638702 8.1680831909 8.1746139526 8.1818761826 8.1898956299 8.1986951828 8.2083072662 8.2187633514 8.2300987244 
8.2423534393 8.2555704117 8.2697963715 8.2850837708 8.3014907837 8.3190736771 8.3379049301 8.3580570221 8.3796129227 
8.4026622772 8.4272994995 8.4536323547 8.4817819595 8.5118761063 8.5440616608 8.5785007477 8.6153688431 8.6548681259 
8.697224617 8.7426891327 8.7915506363 8.8441352844 8.9008159637 8.9620294571 9.0282773972 9.100148201 9.1783418655 
9.2636938095 9.3572101593 9.4601068497 9.5738658905 9.7002840042 9.8415002823 9.8639249802 9.7445287704 9.638917923 
9.5447320938 9.4601068497 9.3835773468 9.3139896393 9.250418663 9.1921157837 9.138469696 9.088971138 9.0431861877 
9.000752449 8.9613542557 8.9247188568 8.8906078339 8.8588113785 8.8291454315 8.801445961 8.7755670547 8.751376152 
8.7287549973 8.7075986862 8.6878070831 8.669295311 8.6519851685 8.63580513 8.6206874847 8.6065731049 8.5934066772 
8.5811376572 8.5697221756 8.5591173172 8.549284935 8.540189743 8.5318012238 8.5240907669 8.5170316696 8.5106010437 
8.504776001 8.4995384216 8.4948711395 8.4907588959 8.4871902466 8.4841508865 8.481631279 8.4796257019 8.4781284332 
8.4771308899 8.4766340256 8.4766340256 8.4771308899 8.4781284332 8.4796257019 8.481631279 8.4841508865 8.4871902466 
8.4907588959 8.4948711395 8.4995384216 8.504776001 8.5106010437 8.5170316696 8.5240907669 8.5318012238 8.540189743 
8.549284935 8.5591173172 8.5697221756 8.5811376572 8.5934066772 8.6065731049 8.6206874847 8.63580513 8.6519851685 
8.669295311 8.6878070831 8.7075986862 8.7287549973 8.751376152 8.7755670547 8.801445961 8.8291454315 8.8588113785 
8.8906078339 8.9247188568 8.9613542557 9.000752449 9.0431861877 9.088971138 9.138469696 9.1921157837 9.250418663 
9.3139896393 9.3835773468 9.4601068497 9.5447320938 9.638917923 9.7445287704 9.8639249802 9.8894014359 9.7944946289 
9.7118463516 9.638917923 9.5738658905 9.5153341293 9.4623012543 9.4139823914 9.3697538376 9.3291196823 9.2916736603 
9.2570695877 9.225022316 9.1952867508 9.1676521301 9.1419324875 9.1179685593 9.095618248 9.0747556686 9.055270195 
9.0370597839 9.0200328827 9.0041103363 8.9892187119 8.9752931595 8.962272644 8.9501028061 8.9387331009 8.9281206131 
8.9182195663 8.9089956284 8.9004135132 8.8924417496 8.8850498199 8.8782138824 8.8719081879 8.866112709 8.8608083725 
8.8559751511 8.8515968323 8.847661972 8.8441553116 8.8410654068 8.8383827209 8.8360996246 8.8342056274 8.8326997757 
8.8315725327 8.830824852 8.8304510117 8.8304510117 8.830824852 8.8315725327 8.8326997757 8.8342056274 8.8360996246 
8.8383827209 8.8410654068 8.8441553116 8.847661972 8.8515968323 8.8559751511 8.8608083725 8.866112709 8.8719081879 
8.8782138824 8.8850498199 8.8924417496 8.9004135132 8.9089956284 8.9182195663 8.9281206131 8.9387331009 8.9501028061 
8.962272644 8.9752931595 8.9892187119 9.0041103363 9.0200328827 9.0370597839 9.055270195 9.0747556686 9.095618248 
9.1179685593 9.1419324875 9.1676521301 9.1952867508 9.225022316 9.2570695877 9.2916736603 9.3291196823 9.3697538376 
9.4139823914 9.4623012543 9.5153341293 9.5738658905 9.638917923 9.7118463516 9.7944946289 9.8894014359 9.918967247 
9.8518037796 9.7944955826 9.7445297241 9.7002840042 9.6606578827 9.6248655319 9.5923252106 9.5625896454 9.5353012085 
9.5101766586 9.4869775772 9.4655056 9.4455909729 9.4270896912 9.4098777771 9.3938465118 9.3788967133 9.3649463654 
9.3519191742 9.3397455215 9.3283653259 9.3177232742 9.3077726364 9.2984685898 9.2897691727 9.2816410065 9.2740468979 
9.266957283 9.2603464127 9.2541866302 9.2484550476 9.2431306839 9.2381944656 9.2336301804 9.2294187546 9.2255506516 
9.2220077515 9.2187814713 9.2158584595 9.2132320404 9.21089077 9.2088279724 9.207036972 9.2055130005 9.2042484283 
9.2032423019 9.2024917603 9.2019910812 9.2017412186 9.2017412186 9.2019910812 9.2024917603 9.2032423019 9.2042484283 
9.2055130005 9.207036972 9.2088279724 9.21089077 9.2132320404 9.2158584595 9.2187814713 9.2220077515 9.2255506516 
9.2294187546 9.2336301804 9.2381944656 9.2431306839 9.2484550476 9.2541866302 9.2603464127 9.266957283 9.2740468979 
9.2816410065 9.2897691727 9.2984685898 9.3077726364 9.3177232742 9.3283653259 9.3397455215 9.3519191742 9.3649463654 
9.3788967133 9.3938465118 9.4098777771 9.4270896912 9.4455909729 9.4655056 9.4869775772 9.5101766586 9.5353012085 
9.5625896454 9.5923252106 9.6248655319 9.6606578827 9.7002840042 9.7445297241 9.7944955826 9.8518037796 9.918967247 
9.9545059204 9.918967247 9.8894014359 9.8639249802 9.8415002823 9.8214883804 9.8034553528 9.7870807648 9.7721357346 
9.7584295273 9.7458190918 9.7341785431 9.7234106064 9.7134237289 9.7041501999 9.6955242157 9.6874904633 9.6800022125 
9.6730136871 9.6664905548 9.6603937149 9.6546936035 9.6493654251 9.6443834305 9.6397247314 9.6353693008 9.6312999725 
9.6274986267 9.6239500046 9.6206417084 9.6175584793 9.6146888733 9.6120252609 9.6095533371 9.6072683334 9.6051616669 
9.603225708 9.6014528275 9.5998373032 9.5983743668 9.5970611572 9.5958900452 9.5948581696 9.593960762 9.5931978226 
9.5925645828 9.5920629501 9.5916862488 9.5914354324 9.5913105011 9.5913105011 9.5914354324 9.5916862488 9.5920629501 
9.5925645828 9.5931978226 9.593960762 9.5948581696 9.5958900452 9.5970611572 9.5983743668 9.5998373032 9.6014528275 
9.603225708 9.6051616669 9.6072683334 9.6095533371 9.6120252609 9.6146888733 9.6175584793 9.6206417084 9.6239500046 
9.6274986267 9.6312999725 9.6353693008 9.6397247314 9.6443834305 9.6493654251 9.6546936035 9.6603937149 9.6664905548 
9.6730136871 9.6800022125 9.6874904633 9.6955242157 9.7041501999 9.7134237289 9.7234106064 9.7341785431 9.7458190918 
9.7584295273 9.7721357346 9.7870807648 9.8034553528 9.8214883804 9.8415002823 9.8639249802 9.8894014359 9.918967247 
9.9545059204 
GF 1 10000 double
1.3507896028e-06 1.4984814243e-06 1.8057427269e-06 2.29684224e-06 3.009453394e-06 3.9961446419e-06 5.3263038353e-06 7.0884339038e-06 9.392730135e-06 
1.2373810023e-05 1.6193451302e-05 2.1043109882e-05 2.7145995773e-05 3.4758402762e-05 4.4169970352e-05 5.5702628742e-05 6.9707675721e-05 8.6560918135e-05 
0.00010665549053 0.00013039213081 0.0001581668912 0.00019035655714 0.00022730177443 0.0002692884882 0.0003165283124 0.00036913898657 0.00042712548748 
0.00049036316341 0.00055858434644 0.0006313691847 0.00070814124774 0.0007881707279 0.00087058270583 0.000954373274 0.0010384323541 0.001121570589 
0.0012025531614 0.001280134893 0.0013530992437 0.0014202930033 0.0014806633117 0.0015332865296 0.0015773954801 0.001612396678 0.0016378826695 
0.0016536355251 0.0016596238129 0.0016559937503 0.001643053256 0.0016212519258 0.0015911608934 0.0015534472186 0.0015088509535 0.0014581625583 
0.0014022018295 0.0013417995069 0.0012777816737 0.001210956485 0.0011421042727 0.0010719704442 0.0010012580315 0.00093062466476 0.00086067873053 
0.00079197622836 0.00072501943214 0.00066025467822 0.00059807102662 0.00053879845655 0.00048270760453 0.00043000941514 0.00038085537381 0.00033533902024 
0.00029349818942 0.00025531832944 0.00022073653236 0.0001896469912 0.00016190648603 0.0001373408013 0.00011575140525 9.6921947261e-05 8.0624842667e-05 
6.6627260821e-05 5.4696640291e-05 4.4605523726e-05 3.6135494156e-05 2.9080394597e-05 2.3248703656e-05 1.8465088942e-05 1.4571291103e-05 1.142639212e-05 
8.9065588327e-06 6.9043935582e-06 5.327983672e-06 4.0997861106e-06 3.1554088764e-06 2.442380719e-06 1.9189867544e-06 1.5532177713e-06 1.3218842696e-06 
1.2099234254e-06 1.4606890772e-06 1.6203235873e-06 1.95241455e-06 2.483157914e-06 3.253214345e-06 4.3193099373e-06 5.7563056544e-06 7.6596588769e-06 
1.0148194633e-05 1.336702735e-05 1.7490487153e-05 2.2724803785e-05 2.9310327591e-05 3.7522902858e-05 4.7674129746e-05 6.0110134655e-05 7.5208430644e-05 
9.3372582342e-05 0.00011502440611 0.00014059351815 0.00017050406314 0.00020515889628 0.00024492148077 0.00029009592254 0.00034090611734 0.00039747438859 
0.00045980152208 0.00052774901269 0.00060102448333 0.00067917222623 0.00076156918658 0.00084742775653 0.00093580578687 0.0010256238747 0.0011156901019 
0.0012047294294 0.0012914196122 0.0013744292082 0.0014524591388 0.0015242806403 0.0015887732152 0.0016449572286 0.0016920201015 0.0017293365672 
0.0017564800801 0.0017732263077 0.0017795501044 0.0017756138695 0.0017617519479 0.0017384483945 0.0017063138075 0.0016660606489 0.001618476701 
0.0015644012019 0.0015047044726 0.0014402669622 0.0013719627168 0.0013006471563 0.0012271467131 0.0011522495188 0.0010767009808 0.001001198194 
0.00092638772912 0.00085286155809 0.00078115618089 0.00071174948243 0.00064505991759 0.00058144435752 0.000521197333 0.00046454998665 0.00041167094605 
0.00036266693496 0.00031758504338 0.0002764161909 0.00023909911397 0.00020552595379 0.00017554797523 0.00014898262452 0.00012562025222 0.00010523140372 
8.7573753262e-05 7.2398681368e-05 5.9457193856e-05 4.8505207815e-05 3.9307949919e-05 3.1643445254e-05 2.530517304e-05 2.010382741e-05 1.5868345145e-05 
1.2446241271e-05 9.7033880593e-06 7.523358363e-06 5.8064420045e-06 4.4684543354e-06 3.4394442991e-06 2.6623795293e-06 2.0918971586e-06 1.6931765003e-06 
1.4409824871e-06 1.3189192032e-06 1.6862562688e-06 1.8703792648e-06 2.253380444e-06 2.8654019388e-06 3.7532170154e-06 4.9820623644e-06 6.6379952841e-06 
8.8307069745e-06 1.1696662114e-05 1.5402438294e-05 2.0148021576e-05 2.6169844205e-05 3.3743250242e-05 4.3184016249e-05 5.4848540458e-05 6.9132329372e-05 
8.646632341e-05 0.00010731064685 0.00013214559294 0.00016145949485 0.00019573350437 0.00023542343115 0.00028093898436 0.00033262107172 0.00039071770152 
0.00045536036487 0.00052654079627 0.00060409150319 0.00068766908953 0.00077674450586 0.00087059824727 0.00096832524287 0.0010688458569 0.0011709266109 
0.001273208647 0.0013742421288 0.0014725271612 0.001566558145 0.0016548678977 0.0017360750353 0.001808922505 0.0018723170506 0.0019253562205 
0.0019673507195 0.0019978370983 0.0020165785681 0.0020235637203 0.002018990228 0.0020032457542 0.0019768844359 0.0019405984785 0.0018951909151 
0.0018415467348 0.0017806055257 0.0017133374931 0.0016407230869 0.0015637342585 0.001483320375 0.0014004000695 0.0013158482034 0.0012304938864 
0.0011451148894 0.0010604334529 0.0009771148907 0.00089576374739 0.00081692275126 0.00074107007822 0.00066861714004 0.00059990695445 0.00053521315567 
0.00047473923769 0.00041861954378 0.00036692104186 0.00031964649679 0.00027673869045 0.00023808621336 0.00020352994034 0.00017287065566 0.0001458767365 
0.00012229234562 0.00010184545681 8.4255370894e-05 6.9239795266e-05 5.652085747e-05 4.5830413001e-05 3.6914214434e-05 2.9535123758e-05 2.3475258786e-05 
1.8537344658e-05 1.4545206795e-05 1.1343629922e-05 8.7976768555e-06 6.7916294029e-06 5.2276741371e-06 4.02444266e-06 3.1155345823e-06 2.4480909815e-06 
1.9815106498e-06 1.6863533574e-06 1.5434835632e-06 2.0391332782e-06 2.2615054149e-06 2.7240157578e-06 3.4629526908e-06 4.5346105253e-06 6.0174761529e-06 
8.0150339272e-06 1.0659114196e-05 1.4113627003e-05 1.8578504751e-05 2.4293600291e-05 3.1542247598e-05 4.0654096665e-05 5.2006849728e-05 6.6026346758e-05 
8.3184590039e-05 0.00010399517487 0.00012900568254 0.00015878659906 0.00019391693058 0.00023496551148 0.00028246946749 0.00033690928831 0.00039868161548 
0.00046807096805 0.00054522138089 0.0006301093963 0.00072252075188 0.00082203210331 0.00092799885897 0.0010395519203 0.0011556023965 0.001274857088 
0.0013958440395 0.0015169463586 0.001636444591 0.0017525648 0.0018635328161 0.0019676261581 0.0020632278174 0.0021488752682 0.0022233014461 
0.0022854686249 0.0023345933296 0.0023701572791 0.0023919101804 0.0023998625111 0.0023942675907 0.0023755992297 0.0023445184343 0.0023018459324 
0.0022485232912 0.0021855838131 0.002114119241 0.0020352522843 0.0019501153147 0.0018598272 0.0017654809635 0.0016681310954 0.0015687857522 
0.0014683994232 0.0013678704854 0.0012680370128 0.0011696739821 0.0010734911775 0.00098012934905 0.00089015898993 0.00080407568021 0.00072229845682 
0.00064516701968 0.00057294091675 0.00050579878734 0.00044384025387 0.00038708819193 0.0003354937071 0.00028894178104 0.00024725901312 0.00021022181318 
0.00017756583111 0.00014899544476 0.00012419339328 0.00010283004667 8.4571780462e-05 6.9088688178e-05 5.6061060604e-05 4.5184639021e-05 3.6174726119e-05 
2.876904e-05 2.2729494958e-05 1.7842989109e-05 1.3921396203e-05 1.0800872587e-05 8.3406803242e-06 6.4216765168e-06 4.944626653e-06 3.8284510993e-06 
3.0085457183e-06 2.4352441415e-06 2.0725115064e-06 1.8969130906e-06 2.5370463845e-06 2.8132676562e-06 3.3877020087e-06 4.3052568799e-06 5.6355784182e-06 
7.4757240327e-06 9.9535964182e-06 1.3232030142e-05 1.7513344574e-05 2.3044127374e-05 3.0119956136e-05 3.9089660277e-05 5.0358703447e-05 6.4391111664e-05 
8.1709476945e-05 0.00010289222701 0.00012856788817 0.00015940534649 0.00019610025629 0.00023935679928 0.00028986492543 0.0003482735483 0.00041515985504 
0.00049099634634 0.00057611585362 0.00067067710916 0.00077463302296 0.0008877015789 0.0010093449382 0.0011387557024 0.0012748532463 0.0014162915759 
0.0015614798758 0.0017086130101 0.0018557163421 0.0020006960258 0.0021414011717 0.0022756869439 0.0024014799856 0.0025168438442 0.0026200343855 
0.0027095514815 0.0027841771953 0.0028430025559 0.0028854419943 0.0029112312477 0.0029204173479 0.0029133360367 0.0028905807994 0.0028529658448 
0.0028014865238 0.0027372774202 0.0026615739334 0.0025756747928 0.002480911091 0.0023786183447 0.0022701136768 0.0021566811483 0.0020395605825 
0.0019199346425 0.0017989274347 0.0016775981057 0.0015569406096 0.0014378782362 0.0013212623307 0.0012078688014 0.0010983947432 0.00099345273338 
0.0008935687365 0.00079917628318 0.00071061524795 0.00062812952092 0.00055186753161 0.00048188449 0.00041814654833 0.00036053761141 0.00030886760214 
0.00026288206573 0.00022227356385 0.00018669315614 0.00015576228907 0.00012908424833 0.00010625481809 8.6872118118e-05 7.0544796472e-05 5.6898956245e-05 
4.5583503379e-05 3.6273992009e-05 2.8675136491e-05 2.2521984647e-05 1.7580141503e-05 1.3645058971e-05 1.0540738003e-05 8.1179496192e-06 6.2522262851e-06 
4.8417468861e-06 3.8052955915e-06 3.0803817026e-06 2.6216316655e-06 2.3995251013e-06 3.2041086797e-06 3.5522675716e-06 4.2761957957e-06 5.4322622418e-06 
7.1078570727e-06 9.4247097877e-06 1.2543143384e-05 1.666713797e-05 2.2049938707e-05 2.899995161e-05 3.788651884e-05 4.9145091907e-05 6.3281302573e-05 
8.0873105617e-05 0.00010257061513 0.0001290923974 0.00016121800581 0.00019977561897 0.00024562465842 0.00029963292764 0.00036264801747 0.00043546376401 
0.0005187819479 0.00061317154905 0.00071902491618 0.00083651673049 0.00096556328936 0.0011057889787 0.0012565010693 0.0014166723704 0.0015849408228 
0.00175961887 0.0019387208158 0.002120003337 0.0023010219447 0.0024791932665 0.0026518735103 0.0028164372779 0.0029703590553 0.0031112895813 
0.0032371273264 0.0033460771665 0.00343669625 0.0035079242662 0.0035590969492 0.00358994212 0.0036005647853 0.0035914152395 0.0035632492509 
0.003517083358 0.003454142483 0.0033758122008 0.0032835886814 0.0031790360808 0.0030637492891 0.0029393208679 0.0028073191643 0.0026692678221 
0.0025266348384 0.0023808239494 0.0022331685759 0.0020849306602 0.0019372991519 0.0017913840711 0.0016482174397 0.0015087482752 0.0013738375856 
0.0012442523148 0.0011206595227 0.001003620564 0.00089358520927 0.00079088908387 0.00069575128146 0.00060827605193 0.00052845623577 0.00045618039439 
0.00039124235627 0.00033335215994 0.00028214993654 0.00023721993784 0.0001981054229 0.00016432328266 0.00013537764607 0.00011077241652 9.0022163931e-05 
7.2661146987e-05 5.8250407164e-05 4.6383061999e-05 3.6687764805e-05 2.8830547308e-05 2.2515261662e-05 1.7483005649e-05 1.3510602002e-05 1.0408532034e-05 
8.0185000115e-06 6.2108570091e-06 4.8820779739e-06 3.9524366002e-06 3.3640062611e-06 3.0790786241e-06 4.0712079681e-06 4.512553005e-06 5.4300921875e-06 
6.8949561864e-06 9.0173816716e-06 1.1950843145e-05 1.5897356207e-05 2.1113770345e-05 2.791870611e-05 3.6699861084e-05 4.7921086662e-05 6.2128718127e-05 
7.9956414993e-05 0.00010212764028 0.00012945501658 0.0001628355094 0.0002032405755 0.00025170028675 0.00030928122578 0.00037705764407 0.00045607500942 
0.00054730806733 0.00065161311068 0.00076967652421 0.00090196152451 0.0010486553656 0.0012096217833 0.0013843586203 0.0015719676157 0.0017711370019 
0.0019801391754 0.0021968469955 0.0024187704548 0.0026431069709 0.002866813913 0.003086690791 0.0032994737849 0.0035019363277 0.0036909889895 
0.0038637749385 0.0040177535266 0.0041507720016 0.0042611230165 0.0043475725688 0.0044093718752 0.0044462569058 0.0044584185816 0.0044464631937 
0.0044113597833 0.0043543851934 0.0042770565487 0.0041810730472 0.0040682549588 0.0039404924028 0.0037997025065 0.0036477909889 0.0034866256174 
0.0033180180471 0.0031437086873 0.0029653629754 0.002784563927 0.0026028142311 0.0024215336889 0.0022420580499 0.0020656399429 0.0018934393302 
0.0017265231581 0.0015658530174 0.0014122792054 0.0012665294344 0.0011292017298 0.0010007567471 0.00088151427917 0.00077165174298 0.00067120668245 
0.00058008398628 0.00049806572497 0.0004248249752 0.00035994165228 0.0003029202926 0.00025320873829 0.00021021658904 0.00017333302821 0.00014194282994 
0.00011544097651 9.3244387244e-05 7.4801537266e-05 5.9599551605e-05 4.7169087338e-05 3.7087003875e-05 2.8977321563e-05 2.2510688723e-05 1.7402733647e-05 
1.3411591681e-05 1.0334981198e-05 8.0070212789e-06 6.2951235122e-06 5.0970884331e-06 4.3386094148e-06 3.9712945181e-06 5.1764618547e-06 5.736103958e-06 
6.899366781e-06 8.7559965323e-06 1.1445020391e-05 1.5159907889e-05 2.0155150196e-05 2.6754072678e-05 3.5357443267e-05 4.6452456445e-05 6.06214453e-05 
7.8549528553e-05 0.00010103044769 0.00012896924454 0.00016338111891 0.00020538491663 0.00025619022199 0.00031707726885 0.00038936836063 0.00047439150512 
0.00057343469234 0.00068769260542 0.00081820762716 0.00096580502577 0.0011310270056 0.0013140682131 0.0015147159575 0.0017323005013 0.0019656580407 
0.0022131118458 0.0024724719115 0.0027410581242 0.0030157461297 0.0032930376474 0.0035691494122 0.0038401179481 0.0041019199416 0.0043505942449 
0.0045823710971 0.0047937831841 0.0049817683175 0.0051437611692 0.005277747754 0.0053823050112 0.0054566119798 0.0055004325695 0.0055140852928 
0.0054983855225 0.0054545789026 0.0053842668422 0.0052893310785 0.005171852652 0.0050340448506 0.0048781880178 0.0047065801919 0.0045214928687 
0.0043251430616 0.0041196732782 0.0039071375504 0.0036894956138 0.0034686163999 0.0032462738454 0.0030241541099 0.0028038532473 0.0025868781377 
0.0023746434599 0.0021684637759 0.0019695409574 0.0017789553385 0.0015976506984 0.001426420291 0.0012658953201 0.0011165363248 0.00097862852272 
0.00085228180978 0.00073743704706 0.00063387601404 0.00054123764858 0.00045903699356 0.00038668714114 0.00032352289418 0.00026882416569 0.0002218393056 
0.00018180608458 0.00014797045151 0.00011960251868 9.6009345725e-05 7.6544507465e-05 6.0614842369e-05 4.7684334277e-05 3.7275731302e-05 2.8970207495e-05 
2.2405547497e-05 1.7273234334e-05 1.3314890566e-05 1.0318402019e-05 8.1140533439e-06 6.5709155024e-06 5.5937339312e-06 5.1204419833e-06 6.5657427513e-06 
7.2733796515e-06 8.7439739218e-06 1.1090378393e-05 1.4487354747e-05 1.9177954528e-05 2.5481685952e-05 3.3804160921e-05 4.464770609e-05 5.8622372308e-05 
7.6456577517e-05 9.900637815e-05 0.00012726226123 0.00016235218209 0.00020553947252 0.00025821416057 0.00032187631587 0.00039811027818 0.00048854836496 
0.00059482478537 0.00071851850953 0.0008610865334 0.0010237898678 0.0012076132698 0.0014131839853 0.0016406921204 0.0018898178823 0.002159671858 
0.0024487515911 0.0027549189981 0.0030754080508 0.0034068503883 0.0037453440018 0.0040865358897 0.0044257394038 0.0047580678947 0.0050785830244 
0.0053824507631 0.0056650904007 0.0059223221615 0.0061504850164 0.0063465423882 0.0065081492066 0.0066336891614 0.0067222863436 0.0067737763748 
0.0067886589095 0.0067680245265 0.0067134718411 0.0066270073876 0.0065109548159 0.0063678538427 0.0062003829516 0.0060112783685 0.0058032758534 
0.0055790673941 0.0053412597626 0.0050923633389 0.0048347739503 0.0045707770623 0.0043025487103 0.0040321573615 0.0037615778856 0.0034926936496 
0.003227299545 0.0029670991935 0.002713698661 0.0024685917888 0.0022331452928 0.0020085773431 0.0017959382385 0.0015960888704 0.0014096873347 
0.0012371763587 0.0010787794599 0.00093450531131 0.00080415641423 0.00068734778324 0.00058352958877 0.00049201410729 0.000412005611 0.00034263078123 
0.00028296810342 0.00023207625782 0.00018901842122 0.00015288346913 0.0001228031324 9.7964897577e-05 7.7621240052e-05 6.1095146521e-05 4.7782654292e-05 
3.7152825826e-05 2.8745800591e-05 2.2169349904e-05 1.7094587747e-05 1.3251223208e-05 1.0422786545e-05 8.4421499196e-06 7.1876397669e-06 6.5799385993e-06 
8.2932192527e-06 9.1838937806e-06 1.1034472664e-05 1.3986143131e-05 1.8257453121e-05 2.4152172045e-05 3.2069339795e-05 4.2515126552e-05 5.6115772168e-05 
7.3631090345e-05 9.5967261586e-05 0.00012418802362 0.00015952247486 0.00020336835587 0.00025728880428 0.00032300059684 0.00040235291817 0.00049729418242 
0.00060982682044 0.00074194878107 0.0008955821977 0.0010724908207 0.0012741872342 0.0015018348349 0.0017561471323 0.0020372909494 0.0023447980639 
0.00267749466 0.0030334501062 0.0034099519253 0.0038035211619 0.0042099501006 0.0046243872494 0.0050414474681 0.0054553612135 0.0058601396158 
0.0062497626059 0.0066183693707 0.006960441824 0.007270983886 0.0075456607156 0.0077809216455 0.0079740751535 0.0081233261153 0.0082277832553 
0.0082874111831 0.0083029679954 0.008275905624 0.0082082636654 0.00810254924 0.0079616140574 0.0077885445207 0.0075865560211 0.0073589067906 
0.0071088266559 0.0068394700065 0.0065538706258 0.0062549309805 0.0059454082511 0.0056279213168 0.0053049582057 0.0049788895994 0.0046519865282 
0.0043264282867 0.0040043182671 0.0036876795348 0.0033784511033 0.0030784728006 0.0027894631494 0.0025129891001 0.0022504371591 0.0020029796287 
0.0017715501599 0.0015568211675 0.0013591923052 0.001178788254 0.0010154682677 0.00086884456687 0.00073830952169 0.00062306923792 0.00052218086785 
0.00043459201697 0.00035917956848 0.00029478606302 0.00024025220773 0.00019444516511 0.00015628109395 0.00012474272808 9.8891847301e-05 7.7876909927e-05 
6.0936949012e-05 4.7401979828e-05 3.6690886191e-05 2.830739686e-05 2.1834954168e-05 1.6930860511e-05 1.3320417565e-05 1.0791390196e-05 9.1891688498e-06 
8.4129233073e-06 1.0421946172e-05 1.153681842e-05 1.3852668417e-05 1.7545060473e-05 2.2885620638e-05 3.025166734e-05 4.0138475015e-05 5.3173716879e-05 
7.0133217378e-05 9.1957204859e-05 0.00011976576207 0.00015487193014 0.00019879084721 0.00025324284798 0.00032014874159 0.00040161411744 0.00049990223488 
0.0006173918955 0.00075652112719 0.00091971328948 0.0011092894711 0.0013273651712 0.0015757378424 0.0018557636067 0.002168238163 0.0025132768787 
0.0028902092017 0.0032974949572 0.0037326677702 0.0041923080571 0.0046720635146 0.0051667103544 0.0056702545844 0.006176081486 0.0066771334969 
0.0071661295369 0.0076357861981 0.0080790603533 0.0084893656895 0.0088607929647 0.009188272059 0.0094677107409 0.0096960784867 0.0098714400083 
0.0099929543212 0.010060798377 0.0100760879 0.010040744208 0.009957361035 0.0098290517926 0.0096592986956 0.0094518186525 0.0092104477808 
0.0089390259236 0.0086413305253 0.0083210049197 0.0079815359786 0.0076262252405 0.0072581870481 0.0068803578615 0.0064955200069 0.0061063203029 
0.0057153012604 0.0053249276243 0.0049376045354 0.004555689171 0.0041814893484 0.0038172476925 0.0034651104361 0.0031270873733 0.0028050078545 
0.0025004681665 0.0022147886921 0.0019489747938 0.0017036939971 0.0014792634174 0.0012756553479 0.0010925160022 0.00092919799499 0.00078480108641 
0.00065822037868 0.00054819736397 0.00045337021584 0.00037232213072 0.00030362460529 0.00024587436928 0.00019772392989 0.00015790488396 0.00012524465274 
9.8677104688e-05 7.7247997979e-05 6.0116086388e-05 4.6550892876e-05 3.5927943827e-05 2.7722559025e-05 2.1502733944e-05 1.6921918359e-05 1.3712185137e-05 
1.1678252122e-05 1.0692712749e-05 1.3024458895e-05 1.44115902e-05 1.7292246412e-05 2.1883284717e-05 2.8520060368e-05 3.7668109144e-05 4.9937996664e-05 
6.6102751589e-05 8.7116910436e-05 0.00011413585889 0.00014853425091 0.00019192138279 0.00024615140865 0.00031332625076 0.0003957884328 0.00049610086717 
0.00061701185768 0.00076140300371 0.0009322175174 0.0011323702056 0.001364638214 0.001631534542 0.0019351700321 0.0022771048825 0.0026582018472 
0.0030784846749 0.0035370111 0.0040317759849 0.0045596463606 0.0051163360476 0.0056964387186 0.0062935100868 0.006900196895 0.0075084273703 
0.0081096440554 0.0086950575933 0.0092559410259 0.0097839059308 0.010271178558 0.010710848495 0.011097068898 0.011425205506 0.011691926979 
0.011895230971 0.012034422718 0.012110013515 0.012123606168 0.012077728286 0.011975659989 0.011821244843 0.011618707329 0.011372496374 
0.011087137274 0.01076711528 0.010416787118 0.010040315799 0.0096416324377 0.0092244213447 0.0087921191007 0.0083479350433 0.0078948773444 
0.0074357963167 0.0069734407589 0.0065104956739 0.0060496293008 0.0055935191922 0.0051448605955 0.0047063538805 0.0042806649581 0.003870370565 
0.0034778872505 0.0031053931452 0.0027547550853 0.0024274650495 0.0021245956887 0.0018467687769 0.0015941570746 0.0013665016741 0.0011631463422 
0.00098309316672 0.00082506216131 0.0006875579129 0.0005689371028 0.00046747172019 0.0003814069205 0.00030900997808 0.00024861103157 0.00019863422494 
0.00015761971008 0.00012423834414 9.7299081972e-05 7.575086056e-05 5.8680248912e-05 4.5305816457e-05 3.4970489651e-05 2.7132928153e-05 2.1358611775e-05 
1.7311407646e-05 1.4746222405e-05 1.3503095943e-05 1.6183372281e-05 1.7898522856e-05 2.1459374693e-05 2.7131958632e-05 3.5327451769e-05 4.6616201871e-05 
6.1745631683e-05 8.1661069999e-05 0.00010752841627 0.0001407571981 0.00018302212993 0.00023628078634 0.00030278513441 0.00038508354919 0.00048601039452 
0.00060866033891 0.00075634365203 0.00093252130318 0.0011407159036 0.0013844012283 0.0016668676399 0.00199106941 0.0023594552185 0.0027737899218 
0.0032349789981 0.0037428981159 0.0042962450534 0.0048924279399 0.0055274916813 0.0061961011961 0.0068915835582 0.0076060406864 0.0083305193111 
0.009055246599 0.0097699258476 0.01046404615 0.011127237231 0.011749617755 0.012322116643 0.012836762704 0.01328691747 0.01366744563 
0.013974792324 0.014207007363 0.014363682829 0.01444582548 0.014455699362 0.014396608807 0.014272678643 0.014088626951 0.013849549927 
0.013560717925 0.013227427378 0.012854854576 0.012447963469 0.012011429295 0.011549606919 0.011066511273 0.010565822013 0.010050911456 
0.009524891153 0.008990675211 0.0084510678425 0.0079088415951 0.0073668165132 0.0068279304542 0.0062952553853 0.0057720020413 0.0052614691667 
0.0047669634223 0.0042916932143 0.0038386490196 0.0034104804508 0.0030093928799 0.0026370650157 0.0022945953533 0.0019824886695 0.0017006710405 
0.0014485307038 0.0012249889551 0.0010285782628 0.00085753039457 0.00070986774517 0.00058348604944 0.00047623304999 0.00038597287494 0.00031064037466 
0.00024828239111 0.00019708713808 0.00015540340974 0.00012175046868 9.4821101811e-05 7.3478731792e-05 5.6750657677e-05 4.3818658014e-05 3.4008367948e-05 
2.6778267056e-05 2.1709318389e-05 1.8495868062e-05 1.6938378394e-05 1.9991981389e-05 2.2099391572e-05 2.6473302569e-05 3.34377728e-05 4.3493386329e-05 
5.7333996665e-05 7.586798165e-05 0.00010024299991 0.00013187275908 0.00017246407515 0.00022404181072 0.00028896922595 0.00036996006384 0.00047007968533 
0.00059273018269 0.00074161752127 0.00092069531092 0.0011340838391 0.0013859617757 0.0016804288607 0.0020213453099 0.0024121443275 0.002855628496 
0.0033537587151 0.0039074411616 0.004516328685 0.0051786489785 0.0058910748921 0.0066486489959 0.0074447686784 0.0082712564617 0.0091185001656 
0.0099756773561 0.010831052437 0.011672329158 0.012487053871 0.013263029978 0.013988741674 0.014653733931 0.015248947777 0.015766995028 
0.016202315688 0.016551276669 0.016812151298 0.016985023394 0.017071612179 0.017075067386 0.016999674961 0.016850598156 0.016633605585 
0.016354788095 0.016020352021 0.015636427328 0.015208918601 0.014743399806 0.014245036989 0.013718548231 0.013168182224 0.012597724795 
0.012010530569 0.011409589089 0.010797625408 0.010177229531 0.009551005438 0.0089217126369 0.0082923956215 0.0076664462686 0.0070476252586 
0.0064400057308 0.005847858265 0.0052754832432 0.0047270255163 0.0042062737048 0.0037164855748 0.0032602518331 0.0028394025285 0.0024549681693 
0.0021071927622 0.0017955874791 0.0015190185513 0.0012758155353 0.0010638912208 0.00088086287724 0.000724165875 0.0005911574699 0.00047920408542 
0.00038575258804 0.0003083848278 0.00024485608446 0.00019312005315 0.00015134185378 0.00011790174904 9.1391702881e-05 7.0606780355e-05 5.4533473303e-05 
4.2336410843e-05 3.334473513e-05 2.703923019e-05 2.3041116947e-05 2.1103091058e-05 2.4554878109e-05 2.7128058719e-05 3.2466919947e-05 4.0963459469e-05 
5.3222796851e-05 7.008301327e-05 9.2640191724e-05 0.00012227750267 0.00016069649428 0.00020994854276 0.00027246342506 0.00035107202712 0.00044901919318 
0.00056996231433 0.00071795185795 0.00089738867246 0.0011129539926 0.0013695097296 0.0016719661653 0.002025116235 0.0024334383197 0.002900875872 
0.003430590732 0.0040247133002 0.00468409108 0.005408056546 0.0061942301691 0.0070383744314 0.0079343114048 0.0088739283383 0.0098472665995 
0.010842714459 0.011847285554 0.012846993282 0.013827287592 0.01477354113 0.015671556816 0.016508068889 0.017271190882 0.017950804904 
0.018538860604 0.019029539078 0.019419340417 0.019707001746 0.019893391058 0.019981225953 0.019974814728 0.019879702479 0.019702320918 
0.019449668005 0.019128991291 0.018747534603 0.018312327564 0.017830016091 0.017306774855 0.016748201102 0.016159281135 0.01554435119 
0.014907087199 0.014250532724 0.013577193022 0.012889176607 0.012188396417 0.011476837099 0.010756798089 0.010031140409 0.0093034235761 
0.0085779847577 0.0078598577529 0.0071546174586 0.0064681149088 0.0058061736636 0.0051742689684 0.0045772353187 0.0040190364234 0.003502613632 
0.0030298077036 0.0026013720781 0.0022170436569 0.0018756644567 0.0015753348125 0.0013135775225 0.0010875051375 0.00089397589909 0.00072973128408 
0.00059151410824 0.00047616218217 0.00038067915011 0.00030228472315 0.00023844606767 0.0001868942054 0.00014562800061 0.00011290937982 8.7252083176e-05 
6.7406697781e-05 5.2343821153e-05 4.1236991819e-05 3.3446656744e-05 2.8506279705e-05 2.6111261832e-05 2.9988557799e-05 3.3111035009e-05 3.9587321226e-05 
4.9888247304e-05 6.4740175731e-05 8.5148232756e-05 0.00011242550681 0.00014822691446 0.00019458544557 0.00025394817931 0.00032920844387 0.00042373134056 
0.00054136582185 0.00068644114072 0.0008637396968 0.0010784430197 0.0013360457961 0.0016422332264 0.0020027202554 0.0024230524432 0.0029083706904 
0.0034631448798 0.0040908856317 0.004793849308 0.0055727395229 0.0064264447428 0.0073518101126 0.0083434768021 0.0093938009813 0.010492875241 
0.011628656648 0.012787213549 0.01395307947 0.015109717846 0.016240052879 0.017327072099 0.018354421481 0.019307004288 0.020171511918 
0.020936869085 0.021594524384 0.022138658911 0.022566206753 0.022876737639 0.023072261363 0.023156885058 0.023136433214 0.023018024862 
0.022809650749 0.022519765422 0.022156935185 0.021729543805 0.021245568991 0.020712420344 0.02013682574 0.019524749368 0.01888130419 
0.018210707232 0.01751620695 0.016800101846 0.016063833609 0.015308197588 0.014533668756 0.013740829192 0.012930826284 0.012105801143 
0.011269192211 0.010425881483 0.0095821321011 0.0087453415617 0.0079236244783 0.0071253152564 0.0063584367745 0.0056302170269 0.0049467082135 
0.004312527366 0.0037307424936 0.0032028767746 0.0027290228754 0.0023080201354 0.0019376785494 0.0016150143929 0.0013364835177 0.0010981957894 
0.00089610076975 0.00072614505189 0.00058439461282 0.00046712631593 0.00037089126999 0.00029255388654 0.00022931081185 0.00017869436124 0.00013856501027 
0.00010709591879 8.2753351307e-05 6.4274812758e-05 5.0647442549e-05 4.108784924e-05 3.5024750105e-05 3.2085215935e-05 3.6422035919e-05 4.0188111598e-05 
4.7996320063e-05 6.040829976e-05 7.8289907833e-05 0.00010283807933 0.00013561472588 0.00017858565843 0.00023416201293 0.00030524114845 0.00039524267777 
0.00050813535927 0.00064844929148 0.0008212669054 0.0010321879527 0.0012872621883 0.0015928812791 0.0019556314219 0.0023821000941 0.0028786365874 
0.0034510728437 0.0041044089012 0.004842473194 0.0056675751694 0.0065801679157 0.0075785377994 0.008658551611 0.0098134838045 0.011033939198 
0.012307895347 0.013620886952 0.014956315979 0.016295898706 0.017620233819 0.018909456208 0.020143961534 0.021305125207 0.022375999019 
0.023341922089 0.02419103682 0.024914590642 0.025507118553 0.025966424495 0.02629339695 0.026491679251 0.026567261666 0.026527941227 
0.026382822543 0.026141786948 0.025815013796 0.025412568823 0.02494408749 0.02441854775 0.023844121024 0.023228058591 0.022576596588 
0.021894838661 0.021186601371 0.020454270765 0.019698757678 0.018919557333 0.018115038052 0.017282990739 0.016421305016 0.015528782271 
0.01460591238 0.013655444607 0.012682703324 0.011695556343 0.010704030283 0.0097196437418 0.0087545737624 0.0078207785264 0.0069291787222 
0.0060890219174 0.005307469517 0.004589414224 0.0039375028573 0.0033523247112 0.0028326963075 0.0023760034237 0.0019785480108 0.0016358835855 
0.0013431106927 0.0010951292934 0.00088684610091 0.00071333104279 0.00056993501494 0.00045236572623 0.0003567347303 0.00027957707061 0.00021785227 
0.00016893151042 0.00013057560136 0.00010090841533 7.8388169641e-05 6.1779472162e-05 5.0127677241e-05 4.2737105105e-05 3.9153805119e-05 4.399752288e-05 
4.8512967624e-05 5.7871071476e-05 7.2737231676e-05 9.4136448752e-05 0.00012348427845 0.00016262549616 0.00021387857851 0.00028008248773 0.00036464235745 
0.00047156921937 0.00060550810304 0.00077174825128 0.00097620865563 0.0012253917521 0.0015262988163 0.0018862993456 0.0023129519541 0.0028137739282 
0.0033959560096 0.0040660342202 0.0048295180313 0.0056904992089 0.0066512422636 0.0077118040062 0.0088696759194 0.010119507089 0.011452917941 
0.01285843458 0.014321570285 0.015825061128 0.017349269241 0.018872730434 0.020372869447 0.021826768294 0.023212060332 0.024507770315 
0.02569513768 0.026758339256 0.027685010806 0.028466621414 0.029098572209 0.029580136761 0.02991415374 0.030106578022 0.030165879056 
0.030102428049 0.029927818105 0.029654230922 0.029293878004 0.028858534992 0.02835922502 0.027805980295 0.027207754552 0.026572324336 
0.025906147435 0.025214165449 0.024499496445 0.023763105273 0.023003572598 0.022217113525 0.021397976205 0.020539233461 0.019633967429 
0.018676653504 0.017664493993 0.016598537564 0.015484274365 0.014331701212 0.013154729269 0.011970110238 0.010796039365 0.0096506457776 
0.0085506336764 0.0075102080591 0.0065404050983 0.0056488169357 0.0048396792263 0.0041142026894 0.003471057862 0.002906920854 0.0024170060642 
0.001995553961 0.0016362449387 0.0013325427426 0.0010779597796 0.00086625735275 0.00069158693077 0.00054858060321 0.00043240073137 0.00033875808003 
0.00026390561834 0.00020461637178 0.00015815137886 0.00012222235091 9.4953335065e-05 7.4843992479e-05 6.0736656451e-05 5.1788483688e-05 4.7449917474e-05 
5.287107706e-05 5.8253855968e-05 6.9404668466e-05 8.71065713e-05 0.00011256480502 0.00014744198415 0.00019390200032 0.00025466000079 0.00033303463715 
0.00043299884419 0.00055922195315 0.0007170989411 0.00091275706654 0.0011530336924 0.0014454161283 0.0017979370896 0.0022190168966 0.0027172460686 
0.0033011154737 0.003978677094 0.0047571607865 0.0056425426155 0.0066390880384 0.0077488869429 0.0089714145288 0.010303136893 0.011737204157 
0.013263250701 0.014867361635 0.016532188281 0.018237261102 0.019959501922 0.021673906595 0.023354390636 0.024974757805 0.02650972642 
0.027935964987 0.029233030975 0.030384201556 0.031377062201 0.032203856856 0.032861590385 0.033351771533 0.033680059016 0.033855527639 
0.033889971673 0.033797051758 0.033591460437 0.033288195729 0.032901864499 0.032446220517 0.031933814287 0.031375870109 0.030782191083 
0.030161170289 0.029519552365 0.028862072155 0.028190849349 0.027504710481 0.026798635721 0.026063608006 0.025287112221 0.024454377592 
0.023550273851 0.022561648861 0.021479681134 0.020301880315 0.01903327927 0.017686691135 0.016281846911 0.014843637124 0.013399773277 
0.011978209019 0.010604822077 0.0093015898019 0.0080854929984 0.0069681308232 0.0059559275396 0.0050507709384 0.0042508528568 0.0035515744239 
0.0029463930987 0.0024275430478 0.0019866311923 0.0016150887823 0.0013045137748 0.0010469119297 0.00083485920914 0.00066159799462 0.00052108388627 
0.00040799341514 0.00031770352507 0.00024625420338 0.00019029941177 0.00014705478679 0.00011424501281 9.0055036708e-05 7.3087161581e-05 6.2325256295e-05 
5.7107430621e-05 6.3213359681e-05 6.9594301749e-05 8.2806851424e-05 0.00010376646969 0.00013388098159 0.00017509014287 0.0002299148764 0.00030151283136 
0.0003937362344 0.00051118677948 0.00065926037496 0.00084417511243 0.001072973595 0.00135349005 0.0016942743678 0.0021044611931 0.002593582496 
0.0031713084318 0.0038471266162 0.0046299477108 0.0055276593193 0.0065466244705 0.007691163104 0.0089630158618 0.010360857472 0.011879846454 
0.013511306606 0.015242517926 0.017056711018 0.018933249637 0.020848022774 0.022774089128 0.024682514369 0.026543404907 0.028327057138 
0.030005188659 0.031552158296 0.032946076244 0.034169718623 0.03521123901 0.036064453423 0.036728858948 0.037209283561 0.037515256554 
0.037660084665 0.037659902126 0.037532564253 0.037296645343 0.036970540881 0.036571715027 0.036116208881 0.03561835736 0.035090755671 
0.034544352442 0.033988405019 0.033430267125 0.032874621451 0.032322410494 0.031769517809 0.031205615029 0.0306136664 0.029970521107 
0.029248749837 0.028419675305 0.027457226068 0.026341978461 0.025064663962 0.023628521711 0.022049952298 0.02035735175 0.018588297069 
0.016785588115 0.014992889948 0.013250721619 0.011593360454 0.010047008283 0.0086292363703 0.0073494636454 0.0062101497315 0.0052082934417 
0.0043369759806 0.0035867209081 0.0029466038104 0.0024051028304 0.0019507000688 0.0015723046381 0.0012595249573 0.0010028363904 0.00079366803402 
0.00062442757189 0.00048848567531 0.0003801289713 0.00029449586873 0.00022750234348 0.00017576661776 0.00013653657516 0.00010762412421 8.7348693341e-05 
7.4490839324e-05 6.825728633e-05 7.5210235082e-05 8.2733778981e-05 9.8304641142e-05 0.00012298629736 0.00015841255663 0.00020683178445 0.00027116129058 
0.00035504848347 0.00046293405467 0.00060010998277 0.00077276618686 0.00098801578861 0.0012538905721 0.0015792946797 0.0019739086274 0.0024480295833 
0.0030123475008 0.0036776380148 0.0044543859549 0.0053523303941 0.0063799452037 0.0075438725762 0.0088483188301 0.010294462554 0.011879902333 
0.013598173857 0.015438390896 0.017385073006 0.019418142736 0.021513206884 0.023642051965 0.025773437694 0.027874113992 0.029910068959 
0.031847901642 0.033656295389 0.035307426006 0.036778286099 0.03805174306 0.039117287844 0.039971310645 0.040617052466 0.041063968092 
0.04132687673 0.041424702853 0.041379183531 0.041213456541 0.040950916708 0.040614068508 0.04022378847 0.039798811078 0.039355631918 
0.038908641785 0.038470413536 0.038051780313 0.037661399692 0.037304501981 0.036980956793 0.036682870239 0.03639248386 0.036080956459 
0.035708975047 0.035229381174 0.03459186852 0.0337491557 0.032663743943 0.031314015388 0.029698638245 0.027838183567 0.025773668662 
0.023562155664 0.021270219237 0.01896655187 0.016715055332 0.014569547959 0.012570648454 0.010744936764 0.0091059384868 0.0076563195325 
0.0063905529678 0.0052975560538 0.0043629347347 0.0035707163624 0.0029045743868 0.0023486320861 0.0018879553536 0.0015088312794 0.0011989037739 
0.00094721210189 0.00074416655116 0.00058148114476 0.00045208100346 0.00034999355557 0.00027023669099 0.0002087095927 0.00016209157184 0.00012775344658 
0.0001036822141 8.84208348e-05 8.1022975792e-05 8.9063520136e-05 9.7888354503e-05 0.00011614307004 0.00014505538275 0.00018650952552 0.00024309499713 
0.00031816589762 0.00041590770707 0.00054140435532 0.00070069957292 0.00090084283147 0.0011499108514 0.0014569925843 0.0018321274547 0.0022861831822 
0.0028306653257 0.0034774462692 0.0042384113185 0.0051250155084 0.0061477613635 0.0073156054132 0.0086353057995 0.010110753588 0.011742300354 
0.013526149094 0.015453837812 0.017511859536 0.019681500271 0.021938895807 0.024255400524 0.026598203927 0.028931323439 0.031216809526 
0.033416245133 0.035492368042 0.037410836667 0.039141859859 0.040661782026 0.041954271495 0.043011158705 0.043832719326 0.044427435845 
0.04481112957 0.04500567168 0.045037340373 0.044935025275 0.044728506356 0.044447012246 0.044117994606 0.043766368181 0.043414134532 
0.043080508709 0.042782403529 0.042535010725 0.042351972312 0.042244650424 0.04222009331 0.042277712375 0.042405266315 0.042575057596 
0.042741630226 0.042842082679 0.042799640447 0.042530633509 0.041954066604 0.041002571583 0.039632771164 0.037833333015 0.035628620535 
0.033077262342 0.030265547335 0.02729684487 0.02427922003 0.021313678473 0.018485000357 0.015856429935 0.013468306512 0.011339926161 
0.0094734244049 0.0078584728763 0.0064767803997 0.0053058196791 0.0043215565383 0.0035002543591 0.002819533227 0.0022589140572 0.0018000397831 
0.0014267043443 0.0011247810908 0.00088208995294 0.00068823876791 0.00053444935475 0.0004133801267 0.00031895659049 0.00024621348712 0.00019115369651 
0.00015062770399 0.00012223345402 0.00010423720232 9.5515249996e-05 0.00010499134078 0.0001152912082 0.00013658573152 0.00017028371803 0.00021854510123 
0.00028433377156 0.00037148199044 0.00048476149095 0.00062995433109 0.0008139158017 0.0010446175002 0.0013311629882 0.0016837592702 0.0021136344876 
0.0026328871027 0.0032542557456 0.0039908015169 0.004855491221 0.0058606904931 0.0070175635628 0.0083353966475 0.0098208663985 0.011477287859 
0.013303874061 0.015295065939 0.017439976335 0.01972201094 0.022118726745 0.024601953104 0.027138261124 0.029689766467 0.032215271145 
0.03467174992 0.037016112357 0.039207130671 0.041207462549 0.042985677719 0.044518023729 0.045789822936 0.046796496958 0.04754377529 
0.048047289252 0.04833137989 0.04842723906 0.048370640725 0.048199500889 0.047951743007 0.047663554549 0.047368198633 0.047095358372 
0.046871006489 0.046717949212 0.046656768769 0.046706855297 0.046886753291 0.047212868929 0.047696307302 0.048337526619 0.049119856209 
0.050003219396 0.050919931382 0.051774278283 0.052446980029 0.052804913372 0.052715394646 0.052063252777 0.05076803267 0.048798214644 
0.046179071069 0.042992193252 0.039366107434 0.035459645092 0.031441632658 0.027471000329 0.023681160063 0.020170811564 0.017001539469 
0.014201016165 0.011769720353 0.0096889650449 0.0079284990206 0.0064526698552 0.0052247638814 0.004209691193 0.0033753877506 0.0026933592744 
0.002138730837 0.0016900484916 0.0013289783383 0.0010399797466 0.00080998201156 0.0006280777161 0.00048524135491 0.00037407284253 0.00028857029974 
0.00022393456311 0.000176404792 0.00014312527492 0.00012204185623 0.00011182616436 0.00012322841212 0.00013519289496 0.00015991514374 0.00019900246116 
0.00025491634733 0.00033102920861 0.00043169286801 0.00056231359486 0.00072942551924 0.00094075221568 0.0012052464299 0.0015330951428 0.0019356741104 
0.0024254408199 0.0030157500878 0.0037205785047 0.0045541506261 0.0055304584093 0.0066626793705 0.0079624941573 0.0094393230975 0.01109950617 
0.012945476919 0.014974940568 0.017180155963 0.019547341391 0.022056313232 0.024680357426 0.027386453003 0.030135860667 0.032885100693 
0.035587329417 0.038194086403 0.040657345206 0.042931813747 0.044977311045 0.046761054546 0.04825983569 0.049461666495 0.050366945565 
0.050988741219 0.051352165639 0.051492769271 0.051453921944 0.051283556968 0.051030848175 0.050743427128 0.050465531647 0.05023702234 
0.050093024969 0.050064321607 0.050178464502 0.050461422652 0.05093916133 0.051638104022 0.052583239973 0.053793169558 0.055272072554 
0.056999802589 0.058922108263 0.060943558812 0.062925510108 0.064690925181 0.06603693217 0.066754832864 0.066655673087 0.065597824752 
0.063511513174 0.060414656997 0.056415636092 0.051701042801 0.046510521322 0.041104078293 0.035729195923 0.030594440177 0.025853548199 
0.021601026878 0.017877271399 0.014679699205 0.011976133101 0.0097173899412 0.0078473268077 0.0063097625971 0.0050525101833 0.0040292399935 
0.0031999491621 0.0025306504685 0.0019927495159 0.0015623369254 0.0012195199961 0.00094783178065 0.0007337150746 0.00056608073646 0.00043592692236 
0.00033601516043 0.00026059951051 0.00020520476392 0.00016644924472 0.00014190956426 0.00013002271589 0.00014402570378 0.00015786106815 0.0001864326041 
0.00023156398674 0.00029604474548 0.000383690116 0.00049941329053 0.00064930302324 0.00084069703007 0.0010822415352 0.0013839234598 0.0017570614582 
0.0022142403759 0.0027691721916 0.0034364738967 0.0042313379236 0.0051690982655 0.0062646805309 0.0075319316238 0.0089828576893 0.010626765899 
0.012469357811 0.014511816204 0.016749920323 0.019173275679 0.021764703095 0.024499868974 0.027347236872 0.030268371105 0.033218692988 
0.036148618907 0.039005246013 0.041734330356 0.044282719493 0.046600989997 0.048646215349 0.050384666771 0.051794320345 0.052866920829 
0.053609389812 0.054044246674 0.054208885878 0.05415341258 0.053936995566 0.053623139858 0.053274858743 0.052951011807 0.052704613656 
0.052582476288 0.052625644952 0.052870560437 0.053350940347 0.054100334644 0.055154360831 0.05655131489 0.05832934007 0.060519229621 
0.063132919371 0.066149167717 0.069499492645 0.073056906462 0.07663115114 0.079972274601 0.08278490603 0.084754027426 0.085581332445 
0.085027821362 0.082954928279 0.079354807734 0.074361130595 0.068235255778 0.061329565942 0.054036483169 0.046735227108 0.039747882634 
0.033312287182 0.02757374756 0.022592615336 0.018362060189 0.014829622582 0.011917567812 0.0095390118659 0.0076088039204 0.006049640011 
0.0047945911065 0.0037873610854 0.0029813649599 0.0023383735679 0.0018271370791 0.0014221663587 0.0011027156143 0.00085195165593 0.00065627426375 
0.00050475960597 0.00038870386197 0.00030125168269 0.00023709825473 0.00019225641154 0.00016388040967 0.00015014008386 0.00016764945758 0.0001835795556 
0.0002164572652 0.00026834110031 0.00034237536602 0.00044285319746 0.00057529070182 0.0007465055678 0.00096468959237 0.0012394615915 0.0015818894608 
0.0020044639241 0.0025210049935 0.0031464877538 0.0038967737928 0.0047882245854 0.0058371964842 0.0070594130084 0.008469209075 0.010078674182 
0.011896700598 0.013927993365 0.016172064468 0.018622297794 0.021265121177 0.024079399183 0.027036091313 0.030098248273 0.033221472055 
0.036354806274 0.039442121983 0.042424045503 0.045240256935 0.047832313925 0.050146643072 0.052137669176 0.053771045059 0.055026564747 
0.055900640786 0.056408215314 0.056583512574 0.056479364634 0.056164581329 0.055718947202 0.055226091295 0.054765954614 0.054409712553 
0.054218932986 0.054246917367 0.054540477693 0.055142257363 0.056093595922 0.05743803829 0.059224400669 0.061507347971 0.06434340775 
0.067780986428 0.071844771504 0.076516598463 0.081716440618 0.087286494672 0.092981822789 0.098469935358 0.10334272683 0.1071453616 
0.10942459852 0.10979223251 0.10799176991 0.10395395011 0.09782435745 0.089952006936 0.080838784575 0.071062207222 0.061191204935 
0.051714755595 0.042996350676 0.035258632153 0.028593769297 0.022990595549 0.018368253484 0.014608169906 0.011579248123 0.0091548087075 
0.0072218058631 0.00568433851 0.004463552963 0.0034957476892 0.0027298824862 0.0021251630969 0.0016489797272 0.0012752540642 0.00098314217757 
0.0007560182712 0.00058067508508 0.00044668847113 0.0003459144209 0.00027209369 0.00022054789588 0.0001879522024 0.00017217484128 0.00019437918672 
0.00021264629322 0.00025032431586 0.00030972523382 0.00039437576197 0.00050908193225 0.00066000438528 0.00085473578656 0.0011023690458 0.0014135425445 
0.0018004457233 0.0022767703049 0.0028575849719 0.0035591197666 0.0043984390795 0.0053929961286 0.0065600476228 0.0079159401357 0.0094752665609 
0.011249905452 0.013247981668 0.015472781844 0.017921676859 0.02058512345 0.023445820436 0.026478083804 0.029647562653 0.032911337912 
0.036218490452 0.039511203766 0.042726386338 0.045797843486 0.048659011722 0.051246009767 0.053501095623 0.055376183242 0.056836526841 
0.057864118367 0.058460757136 0.058650560677 0.058481466025 0.058025084436 0.057374011725 0.056635249406 0.055919341743 0.055327329785 
0.054942432791 0.054832734168 0.055055905133 0.055663123727 0.056702975184 0.058225426823 0.060286179185 0.062950439751 0.066293410957 
0.070394791663 0.075325421989 0.081127509475 0.087791010737 0.095230713487 0.10326655954 0.11160865426 0.1198476851 0.12745539844 
0.13380724192 0.13824096322 0.14014832675 0.13907979429 0.13484148681 0.12755560875 0.11766020954 0.10584370047 0.09293141216 
0.079755969346 0.06704402715 0.055341742933 0.044987007976 0.036122411489 0.028735004365 0.022707087919 0.017864705995 0.014016146772 
0.010977618396 0.0085870679468 0.0067091658711 0.0052347015589 0.0040772790089 0.0031691726763 0.0024573961273 0.0019004239002 0.0014656262938 
0.0011273160344 0.00086527009262 0.00066360126948 0.00050989026204 0.00039451321936 0.00031012465479 0.00025126544642 0.00021407293389 0.00019607832655 
0.00022450440156 0.00024537008721 0.00028838135768 0.00035612293868 0.00045253222925 0.00058296351926 0.00075426371768 0.00097484543221 0.0012547487859 
0.0016056734603 0.0020409647841 0.0025755357929 0.0032257037237 0.0040089245886 0.0049434024841 0.0060475748032 0.0073394393548 0.0088357524946 
0.010551082902 0.012496752664 0.014679709449 0.017101347446 0.019756361842 0.022631712258 0.02570575662 0.028947655112 0.032317142934 
0.035764761269 0.039232563227 0.04265544191 0.045962993056 0.049082018435 0.051939547062 0.054466236383 0.056600220501 0.058291021734 
0.059503551573 0.060222100466 0.060453932732 0.060232710093 0.05962119624 0.058712653816 0.05762931332 0.056515023112 0.055518724024 
0.054769586772 0.054359097034 0.054356116802 0.054818019271 0.055796831846 0.057345304638 0.059521850199 0.062395159155 0.066048629582 
0.070580489933 0.076096072793 0.082690767944 0.090425930917 0.099302791059 0.10923982412 0.12005412579 0.13144282997 0.1429580301 
0.15397621691 0.16368943453 0.1711666882 0.17548659444 0.17589636147 0.17197409272 0.16374769807 0.15172275901 0.13680368662 
0.12013261765 0.10289493203 0.086144328117 0.070684157312 0.057019285858 0.045370429754 0.0357301943 0.027936803177 0.021745560691 
0.016885716468 0.013098464347 0.010157340206 0.0078753512353 0.0061038220301 0.0047271745279 0.0036565205082 0.0028236615472 0.0021761381067 
0.0016734234523 0.0012840837007 0.00098368723411 0.00075325084617 0.00057807430858 0.00044685832108 0.00035103794653 0.00028428292717 0.00024213425058 
0.00022175099002 0.00025831954554 0.00028206538991 0.00033098325366 0.00040795071982 0.00051734433509 0.000665103551 0.00085880316328 0.001107720891 
0.0014228884829 0.0018171052216 0.0023049013689 0.0029024221003 0.0036272206344 0.0044979322702 0.0055338186212 0.0067541622557 0.0081775086001 
0.0098207658157 0.011698149145 0.013820031658 0.016191707924 0.018812149763 0.021672787145 0.024756455794 0.028036531061 0.031476378441 
0.035029228777 0.038638528436 0.042238850147 0.045757450163 0.04911641404 0.052235424519 0.055035125464 0.057440865785 0.059386786073 
0.060820102692 0.061705369502 0.062028750777 0.061802212149 0.061067838222 0.059902280569 0.058421216905 0.056782074273 0.055179670453 
0.053823754191 0.05288784951 0.052456084639 0.052586007863 0.053327459842 0.054726295173 0.056835193187 0.059718783945 0.063456989825 
0.068150296807 0.073919028044 0.08089248091 0.089186757803 0.098876260221 0.10996839404 0.12239070237 0.13598671556 0.15050546825 
0.16555918753 0.18052436411 0.19443312287 0.20601794124 0.21392437816 0.21694070101 0.21425810456 0.20568776131 0.19174431264 
0.17356024683 0.15266337991 0.13069276512 0.10913597792 0.089146062732 0.071461766958 0.056420736015 0.044035367668 0.034096363932 
0.026274194941 0.020200552419 0.015522932634 0.011934053153 0.0091821271926 0.007069171872 0.0054434114136 0.0041899858043 0.0032222596928 
0.0024747098796 0.0018975076964 0.001452547498 0.0011105710873 0.00084908417193 0.00065082544461 0.00050262967125 0.00039458324318 0.00031939902692 
0.00027196598239 0.0002490375773 0.0002961170685 0.00032304521301 0.00037848451757 0.0004656263045 0.00058931630338 0.00075611710781 0.00097437406657 
0.0012542757904 0.0016078889603 0.0020491511095 0.0025938001927 0.0032592201605 0.004064175766 0.0050284219906 0.0061721689999 0.0075153848156 
0.0090769380331 0.010873588733 0.012918830849 0.015221630223 0.017785107717 0.020605215803 0.023669471964 0.026955906302 0.030432220548 
0.034055326134 0.037771351635 0.041516136378 0.045216415077 0.048791579902 0.052156113088 0.055222719908 0.057905882597 0.060125954449 
0.061813462526 0.062913522124 0.063390225172 0.063230827451 0.062450185418 0.061095383018 0.059252161533 0.057054072618 0.05469494313 
0.052438907325 0.050603751093 0.049458801746 0.049018613994 0.049310754985 0.050372105092 0.052228674293 0.054925695062 0.05852971226 
0.063125267625 0.068824380636 0.075764015317 0.084090076387 0.093927398324 0.10534355044 0.11832675338 0.13280023634 0.1486595571 
0.16580638289 0.18412193656 0.20322579145 0.22208598256 0.23899210989 0.25200116634 0.25922888517 0.25924909115 0.25146684051 
0.23629771173 0.21508701146 0.18980972469 0.16266624629 0.135698542 0.11051748693 0.088177077472 0.069182440639 0.05358902365 
0.041142776608 0.031419485807 0.023937417194 0.018233306706 0.01390355546 0.010618951172 0.0081226332113 0.0062197842635 0.0047648581676 
0.0036496396642 0.0027934762184 0.0021358926315 0.0016312282532 0.0012448215857 0.00095028278884 0.00072753214044 0.00056136609055 0.00044040658395 
0.00035633295192 0.00030333269387 0.00027772472822 0.00033817850635 0.00036861165427 0.00043122924399 0.000529558165 0.00066894548945 0.0008566158358 
0.0011017314391 0.0014154386008 0.0018108845688 0.0023031823803 0.0029093022458 0.003647866426 0.0045388229191 0.0056029791012 0.0068613681942 
0.0083344643936 0.010041208006 0.011997882277 0.014216844924 0.016705157235 0.01946317777 0.02248317562 0.025748034939 0.029230225831 
0.032891031355 0.036680206656 0.040536172688 0.044386733323 0.048150479794 0.051738880575 0.055058978498 0.05801679939 0.060521222651 
0.06248825416 0.063845477998 0.064536474645 0.064524926245 0.06379840523 0.062371831387 0.06029156968 0.05764196068 0.054559156299 
0.051258768886 0.048084165901 0.045560076833 0.044246640056 0.043833445758 0.044320907444 0.045751236379 0.048095379025 0.051382593811 
0.055678468198 0.061055503786 0.067626409233 0.075534723699 0.084931351244 0.095930755138 0.10855670273 0.12271399796 0.13825801015 
0.15511213243 0.17343144119 0.19380128384 0.21662589908 0.2410454154 0.26461783051 0.28462955356 0.29823508859 0.3030731678 
0.2978772521 0.28280076385 0.25935417414 0.23000909388 0.19763550162 0.16495777667 0.13416264951 0.10671115667 0.08333671838 
0.064170494676 0.048924960196 0.037078641355 0.028026500717 0.021182028577 0.0160332378 0.012163262814 0.0092484569177 0.0070451982319 
0.0053732655942 0.004100181628 0.0031284082215 0.0023856752086 0.0018180289771 0.0013849170646 0.001055737026 0.00080737931421 0.00062246166635 
0.00048804815742 0.00039472302888 0.00033593329135 0.0003075399145 0.00038476235932 0.00041904361569 0.0004895379534 0.00060013122857 0.00075670605293 
0.00096719205612 0.0012416165555 0.0015921357553 0.0020330264233 0.0025806191843 0.0032531428151 0.004070462659 0.0050536799245 0.0062245815061 
0.0076049026102 0.0092154322192 0.011074922048 0.013198828325 0.015597930178 0.018276836723 0.021232504398 0.024452758953 0.027915040031 
0.031585380435 0.035417802632 0.03935411945 0.043324422091 0.047248069197 0.051035381854 0.054590012878 0.057811979204 0.060601312667 
0.062862180173 0.064507320523 0.065462559462 0.065671019256 0.065096721053 0.063727304339 0.061575330794 0.058679394424 0.055107071996 
0.050966575742 0.0464409329 0.041899893433 0.038152977824 0.037066593766 0.036725703627 0.037423379719 0.039309509099 0.04216754809 
0.046019855887 0.050948098302 0.056965116411 0.064171910286 0.072705596685 0.082711420953 0.094279162586 0.10734540224 0.12160152942 
0.13666920364 0.15229350328 0.1688029319 0.1885984987 0.21384732425 0.24441711605 0.27611997724 0.30546528101 0.32823812962 
0.3407176733 0.34063136578 0.32766026258 0.30340704322 0.2708786428 0.23371954262 0.19546352327 0.15899150074 0.12626561522 
0.098313421011 0.07538202405 0.057170972228 0.043068710715 0.032346047461 0.024288496003 0.018269719556 0.01377952937 0.010422776453 
0.0079034529626 0.0060040876269 0.0045661753975 0.0034741084091 0.0026430503931 0.0020102462731 0.001528925146 0.0011640551966 0.00088935543317 
0.00068517093314 0.00053694611415 0.00043412987725 0.00036940310383 0.00033815405914 0.00043609042768 0.00047458245535 0.00055369164329 0.00067768915324 
0.00085302989464 0.0010883959476 0.0013947344851 0.0017852687743 0.0022754629608 0.002882915549 0.003627151018 0.0045292922296 0.0056115770712 
0.0068967109546 0.0084070246667 0.010163450614 0.012184297666 0.014483861625 0.017070893198 0.019946981221 0.023104952648 0.026527332142 
0.030185114592 0.034036830068 0.038028139621 0.04209202528 0.046149518341 0.050111152232 0.053878989071 0.057349301875 0.060415860265 
0.062973797321 0.064923971891 0.06617745012 0.06666008383 0.066316448152 0.065112814307 0.06303807348 0.060102265328 0.056332331151 
0.051766980439 0.04645132646 0.040431834757 0.033714432269 0.026854017749 0.028081826866 0.027606196702 0.028397889808 0.031011015177 
0.034386776388 0.038731817156 0.044245354831 0.050706770271 0.058225240558 0.066913299263 0.076908804476 0.088295951486 0.10093872249 
0.11406641454 0.12673594058 0.13782675564 0.14655700326 0.16146022081 0.18677294254 0.22518527508 0.26634305716 0.30781978369 
0.3431827724 0.3667845726 0.37498483062 0.36675995588 0.34372636676 0.30946785212 0.26850572228 0.22529961169 0.18352906406 
0.14574062824 0.1133171618 0.086664512753 0.065497584641 0.049132432789 0.036726038903 0.027441430837 0.020540429279 0.015420312993 
0.011614360847 0.0087737618014 0.0066433195025 0.0050380667672 0.00382398488 0.0029034228064 0.0022046484519 0.0016745540779 0.0012735982891 
0.00097227562219 0.0007486246177 0.00058644765522 0.00047404441284 0.00040332076605 0.00036918718251 0.00049233151367 0.00053541443776 0.00062391330721 
0.00076251319842 0.00095828284975 0.0012207103427 0.0015617245808 0.0019956850447 0.0025393131655 0.0032115406357 0.004033244215 0.0050268433988 
0.0062157260254 0.0076234978624 0.0092730242759 0.011185268871 0.013377918862 0.015863839537 0.018649358302 0.021732468158 0.025101058185 
0.028731307015 0.032586440444 0.036615990102 0.040755815804 0.04492867738 0.049045663327 0.053008113056 0.056710071862 0.060041286051 
0.062890648842 0.065150149167 0.066719323397 0.067509829998 0.067450039089 0.066488735378 0.064597509801 0.061770226806 0.058018416166 
0.053362589329 0.047822345048 0.041398316622 0.033924292773 0.024323506281 0.022038409486 0.019713236019 0.01621273905 0.016600677744 
0.021123453975 0.024842781946 0.029442837462 0.035701926798 0.042342059314 0.049790896475 0.058061800897 0.067289717495 0.07764171809 
0.089232578874 0.1002734676 0.10888543725 0.11159956455 0.098562583327 0.10354232788 0.12484548241 0.17890785635 0.22882072628 
0.28615534306 0.33804154396 0.37667620182 0.39674383402 0.39627996087 0.37686523795 0.34273636341 0.29939982295 0.2523355186 
0.20609351993 0.1638585031 0.12741166353 0.097353935242 0.073447190225 0.054961919785 0.040963150561 0.030508251861 0.022759439424 
0.017029894516 0.012786854059 0.0096321636811 0.0072749606334 0.0055050235242 0.0041706105694 0.0031616403721 0.0023976254743 0.0018192502903 
0.0013825423084 0.0010548233986 0.00081185734598 0.00063582806615 0.00051390123554 0.00043721782276 0.00040021675522 0.00055358267855 0.00060165161267 
0.00070034654345 0.00085479853442 0.001072737854 0.001364519936 0.0017431292217 0.0022241445258 0.0028256340884 0.0035679554567 0.0044734268449 
0.0055658472702 0.0068698315881 0.0084099518135 0.010209661908 0.012289990671 0.014668007381 0.017355060205 0.02035481669 0.023661157116 
0.027256127447 0.031108142808 0.035170741379 0.039382193238 0.043666101992 0.047932945192 0.052082426846 0.056006263942 0.059591151774 
0.062721952796 0.065284974873 0.067171879113 0.068283773959 0.068535938859 0.067862309515 0.066219352186 0.063588261604 0.059973556548 
0.055396627635 0.049885999411 0.043477192521 0.036249298602 0.028450908139 0.020809955895 0.01613037847 0.011527544819 0.0095123369247 
0.0094951139763 0.011175931431 0.013607324101 0.017638882622 0.025931863114 0.03213429451 0.03920500353 0.046424161643 0.053986046463 
0.062063302845 0.072946943343 0.081760875881 0.08652536571 0.08463101089 0.06887087971 0.069621838629 0.083147786558 0.11233325303 
0.15559747815 0.23765788972 0.31053099036 0.36797320843 0.40348696709 0.41371753812 0.40025645494 0.36817538738 0.32409828901 
0.2745821178 0.22505986691 0.17935523391 0.13965508342 0.10677432269 0.080549992621 0.060239247978 0.044846650213 0.033351257443 
0.024837436154 0.018550382927 0.013902523555 0.010453796946 0.0078824134544 0.0059558083303 0.0045062680729 0.0034123382065 0.0025854068808 
0.0019603369292 0.0014889691956 0.0011356075993 0.00087384553626 0.00068431609543 0.00055309652817 0.00047059293138 0.00043079006718 0.00061985017965 
0.00067331100581 0.00078303267946 0.00095462851459 0.0011965456652 0.0015200781636 0.001939355745 0.0024712805171 0.0031353861559 0.0039535881951 
0.0049497904256 0.0061493366957 0.0075782597996 0.0092623308301 0.011225876398 0.013490337878 0.016072554514 0.018982702866 0.022221906111 
0.025779612362 0.029630972072 0.033734567463 0.038031168282 0.042443823069 0.046879705042 0.051233310252 0.05539053306 0.05923287943 
0.062641091645 0.065498180687 0.067692041397 0.069118469954 0.069684609771 0.069313317537 0.067947767675 0.065555788577 0.062132723629 
0.057700637728 0.052301503718 0.045983538032 0.038788001984 0.030764022842 0.022048661485 0.01347734686 0.0093454150483 0.0068026324734 
0.0055983969942 0.0054757446051 0.0062871770933 0.0079512894154 0.011081984267 0.017386332154 0.020029954612 0.027215275913 0.032761178911 
0.037675436586 0.039966776967 0.0538065359 0.060799468309 0.062140259892 0.05910775438 0.047569207847 0.048263091594 0.058073688298 
0.077917374671 0.11053690314 0.16664072871 0.26197835803 0.34157514572 0.39572760463 0.41888070107 0.412981987 0.38440439105 
0.34106063843 0.29056593776 0.23915144801 0.19120074809 0.14926084876 0.11435114592 0.086401231587 0.064687505364 0.048191249371 
0.035848323256 0.026694545522 0.019929559901 0.014927026816 0.011215828359 0.008450278081 0.0063798739575 0.0048236348666 0.0036503663287 
0.002764330944 0.0020951866172 0.0015909754438 0.0012132353149 0.00093355454737 0.00073112588143 0.00059101119405 0.00050292897504 0.00046043845941 
0.00069102842826 0.00075029325671 0.00087188661564 0.0010619468521 0.0013297013938 0.0016874698922 0.0021506357007 0.0027375572827 0.0034693938214 
0.0043698092923 0.0054645319469 0.0067807473242 0.0083463042974 0.010188709944 0.012333901599 0.014804696664 0.017618848011 0.020786536857 
0.024307262152 0.02816613391 0.032330084592 0.036744639277 0.041332449764 0.045994333923 0.050613336265 0.055061168969 0.059205599129 
0.062917008996 0.066072970629 0.06856033206 0.070276074111 0.071127831936 0.071035735309 0.069935798645 0.067784585059 0.064564540982 
0.060288593173 0.055002957582 0.048785220832 0.041731301695 0.033910926431 0.025207618251 0.014821141958 0.0089648058638 0.0058580883779 
0.0041551333852 0.0033525880426 0.0032258166466 0.0036989308428 0.0048535144888 0.0071427291259 0.011731231585 0.014234819449 0.015641734004 
0.01811302267 0.021539309993 0.026546372101 0.037141889334 0.040071804076 0.03539641574 0.033722590655 0.032330404967 0.035676900297 
0.044676672667 0.060570660979 0.086153507233 0.12747181952 0.1941178441 0.30101552606 0.37800386548 0.41460356116 0.41621854901 
0.3915142715 0.34981787205 0.29960894585 0.24768041074 0.19879320264 0.15574610233 0.11971928179 0.090736687183 0.06812158227 
0.050870291889 0.037914071232 0.028273593634 0.021129099652 0.015834461898 0.011900532059 0.0089662475511 0.0067685502581 0.0051165195182 
0.0038712543901 0.0029311417602 0.0022214096971 0.001686795149 0.0012863903539 0.00098999135662 0.00077549222624 0.00062703504227 0.00053371209651 
0.00048869417515 0.00076688104309 0.00083236122737 0.00096667325124 0.0011765294475 0.0014720129548 0.0018665721873 0.0023769794498 0.003023221856 
0.0038283020258 0.004817915149 0.0060199899599 0.0074640801176 0.0091805970296 0.011199876666 0.013551007025 0.016260262579 0.019348885864 
0.022829856724 0.026703387499 0.030951196328 0.035530298948 0.040367785841 0.045358762145 0.050369057804 0.055243615061 0.05981894955 
0.063936799765 0.067455016077 0.070253282785 0.072232998908 0.073313556612 0.073427960277 0.072520747781 0.07054939121 0.067488789558 
0.06333784759 0.058126784861 0.051926154643 0.044860262424 0.037126630545 0.028992943466 0.020578043535 0.011095969938 0.0063594682142 
0.0039168694057 0.0026539892424 0.0020729235839 0.0019605576526 0.0022591957822 0.0030473154038 0.0046143177897 0.0076141380705 0.0086932070553 
0.011168541387 0.011748260818 0.014474706724 0.020483952016 0.024711823091 0.022657595575 0.021637834609 0.022321695462 0.024811659008 
0.03063621372 0.040754664689 0.056050829589 0.078914277256 0.11434678733 0.16948187351 0.25196501613 0.36037516594 0.40692794323 
0.41297623515 0.39091646671 0.35097467899 0.30191883445 0.25066810846 0.20207561553 0.1590295732 0.1227985993 0.093487434089 
0.070486329496 0.052841417491 0.039516672492 0.029550900683 0.022131387144 0.016611671075 0.012498010881 0.0094228191301 0.0071161193773 
0.0053805462085 0.0040716510266 0.0030832700431 0.00233703712 0.0017749185208 0.0013539122883 0.001042256481 0.00081670726649 0.00066059333039 
0.00056245183805 0.00051510764752 0.00084702135064 0.00091911980417 0.0010669839103 0.0012979570311 0.001623066375 0.0020570147317 0.0026181307621 
0.0033282546792 0.0042125326581 0.0052991057746 0.0066186981276 0.008204113692 0.010089667514 0.012310535647 0.014901894145 0.017897501588 
0.021327150986 0.025212198496 0.029558500275 0.034346800297 0.039521858096 0.044983271509 0.050582069904 0.056126512587 0.061398442835 
0.066177122295 0.070264391601 0.073503375053 0.075785718858 0.07704642415 0.077251039445 0.076381191611 0.074424937367 0.071374215186 
0.067228958011 0.062004990876 0.055743273348 0.048522058874 0.040485810488 0.031940214336 0.023532729596 0.016326619312 0.0085054663941 
0.0046824961901 0.0027481270954 0.0017744716024 0.0013334857067 0.0012374490034 0.0014299345203 0.0019539326895 0.0029828192201 0.0049776234664 
0.006306072697 0.0077880211174 0.0091038122773 0.011240681633 0.01423286926 0.016151160002 0.014598096721 0.015358705074 0.01810522005 
0.023438312113 0.032553203404 0.046313852072 0.064403764904 0.089048430324 0.12639035285 0.1885265708 0.29095301032 0.36613571644 
0.40306192636 0.40653324127 0.38456603885 0.34587949514 0.29847019911 0.24881868064 0.20154641569 0.15945401788 0.12381710857 
0.094799920917 0.071872249246 0.05415815115 0.040686134249 0.030542017892 0.022943448275 0.017260869965 0.013007937931 0.009818457067 
0.0074205878191 0.005613673944 0.0042496630922 0.0032190610655 0.0024406726006 0.0018541943282 0.0014148642076 0.001089592115 0.00085415301146 
0.00069117150269 0.0005887010484 0.00053926481633 0.00093089789152 0.0010099990759 0.0011722163763 0.0014255895512 0.001782194362 0.0022581380326 
0.0028735157102 0.003652311163 0.0046222275123 0.0058144559152 0.0072634364478 0.0090066604316 0.011084615253 0.013540808111 0.016421683133 
0.019775677472 0.023650247604 0.028085270897 0.033101387322 0.038683190942 0.044759806246 0.051188237965 0.057747367769 0.064149275422 
0.070069991052 0.075193911791 0.079259604216 0.082092292607 0.083612918854 0.083823151886 0.082774832845 0.080537177622 0.077172987163 
0.072729423642 0.067241825163 0.060744389892 0.053279690444 0.044900301844 0.035674907267 0.025747079402 0.016093602404 0.012095217593 
0.0063851187006 0.0034749479964 0.0019817983266 0.0012319976231 0.00089457724243 0.00081566133304 0.00093755649868 0.0012609320693 0.0018182169879 
0.002616959624 0.0033292763401 0.0040936698206 0.0049706003629 0.0062156356871 0.0078227929771 0.0093760108575 0.010723563842 0.013514078222 
0.01860784553 0.027370262891 0.041921630502 0.064490996301 0.090062193573 0.1208345145 0.16547736526 0.2503118515 0.32320222259 
0.37495547533 0.39934381843 0.39727148414 0.37394618988 0.3361928463 0.29077225924 0.24337723851 0.19816930592 0.15772922337 
0.12327615172 0.095015451312 0.072504170239 0.054964195937 0.041511718184 0.03130087629 0.023596914485 0.017799979076 0.013439978473 
0.010157987475 0.0076840152033 0.005816442892 0.0044050510041 0.0033379141241 0.0025315925013 0.0019239004469 0.0014685858041 0.0011314190924 
0.00088733021403 0.00071833608672 0.00061207264662 0.00056080223294 0.0010177820222 0.0011042408878 0.0012815576047 0.0015585431829 0.0019484440563 
0.0024689512793 0.0031421864405 0.0039946539328 0.0050571742468 0.0063648587093 0.0079572452232 0.0098787657917 0.01217970904 0.014917640947 
0.018158830702 0.02197836712 0.026456624269 0.03166904673 0.03766650334 0.044445920736 0.051915634423 0.059865728021 0.067957311869 
0.075743436813 0.082724943757 0.088430710137 0.092498980463 0.094732910395 0.095111891627 0.093758136034 0.090874791145 0.086680464447 
0.081361524761 0.07505210489 0.067839220166 0.059782017022 0.050928261131 0.041301093996 0.030755823478 0.018369650468 0.011701549403 
0.0090204859152 0.0047932607122 0.0025962679647 0.0014556166716 0.0008825485711 0.00062778801657 0.00056963053066 0.00065172021277 0.00085809658049 
0.0011803953676 0.0015360778198 0.0018977700965 0.0023349882104 0.0029398698825 0.0038570691831 0.0052096350119 0.0071457875893 0.010120663792 
0.015153884888 0.023226246238 0.036584548652 0.059887953103 0.1056393981 0.14723403752 0.1897546947 0.23790593445 0.29518663883 
0.34547239542 0.37962505221 0.39284557104 0.38528096676 0.36050984263 0.32379776239 0.28066587448 0.23593099415 0.19321119785 
0.15481135249 0.12186594307 0.094614058733 0.072705470026 0.055471494794 0.04212904349 0.031912446022 0.024144006893 0.018260475248 
0.01381271705 0.01045207493 0.0079122921452 0.005991901271 0.0045392103493 0.0034402983729 0.0026097719092 0.0019837738946 0.0015147180529 
0.0011673585977 0.00091587594943 0.00074175052578 0.00063225347549 0.00057942053536 0.0011067618616 0.0012008905178 0.0013939706841 0.0016956713516 
0.0021205481607 0.0026880898513 0.003422761336 0.0043540690094 0.0055166999809 0.0069508962333 0.0087033072487 0.010828658938 0.013392570429 
0.016475455835 0.020176688209 0.024616617709 0.029932299629 0.036261357367 0.043708994985 0.052297700197 0.061907239258 0.072223171592 
0.082718551159 0.092690840364 0.10135973245 0.10800679028 0.11211506277 0.113461487 0.11213029921 0.1084472388 0.1028649807 
0.095843859017 0.087765268981 0.07889521867 0.069393932819 0.059355091304 0.048857804388 0.038017481565 0.026952443644 0.015227352269 
0.0094670783728 0.0070286439732 0.0036709045526 0.0019622202963 0.0010850796243 0.00065021088813 0.00046567810932 0.00043943387573 0.00050563784316 
0.00066108774627 0.00094689248363 0.0010576552013 0.0012291611638 0.001515689306 0.0020104087889 0.0028899537865 0.004428375978 0.0071392222308 
0.012002605945 0.020528839901 0.03278407082 0.051691945642 0.081679426134 0.13719967008 0.1853607595 0.23107923567 0.27624711394 
0.32000604272 0.35571491718 0.37768125534 0.38285887241 0.3713927865 0.34596854448 0.31071028113 0.27010154724 0.22817333043 
0.18803919852 0.15174558759 0.12035147846 0.094135843217 0.072846069932 0.05592700839 0.042699500918 0.032480321825 0.024650206789 
0.018683176488 0.014151237905 0.01071589347 0.0081143919379 0.0061452002265 0.0046549658291 0.00352764735 0.0026758378372 0.0020339903422 
0.0015532005345 0.0011972376378 0.00093957129866 0.00076118408469 0.00064901396399 0.00059489283012 0.0011967414757 0.0012987940572 0.0015081906458 
0.0018355514621 0.0022969006095 0.0029137698002 0.0037133498117 0.0047287479974 0.0059994920157 0.0075725852512 0.0095045678318 0.0118652042 
0.01474334579 0.018254935741 0.022551631555 0.027826033533 0.034306310117 0.042230665684 0.051793366671 0.06306117028 0.075873352587 
0.089755922556 0.10389186442 0.11718399078 0.12841980159 0.13650453091 0.14069184661 0.1407314539 0.13688217103 0.12979263067 
0.12030305713 0.10924257338 0.097284033895 0.084883458912 0.072296753526 0.059644974768 0.04701180011 0.034633148462 0.023273967206 
0.014416875318 0.0089221680537 0.0056207138114 0.0028102612123 0.0014768888941 0.00081110745668 0.00048924895236 0.0003701565438 0.00041726534255 
0.00047763728071 0.00058029888896 0.0006778271636 0.00091867649462 0.00097751570866 0.0012070476077 0.0016633712221 0.0026334153954 0.0045405775309 
0.0082737570629 0.015798686072 0.03193006292 0.051114123315 0.07997148484 0.1166447103 0.16255632043 0.20918554068 0.25306624174 
0.29369565845 0.32915630937 0.3552056551 0.3697193563 0.37029382586 0.35706275702 0.33214363456 0.29884776473 0.26087701321 
0.22165639699 0.18391227722 0.14950372279 0.11945297569 0.094096772373 0.073285333812 0.056575201452 0.043386217207 0.033111650497 
0.025184983388 0.019112614915 0.014483750798 0.010967084207 0.0083011798561 0.0062828934751 0.0047561591491 0.0036021268461 0.0027309376746 
0.002075097058 0.0015842374414 0.0012210735586 0.00095833785599 0.0007765130722 0.00066221121233 0.00060706963995 0.0012864489108 0.0013966045808 
0.001622722717 0.0019764767494 0.0024755320046 0.003143743379 0.0040114703588 0.0051161418669 0.0065033431165 0.0082289250568 0.010362957604 
0.012996518984 0.01625226438 0.020298654214 0.025365406647 0.031753584743 0.039828486741 0.049980107695 0.062537439167 0.077635139227 
0.095053933561 0.11408413947 0.13347998261 0.15156330168 0.16648989916 0.17662325501 0.18089874089 0.1790484339 0.17160600424 
0.15970179439 0.14473986626 0.12807615101 0.11079188436 0.093602821231 0.076887726784 0.060774065554 0.045218791813 0.030134521425 
0.016731467098 0.0097743216902 0.0058370311745 0.0035042611416 0.0019455078291 0.0010664727306 0.00059831194812 0.00036957103293 0.00029256159905 
0.00034371955553 0.00034837529529 0.00041312474059 0.00055080035236 0.00082843122073 0.0010247362079 0.0012695915066 0.0016125793336 0.0026876332704 
0.0049471138045 0.0094894794747 0.018658321351 0.037604190409 0.055422719568 0.093951717019 0.13310457766 0.17743712664 0.2327760607 
0.27604219317 0.31232899427 0.33973875642 0.34934687614 0.35762804747 0.35659664869 0.34378737211 0.32059377432 0.28973641992 
0.25438702106 0.21757870913 0.18180803955 0.14884892106 0.11974463612 0.094915755093 0.074321046472 0.057623367757 0.044331017882 
0.033902127296 0.025812137872 0.019590863958 0.014837718569 0.011223359965 0.0084839211777 0.0064120246097 0.0048471046612 0.0036663077772 
0.0027765522245 0.002107903827 0.0016082376242 0.0012390426127 0.00097222189652 0.00078771403059 0.00067178730387 0.00061587919481 0.0013744513271 
0.0014927953016 0.0017358530313 0.0021164573263 0.0026540986728 0.0033752555028 0.0043139527552 0.0055127739906 0.0070247896947 0.0089172199368 
0.011278102174 0.014227561653 0.017935097218 0.022642714903 0.028690027073 0.036531083286 0.046724718064 0.059874765575 0.076499216259 
0.09682636708 0.12055131793 0.14662924409 0.17320987582 0.19780257344 0.21769101918 0.23050764203 0.2347830981 0.23026837409 
0.21791063249 0.19951535761 0.17724856734 0.15316049755 0.1288600564 0.10539501905 0.083316341043 0.062813922763 0.043601371348 
0.023805914447 0.013131433167 0.0074140448123 0.004261940252 0.0024687689729 0.0013976676855 0.0007826043875 0.00044767215149 0.00028362378362 
0.00023493231856 0.00029343765345 0.00033327410347 0.00037074863212 0.00055522139883 0.0007623010315 0.00095682474785 0.0011014977936 0.0016036472516 
0.0028201313689 0.00536907278 0.010505617596 0.020805964246 0.041214372963 0.067052610219 0.10072977096 0.13953104615 0.20365682244 
0.40286266804 0.47782436013 0.51081717014 0.50273531675 0.37301075459 0.34770724177 0.34318318963 0.33259406686 0.31230273843 
0.28430092335 0.25146350265 0.21665562689 0.18231645226 0.15025028586 0.12158797681 0.096864052117 0.076152324677 0.059215001762 
0.045635767281 0.034923110157 0.026581084356 0.020151758566 0.01523602847 0.011500006542 0.0086726797745 0.0065391152166 0.0049319514073 
0.0037227785215 0.0028142563533 0.0021333445329 0.0016257353127 0.0012514356058 0.00098137045279 0.0007948516286 0.00067776301876 0.00062132318271 
0.0014591790969 0.0015856820391 0.00184566807 0.002253232291 0.0028298744 0.0036050074268 0.0046168435365 0.0059140203521 0.0075586726889 
0.0096321944147 0.012245578691 0.015556714498 0.019796648994 0.025304565206 0.032565589994 0.042236328125 0.055131275207 0.072135269642 
0.094011902809 0.12110515684 0.15298460424 0.18814724684 0.22393034399 0.25676649809 0.28280639648 0.29876869917 0.30273228884 
0.29456347227 0.27581307292 0.24917152524 0.21774464846 0.1844060868 0.15137161314 0.12005987763 0.091250792146 0.065500698984 
0.043369304389 0.022123182192 0.011759513058 0.0064153322019 0.0035576084629 0.001988598844 0.0011076814262 0.00061693094904 0.00035290021333 
0.00022510303825 0.00019057889585 0.00024741678499 0.00030196720036 0.000375558011 0.00050553621259 0.00066398212221 0.00082922470756 0.0009968674276 
0.001586806844 0.0029175635427 0.0056721651927 0.011284869164 0.023031719029 0.035970654339 0.065914660692 0.098377674818 0.14434807003 
0.33879703283 1.5739403963 1.9207326174 1.9556475878 1.7549175024 0.66068387032 0.37966182828 0.33525642753 0.324131459 
0.30761688948 0.28283071518 0.25235086679 0.21909405291 0.18561282754 0.1538554281 0.12510575354 0.10004217923 0.078860089183 
0.061414051801 0.047350097448 0.036212421954 0.027520120144 0.020816072822 0.015693653375 0.011807614006 0.0088748065755 0.0066691734828 
0.0050140512176 0.0037737430539 0.00284547708 0.0021523267496 0.0016373000108 0.0012586056255 0.00098600017373 0.00079806067515 0.00068022671621 
0.00062346929917 0.0015389588661 0.0016734569799 0.0019500851631 0.0023842940573 0.0029997634701 0.0038291367237 0.0049153235741 0.0063139088452 
0.0080976746976 0.010365023278 0.013254960068 0.016971925274 0.021823298186 0.028269007802 0.036974970251 0.048848818988 0.065020360053 
0.086718022823 0.11499949545 0.15033395588 0.19210770726 0.23821419477 0.28494724631 0.32738488913 0.36029607058 0.37935951352 
0.38226145506 0.36920329928 0.34260705113 0.30623748899 0.26421755552 0.22025282681 0.17713959515 0.136593014 0.099479399621 
0.066688805819 0.043206974864 0.022365428507 0.01178937871 0.0063610919751 0.0034378590062 0.0018542757025 0.00099856522866 0.00054050679319 
0.00030144510674 0.00018697978521 0.00015280458319 0.00019266888557 0.00023898742802 0.00030493253144 0.00040085779619 0.00051514880033 0.00060811114963 
0.0008868050063 0.0015397011302 0.0029246129561 0.0057343631051 0.011289283633 0.021745605394 0.031541697681 0.057888656855 0.086596474051 
0.11739619821 0.18296033144 0.52655148506 1.7434227467 1.860229969 1.7020415068 1.7596322298 0.65312641859 0.35851022601 
0.32095500827 0.306545645 0.28512296081 0.25680494308 0.22465957701 0.1914999485 0.15951398015 0.13019265234 0.10438229889 
0.08240468055 0.064200393856 0.049466300756 0.037769548595 0.028632348403 0.021588312462 0.016215229407 0.012150318362 0.0090937046334 
0.0068048564717 0.0050954017788 0.0038206614554 0.0028712602798 0.0021655899473 0.0016434493009 0.0012609140249 0.00098636641633 0.00079752621241 
0.00067932176171 0.00062244141009 0.0016120580258 0.0017542321002 0.0020468956791 0.0025069294497 0.0031603339594 0.0040432321839 0.0052036731504 
0.0067049702629 0.0086319530383 0.011102532037 0.014288132079 0.018447360024 0.023976543918 0.03147624433 0.041822362691 0.056212764233 
0.076139122248 0.10321870446 0.1388309449 0.1835565865 0.23651738465 0.29483637214 0.35351827741 0.40601095557 0.44549721479 
0.46661168337 0.46692171693 0.44743129611 0.41184592247 0.36508303881 0.3121201396 0.25726857781 0.20372872055 0.15332907438 
0.10630454868 0.060106296092 0.041237868369 0.025468045846 0.013233985752 0.0072411652654 0.0038100476377 0.0019692739006 0.0010127399582 
0.00052480271552 0.00028015661519 0.00016370158119 0.0001192819982 0.00012048025383 0.00014265433128 0.00018299547082 0.00024521761225 0.00033623015042 
0.00048156292178 0.00079294270836 0.0014552564826 0.0028334020171 0.0056939921342 0.011817991734 0.018912071362 0.025710508227 0.042562946677 
0.069664247334 0.090589925647 0.11228000373 0.16735677421 0.33299821615 0.45905426145 0.80486685038 1.8451783657 1.6554144621 
0.48050326109 0.32825061679 0.30934798717 0.29072457552 0.26425525546 0.23279429972 0.19949245453 0.16683541238 0.13655240834 
0.10967038572 0.086637876928 0.067475274205 0.051920991391 0.039555318654 0.029894530773 0.022455327213 0.016793768853 0.01252475474 
0.0093280402943 0.0069458968937 0.0051762475632 0.0038639816921 0.0028920941986 0.0021735876799 0.001644573058 0.0012586832745 0.00098273099866 
0.00079346337589 0.00067523139296 0.00061840668786 0.0016767361667 0.0018260930665 0.002133824164 0.0026182839647 0.0033078824636 0.0042423913255 
0.0054753087461 0.007078228984 0.0091490168124 0.011826828122 0.015318485908 0.019941763952 0.02618996799 0.034816458821 0.046924166381 
0.064022630453 0.087987802923 0.12084138393 0.16427944601 0.21894842386 0.28359636664 0.35438615084 0.42476940155 0.48628216982 
0.53036123514 0.55077064037 0.54561454058 0.51766014099 0.47277158499 0.41657474637 0.35425636172 0.29015028477 0.22756667435 
0.16855558753 0.11385063082 0.061814457178 0.036224275827 0.025119639933 0.016120765358 0.0096378158778 0.0046745957807 0.0022522283252 
0.0010958432686 0.00054173159879 0.00027672498254 0.00015275152691 0.00010071146244 8.8065811724e-05 9.7773656307e-05 0.00012492560199 0.00017243449111 
0.00025266135344 0.0003998549364 0.00069731049007 0.0013057371834 0.0025423099287 0.0050470563583 0.010142201558 0.014241315424 0.021685400978 
0.03745463118 0.052830040455 0.062972448766 0.068086646497 0.074078902602 0.098857492208 0.14297382534 0.26173371077 0.39206576347 
0.44591599703 0.3253672421 0.31673890352 0.31389805675 0.29899045825 0.27394509315 0.24273751676 0.20891359448 0.17526192963 
0.14374981821 0.11558108032 0.09132502228 0.071074604988 0.054602593184 0.041495766491 0.031258840114 0.023386964574 0.017410764471 
0.012919908389 0.0095715140924 0.0070888861082 0.0052548982203 0.0039029980544 0.0029078095686 0.0021764177363 0.0016408856027 0.0012521620374 
0.0009753392078 0.00078609981574 0.00066816562321 0.0006115649594 0.0017313061981 0.0018871655921 0.0022086016834 0.0027154474519 0.0034385391045 
0.0044213482179 0.0057229329832 0.0074233845808 0.0096339639276 0.012515636161 0.016311474144 0.021399538964 0.028371425346 0.038134414703 
0.052018452436 0.071841694415 0.099854782224 0.13846173882 0.18963113427 0.2539947331 0.32979023457 0.41200423241 0.49222669005 
0.55972623825 0.60397571325 0.61817550659 0.6021502614 0.56240391731 0.51022154093 0.4486451149 0.38153550029 0.31235280633 
0.24408103526 0.17888861895 0.11876115948 0.072887256742 0.037424489856 0.022505471483 0.016591714695 0.01055470854 0.0056898165494 
0.0025154093746 0.0011662823381 0.0005595520488 0.00027924310416 0.00015032211377 9.4806120615e-05 7.7275682997e-05 8.1579877588e-05 0.00010222384299 
0.00014125254529 0.00021047043265 0.00034018949373 0.00059537473135 0.0011021539103 0.0021063054446 0.0041072377935 0.0082514341921 0.012761830352 
0.019211385399 0.028426602483 0.035860013217 0.039107572287 0.038631144911 0.044151615351 0.055747326463 0.076759316027 0.12039002776 
0.17797000706 0.26213228703 0.2977783978 0.31900301576 0.32211053371 0.30930075049 0.28500217199 0.25361719728 0.21898397803 
0.1841430068 0.15126805007 0.12171945721 0.096173904836 0.074788168073 0.057363562286 0.043489705771 0.032657381147 0.024338643998 
0.018037604168 0.013317882083 0.0098132500425 0.0072274548002 0.0053278030828 0.0039358707145 0.0029175695963 0.0021738056093 0.0016324049793 
0.0012415078236 0.00096440367633 0.00077566219261 0.00065834959969 0.00060213723918 0.0017742014024 0.0019356879639 0.0022690545302 0.0027955630794 
0.0035484060645 0.0045746616088 0.0059388112277 0.007729221601 0.010070126504 0.013143442571 0.017226718366 0.022754786536 0.030410910025 
0.04124455899 0.056793294847 0.079153724015 0.11090743542 0.15478084981 0.21293608844 0.285885185 0.37120491266 0.46246567369 
0.54899913073 0.61721646786 0.65401470661 0.65199708939 0.614171803 0.55301940441 0.50449997187 0.44798189402 0.38493096828 
0.31776678562 0.24922049046 0.18053580821 0.10773589462 0.072462067008 0.039277479053 0.023668540642 0.017231067643 0.010445512831 
0.0050138058141 0.0023784658406 0.0011377858464 0.00055457925191 0.00028144841781 0.00015559834719 0.00010172932525 8.5069652414e-05 8.9772460342e-05 
0.00010944016685 0.00014381413348 0.00020079573733 0.00030373432674 0.00050034926971 0.00087614374934 0.0015788280871 0.0028399680741 0.0049368962646 
0.0076643968932 0.011599412188 0.017956245691 0.019875243306 0.022142792121 0.025164639577 0.031352523714 0.042910791934 0.064158394933 
0.1046417132 0.18467772007 0.25537472963 0.30289939046 0.328114748 0.33278110623 0.32071325183 0.29645627737 0.26451981068 
0.22889970243 0.19280581176 0.15856607258 0.12766481936 0.10086683929 0.07838216424 0.060035888106 0.045419041067 0.034008905292 
0.025255667046 0.018638292328 0.013695542701 0.010038784705 0.0073528476059 0.0053898724727 0.0039598029107 0.0029199619312 0.0021651433781 
0.0016189701855 0.0012267889688 0.00095009972574 0.00076236855239 0.00064601399936 0.00059035676531 0.0018040457508 0.0019700909033 0.0023131992202 
0.0028559563216 0.0036337419879 0.0046969773248 0.0061151590198 0.0079842275009 0.01044012513 0.013683343306 0.01802142337 0.023937722668 
0.032192643732 0.043953590095 0.060927826911 0.085435494781 0.12031596899 0.168529585 0.23233443499 0.31202045083 0.4043789804 
0.5013461709 0.58951586485 0.65144717693 0.66980493069 0.63506907225 0.55236744881 0.43185213208 0.43261769414 0.40413361788 
0.35881531239 0.30310297012 0.24205994606 0.17949527502 0.11883992702 0.067687429488 0.045515898615 0.029098901898 0.018196295947 
0.0090304762125 0.0044458061457 0.0021806138102 0.0010758877033 0.00054392457241 0.00029090108001 0.00017483717238 0.00012810768385 0.00011883469415 
0.0001319192088 0.00015937238641 0.00019579545187 0.00024087220663 0.00031175624463 0.00044536596397 0.00069688627264 0.0011501546251 0.0019148146966 
0.0030913373921 0.0046931160614 0.0068624173291 0.0096849426627 0.011969129555 0.014691677876 0.01884079352 0.026296550408 0.039980441332 
0.064923092723 0.1107391268 0.19921129942 0.26804813743 0.31512570381 0.33996111155 0.34442666173 0.33208313584 0.30730682611 
0.2745680213 0.23790729046 0.20062088966 0.16513288021 0.13301357627 0.10509313643 0.081623196602 0.062448237091 0.047160778195 
0.035227052867 0.026078730822 0.01917302981 0.014026839286 0.010231526569 0.0074548269622 0.0054350271821 0.0039713573642 0.0029131774791 
0.0021495891269 0.0016002865741 0.0012080041924 0.00093257089611 0.00074642640539 0.00063139072154 0.00057646230562 0.001819725614 0.0019890791737 
0.002339349594 0.0028942811769 0.0036911659408 0.0047833393328 0.0062446231022 0.0081773679703 0.010727166198 0.014109311625 0.018654443324 
0.024882102385 0.033608607948 0.046084806323 0.064135216177 0.090230204165 0.12737464905 0.17866154015 0.24635486305 0.33046680689 
0.42698860168 0.52618420124 0.61161500216 0.66085869074 0.64950788021 0.5601593852 0.4075653851 0.32592654228 0.29959246516 
0.32010385394 0.30596959591 0.26930373907 0.22164051235 0.1683203131 0.11563000083 0.071348235011 0.044891174883 0.028765693307 
0.017485521734 0.0082577550784 0.0040380149148 0.002016031649 0.0010323174065 0.00055341824191 0.00032452913001 0.00022319998243 0.00019071648421 
0.00019945268286 0.00023619142303 0.0002909527102 0.00034661192331 0.00038085409324 0.00040945864748 0.00047571223695 0.00061621936038 0.00088536681142 
0.0013431624975 0.0020445259288 0.0030281811487 0.0043614311144 0.0061042755842 0.0082350820303 0.011320071295 0.016483042389 0.025845378637 
0.04300878197 0.073825106025 0.12744563818 0.21790546179 0.28454980254 0.3292683959 0.35235753655 0.3556022346 0.34231168032 
0.31666189432 0.28301388025 0.24537558854 0.20706056058 0.17053502798 0.13741725683 0.10857901722 0.084301091731 0.064442932606 
0.048599354923 0.036229077727 0.026749972254 0.019602339715 0.014285540208 0.0103745386 0.0075227962807 0.0054568862543 0.0039668735117 
0.0028952562716 0.0021262031514 0.0015760003589 0.00118511857 0.00091194355628 0.00072803645162 0.0006147098029 0.0005606932682 0.0018204556545 
0.0019917089958 0.0023462197278 0.0029086656868 0.0037178797647 0.0048295245506 0.0063208076172 0.0082989316434 0.010916423053 0.014398534782 
0.019090311602 0.025532230735 0.03457076475 0.047499030828 0.066197514534 0.093203708529 0.13158851862 0.18448056281 0.25409182906 
0.34019529819 0.43818795681 0.53709411621 0.6180588007 0.65400052071 0.61015665531 0.44035944343 0.32832640409 0.25978511572 
0.22489635646 0.21970289946 0.24047170579 0.22250185907 0.19165220857 0.14792829752 0.099326483905 0.05451573059 0.032832641155 
0.023422215134 0.01467340067 0.0071353940293 0.0036235686857 0.0019030476687 0.0010429907124 0.00061444164021 0.00041044174577 0.00032993077184 
0.00032386349631 0.00037063873606 0.00046286373981 0.0005922082928 0.00072006462142 0.00074032921111 0.00068559480133 0.00066532526398 0.00068569247378 
0.00080483581405 0.0010640741093 0.0015013155062 0.0021618185565 0.0031211005989 0.0045146672055 0.0066166748293 0.010115001351 0.016416184604 
0.02825785242 0.051050264388 0.093019120395 0.16820915043 0.24245910347 0.30240395665 0.34325307608 0.36374598742 0.36517369747 
0.35055521131 0.32386255264 0.2893191278 0.25085318089 0.21174366772 0.174453035 0.14061230421 0.11111160368 0.086247883737 
0.065890699625 0.049637712538 0.03694395721 0.027218781412 0.019891127944 0.014447989874 0.010452352464 0.0075469887815 0.005449523218 
0.0039429310709 0.0028643559199 0.0020941018593 0.0015457830159 0.0011581070721 0.00088834727649 0.00070739904186 0.00059620046522 0.00054328783881 
0.0018058338901 0.0019774560351 0.0023330154363 0.0028978497721 0.0037118755281 0.0048323655501 0.0063387802802 0.0083413291723 0.010996324942 
0.014533485286 0.019302617759 0.025848470628 0.035019923002 0.048108603805 0.066987015307 0.094174988568 0.13271275163 0.18568144739 
0.25522387028 0.34101417661 0.43830764294 0.53592932224 0.61477643251 0.64758771658 0.59990102053 0.42735880613 0.31224793196 
0.23939363658 0.19850441813 0.18229079247 0.18203440309 0.16594582796 0.16018760204 0.12382742018 0.073858976364 0.043368581682 
0.026099337265 0.016606982797 0.010297731496 0.0058829174377 0.0033300134819 0.0019249771722 0.001169615658 0.00077812740346 0.00059834431158 
0.0005507171154 0.00059469556436 0.00071709993063 0.00092694180785 0.0012504407205 0.0016370591475 0.0016146174166 0.0013121236116 0.001165271271 
0.0009896394331 0.000943018822 0.0010460860794 0.0013201094698 0.0018111898098 0.002612301847 0.0039118877612 0.0061044464819 0.01002656389 
0.017394620925 0.032068133354 0.065993882716 0.12321158499 0.19412365556 0.26242536306 0.31785911322 0.35522076488 0.37303102016 
0.37243741751 0.35633203387 0.32855370641 0.29320067167 0.2540999949 0.2144600004 0.17670185864 0.14243805408 0.11255448312 
0.087350942194 0.066701300442 0.050205767155 0.037318922579 0.02744663693 0.020012149587 0.014495539479 0.010452643037 0.0075195608661 
0.0054081659764 0.0038967868313 0.0028190235607 0.0020526151638 0.0015094194096 0.0011270010145 0.0008619359578 0.00068472296698 0.00057609198848 
0.00052448158385 0.0017758818576 0.0019462652272 0.0022995097097 0.002861299552 0.0036721143406 0.0047900294885 0.0062955077738 0.0082997586578 
0.010959574953 0.01450349018 0.0192763675 0.025810709223 0.034930657595 0.047884058207 0.066474191844 0.093123376369 0.13075268269 
0.18232619762 0.24992215633 0.33329162002 0.42805787921 0.52396976948 0.6039274931 0.64489048719 0.62248897552 0.52121251822 
0.36127594113 0.26697510481 0.21798107028 0.20071817935 0.21910654008 0.17608195543 0.1442143172 0.10370773077 0.066401593387 
0.040596399456 0.02460363321 0.015144252218 0.009366880171 0.0057354290038 0.0035381636117 0.002248754492 0.0015155571746 0.0011300910264 
0.00097736855969 0.00099225470331 0.0011343121296 0.0013981407974 0.0018302823883 0.0026100969408 0.003021243494 0.0028075419832 0.0025552012958 
0.0023489394225 0.0016755900579 0.0013795972336 0.001315684407 0.0014627012424 0.0018607904203 0.0026118534151 0.0039304103702 0.0062618134543 
0.010515236296 0.018522452563 0.034019697458 0.065443590283 0.13135550916 0.20715665817 0.27587330341 0.32957136631 0.36447659135 
0.37986040115 0.37722179294 0.35956391692 0.33069902658 0.29463371634 0.25508674979 0.21517014503 0.17723281682 0.14284029603 
0.1128526479 0.087558507919 0.066828995943 0.050265260041 0.03732349351 0.027410326526 0.019948462024 0.014416338876 0.010367471725 
0.0074354433455 0.0053297583945 0.0038267325144 0.0027584112249 0.0020014182664 0.0014668796211 0.0010919255437 0.00083290750626 0.00066023354884 
0.00055461644661 0.00050450663548 0.0017310660332 0.0018985801144 0.0022460885812 0.0027992844116 0.0035986553412 0.0047022262588 0.0061901668087 
0.0081726843491 0.010803829879 0.014305648394 0.019009130076 0.025419648737 0.034312453121 0.046854224056 0.064725168049 0.090180106461 
0.12594333291 0.17479985952 0.23876142502 0.31778377295 0.40820658207 0.5013538003 0.58302909136 0.63493746519 0.63921391964 
0.5867613554 0.48516374826 0.34841650724 0.2887917459 0.2665232718 0.28854215145 0.25760903955 0.20616321266 0.13019876182 
0.078655935824 0.04703091085 0.028195373714 0.017178354785 0.010690622963 0.0068009174429 0.0044533028267 0.0030422094278 0.0022214585915 
0.001805852633 0.0017046878347 0.0018604751676 0.0022034680005 0.0027238328476 0.0034601856023 0.0043840371072 0.0051240259781 0.0040805139579 
0.0037450164091 0.0039724637754 0.0028785925824 0.0022644738201 0.0019789508078 0.0019871680997 0.0023276524153 0.0031019409653 0.004527639132 
0.0070621501654 0.011621742509 0.019971508533 0.035451300442 0.064260110259 0.11760078371 0.21137812734 0.28498879075 0.33864852786 
0.37164735794 0.38465693593 0.37985688448 0.36052814126 0.33053308725 0.29380986094 0.25396159291 0.21398109198 0.17611686885 
0.14186115563 0.11202710867 0.0868774876 0.066272310913 0.049810569733 0.036950729787 0.027103235945 0.019694579765 0.014206254855 
0.010193989612 0.0072928490117 0.0052133025602 0.0037323185243 0.0026824183296 0.0019406126812 0.0014183693565 0.0010531278094 0.0008015158819 
0.00063417688943 0.00053200917318 0.00048359137145 0.0016722924775 0.0018353423802 0.0021737609059 0.002712905407 0.0034927085508 0.0045702978969 
0.0060242954642 0.0079620312899 0.010531935841 0.013944992796 0.018510928378 0.024695962667 0.033207204193 0.045100614429 0.061890728772 
0.08560885489 0.11871832609 0.16376785934 0.22267949581 0.2956597507 0.37990415096 0.46850833297 0.55023390055 0.61091452837 
0.63713347912 0.62190443277 0.57012742758 0.49881634116 0.44472691417 0.4072637856 0.38034054637 0.33599081635 0.27409416437 
0.19488283992 0.10718170553 0.061289250851 0.036382574588 0.022217936814 0.01402820833 0.0091933514923 0.0062820808962 0.0045167352073 
0.003488532966 0.003014849266 0.0030480723362 0.0035542745609 0.0043309493922 0.005368007347 0.0068983235396 0.0089480532333 0.0090588908643 
0.0069705927745 0.0064720036462 0.006806739606 0.0051272674464 0.0039288974367 0.0032630488276 0.0030632524285 0.0033640724141 0.0042487122118 
0.0059148627333 0.0088202627376 0.013908661902 0.02295479551 0.039135809988 0.068069778383 0.12029162794 0.21969175339 0.29517623782 
0.34773740172 0.37818565965 0.3883240521 0.38097855449 0.35971689224 0.3284561038 0.2910579741 0.25099080801 0.21110235155 
0.17351341248 0.1396176219 0.11016058177 0.085364341736 0.06506857276 0.048865668476 0.036215648055 0.026534643024 0.019256219268 
0.013868875802 0.0099345296621 0.0070933699608 0.005059950985 0.0036144221667 0.0025917373132 0.001870758133 0.0013643458951 0.0010109847644 
0.00076807575533 0.0006068215589 0.00050850823754 0.00046195863979 0.0016008791281 0.0017579647247 0.0020841329824 0.0026040719822 0.0033566185739 
0.0043972041458 0.0058017610572 0.0076731094159 0.010151696391 0.013433931395 0.017802910879 0.023677363992 0.031683329493 0.042746435851 
0.058187097311 0.079774692655 0.10966484249 0.15012058616 0.20293265581 0.26853263378 0.34495046735 0.42697003484 0.50600719452 
0.57126414776 0.61245286465 0.62364590168 0.60661494732 0.57139045 0.532967031 0.49571287632 0.45656853914 0.40549632907 
0.33762958646 0.25019711256 0.14979349077 0.081282131374 0.04867836833 0.030344735831 0.019615910947 0.013226412237 0.009350951761 
0.0069828163832 0.0056074922904 0.0050552100874 0.0054174708202 0.0068646054715 0.0085659967735 0.010524634272 0.013814806007 0.015489219688 
0.015178985894 0.012160387821 0.011899611913 0.011411498301 0.0095907887444 0.0069553880021 0.0055239703506 0.0049868356436 0.0052940100431 
0.0064549557865 0.0086046969518 0.01219610218 0.018294358626 0.028939776123 0.047600403428 0.079644747078 0.13380394876 0.23592486978 
0.30993813276 0.3590656817 0.38546213508 0.39175760746 0.38123440742 0.3576438427 0.32489904761 0.28674596548 0.24648590386 
0.20679217577 0.1696306318 0.13627278805 0.10737733543 0.083111330867 0.063284695148 0.047478079796 0.03515144065 0.025727363303 
0.01864888519 0.013414648362 0.0095960926265 0.0068416898139 0.0048728450201 0.0034751594067 0.0024878073018 0.0017928442685 0.0013055024901 
0.00096599402605 0.00073295610491 0.00057845405536 0.00048435124336 0.00043982337229 0.0015185009688 0.00166827254 0.0019793440588 0.0024754235055 
0.0031937621534 0.0041873832233 0.0055285515264 0.0073142629117 0.0096752382815 0.012791004032 0.016914922744 0.022413950413 0.029827008024 
0.039940666407 0.053868535906 0.073099911213 0.099457331002 0.13488391042 0.18099221587 0.23837044835 0.30576753616 0.37943807244 
0.45304787159 0.51852053404 0.56794840097 0.59615182877 0.6027674675 0.59240841866 0.57199496031 0.54492133856 0.51006531715 
0.46226719022 0.39562815428 0.30307361484 0.17569409311 0.10639369488 0.06649018079 0.042604327202 0.028213139623 0.019495023414 
0.014165875502 0.010890191421 0.0089744273573 0.0082733333111 0.009270330891 0.013551090844 0.017274361104 0.020312689245 0.022202923894 
0.023991676047 0.023833626881 0.021311998367 0.016985312104 0.016870729625 0.01427074708 0.012117754668 0.009254174307 0.0081859547645 
0.008701832965 0.010519442149 0.013622535393 0.018403206021 0.026194002479 0.039818350226 0.064161755145 0.10586994141 0.16425925493 
0.26371181011 0.33127003908 0.37375918031 0.3941693604 0.39544484019 0.38102141023 0.35466712713 0.32019841671 0.28118917346 
0.24073508382 0.2013053149 0.164686203 0.13200654089 0.10382159054 0.080230884254 0.061006050557 0.045711155981 0.033804096282 
0.024714160711 0.017895504832 0.012859353796 0.0091893803328 0.0065449806862 0.004656736739 0.0033176545985 0.0023726730142 0.0017082106788 
0.001242722501 0.00091874727514 0.00069656519918 0.000549370714 0.0004597705265 0.00041738874279 0.0014271171531 0.0015684234677 0.0018619641196 
0.002330200281 0.0030083728489 0.0039465036243 0.0052124080248 0.0068962918594 0.0091180521995 0.012039206922 0.015882443637 0.020962541923 
0.027731820941 0.036839514971 0.049195192754 0.06601049751 0.088773272932 0.119093813 0.15836973488 0.20726519823 0.26509428024 
0.32931882143 0.39545312524 0.45763546228 0.50991868973 0.54795354605 0.57032847404 0.57868254185 0.57613623142 0.56453943253 
0.54296725988 0.50732827187 0.45101061463 0.36436793208 0.23062738776 0.14692273736 0.094372302294 0.061397776008 0.041154708713 
0.028873277828 0.021421246231 0.016855819151 0.014112868346 0.012954134494 0.014105751179 0.020018618554 0.026199501008 0.030787846074 
0.030150083825 0.03393503651 0.034297544509 0.031403627247 0.026848906651 0.023802515119 0.017375480384 0.016707962379 0.01525777299 
0.013328869827 0.014657911845 0.017995480448 0.023026896641 0.029777493328 0.039933096617 0.057833865285 0.092768624425 0.16598755121 
0.23511569202 0.30554986 0.35871118307 0.39128369093 0.40398573875 0.39924868941 0.38033804297 0.35088282824 0.31451627612 
0.27458769083 0.23395319283 0.19485315681 0.15887540579 0.12699051201 0.099638022482 0.076840646565 0.058325372636 0.043635930866 
0.032226640731 0.023533679545 0.017023615539 0.012222210877 0.0087275560945 0.0062120854855 0.0044174748473 0.0031457208097 0.0022487929091 
0.0016184315318 0.0011770124547 0.00086989311967 0.0006593305734 0.00051986658946 0.00043498707237 0.00039484276203 0.0013288806658 0.0014608035563 
0.0017348709516 0.0021720777731 0.0028053168207 0.0036811437458 0.0048623494804 0.006431736052 0.0084978537634 0.011204113252 0.014743415639 
0.019381122664 0.025488836691 0.033588837832 0.044402454048 0.058884054422 0.078207582235 0.1036612615 0.13641089201 0.17712596059 
0.22553157806 0.28003418446 0.33762702346 0.39425209165 0.44564419985 0.48842781782 0.52099108696 0.54360044003 0.55750215054 
0.56333118677 0.55975604057 0.54275691509 0.50579720736 0.44106602669 0.34261184931 0.21806760132 0.13931390643 0.0898450315 
0.059952642769 0.042327530682 0.03195239976 0.025727586821 0.021857542917 0.019811091945 0.020189037547 0.024550516158 0.035527780652 
0.045266646892 0.049861494452 0.045507803559 0.046422019601 0.041475579143 0.033268809319 0.032224822789 0.023159634322 0.020197713748 
0.019811443985 0.021229149774 0.025203313679 0.03186897561 0.041065502912 0.051152855158 0.063915990293 0.085118494928 0.12708729506 
0.21617220342 0.28752273321 0.34576892853 0.3868662715 0.40920975804 0.41363033652 0.402448982 0.37879425287 0.34611603618 
0.30782184005 0.26700499654 0.22625991702 0.18758292496 0.15235207975 0.12137117982 0.09495741874 0.073051787913 0.055333390832 
0.041323885322 0.030473671854 0.022226437926 0.016062516719 0.011523892172 0.0082248691469 0.0058526266366 0.0041614258662 0.0029634977691 
0.0021188165992 0.0015251815785 0.0011094238143 0.00082009308971 0.00062167498982 0.00049022294115 0.00041020428762 0.00037235434866 0.0012260378571 
0.0013479157351 0.00160110672 0.0020049773157 0.0025898236781 0.0033984102774 0.0044881380163 0.0059340861626 0.0078334249556 0.010312130675 
0.013535482809 0.017724363133 0.023179138079 0.030311347917 0.039678838104 0.052012041211 0.068208761513 0.089266613126 0.11612457037 
0.14940823615 0.18911963701 0.23437100649 0.28330206871 0.33329895139 0.38153091073 0.42565324903 0.46437183022 0.49752950668 
0.52553886175 0.54829996824 0.56403154135 0.56843900681 0.55467945337 0.51465386152 0.44237685204 0.33847260475 0.20949357748 
0.13013128936 0.085523746908 0.060631964356 0.046730019152 0.038810092956 0.033712942153 0.030528234318 0.030125560239 0.033802609891 
0.043375886977 0.062246121466 0.075297020376 0.075056158006 0.060556869954 0.051155604422 0.048785410821 0.045388292521 0.033436719328 
0.030214285478 0.031501233578 0.036126442254 0.044359024614 0.057482883334 0.076900362968 0.093261152506 0.10874977708 0.13082788885 
0.17530447245 0.26751598716 0.33414900303 0.38246336579 0.41276690364 0.42532190681 0.42159208655 0.40404841304 0.37575808167 
0.33999657631 0.29993185401 0.25838750601 0.21768687665 0.1795770824 0.14522387087 0.11526314169 0.089889325202 0.068961843848 
0.052112407982 0.038841549307 0.028597002849 0.020831497386 0.015040791593 0.010784748942 0.0076954434626 0.0054761716165 0.0038949288428 
0.0027750991285 0.0019853655249 0.0014301062329 0.0010409784736 0.0007699795533 0.0005839940859 0.00046069629025 0.00038560241228 0.00035007030237 
0.0011208280921 0.0012322636321 0.0014637319837 0.001832866692 0.0023672133684 0.0031055554282 0.0040997234173 0.0054170205258 0.0071435482241 
0.0093890121207 0.012293963693 0.016040803865 0.020869851112 0.027100808918 0.035157002509 0.045584745705 0.059053108096 0.076313763857 
0.09810167551 0.12497169524 0.15709656477 0.19408985972 0.23494392633 0.27816048265 0.3220846951 0.3653459549 0.40720874071 
0.4476108253 0.48674541712 0.5242203474 0.55800354481 0.58348679543 0.59313929081 0.57733243704 0.52685683966 0.43736329675 
0.31452810764 0.18087919056 0.11715812981 0.084260925651 0.06715939194 0.058686371893 0.052735410631 0.048079930246 0.047276467085 
0.05176569894 0.062445171177 0.079536482692 0.10816257447 0.11212327331 0.098766364157 0.077795766294 0.059346493334 0.061822131276 
0.049855139107 0.04894900322 0.053865071386 0.063575431705 0.078374914825 0.10277097672 0.15220445395 0.18113015592 0.19949424267 
0.21697311103 0.26238685846 0.32495808601 0.37791779637 0.41490894556 0.43467128277 0.43791556358 0.42650204897 0.40303832293 
0.37053117156 0.3320735991 0.29058435559 0.24861134589 0.20820610225 0.17086939514 0.13755983114 0.10875121504 0.084520958364 
0.064651988447 0.04873303324 0.036247249693 0.02664280124 0.019384086132 0.013984449208 0.010023420677 0.0071522723883 0.005091549363 
0.0036238399334 0.0025843230542 0.0018508534413 0.0013347126078 0.00097260496113 0.00072012079181 0.00054663803894 0.0004315096885 0.00036133505637 
0.00032811393612 0.0010153889889 0.0011162429582 0.0013256859966 0.0016595720081 0.0021426321473 0.002809605794 0.0037067390513 0.0048937071115 
0.0064460937865 0.0084587503225 0.011050598696 0.014371721074 0.018613602966 0.024022888392 0.030917316675 0.039699316025 0.050858415663 
0.06494987011 0.08253736794 0.10409612954 0.12989132106 0.15987074375 0.1936275512 0.23048128188 0.26968497038 0.31069615483 
0.35338544846 0.39802828431 0.44496181607 0.49387988448 0.54285490513 0.5872900486 0.61912226677 0.62666243315 0.59559452534 
0.51281648874 0.37895259261 0.22525249422 0.15234856308 0.11407054216 0.095897480845 0.091116562486 0.08644323796 0.078321777284 
0.077753096819 0.085713095963 0.10327640176 0.12256278098 0.15503636003 0.15542414784 0.13354316354 0.091450355947 0.075189970434 
0.084350898862 0.076937161386 0.083220116794 0.095522098243 0.11460462213 0.13821180165 0.17115697265 0.23465101421 0.26614999771 
0.27633866668 0.257702142 0.31285095215 0.37142750621 0.41506907344 0.44151687622 0.45120123029 0.44570788741 0.42727062106 
0.39856746793 0.36249381304 0.32192775607 0.27952125669 0.23754119873 0.19777025282 0.16147126257 0.12940660119 0.10189961642 
0.078921586275 0.060188483447 0.04525397718 0.033590070903 0.024650273845 0.017914315686 0.012915829197 0.0092559689656 0.0066065778956 
0.0047063883394 0.0033532169182 0.002394444542 0.0017173558008 0.0012402910506 0.00090509344591 0.00067099736771 0.00050990039017 0.00040284762508 
0.00033752791933 0.00030658510514 0.0009116748115 0.0010020468617 0.0011896661017 0.0014886126155 0.0019208214944 0.0025170368608 0.0033180490136 
0.0043762126006 0.0057572876103 0.0075427512638 0.0098328832537 0.012751102448 0.016450138763 0.021120358258 0.026999695227 0.034382823855 
0.043624680489 0.055131155998 0.069329887629 0.086618795991 0.10730091482 0.13152833283 0.15928798914 0.19045861065 0.22494196892 
0.26283073425 0.30452889204 0.3507194519 0.40208488703 0.45873585343 0.5193696022 0.58020830154 0.63367390633 0.66652315855 
0.65757465363 0.5796071291 0.42720246315 0.27077630162 0.19622194767 0.15359924734 0.13627293706 0.14438293874 0.15453836322 
0.13275128603 0.13332559168 0.14874690771 0.19012495875 0.20946311951 0.21648471057 0.20310913026 0.17114922404 0.11815605313 
0.096689894795 0.11093690991 0.12428421527 0.14937116206 0.17482618988 0.21559154987 0.25478324294 0.29282674193 0.33154308796 
0.35539218783 0.36369594932 0.35642194748 0.33682981133 0.4103499651 0.44643676281 0.46194732189 0.4615971148 0.44786646962 
0.4231530726 0.39003890753 0.35120591521 0.30926045775 0.26656115055 0.22508582473 0.18635325134 0.15140004456 0.12080745399 
0.094764076173 0.073149897158 0.055626790971 0.041723959148 0.030910568312 0.022651694715 0.016446894035 0.011853224598 0.0084955152124 
0.0060675018467 0.0043268906884 0.0030871599447 0.0022081104107 0.0015865438618 0.0011478773085 0.0008390758303 0.00062299135607 0.00047401330085 
0.00037485585199 0.00031427998329 0.00028556270991 0.00081139151007 0.0008915917133 0.0010580311064 0.0013230686309 0.0017059320817 0.0022335173562 
0.0029414019082 0.0038750446402 0.0050911586732 0.0066592954099 0.0086637642235 0.011206159368 0.014408844523 0.018419666216 0.02341783233 
0.029619876295 0.037283405662 0.046704933047 0.058208148926 0.072121493518 0.088749982417 0.10835377127 0.13115258515 0.15737175941 
0.1873319149 0.22155760229 0.26085230708 0.30627167225 0.3589361012 0.41966482997 0.48844316602 0.56360858679 0.64010286331 
0.70534652472 0.73261016607 0.68161326647 0.53564053774 0.35324108601 0.26363193989 0.2079667002 0.18492569029 0.21505028009 
0.22563435137 0.2284206152 0.23980589211 0.25886166096 0.28017830849 0.28582435846 0.27273672819 0.24293980002 0.20455284417 
0.16158445179 0.12088289857 0.12072955817 0.14324584603 0.19885616004 0.22169569135 0.30063790083 0.35350781679 0.39328852296 
0.42310786247 0.44052907825 0.4463776648 0.44431477785 0.44260203838 0.46284377575 0.47549796104 0.47635129094 0.46538200974 
0.44388324022 0.41373389959 0.37714746594 0.33646345139 0.29395231605 0.25165060163 0.21124066412 0.17398355901 0.14070403576 
0.11182004213 0.087404035032 0.067261949182 0.051016565412 0.03818481043 0.028242528439 0.020673362538 0.015001635998 0.010811085813 
0.0077523090877 0.0055421194993 0.0039578140713 0.0028287912719 0.0020273244008 0.0014596766559 0.0010582472896 0.00077502412023 0.00057638820726 
0.00043915098649 0.00034764449811 0.00029166712193 0.00026510760654 0.00071595329791 0.00078646530164 0.00093273521634 0.0011654907139 0.001501399558 
0.0019637316 0.0025831854437 0.0033988386858 0.0044591771439 0.0058231824078 0.0075615132228 0.0097578912973 0.012510913424 0.015936519951 
0.020171262324 0.02537609823 0.031739853323 0.039480853826 0.048845145851 0.060101192445 0.073533773422 0.089444182813 0.1081667617 
0.13011065125 0.15582695603 0.18608672917 0.2219401896 0.26472389698 0.31601077318 0.37755855918 0.45132625103 0.53927731514 
0.64143627882 0.74884682894 0.82986915112 0.82356798649 0.6814917326 0.47843900323 0.36539983749 0.28369617462 0.24052172899 
0.26671233773 0.28914543986 0.30712762475 0.32848280668 0.35019528866 0.36168646812 0.34964546561 0.31062456965 0.25593838096 
0.20970366895 0.17341509461 0.15164971352 0.15728762746 0.19237026572 0.25857540965 0.32092934847 0.38869470358 0.44238775969 
0.48052382469 0.50434100628 0.51521009207 0.51578938961 0.51003342867 0.50336152315 0.50084400177 0.49514207244 0.48242932558 
0.46169236302 0.43341204524 0.39889362454 0.35988748074 0.31832161546 0.27609083056 0.23489233851 0.19611218572 0.16076426208 
0.12947827578 0.10252869874 0.07989180088 0.061317864805 0.046406321228 0.034674640745 0.025615096092 0.018736997619 0.01359430328 
0.0098005961627 0.0070340884849 0.005035659764 0.0036026153248 0.0025803495664 0.0018535049167 0.0013376373099 0.00097194308182 0.0007132680621 
0.0005313885631 0.00040543780779 0.00032129438478 0.00026974678622 0.00024526735069 0.00062646018341 0.00068790168734 0.00081529450836 0.001017853152 
0.0013098756317 0.0017112854403 0.0022483021021 0.0029541929252 0.0038700536825 0.0050455643795 0.0065397121944 0.0084215002134 0.010770787485 
0.013679436408 0.017253002152 0.021613094956 0.02690035291 0.033277690411 0.040933575481 0.050085600466 0.060986246914 0.073934577405 
0.089299231768 0.1075572893 0.1293489784 0.15554098785 0.18728771806 0.22609357536 0.27394163609 0.33366081119 0.40972161293 
0.50902140141 0.63902497292 0.79728198051 0.94780474901 0.99074667692 0.79292541742 0.64717590809 0.51032942533 0.38706862926 
0.30552074313 0.28848302364 0.34847256541 0.38064616919 0.40942826867 0.4324002862 0.43465641141 0.39931768179 0.31950414181 
0.21720853448 0.16593234241 0.13682314754 0.12529137731 0.1369265914 0.18335101008 0.29496714473 0.38602784276 0.46219202876 
0.51877766848 0.55496972799 0.57299482822 0.57634174824 0.56907713413 0.55534762144 0.53891503811 0.52194082737 0.5025318265 
0.47884699702 0.45009967685 0.41647589207 0.37885892391 0.33856213093 0.29709598422 0.25597175956 0.21654765308 0.17992243171 
0.14687845111 0.11787010729 0.093049451709 0.072316937149 0.05538546294 0.041846506298 0.031230246648 0.0230546128 0.01686109975 
0.012237656862 0.0088303843513 0.0063465815037 0.0045518586412 0.0032636877149 0.0023433403112 0.0016875878209 0.0012210003333 0.0008893153863 
0.00065402203472 0.00048812569003 0.00037295956281 0.00029586447636 0.00024856376695 0.00022608046129 0.00054369564168 0.00059677800164 0.00070678268094 
0.00088154833065 0.0011332210852 0.001478694845 0.0019401506288 0.0025456508156 0.0033297361806 0.0043339636177 0.0056073470041 0.00720669562 
0.0091969184577 0.011651449837 0.014653030783 0.018295157701 0.022684499621 0.027944520116 0.034220725298 0.041688024998 0.050561591983 
0.061113290489 0.073696397245 0.088781051338 0.10700070858 0.12920837104 0.15654787421 0.19058169425 0.23361922801 0.28956359625 
0.36562794447 0.47435733676 0.63219845295 0.84596318007 1.0749253035 1.136682868 1.0444049835 0.89574980736 0.70899760723 
0.52521777153 0.39961153269 0.36082535982 0.42658767104 0.45825269818 0.48787686229 0.51011157036 0.5034301281 0.44118446112 
0.29622793198 0.20858578384 0.15751183033 0.12887206674 0.11933848262 0.13388498127 0.18776293099 0.31959736347 0.43166533113 
0.52025431395 0.58141440153 0.61587822437 0.62777245045 0.62262135744 0.60595196486 0.5824945569 0.5557436347 0.52752792835 
0.49773269892 0.46567669511 0.43093442917 0.39359292388 0.35422801971 0.31377014518 0.27333763242 0.23407486081 0.19701714814 
0.16299489141 0.13257998228 0.10607372224 0.08352740854 0.064785517752 0.049540661275 0.03739034012 0.027888225392 0.020585747436 
0.01506198477 0.010942282155 0.0079071931541 0.0056940140203 0.0040933219716 0.0029426156543 0.0021187195089 0.001530145877 0.0011101103155 
0.00081057409989 0.00059741735458 0.00044668547343 0.00034177608904 0.00027139985468 0.00022815524426 0.00020758081519 0.0004681411956 0.00051363144303 
0.0006078525912 0.00075741455657 0.000972544658 0.0012674418977 0.0016607070575 0.0021758130752 0.0028415617999 0.0036924774759 0.0047690826468 
0.0061180391349 0.0077921892516 0.0098506119102 0.012358920649 0.01539013721 0.019026558846 0.023363150656 0.028512984514 0.034615494311 
0.041848443449 0.050444860011 0.06071632728 0.073083937168 0.0881177634 0.1065883562 0.129549101 0.15852540731 0.19603221118 
0.24688278139 0.32081156969 0.43577516079 0.61725360155 0.88271003962 1.2018686533 1.4425250292 1.3810708523 1.2245953083 
0.95559173822 0.68797647953 0.51409107447 0.46495828032 0.51709276438 0.53557515144 0.56108784676 0.58345645666 0.57455027103 
0.50083273649 0.32880970836 0.23288139701 0.1750549078 0.14075146616 0.12725129724 0.13932369649 0.1923289448 0.32665076852 
0.46050348878 0.56367182732 0.63020086288 0.66273015738 0.66794127226 0.65363180637 0.62694430351 0.59348666668 0.55706632137 
0.51973289251 0.48207393289 0.44396519661 0.40518423915 0.3657310009 0.32592251897 0.28635147214 0.24778036773 0.21101732552 
0.17680290341 0.14572557807 0.11817252636 0.094315864146 0.074127569795 0.057414665818 0.04386460036 0.033092655241 0.024684730917 
0.018231762573 0.013354253955 0.0097171254456 0.0070363772102 0.005079514347 0.0036618425511 0.0026404121891 0.0019070557319 0.0013815015554 
0.0010051551508 0.00073583528865 0.00054353161249 0.00040712449118 0.00031193211908 0.00024793838384 0.00020855521143 0.00018980057212 0.00040000546142 
0.00043869172805 0.00051877775695 0.00064579345053 0.00082828273298 0.0010780858574 0.001410680823 0.0018455515383 0.0024065440521 0.0031221555546 
0.0040257186629 0.0051554469392 0.0065543572418 0.0082701742649 0.010355376638 0.012867714278 0.015871623531 0.019441053271 0.023664359003 
0.028651876375 0.034546963871 0.041541203856 0.049894478172 0.059960681945 0.072220414877 0.087327212095 0.10619592667 0.13023377955 
0.16199286282 0.20681743324 0.2761516273 0.39188578725 0.58660024405 0.88777238131 1.2760689259 1.6382302046 1.7804604769 
1.5610011816 1.207023263 0.84009701014 0.62131762505 0.61362826824 0.59638607502 0.59599119425 0.61923873425 0.64665806293 
0.64627510309 0.58066278696 0.40640205145 0.29326766729 0.22136385739 0.17313669622 0.14871959388 0.15204244852 0.19288641214 
0.29144364595 0.47329029441 0.59475255013 0.66597443819 0.69542658329 0.69316804409 0.66939890385 0.63285720348 0.59006130695 
0.54525434971 0.50073683262 0.45738738775 0.41528990865 0.37425825 0.33416378498 0.29508018494 0.25729835033 0.2212651968 
0.18749131262 0.15645815432 0.12854444981 0.10398117453 0.08283572644 0.065021313727 0.050323881209 0.038438342512 0.029006956145 
0.02165406011 0.016014000401 0.011750780046 0.0085696987808 0.006222168915 0.0045053861104 0.0032586308662 0.0023576966487 0.001708662021 
0.0012418172555 0.00090622826247 0.00066516100196 0.00049241329543 0.00036948453635 0.00028346569161 0.00022551543952 0.00018979719607 0.00017277234292 
0.00033926198375 0.00037192500895 0.00043950759573 0.00054660398746 0.00070030306233 0.00091041077394 0.0011897190707 0.0015542957699 0.0020237597637 
0.0026215014514 0.0033748110291 0.0043148831464 0.0054767122492 0.0068989363499 0.0086237825453 0.010697371326 0.013170744292 0.01610211283 
0.019560854882 0.02363386564 0.028434786946 0.034116573632 0.040887728333 0.049032576382 0.058937221766 0.071128770709 0.086360193789 
0.10584994406 0.13197411597 0.1700258404 0.23178379238 0.34038591385 0.53149980307 0.83893072605 1.2544685602 1.6801091433 
1.9350911379 1.8533642292 1.3750025034 0.93943583965 0.67952412367 0.66617488861 0.63123196363 0.62584763765 0.65282464027 
0.69136434793 0.71094381809 0.6802868247 0.57730013132 0.41094893217 0.31399050355 0.23522311449 0.18963584304 0.17934271693 
0.20987643301 0.29974552989 0.49328806996 0.62045663595 0.69060206413 0.71413403749 0.70333123207 0.67017889023 0.62461608648 
0.57383328676 0.52237778902 0.47267299891 0.42566511035 0.38144755363 0.33975753188 0.30030232668 0.26292508841 0.22765100002 
0.19465538859 0.16419528425 0.13653336465 0.11187404394 0.090321660042 0.071862965822 0.056371141225 0.043624956161 0.0333365798 
0.025181636214 0.018826577812 0.01395085454 0.010262288153 0.0075059942901 0.0054677594453 0.0039732400328 0.0028844503686 0.0020948068704 
0.0015236814506 0.001111157937 0.00081336841686 0.00059858546592 0.00044409756083 0.00033380207606 0.00025641318643 0.00020416654297 0.00017191558436 
0.00015652974253 0.00028569163987 0.00031308233156 0.00036972906673 0.00045942619909 0.00058802077547 0.00076358707156 0.00099663762376 0.0013003500644 
0.001690782723 0.0021870450582 0.0028113925364 0.0035892222077 0.0045489729382 0.0057219737209 0.0071423528716 0.0088472208008 0.010877411813 
0.013279187493 0.016107358038 0.019430287182 0.023337157443 0.027947816998 0.033425245434 0.039990864694 0.047943945974 0.057692192495 
0.069823041558 0.085315056145 0.10616189986 0.13698001206 0.18832851946 0.2814334631 0.4500233829 0.72863692045 1.1174228191 
1.5371192694 1.8256783485 1.8112612963 1.3791154623 0.95049399137 0.68176645041 0.66092187166 0.62332761288 0.62136632204 
0.6565092206 0.70893341303 0.75146442652 0.75765788555 0.71086806059 0.61546331644 0.50260668993 0.34643679857 0.26087933779 
0.23044215143 0.24937514961 0.33665123582 0.52345055342 0.64308947325 0.70459508896 0.71866905689 0.69835466146 0.65640491247 
0.60328179598 0.54641795158 0.49040299654 0.43760672212 0.38889294863 0.34425354004 0.30329212546 0.26554331183 0.23064485192 
0.19839851558 0.168756634 0.14177040756 0.11752662063 0.096091628075 0.077472425997 0.061597634107 0.048316773027 0.037412639707 
0.028621615842 0.021656285971 0.016226541251 0.012056587264 0.008896773681 0.0065302522853 0.0047752480023 0.0034840179142 0.002539671259 
0.0018518586876 0.0013521366054 0.0009895254625 0.0007265843451 0.00053612963529 0.00039861479308 0.00030011255876 0.00023081146355 0.00018392787024 
0.00015494527179 0.00014110680786 0.00023892700847 0.00026175001403 0.00030893011717 0.00038358560414 0.00049051555106 0.0006363367429 0.00082964904141 
0.0010812132386 0.0014041202376 0.0018139269669 0.0023287308868 0.0029691688251 0.0037583401427 0.0047216801904 0.0058868760243 0.0072839818895 
0.0089459484443 0.01090989355 0.013219455257 0.015928586945 0.019107082859 0.022847978398 0.027276808396 0.032562673092 0.038931906223 
0.046689536422 0.056271065027 0.068400919437 0.084571070969 0.10829803348 0.14778167009 0.21985936165 0.35206502676 0.57433980703 
0.89164495468 1.2467347383 1.5138822794 1.5598913431 1.3308253288 0.89754891396 0.63761925697 0.61233872175 0.57919383049 
0.58558923006 0.63048171997 0.69566303492 0.7578804493 0.79453378916 0.78929072618 0.73837465048 0.65033501387 0.52769875526 
0.37570685148 0.31861692667 0.32654899359 0.44448980689 0.57140940428 0.66352111101 0.70753145218 0.70863342285 0.67834115028 
0.62880659103 0.57015645504 0.50954025984 0.45128393173 0.39753037691 0.34896093607 0.3054151237 0.26635214686 0.2311540395 
0.19929355383 0.17039950192 0.14425382018 0.12075110525 0.09984537214 0.081500373781 0.065653279424 0.052194803953 0.040964454412 
0.03175747022 0.024338643998 0.018458772451 0.013870359398 0.010340354405 0.0076590031385 0.0056447200477 0.0041455347091 0.0030379737727 
0.0022242767736 0.0016287605977 0.0011939442484 0.00087687140331 0.00064586242661 0.00047780558816 0.00035599249532 0.00026845058892 0.00020669693185 
0.00016483498621 0.00013892033894 0.00012653655722 0.00019849467208 0.00021739758085 0.00025645981077 0.00031823327299 0.00040664125117 0.00052708561998 
0.00068657670636 0.00089387322078 0.0011596166296 0.0014964406146 0.0019190359162 0.0024441562127 0.003090566257 0.0038789513055 0.004831857048 
0.0059737642296 0.0073314816691 0.0089350733906 0.010819613934 0.013027989306 0.015615005046 0.018652819097 0.022237630561 0.026497440413 
0.031601160765 0.037772081792 0.045320127159 0.054742656648 0.067036643624 0.084537982941 0.11274576932 0.16315816343 0.25508499146 
0.41060006618 0.63596558571 0.89483517408 1.1018115282 1.1650884151 1.0543134212 0.82126742601 0.55743610859 0.53024369478 
0.50862681866 0.52618426085 0.57971608639 0.65361827612 0.72912240028 0.78749728203 0.81326711178 0.79851621389 0.74523609877 
0.65981787443 0.51923382282 0.44822502136 0.43895721436 0.54326373339 0.62282401323 0.67765778303 0.69758009911 0.68354618549 
0.64379423857 0.58859425783 0.52691483498 0.46512439847 0.40701106191 0.35435780883 0.30761155486 0.26645448804 0.23022551835 
0.19819663465 0.16972778738 0.14433057606 0.12167039514 0.10153381526 0.083783075213 0.068312160671 0.05501313135 0.04375596717 
0.034381061792 0.026701789349 0.020513240248 0.015603646636 0.011765662581 0.0088056679815 0.0065502184443 0.0048495139927 0.0035782738123 
0.002634649165 0.0019378635334 0.0014252160909 0.0010489173001 0.00077309686458 0.0005711655831 0.00042361437227 0.00031625243719 0.00023884697293 
0.00018410291523 0.00014692053082 0.0001238718105 0.00011284893117 0.0001638536487 0.00017942112754 0.00021158136951 0.00026241582236 0.00033512146911 
0.0004340953019 0.00056503684027 0.00073505920591 0.00095279677771 0.0012284957338 0.001574072754 0.0020031288732 0.0025309233461 0.0031743163709 
0.0039517353289 0.0048832339235 0.0059907869436 0.0072989785112 0.0088362833485 0.010637126863 0.012744887732 0.015215828083 0.018123863265 
0.021565902978 0.02566765435 0.030591286719 0.036552466452 0.043874640018 0.053161971271 0.065777473152 0.084912642837 0.11732202768 
0.17461317778 0.27062892914 0.41058197618 0.57443016768 0.71167874336 0.76662635803 0.72073334455 0.6076208353 0.48565548658 
0.43484711647 0.42477935553 0.45328214765 0.51209932566 0.58903795481 0.67022293806 0.74107676744 0.78809922934 0.80214488506 
0.78179264069 0.73463308811 0.67346173525 0.62326270342 0.60284930468 0.62420547009 0.65439105034 0.67412221432 0.6709203124 
0.64297610521 0.59583210945 0.53761041164 0.47568872571 0.41533309221 0.35962060094 0.30990797281 0.26640436053 0.2286645472 
0.19595399499 0.16748951375 0.14257588983 0.12066349387 0.10135247558 0.084366165102 0.06951199472 0.056642986834 0.045627050102 
0.036327313632 0.02859310247 0.022259254009 0.01715112105 0.01309206523 0.0099112857133 0.0074504297227 0.0055681760423 0.0041426443495 
0.0030718839262 0.0022728850599 0.0016796387499 0.001240720856 0.00091675959993 0.00067804608261 0.0005024264683 0.00037354003871 0.00027940564905 
0.00021132489201 0.00016305640747 0.00013021141058 0.00010982534877 0.00010006860248 0.00013442848285 0.00014718023886 0.00017351802671 0.00021513472893 
0.00027462883736 0.00035557133378 0.0004625871079 0.00060144433519 0.0007791420212 0.0010039868066 0.0012856452959 0.0016351697268 0.0020649889484 
0.0025888816454 0.0032219651621 0.0039807539433 0.0048833843321 0.0059501254 0.0072043198161 0.0086738951504 0.010393523611 0.012407470495 
0.014772959985 0.017563829198 0.020874157548 0.024822266772 0.029558235779 0.035288237035 0.042355559766 0.051472920924 0.064259119332 
0.084144756198 0.11713013053 0.17063187063 0.24801690876 0.33974707127 0.41997772455 0.45928353071 0.4473349154 0.40158781409 
0.35334995389 0.33218741417 0.34072816372 0.37728089094 0.43636363745 0.51028555632 0.5897911787 0.66426795721 0.72282218933 
0.75670129061 0.76236635447 0.74355697632 0.71085548401 0.67780691385 0.65618807077 0.65085333586 0.65203899145 0.64670157433 
0.62580662966 0.58774012327 0.53654813766 0.47842240334 0.4190621078 0.36253073812 0.31115242839 0.26586717367 0.22668498755 
0.19308532774 0.16431708634 0.13959912956 0.1182359457 0.099667459726 0.083473801613 0.069353379309 0.057089962065 0.046519257128 
0.0375017263 0.029904194176 0.023590194061 0.018417440355 0.014240027405 0.010913114063 0.0082981642336 0.0062675024383 0.0047075049952 
0.0035202323925 0.0026236718986 0.0019508841215 0.0014484522399 0.0010745716281 0.0007970649749 0.00059150136076 0.00043954094872 0.00032754329732 
0.00024544683401 0.00018589502724 0.00014357418695 0.00011472585174 9.6798874438e-05 8.8213040726e-05 0.00010963625391 0.0001200281913 0.00014148917398 
0.00017539282271 0.00022384666954 0.00028974574525 0.00037683773553 0.00048979604617 0.00063429179136 0.0008170598885 0.0010459488258 0.0013299508719 
0.0016792103415 0.0021050197538 0.0026198255364 0.0032372872811 0.0039724567905 0.004842159804 0.0058656898327 0.0070659057237 0.0084708007053 
0.010115533136 0.012044820003 0.014315429144 0.016998482868 0.020181380212 0.023970402777 0.028499277309 0.03396056965 0.040701471269 
0.04945448041 0.061743125319 0.080255955458 0.10841505229 0.14800316095 0.19510108232 0.23824939132 0.26396885514 0.26726061106 
0.25607171655 0.24513015151 0.24736367166 0.2675037086 0.30584686995 0.36002629995 0.42596173286 0.49795231223 0.56867700815 
0.62988108397 0.67406100035 0.6967907548 0.69860392809 0.68512552977 0.66486757994 0.64548480511 0.6302921176 0.61577665806 
0.59514212608 0.56349217892 0.520421803 0.46914643049 0.41426032782 0.35994550586 0.30916106701 0.26355734468 0.22372922301 
0.1895532161 0.16049319506 0.13583610952 0.11485317349 0.096894323826 0.081430196762 0.068056792021 0.056477826089 0.046477437019 
0.037892054766 0.030586989596 0.024439958856 0.019331749529 0.015142691322 0.011753129773 0.0090461345389 0.0069108773023 0.0052457083948 
0.003960327711 0.0029768806417 0.0022300430574 0.0016663226997 0.0012428484624 0.000925889879 0.00068932352588 0.00051318126498 0.00038236379623 
0.00028555619065 0.00021434978407 0.00016255199444 0.00012566025543 0.00010047136311 8.4800798504e-05 7.7290722402e-05 8.8907720055e-05 9.7335068858e-05 
0.00011473807535 0.00014222890604 0.00018151379481 0.00023493617482 0.00030552988756 0.00039707880933 0.00051417807117 0.00066229084041 0.00084779574536 
0.0010780208977 0.001361263101 0.0017068008892 0.002124912804 0.0026269373484 0.0032254152466 0.003934382461 0.0047698752023 0.0057507338934 
0.0068997284397 0.0082450164482 0.0098218293861 0.011674204841 0.013856435195 0.016433995217 0.019483994693 0.023096881807 0.027385564521 
0.032517977059 0.038801405579 0.04683874175 0.057685550302 0.072713531554 0.092716537416 0.11629642546 0.13903164864 0.15556932986 
0.16389091313 0.16734629869 0.17236730456 0.18483658135 0.20795167983 0.24270054698 0.28852382302 0.34355172515 0.40446171165 
0.46640428901 0.52342802286 0.56958281994 0.6005128026 0.61489975452 0.61488831043 0.60502284765 0.59002131224 0.57238590717 
0.5512265563 0.52379608154 0.48830571771 0.44541472197 0.3977816999 0.34876281023 0.30132830143 0.25755423307 0.21856856346 
0.18472337723 0.15583331883 0.13140015304 0.11079183221 0.093368507922 0.078558050096 0.065890677273 0.055003341287 0.045626211911 
0.037560582161 0.030655961484 0.024790583178 0.019857347012 0.015755357221 0.012386165559 0.009653288871 0.0074636219069 0.0057295626029 
0.0043710493483 0.0033170175739 0.002506124787 0.001886760816 0.0014164940221 0.0010611430043 0.00079365429701 0.00059293507366 0.0004427440872 
0.00033070711652 0.00024747959105 0.00018606439698 0.00014127166651 0.00010930350254 8.7442924269e-05 7.3828698078e-05 6.730012683e-05 7.1702845162e-05 
7.850471593e-05 9.2551512353e-05 0.00011474190251 0.00014645478223 0.00018958444707 0.00024658435723 0.00032051673043 0.00041510461597 0.0005347818369 
0.00068473740248 0.00087095150957 0.0011002226966 0.0013801892055 0.0017193584936 0.0021271628793 0.0026140776463 0.0031918387394 0.003873819951 
0.0046756095253 0.0056158197112 0.0067171226256 0.0080074425787 0.0095211463049 0.011299990118 0.013393560424 0.015858955681 0.018760133535 
0.022168759257 0.026172088459 0.030898094177 0.036566469818 0.043544963002 0.052313372493 0.0631705001 0.075677253306 0.088342376053 
0.099333159626 0.1080236733 0.11583264172 0.12550595403 0.13979484141 0.16063424945 0.18906414509 0.22529728711 0.26862174273 
0.31718105078 0.36786875129 0.41656792164 0.4588342905 0.49092012644 0.51078122854 0.51855158806 0.51614105701 0.50606757402 
0.49007597566 0.46846473217 0.44074180722 0.40693476796 0.36828836799 0.32700312138 0.28552544117 0.24594478309 0.20970325172 
0.17756849527 0.14974845946 0.12605498731 0.10606475174 0.089252568781 0.075087808073 0.063094049692 0.052877046168 0.044129189104 
0.036619398743 0.030176073313 0.02466901578 0.019993802533 0.016060303897 0.01278553158 0.010090116411 0.007897419855 0.006134188734 
0.0047318781726 0.0036279750057 0.0027669861447 0.0021009116899 0.0015892281663 0.0011984639568 0.00090150290634 0.00067674473394 0.00050722796004 
0.00037979483022 0.00028434247361 0.0002131825604 0.00016051555576 0.00012201006757 9.4476803497e-05 7.5622294389e-05 6.3868756115e-05 5.8229259594e-05 
5.7521134295e-05 6.2985876866e-05 7.427255332e-05 9.2105838121e-05 0.00011759803601 0.0001522780658 0.00019812781829 0.00025762390578 0.00033378196531 
0.00043020126759 0.00055110570975 0.0007013801951 0.00088660151232 0.0011130659841 0.001387822791 0.0017187263584 0.0021145311184 0.0025850583334 
0.0031414683908 0.0037966766395 0.0045659281313 0.0054675256833 0.0065236627124 0.0077612432651 0.0092125022784 0.010915203951 0.012912159786 
0.01525002066 0.017977789044 0.021146746352 0.02481520921 0.029061581939 0.034001119435 0.039778329432 0.046484272927 0.053991530091 
0.06185887754 0.069559082389 0.076995901763 0.084825836122 0.094275139272 0.10670973361 0.1233144626 0.14495660365 0.17207545042 
0.20449963212 0.24123585224 0.28035774827 0.31912222505 0.35436969995 0.38315308094 0.40340018272 0.41432029009 0.41633355618 
0.41054183245 0.39803156257 0.37949115038 0.35542342067 0.32665106654 0.2945638001 0.26094144583 0.22757525742 0.19594702125 
0.16707234085 0.14148940146 0.11933468282 0.10045389086 0.084515832365 0.071110188961 0.059820376337 0.05026987195 0.042144604027 
0.035197366029 0.029240725562 0.024134332314 0.019771207124 0.016065742821 0.012944717892 0.010341588408 0.0081935180351 0.006440420635 
0.0050252433866 0.0038947723806 0.0030005222652 0.0022994002793 0.0017540339613 0.0013327406486 0.0010092180455 0.00076202949276 0.00057398277568 
0.00043148096302 0.00032389603439 0.00024300519726 0.00018250428548 0.00013760379807 0.00010470351845 8.1137230154e-05 6.497821596e-05 5.489594696e-05 
5.0055805332e-05 4.5907992899e-05 5.0278784329e-05 5.9307636548e-05 7.357760478e-05 9.3984119303e-05 0.00012175903976 0.00015850113414 0.00020621123258 
0.00026733055711 0.00034477992449 0.00044199777767 0.00056297529954 0.00071228848537 0.00089512881823 0.0011173370294 0.0013854511781 0.0017067823792 
0.0020895390771 0.0025430263486 0.0030779363587 0.0037067523226 0.0044442531653 0.0053080846556 0.0063193156384 0.0075028394349 0.0088874492794 
0.010505382903 0.012391183525 0.014579943381 0.017105346546 0.019998712465 0.023290416226 0.027013292536 0.03120148927 0.035871371627 
0.040982030332 0.046416666359 0.052058640867 0.057959165424 0.064458996058 0.07215911895 0.081795074046 0.094111815095 0.10976022482 
0.12917304039 0.15240031481 0.17894046009 0.20764048398 0.23673850298 0.26408484578 0.28751450777 0.30526590347 0.3162895143 
0.32031369209 0.31765553355 0.30891084671 0.29474720359 0.27592560649 0.2534365952 0.22853565216 0.20261095464 0.17697492242 
0.15269222856 0.13049477339 0.11077740788 0.093647070229 0.078997671604 0.066589847207 0.05612179637 0.047283537686 0.039792217314 
0.033409819007 0.027947349474 0.023260148242 0.019238915294 0.015799678862 0.012874963693 0.010407119058 0.0083439815789 0.0066365757957 
0.0052383174188 0.0041051125154 0.003195890924 0.0024732172024 0.0019037509337 0.0014584789751 0.0011126968311 0.00084578309907 0.00064082629979 
0.00048417237122 0.00036494457163 0.0002745789825 0.00020640110597 0.0001552576432 0.00011720749899 8.9270222816e-05 6.9226953201e-05 5.5467153288e-05 
4.6874720283e-05 4.2747782572e-05 3.6457517126e-05 3.9937920519e-05 4.7129171435e-05 5.8499183069e-05 7.4767129263e-05 9.6923475212e-05 0.00012625553063 
0.00016437735758 0.00021326275601 0.00027527986094 0.00035322556505 0.0004503588134 0.00057043222478 0.00071772234514 0.00089706346625 0.0011138886912 
0.0013742913725 0.0016851160908 0.0020541003905 0.0024900767021 0.003003250109 0.003605536418 0.0043109487742 0.0051359622739 0.0060997642577 
0.0072242622264 0.0085337040946 0.010053764097 0.011810046621 0.013826139271 0.016121607274 0.018710589036 0.021601447836 0.024796528742 
0.028289442882 0.032059684396 0.036075226963 0.040322560817 0.044864777476 0.049890801311 0.05572155863 0.062778361142 0.071533069015 
0.082442365587 0.095854237676 0.11188779771 0.13031125069 0.15046133101 0.17124781013 0.19126754999 0.20901718736 0.22315010428 
0.23269374669 0.23715175688 0.2364705801 0.23092311621 0.22100389004 0.20739197731 0.19094786048 0.17267157137 0.15360109508 
0.13468910754 0.11670491844 0.10018469393 0.085428655148 0.072532095015 0.061435349286 0.051978893578 0.043953884393 0.037141766399 
0.031340554357 0.026378547773 0.022118074819 0.018452683464 0.015301024541 0.012599867769 0.010297876783 0.0083508789539 0.0067187733948 
0.0053638969548 0.0042504402809 0.0033445172012 0.0026145516895 0.0020317123272 0.0015702511882 0.0012076774146 0.00092474924168 0.00070531642996 
0.00053605338326 0.00040612972225 0.00030685926322 0.000231355094 0.00017421318626 0.00013123394456 9.9186057923e-05 7.5612428191e-05 5.8675101172e-05 
4.7034729505e-05 3.9760201616e-05 3.6264675146e-05 2.8812681194e-05 3.1571984437e-05 3.7274916394e-05 4.6295906941e-05 5.921101183e-05 7.6814591011e-05 
0.00010014083819 0.00013048910478 0.00016945233801 0.00021894731617 0.00028124559321 0.00035900401417 0.00045529476483 0.00057363440283 0.00071801478043 
0.00089293910423 0.001103469287 0.0013552930905 0.0016548229614 0.0020093328785 0.0024271404836 0.0029178352561 0.0034925225191 0.0041640563868 
0.0049471813254 0.0058585125953 0.0069162137806 0.0081393122673 0.0095465546474 0.011154851876 0.012977482751 0.015022418462 0.017291180789 
0.019778560847 0.022473096848 0.025358838961 0.028421208262 0.031661760062 0.035122003406 0.038906350732 0.043192744255 0.048227537423 
0.054304976016 0.061728589237 0.070750385523 0.081491529942 0.093860082328 0.10749098659 0.12173467875 0.13571110368 0.14842660725 
0.1589268297 0.16644147038 0.17047844827 0.1708483696 0.1676350981 0.16114790738 0.15188094974 0.14047431946 0.12765778601 
0.11417469382 0.10070327669 0.08779553324 0.075844936073 0.065082594752 0.055596131831 0.047362133861 0.040283583105 0.034225061536 
0.029040897265 0.024594217539 0.020767228678 0.017464410514 0.014610995539 0.012148997746 0.01003259141 0.0082239257172 0.0066899382509 
0.0054002963006 0.0043263318948 0.003440689994 0.0027174251154 0.0021323042456 0.0016631446779 0.0012900702422 0.0009956486756 0.00076489493949 
0.00058516452555 0.00044596273801 0.00033870723564 0.00025647084112 0.00019372621318 0.00014610915969 0.00011020812963 8.3383798483e-05 6.3619416323e-05 
4.9400005082e-05 3.9617592847e-05 3.3499822166e-05 3.0558891012e-05 2.2663663913e-05 2.4841780032e-05 2.9344955692e-05 3.6471883504e-05 4.6682533139e-05 
6.061213935e-05 7.9089164501e-05 0.00010315687541 0.00013409758685 0.00017345900415 0.00022308154439 0.00028512594872 0.00036210066173 0.00045688889804 
0.00057277618907 0.00071348121855 0.00088319234783 0.0010866163066 0.0013290451607 0.0016164469998 0.0019555825274 0.0023541480768 0.0028209260199 
0.0033659236506 0.0040004444309 0.0047370381653 0.0055892537348 0.0065711210482 0.0076963109896 0.0089769875631 0.010422432795 0.012037661858 
0.0138223432 0.015770403668 0.017870686948 0.0201091934 0.022473759949 0.024962406605 0.027595177293 0.030426511541 0.033553808928 
0.037118863314 0.04129929468 0.046287067235 0.052251856774 0.059291977435 0.067381739616 0.076329521835 0.085762515664 0.09514939785 
0.10386165231 0.11126165092 0.11679440737 0.12005952746 0.1208487004 0.11914994568 0.11513026804 0.1091074571 0.10151324421 
0.092846103013 0.083616651595 0.07429510355 0.065270610154 0.056828308851 0.049144592136 0.042297717184 0.036288313568 0.031064080074 
0.02654354088 0.022635448724 0.019252177328 0.01631712541 0.013767286204 0.011552562006 0.0096333315596 0.0079775303602 0.0065579991788 
0.0053504575044 0.0043322485872 0.003481709864 0.0027780260425 0.0022013646085 0.0017331381096 0.001356274006 0.0010554209584 0.00081705994671 
0.00062951690052 0.00048289081315 0.00036891989294 0.00028080921038 0.00021304281836 0.00016119409702 0.00012174848234 9.1944166343e-05 6.9634173997e-05 
5.3170857427e-05 4.1311785026e-05 3.3145504858e-05 2.8035026844e-05 2.5577348424e-05 1.7744814613e-05 1.9456720111e-05 2.2997252017e-05 2.8603828468e-05 
3.6642468331e-05 4.7619403631e-05 6.2196137151e-05 8.1207588664e-05 0.00010568277503 0.0001368673984 0.00017624782049 0.00022557543707 0.00028689124156 
0.00036255014129 0.00045524525922 0.00056803354528 0.00070436421083 0.00086811365327 0.0010636295192 0.0012957884464 0.0015700677177 0.0018926293124 
0.0022704075091 0.0027111810632 0.0032235975377 0.0038171142805 0.0045017986558 0.0052879448049 0.0061854687519 0.0072030816227 0.00834729895 
0.009621405974 0.011024588719 0.01255154144 0.014192833565 0.01593644917 0.017770839855 0.019689885899 0.021699532866 0.023825054988 
0.026117000729 0.0286536403 0.031537603587 0.034884363413 0.038801368326 0.043359030038 0.048558458686 0.054303776473 0.060388412327 
0.066502586007 0.072263978422 0.077266514301 0.081135988235 0.08357937634 0.084418304265 0.083602927625 0.081209301949 0.077423892915 
0.072518073022 0.066814824939 0.060651551932 0.054344765842 0.048162229359 0.042306166142 0.036908343434 0.032035406679 0.027701342478 
0.02388315089 0.020536398515 0.017608072609 0.015045648441 0.012802221812 0.010838475078 0.0091224554926 0.0076281954534 0.0063339699991 
0.0052207205445 0.0042708776891 0.0034676564392 0.0027947605122 0.0022363793105 0.001777358586 0.0014034326887 0.001101451111 0.00085954531096 
0.00066722364863 0.00051538704429 0.00039628343075 0.00030341243837 0.00023140100529 0.00017586485774 0.0001332679094 0.00010078889318 7.6200565672e-05 
5.7764154917e-05 4.4140138925e-05 3.4315111407e-05 2.7543526812e-05 2.3303195121e-05 2.1263211238e-05 1.3830856915e-05 1.517052624e-05 1.7942214981e-05 
2.2333915695e-05 2.863575537e-05 3.724963608e-05 4.8701753258e-05 6.3657782448e-05 8.2940350694e-05 0.00010754830873 0.00013867736561 0.00017774132721 
0.00022639373492 0.00028654918424 0.00036040443229 0.00045045962906 0.00055954034906 0.0006908220239 0.0008478591335 0.0010346194031 0.0012555253925 
0.0015155005967 0.0018200119957 0.0021751017775 0.0025873826817 0.0030639730394 0.003612339031 0.0042400099337 0.0049541462213 0.0057609556243 
0.0066649927758 0.0076684183441 0.0087703568861 0.0099665373564 0.011249450035 0.012609231286 0.014035522938 0.015520407818 0.017062321305 
0.01867041178 0.020368445665 0.022196922451 0.02421192266 0.026479259133 0.029063014314 0.032009061426 0.035326018929 0.038967814296 
0.04282329604 0.046717241406 0.050424732268 0.053697198629 0.056294634938 0.058017205447 0.058729808778 0.058376312256 0.056982718408 
0.054650329053 0.051540605724 0.047854002565 0.04380582273 0.039602857083 0.035424530506 0.031410731375 0.027657341212 0.024218475446 
0.021113678813 0.018337510526 0.015869256109 0.013681164011 0.011744312942 0.010032038204 0.008521345444 0.0071929320693 0.0060304729268 
0.0050196638331 0.0041473587044 0.0034009614028 0.0027680916246 0.0022365108598 0.001794214244 0.0014296136796 0.0011317507597 0.00089048536029 
0.00069663475733 0.00054205220658 0.00041964586126 0.00032334870775 0.00024805215071 0.00018951452512 0.0001442595385 0.00010947101691 8.2892489445e-05 
6.2735416577e-05 4.759827425e-05 3.6397748772e-05 2.831180791e-05 2.2734202503e-05 1.9239458197e-05 1.7557569663e-05 1.0732645933e-05 1.1776508472e-05 
1.3937004951e-05 1.7362357539e-05 2.228159974e-05 2.9012475352e-05 3.7971803977e-05 4.9688114814e-05 6.4816231315e-05 8.4153594798e-05 0.0001086577613 
0.00013946471154 0.00017790743732 0.00022553461895 0.00028412826941 0.00035572162597 0.00044261603034 0.00054739834741 0.0006729591405 0.00082251243293 
0.00099961739033 0.0012081984896 0.0014525627485 0.0017374046147 0.0020677836146 0.0024490614887 0.0028867761139 0.0033864306752 0.0039531858638 
0.0045914500952 0.0053043947555 0.0060934349895 0.0069577670656 0.0078940838575 0.0088965985924 0.0099575277418 0.011068174616 0.012220645323 
0.013410164043 0.014637693763 0.015912396833 0.017253194004 0.01868852973 0.02025352791 0.02198394388 0.023907085881 0.026030953974 
0.028333747759 0.030756724998 0.033202968538 0.035543687642 0.037631500512 0.039318449795 0.040475092828 0.041006959975 0.040865760297 
0.040054049343 0.03862311691 0.036664955318 0.034299660474 0.031660504639 0.028878973797 0.026072278619 0.023334894329 0.020734837279 
0.018314301968 0.016093561426 0.014076508582 0.01225652732 0.010621489957 0.0091574117541 0.0078506357968 0.0066888011061 0.0056609720923 
0.0047573144548 0.0039686318487 0.0032859558705 0.0027002897114 0.0022025103681 0.0017834241735 0.0014339071931 0.0011450909078 0.00090855034068 
0.00071646209108 0.00056171923643 0.00043799678679 0.00033977048588 0.00026229818468 0.00020157174731 0.00015425097081 0.00011758758046 8.9346744062e-05 
6.7731132731e-05 5.1311089919e-05 3.8962647523e-05 2.981441321e-05 2.3203418095e-05 1.8639615519e-05 1.5778467059e-05 1.4401035514e-05 8.2928545453e-06 
9.1027823146e-06 1.0779727745e-05 1.3440062503e-05 1.7263790141e-05 2.2501031708e-05 2.9480497687e-05 3.8619928091e-05 5.043820056e-05 6.5568907303e-05 
8.4775143478e-05 0.00010896498134 0.00013920730271 0.00017674763512 0.00022302332218 0.00027967794449 0.0003485744528 0.00043180788634 0.00053171633044 
0.00065089116106 0.0007921862998 0.00095872383099 0.0011538945837 0.0013813478872 0.0016449627001 0.001948786783 0.0022969376296 0.0026934454218 
0.0031420323066 0.0036458300892 0.0042070425116 0.0048265918158 0.0055037937127 0.0062361378223 0.0070192622952 0.0078472038731 0.0087130079046 
0.0096097234637 0.010531757958 0.011476437561 0.012445508502 0.013446204364 0.014491342008 0.01559801586 0.01678449288 0.018065376207 
0.019445607439 0.020914377645 0.022440578789 0.023971201852 0.025433838367 0.026743212715 0.02781088464 0.028556317091 0.028917172924 
0.028857188299 0.028370352462 0.027480939403 0.026239637285 0.024716474116 0.022991936654 0.021147750318 0.019258879125 0.017387852073 
0.01558193285 0.013873014599 0.012279521674 0.010809484869 0.0094638755545 0.0082395114005 0.0071312319487 0.0061332196929 0.0052396436222 
0.0044448026456 0.0037430331577 0.0031285278965 0.0025951915886 0.0021365906578 0.0017459893133 0.0014164689928 0.0011410873849 0.00091305276146 
0.00072588573676 0.00057355093304 0.00045055075316 0.00035197916441 0.00027353948099 0.00021153221314 0.00016282065189 0.00012478216377 9.5251802122e-05 
7.2463190008e-05 5.4991127399e-05 4.1698414861e-05 3.1688356103e-05 2.4263907108e-05 1.8893451852e-05 1.5183231881e-05 1.2855944988e-05 1.1735159205e-05 
6.3817565206e-06 7.0076193879e-06 8.3039394667e-06 1.0361682143e-05 1.3321702681e-05 1.7379998098e-05 2.2794638426e-05 2.9894265026e-05 3.908807048e-05 
5.0877006288e-05 6.586607924e-05 8.4777311713e-05 0.00010846307123 0.00013791931269 0.00017429837317 0.00021892068617 0.00027328531723 0.00033907868783 
0.00041818164755 0.00051267363597 0.00062483502552 0.00075714394916 0.00091226852965 0.0010930491844 0.0013024661457 0.0015435870737 0.0018194867298 
0.0021331291646 0.0024872112554 0.0028839637525 0.003324923804 0.0038106902502 0.0043407026678 0.0049130795524 0.0055245780386 0.0061707161367 
0.0068461117335 0.0075450534932 0.0082622775808 0.0089938919991 0.009738269262 0.010496743955 0.011273780838 0.012076423503 0.012912744656 
0.013789349236 0.014708147384 0.015662964433 0.01663678512 0.017600480467 0.018513623625 0.019327646121 0.019990880042 0.020454764366 
0.02067998983 0.020641611889 0.020332168788 0.019762448967 0.018959790468 0.017964305356 0.016823787242 0.015588222072 0.014304849319 
0.013014500029 0.01174957864 0.010533654131 0.009382286109 0.0083046061918 0.007305091247 0.0063851797022 0.005544483196 0.0047815591097 
0.0040943119675 0.0034801333677 0.0029359159525 0.0024580270983 0.0020423112437 0.0016841428587 0.0013785297051 0.001120252884 0.00090402498608 
0.00072464410914 0.00057712901616 0.00045682824566 0.00035949485027 0.00028133031446 0.00021900013962 0.00016962579684 0.00013076010509 0.00010035120795 
7.6700307545e-05 5.8417281252e-05 4.4377276936e-05 3.3680214983e-05 2.5614461265e-05 1.9625460482e-05 1.5289329895e-05 1.2291488929e-05 1.0410058167e-05 
9.5036994026e-06 4.8932834034e-06 5.3751286941e-06 6.3735110416e-06 7.9592400652e-06 1.0242076314e-05 1.3374960872e-05 1.7559616026e-05 2.3053446057e-05 
3.0177641747e-05 3.9326401748e-05 5.0977021601e-05 6.5700602136e-05 8.4173159848e-05 0.00010718664998 0.00013565953122 0.00017064636631 0.00021334621124 
0.00026510888711 0.00032743936754 0.00040199881187 0.0004906024551 0.0005952133215 0.00071792973904 0.00086096499581 0.0010266161989 0.0012172191637 
0.0014350826386 0.0016824011691 0.0019611420576 0.002272906946 0.0026187738404 0.0029991324991 0.0034135351889 0.0038605802692 0.0043378714472 
0.0048420773819 0.0053691128269 0.0059144678526 0.0064736446366 0.0070426985621 0.0076187667437 0.0082004945725 0.0087882103398 0.0093836877495 
0.0099894348532 0.010607403703 0.011237333529 0.011874905787 0.012510182336 0.013126733713 0.013701849617 0.014208001085 0.014615438879 
0.014895551838 0.015024427325 0.014985958114 0.01477397792 0.014393064193 0.013857897371 0.013191319071 0.012421512976 0.01157884486 
0.010692904703 0.0097902184352 0.0088928779587 0.0080180708319 0.0071783564053 0.0063823838718 0.0056357788853 0.0049419701099 0.004302833695 
0.0037191160955 0.0031906792428 0.0027166169602 0.0022953148 0.0019244999858 0.0016013111454 0.0013223954011 0.0010840339819 0.00088228232926 
0.00071311072679 0.00057253666455 0.00045673549175 0.00036212807754 0.00028544021188 0.00022373803949 0.00017444070545 0.00013531540753 0.00010445937369 
8.0273210187e-05 6.1429236666e-05 4.683816951e-05 3.5616201785e-05 2.7054304155e-05 2.0590501663e-05 1.5785823052e-05 1.2304028132e-05 9.8951322798e-06 
8.3825407273e-06 7.6536389315e-06 3.7414461076e-06 4.1113348743e-06 4.8780098041e-06 6.0964021031e-06 7.8517432485e-06 1.0262950127e-05 1.3487118849e-05 
1.7725085854e-05 2.3227981728e-05 3.0304709071e-05 3.9330170694e-05 5.0754060794e-05 6.5109990828e-05 8.3024562628e-05 0.00010522610683 0.00013255244994 
0.00016595775378 0.00020651696832 0.00025542866206 0.00031401441083 0.00038371502887 0.00046608259436 0.0005627667997 0.00067549513187 0.00080604443792 
0.00095620221691 0.0011277147569 0.0013222206617 0.001541168429 0.0017857188359 0.0020566366147 0.0023541788105 0.0026779908221 0.0030270288698 
0.0033995229751 0.0037930042017 0.0042044012807 0.0046302257106 0.0050668218173 0.0055106747895 0.0059587243013 0.0064086182974 0.006858848501 
0.0073086773045 0.0077577964403 0.0082057127729 0.0086508970708 0.0090898359194 0.0095161804929 0.0099202143028 0.01028888952 0.010606491007 
0.01085596066 0.011020697653 0.011086539365 0.011043589562 0.010887575336 0.010620469227 0.010250303894 0.0097902202979 0.0092569394037 
0.0086689917371 0.0080449944362 0.0074022635818 0.00675589405 0.0061183557846 0.0054994951934 0.0049068056978 0.0043458184227 0.0038204889279 
0.0033335103653 0.0028865349013 0.0024803159758 0.002114801202 0.0017892065225 0.001502092462 0.001251458074 0.0010348493233 0.0008494828362 
0.00069237034768 0.00056044064695 0.00045064714504 0.00036005777656 0.00028592371382 0.00022572638409 0.00017720532196 0.00013836847211 0.00010748899513 
8.3092119894e-05 6.3935316575e-05 4.8984653404e-05 3.7389745557e-05 2.8458880479e-05 2.1635756639e-05 1.6478395992e-05 1.2640787645e-05 9.8573464129e-06 
7.9302626546e-06 6.7195960582e-06 6.1360101427e-06 2.8571596431e-06 3.1407159895e-06 3.7286433781e-06 4.6634727369e-06 6.0112547544e-06 7.8642569861e-06 
1.034455363e-05 1.3608480913e-05 1.7851898519e-05 2.331622818e-05 3.0295112083e-05 3.9141574234e-05 5.0275455578e-05 6.4190840931e-05 8.1463214883e-05 
0.00010275588284 0.00012882522424 0.00016052437422 0.0001988048316 0.00024471530924 0.00029939736123 0.00036407716107 0.00044005279779 0.00052867591148 
0.00063132686773 0.00074938224861 0.00088417372899 0.0010369369993 0.0012087512296 0.0014004692202 0.0016126411501 0.0018454386154 0.0020985833835 
0.0023712939583 0.0026622556616 0.0029696307611 0.003291112138 0.0036240245681 0.0039654681459 0.0043124947697 0.0046622897498 0.0050123268738 
0.0053604613058 0.0057049216703 0.0060441582464 0.0063765570521 0.0067000235431 0.0070115136914 0.0073065902106 0.0075791445561 0.0078213792294 
0.0080241356045 0.0081775663421 0.0082720909268 0.0082994755358 0.0082538826391 0.0081326784566 0.007936866954 0.0076710670255 0.0073430598713 
0.0069629787467 0.0065423375927 0.0060930405743 0.0056265499443 0.0051532904617 0.0046823197044 0.0042212242261 0.0037761696149 0.003352039028 
0.0029525824357 0.0025805525947 0.0022378126159 0.0019254179206 0.0016436855076 0.0013922672952 0.0011702293996 0.00097614619881 0.00080820330186 
0.00066430581501 0.00054218561854 0.00043950090185 0.00035392204882 0.00028320355341 0.00022523697407 0.00017808809935 0.00014001816453 0.00010949237185 
8.5177773144e-05 6.593366561e-05 5.0796839787e-05 3.8963909901e-05 2.9772500056e-05 2.2682537747e-05 1.7258589651e-05 1.3153906366e-05 1.009641619e-05 
7.8768662206e-06 6.3391235017e-06 5.372573014e-06 4.9065179155e-06 2.1855014438e-06 2.4032101464e-06 2.8547499369e-06 3.5730818126e-06 4.6094378376e-06 
6.0354655034e-06 7.9460915003e-06 1.0463076251e-05 1.3739238966e-05 1.7963307982e-05 2.3365300876e-05 3.0222314308e-05 3.8864578528e-05 4.9681537348e-05 
6.3127634348e-05 7.9727637058e-05 0.00010008078243 0.00012486381456 0.00015483186871 0.00019081724167 0.00023372516443 0.00028452620609 0.00034424493788 
0.00041394375148 0.00049470161321 0.00058758771047 0.0006936279824 0.00081376597518 0.00094881711993 0.0010994182667 0.0012659726199 0.0014485976426 
0.0016470750561 0.0018608126557 0.0020888233557 0.0023297257721 0.0025817728601 0.002842910355 0.0031108562835 0.0033832048066 0.003657532623 
0.0039314925671 0.0042028757744 0.0044696284458 0.0047297906131 0.0049813683145 0.0052221487276 0.0054494710639 0.005660019815 0.0058496883139 
0.0060135759413 0.006146159023 0.0062416410074 0.0062944614328 0.0062998845242 0.0062545794062 0.0061570932157 0.006008123979 0.0058105466887 
0.0055691977032 0.0052904523909 0.0049816938117 0.0046507441439 0.0043053720146 0.0039529004134 0.0035999536049 0.0032523309346 0.0029149563052 
0.002591898432 0.0022864041384 0.0020009446889 0.0017372647999 0.0014964237344 0.0012788544409 0.0010844225762 0.00091250112746 0.00076205306686 
0.00063172145747 0.00051992031513 0.00042492168723 0.00034493586281 0.00027817930095 0.00022293039365 0.000177570706 0.00014061364345 0.00011072096095 
8.6709391326e-05 6.7549444793e-05 5.2358293033e-05 4.0388775233e-05 3.1016305002e-05 2.3724654966e-05 1.8091872334e-05 1.3776930246e-05 1.0507608749e-05 
8.069834621e-06 6.2986268858e-06 5.0706617003e-06 4.2984383981e-06 3.9259721234e-06 1.6833893142e-06 1.851683578e-06 2.2008387077e-06 2.7565581604e-06 
3.5588238916e-06 4.6636105253e-06 6.145174666e-06 8.0989002527e-06 1.064470689e-05 1.3930947716e-05 1.8138764062e-05 2.3486800274e-05 3.0236107705e-05 
3.8695139665e-05 4.9224494433e-05 6.2241240812e-05 7.8222394222e-05 9.7707255918e-05 0.0001212981515 0.00014965911396 0.00018351219478 0.00022363083554 
0.00027082982706 0.00032595178345 0.00038984924322 0.00046336260857 0.00054729392286 0.00064237514744 0.00074923416832 0.00086835608818 0.0010000445182 
0.0011443815893 0.001301194774 0.0014700284228 0.001650127233 0.0018404353177 0.0020396097098 0.0022460538894 0.0024579646997 0.0026733935811 
0.0028903093189 0.0031066571828 0.0033204015344 0.0035295474809 0.0037321238779 0.0039261342026 0.0041094771586 0.0042798519135 0.0044346665964 
0.0045709903352 0.004685560707 0.0047748885117 0.0048354482278 0.0048639541492 0.0048576835543 0.0048147942871 0.0047345971689 0.0046177147888 
0.0044661136344 0.004283003509 0.0040726084262 0.0038398732431 0.0035901381634 0.0033288348932 0.0030612309929 0.0027922403533 0.002526297234 
0.0022672819905 0.0020184831228 0.0017825856339 0.001561674173 0.0013572491007 0.0011702543125 0.0010011169361 0.00084979919484 0.00071586167905 
0.00059853296261 0.00049678346841 0.00040940075996 0.00033505869214 0.00027238068287 0.00021999324963 0.0001765689376 0.0001408586395 0.00011171345977 
8.8097680418e-05 6.9093955972e-05 5.3902665968e-05 4.1836607124e-05 3.2312935218e-05 2.4843184292e-05 1.9022654669e-05 1.4519712749e-05 1.1065664694e-05 
8.4455050455e-06 6.4897621996e-06 5.0675589591e-06 4.0808854465e-06 3.4600964227e-06 3.160582537e-06 1.3176645552e-06 1.4498460814e-06 1.7241549131e-06 
2.160942131e-06 2.7918870273e-06 3.6613828343e-06 4.8283895921e-06 6.3687489273e-06 8.3779468696e-06 1.0974305042e-05 1.4302532691e-05 1.8537602955e-05 
2.3888795113e-05 3.0603812775e-05 3.8972721086e-05 4.9331538321e-05 6.2065133534e-05 7.7609176515e-05 9.6450690762e-05 0.00011912695481 0.00014622221352 
0.00017836208281 0.00021620494954 0.00026043041726 0.00031172443414 0.00037076088483 0.0004381800245 0.0005145635223 0.00060040707467 0.00069609092316 
0.00080185011029 0.0009177455795 0.0010436380981 0.0011791681172 0.0013237429084 0.0014765334781 0.0016364811454 0.0018023179146 0.0019725947641 
0.0021457187831 0.0023199913558 0.0024936487898 0.0026648924686 0.0028319098055 0.002992875874 0.0031459443271 0.003289217595 0.0034207173157 
0.0035383545328 0.003639920149 0.0037231093738 0.0037855876144 0.0038251071237 0.0038396611344 0.0038276636042 0.0037881289609 0.0037208222784 
0.0036263547372 0.003506204579 0.0033626630902 0.0031987107359 0.0030178476591 0.0028238969389 0.0026208134368 0.0024125101045 0.0022027143277 
0.001994861057 0.0017920130631 0.0015968084335 0.0014114292571 0.0012375889346 0.0010765329935 0.00092905870406 0.0007955430774 0.00067598716123 
0.00057006714633 0.00047719239956 0.00039656617446 0.00032724495395 0.00026819502818 0.00021834163636 0.00017661150196 0.0001419664186 0.00011342819926 
9.0096131316e-05 7.1156886406e-05 5.5888893257e-05 4.3661872041e-05 3.3932992665e-05 2.6240779334e-05 2.019753083e-05 1.5481211449e-05 1.1827254639e-05 
9.0207531684e-06 6.8893227763e-06 5.2967752708e-06 4.1377147681e-06 3.3330688893e-06 2.8265651508e-06 2.5821207146e-06 1.0635525314e-06 1.170573114e-06 
1.3927210603e-06 1.7465912379e-06 2.2580313725e-06 2.9632928999e-06 3.9105730139e-06 5.1619385886e-06 6.795637546e-06 8.9087607194e-06 1.1620232726e-05 
1.5074058865e-05 1.9442742996e-05 2.4930775908e-05 3.1777963159e-05 4.0262500988e-05 5.0703452871e-05 6.3462408434e-05 7.8944009147e-05 9.7594907857e-05 
0.00011990106577 0.000146382823 0.00017758752801 0.00021407967142 0.0002564281458 0.0003051906242 0.00036089550122 0.00042402121471 0.00049497385044 
0.00057406304404 0.00066147890175 0.00075726892101 0.00086131779244 0.00097333115991 0.0010928254342 0.0012191243004 0.001351361745 0.0014884948032 
0.0016293213703 0.0017725049984 0.0019166002749 0.0020600813441 0.0022013648413 0.0023388308473 0.0024708320852 0.0025957007892 0.002711746376 
0.0028172531165 0.0029104808345 0.0029896746855 0.0030530958902 0.0030990710948 0.0031260682736 0.0031327905599 0.0031182817183 0.0030820311513 
0.003024059115 0.0029449716676 0.0028459732421 0.0027288338169 0.0025958146434 0.0024495609105 0.0022929778788 0.0021290993318 0.0019609655719 
0.0017915120116 0.0016234782524 0.0014593342785 0.0013012292329 0.0011509532342 0.0010099202627 0.00087916426128 0.00075935106725 0.000650802569 
0.00055353203788 0.00046728673624 0.00039159669541 0.00032582384301 0.00026921118842 0.00022092812287 0.00018011055363 0.00014589491184 0.00011744502262 
9.3972383183e-05 7.4749848864e-05 5.9119869547e-05 4.6498040319e-05 3.6372875911e-05 2.8302905775e-05 2.1911962904e-05 1.6883263015e-05 1.2953018086e-05 
9.9039816632e-06 7.5592529356e-06 5.7766019381e-06 4.4434168558e-06 3.4723732369e-06 2.797844445e-06 2.3730608518e-06 2.1680011741e-06 9.0347344894e-07 
9.9461112768e-07 1.1838266119e-06 1.4853303583e-06 1.921267085e-06 2.5227154765e-06 3.3310270737e-06 4.3995023589e-06 5.7954030126e-06 7.6022788562e-06 
9.9225853774e-06 1.288052681e-05 1.6625062926e-05 2.1332980396e-05 2.7211843189e-05 3.4502707422e-05 4.3482345063e-05 5.4464700952e-05 6.780136755e-05 
8.3880775492e-05 0.00010312568338 0.00012598886678 0.00015294658078 0.00018448977789 0.00022111285944 0.00026329990942 0.00031150897848 0.00036615369027 
0.00042758448399 0.00049606786342 0.00057176622795 0.00065471947892 0.00074482738273 0.00084183597937 0.00094532925868 0.0010547249112 0.0011692761909 
0.0012880801223 0.0014100908302 0.0015341365943 0.0016589397565 0.0017831386067 0.0019053062424 0.0020239702426 0.0021376260556 0.0022447512019 
0.0023438127246 0.0024332788307 0.0025116323959 0.0025773912203 0.0026291382965 0.0026655632537 0.0026855184697 0.0026880840305 0.002672633389 
0.0026389046106 0.0025870485697 0.0025176657364 0.0024318089709 0.00233096187 0.002216985682 0.0020920466632 0.0019585234113 0.0018189132679 
0.0016757335979 0.0015314337797 0.0013883154606 0.0012484674808 0.0011137155816 0.00098558736499 0.0008652919787 0.00075371621642 0.0006514324923 
0.00055871967925 0.00047559299855 0.00040184147656 0.00033706895192 0.00028073671274 0.00023220480944 0.00019077101024 0.00015570437245 0.00012627396791 
0.00010177159129 8.1528698502e-05 6.4928150096e-05 5.1411083405e-05 4.0480030293e-05 3.1698858947e-05 2.469046558e-05 1.9132859961e-05 1.4754355107e-05 
1.1328239452e-05 8.6674090198e-06 6.6192051236e-06 5.0606449804e-06 3.8941811908e-06 3.0440467071e-06 2.4532200769e-06 2.0810186925e-06 1.9013051542e-06 
8.261771427e-07 9.096357303e-07 1.0829270423e-06 1.3591052266e-06 1.7585182377e-06 2.3097334179e-06 3.0507771953e-06 4.0306899791e-06 5.3113922149e-06 
6.9698448897e-06 9.1004822025e-06 1.1817860468e-05 1.5259458451e-05 1.9588542273e-05 2.499693619e-05 3.1707546441e-05 3.9976461267e-05 5.0094316975e-05 
6.2386796344e-05 7.7213822806e-05 9.4967261248e-05 0.00011606687622 0.00014095423103 0.00017008444411 0.00020391572616 0.00024289649446 0.00028745064628 
0.00033796083881 0.00039475067751 0.00045806600247 0.00052805646555 0.00060475815553 0.00068807805656 0.000777781941 0.00087348592933 0.00097465247381 
0.0010805916972 0.0011904682033 0.0013033110881 0.0014180293074 0.0015334287891 0.0016482301289 0.0017610879149 0.0018706079572 0.0019753635861 
0.0020739100873 0.0021647990216 0.0022465924267 0.0023178849369 0.0023773207795 0.0024236303288 0.0024556654971 0.0024724469986 0.002473217668 
0.0024574932177 0.0024251169525 0.0023762949277 0.0023116217926 0.0022320826538 0.0021390321199 0.0020341542549 0.0019193959888 0.0017968975008 
0.0016689070035 0.0015376971569 0.001405486255 0.0012743647676 0.0011462349212 0.0010227629682 0.00090534548508 0.00079508894123 0.0006928051007 
0.00059901858913 0.00051398534561 0.00043772024219 0.00037003151374 0.00031055827276 0.00025880945032 0.00021420189296 0.00017609524366 0.00014382306836 
0.00011671864922 9.4135728432e-05 7.546391862e-05 6.0139336711e-05 4.7650952183e-05 3.7543442886e-05 2.9417213227e-05 2.2926369638e-05 1.7775233573e-05 
1.3714014131e-05 1.0534009562e-05 8.0627760326e-06 6.1594478211e-06 4.7104108489e-06 3.6254555198e-06 2.8344479688e-06 2.2845624699e-06 1.9380831873e-06 
1.7707696998e-06 
I 1 10000 double
3.3700525703e-10 3.9828343401e-10 5.2953819107e-10 7.4900591285e-10 1.0861703759e-09 1.5844054957e-09 2.3046304864e-09 3.3300777691e-09 4.7722648056e-09 
6.778248185e-09 9.5391960997e-09 1.3300265778e-08 1.8371643762e-08 2.5140554527e-08 3.4083836198e-08 4.5780581104e-08 6.0924101319e-08 8.0332455354e-08 
1.0495632097e-07 1.3588336856e-07 1.743376572e-07 2.2167286318e-07 2.7935880098e-07 3.4895919043e-07 4.321010465e-07 5.3043510206e-07 6.4558656732e-07 
7.790985137e-07 9.3236747034e-07 1.106572995e-06 1.302605142e-06 1.5209894855e-06 1.761815497e-06 2.024669584e-06 2.3085756311e-06 2.6119480481e-06 
2.932561074e-06 3.2675288821e-06 3.6133142203e-06 3.9657511479e-06 4.320091648e-06 4.6710783863e-06 5.0130406635e-06 5.3400085562e-06 5.6458557083e-06 
5.9244557633e-06 6.1698565332e-06 6.3764737206e-06 6.5392728175e-06 6.6539696491e-06 6.7172072704e-06 6.7267160375e-06 6.6814459387e-06 6.5816570896e-06 
6.4289570219e-06 6.2262902247e-06 5.977858109e-06 5.688991223e-06 5.3659564401e-06 5.0157273108e-06 4.6457171266e-06 4.2634960664e-06 3.876512892e-06 
3.4918264191e-06 3.1158754155e-06 2.754288289e-06 2.4117530302e-06 2.0919346753e-06 1.7974575712e-06 1.5299342522e-06 1.2900394495e-06 1.0776208228e-06 
8.9182793772e-07 7.3125721656e-07 5.9409592268e-07 4.7826000582e-07 3.8151944182e-07 3.0160404663e-07 2.362910152e-07 1.834704193e-07 1.4119213176e-07 
1.0769467451e-07 8.1419358366e-08 6.1012400465e-08 4.53178437e-08 3.3364287333e-08 2.4347462713e-08 1.7610881642e-08 1.262581506e-08 8.9719582874e-09 
6.3193628108e-09 4.4121803988e-09 3.0544335949e-09 2.0978441206e-09 1.4316675623e-09 9.7438557223e-10 6.6706418167e-10 4.6818871002e-10 3.4978561714e-10 
2.9466656892e-10 3.9685824071e-10 4.6876535986e-10 6.2273675105e-10 8.8005885912e-10 1.2751274481e-09 1.8585027961e-09 2.7011359816e-09 3.8998679841e-09 
5.584313012e-09 7.92520094e-09 1.1144219769e-08 1.5525316144e-08 2.1427323915e-08 2.9297616777e-08 3.968640172e-08 5.3260947652e-08 7.0819091036e-08 
9.3300791093e-08 1.2179690145e-07 1.5755352933e-07 2.0197082051e-07 2.5659474545e-07 3.2310094866e-07 4.0326909811e-07 4.9894731546e-07 6.1200671553e-07 
7.4428612606e-07 8.9752626309e-07 1.0732982219e-06 1.2729238961e-06 1.4973946918e-06 1.7472887066e-06 2.022689614e-06 2.3231143587e-06 2.6474469905e-06 
2.9938880743e-06 3.3599194467e-06 3.7422862533e-06 4.1370030885e-06 4.5393812798e-06 4.9440782277e-06 5.3451794884e-06 5.7362954067e-06 6.1106957219e-06 
6.4614569055e-06 6.7816363298e-06 7.0644709922e-06 7.3035771493e-06 7.4931704148e-06 7.628286312e-06 7.7049808169e-06 7.7205231719e-06 7.6735514085e-06 
7.5641828516e-06 7.3940686889e-06 7.1663971539e-06 6.885808034e-06 6.5582567004e-06 6.1908076532e-06 5.7913703131e-06 5.3684007071e-06 4.9305790526e-06 
4.4864818847e-06 4.0442751015e-06 3.6114381601e-06 3.1945439787e-06 2.7990952276e-06 2.4294240575e-06 2.0886629954e-06 1.7787727984e-06 1.5006257854e-06 
1.2541245269e-06 1.0383532754e-06 8.5174258402e-07 6.9223659693e-07 5.5745351801e-07 4.4483209649e-07 3.5175577295e-07 2.7565590699e-07 2.1408945372e-07 
1.6479482667e-07 1.2572674279e-07 9.5073573902e-08 7.1260437551e-08 5.2941821593e-08 3.898637857e-08 2.8457035839e-08 2.0588554861e-08 1.4764471423e-08 
1.0494572322e-08 7.393931245e-09 5.1639976739e-09 3.5760254757e-09 2.4568997947e-09 1.6772949696e-09 1.1419899471e-09 7.8212691879e-10 5.4918847248e-10 
4.1047559796e-10 3.4589278664e-10 5.2488430269e-10 6.194803559e-10 8.2193474249e-10 1.1600244099e-09 1.6785934864e-09 2.4434838597e-09 3.5469647219e-09 
5.1147837077e-09 7.3149659663e-09 1.0368455428e-08 1.4561633677e-08 2.0260614519e-08 2.7927178792e-08 3.8135933522e-08 5.1592099481e-08 6.9149180604e-08 
9.1825391735e-08 1.2081780199e-07 1.5751231786e-07 2.0348825558e-07 2.6051586133e-07 3.3054476489e-07 4.1568216602e-07 5.1815970892e-07 6.4028824909e-07 
7.8439916251e-07 9.5277550827e-07 1.1475702877e-06 1.3707165181e-06 1.6238310536e-06 1.9081137452e-06 2.2242475097e-06 2.5723027193e-06 2.9516481845e-06 
3.3608746435e-06 3.7977354168e-06 4.2591041165e-06 4.740958957e-06 5.238383892e-06 5.7456045397e-06 6.2560466176e-06 6.762427347e-06 7.2568745964e-06 
7.7310705819e-06 8.1764337665e-06 8.5843248598e-06 8.9462710093e-06 9.2542240964e-06 9.5008153949e-06 9.6796356956e-06 9.785491784e-06 9.8146629171e-06 
9.7650954558e-06 9.63657385e-06 9.4308088592e-06 9.1514593805e-06 8.8040533228e-06 8.3958293544e-06 7.9355040725e-06 7.432937764e-06 6.8987706072e-06 
6.3440115809e-06 5.7796191868e-06 5.2161003623e-06 4.6631462283e-06 4.1293401409e-06 3.6219234971e-06 3.1466622659e-06 2.7077867344e-06 2.3080183382e-06 
1.9486628844e-06 1.6297601633e-06 1.3502701677e-06 1.1082842093e-06 9.0124115104e-07 7.2613443081e-07 5.7970447642e-07 4.5860306841e-07 3.5952871258e-07 
2.7933180036e-07 2.1508921577e-07 1.6415212656e-07 1.2417061157e-07 9.3099387755e-08 6.9189127316e-08 5.0967802423e-08 3.7215315274e-08 2.6934774411e-08 
1.9322728306e-08 1.3740001137e-08 9.6845189645e-09 6.7667333958e-09 4.6880725968e-09 3.2225040414e-09 2.2011090728e-09 1.4994705477e-09 1.0275853501e-09 
7.2201616907e-10 5.3999438254e-10 4.5522971504e-10 7.385209666e-10 8.7085905154e-10 1.1539385003e-09 1.6262818869e-09 2.3500201785e-09 3.4162614959e-09 
4.9524939705e-09 7.1321735184e-09 1.0186663957e-08 1.4419625494e-08 2.0223870578e-08 2.8100561877e-08 3.868050058e-08 5.2746859325e-08 7.1258710932e-08 
9.5374062425e-08 1.2647113579e-07 1.661661031e-07 2.1632540381e-07 2.790701501e-07 3.5677118149e-07 4.5203205445e-07 5.6765804857e-07 7.0661036489e-07 
8.7194445086e-07 1.0667320112e-06 1.2939675571e-06 1.556462621e-06 1.8567261577e-06 2.1968410238e-06 2.5783342608e-06 3.0020501072e-06 3.4680278986e-06 
3.9753922465e-06 4.5222591325e-06 5.1056631492e-06 5.7215074776e-06 6.3645402406e-06 7.0283676905e-06 7.7054892245e-06 8.3873728727e-06 9.0645626187e-06 
9.7268193713e-06 1.0363301953e-05 1.0962779925e-05 1.151388733e-05 1.2005401004e-05 1.2426573448e-05 1.276745752e-05 1.3019271137e-05 1.3174752894e-05 
1.3228495845e-05 1.3177258552e-05 1.3020196093e-05 1.2759021047e-05 1.2398058061e-05 1.1944187463e-05 1.1406660633e-05 1.0796801689e-05 1.0127595488e-05 
9.4132055892e-06 8.6684212874e-06 7.9080846263e-06 7.1465447036e-06 6.3971428972e-06 5.6717885855e-06 4.9806280913e-06 4.3318295866e-06 3.7314830479e-06 
3.1836143535e-06 2.6902955597e-06 2.2518372589e-06 1.8670353938e-06 1.5334561567e-06 1.2477307791e-06 1.0058424778e-06 8.0339452779e-07 6.3583905785e-07 
4.9867077223e-07 3.8757531229e-07 2.9853711681e-07 2.2790939624e-07 1.7245098149e-07 1.2933703886e-07 9.6148887962e-08 7.0849367262e-08 5.17488985e-08 
3.746619015e-08 2.6887480686e-08 1.9126428441e-08 1.348656653e-08 9.4273584494e-09 6.5343916944e-09 4.493840855e-09 3.0711080345e-09 2.0933430545e-09 
1.4354669675e-09 1.0092924274e-09 7.5534650756e-10 6.3706279141e-10 1.0659516603e-09 1.2559044915e-09 1.6620176346e-09 2.339116234e-09 3.3755396256e-09 
4.9006723124e-09 7.0952954623e-09 1.0204978196e-08 1.4556698957e-08 2.0578811544e-08 2.8824363341e-08 3.9997537726e-08 5.49827881e-08 7.4875892153e-08 
1.0101569359e-07 1.3501501428e-07 1.7878878111e-07 2.3457700138e-07 3.0495962733e-07 3.9286101128e-07 5.015403417e-07 6.345659358e-07 7.957707453e-07 
9.8918724234e-07 1.2189609606e-06 1.4892434592e-06 1.8040643681e-06 2.1671876311e-06 2.5819522307e-06 3.0511071145e-06 3.5766411202e-06 4.1596163101e-06 
4.8000115385e-06 5.4965835261e-06 6.2467474891e-06 7.0464880082e-06 7.8902976384e-06 8.771150533e-06 9.680518815e-06 1.0608417142e-05 1.1543501387e-05 
1.2473186871e-05 1.3383829355e-05 1.4260939679e-05 1.5089450244e-05 1.585402606e-05 1.6539426724e-05 1.7130916603e-05 1.7614727767e-05 1.7978512915e-05 
1.8211849238e-05 1.8306738639e-05 1.8258020646e-05 1.8063748939e-05 1.772545329e-05 1.7248266886e-05 1.6640889953e-05 1.5915389667e-05 1.5086818166e-05 
1.4172695955e-05 1.3192342522e-05 1.2166129636e-05 1.1114685549e-05 1.005811464e-05 9.0152661869e-06 8.0031086327e-06 7.0362311817e-06 6.1265145632e-06 
5.2829504966e-06 4.5116375986e-06 3.8159032556e-06 3.1965582821e-06 2.6522338885e-06 2.1797700356e-06 1.774631869e-06 1.4313171732e-06 1.1437366538e-06 
9.0554868848e-07 7.1043655225e-07 5.5232811746e-07 4.2555510049e-07 3.2495728419e-07 2.4594066872e-07 1.8449539141e-07 1.3718452863e-07 1.0111103421e-07 
7.3870495498e-08 5.3496414409e-08 3.8402543368e-08 2.7326205299e-08 1.9274988716e-08 1.3478537397e-08 9.3461220985e-09 6.4303149472e-09 4.3965777685e-09 
2.9983731054e-09 2.0572574755e-09 1.4473877652e-09 1.0838790976e-09 9.1453067341e-10 1.5486282257e-09 1.8231260945e-09 2.4097062123e-09 3.3869476113e-09 
4.881350435e-09 7.077965769e-09 1.0234997738e-08 1.4702636442e-08 2.0946366419e-08 2.957490608e-08 4.1372679505e-08 5.7336531967e-08 7.8715984841e-08 
1.0705576159e-07 1.4423922323e-07 1.9252991024e-07 2.5460906272e-07 3.3360532825e-07 4.3311305831e-07 5.5719516467e-07 7.1036771487e-07 8.9755963018e-07 
1.124048822e-06 1.3953695088e-06 1.7171900026e-06 2.0951642909e-06 2.534756959e-06 3.0410428735e-06 3.6184978853e-06 4.270773843e-06 5.0004737204e-06 
5.8089349295e-06 6.6960265031e-06 7.6599708336e-06 8.6971949713e-06 9.8022173916e-06 1.0967581147e-05 1.2183822946e-05 1.3439484974e-05 1.4721187654e-05 
1.6013735149e-05 1.7300273612e-05 1.8562497644e-05 1.9780905859e-05 2.0935147404e-05 2.2004380298e-05 2.296776438e-05 2.3804957891e-05 2.4496741389e-05 
2.5025668947e-05 2.5376697522e-05 2.5537961847e-05 2.5501341952e-05 2.5263041607e-05 2.4824035791e-05 2.4190272597e-05 2.3372720534e-05 2.2387146601e-05 
2.1253663363e-05 1.9996023184e-05 1.8640737835e-05 1.7216052584e-05 1.5750832972e-05 1.4273446141e-05 1.2810712178e-05 1.1386983715e-05 1.0023396499e-05 
8.7373518909e-06 7.5422185546e-06 6.4472692429e-06 5.4578285926e-06 4.5755978135e-06 3.7991078443e-06 3.1242670957e-06 2.544943527e-06 2.0535489966e-06 
1.6415890514e-06 1.3001467778e-06 1.020293098e-06 7.9340765069e-07 6.1141935248e-07 4.6696305844e-07 3.5346954519e-07 2.6519728635e-07 1.9721980493e-07 
1.4538143489e-07 1.0623126911e-07 7.6945880778e-08 5.5247202368e-08 3.9321587764e-08 2.7743443098e-08 1.9406060758e-08 1.346074896e-08 9.2646548211e-09 
6.3370797498e-09 4.3237311509e-09 2.9681461733e-09 2.0894301844e-09 1.565550134e-09 1.3214488392e-09 2.2447801395e-09 2.640615504e-09 3.4860816456e-09 
4.8935877572e-09 7.0439329924e-09 1.0201300249e-08 1.4733794629e-08 2.113989872e-08 3.0081114488e-08 4.2420971624e-08 5.9270206521e-08 8.2037644233e-08 
1.1248559417e-07 1.5278834553e-07 2.0559092206e-07 2.7406531444e-07 3.6196004771e-07 4.7363832323e-07 6.1410003127e-07 7.8898204947e-07 1.0045314411e-06 
1.2675468497e-06 1.5852843944e-06 1.9653271011e-06 2.4154112452e-06 2.9432235351e-06 3.5561567984e-06 4.261041795e-06 5.0638600442e-06 5.969447102e-06 
6.9811926551e-06 8.1007619883e-06 9.3278313216e-06 1.0659866348e-05 1.2091933058e-05 1.361656723e-05 1.5223690752e-05 1.6900574337e-05 1.8631882995e-05 
2.0399726054e-05 2.2183819965e-05 2.3961643819e-05 2.5708712201e-05 2.7398869861e-05 2.9004690077e-05 3.0497938496e-05 3.1850166124e-05 3.3033393265e-05 
3.4020846215e-05 3.4787921322e-05 3.5313041735e-05 3.5578676034e-05 3.5572255001e-05 3.5287015635e-05 3.4722655982e-05 3.3885742596e-05 3.2789877878e-05 
3.1455489079e-05 2.9909253499e-05 2.8183227187e-05 2.6313651688e-05 2.4339564334e-05 2.2301235731e-05 2.0238599973e-05 1.818974124e-05 1.6189545931e-05 
1.426858762e-05 1.2452315787e-05 1.0760563782e-05 9.2073987616e-06 7.8012553786e-06 6.5453614297e-06 5.4383431234e-06 4.4749822337e-06 3.6470373743e-06 
2.9440780054e-06 2.3542736471e-06 1.8651039682e-06 1.4639534811e-06 1.1385927792e-06 8.7753267053e-07 6.7026371653e-07 5.0739413382e-07 3.8070490405e-07 
2.8313621669e-07 2.0872884932e-07 1.5253199592e-07 1.1049380788e-07 7.934477253e-08 5.6481674449e-08 3.9858395695e-08 2.7886580156e-08 1.9348270541e-08 
1.3320939907e-08 9.1147969172e-09 6.2214451368e-09 4.2728571792e-09 3.0094380321e-09 2.2560453505e-09 1.9049537503e-09 3.2340177203e-09 3.801387205e-09 
5.0126671702e-09 7.0277068609e-09 1.0103385684e-08 1.461461796e-08 2.1083101487e-08 3.0214227564e-08 4.294255973e-08 6.0485902509e-08 8.4407894008e-08 
1.1668790734e-07 1.5979711065e-07 2.167779769e-07 2.9132371537e-07 3.8785336187e-07 5.1157667258e-07 6.6854323677e-07 8.656669479e-07 1.1107217688e-06 
1.4122982748e-06 1.7797165128e-06 2.2228914531e-06 2.7521473385e-06 3.377979283e-06 4.1107650759e-06 4.9604386732e-06 5.9361286731e-06 7.0457663242e-06 
8.2956967162e-06 9.6902886071e-06 1.1231571079e-05 1.291890203e-05 1.4748685317e-05 1.671415157e-05 1.8805192667e-05 2.1008281692e-05 2.3306427465e-05 
2.5679235478e-05 2.8102978831e-05 3.0550789234e-05 3.2992826164e-05 3.5396606108e-05 3.7727302697e-05 3.9948259655e-05 4.2021521949e-05 4.3908548832e-05 
4.5571086957e-05 4.6972185373e-05 4.8077377869e-05 4.885594899e-05 4.928229464e-05 4.9337286327e-05 4.9009446229e-05 4.8296016757e-05 4.7203673603e-05 
4.5748809498e-05 4.3957428716e-05 4.1864492232e-05 3.951279723e-05 3.6951427319e-05 3.4233904444e-05 3.1415984267e-05 2.8553487937e-05 2.570016477e-05 
2.2905696824e-05 2.0214070901e-05 1.7662307073e-05 1.5279685613e-05 1.3087407751e-05 1.1098702089e-05 9.319343917e-06 7.7484619396e-06 6.3795764618e-06 
5.2017367125e-06 4.2007218326e-06 3.3601613723e-06 2.6625684768e-06 2.0902102733e-06 1.6258150026e-06 1.2531010043e-06 9.5713596693e-07 7.245504321e-07 
5.4362760693e-07 4.042944397e-07 2.9804198221e-07 2.1779878523e-07 1.5777639817e-07 1.1330383387e-07 8.0662317714e-08 5.6929316372e-08 3.9836567822e-08 
2.7645064904e-08 1.9037894816e-08 1.3030494017e-08 8.8973193257e-09 6.1131846252e-09 4.3076520129e-09 3.2308034026e-09 2.7289168703e-09 4.6231418693e-09 
5.4301150243e-09 7.1521268907e-09 1.0014745477e-08 1.4380134417e-08 2.0776278475e-08 2.9936874313e-08 4.2852455806e-08 6.0833201587e-08 8.5583465648e-08 
1.1928739241e-07 1.6470471564e-07 2.2527385113e-07 3.052192028e-07 4.0965770154e-07 5.4469762745e-07 7.1752361919e-07 9.3645689958e-07 1.2109834415e-06 
1.5517383645e-06 1.9704398255e-06 2.4797607239e-06 3.0931373658e-06 3.8245088945e-06 4.6879840738e-06 5.6974567997e-06 6.8661520345e-06 8.2061451394e-06 
9.7278461908e-06 1.1439483387e-05 1.3346605556e-05 1.5451612853e-05 1.7753351131e-05 2.0246756321e-05 2.2922600692e-05 2.5767314582e-05 2.8762895454e-05 
3.188687333e-05 3.5112403566e-05 3.8408343244e-05 4.1739451262e-05 4.5066622988e-05 4.8347199481e-05 5.1535334933e-05 5.4582535086e-05 5.7438286603e-05 
6.0050915636e-05 6.236867921e-05 6.434100942e-05 6.5920146881e-05 6.7062799644e-05 6.7732013122e-05 6.7899134592e-05 6.7545493948e-05 6.6663982579e-05 
6.5260290285e-05 6.3353363657e-05 6.0975569795e-05 5.8171946876e-05 5.4998839914e-05 5.1521925343e-05 4.7813722631e-05 4.3950694817e-05 4.0010199882e-05 
3.6067431211e-05 3.2192612707e-05 2.844858318e-05 2.4888850021e-05 2.1556343199e-05 1.8482791347e-05 1.5688730855e-05 1.3184090676e-05 1.0969260984e-05 
9.0364828793e-06 7.3714500104e-06 5.9549647631e-06 4.7645717132e-06 3.7760255509e-06 2.9645677841e-06 2.3059610612e-06 1.7772729279e-06 1.357412998e-06 
1.0274628721e-06 7.7081858763e-07 5.7319277857e-07 4.2250940169e-07 3.0872951129e-07 2.2363495589e-07 1.6059476593e-07 1.1433075287e-07 8.0696025861e-08 
5.6473073329e-08 3.9195949597e-08 2.6997787117e-08 1.8483294895e-08 1.2624465029e-08 8.6773122021e-09 6.1171476773e-09 4.5900048207e-09 3.8781786671e-09 
6.5532779203e-09 7.6913870828e-09 1.0118898608e-08 1.4151432914e-08 2.029529611e-08 2.9287766878e-08 4.2152002777e-08 6.0267211666e-08 8.5454679777e-08 
1.2007942018e-07 1.6716668938e-07 2.3053142684e-07 3.1491723007e-07 4.261395361e-07 5.7122690578e-07 7.5855035675e-07 9.9793169284e-07 1.3007172583e-06 
1.6798070419e-06 2.1496221052e-06 2.7260030038e-06 3.4260256143e-06 4.2677279453e-06 5.2697500905e-06 6.4508826654e-06 7.8295306594e-06 9.4231236289e-06 
1.1247455404e-05 1.3316028344e-05 1.563936712e-05 1.8224396626e-05 2.1073836251e-05 2.4185728762e-05 2.7553003747e-05 3.1163184758e-05 3.4998218325e-05 
3.9034370275e-05 4.32422421e-05 4.7586854635e-05 5.2027822676e-05 5.651948959e-05 6.1011192884e-05 6.5447609813e-05 6.9769128459e-05 7.3912342486e-05 
7.7810844232e-05 8.1396145106e-05 8.4599014372e-05 8.7351094407e-05 8.9586908871e-05 9.1246096417e-05 9.2276088253e-05 9.2634574685e-05 9.2292117188e-05 
9.1234425781e-05 8.9464148914e-05 8.7001993961e-05 8.3887032815e-05 8.0176039774e-05 7.5941956311e-05 7.1271388151e-05 6.6261403845e-05 6.1015649408e-05 
5.5640208302e-05 5.0239345001e-05 4.4911506848e-05 3.9745755203e-05 3.4818869608e-05 3.0193383282e-05 2.5916431696e-05 2.201955067e-05 1.8519334844e-05 
1.5418738258e-05 1.2708966096e-05 1.0371662938e-05 8.3812401499e-06 6.7071746344e-06 5.3161243159e-06 4.1737785068e-06 3.2463631214e-06 2.5017934604e-06 
1.9104827516e-06 1.4458348687e-06 1.084475457e-06 8.0627359011e-07 5.9420506204e-07 4.3411540673e-07 3.1441734905e-07 2.2576355718e-07 1.6071619768e-07 
1.1343401951e-07 7.9386943241e-08 5.5104663943e-08 3.7961122246e-08 2.5994401298e-08 1.7759512971e-08 1.2211009093e-08 8.611755753e-09 6.4645524489e-09 
5.4636237756e-09 9.2083922709e-09 1.0799561245e-08 1.4191862796e-08 1.9823062303e-08 2.8394815388e-08 4.09276808e-08 5.8835986749e-08 8.4023405122e-08 
1.1899951602e-07 1.6701734751e-07 2.3223029189e-07 3.1986559179e-07 4.3640963554e-07 5.8979708228e-07 7.8959629946e-07 1.0471763972e-06 1.3758431123e-06 
1.7909281951e-06 2.3098123165e-06 2.9518694191e-06 3.7383119889e-06 4.6919280976e-06 5.8367004385e-06 7.1973104241e-06 8.7985199571e-06 1.0664462934e-05 
1.2817843526e-05 1.5279085346e-05 1.8065464246e-05 2.1190247935e-05 2.4661891075e-05 2.8483313145e-05 3.2651314541e-05 3.7156092731e-05 4.198093302e-05 
4.7102006647e-05 5.2488358051e-05 5.8101919421e-05 6.3897685322e-05 6.9823850936e-05 7.5822041254e-05 8.1827478425e-05 8.7769396487e-05 9.3571215984e-05 
9.915119881e-05 0.00010442312487 0.00010929738346 0.00011368253035 0.00011748723045 0.00012062281166 0.00012300626258 0.0001245635649 0.00012523336045 
0.00012497043645 0.00012374899234 0.00012156544835 0.00011844022083 0.00011441865354 0.00010957050836 0.00010398832819 9.7784475656e-05 9.1087000328e-05 
8.4034705651e-05 7.6771502791e-05 6.9440575317e-05 6.2178747612e-05 5.5111260735e-05 4.8347548727e-05 4.1978048102e-05 3.6072284274e-05 3.0678227631e-05 
2.5822908356e-05 2.1514033506e-05 1.7742448108e-05 1.4485110114e-05 1.1708342754e-05 9.3710641522e-06 7.4278032116e-06 5.8313698901e-06 4.5350343498e-06 
3.4942195271e-06 2.6677003007e-06 2.0183406377e-06 1.5134596651e-06 1.1248847613e-06 8.287842661e-07 6.0534057411e-07 4.3833364316e-07 3.1468334782e-07 
2.2398654664e-07 1.5807775355e-07 1.106282923e-07 7.67928654e-08 5.2907061843e-08 3.6234691692e-08 2.4761478201e-08 1.7030616917e-08 1.2015282103e-08 
9.0230347638e-09 7.6280954886e-09 1.2825248419e-08 1.5030245493e-08 1.9729057499e-08 2.7523519464e-08 3.937739379e-08 5.6690904415e-08 8.1401864804e-08 
1.1611451356e-07 1.6425623528e-07 2.3026190377e-07 3.1978296988e-07 4.3991801135e-07 5.9945676867e-07 8.0912883504e-07 1.0818420151e-06 1.4328973066e-06 
1.8801556507e-06 2.4441421829e-06 3.1480581129e-06 4.0176855691e-06 5.0811599976e-06 6.3685974965e-06 7.9115698099e-06 9.7424235719e-06 1.1893452211e-05 
1.439594871e-05 1.7279153326e-05 2.0569143089e-05 2.4287726774e-05 2.8451338949e-05 3.3070064092e-05 3.8146765291e-05 4.3676369387e-05 4.9645397667e-05 
5.6031592976e-05 6.2803810579e-05 6.9922076364e-05 7.7337637777e-05 8.4993247583e-05 9.2823334853e-05 0.00010075418686 0.00010870418191 0.00011658397852 
0.00012429671187 0.0001317383867 0.00013879865583 0.00014536191884 0.00015130886459 0.00015651916328 0.00016087426047 0.00016426139337 0.0001665778982 
0.00016773605603 0.00016766796762 0.00016633018095 0.00016370770754 0.00015981700562 0.00015470778453 0.00014846300473 0.00014119727712 0.000133053647 
0.00012419851555 0.00011481525144 0.00010509691492 9.5238217909e-05 8.542768046e-05 7.5840158388e-05 6.6630484071e-05 5.7928649767e-05 4.9836438848e-05 
4.2426167056e-05 3.5740984458e-05 2.9796794479e-05 2.4585473511e-05 2.0078832677e-05 1.6233134374e-05 1.2993619748e-05 1.0298786947e-05 8.0842055468e-06 
6.2856806835e-06 4.8417041398e-06 3.6952176288e-06 2.7947212402e-06 2.0948307338e-06 1.5563954321e-06 1.1462865359e-06 8.3695596231e-07 6.058637041e-07 
4.3484175194e-07 3.0944946161e-07 2.1836068242e-07 1.5280339483e-07 1.0606670742e-07 7.307901484e-08 5.0055906087e-08 3.4213041289e-08 2.3537737093e-08 
1.6611913622e-08 1.2479593359e-08 1.0553078411e-08 1.7704712363e-08 2.0733343931e-08 2.7184379192e-08 3.7877882164e-08 5.4125944615e-08 7.7832673639e-08 
1.1162961755e-07 1.5904784334e-07 2.247267048e-07 3.146583083e-07 4.3646423364e-07 5.9969806898e-07 8.1616457237e-07 1.1002412066e-06 1.4691844399e-06 
1.9433987291e-06 2.5466406441e-06 3.3061342037e-06 4.2525612116e-06 5.4199076658e-06 6.8451340667e-06 8.567652003e-06 1.0628608834e-05 1.3069961824e-05 
1.5933379473e-05 1.9258985049e-05 2.3083990527e-05 2.7441265047e-05 3.2357926102e-05 3.7853980757e-05 4.3941094191e-05 5.0621598348e-05 5.7887715229e-05 
6.5720974817e-05 7.409198588e-05 8.2960410509e-05 9.2275076895e-05 0.00010197428492 0.00011198603897 0.00012222841906 0.00013260966807 0.00014302840282 
0.00015337350487 0.000163524237 0.00017335038865 0.00018271279987 0.000191464409 0.00019945196982 0.00020651897648 0.00021250921418 0.00021727156127 
0.00022066553356 0.00022256768716 0.00022287816682 0.0002215270797 0.00021848021424 0.00021374384232 0.00020736773149 0.00019944626547 0.00019011736731 
0.00017955913791 0.00016798397701 0.00015563081251 0.00014275561261 0.00012962051551 0.00011648319196 0.00010358598956 9.1146626801e-05 7.9350713349e-05 
6.8346373155e-05 5.824161417e-05 4.9104070058e-05 4.0963226638e-05 3.3814416383e-05 2.7624208087e-05 2.2336555048e-05 1.7879141524e-05 1.4169422684e-05 
1.1120063391e-05 8.6434647528e-06 6.6553243414e-06 5.0772005125e-06 3.8381485865e-06 2.8755732728e-06 2.1354446744e-06 1.5720324882e-06 1.1473181303e-06 
8.3020853481e-07 5.9565769561e-07 4.2377396881e-07 2.9896898468e-07 2.0918072607e-07 1.4518974467e-07 1.0003454776e-07 6.8524613539e-08 4.684378041e-08 
3.2235242031e-08 2.2757584262e-08 1.7102532723e-08 1.4466023934e-08 2.422425105e-08 2.8347439951e-08 3.712591834e-08 5.1667260692e-08 7.374200095e-08 
1.0591656263e-07 1.5173303325e-07 2.1593680799e-07 3.0475223411e-07 4.2620385443e-07 5.9047852119e-07 8.1031953414e-07 1.1014393522e-06 1.4829313386e-06 
1.977656666e-06 2.6125799195e-06 3.4190109091e-06 4.4327257456e-06 5.693921139e-06 7.2469765655e-06 9.1399797384e-06 1.1424003787e-05 1.4152138647e-05 
1.7378248231e-05 2.1155514332e-05 2.5534811357e-05 3.0562914617e-05 3.628070408e-05 4.2721359932e-05 4.9908747314e-05 5.7855868363e-05 6.6563792643e-05 
7.6020805864e-05 8.6201784143e-05 9.7068194009e-05 0.00010856817971 0.00012063688337 0.00013319701247 0.00014615914552 0.00015942231403 0.00017287391529 
0.00018638987967 0.00019983429229 0.00021305901464 0.00022590367007 0.00023819558555 0.00024975065026 0.00026037511998 0.00026986838202 0.00027802761178 
0.00028465312789 0.00028955558082 0.00029256381094 0.00029353384161 0.00029235711554 0.0002889688476 0.00028335498064 0.00027555748238 0.00026567696477 
0.00025387314963 0.00024036181276 0.00022540871578 0.00020932029292 0.00019243170391 0.00017509266036 0.00015765248099 0.000140444914 0.00012377444364 
0.00010790461238 9.3049740826e-05 7.9369776358e-05 6.6969143518e-05 5.5898897699e-05 4.6161861974e-05 3.7719768443e-05 3.050172927e-05 2.4413027859e-05 
1.9343660824e-05 1.5176018678e-05 1.1791340512e-05 9.0748253569e-06 6.9193397394e-06 5.2278019211e-06 3.9144679249e-06 2.9052871469e-06 2.1375842607e-06 
1.5592700038e-06 1.1277699059e-06 8.0881750364e-07 5.7522373709e-07 4.0570301962e-07 2.8380247841e-07 1.9695943365e-07 1.3569761848e-07 9.2957861852e-08 
6.3554551843e-08 4.374414786e-08 3.0891968095e-08 2.3223382328e-08 1.9648069838e-08 3.2851353637e-08 3.841518037e-08 5.0255533068e-08 6.9855133233e-08 
9.9582095459e-08 1.4286514727e-07 2.0442995208e-07 2.9059771123e-07 4.0964567916e-07 5.7222541727e-07 7.9183246271e-07 1.0853143522e-06 1.4733985836e-06 
1.981215064e-06 2.6387806429e-06 3.4814067931e-06 4.5499828047e-06 5.8910941334e-06 7.5569196269e-06 9.6048615887e-06 1.2096888895e-05 1.5098548829e-05 
1.8677648768e-05 2.2902620913e-05 2.7840620533e-05 3.355539593e-05 4.0105016524e-05 4.7539619118e-05 5.5899126892e-05 6.5211315814e-05 7.5490039308e-05 
8.6733918579e-05 9.8925578641e-05 0.00011203114263 0.0001260003919 0.00014076713705 0.00015624998196 0.00017235304404 0.00018896668917 0.00020596805552 
0.00022322114091 0.00024057646806 0.00025787061895 0.00027492520167 0.00029154593358 0.0003075224231 0.00032262824243 0.00033662232454 0.00034925198997 
0.00036025769077 0.00036937970435 0.00037636663183 0.00038098506047 0.00038303100155 0.00038234097883 0.00037880343734 0.00037236872595 0.00036305713002 
0.00035096498323 0.00033626737422 0.00031921645859 0.00030013645301 0.00027941336157 0.00025748039479 0.0002347996051 0.00021184133948 0.0001890627027 
0.00016688760661 0.00014568906045 0.00012577556481 0.00010738243145 9.0668560006e-05 7.5718380685e-05 6.2548278947e-05 5.1116261602e-05 4.1333569243e-05 
3.3076968975e-05 2.6200699722e-05 2.0547289751e-05 1.5956695279e-05 1.2273554603e-05 9.352478628e-06 7.0615124059e-06 5.2839995988e-06 3.9191622818e-06 
2.8817182738e-06 2.1008270323e-06 1.5186318478e-06 1.0886105883e-06 7.7389063335e-07 5.4563901131e-07 3.8159538462e-07 2.6478318205e-07 1.8241058797e-07 
1.2495880242e-07 8.544176211e-08 5.8820365467e-08 4.1550453744e-08 3.1246063514e-08 2.6441856704e-08 4.4157268064e-08 5.1599041484e-08 6.7428842954e-08 
9.3614133334e-08 1.33294634e-07 1.9101095461e-07 2.7301260275e-07 3.8764622445e-07 5.4582250186e-07 7.6155623674e-07 1.0525694734e-06 1.4409397409e-06 
1.9537699245e-06 2.623841965e-06 3.490217523e-06 4.5987262638e-06 6.0022875914e-06 7.7610111475e-06 9.9420049082e-06 1.2618829714e-05 1.5870584321e-05 
1.9780569346e-05 2.4434528314e-05 2.9918508517e-05 3.63163781e-05 4.3707084842e-05 5.2161816711e-05 6.1741127865e-05 7.2492221079e-05 8.4446488472e-05 
9.76176525e-05 0.00011200023437 0.00012756892829 0.00014427828137 0.00016206318105 0.00018083985196 0.00020050691091 0.00022094673477 0.00024202646455 
0.00026359871845 0.00028550173738 0.00030755868647 0.00032957675285 0.00035134493373 0.00037263301783 0.00039318937343 0.00041274077375 0.00043099283357 
0.00044763274491 0.00046233434114 0.0004747651692 0.00048459670506 0.00049151602434 0.00049523991765 0.0004955289769 0.00049220240908 0.00048515253002 
0.00047435626038 0.0004598859523 0.00044191628695 0.00042072686483 0.00039669976104 0.00037031032844 0.00034211011371 0.00031270392356 0.00028272124473 
0.00025278615067 0.00022348777566 0.0001953534811 0.00016882669297 0.00014425201516 0.0001218683974 0.00010181047401 8.4116793005e-05 6.8743174779e-05 
5.5578959291e-05 4.4464213715e-05 3.5206474422e-05 2.7595831853e-05 2.1417728931e-05 1.6463147404e-05 1.2536048416e-05 9.4582492238e-06 7.0721412158e-06 
5.2415639402e-06 3.8513258005e-06 2.8058127555e-06 2.0270051664e-06 1.4522391893e-06 1.0319095054e-06 7.2727675615e-07 5.0847302191e-07 3.5274825905e-07 
2.4298219614e-07 1.6644938228e-07 1.1382001475e-07 7.8370526069e-08 5.537545178e-08 4.1655511041e-08 3.5258928222e-08 5.8830451621e-08 6.8696685673e-08 
8.9674507819e-08 1.2435189944e-07 1.7685523801e-07 2.5314511731e-07 3.6141440773e-07 5.1258825806e-07 7.209235946e-07 1.0046998113e-06 1.3869859004e-06 
1.8964609581e-06 2.5682538762e-06 3.444754384e-06 4.5763449634e-06 6.0219799707e-06 7.8495413618e-06 1.013588826e-05 1.2966540453e-05 1.6434898498e-05 
2.06409768e-05 2.5689614631e-05 3.168816329e-05 3.8743684854e-05 4.6959779866e-05 5.6433076679e-05 6.7249682616e-05 7.9481593275e-05 9.3183407444e-05 
0.00010838952585 0.00012511191017 0.00014333862055 0.00016303325538 0.00018413524958 0.00020656066772 0.00023020409571 0.00025494032889 0.00028062652564 
0.00030710350256 0.00033419713145 0.0003617182665 0.00038946169661 0.00041720439913 0.00044470265857 0.00047168924357 0.00049787008902 0.00052292260807 
0.00054649449885 0.00056820613099 0.00058765534777 0.00060442427639 0.00061809172621 0.00062824599445 0.00063450238667 0.00063651998062 0.00063402042724 
0.00062680640258 0.00061477808049 0.00059794960544 0.00057646317873 0.000550600118 0.00052078656154 0.00048758857884 0.00045169552322 0.00041389089893 
0.00037501408951 0.00033591722604 0.00029742132756 0.00026027509011 0.00022511847783 0.0001924563112 0.00016264514124 0.00013589322043 0.00011227216601 
9.1736321338e-05 7.4146330007e-05 5.9293601225e-05 4.6923778427e-05 3.6757657654e-05 2.8508773539e-05 2.1897412807e-05 1.6660844267e-05 1.2560109099e-05 
9.3837843451e-06 6.9492566581e-06 5.1021315812e-06 3.7143620375e-06 2.6815800993e-06 1.9200638235e-06 1.3636278027e-06 9.6065866728e-07 6.7141758109e-07 
4.6567890877e-07 3.2072685485e-07 2.1969762543e-07 1.5024095035e-07 1.0346519019e-07 7.312606698e-08 5.5025157764e-08 4.6586176694e-08 7.7688724787e-08 
9.0654786788e-08 1.1821167334e-07 1.6373401479e-07 2.3259777038e-07 3.3255986409e-07 4.7426789251e-07 6.7189824904e-07 9.4391930361e-07 1.3139665498e-06 
1.8118098524e-06 2.4743812901e-06 3.3468168112e-06 4.4834550863e-06 5.9487128965e-06 7.8177608884e-06 1.0176904652e-05 1.3123549252e-05 1.6765687178e-05 
2.1220828785e-05 2.6614254239e-05 3.3076648833e-05 4.0741084376e-05 4.9739403039e-05 6.0198144638e-05 7.2234179243e-05 8.5950210632e-05 0.00010143042164 
0.00011873652693 0.0001379045425 0.00015894229 0.00018182802887 0.00020651027444 0.0002329084964 0.00026091525797 0.00029039863148 0.00032120512333 
0.00035316281719 0.00038608358591 0.00041976463399 0.00045398873044 0.00048852281179 0.00052311521722 0.00055749120656 0.00059134885669 0.00062435294967 
0.00065613177139 0.00068627420114 0.000714329537 0.00073981191963 0.0007622083649 0.00078099005623 0.00079562922474 0.00080561690265 0.00081048381981 
0.00080982159125 0.00080330227502 0.00079070014181 0.00077191262972 0.00074698607204 0.00071614299668 0.00067980750464 0.0006386161549 0.00059340696316 
0.00054518372053 0.00049506383948 0.00044421720668 0.0003938007867 0.00034489249811 0.00029842866934 0.00025515616289 0.00021560594905 0.00018009195628 
0.0001487298432 0.00012146803056 9.8124124634e-05 7.8420904174e-05 6.2019411416e-05 4.8547499318e-05 3.7623412936e-05 2.8874435884e-05 2.1950532755e-05 
1.6533391317e-05 1.2341492038e-05 9.1318115665e-06 6.6990710366e-06 4.8731894822e-06 3.5157158891e-06 2.5157385153e-06 1.7857042849e-06 1.2574375887e-06 
8.7852845354e-07 6.091704563e-07 4.1948911189e-07 2.8733504109e-07 1.9650583738e-07 1.3534797461e-07 9.5684889345e-08 7.2022352526e-08 6.0990650752e-08 
1.0168891151e-07 1.1857990501e-07 1.5446329371e-07 2.1370148318e-07 3.0323792544e-07 4.3308023123e-07 6.1694692022e-07 8.7307506647e-07 1.2251831549e-06 
1.7035698647e-06 2.3463226171e-06 3.2005932553e-06 4.3238787839e-06 5.7852312239e-06 7.6663018262e-06 1.006211005e-05 1.3081417819e-05 1.6846577637e-05 
2.149276952e-05 2.716646668e-05 3.4023170883e-05 4.2224219214e-05 5.1932955103e-05 6.3310064434e-05 7.6508418715e-05 9.1667592642e-05 0.00010890836711 
0.00012832740322 0.00014999261475 0.00017393934831 0.00020016779308 0.00022864191851 0.00025928969262 0.00029200490098 0.0003266503918 0.00036306190304 
0.00040105261724 0.00044041749788 0.00048093669466 0.0005223780754 0.00056449708063 0.00060703547206 0.00064971693791 0.00069224141771 0.00073427788448 
0.0007754561957 0.00081536022481 0.00085352291353 0.00088942371076 0.00092249148292 0.00095211260486 0.00097764364909 0.00099843007047 0.0010138255311 
0.0010232145432 0.0010260301642 0.0010217698291 0.0010100116488 0.00099043641239 0.00096286763437 0.00092733214842 0.00088413170306 0.00083389692008 
0.00077759695705 0.00071649887832 0.00065209384775 0.00058601086494 0.00051991880173 0.00045541668078 0.0003939170274 0.00033655107836 0.0002841167443 
0.00023707632499 0.0001955927728 0.00015958709992 0.0001287998457 0.00010284694145 8.1266989582e-05 6.3559273258e-05 4.9214067985e-05 3.7735993828e-05 
2.8661072065e-05 2.1568135708e-05 1.6085161405e-05 1.1891376744e-05 8.716139746e-06 6.3354959821e-06 4.5673878049e-06 3.2661814657e-06 2.3170905479e-06 
1.6308719069e-06 1.1390220607e-06 7.8959146776e-07 5.4364693369e-07 3.7236031858e-07 2.5466883358e-07 1.754388137e-07 1.2406081851e-07 9.341088969e-08 
7.9121846852e-08 1.3193275095e-07 1.5374500606e-07 2.0006403645e-07 2.7648039236e-07 3.9188529399e-07 5.5907929664e-07 7.9558600419e-07 1.1246662552e-06 
1.5765210719e-06 2.189659881e-06 3.0123978831e-06 4.1044213503e-06 5.5383484323e-06 7.4011827564e-06 9.795535334e-06 1.2840480849e-05 1.6671905541e-05 
2.1442163415e-05 2.7318948923e-05 3.4483244235e-05 4.3126248784e-05 5.3445350204e-05 6.5639062086e-05 7.9901197751e-05 9.6414412837e-05 0.0001153433841 
0.00013682802091 0.00016097715707 0.0001878629846 0.00021751684835 0.0002499265247 0.00028503552312 0.00032274430851 0.0003629134153 0.00040536836605 
0.00044990549213 0.00049629859859 0.00054430530872 0.00059367198264 0.00064413720975 0.0006954325363 0.00074727943866 0.00079938542331 0.00085143465549 
0.00090307812206 0.00095392280491 0.0010035195155 0.0010513555026 0.0010968492134 0.0011393519817 0.0011781579815 0.0012125191279 0.0012416675454 
0.0012648369884 0.0012812812347 0.0012902793242 0.0012911246158 0.0012831093045 0.0012655233731 0.0012377080275 0.0011991849169 0.0011498370441 
0.0010900751222 0.0010209069587 0.00094389275182 0.00086103717331 0.00077466748189 0.0006872935337 0.0006014102255 0.00051926344167 0.00044264475582 
0.00037278121454 0.00031033725827 0.00025549807469 0.00020808805129 0.0001676871907 0.00013372393732 0.00010554441542 8.2460741396e-05 6.3786566898e-05 
4.8862933909e-05 3.7077152228e-05 2.7875494197e-05 2.0770166884e-05 1.5341383914e-05 1.1235513739e-05 8.160375728e-06 5.8787882153e-06 4.2013148231e-06 
2.9788673146e-06 2.095716809e-06 1.4631640397e-06 1.0140429367e-06 6.9808686476e-07 4.7812437742e-07 3.2702865838e-07 2.253288045e-07 1.5938633169e-07 
1.2004952055e-07 1.0171087439e-07 1.6966711769e-07 1.9758942926e-07 2.5685940841e-07 3.5458049297e-07 5.0204016588e-07 7.1547208336e-07 1.0170699625e-06 
1.4362501588e-06 2.0111419872e-06 2.7902779038e-06 3.8344278437e-06 5.2185082495e-06 7.0334649536e-06 9.3879925771e-06 1.2409953342e-05 1.6247302483e-05 
2.1068361093e-05 2.7061210858e-05 3.4432097891e-05 4.3402644224e-05 5.4205873312e-05 6.7081011366e-05 8.2267055404e-05 9.9995442724e-05 0.00012048202188 
0.00014391865989 0.00017046500579 0.00020024091646 0.0002333198936 0.00026972440537 0.00030942339799 0.00035233181552 0.00039831342292 0.00044718559366 
0.000498726964 0.00055268581491 0.0006087893853 0.00066675327253 0.00072628882481 0.00078710704111 0.00084892107407 0.00091144221369 0.00097437400836 
0.0010374011472 0.001100174617 0.0011622970924 0.0012233071029 0.0012826664606 0.0013397546718 0.0013938718475 0.0014442543034 0.001490098075 
0.0015305922134 0.0015649468405 0.0015923986211 0.00161217805 0.0016234167852 0.0016250255285 0.0016155976336 0.0015934543917 0.0015569088282 
0.0015047152992 0.0014365212992 0.0013530948199 0.0012562727788 0.0011487798765 0.0010340756271 0.00091616786085 0.00079924205784 0.00068714149529 
0.00058289256413 0.00048845954007 0.00040476961294 0.00033192086266 0.00026945176069 0.00021657905017 0.00017236650456 0.00013582747488 0.00010598185327 
8.1888494606e-05 6.2665465521e-05 4.7504760005e-05 3.568232205e-05 2.656351171e-05 1.9603867258e-05 1.4345719137e-05 1.0411576113e-05 7.4955078162e-06 
5.3535195548e-06 3.793885071e-06 2.6679956591e-06 1.8621215077e-06 1.290262162e-06 8.8814317678e-07 6.0829245285e-07 4.1610476842e-07 2.8676575425e-07 
2.0290822533e-07 1.528857041e-07 1.2956543571e-07 2.1627714375e-07 2.5171070206e-07 3.2689513318e-07 4.507788276e-07 6.3757005364e-07 9.0768077143e-07 
1.2889822756e-06 1.8183610564e-06 2.5435515454e-06 3.5252044199e-06 4.8391161727e-06 6.578537068e-06 8.8564092948e-06 1.1807394912e-05 1.5589495888e-05 
2.0385008611e-05 2.6400681236e-05 3.3866745071e-05 4.3034680857e-05 5.4173557146e-05 6.7564913479e-05 8.3496051957e-05 0.0001022520737 0.00012410666386 
0.00014931225451 0.00017808971461 0.00021061842563 0.0002470271138 0.00028738647234 0.00033170354436 0.00037991948193 0.0004319101572 0.00048749035341 
0.00054642162286 0.00060842302628 0.00067318324 0.0007403746713 0.00080966588575 0.00088073208462 0.0009532616823 0.00102695846 0.0011015386553 
0.0011767208343 0.0012522126781 0.0013276926475 0.0014027877478 0.0014770559501 0.0015499689616 0.0016209097812 0.0016891850391 0.0017540568952 
0.0018147962401 0.0018707449781 0.001921365154 0.001966226846 0.0020048785955 0.0020365538076 0.0020597453695 0.0020718188025 0.0020689482335 
0.0020466556307 0.0020008932333 0.001929226215 0.001831470523 0.0017096055672 0.0015673924936 0.0014102298301 0.0012449984206 0.0010793267284 
0.00092035694979 0.00077359436546 0.00064234994352 0.0005278539611 0.00042979055434 0.0003469332878 0.00027766104904 0.00022028070816 0.00017318358005 
0.00013489722915 0.00010409078823 7.9567624198e-05 6.0259222664e-05 4.5222426706e-05 3.3637639717e-05 2.4805181965e-05 1.8138691303e-05 1.3155532542e-05 
9.4652095868e-06 6.7567625592e-06 4.786189038e-06 3.364623808e-06 2.3477191462e-06 1.6264680198e-06 1.1194988474e-06 7.6678043115e-07 5.245968282e-07 
3.6162811057e-07 2.5597043418e-07 1.9294346032e-07 1.6356004551e-07 2.7327041607e-07 3.1784600196e-07 4.1239218262e-07 5.6808613635e-07 8.0266067926e-07 
1.14156569e-06 1.6195070884e-06 2.2823517156e-06 3.1893596315e-06 4.4156936383e-06 6.0551105889e-06 8.2227152234e-06 1.1057614756e-05 1.4725272194e-05 
1.9419308956e-05 2.5362498491e-05 3.280668534e-05 4.2031362682e-05 5.3340616432e-05 6.7058404966e-05 8.352198347e-05 0.00010307348566 0.00012605005759 
0.00015277248167 0.00018353310588 0.00021858341643 0.00025812204694 0.00030228370451 0.0003511304094 0.00040464536869 0.00046273029875 0.0005252075498 
0.00059182662517 0.00066227564821 0.00073619681643 0.00081320450408 0.00089290470351 0.0009749129531 0.0010588692967 0.0011444473639 0.001231357106 
0.0013193403138 0.0014081589179 0.0014975765953 0.0015873353695 0.0016771283699 0.00176657876 0.0018552248366 0.0019425271312 0.0020279097371 
0.0021108384244 0.0021909438074 0.0022681695409 0.0023428886198 0.0024158773012 0.0024879910052 0.0025593976025 0.0026284079067 0.0026902740356 
0.0027367162984 0.0027569411322 0.0027402120177 0.0026788581163 0.0025700512342 0.0024155825377 0.0022207756992 0.0019944824744 0.0017493646592 
0.001500408398 0.0012618676992 0.0010444289073 0.00085395248607 0.00069188966881 0.00055665062973 0.00044510877342 0.00035373459104 0.00027923224843 
0.00021877388644 0.00017000526714 0.00013096306066 9.9985692941e-05 7.5648422353e-05 5.6724264141e-05 4.2161718738e-05 3.1069976103e-05 2.2705680749e-05 
1.6458570826e-05 1.1835774785e-05 8.4453658928e-06 5.9802132455e-06 4.202877335e-06 2.9320954127e-06 2.0311367734e-06 1.3980416043e-06 9.5766324648e-07 
6.5532555027e-07 4.5188659215e-07 3.1998862937e-07 2.4130534371e-07 2.0462128703e-07 3.4225067225e-07 3.9784129058e-07 5.1570754067e-07 7.0969213084e-07 
1.0017411114e-06 1.4233173715e-06 2.0172776658e-06 2.8401791496e-06 3.9649821701e-06 5.484065241e-06 7.5124457908e-06 1.0191046385e-05 1.3689804291e-05 
1.821036858e-05 2.3988088287e-05 3.1292995118e-05 4.0429396904e-05 5.1733823057e-05 6.5571031882e-05 8.232795517e-05 0.00010240534903 0.00012620749476 
0.00015412998619 0.00018654593441 0.00022379131406 0.00026615010574 0.0003138394095 0.0003669965372 0.00042566793854 0.00048980192514 0.00055924564367 
0.00063374830643 0.00071297120303 0.00079650367843 0.00088388635777 0.00097463757265 0.0010682805441 0.0011643716134 0.001262517646 0.0013623909326 
0.0014637309359 0.001566337538 0.0016700548586 0.001774747856 0.001880272408 0.0019864437636 0.0020930157043 0.0021996765863 0.0023060885724 
0.0024119899608 0.0025173858739 0.0026228367351 0.0027298156638 0.0028410211671 0.002960392274 0.0030924330931 0.0032404582016 0.0034036932047 
0.0035740251187 0.0037341851275 0.0038594282232 0.0039233099669 0.0039052979555 0.003795983037 0.0035966725554 0.0033154636621 0.0029674740508 
0.0025772398803 0.0021757674403 0.0017928276211 0.0014500003308 0.0011579513084 0.00091781502124 0.00072462542448 0.00057080120314 0.00044860347407 
0.00035137517261 0.00027387173031 0.00021210750856 0.00016304400924 0.00012430119386 9.3951573945e-05 7.039537013e-05 5.2290630265e-05 3.8513535401e-05 
2.8132020816e-05 2.0383413357e-05 1.4652946447e-05 1.045243971e-05 7.3997453001e-06 5.199719908e-06 3.6272624584e-06 2.5127171739e-06 1.7296789565e-06 
1.1850540886e-06 8.1115530293e-07 5.5955320022e-07 3.9641568605e-07 2.9908733268e-07 2.5370712819e-07 4.2487943119e-07 4.9360761523e-07 6.3927734573e-07 
8.7888844291e-07 1.2393724091e-06 1.7593035864e-06 2.4911607852e-06 3.5041089177e-06 4.8872352636e-06 6.7531491368e-06 9.2418022177e-06 1.2524331396e-05 
1.6806661733e-05 2.233257328e-05 2.9385864764e-05 3.8291243982e-05 4.9413509259e-05 6.3154715463e-05 7.9949059e-05 0.00010025517258 0.00012454588432 
0.00015329562302 0.00018696574261 0.00022598789656 0.00027074661921 0.00032156112138 0.00037866766797 0.00044220304699 0.0005121906288 0.00058853055816 
0.00067099480657 0.00075923238182 0.00085278193001 0.00095109635731 0.0010535760084 0.0011596085969 0.0012686121045 0.0013800713932 0.0014935679501 
0.00160879537 0.00172555889 0.001843765378 0.0019633986522 0.0020844864193 0.0022070650011 0.0023311465047 0.0024567036889 0.0025836983696 
0.0027121840976 0.0028425462078 0.0029759211466 0.0031148437411 0.0032640872523 0.0034314803779 0.0036281731445 0.0038674601819 0.004161120858 
0.0045128636993 0.0049102394842 0.0053188754246 0.0056840949692 0.0059426748194 0.0060418150388 0.005955895409 0.0056876358576 0.0052524264902 
0.0046769129112 0.0040099443868 0.0033172403928 0.0026619820856 0.0020880824886 0.0016147835413 0.0012409294723 0.00095330440672 0.00073442113353 
0.00056763086468 0.0004394428106 0.00033989912481 0.00026198904379 0.00020080848481 0.00015283012181 0.00011539483239 8.640440501e-05 6.4152227424e-05 
4.7232984798e-05 3.4491120459e-05 2.4985090931e-05 1.7957612727e-05 1.2808074644e-05 9.0667290351e-06 6.3710149334e-06 4.4445878302e-06 3.0792912185e-06 
2.1201171876e-06 1.4529622376e-06 9.9490011962e-07 6.8661989872e-07 4.8669977559e-07 3.6740831888e-07 3.1178154813e-07 5.2282518936e-07 6.0706179283e-07 
7.8554171523e-07 1.0789666476e-06 1.5201104588e-06 2.1558728349e-06 3.0499854802e-06 4.2863348426e-06 5.9728131419e-06 8.2455817392e-06 1.127356245e-05 
1.5262918168e-05 2.0461204258e-05 2.7160822356e-05 3.5701308661e-05 4.6470111556e-05 5.990120917e-05 7.6471398643e-05 9.6693758678e-05 0.00012110825628 
0.00015026936308 0.00018473099044 0.00022502920183 0.00027166266227 0.00032507212018 0.00038561827387 0.00045356049668 0.00052903493633 0.0006120352773 
0.00070239766501 0.00079979252769 0.00090372766135 0.0010135669727 0.001128564938 0.0012479180004 0.001370827551 0.0014965648297 0.0016245293664 
0.0017542885616 0.0018855963135 0.0020183864981 0.0021527484059 0.0022888896056 0.0024270873982 0.0025676493533 0.0027108793147 0.0028570860159 
0.0030066717882 0.0031603672542 0.0033197212033 0.0034879685845 0.0036713997833 0.0038812181447 0.0041355439462 0.0044605550356 0.0048888800666 
0.0054527958855 0.0061706560664 0.0070282984525 0.0079624494538 0.0088569987565 0.0095619792119 0.0099388808012 0.0099185816944 0.0095197325572 
0.0087861642241 0.007766653318 0.0065586352721 0.0053013693541 0.0041274875402 0.0031242072582 0.0023241725285 0.0017178824637 0.0012731212191 
0.00095147517277 0.00071834330447 0.00054694560822 0.00041845900705 0.00032039440703 0.00024463096634 0.00018578978779 0.00014012541214 0.00010486226529 
7.7834061813e-05 5.729811528e-05 4.1838182369e-05 3.0306697226e-05 2.1782920157e-05 1.5537410945e-05 1.0999973711e-05 7.7306613093e-06 5.3942271734e-06 
3.73820194e-06 2.5746167012e-06 1.7651307189e-06 1.2092174302e-06 8.3498645154e-07 5.9223486915e-07 4.4735369897e-07 3.7978381329e-07 6.3769971348e-07 
7.4005384931e-07 9.5685129509e-07 1.3130921843e-06 1.8483289068e-06 2.619111001e-06 3.7022030028e-06 5.1985171012e-06 7.2376656135e-06 9.9829630926e-06 
1.3636679796e-05 1.8445218302e-05 2.4703862437e-05 3.2760613976e-05 4.3018630095e-05 5.5936729041e-05 7.2027469287e-05 9.185232193e-05 0.00011601367441 
0.00014514359646 0.00017988934997 0.00022089609411 0.00026878673816 0.00032414007001 0.00038746659993 0.00045918251271 0.00053958204808 0.00062880828045 
0.00072682346217 0.0008333834121 0.00094801973319 0.0010700385319 0.0011985431192 0.0013324859319 0.0014707492664 0.0016122480156 0.0017560377019 
0.0019014045829 0.002047926886 0.0021954888944 0.0023442583624 0.0024946334306 0.0026471749879 0.002802537987 0.0029614176601 0.0031245327555 
0.0032926739659 0.0034669027664 0.003649013117 0.0038424630184 0.004054043442 0.0042965826578 0.0045928135514 0.004979936406 0.0055131921545 
0.0062648616731 0.0073135355487 0.0087190903723 0.010483686812 0.012507770211 0.014558851719 0.016281398013 0.017293293029 0.017387585714 
0.016664957628 0.015296902508 0.013379230164 0.011102152057 0.0087544759735 0.0066048516892 0.0048166117631 0.0034372275695 0.0024321654346 
0.001727665076 0.0012434434611 0.0009107029764 0.00067821092671 0.00051130063366 0.00038797836169 0.0002947418543 0.00022326518956 0.00016818717995 
0.00012580479961 9.3371279945e-05 6.8742956501e-05 5.020440949e-05 3.6375400668e-05 2.6151559723e-05 1.8658787667e-05 1.3213910279e-05 9.2897616923e-06 
6.4845630732e-06 4.4956759666e-06 3.0977407732e-06 2.1248683879e-06 1.4564950561e-06 1.006385105e-06 7.143078733e-07 5.3993534266e-07 4.5859476927e-07 
7.7098343354e-07 8.942802765e-07 1.1553577224e-06 1.5841568484e-06 2.2280164558e-06 3.1545621368e-06 4.4555022214e-06 6.2512513068e-06 8.6962663772e-06 
1.1984880075e-05 1.6357396817e-05 2.2106034521e-05 2.9580311093e-05 3.9191287215e-05 5.1414117479e-05 6.6788292315e-05 8.5914987721e-05 0.00010945121903 
0.00013810033852 0.00017259913147 0.00021370153991 0.00026215956314 0.00031870158273 0.00038400827907 0.0004586855066 0.00054323341465 0.00063801021315 
0.00074318947736 0.0008587128832 0.00098424218595 0.0011191200465 0.001262355363 0.001412648824 0.0015684692189 0.001728187548 0.0018902526936 
0.0020533748902 0.0022166804411 0.0023798025213 0.0025428866502 0.0027065214235 0.0028716286179 0.0030393323395 0.003210852854 0.0033874383662 
0.0035703687463 0.0037610868458 0.0039615705609 0.0041751554236 0.0044081751257 0.0046729492024 0.0049927830696 0.0054094730876 0.0059929718263 
0.0068508130498 0.008131492883 0.010012337938 0.012661200017 0.016164917499 0.020423833281 0.025021551177 0.029127987102 0.03163747862 
0.031831435859 0.030129551888 0.02727137506 0.02346332185 0.019060172141 0.014635714702 0.0106993597 0.0075250896625 0.0051565398462 
0.0034920431208 0.0023717582226 0.0016364915064 0.0011563597945 0.00083798129344 0.00062011030968 0.00046519716852 0.00035116920481 0.00026517562219 
0.00019950018032 0.00014917959925 0.00011073773931 8.1559592218e-05 5.9592653997e-05 4.3199375796e-05 3.1073606806e-05 2.2182221073e-05 1.5717521819e-05 
1.1055883988e-05 7.7216946011e-06 5.3564740483e-06 3.6931146496e-06 2.5348879262e-06 1.7387403659e-06 1.2023019735e-06 8.5404212768e-07 6.4604864747e-07 
5.4900021951e-07 9.2393838713e-07 1.0711860341e-06 1.382889991e-06 1.8946126374e-06 2.6625477858e-06 3.7669090034e-06 5.3163726079e-06 7.4534759733e-06 
1.0360826309e-05 1.4267865481e-05 1.9457871531e-05 2.6274774427e-05 3.51291892e-05 4.6503126214e-05 6.0952625063e-05 7.9107718193e-05 0.00010166916763 
0.00012940152374 0.00016312251682 0.00020368915284 0.00025198044023 0.00030887819594 0.00037524555228 0.00045190265519 0.00053959799698 0.0006389717455 
0.00075050734449 0.00087446602993 0.0010108064162 0.0011590932263 0.0013184139971 0.0014873305336 0.0016638977686 0.001845781575 0.0020304857753 
0.0022156587802 0.0023994275834 0.0025806715712 0.0027591635007 0.0029355501756 0.0031111838762 0.0032878832426 0.0034676881041 0.0036526750773 
0.0038448665291 0.0040462808684 0.0042591840029 0.0044867275283 0.0047342916951 0.005012169946 0.0053405412473 0.0057580578141 0.0063354093581 
0.0071942531504 0.008529163897 0.010625202209 0.013857321814 0.018652260303 0.02538639307 0.034170642495 0.044443298131 0.05439029634 
0.060738570988 0.060742616653 0.055843628943 0.049199849367 0.0412357077 0.032569587231 0.024264339358 0.017177352682 0.011673534289 
0.0077069303952 0.0050119264051 0.0032609638292 0.0021560671739 0.0014660647139 0.001030251151 0.00074601836968 0.00055210990831 0.00041366208461 
0.00031124573434 0.00023384930682 0.00017484062118 0.00012984265049 9.5695824712e-05 6.997550372e-05 5.0766273489e-05 3.6545308831e-05 2.6108484235e-05 
1.8513645045e-05 1.3032531569e-05 9.1090550995e-06 6.3236143433e-06 4.3632298912e-06 2.99716271e-06 2.0574782411e-06 1.4239053598e-06 1.0123445691e-06 
7.6643118518e-07 6.5165494334e-07 1.09751727e-06 1.2718586504e-06 1.6408205283e-06 2.2462947982e-06 3.1544452668e-06 4.4596476982e-06 6.2896551754e-06 
8.8118622443e-06 1.2240472643e-05 1.6844291167e-05 2.2954745873e-05 3.097361332e-05 4.1379782488e-05 5.4734508012e-05 7.1684087743e-05 9.2959715403e-05 
0.00011937360978 0.0001518115896 0.00019122194499 0.00023860161309 0.00029498070944 0.00036140566226 0.00043892179383 0.00052855344256 0.00063127593603 
0.00074797507841 0.00087937864009 0.0010259548435 0.0011877720244 0.0013643244747 0.0015543614281 0.0017557606334 0.0019655241631 0.0021799495444 
0.0023950242903 0.0026069795713 0.0028129115235 0.0030112881213 0.0032021866646 0.0033872036729 0.0035690802615 0.003751200391 0.0039371140301 
0.0041302139871 0.0043336031958 0.0045502288267 0.0047833141871 0.0050373645499 0.0053202016279 0.0056470227428 0.0060480632819 0.0065822619945 
0.0073598781601 0.0085765579715 0.010558865033 0.013816243038 0.019087616354 0.027361223474 0.039813637733 0.05750188604 0.08042319864 
0.10533744097 0.12233278155 0.1210809648 0.1057042703 0.08923394233 0.071835003793 0.054562032223 0.039180800319 0.026802556589 
0.017626836896 0.011258685961 0.0070695909671 0.004429614637 0.0028163569514 0.001844920218 0.0012562639313 0.00088881625561 0.00064810190815 
0.00048160733422 0.00036098904093 0.00027088655042 0.00020255368145 0.00015053500829 0.00011105772865 8.1296624558e-05 5.9043741203e-05 4.2549170757e-05 
3.0428960599e-05 2.1598756575e-05 1.5218915905e-05 1.0647197087e-05 7.3981927926e-06 5.1092979447e-06 3.5128155105e-06 2.413666607e-06 1.6719809537e-06 
1.1898562207e-06 9.0162228616e-07 7.6704606045e-07 1.2922674841e-06 1.4969210724e-06 1.9299293399e-06 2.6402422009e-06 3.7051304389e-06 5.2347481869e-06 
7.3780875027e-06 1.0330202713e-05 1.4340432244e-05 1.9721330318e-05 2.6857784178e-05 3.6215758882e-05 4.8349898861e-05 6.3909297751e-05 8.3640486991e-05 
0.00010838721937 0.00013908649271 0.00017676132848 0.00022251070186 0.00027749841684 0.00034294291981 0.00042010875768 0.00051030016039 0.00061485345941 
0.00073511782102 0.00087241077563 0.0010279252892 0.0012025675969 0.0013967126142 0.0016098819906 0.0018403965514 0.0020850906149 0.002339228522 
0.0025967543479 0.0028509628028 0.003095527878 0.0033256756142 0.0035391517449 0.0037366496399 0.0039215567522 0.0040991557762 0.0042755850591 
0.0044569233432 0.0046486016363 0.0048552332446 0.0050808661617 0.0053297099657 0.0056076021865 0.0059248832986 0.0063020549715 0.0067806518637 
0.0074431975372 0.0084476927295 0.01008324232 0.012853566557 0.01759522222 0.025640610605 0.03903901577 0.060809127986 0.095010772347 
0.14585492015 0.21104723215 0.25713133812 0.25114446878 0.20200695097 0.16169461608 0.12291462719 0.088410794735 0.060630604625 
0.039946842939 0.025456288829 0.01580163464 0.0096432613209 0.0058610038832 0.003606839804 0.0022866351064 0.0015122190816 0.0010461248457 
0.0007516304031 0.00055398151744 0.00041372078704 0.00031015471905 0.00023201611475 0.00017261705943 0.0001275180839 9.34757918e-05 6.7982320616e-05 
4.9055495765e-05 3.5126431612e-05 2.4963308533e-05 1.761007843e-05 1.2333798622e-05 8.5793344624e-06 5.9311878431e-06 4.0820559661e-06 2.8076399303e-06 
1.9468832306e-06 1.3869098439e-06 1.051926688e-06 8.9546108484e-07 1.5082391656e-06 1.7464244593e-06 2.2502736101e-06 3.076521125e-06 4.3146924327e-06 
6.0923398451e-06 8.5818783191e-06 1.2008840713e-05 1.6661297195e-05 2.2899977921e-05 3.1168656278e-05 4.2003979615e-05 5.604404214e-05 7.4034775025e-05 
9.6833486168e-05 0.00012540894386 0.00016083809896 0.00020430043514 0.00025707154418 0.00032051905873 0.00039610388922 0.00048538995907 0.00059006159427 
0.00071194180055 0.00085299625061 0.0010152928298 0.0012008774793 0.001411519479 0.0016482924111 0.0019109898712 0.0021974472329 0.0025029331446 
0.002819863148 0.0031381258741 0.0034462229814 0.0037331639323 0.0039907270111 0.004215347115 0.004408926703 0.0045782299712 0.0047331913374 
0.0048848236911 0.0050434553996 0.0052177025937 0.0054142540321 0.0056383693591 0.0058950446546 0.0061910687946 0.0065388027579 0.0069634467363 
0.0075171249919 0.0083053596318 0.0095345415175 0.011592922732 0.015183562413 0.021541118622 0.032798912376 0.052648551762 0.087612777948 
0.14999526739 0.2636449039 0.4484500289 0.55922722816 0.5350830555 0.37525331974 0.28910461068 0.20367948711 0.13616152108 
0.088311485946 0.055927235633 0.034635029733 0.021014969796 0.012557728216 0.007465376053 0.0044834301807 0.0027701002546 0.0017880654195 
0.0012130569667 0.00086019420996 0.00062940688804 0.00046862201998 0.00035113768536 0.00026289152447 0.0001958667126 0.00014493051276 0.00010641740664 
7.7520468039e-05 5.6025379308e-05 4.0176761104e-05 2.8592659874e-05 2.0197354388e-05 1.4163884771e-05 9.864284948e-06 6.827434845e-06 4.7041557991e-06 
3.2390735214e-06 2.2484989586e-06 1.603498049e-06 1.2173850337e-06 1.0369586789e-06 1.7449010556e-06 2.019756721e-06 2.6010698093e-06 3.554076784e-06 
4.9816835599e-06 7.0304399742e-06 9.8983373391e-06 1.384420284e-05 1.9198390873e-05 2.6374282243e-05 3.5879977077e-05 4.8329431593e-05 6.4452069637e-05 
8.5100116848e-05 0.00011125291348 0.00014401812223 0.00018463029119 0.00023444912222 0.0002949606569 0.00036778688082 0.0004547094577 0.00055771227926 
0.00067904347088 0.00082128524082 0.00098740623798 0.0011807454284 0.0014048554003 0.0016631158069 0.0019580365624 0.0022902279161 0.0026571217459 
0.003051725449 0.0034618661739 0.0038705102634 0.0042576417327 0.0046037430875 0.0048941555433 0.0051228781231 0.0052941581234 0.0054211346433 
0.0055222711526 0.0056171859615 0.0057233404368 0.0058542913757 0.0060195103288 0.0062253894284 0.0064771110192 0.006781484466 0.0071515925229 
0.0076153692789 0.0082321548834 0.0091242482886 0.010534966365 0.012931530364 0.01718390733 0.024881849065 0.038938313723 0.064901858568 
0.11472135782 0.22110195458 0.4855696559 1.0704694986 1.2566380501 1.1728308201 0.6179459691 0.50703567266 0.31754153967 
0.1932002306 0.11808692664 0.072273939848 0.043867692351 0.026253024116 0.015498344786 0.00909186434 0.0053751501255 0.0032626376487 
0.0020690299571 0.0013829561649 0.00097071484197 0.00070636195596 0.00052486272762 0.00039333477616 0.00029485538835 0.00022006580548 0.00016314690583 
0.00012002133008 8.7591244665e-05 6.3414685428e-05 4.5551303629e-05 3.246846245e-05 2.2969166821e-05 1.6130237782e-05 1.1248593182e-05 7.7953345681e-06 
5.3774815569e-06 3.7069846712e-06 2.5762335554e-06 1.8392510128e-06 1.397750907e-06 1.1913462004e-06 2.0010716071e-06 2.3155616873e-06 2.9805994473e-06 
4.0706090658e-06 5.7029578784e-06 8.0447434812e-06 1.1321617421e-05 1.5828441974e-05 2.1941365048e-05 3.0130826417e-05 4.0974737203e-05 5.5171032727e-05 
7.3548617365e-05 9.7075957456e-05 0.00012686674017 0.00016418307496 0.00021043799643 0.00026720095775 0.00033621262992 0.00041941806558 0.00051902857376 
0.00063762057107 0.00077827437781 0.00094473728677 0.0011415705085 0.0013741989387 0.001648740028 0.001971446909 0.002347595524 0.0027797308285 
0.0032653452363 0.0037944163196 0.0043476074934 0.0048962743022 0.0054053836502 0.0058397678658 0.0061726276763 0.0063933166675 0.0065106572583 
0.0065498910844 0.0065451445989 0.0065311528742 0.0065371985547 0.0065843458287 0.0066855996847 0.0068479585461 0.0070755244233 0.0073733944446 
0.007753143087 0.008242117241 0.0089009646326 0.0098571097478 0.011366965249 0.013927633874 0.018474141136 0.026736082509 0.041945982724 
0.070641160011 0.12984210253 0.28612700105 0.83100903034 0.74402570724 0.75340175629 0.69742923975 0.62789559364 0.94895774126 
0.43537676334 0.23701420426 0.13990947604 0.084921687841 0.0515123941 0.030820667744 0.018152190372 0.010593372397 0.0062121148221 
0.0037316000089 0.0023403086234 0.0015492825769 0.0010803086916 0.00078351504635 0.0005817587371 0.00043634272879 0.00032764181378 0.00024502852466 
0.00018203520449 0.00013419421157 9.8129508842e-05 7.1178597864e-05 5.1219627494e-05 3.6570330849e-05 2.5911975172e-05 1.822394006e-05 1.2726428395e-05 
8.8310798674e-06 6.0995494096e-06 4.2097449295e-06 2.9290047223e-06 2.0934242002e-06 1.5924730405e-06 1.3581610574e-06 2.2748731681e-06 2.6316897674e-06 
3.386146318e-06 4.6224927246e-06 6.4735763772e-06 9.1284937298e-06 1.284254995e-05 1.7949265384e-05 2.487398524e-05 3.4148539271e-05 4.6426095651e-05 
6.2495382736e-05 8.3293241914e-05 0.00010991497402 0.0001436220773 0.00018584911595 0.00023821248033 0.00030252803117 0.00038084757398 0.00047552981414 
0.00058936193818 0.00072574894875 0.00088897719979 0.0010845352663 0.0013194346102 0.001602405333 0.0019437697483 0.0023547015153 0.0028455466963 
0.0034229573794 0.0040858429857 0.0048206872307 0.0055975466967 0.0063688107766 0.0070732217282 0.0076467795298 0.0080393506214 0.0082311723381 
0.0082401586697 0.0081148808822 0.0079183392227 0.0077116019093 0.0075431130826 0.0074448618107 0.0074337841943 0.007516015321 0.0076921642758 
0.0079627996311 0.0083347670734 0.0088305035606 0.0095047336072 0.010475898162 0.011984212324 0.01449442748 0.018871497363 0.026677675545 
0.040688291192 0.06586907059 0.11176720262 0.19970993698 0.36790341139 0.45242682099 0.4629047215 0.44078910351 0.43321743608 
0.47780969739 0.33370375633 0.21999707818 0.1431491375 0.091564677656 0.057078111917 0.034584317356 0.020450294018 0.011921723373 
0.0069627361372 0.0041587976739 0.0025925911032 0.0017076965887 0.0011870678281 0.00086002243916 0.00063889479497 0.00047991413157 0.00036107655615 
0.00027062240406 0.0002014934289 0.00014885887504 0.00010907813703 7.9275720054e-05 5.715219595e-05 4.0877450374e-05 2.9011273e-05 2.043495806e-05 
1.4290880245e-05 9.9299286376e-06 6.8671101872e-06 4.7451176215e-06 3.3052506296e-06 2.3648908609e-06 1.8006840037e-06 1.5366562138e-06 2.5637125418e-06 
2.9651785098e-06 3.8139760363e-06 5.2047598729e-06 7.2867806011e-06 1.0272471627e-05 1.4448638467e-05 2.018993473e-05 2.7974185286e-05 3.8398829929e-05 
5.2197752666e-05 7.0257403422e-05 9.3631497293e-05 0.00012355357467 0.00016144815891 0.00020894294721 0.00026788737159 0.00034038847662 0.00042887998279 
0.00053624849534 0.00066604471067 0.00082280905917 0.0010125273839 0.0012432049261 0.0015254855389 0.0018731376622 0.0023031090386 0.0028346700128 
0.0034870603122 0.0042750667781 0.0052022882737 0.0062526050024 0.0073817111552 0.0085122389719 0.0095377145335 0.010340518318 0.010824443772 
0.010951002128 0.010756888427 0.010336812586 0.0098074814305 0.0092753013596 0.0088186562061 0.008484155871 0.008291666396 0.0082430252805 
0.0083310315385 0.0085473693907 0.0088898828253 0.0093713365495 0.010033670813 0.010974155739 0.012392860837 0.014674169943 0.01851782389 
0.025136083364 0.036529399455 0.055825330317 0.087568707764 0.13755975664 0.20832592249 0.26762714982 0.28592133522 0.28891089559 
0.2968237102 0.30551898479 0.25980088115 0.20163451135 0.14560252428 0.098497070372 0.06296043098 0.038438621908 0.022700322792 
0.013168353587 0.0076474468224 0.0045455070212 0.0028239265084 0.0018567213556 0.0012902696617 0.00093558500521 0.00069613789674 0.00052396318642 
0.00039508330519 0.00029677510611 0.00022145661933 0.00016396013962 0.00012039241847 8.7671054644e-05 6.3322368078e-05 4.5369924919e-05 3.2252406527e-05 
2.2752616132e-05 1.5934245312e-05 1.1086362974e-05 7.6762235039e-06 5.3102871789e-06 3.7029376472e-06 2.6521404379e-06 2.0211923584e-06 1.7257916625e-06 
2.8642923553e-06 3.3122651075e-06 4.2593578655e-06 5.811131814e-06 8.1340494944e-06 1.1465078387e-05 1.6124202375e-05 2.2529522539e-05 3.121442569e-05 
4.2846138967e-05 5.8244702814e-05 7.8401564679e-05 0.00010449677211 0.0001379148016 0.00018026043836 0.00023337856692 0.00029938682565 0.00038073715405 
0.00048032999621 0.00060171837686 0.00074944476364 0.00092956062872 0.0011503644055 0.001423358568 0.0017643477768 0.0021944562905 0.0027406332083 
0.0034349255729 0.0043115336448 0.0054005100392 0.0067172474228 0.0082477387041 0.0099315131083 0.011647406034 0.013212376274 0.014407791197 
0.015042834915 0.015038154088 0.014471513219 0.013532422483 0.012438764796 0.011373668909 0.010459475219 0.0097591383383 0.0092906029895 
0.0090440753847 0.0089970976114 0.0091259237379 0.0094139222056 0.0098593104631 0.010486005805 0.011362766847 0.012637509964 0.014594438486 
0.017739798874 0.022914081812 0.031407732517 0.045007806271 0.065789029002 0.095243252814 0.13195627928 0.16664588451 0.18836078048 
0.20608049631 0.22686517239 0.24521331489 0.24172288179 0.21513839066 0.16569595039 0.11411321163 0.072561055422 0.04364214465 
0.025329630822 0.014464893378 0.0083016753197 0.0048992396332 0.0030350990128 0.0019961018115 0.0013897584286 0.0010101930238 0.00075352413114 
0.00056851486443 0.00042966197361 0.00032346707303 0.00024189466785 0.00017946510343 0.00013204122661 9.6337374998e-05 6.9707457442e-05 5.0029499107e-05 
3.5621051211e-05 2.5165909392e-05 1.7648204448e-05 1.2294173757e-05 8.5223018687e-06 5.9018757383e-06 4.1195653466e-06 2.9532750432e-06 2.2524766337e-06 
1.9242256712e-06 3.1726576708e-06 3.6684430142e-06 4.7166363402e-06 6.4341179495e-06 9.0052426458e-06 1.2692536984e-05 1.7850659788e-05 2.4943270546e-05 
3.4562290239e-05 4.7448782425e-05 6.4514570113e-05 8.6863714387e-05 0.00011581301078 0.00015291218006 0.00019996607443 0.00025906495284 0.00033263588557 
0.00042353826575 0.00053523824317 0.00067211478017 0.00083996501053 0.0010467843385 0.001303892117 0.0016274342779 0.002040207386 0.002573557198 
0.0032688160427 0.0041772820987 0.0053572393954 0.0068660476245 0.0087451795116 0.010996489786 0.013549740426 0.016226572916 0.018718291074 
0.020613482222 0.021517913789 0.021255498752 0.020001241937 0.018148517236 0.016108231619 0.014189340174 0.012571530417 0.011327615939 
0.010459706187 0.0099318223074 0.0096938563511 0.0096970805898 0.0099034253508 0.010291666724 0.010864282958 0.011659320444 0.012772178277 
0.014391623437 0.016851322725 0.020689602941 0.026692876592 0.035868544132 0.049251552671 0.067422315478 0.089730232954 0.11380986869 
0.13800352812 0.1670705229 0.20542833209 0.25064972043 0.28810146451 0.28922355175 0.22001105547 0.14487609267 0.087856546044 
0.050659298897 0.028398083523 0.015794727951 0.0089073469862 0.0052099558525 0.0032215877436 0.0021240855567 0.0014849877916 0.0010837587761 
0.00081110297469 0.00061363202985 0.00046485289931 0.00035071303137 0.00026280389284 0.00019535930187 0.00014400521468 0.00010525439575 7.6288444689e-05 
5.4839460063e-05 3.9103204472e-05 2.7663498258e-05 1.9423821868e-05 1.3546464288e-05 9.4001034086e-06 6.5159370024e-06 4.5521560423e-06 3.2660018405e-06 
2.4926780497e-06 2.1303105768e-06 3.48427875e-06 4.0285544856e-06 5.1793495004e-06 7.0651753958e-06 9.8888140201e-06 1.393920229e-05 1.9606961359e-05 
2.740322816e-05 3.7981269998e-05 5.2160074119e-05 7.0949077781e-05 9.5573224826e-05 0.00012749774032 0.00016845407663 0.00022047029051 0.00028591501177 
0.00036757299677 0.00046878319699 0.00059368921211 0.00074767472688 0.00093807990197 0.0011753118597 0.0014744660584 0.0018575502327 0.0023563175928 
0.0030155212153 0.0038960294332 0.0050766267814 0.0066525083967 0.0087274946272 0.011395803653 0.01470772922 0.018612507731 0.022876344621 
0.026997342706 0.030195394531 0.031618312001 0.030837357044 0.028281543404 0.024803252891 0.021182166412 0.017920320854 0.015252946876 
0.013233503327 0.011815573089 0.010910053737 0.010419595987 0.010257183574 0.01035475079 0.010666616261 0.011171787977 0.011878997087 
0.012838023715 0.014160072431 0.016047403216 0.018826887012 0.022972861305 0.029094384983 0.037859976292 0.049866624177 0.065584614873 
0.085776105523 0.11300051212 0.15367168188 0.21657577157 0.30848047137 0.41972282529 0.48483917117 0.32255321741 0.19019164145 
0.10643459111 0.05793402344 0.03116316162 0.016852736473 0.0093507068232 0.0054380996153 0.0033703364898 0.002236569766 0.0015747722937 
0.0011560173007 0.00086887646466 0.00065937353065 0.00050070759607 0.00037854292896 0.00028419445152 0.00021163890779 0.00015627224639 0.00011440600065 
8.3048282249e-05 5.9783687902e-05 4.2684616346e-05 3.0233379221e-05 2.1251335056e-05 1.483552569e-05 1.0303666386e-05 7.1479189501e-06 4.9972368288e-06 
3.5876205402e-06 2.7395933557e-06 2.3420843718e-06 3.7941615574e-06 4.3869204092e-06 5.6403905546e-06 7.694920896e-06 1.077210618e-05 1.5187940335e-05 
2.1370089598e-05 2.9878909118e-05 4.1431710997e-05 5.6929562561e-05 7.748574717e-05 0.0001044552846 0.00013946532272 0.00018444829038 0.00024168295204 
0.00031385550392 0.00040416486445 0.00051651347894 0.00065585091943 0.00082876585657 0.0010444556829 0.0013162252726 0.0016636878718 0.0021158468444 
0.0027152022813 0.0035228820052 0.0046244575642 0.0061354110949 0.0082041900605 0.011009166017 0.014742938802 0.019571460783 0.025545125827 
0.032432481647 0.039477970451 0.045215427876 0.04772457853 0.04583689943 0.040725886822 0.034315299243 0.028068674728 0.022739319131 
0.018559863791 0.015483262017 0.013347740285 0.011965349317 0.011162897572 0.010797990486 0.010762808844 0.010982287116 0.011410843581 
0.012030977756 0.012856340036 0.013941310346 0.01539767161 0.0174164325 0.020289875567 0.024428736418 0.030380759388 0.038896284997 
0.051175694913 0.069572851062 0.099117048085 0.1499902457 0.24064397812 0.40118134022 0.66957348585 1.005785346 0.45651832223 
0.22876621783 0.11812140793 0.061429802328 0.032166730613 0.017148053274 0.0094772651792 0.0055383695289 0.0034690678585 0.0023305488285 
0.0016585123958 0.0012269356521 0.00092692009639 0.00070581567707 0.00053728022613 0.00040698726662 0.00030607721419 0.000228300647 0.00016883024364 
0.00012377562234 8.9968925749e-05 6.4844738517e-05 4.6349614422e-05 3.2862164517e-05 2.3119755497e-05 1.61525968e-05 1.1226162314e-05 7.7925797086e-06 
5.4507936511e-06 3.9150031625e-06 2.9906652799e-06 2.5572701361e-06 4.0969866859e-06 4.7374924179e-06 6.0921979639e-06 8.3133809312e-06 1.1641664969e-05 
1.6420564862e-05 2.3115659133e-05 3.2338055462e-05 4.4871761929e-05 6.1704231484e-05 8.4059429355e-05 0.00011343297228 0.00015162964701 0.00020080588001 
0.00026352421264 0.00034283587593 0.00044242283911 0.00056685431628 0.00072204420576 0.00091603311012 0.0011602470186 0.0014714191202 0.0018743857509 
0.0024060383439 0.003120791167 0.0040979739279 0.0054514599033 0.0073414128274 0.0099871149287 0.013677873649 0.018774310127 0.025679647923 
0.034729834646 0.045904967934 0.058259375393 0.069168612361 0.074196398258 0.069718234241 0.05938360095 0.047645930201 0.037110667676 
0.02870564349 0.022449603304 0.018013602123 0.015001724474 0.013058720157 0.011898717843 0.011304922402 0.011120349169 0.011236522347 
0.01158303488 0.012119735591 0.012833203189 0.013738899492 0.014889972284 0.016393244267 0.018433099613 0.021307425573 0.025492263958 
0.031783588231 0.041630752385 0.057893041521 0.086438313127 0.13942691684 0.24277292192 0.4599263072 0.99668049812 0.64808869362 
0.36941081285 0.20199978352 0.1081559062 0.057354476303 0.030469385907 0.016481010243 0.0092635685578 0.0055192150176 0.0035264366306 
0.0024108730722 0.001738451072 0.0012974597048 0.00098561844788 0.00075311458204 0.00057463312987 0.00043606603867 0.0003284503764 0.00024533056421 
0.00018165873189 0.00013334007235 9.7027281299e-05 7.0001209679e-05 5.0079412176e-05 3.553404531e-05 2.5016219297e-05 1.7487489458e-05 1.2159702237e-05 
8.443884326e-06 5.9082167354e-06 4.2445703912e-06 3.2429766179e-06 2.773272854e-06 4.3872673814e-06 5.0740331972e-06 6.5269700826e-06 8.9102641141e-06 
1.2483613318e-05 1.7618300262e-05 2.4818455131e-05 3.4747336031e-05 4.8258221796e-05 6.6429536673e-05 9.0603534773e-05 0.00012242860976 0.00016390581732 
0.00021744340484 0.00028592839953 0.00037283671554 0.00048242340563 0.00062006508233 0.00079286738764 0.001010683598 0.0012877098052 0.0016448297538 
0.0021129141096 0.0027373977937 0.0035847530235 0.0047519113868 0.0063803163357 0.0086769396439 0.01194450818 0.016621379182 0.023326633498 
0.032889295369 0.046279519796 0.064225509763 0.086136430502 0.10796362907 0.11963389814 0.10826698691 0.0868556723 0.065555714071 
0.048306044191 0.035600844771 0.026699224487 0.020655654371 0.016664909199 0.014120737091 0.012587108649 0.011757014319 0.01141823642 
0.011427409947 0.011690472253 0.012148394249 0.012768218294 0.013539861888 0.014479668811 0.015642171726 0.017142947763 0.019198996946 
0.022201916203 0.026858605444 0.034472171217 0.047493509948 0.070517472923 0.11177697033 0.18438960612 0.30253258348 0.44959539175 
0.37078267336 0.2494956553 0.1523206532 0.088205590844 0.049586888403 0.027573199943 0.015477711335 0.0089745316654 0.0054910504259 
0.0035872105509 0.0024951198138 0.0018212625291 0.0013700363925 0.001045830315 0.00080154871102 0.00061283708783 0.00046577624744 0.00035128495074 
0.00026269126101 0.00019471897394 0.00014306275989 0.00010419035243 7.5224561442e-05 5.3850089898e-05 3.8229540223e-05 2.6925243219e-05 1.8828170141e-05 
1.3095072973e-05 9.0948660727e-06 6.3642437453e-06 4.5722658797e-06 3.493242275e-06 2.9871825973e-06 4.6595191634e-06 5.3903017943e-06 6.9368952609e-06 
9.4752404038e-06 1.3283983208e-05 1.8762199034e-05 2.6452993552e-05 3.7072957639e-05 5.1547245675e-05 7.1050119004e-05 9.7050702607e-05 0.00013136430061 
0.00017621053848 0.00023428353597 0.00030884644366 0.00040387938498 0.0005243383348 0.00067662500078 0.00086941203335 0.0011149947532 0.001431318 
0.0018447639886 0.0023937532678 0.0031333332881 0.0041413679719 0.0055280327797 0.0074528143741 0.010157065466 0.014022325166 0.019661201164 
0.028044288978 0.040663681924 0.059652883559 0.087538681924 0.12587808073 0.17109380662 0.20316827297 0.17050921917 0.12517285347 
0.087578035891 0.060747981071 0.04268860817 0.030820982531 0.023112921044 0.018165374175 0.015055439435 0.013177093118 0.012129596435 
0.01164714992 0.011554467492 0.011737237684 0.012121806853 0.012661785819 0.013330957852 0.01412300393 0.015059498139 0.016209304333 
0.01772508584 0.019907623529 0.023317428306 0.028966868296 0.038633938879 0.055284440517 0.08329539746 0.12725967169 0.18631973863 
0.23813305795 0.22028777003 0.1692596972 0.11622611433 0.074032403529 0.044785302132 0.026272987947 0.015300480649 0.0090858116746 
0.0056444057263 0.0037258723751 0.002611661097 0.0019174519693 0.0014484178973 0.001108817989 0.00085148547078 0.00065194821218 0.00049607269466 
0.00037450852687 0.00028030879912 0.00020794424927 0.00015288620489 0.00011141024152 8.0475721916e-05 5.7630437368e-05 4.092414747e-05 2.8827929782e-05 
2.0160276108e-05 1.4021517927e-05 9.7375213954e-06 6.8129047577e-06 4.8935471568e-06 3.7378201796e-06 3.1957927149e-06 4.9084264901e-06 5.6802409745e-06 
7.314362847e-06 9.9982098618e-06 1.4029057638e-05 1.9833556507e-05 2.7993954063e-05 3.9281156205e-05 5.4694719438e-05 7.5509982707e-05 0.00010333258979 
0.00014016115165 0.00018846076273 0.00025125409593 0.00033224828076 0.00043604025268 0.0005684850621 0.00073737249477 0.00095361133572 0.0012331288308 
0.0015995942522 0.0020878845826 0.0027479445562 0.0036484482698 0.0048796511255 0.0065565989353 0.0088310912251 0.011934963986 0.016285492107 
0.02266516909 0.032470718026 0.048083074391 0.073353745043 0.11392895132 0.17709995806 0.26983585954 0.37768140435 0.2661485076 
0.17140129209 0.10982123762 0.07185985893 0.048526287079 0.034052100033 0.024988967925 0.019298167899 0.015758141875 0.013617299497 
0.012400220148 0.011800654233 0.011620204896 0.011730496772 0.012048268691 0.012518882751 0.013106619008 0.013791684061 0.014575107023 
0.015494306572 0.016654299572 0.018282493576 0.02081871219 0.025053983554 0.032319035381 0.044648610055 0.064550600946 0.093292489648 
0.12929718196 0.15989394486 0.16371300817 0.144728899 0.11103749275 0.076466560364 0.04859501496 0.029245002195 0.017141873017 
0.010104596615 0.0061867982149 0.0040244855918 0.002791936975 0.0020386753604 0.0015367406886 0.0011759287445 0.00090326537611 0.00069195998367 
0.00052684271941 0.00039798862417 0.00029806085513 0.00022123045346 0.0001627256861 0.00011861962412 8.5702136857e-05 6.1379992985e-05 4.3587162509e-05 
3.0701245123e-05 2.1466739781e-05 1.4926507902e-05 1.0362708053e-05 7.2474986155e-06 5.2033915381e-06 3.9727324292e-06 3.3956241623e-06 5.1290080592e-06 
5.9381545725e-06 7.652178283e-06 1.046955731e-05 1.470566076e-05 2.081423554e-05 2.9416532925e-05 4.1338484152e-05 5.7656470744e-05 7.9752418969e-05 
0.00010937915795 0.00014873786131 0.00020057175425 0.00026828687987 0.00035612823558 0.00046947813826 0.00061540910974 0.00080371741205 0.0010487418622 
0.001372278668 0.0018077510176 0.0024054155219 0.0032375804149 0.0044008991681 0.0060098008253 0.0081759560853 0.010988090187 0.014554521069 
0.019204115495 0.025857312605 0.036436527967 0.054420717061 0.085628323257 0.13876853883 0.22745467722 0.39293029904 0.83881777525 
0.37940892577 0.20536124706 0.12222097814 0.077230446041 0.051216334105 0.035560175776 0.025907183066 0.019888585433 0.016147773713 
0.013872253709 0.01255668886 0.011878984049 0.01163174957 0.011681087315 0.011939819902 0.012349673547 0.01287026424 0.013474510051 
0.014151437208 0.0149191292 0.015853080899 0.017138639465 0.019160443917 0.02264357917 0.028847046196 0.039677366614 0.05647289753 
0.07349293679 0.10213043541 0.13220618665 0.15191121399 0.17232559621 0.14491066337 0.10230683535 0.064915433526 0.038413599133 
0.021873647347 0.012404360808 0.0072718532756 0.0045441994444 0.0030595727731 0.0021937536076 0.0016381111927 0.0012481053127 0.00095703254919 
0.00073274091119 0.00055787945166 0.00042151863454 0.00031576689798 0.00023442985548 0.0001724644535 0.0001257283875 9.0835470473e-05 6.5047650423e-05 
4.6180797654e-05 3.2517578802e-05 2.272756501e-05 1.5795669242e-05 1.0960134205e-05 7.6606174844e-06 5.4963329603e-06 4.1937109927e-06 3.5829793887e-06 
5.3167636906e-06 6.158868473e-06 7.9437440945e-06 1.0880356967e-05 1.5301413441e-05 2.168696119e-05 3.0696726753e-05 4.3211999582e-05 6.0388141719e-05 
8.3719300164e-05 0.0001151173492 0.00015700851509 0.00021245481912 0.00028531887801 0.0003805187298 0.00050448015099 0.00066600355785 0.00087791058468 
0.0011600018479 0.0015439609997 0.0020808528643 0.0028515120503 0.0039781415835 0.0056285466999 0.0079901451245 0.011182378046 0.015122049488 
0.019509609789 0.024253748357 0.030390944332 0.040730562061 0.06041142717 0.097629003227 0.16118623316 0.24710206687 0.31632578373 
0.40029409528 0.27567979693 0.17547290027 0.11193027347 0.073265902698 0.049616355449 0.03493911773 0.025711599737 0.019875558093 
0.01620288007 0.013938459568 0.01260431949 0.01189218089 0.011601922102 0.011603489518 0.011811551638 0.012168241665 0.012632112019 
0.013173007406 0.013773878105 0.014442669228 0.015240829438 0.016340566799 0.018131522462 0.021406948566 0.027636647224 0.038743060082 
0.049583833665 0.0075195566751 0.0036834594794 0.0047953971662 0.012753369287 0.19064722955 0.21173527837 0.15405160189 0.095281273127 
0.054368864745 0.029691049829 0.016045717523 0.0089189875871 0.0052921315655 0.0034175924957 0.0023839999922 0.0017529802863 0.0013253422221 
0.0010125598637 0.00077397952555 0.00058886391344 0.00044481072109 0.00033318504575 0.00024734836188 0.00018195183657 0.00013262235734 9.5790768682e-05 
6.8571142037e-05 4.8659963795e-05 3.4244611015e-05 2.3919821615e-05 1.6612848412e-05 1.151844117e-05 8.0442314356e-06 5.7665542954e-06 4.3962786549e-06 
3.7540135054e-06 5.4677984735e-06 6.3378638515e-06 8.1832158685e-06 1.1222573448e-05 1.5804947907e-05 2.2435524443e-05 3.1811519875e-05 4.4869357225e-05 
6.2845065258e-05 8.7350570539e-05 0.00012046975462 0.0001648805337 0.00022401590832 0.00030229613185 0.00040550960694 0.00054151815129 0.00072163355071 
0.00096327858046 0.0012949144002 0.0017647885252 0.0024559574667 0.0035107128788 0.0051639429294 0.007765954826 0.011728341691 0.017276437953 
0.023973414674 0.030412031338 0.035066559911 0.039132189006 0.04741005972 0.068371102214 0.11655402184 0.21163195372 0.34871926904 
0.29341346025 0.25611564517 0.1912894994 0.13369603455 0.091916516423 0.063629828393 0.044923651963 0.032641742378 0.024599080905 
0.019356798381 0.015978587791 0.013851201162 0.012568661943 0.011860967614 0.011549161747 0.011515156366 0.011680386029 0.011990630068 
0.012405957095 0.012895881198 0.013440998271 0.014044784009 0.014763595536 0.015771053731 0.017487006262 0.020822776482 0.027618793771 
0.041244868189 0.065163753927 0.082410953939 0.010908168741 0.013049107976 0.011675493792 0.016095910221 0.23245340586 0.21788582206 
0.13590972126 0.075206749141 0.039615951478 0.020570416003 0.010931330733 0.0061900117435 0.0038369738031 0.002599238418 0.001877823961 
0.0014062750852 0.0010691306088 0.00081515609054 0.00061936216662 0.0004674984375 0.00035001494689 0.00025974804885 0.00019100497593 0.00013916452008 
0.00010046736861 7.1877693699e-05 5.0972801546e-05 3.584580918e-05 2.5018001907e-05 1.7360365746e-05 1.2025428987e-05 8.3898630692e-06 6.0080151343e-06 
4.575861567e-06 3.904838195e-06 5.5789319049e-06 6.4714008658e-06 8.3656477727e-06 1.1489218195e-05 1.6206102373e-05 2.3045011403e-05 3.2739066228e-05 
4.62788812e-05 6.4982057665e-05 9.0583504061e-05 0.00012535319547 0.00017225276679 0.00023515417706 0.00031917580054 0.00043126210221 0.00058128155069 
0.00078418193152 0.0010641992558 0.001462962362 0.0020551378839 0.002978869481 0.0044929548167 0.0070690712892 0.011486377567 0.018773369491 
0.029658583924 0.043245438486 0.055520884693 0.059639140964 0.057665418833 0.058936458081 0.076628521085 0.13479180634 0.29405137897 
0.75727510452 0.33450737596 0.20052948594 0.13789580762 0.099005706608 0.07198240608 0.052718013525 0.039071813226 0.029542289674 
0.022985264659 0.018542550504 0.015588753857 0.013676882721 0.012491811067 0.011814697646 0.011496115476 0.01143524982 0.011563644744 
0.011832903139 0.01220624987 0.012654437684 0.013157575391 0.013716824353 0.014384840615 0.015333376825 0.016993777826 0.020334998146 
0.027389334515 0.042200852185 0.072275288403 0.1284531951 0.21666057408 0.35193970799 0.31679201126 0.030368298292 0.036637164652 
0.25068718195 0.17430339754 0.095617696643 0.049220178276 0.024917911738 0.012871676125 0.007067526225 0.0042548975907 0.0028173904866 
0.0020050783642 0.0014881923562 0.0011255631689 0.00085556489648 0.00064884359017 0.00048915093066 0.00036590822856 0.00027135480195 0.00019941444043 
0.00014519892284 0.00010475167801 7.4886083894e-05 5.3062060033e-05 3.7281362893e-05 2.5994733733e-05 1.8019562049e-05 1.2468409295e-05 8.688843991e-06 
6.2146450546e-06 4.7279340833e-06 4.0316463128e-06 5.6477792896e-06 6.556606877e-06 8.4870980572e-06 1.1674500456e-05 1.6496109311e-05 2.3502050681e-05 
3.3459014958e-05 4.7409870604e-05 6.6753585998e-05 9.3352442491e-05 0.00012967748626 0.00017901226238 0.00024575571297 0.00033591483952 0.00045798372594 
0.00062461203197 0.00085584423505 0.0011854461627 0.0016735462705 0.0024331179447 0.0036874774378 0.0058913282119 0.0099531067535 0.017532793805 
0.031144607812 0.053335379809 0.084073834121 0.11542659253 0.11521426588 0.096095941961 0.078644819558 0.078047350049 0.10742371529 
0.18158656359 0.29063138366 0.19933184981 0.13349716365 0.095690459013 0.072229251266 0.055625520647 0.043068021536 0.033531602472 
0.026440890506 0.02130260691 0.017671089619 0.015169001184 0.013496006839 0.01242416352 0.011787103489 0.011467235163 0.011383041739 
0.011477669701 0.011709590442 0.012045976706 0.012459523976 0.012930432335 0.013457308523 0.014085467905 0.014970106073 0.016508059576 
0.019597804174 0.026123249903 0.039796076715 0.067494481802 0.12089299411 0.21620252728 0.36439350247 0.49462249875 0.51330709457 
0.52324235439 0.36358261108 0.20764698088 0.10920214653 0.055300585926 0.027700396255 0.014176378027 0.0077076354064 0.0045918584801 
0.0030105989426 0.0021252240986 0.0015677207848 0.001180436695 0.00089439511066 0.00067671627039 0.00050929439021 0.00038048403803 0.00028187016142 
0.00020695306011 0.00015055722906 0.00010852188279 7.7509888797e-05 5.4867487052e-05 3.8509835576e-05 2.6821862775e-05 1.857148709e-05 1.283470101e-05 
8.9326549642e-06 6.3805873651e-06 4.848205208e-06 4.1308721848e-06 5.672809948e-06 6.5915505729e-06 8.544728189e-06 1.1773954611e-05 1.6667800082e-05 
2.3795088055e-05 3.3952859667e-05 4.8233039706e-05 6.811413914e-05 9.5588591648e-05 0.00013334346295 0.00018502783496 0.00025567528792 0.00035242273589 
0.00048581248848 0.00067222403595 0.00093845458468 0.001330510946 0.0019315641839 0.0029021706432 0.0045757060871 0.0076785143465 0.013781306334 
0.026045128703 0.050036918372 0.093966014683 0.16843175888 0.28003585339 0.24117904902 0.17084482312 0.11411818117 0.084985435009 
0.083657227457 0.105670847 0.13205088675 0.11001861095 0.084451511502 0.06637301296 0.053707245737 0.043843049556 0.035721275955 
0.029092526063 0.023861819878 0.019879760221 0.0169441998 0.014843238518 0.013385837898 0.012415323406 0.011811434291 0.01148607675 
0.011376297101 0.011436679401 0.011632618494 0.011935349554 0.012319665402 0.012765852734 0.013269057497 0.013863014989 0.014672225341 
0.01601879485 0.018627665937 0.023991195485 0.034952137619 0.056491393596 0.09642251581 0.16481545568 0.26900351048 0.39837118983 
0.54860031605 0.94399631023 0.43176198006 0.2160885334 0.10949061811 0.055101267993 0.027782348916 0.01439926587 0.007942003198 
0.0047867354006 0.0031573812012 0.002230763901 0.0016420542961 0.0012324517593 0.00093083758838 0.00070236634929 0.00052743370179 0.0003933457192 
0.00029098478262 0.00021338682564 0.00015506715863 0.00011165416072 7.9661927884e-05 5.6328808569e-05 3.9490230847e-05 2.747187682e-05 1.8997872758e-05 
1.3112262423e-05 9.1133451861e-06 6.5004760472e-06 4.9328218665e-06 4.1993544073e-06 5.6533931456e-06 6.5752892624e-06 8.5368847067e-06 1.178459388e-05 
1.6715830498e-05 2.3914750273e-05 3.4204498661e-05 4.8721252824e-05 6.9018977229e-05 9.7220217867e-05 0.00013624029816 0.00019013795827 0.00026469846489 
0.0003684584226 0.00051456142683 0.00072411692236 0.001032212982 0.0014989293413 0.0022316097748 0.0034369018395 0.0055529554375 0.0095778787509 
0.01780972071 0.035302497447 0.072448439896 0.15061630309 0.32757812738 0.82995027304 0.52447146177 0.29573094845 0.1647362262 
0.099548153579 0.074391700327 0.07121424377 0.074254736304 0.067183829844 0.057564593852 0.049313593656 0.042419109493 0.036292865872 
0.030789349228 0.02601322718 0.02205549553 0.018911089748 0.016499184072 0.014704474248 0.01340854913 0.012507120147 0.011916426942 
0.01157299988 0.011429945007 0.011451989412 0.011610746384 0.011881168932 0.012240025215 0.012667657807 0.013155441731 0.013723881915 
0.014461087063 0.015599059872 0.017654651776 0.021666247398 0.029537746683 0.044420145452 0.070856720209 0.11403436959 0.17709559202 
0.25637504458 0.34149292111 0.42270877957 0.28074645996 0.1630127728 0.08906903863 0.047197077423 0.024887558073 0.013480955735 
0.0077541405335 0.0048332302831 0.00325470604 0.0023199624848 0.0017100158148 0.001280696597 0.00096414220752 0.000725171878 0.00054306298262 
0.00040409347275 0.00029839162016 0.00021848629694 0.0001585616701 0.00011402960081 8.1259320723e-05 5.7389319409e-05 4.0184397221e-05 2.7919502827e-05 
1.9282198991e-05 1.329038605e-05 9.223980669e-06 6.5697417995e-06 4.9785794545e-06 4.234514563e-06 5.5898126448e-06 6.5079161686e-06 8.4631774371e-06 
1.170503856e-05 1.663693547e-05 2.3854312531e-05 3.4200998925e-05 4.8850703024e-05 6.9425666879e-05 9.8173528386e-05 0.00013824274356 0.00019413468544 
0.00027248676633 0.0003834758827 0.00054333504522 0.00077872362453 0.0011340134079 0.0016834896524 0.0025544799864 0.0039815674536 0.0064508854412 
0.01107819099 0.020513134077 0.04088493064 0.085601851344 0.18149903417 0.37046727538 0.67570060492 0.98822087049 0.42341682315 
0.20282313228 0.10968746245 0.071720942855 0.058384340256 0.054045151919 0.049881614745 0.045291632414 0.040780745447 0.036369852722 
0.032043229789 0.027939906344 0.024244241416 0.02107824944 0.018476523459 0.016408415511 0.014809495769 0.013606095687 0.012729802169 
0.0121237766 0.011743615381 0.011555239558 0.011531608179 0.011649437249 0.011886760592 0.012222071178 0.012635896914 0.013116484508 
0.013672580011 0.014359181747 0.015326285735 0.016904817894 0.019742676988 0.024984143674 0.034426756203 0.050471711904 0.075525969267 
0.11046526581 0.15221525729 0.19160173833 0.20999518037 0.16235645115 0.10618747771 0.063540667295 0.03633595258 0.020581346005 
0.011954360642 0.0073242578655 0.0047899405472 0.0033201158512 0.0023971181363 0.0017719530733 0.0013245258015 0.00099354237318 0.00074447010411 
0.00055565912044 0.0004123300896 0.000303796347 0.00022203763365 0.00016088833218 0.0001155415739 8.2228820247e-05 5.7999615819e-05 4.0559596528e-05 
2.8143404052e-05 1.9410774257e-05 1.3360408957e-05 9.2591126304e-06 6.5849144448e-06 4.9831382967e-06 4.2345227484e-06 5.4832703427e-06 6.3905658862e-06 
8.3245295173e-06 1.1535660633e-05 1.6430221876e-05 2.3610213248e-05 3.3933512896e-05 4.860244735e-05 6.929619849e-05 9.837502148e-05 0.00013921086793 
0.00019675194926 0.00027852942003 0.00039647947415 0.00057016301434 0.00083211506717 0.0012360318797 0.0018686907133 0.002869251417 0.0044717639685 
0.0071214153431 0.011786850169 0.02069504559 0.038785219193 0.075988464057 0.14900499582 0.27409595251 0.42473995686 0.47079521418 
0.29349699616 0.16650758684 0.098392315209 0.066585548222 0.053196441382 0.047520138323 0.043920516968 0.040619637817 0.037228230387 
0.033701576293 0.030142027885 0.026722056791 0.023600338027 0.020874334499 0.018576398492 0.016692148522 0.015182407573 0.014000232331 
0.013101048768 0.012447090819 0.012008002028 0.011759320274 0.011680188589 0.011751102284 0.011952389963 0.012263905257 0.012666580267 
0.013146718033 0.013704638928 0.01437059883 0.015232870355 0.016484424472 0.018492355943 0.021880576387 0.027581434697 0.036751400679 
0.050383754075 0.068468272686 0.088768966496 0.10570548475 0.11000477523 0.091522440314 0.065548986197 0.042880184948 0.026775466278 
0.016562536359 0.010465541855 0.0068857274018 0.0047356244177 0.0033774487674 0.0024678977206 0.0018281632802 0.001363001531 0.001018052455 
0.00075948721496 0.00056466343813 0.00041766301729 0.00030692614382 0.00022385234479 0.00016191786563 0.00011610237561 8.2511760411e-05 5.812109157e-05 
4.0590879507e-05 2.81277662e-05 1.937378147e-05 1.3316358491e-05 9.2151794888e-06 6.5438839556e-06 4.9451996347e-06 4.1984399104e-06 5.3358699006e-06 
6.2254212025e-06 8.1232137745e-06 1.127869109e-05 1.6097423213e-05 2.3182632503e-05 3.3398388041e-05 4.7964353143e-05 6.8600558734e-05 9.7757285403e-05 
0.00013899858459 0.00019767583581 0.00028215002385 0.0004060107749 0.00059193652123 0.00087785022333 0.0013255575905 0.0020312233828 0.0031377652194 
0.0048572863452 0.0075367814861 0.011848248541 0.01923189871 0.032670654356 0.057497281581 0.10078022629 0.16506078839 0.22966101766 
0.23739165068 0.1762342155 0.11728144437 0.079713813961 0.060014296323 0.050670966506 0.045947510749 0.042665649205 0.039593696594 
0.036408897489 0.033117055893 0.02983805351 0.026713956147 0.023857897148 0.021334446967 0.019163472578 0.017334524542 0.015821836889 
0.014595315792 0.013626698405 0.012891817838 0.012370481156 0.012045131996 0.011899177916 0.01191555988 0.012075983919 0.012361178175 
0.01275254041 0.013235562481 0.013805674389 0.014477500692 0.015299310908 0.01637500152 0.017894217744 0.020164029673 0.023617586121 
0.02874756977 0.035889301449 0.044802971184 0.054130010307 0.061037365347 0.061669938266 0.053574729711 0.041302397847 0.029456738383 
0.020174186677 0.01368215587 0.0093884710222 0.0065841875039 0.0047197621316 0.0034399940632 0.0025337159168 0.0018770345487 0.0013942833757 
0.0010362704052 0.00076927995542 0.00056947080884 0.00041971015162 0.00030753924511 0.00022377674759 0.00016155208868 0.00011564936722 8.2068472693e-05 
5.7728982938e-05 4.0263133997e-05 2.7863656214e-05 1.9166152924e-05 1.3155517991e-05 9.0908533821e-06 6.4461132752e-06 4.8646411415e-06 4.1263228923e-06 
5.1505721785e-06 6.0156776271e-06 7.8628636402e-06 1.0938296327e-05 1.5643128791e-05 2.2575984985e-05 3.2598269172e-05 4.6933448175e-05 6.7321459937e-05 
9.6268828202e-05 0.00013747479534 0.00019659097597 0.00028261126135 0.00041038697236 0.00060493673664 0.00090808764799 0.0013871134724 0.0021432859357 
0.0033171130344 0.0050912010483 0.0077083217911 0.011552647687 0.017361262813 0.026564029977 0.041464496404 0.064392372966 0.094373501837 
0.12106467038 0.12489900738 0.1048463881 0.081450939178 0.064758464694 0.055337641388 0.050300035626 0.046882539988 0.043725579977 
0.040472574532 0.037137120962 0.033810079098 0.030589699745 0.027564650401 0.024800118059 0.022331144661 0.020166344941 0.018297353759 
0.0167082306 0.015381718986 0.014302090742 0.013455595821 0.012829615735 0.012411412783 0.012187015265 0.012140506878 0.012253969908 
0.012508302927 0.012885091826 0.013369632885 0.013955052011 0.014647482894 0.015472368337 0.0164822191 0.017765529454 0.019453473389 
0.021713521332 0.024707566947 0.028484970331 0.032798193395 0.036894697696 0.039455998689 0.038973025978 0.034818571061 0.028516445309 
0.021976215765 0.01635415107 0.01199318748 0.0087763573974 0.0064422427677 0.0047457488254 0.0035037682392 0.0025893424172 0.0019142912934 
0.0014154309174 0.0010463509243 0.00077275244985 0.00056945282267 0.00041811811388 0.00030543928733 0.00022170209559 0.00015973110567 0.00011414985784 
8.0881625763e-05 5.6814642448e-05 3.9572576497e-05 2.7349929951e-05 1.8788117814e-05 1.2878759662e-05 8.8872484412e-06 6.2927597355e-06 4.7425965022e-06 
4.0192762754e-06 4.9311279327e-06 5.7654856391e-06 7.548420399e-06 1.052058542e-05 1.5074894691e-05 2.1799311071e-05 3.1543040677e-05 4.551818347e-05 
6.5459622419e-05 9.3886992545e-05 0.00013455509907 0.00019326040638 0.00027931359364 0.00040818282287 0.00060595374089 0.00091601570603 0.0014072577469 
0.0021807558369 0.0033696345054 0.0051284534857 0.0076198605821 0.011027507484 0.015635928139 0.021971020848 0.03083415702 0.042825996876 
0.056961871684 0.06899407506 0.072766341269 0.068241596222 0.06165888533 0.057120099664 0.05498797819 0.053443532437 0.050686601549 
0.046878404915 0.04279422015 0.038900110871 0.035314422101 0.032020881772 0.028996041045 0.026234339923 0.023737121373 0.021503478289 
0.019529208541 0.017809070647 0.016338402405 0.015113097616 0.014128506184 0.013378127478 0.012852595188 0.012539180927 0.012421856634 
0.012481957674 0.012699608691 0.013055901043 0.013535790145 0.014131294563 0.014844339341 0.015688553452 0.016689404845 0.017882408574 
0.019308373332 0.021002678201 0.02297141403 0.025145422667 0.027312053367 0.029053645208 0.029768718407 0.028878156096 0.026235081255 
0.022429272532 0.018290817738 0.0144349318 0.011150347069 0.0084912311286 0.0063993525691 0.0047830417752 0.003551450558 0.0026243992615 
0.0019336926052 0.0014227785869 0.0010462164646 0.0007687760517 0.00056402385235 0.00041259959107 0.00030049518682 0.00021757576906 0.00015643944789 
0.00011160479335 7.8958379163e-05 5.5386815802e-05 3.8527516153e-05 2.6593736038e-05 1.8245493266e-05 1.2490694644e-05 8.6079835455e-06 6.0867023421e-06 
4.5814535952e-06 3.8794478314e-06 4.6819841373e-06 5.4798488236e-06 7.186044968e-06 1.0033529179e-05 1.4403241948e-05 2.0866425984e-05 3.0250401323e-05 
4.3740070396e-05 6.3038336521e-05 9.06297646e-05 0.00013023316569 0.00018760710373 0.00027200451586 0.00039874832146 0.00059350329684 0.00089853745885 
0.001380071626 0.0021334011108 0.0032797968015 0.0049496633001 0.0072548673488 0.010269885883 0.014052448794 0.0187093243 0.024429252371 
0.031309433281 0.038872852921 0.045650720596 0.049910120666 0.051909264177 0.053871463984 0.057383045554 0.061774093658 0.063792914152 
0.060113482177 0.053524076939 0.046999976039 0.041650805622 0.037402842194 0.033878888935 0.030790727586 0.027992928401 0.025430131704 
0.023088127375 0.020968953148 0.019080871716 0.017433829606 0.016036307439 0.014892853796 0.014002552256 0.01335846819 0.012947976589 
0.012753707357 0.012755037285 0.012930124067 0.013258460909 0.013723822311 0.014316979796 0.015037340112 0.015892405063 0.016894156113 
0.018052203581 0.019364187494 0.020804192871 0.022309282795 0.023763667792 0.024982972071 0.025710990652 0.025655919686 0.024593332782 
0.022516723722 0.019710937515 0.016591995955 0.013523365371 0.010737174191 0.0083430623636 0.0063674668781 0.0047888834961 0.0035610024352 
0.002626972273 0.001928663929 0.0014127269387 0.0010339597939 0.00075639411807 0.00055274512852 0.0004029837728 0.00029266579077 0.00021141246543 
0.00015171125415 0.00010805080819 7.6331227319e-05 5.347187107e-05 3.714835475e-05 2.5610392186e-05 1.7549571567e-05 1.1999567505e-05 8.2590931925e-06 
5.8324567362e-06 4.3847871893e-06 3.7099584915e-06 4.4081589294e-06 5.1644951782e-06 6.7829550972e-06 9.4867782536e-06 1.3641418263e-05 1.9795686967e-05 
2.8745758755e-05 4.1634026275e-05 6.0105161538e-05 8.6561398348e-05 0.00012459642312 0.00017975564697 0.000260883593 0.00038246146869 0.00056840857724 
0.00085753982421 0.0013097777264 0.0020100446418 0.0030642778147 0.0045820497908 0.0066468007863 0.0092881703749 0.012481438927 0.016186833382 
0.020395906642 0.025106938556 0.030196044594 0.0353525877 0.040438808501 0.046257026494 0.054584346712 0.066840641201 0.081391736865 
0.089964963496 0.08140258491 0.066745012999 0.054221551865 0.045626349747 0.039980936795 0.035980187356 0.032765872777 0.029920926318 
0.02728705667 0.024825200438 0.022543843836 0.020467881113 0.018624920398 0.017038153484 0.015722412616 0.014682548121 0.01391356159 
0.01340199355 0.013127966784 0.013067595661 0.013195706531 0.013488792814 0.013928052038 0.014501906931 0.015207057819 0.01604689844 
0.017026351765 0.018143001944 0.019375769421 0.020673515275 0.021946683526 0.023064725101 0.023861881346 0.024154961109 0.023778796196 
0.022641003132 0.020779086277 0.018374342471 0.015687037259 0.012972002849 0.01042597089 0.0081726899371 0.0062701855786 0.0047260313295 
0.0035136819351 0.0025873417035 0.0018941075541 0.0013826517388 0.0010083040688 0.00073505565524 0.00053543946706 0.000389270921 0.00028202324756 
0.00020330349798 0.0001456328464 0.0001035604073 7.3057242844e-05 5.1112958317e-05 3.5466830013e-05 2.4422790375e-05 1.6716656319e-05 1.1416911548e-05 
7.8487728388e-06 5.5359923863e-06 4.1572066038e-06 3.5147779727e-06 4.11508654e-06 4.8257015806e-06 6.347217095e-06 8.8913666332e-06 1.2805006918e-05 
1.8609429389e-05 2.7061403671e-05 3.9247166569e-05 5.6729961216e-05 8.1788835814e-05 0.00011781798821 0.00017001116066 0.000246543088 0.00036056642421 
0.00053338188445 0.00079889514018 0.0012085832423 0.001834456576 0.0027655148879 0.004093141295 0.0058857887052 0.0081636561081 0.010892837308 
0.014012422413 0.017481755465 0.021311355755 0.02556986548 0.030464701355 0.0366826877 0.046020071954 0.061809163541 0.087950602174 
0.1234588474 0.14832609892 0.12466094643 0.090352222323 0.065416254103 0.050869770348 0.04286858812 0.038115851581 0.034729935229 
0.031853597611 0.029170585796 0.026602741331 0.024163944647 0.02189842239 0.019854692742 0.018073374406 0.016581378877 0.015390122309 
0.01449649781 0.013885543682 0.013533810154 0.013412855566 0.013492723927 0.013745335862 0.014147646725 0.014684092253 0.015347424895 
0.016136858612 0.017052637413 0.018086936325 0.019212398678 0.020371265709 0.021469153464 0.022377286106 0.022945575416 0.023026421666 
0.022506903857 0.021343275905 0.019585730508 0.017376398668 0.014913524501 0.012402688153 0.01001799386 0.0078817633912 0.0060606212355 
0.0045724641532 0.0033991404343 0.002500644885 0.0018278015777 0.0013316384284 0.00096898467746 0.00070480571594 0.00051228149096 0.00037167142727 
0.00026876811171 0.000193420492 0.00013834207493 9.823981236e-05 6.9215762778e-05 4.8368001444e-05 3.3524458559e-05 2.3060269086e-05 1.5767260265e-05 
1.0756994925e-05 7.3869973676e-06 5.2044520089e-06 3.9041497075e-06 3.2985424241e-06 3.808452675e-06 4.4700896069e-06 5.8874657043e-06 8.2593205661e-06 
1.1911328329e-05 1.7333029973e-05 2.5234974601e-05 3.663611642e-05 5.2999777836e-05 7.6450654888e-05 0.00011013052426 0.00015879212879 0.00022979339701 
0.00033472618088 0.00049193011364 0.00072994839866 0.0010913256556 0.0016348887002 0.0024332322646 0.0035620706622 0.0050815776922 0.0070171402767 
0.0093534197658 0.012052714825 0.015093876049 0.018517866731 0.022494185716 0.027506353334 0.034853354096 0.047665577382 0.0723605901 
0.11907213181 0.19258503616 0.2521930337 0.19482272863 0.12348382175 0.078883178532 0.056272100657 0.045464925468 0.03993582353 
0.036438517272 0.033595532179 0.03091705218 0.02828402631 0.025716958568 0.02328165248 0.021050367504 0.019084010273 0.017423888668 
0.016089424491 0.015079916455 0.014378627762 0.013957679272 0.013782853261 0.013817961328 0.014028734528 0.014386185445 0.014869043604 
0.015464573167 0.016166921705 0.016972208396 0.017870239913 0.018833957613 0.019809292629 0.020709529519 0.021418273449 0.021803356707 
0.021740512922 0.021142022684 0.01998251304 0.018312834203 0.01625431329 0.013973245397 0.011646048166 0.0094278343022 0.0074322507717 
0.0057243215851 0.004324129317 0.0032173036598 0.0023680191953 0.0017310508993 0.0012608324178 0.00091692747083 0.00066637055716 0.00048383368994 
0.00035061748349 0.00025322931469 0.00018201109197 0.0001300231379 9.2224137916e-05 6.4904568717e-05 4.5306795073e-05 3.1370440411e-05 2.1557118089e-05 
1.4725063011e-05 1.0036107597e-05 6.8850263233e-06 4.8458132369e-06 3.6316271235e-06 3.0663438793e-06 3.4940042042e-06 4.1044049794e-06 5.4126062423e-06 
7.603209724e-06 1.0978725186e-05 1.5993744455e-05 2.3307475203e-05 3.3863449062e-05 4.901203647e-05 7.0702983066e-05 0.00010179441597 0.00014655495761 
0.00021147819643 0.00030657250318 0.00044729185174 0.00065712886862 0.00097044371068 0.001434262027 0.0021068421192 0.0030507661868 0.0043205381371 
0.0059493817389 0.0079442411661 0.010296772234 0.013010778464 0.016145534813 0.019904153422 0.024875262752 0.03265767917 0.047234710306 
0.077527806163 0.14008696377 0.24822674692 0.3432302475 0.25173956156 0.14669011533 0.08671143651 0.058869633824 0.046652119607 
0.04094966501 0.037602305412 0.034926015884 0.032339762896 0.029709907249 0.027070095763 0.024509286508 0.022125056013 0.020001038909 
0.018195591867 0.016738288105 0.015632038936 0.014858575538 0.014385044575 0.014170306735 0.014170420356 0.01434324868 0.014652223326 
0.01506893523 0.015574092977 0.016156177968 0.01680742763 0.017516979948 0.018261887133 0.018997950479 0.01965396665 0.020133437589 
0.020326256752 0.020129470155 0.01947212033 0.018336579204 0.016768733039 0.014872370288 0.012789043598 0.010670327581 0.0086514819413 
0.006833200343 0.0052740857936 0.0039929384366 0.0029775670264 0.0021962421015 0.0016084978124 0.0011733289575 0.00085417850642 0.00062110979343 
0.00045101283467 0.00032673840178 0.00023584636801 0.00016938585031 0.00012089673692 8.5670239059e-05 6.0234626289e-05 4.2007290176e-05 2.9059046938e-05 
1.9950777641e-05 1.3615708667e-05 9.2717391453e-06 6.3548504841e-06 4.4685007197e-06 3.3459373299e-06 2.8234919682e-06 3.1773581668e-06 3.7352854179e-06 
4.9314830903e-06 6.9356447057e-06 1.002578756e-05 1.4619422473e-05 2.1321113309e-05 3.0993873224e-05 4.4867538236e-05 6.4706182457e-05 9.3071379524e-05 
0.00013373944967 0.00019235821674 0.00027745479019 0.00040189892752 0.00058482622262 0.00085373426555 0.0012459398713 0.0018080051523 0.002591696335 
0.0036463465076 0.0050102751702 0.0067065493204 0.0087480461225 0.0111537911 0.013981458731 0.017405631021 0.021929478273 0.028894560412 
0.041484121233 0.066199317575 0.11334772408 0.18796892464 0.24945165217 0.19422850013 0.12417003512 0.079073771834 0.056133490056 
0.045685909688 0.040839422494 0.038005068898 0.035654775798 0.0332624726 0.030721634626 0.028086425737 0.025467511266 0.022986602038 
0.020751124248 0.018839104101 0.017292974517 0.016121223569 0.015304883942 0.014805838466 0.014574752189 0.014557941817 0.014703188092 
0.014964489266 0.015305412002 0.015700288117 0.016132926568 0.016593070701 0.01707100682 0.017550455406 0.018000748008 0.018370810896 
0.018588753417 0.018569946289 0.018233478069 0.017522925511 0.016424570233 0.014976326376 0.01326366514 0.011403705925 0.0095227658749 
0.007734451443 0.0061239334755 0.0047410782427 0.0036019566469 0.0026961022522 0.0019961844664 0.0014672285179 0.0010736564873 0.00078360713087 
0.00057084689615 0.00041499265353 0.00030080453143 0.00021713552997 0.0001558973745 0.00011120672571 7.874781295e-05 5.5324169807e-05 3.8551512262e-05 
2.664683052e-05 1.8279970391e-05 1.246552165e-05 8.4817265815e-06 5.8086206991e-06 4.0809959501e-06 3.0533863082e-06 2.5752808597e-06 2.863823056e-06 
3.3690380405e-06 4.4525704652e-06 6.2688045546e-06 9.0705807452e-06 1.3237262465e-05 1.9317185433e-05 2.8090689739e-05 4.0664366679e-05 5.8614230511e-05 
8.4206534666e-05 0.00012073995458 0.00017307091912 0.00024839793332 0.00035737169674 0.00051552895457 0.00074486416997 0.0010750358924 0.0015433530789 
0.0021926383488 0.0030667481478 0.004205074627 0.005638810806 0.0073918867856 0.0094885509461 0.011972800829 0.014961084351 0.018782978877 
0.024295987561 0.033419266343 0.049642201513 0.077332958579 0.11634553969 0.14722257853 0.13092018664 0.10116331279 0.071422070265 
0.052805699408 0.043904479593 0.039935164154 0.037680860609 0.035718630999 0.033585011959 0.031208144501 0.02865909785 0.026061758399 
0.023555574939 0.021270008758 0.019304424524 0.01771710813 0.016524687409 0.015708863735 0.015225983225 0.015016484074 0.015013378114 
0.015150166117 0.015368236229 0.015622590668 0.015883810818 0.0161355827 0.016369773075 0.016581252217 0.016762603074 0.016898209229 
0.016958551481 0.016897697002 0.016657406464 0.01617882587 0.01541899424 0.014366376214 0.013049339876 0.011534117162 0.0099128857255 
0.0082861110568 0.0067448480986 0.0053577115759 0.0041649574414 0.0031794172246 0.0023922268301 0.0017806274118 0.0013154763728 0.00096702144947 
0.00070847553434 0.00051762751536 0.00037706934381 0.00027365173446 0.00019764705212 0.00014191486116 0.00010120461229 7.1629692684e-05 5.0292226661e-05 
3.5021337681e-05 2.4189832402e-05 1.6582793251e-05 1.1300251572e-05 7.6834239735e-06 5.2580953707e-06 3.6914643715e-06 2.7600119665e-06 2.3267625693e-06 
2.55823511e-06 3.0114363199e-06 3.983680017e-06 5.6139915614e-06 8.1299531303e-06 1.187268299e-05 1.7334288714e-05 2.5212766559e-05 3.6492889194e-05 
5.2566887462e-05 7.5417148764e-05 0.00010789382213 0.00015413227084 0.00022016334697 0.0003147610696 0.00045052502537 0.00064507999923 0.0009220825159 
0.0013115108013 0.0018486548215 0.0025715513621 0.0035173962824 0.0047192731872 0.006204769481 0.0079979570583 0.010128443129 0.012660250068 
0.015770586208 0.019923558459 0.026158414781 0.036355517805 0.05289882049 0.076442413032 0.10125340521 0.1159170717 0.12052418292 
0.084065556526 0.056413792074 0.043822783977 0.039107322693 0.03698213771 0.035275537521 0.033365506679 0.031169364229 0.028757750988 
0.026250198483 0.023789638653 0.021520650014 0.019563350827 0.017994457856 0.016841793433 0.016089573503 0.015688030049 0.015563409775 
0.015627834946 0.01579089649 0.015973597765 0.016121141613 0.016207469627 0.016228236258 0.016189049929 0.016096774489 0.015955453739 
0.015763668343 0.015510898083 0.015174243599 0.01471914351 0.014106478542 0.013304888271 0.012303718366 0.011121232994 0.0098046064377 
0.0084217516705 0.0070480778813 0.0057527120225 0.0045880950056 0.0035850147251 0.0027530475054 0.002084833337 0.00156205846 0.0011612956878 
0.00085852993652 0.00063199200667 0.00046346825548 0.00033852172783 0.00024610338733 0.00017792113067 0.00012779895042 9.1134344984e-05 6.4482279413e-05 
4.5252687414e-05 3.1494571886e-05 2.1740985176e-05 1.489504757e-05 1.0143979125e-05 6.8929834924e-06 4.7141652431e-06 3.3074306884e-06 2.471354037e-06 
2.0825593765e-06 2.2648205231e-06 2.667552053e-06 3.5317204947e-06 4.9812574616e-06 7.2189427556e-06 1.0548405953e-05 1.540681842e-05 2.2412250473e-05 
3.2432257285e-05 4.6684472181e-05 6.6885986598e-05 9.5476265415e-05 0.0001359465241 0.00019331376825 0.00027477100957 0.00039051281055 0.00055466301274 
0.0007861109334 0.0011089263717 0.0015519635053 0.0021473991219 0.0029283405747 0.0039260867052 0.0051678707823 0.0066760662012 0.0084711778909 
0.010585828684 0.013108083978 0.016292372718 0.020804157481 0.028166232631 0.041302260011 0.064636014402 0.10367698222 0.16621163487 
0.24142073095 0.14142742753 0.074516765773 0.048001386225 0.039516106248 0.036605555564 0.034785747528 0.032894928008 0.030772609636 
0.028468873352 0.026072636247 0.023704770952 0.021509641781 0.019623413682 0.018142849207 0.01711082086 0.016517015174 0.01630480215 
0.016378669068 0.01661347039 0.0168720074 0.01703441143 0.01703078486 0.016854500398 0.016541633755 0.016137922183 0.015677733347 
0.015180318616 0.014654030092 0.014099221677 0.013507398777 0.012860294431 0.012133056298 0.011302494444 0.01035734918 0.0093059586361 
0.0081779025495 0.0070190201513 0.0058820359409 0.0048162401654 0.0038594105281 0.003033737652 0.00234582345 0.0017896558857 0.0013509598793 
0.0010115185287 0.00075256766286 0.00055695167976 0.00041015128954 0.0003004950413 0.00021890508651 0.00015845023154 0.00011387943232 8.1219128333e-05 
5.7457502407e-05 4.0309081669e-05 2.8041646146e-05 1.9347964553e-05 1.324882578e-05 9.0181820269e-06 6.1247428675e-06 4.1864559535e-06 2.9355173865e-06 
2.1922687665e-06 1.8467108021e-06 1.9870976757e-06 2.3416298518e-06 3.1025138014e-06 4.3791264943e-06 6.3503516685e-06 9.2837799457e-06 1.3564002984e-05 
1.973308099e-05 2.8548254704e-05 4.1065002733e-05 5.8758065279e-05 8.3698774688e-05 0.00011881299724 0.00016824761406 0.00023786899692 0.00033589504892 
0.00047361591714 0.00066607928602 0.00093252834631 0.001296320348 0.0017841039225 0.0024242219515 0.0032445706893 0.0042703673244 0.0055224890821 
0.0070178438909 0.0087763555348 0.01084934175 0.013414356858 0.017056629062 0.023469941691 0.03679272905 0.065606199205 0.12766493857 
0.26542600989 0.49287322164 0.24154935777 0.10298204422 0.055831145495 0.041932169348 0.037505090237 0.035030432045 0.032719243318 
0.030364720151 0.02800138481 0.025653572753 0.023378157988 0.02129124105 0.019534204155 0.018224729225 0.017427209765 0.017143664882 
0.017311707139 0.01780132018 0.018416551873 0.018920438364 0.019099155441 0.018848985434 0.018218999729 0.017351254821 0.016389159486 
0.01542519033 0.014498452656 0.013615841977 0.012771365233 0.011954119429 0.01114864368 0.010335022584 0.0094928666949 0.0086083002388 
0.0076803555712 0.0067234272137 0.0057646594942 0.0048376368359 0.0039749098942 0.0032018772326 0.0025334509555 0.0019737121183 0.0015177953755 
0.0011548674665 0.00087116850773 0.00065244385041 0.00048552252701 0.00035909831058 0.00026392692234 0.00019268054166 0.00013965308608 0.00010043962538 
7.1651600592e-05 5.0686583563e-05 3.5550696339e-05 2.4723060051e-05 1.7051563191e-05 1.1671459106e-05 7.9410719991e-06 5.3908038353e-06 3.6830517729e-06 
2.58126056e-06 1.9267970401e-06 1.622568675e-06 1.7278175619e-06 2.0370080165e-06 2.7006797154e-06 3.8144135033e-06 5.5344657994e-06 8.0943846115e-06 
1.1829293726e-05 1.7210253645e-05 2.4892491638e-05 3.5783592466e-05 5.1140883443e-05 7.2711525718e-05 0.00010293310334 0.0001452153665 0.00020432058955 
0.0002868467418 0.00040178542258 0.0005610762164 0.00078001589281 0.0010773346294 0.001474759425 0.0019959819037 0.0026651171502 0.0035049149301 
0.0045351935551 0.0057724830694 0.0072343298234 0.0089617185295 0.011108160019 0.014236061834 0.020099652931 0.033121269196 0.061955045909 
0.11937732995 0.21727821231 0.32524302602 0.19842199981 0.10281971097 0.061096139252 0.046470984817 0.040809411556 0.037037290633 
0.033562701195 0.030402185395 0.027630319819 0.025160660967 0.02291973494 0.02094986476 0.019379667938 0.018350191414 0.017961641774 
0.018246222287 0.01914540492 0.020478013903 0.021913489327 0.022997632623 0.023288594559 0.022589989007 0.021094078198 0.019202083349 
0.017277237028 0.015525694937 0.014007620513 0.012701752596 0.011562043801 0.010545509867 0.009617597796 0.0087491888553 0.0079149808735 
0.0070956698619 0.0062816408463 0.0054749608971 0.0046880366281 0.0039394260384 0.0032485192642 0.0026309459936 0.0020958622918 0.0016453561839 
0.0012754910858 0.0009782059351 0.00074334087549 0.00056030397536 0.00041918366333 0.0003113267303 0.00022951705614 0.00016791113012 0.00012186093227 
8.7707245257e-05 6.2587954744e-05 4.4276232074e-05 3.1050076359e-05 2.1587842639e-05 1.4884679331e-05 1.0184880011e-05 6.9271891334e-06 4.700781119e-06 
3.2103432659e-06 2.249010322e-06 1.6780984424e-06 1.4127449504e-06 1.4889435533e-06 1.7560925016e-06 2.3295890514e-06 3.2921461752e-06 4.7789362725e-06 
6.991850114e-06 1.0220194781e-05 1.486968813e-05 2.1502602976e-05 3.0893497751e-05 4.410735346e-05 6.2609775341e-05 8.8422275439e-05 0.00012433771917 
0.00017420938821 0.00024331848545 0.00033880391857 0.00047010480193 0.00064932234818 0.00089137145551 0.0012137887534 0.0016361143207 0.0021788801532 
0.0028623668477 0.0037054680288 0.0047254217789 0.0059413481504 0.0073944521137 0.0092339832336 0.012017547153 0.01755002141 0.03065283969 
0.061704143882 0.1281722486 0.24796812236 0.39096769691 0.23811775446 0.12470010668 0.074255548418 0.05616812408 0.048209767789 
0.041954055429 0.03613838926 0.031287275255 0.027574753389 0.024719389156 0.022414406762 0.0205626674 0.019257418811 0.018673283979 
0.018978698179 0.020279347897 0.022555265576 0.025564353913 0.02873390913 0.031145211309 0.031794652343 0.03021184355 0.026964705437 
0.023078661412 0.019386744127 0.016295738518 0.0138664525 0.011986775324 0.010505963117 0.0092984866351 0.0082768043503 0.007382335607 
0.0065743909217 0.0058243316598 0.0051141986623 0.0044365059584 0.0037928556558 0.00319086737 0.0026403060183 0.00214961241 0.0017236894928 
0.0013631603215 0.001064810669 0.00082269974519 0.00062943273224 0.00047724953038 0.00035878186463 0.00026747272932 0.00019773367967 0.00014493544586 
0.00010531480802 7.585153071e-05 5.4145555623e-05 3.8307007344e-05 2.6861933293e-05 1.8672828446e-05 1.2871912077e-05 8.8053857326e-06 5.9872613747e-06 
4.0617146624e-06 2.772975904e-06 1.9419069304e-06 1.4484363646e-06 1.2191011365e-06 1.2716719766e-06 1.5003760154e-06 1.9913836695e-06 2.8155864129e-06 
4.0888016883e-06 5.9839121604e-06 8.7483813331e-06 1.2728590264e-05 1.8403114154e-05 2.642821164e-05 3.7700381654e-05 5.3443043726e-05 7.5326504884e-05 
0.00010563236719 0.00014747248497 0.00020506751025 0.00028407661011 0.00039194713463 0.00053822511109 0.00073473865632 0.00099556113128 0.0013366900384 
0.0017754518194 0.0023297392763 0.0030173240229 0.0038558256347 0.0048658745363 0.0060891378671 0.0076676085591 0.010135391727 0.015320204198 
0.028700886294 0.064817771316 0.15871778131 0.39897862077 0.94462013245 0.39182788134 0.17255745828 0.096363790333 0.072404444218 
0.061077397317 0.050672005862 0.040854766965 0.033147439361 0.027849774808 0.024318987504 0.021862380207 0.020162018016 0.019258052111 
0.019388722256 0.020857734606 0.023936748505 0.028737735003 0.03499359265 0.041747819632 0.047137141228 0.048771947622 0.04531929642 
0.038413051516 0.030584320426 0.023611364886 0.018193552271 0.014294677414 0.011569813825 0.0096432957798 0.0082245273516 0.0071229483001 
0.0062230206095 0.005455238279 0.0047765397467 0.0041603087448 0.0035917949863 0.0030652245041 0.0025808799546 0.0021420209669 0.0017521770205 
0.0014133247314 0.0011250904063 0.00088480702834 0.00068808585638 0.0005295611918 0.00040357079706 0.00030465424061 0.00022785254987 0.00016884270008 
0.00012396211969 9.0170826297e-05 6.4985251811e-05 4.6403758461e-05 3.2833548175e-05 2.302332723e-05 1.600280666e-05 1.1029664165e-05 7.5437310443e-06 
5.1282936511e-06 3.478150802e-06 2.3739112294e-06 1.6619261487e-06 1.239215635e-06 1.0427814914e-06 1.0764866829e-06 1.2704988421e-06 1.6870520767e-06 
2.3863306069e-06 3.466637736e-06 5.0746357374e-06 7.4200756899e-06 1.0796106835e-05 1.5606761735e-05 2.2404019546e-05 3.1937939639e-05 4.5224860514e-05 
6.3640261942e-05 8.9044224296e-05 0.00012394730584 0.00017172138905 0.00023685170163 0.00032521184767 0.00044432427967 0.00060355017195 0.00081414543092 
0.0010891376296 0.001443026471 0.0018913784297 0.0024504659232 0.0031373666134 0.0039723902009 0.004992838949 0.006315370556 0.0083777625114 
0.012756531127 0.024629127234 0.059474866837 0.1677852124 0.6277436018 0.85486114025 0.42870861292 0.19515666366 0.11789225787 
0.095169067383 0.080527096987 0.063637934625 0.047584693879 0.035672292113 0.028179977089 0.023773977533 0.021163273603 0.019728815183 
0.01946397312 0.020738095045 0.024111619219 0.030193334445 0.039435222745 0.051731392741 0.065683320165 0.077694095671 0.081988506019 
0.07427252084 0.059561990201 0.044005282223 0.031087487936 0.021741831675 0.015520269051 0.011545864865 0.0090092737228 0.0073297144845 
0.0061457082629 0.0052507221699 0.0045309090056 0.0039229523391 0.0033907350153 0.0029138631653 0.0024818652309 0.002090547001 0.0017391535221 
0.0014281286858 0.0011575893732 0.00092654529726 0.00073273776798 0.00057287106756 0.00044301443268 0.0003390054917 0.00025677119265 0.00019253834034 
0.00014294672292 0.00010508981359 7.6510368672e-05 5.5170090491e-05 3.9406811993e-05 2.788646816e-05 1.9554829123e-05 1.3591334209e-05 9.3667258625e-06 
6.4055475377e-06 4.3538548198e-06 2.9523371268e-06 2.0145664621e-06 1.4099758801e-06 1.0510570974e-06 8.8427663059e-07 9.0323919721e-07 1.0663444527e-06 
1.4165527773e-06 2.0044856228e-06 2.9128070764e-06 4.2647957343e-06 6.2366370912e-06 9.0742678367e-06 1.3115996808e-05 1.8822644051e-05 2.6817737307e-05 
3.7941266783e-05 5.332177534e-05 7.4472372944e-05 0.00010341656161 0.00014284798817 0.00019632276963 0.00026847471599 0.00036523013841 0.00049398757983 
0.00066372106085 0.00088497647084 0.0011697607115 0.0015313634649 0.0019842004403 0.0025439145975 0.0032288441435 0.0040684603155 0.0051428857259 
0.0067435326055 0.0099561931565 0.018590671942 0.044995181262 0.12513491511 0.35854655504 0.9178892374 0.37897232175 0.18821543455 
0.14115145802 0.12820678949 0.10864959657 0.081130035222 0.055740915239 0.038180995733 0.028078744188 0.022799246013 0.020175570622 
0.019234035164 0.019975898787 0.023024812341 0.029386863112 0.040271196514 0.056852970272 0.079747326672 0.10759051144 0.13431349397 
0.14624866843 0.12782150507 0.096223905683 0.06594812125 0.042826980352 0.027285765857 0.017647206783 0.011941869743 0.0086065120995 
0.0066054845229 0.0053277662955 0.0044406023808 0.0037711777259 0.0032307547517 0.0027728662826 0.0023725887295 0.0020166723989 0.0016985136317 
0.0014151580399 0.0011653018882 0.00094799092039 0.00076190038817 0.00060507527087 0.00047496982734 0.00036863866262 0.00028296551318 0.00021486487822 
0.00016142999812 0.00012002458971 8.8328830316e-05 6.4352221671e-05 4.6423763706e-05 3.3168347727e-05 2.347514237e-05 1.6462454369e-05 1.1442031791e-05 
7.8851671788e-06 5.3919475249e-06 3.664498081e-06 2.4845107873e-06 1.6950085637e-06 1.1860378208e-06 8.8390135033e-07 7.435119187e-07 7.512475122e-07 
8.8715404445e-07 1.1789702512e-06 1.668886398e-06 2.4257835776e-06 3.5523494262e-06 5.1952533795e-06 7.5590342021e-06 1.0924620256e-05 1.5673776943e-05 
2.2321321012e-05 3.1557570765e-05 4.4304430048e-05 6.178914191e-05 8.5639985627e-05 0.00011800739594 0.00016171061725 0.00022040493786 0.00029875591281 
0.00040259867092 0.00053905707318 0.00071660097456 0.00094503880246 0.0012354673818 0.0016002221964 0.0020529299509 0.0026091684122 0.0032904236577 
0.0041432417929 0.0053190579638 0.0073716617189 0.012273498811 0.026552675292 0.068892709911 0.17515364289 0.33777213097 0.21791666746 
0.16629722714 0.17991070449 0.18180395663 0.15030108392 0.1042207256 0.064864307642 0.040030092001 0.027126939967 0.021190969273 
0.018829606473 0.018706047907 0.020949613303 0.026629325002 0.037441179156 0.055484671146 0.083176493645 0.12310127914 0.176120013 
0.23544535041 0.2719322443 0.22295203805 0.15466922522 0.097918272018 0.058821469545 0.034539487213 0.02045109868 0.012630844489 
0.0083708064631 0.0060162590817 0.0046419547871 0.0037651315797 0.0031460591126 0.0026685167104 0.0022758261766 0.0019395453855 0.0016449933173 
0.0013845445355 0.0011542595457 0.00095198937925 0.00077624380356 0.0006255574408 0.00049820594722 0.00039215190918 0.0003051168751 0.00023470527958 
0.00017852970632 0.00013431388652 9.9965938716e-05 7.3621966294e-05 5.366552432e-05 3.8728161599e-05 2.767659862e-05 1.9591252567e-05 1.3739999304e-05 
9.5502045951e-06 6.5814360823e-06 4.5002789193e-06 3.0582652926e-06 2.073240239e-06 1.4141891143e-06 9.8932798664e-07 7.3712902804e-07 6.199463769e-07 
6.1940619389e-07 7.31658929e-07 9.7268912214e-07 1.3773465071e-06 2.0025158847e-06 2.9329733024e-06 4.289741355e-06 6.2414565036e-06 9.0194535005e-06 
1.293751393e-05 1.841762969e-05 2.6023542887e-05 3.6504472519e-05 5.0851835113e-05 7.0372225309e-05 9.677925118e-05 0.00013230509649 0.00017982938152 
0.00024301758094 0.00032645565807 0.00043576411554 0.00057767715771 0.00076008209726 0.00099202676211 0.001283714897 0.0016465125373 0.0020931230392 
0.0026388808619 0.0033085576724 0.004165514838 0.0054206331261 0.007801100146 0.013668400235 0.029646258801 0.068010702729 0.12456923723 
0.12685155869 0.17629610002 0.26224419475 0.27633482218 0.21469095349 0.13556373119 0.075044676661 0.040975823998 0.025239178911 
0.018985062838 0.017209455371 0.018267171457 0.022614145651 0.032039247453 0.049176521599 0.077070936561 0.11960287392 0.1831882596 
0.27651566267 0.40488925576 0.53255069256 0.38080719113 0.23590746522 0.13692197204 0.076572224498 0.042043957859 0.023200204596 
0.013277905993 0.008156100288 0.0054957605898 0.0040510548279 0.0031953025609 0.0026278069708 0.0022086286917 0.0018730453448 0.0015904650791 
0.0013458229369 0.0011313662399 0.00094292347785 0.00077805970795 0.00063508673338 0.00051252200501 0.00040882441681 0.00032230481156 0.00025113919401 
0.0001934315369 0.00014729166287 0.0001109071527 8.2599697635e-05 6.0862836108e-05 4.4381686166e-05 3.2037401979e-05 2.2899916075e-05 1.6212517949e-05 
1.1371630535e-05 7.9045948951e-06 5.4475594879e-06 3.7249280922e-06 2.5312331218e-06 1.7157900629e-06 1.1701894209e-06 8.1846587818e-07 6.096848324e-07 
5.1267767276e-07 5.0629660109e-07 5.982109883e-07 7.9557219124e-07 1.1269150946e-06 1.6388072481e-06 2.4006260446e-06 3.5113657759e-06 5.1088718465e-06 
7.3820406215e-06 1.0586702956e-05 1.5066158085e-05 2.1277626729e-05 2.9826323953e-05 4.150915629e-05 5.7370336435e-05 7.8770935943e-05 0.00010747335909 
0.00014573968656 0.00019643930136 0.00026315759169 0.00035029472201 0.00046314334031 0.00060793978628 0.00079188932432 0.0010231689084 0.0013109041611 
0.0016651265323 0.0020969072357 0.0026197836269 0.0032569107134 0.004069481045 0.0052579133771 0.0074893105775 0.012777803466 0.025854015723 
0.052750784904 0.098361164331 0.21866340935 0.42450946569 0.4369957149 0.31130453944 0.17958346009 0.08596984297 0.040645118803 
0.02250450477 0.016403667629 0.015512611717 0.018091870472 0.025247724727 0.039897885174 0.065794371068 0.10623497516 0.16532257199 
0.25373139977 0.39392074943 0.6398370266 1.1513792276 0.5944032073 0.31833583117 0.17018172145 0.089924909174 0.047063320875 
0.024733481929 0.013407210819 0.0077706994489 0.004963547457 0.0035147725139 0.0027036319952 0.0021924513858 0.0018283477984 0.0015431341017 
0.0013060157653 0.0011024834821 0.00092524295906 0.00077032548143 0.00063533172943 0.00051857245853 0.00041862257058 0.00033409576281 0.00026355290902 
0.00020548913744 0.00015836460807 0.00012065241026 9.088897059e-05 6.7716166086e-05 4.991161768e-05 3.6405501305e-05 2.6285537388e-05 1.8792099581e-05 
1.3306398614e-05 9.3344378911e-06 6.4891210059e-06 4.4723196879e-06 3.0581243209e-06 2.0780462364e-06 1.4084782833e-06 9.6046130693e-07 6.7164131679e-07 
5.0020042863e-07 4.20543671e-07 4.1029238673e-07 4.8491017424e-07 6.4513261577e-07 9.1412420034e-07 1.3296800034e-06 1.9480903575e-06 2.8496381219e-06 
4.1460443754e-06 5.9902658904e-06 8.589189747e-06 1.221992261e-05 1.7250593373e-05 2.4166842195e-05 3.3605425415e-05 4.6396547987e-05 6.3616353145e-05 
8.6650485173e-05 0.0001172681732 0.00015770428581 0.00021074370306 0.00027980076266 0.00036898461985 0.00048314480227 0.00062789331423 0.00080959958723 
0.0010353476973 0.0013128216378 0.0016500875354 0.0020553430077 0.0025371753145 0.0031079994515 0.0038039167412 0.0047794776037 0.0066848425195 
0.011900165118 0.028113823384 0.080626100302 0.2607845962 0.84317070246 0.66479170322 0.43223810196 0.2667273283 0.099897533655 
0.03821285069 0.018833484501 0.013648887165 0.013908367604 0.018271224573 0.028985084966 0.050672054291 0.088286973536 0.14367555082 
0.21746970713 0.31907880306 0.46658787131 0.67299580574 0.89110469818 0.59141862392 0.32947617769 0.17519395053 0.091244123876 
0.046855065972 0.02403844893 0.012641434558 0.0070715937763 0.0043608359993 0.0030029045884 0.0022687865421 0.0018212732393 0.0015101140598 
0.001269784756 0.0010715755634 0.00090239127167 0.00075578095857 0.00062821269967 0.00051748991245 0.00042202914483 0.00034050521208 0.00027167238295 
0.00021428457694 0.00016707480245 0.00012876880646 9.8115699075e-05 7.3922310548e-05 5.50841105e-05 4.0607887058e-05 2.962466715e-05 2.1393490897e-05 
1.5297346181e-05 1.0833565284e-05 7.6008041106e-06 5.2845089158e-06 3.6423575693e-06 2.4906705676e-06 1.6924105921e-06 1.147004582e-06 7.8204595866e-07 
5.4676576156e-07 4.0710560256e-07 3.4221568512e-07 3.2965442642e-07 3.8971725758e-07 5.1868829587e-07 7.3521414379e-07 1.0697118569e-06 1.5674684164e-06 
2.2930460091e-06 3.3362341583e-06 4.8198621698e-06 6.9098737185e-06 9.8281789178e-06 1.3868927454e-05 1.9419037926e-05 2.6983951102e-05 3.7219731894e-05 
5.0972474128e-05 6.9325782533e-05 9.3655915407e-05 0.00012569292448 0.00016758407583 0.00022195414931 0.00029195536627 0.00038130072062 0.00049427547492 
0.00063572113868 0.00081097939983 0.001025765785 0.0012859106064 0.0015968391672 0.0019625420682 0.0023837971967 0.0028583442327 0.0034055053256 
0.0042199725285 0.0063111963682 0.013645743951 0.039603069425 0.12347679585 0.35258662701 0.78880125284 0.50710475445 0.6138304472 
0.13407076895 0.034321699291 0.014450955205 0.010919331573 0.012426001951 0.018551670015 0.033077109605 0.062749229372 0.11375910789 
0.18518280983 0.27181348205 0.38195827603 0.52752947807 0.5912823081 0.63117772341 0.45305171609 0.27265405655 0.15135960281 
0.080189809203 0.041303049773 0.02108903043 0.010979540646 0.0060587693006 0.0036828354932 0.0025063289795 0.0018790742615 0.0015015585814 
0.0012412816286 0.0010411335388 0.00087650772184 0.00073638092726 0.00061536568683 0.0005104719894 0.00041977901128 0.00034186107223 0.00027551696985 
0.00021963530162 0.00017313184799 0.00013492946164 0.00010396375001 7.9202465713e-05 5.9668927861e-05 4.4463795348e-05 3.278123404e-05 2.3917898943e-05 
1.7275009668e-05 1.2354497812e-05 8.7508751676e-06 6.1404916778e-06 4.2697161007e-06 2.9431366784e-06 2.0125974061e-06 1.3675253285e-06 9.2673917607e-07 
6.3176958065e-07 4.4160543666e-07 3.2872611655e-07 2.7627976351e-07 2.6261221819e-07 3.105523092e-07 4.1349466073e-07 5.8632463151e-07 8.5331862465e-07 
1.2506094436e-06 1.8296861981e-06 2.6621166853e-06 3.8457269511e-06 5.5125415201e-06 7.8388520706e-06 1.1057879419e-05 1.5475601685e-05 2.1490404833e-05 
2.961728751e-05 4.05173123e-05 5.5032720411e-05 7.4227420555e-05 9.9431767012e-05 0.00013228878379 0.00017479786766 0.00022935007291 0.00029874916072 
0.00038621274871 0.00049534678692 0.00063008384313 0.000794564432 0.00099291757215 0.0012288409052 0.0015047476627 0.0018200027989 0.0021683820523 
0.0025419229642 0.0029808245599 0.0038070606533 0.0063946573064 0.015185161494 0.041840583086 0.10979802161 0.2589378655 0.59400707483 
0.20949020982 0.05581304431 0.017654705793 0.0093542812392 0.0084545295686 0.010904038325 0.018065463752 0.0348944664 0.069639667869 
0.12955823541 0.21243011951 0.31152817607 0.45222133398 0.6782220602 0.55256068707 0.46783390641 0.33568549156 0.20891496539 
0.11857639253 0.06349568814 0.032864529639 0.016831049696 0.0087912641466 0.004872566089 0.0029774755239 0.0020363177173 0.0015318461228 
0.0012258803472 0.001013254514 0.00084882549709 0.00071325205499 0.00059789477382 0.00049849331845 0.00041261548176 0.00033863499993 0.00027530343505 
0.00022155509214 0.00017641062732 0.00013893059804 0.00010819920863 8.3326282038e-05 6.3459388912e-05 4.7799741878e-05 3.5616856621e-05 2.6259513106e-05 
1.9161358068e-05 1.3841487998e-05 9.9005701486e-06 7.013870345e-06 4.9223622227e-06 3.4231049995e-06 2.3597403924e-06 1.6136942804e-06 1.0964413377e-06 
7.4295974173e-07 5.0640079508e-07 3.5389109598e-07 2.6336377346e-07 2.2130332411e-07 2.0742933771e-07 2.4537266086e-07 3.268514206e-07 4.6365087769e-07 
6.7498746148e-07 9.894536106e-07 1.447776981e-06 2.1065345663e-06 3.0430064726e-06 4.3613813432e-06 6.2005965447e-06 8.7441221694e-06 1.2232095287e-05 
1.6976226107e-05 2.3377953767e-05 3.1950308767e-05 4.3343632569e-05 5.8374978835e-05 7.8060307715e-05 0.00010364733316 0.00013664588914 0.00017885153648 
0.0002323564986 0.00029954346246 0.00038305530325 0.00048573379172 0.00061051448574 0.00076025456656 0.00093744130572 0.001143667032 0.0013786111958 
0.0016383115435 0.0019145379774 0.0022072999272 0.0025923966896 0.0034389144275 0.005905598402 0.012703888118 0.02857933566 0.059989836067 
0.112065956 0.049284879118 0.017681973055 0.0081932032481 0.006048749201 0.0064884903841 0.0091102262959 0.015888944268 0.031588930637 
0.064053863287 0.12076268345 0.20075106621 0.29361751676 0.39259696007 0.48505222797 0.43652769923 0.35567486286 0.24930620193 
0.15379989147 0.0868210271 0.046330161393 0.023987071589 0.012359406799 0.0065413806587 0.0036984423641 0.0023121363483 0.0016128041316 
0.001229118905 0.000990109751 0.00082022650167 0.00068699062103 0.00057642848697 0.00048221836914 0.00040115090087 0.00033130886732 0.00027134642005 
0.00022019389144 0.00017692448455 0.0001406884985 0.00011068062304 8.6127693066e-05 6.6288979724e-05 5.0463844673e-05 3.8002079236e-05 2.831355232e-05 
2.0875113478e-05 1.5233714294e-05 1.1005787201e-05 7.8735001807e-06 5.5787290876e-06 3.9157343963e-06 2.7233763831e-06 1.8775000399e-06 1.2839325336e-06 
8.7233911472e-07 5.9103825834e-07 4.0277663516e-07 2.8140379982e-07 2.0936016654e-07 1.7588827461e-07 1.6245309098e-07 1.9223276126e-07 2.5618396648e-07 
3.635612984e-07 5.2945165407e-07 7.7629641737e-07 1.1360486951e-06 1.6530730136e-06 2.387924269e-06 3.4221654914e-06 4.8644219532e-06 6.8578988248e-06 
9.5896130006e-06 1.3301640138e-05 1.8304661353e-05 2.4994045816e-05 3.3868553146e-05 4.5551452786e-05 6.0813275923e-05 8.0594661995e-05 0.00010602681141 
0.00013844612113 0.00017939857207 0.00023062927357 0.00029405174428 0.00037169194547 0.00046559915063 0.00057771260617 0.0007096620393 0.00086245988496 
0.0010359869339 0.0012281505624 0.0014340832131 0.0016484790249 0.0018820193363 0.0022142634261 0.0029013799503 0.0044936682098 0.0077648707666 
0.013307874091 0.020010720938 0.011512005702 0.0062186126597 0.0044009778649 0.0041650612839 0.0049181673676 0.0071299877018 0.012493143789 
0.024614637718 0.049430631101 0.093172311783 0.15663865209 0.23146484792 0.30244970322 0.34353995323 0.32007563114 0.25432595611 
0.17368495464 0.10521738231 0.058666050434 0.031111514196 0.016140578315 0.0084238871932 0.0045721675269 0.002678517485 0.0017395331524 
0.0012516095303 0.00097268039826 0.00079126073979 0.00065793649992 0.00055132125271 0.00046207790729 0.00038585171569 0.000320315914 0.00026399124181 
0.00021578269661 0.00017479015514 0.00014022307005 0.00011135708337 8.7511878519e-05 6.8042223575e-05 5.2337578381e-05 3.9826762077e-05 2.9984603316e-05 
2.2337893824e-05 1.646950841e-05 1.2019738278e-05 8.68497591e-06 6.2141639319e-06 4.4036878535e-06 3.0913759019e-06 2.1502446543e-06 1.4824537402e-06 
1.013772021e-06 6.8873708869e-07 4.665782285e-07 3.1789417676e-07 2.2203845162e-07 1.6514294998e-07 1.3870983651e-07 1.2614999889e-07 1.493265529e-07 
1.9910061155e-07 2.8268013352e-07 4.1181326083e-07 6.0397053403e-07 8.8401759513e-07 1.2864611563e-06 1.8583683641e-06 2.6630780212e-06 3.7848433294e-06 
5.3345620472e-06 7.4567606134e-06 1.0338025277e-05 1.4217035641e-05 1.9396329662e-05 2.6255802368e-05 3.5267687053e-05 4.7012450523e-05 6.2194347265e-05 
8.1654790847e-05 0.00010638090316 0.00013750574726 0.0001762965112 0.00022412660473 0.00028242741246 0.0003526158398 0.00043599226046 0.00053360167658 
0.00064604543149 0.00077321974095 0.00091394234914 0.0010655407095 0.0012241172371 0.0013880620245 0.0015696808696 0.0018169347895 0.0022298037075 
0.0029239184223 0.0038935365155 0.0047675361857 0.0037706142757 0.0030376561917 0.0028217816725 0.0029979059473 0.0036448522005 0.0052310936153 
0.0088997194543 0.016937265173 0.033062878996 0.061398010701 0.10311599076 0.15290400386 0.19829234481 0.21994753182 0.20403878391 
0.15968175232 0.10765317082 0.064677789807 0.035936661065 0.019116466865 0.010047058575 0.0053845657967 0.0030462907162 0.0018790491158 
0.001282801386 0.00095815677196 0.00076138629811 0.0006261325907 0.00052279682131 0.00043839606224 0.00036710116547 0.00030604857602 0.00025359107531 
0.00020860118093 0.00017019864754 0.00013763857714 0.00011025934509 8.7454885943e-05 6.8659923272e-05 5.3343566833e-05 4.1008610424e-05 3.1194325857e-05 
2.3480521122e-05 1.7491109247e-05 1.2896297449e-05 9.4128026831e-06 6.8022045525e-06 4.8677420637e-06 3.4500224046e-06 2.4221810691e-06 1.6849035092e-06 
1.161660407e-06 7.9437307932e-07 5.3963071878e-07 3.6550824234e-07 2.4897357775e-07 1.7384704165e-07 1.2925767123e-07 1.0854276411e-07 9.7127582421e-08 
1.150134068e-07 1.5342787663e-07 2.1793886162e-07 3.1761985042e-07 4.6596048264e-07 6.8215359761e-07 9.9282112842e-07 1.4342513168e-06 2.055236564e-06 
2.9206053114e-06 4.1155608415e-06 5.7509287217e-06 7.9694355009e-06 1.0953093806e-05 1.4931750229e-05 2.0192765078e-05 2.7091540687e-05 3.6062479921e-05 
4.7629411711e-05 6.2414103013e-05 8.1140831753e-05 0.00010463444778 0.00013380908058 0.00016964436509 0.00021314622427 0.00026529011666 0.00032694416586 
0.00039877128438 0.00048110896023 0.0005738249165 0.00067614699947 0.00078648992348 0.00090244307648 0.0010214815848 0.0011434060289 0.0012746296125 
0.0014304441866 0.0016261639539 0.0018493260723 0.0020223096944 0.0019698811229 0.0019334990066 0.0019939322956 0.0021899780259 0.002638785867 
0.0036436736118 0.0058635403402 0.010554207489 0.019703349099 0.035526130348 0.058750241995 0.086377166212 0.11082354933 0.12138773501 
0.11182014644 0.087121099234 0.058751542121 0.035484179854 0.019931288436 0.010803545825 0.0058545395732 0.0032852734439 0.0019741554279 
0.001299727126 0.00093831401318 0.00072807713877 0.0005910298205 0.0004909420968 0.0004114684416 0.00034527073149 0.00028889707755 0.00024051489891 
0.00019896702725 0.00016339794092 0.00013310740178 0.0001074887623 8.599859575e-05 6.8139357609e-05 5.3449457482e-05 4.1498686187e-05 3.1887517252e-05 
2.4248629416e-05 1.8249349523e-05 1.3593620679e-05 1.0023017239e-05 7.3163269008e-06 5.2878372117e-06 3.7845411498e-06 2.682619197e-06 1.8835722813e-06 
1.3103009451e-06 9.0338636483e-07 6.1772090021e-07 4.1957613917e-07 2.8413734299e-07 1.9349521097e-07 1.3506434016e-07 1.0038668563e-07 8.4277360202e-08 
7.4145511064e-08 8.7831708129e-08 1.1722886484e-07 1.6660239055e-07 2.4290227429e-07 3.5645879848e-07 5.2196503475e-07 7.5979204439e-07 1.0976908698e-06 
1.5729442566e-06 2.2350363906e-06 3.1489098546e-06 4.3988861762e-06 6.0933043642e-06 8.3699314928e-06 1.1402134078e-05 1.5405757949e-05 2.0646490157e-05 
2.7447331377e-05 3.6195466237e-05 4.7347533837e-05 6.1431790527e-05 7.9045312305e-05 0.00010084413225 0.00012752399198 0.00015978993906 0.00019831309328 
0.00024367426522 0.00029629500932 0.00035635844688 0.00042372359894 0.00049784075236 0.00057768053375 0.00066172267543 0.00074812350795 0.00083526724484 
0.00092268566368 0.0010115108453 0.0011028712615 0.0011935314396 0.0012713829055 0.0013205832802 0.0013740515569 0.0014569399646 0.0016015734291 
0.0018811941845 0.0024596131407 0.0036714654416 0.0061258636415 0.010748596862 0.018536608666 0.029770899564 0.042917825282 0.054185904562 
0.058656480163 0.053798403591 0.042050398886 0.02866573818 0.017633304 0.010173618793 0.0057276650332 0.0032710162923 0.0019642980769 
0.001274408889 0.00090137432562 0.00068699661642 0.00055137334857 0.00045564951142 0.00038157476229 0.00032075701165 0.00026927978615 0.00022516181343 
0.00018723547691 0.0001546836138 0.00012685774709 0.0001032063592 8.324344526e-05 6.6531007178e-05 5.266806329e-05 4.1284169129e-05 3.2036052289e-05 
2.4607010346e-05 1.8707713025e-05 1.4077604646e-05 1.0485911844e-05 7.7319573393e-06 5.6444705478e-06 4.0799618546e-06 2.9203752092e-06 2.0702536858e-06 
1.4536893786e-06 1.011267841e-06 6.9719158091e-07 4.7668336833e-07 3.2372864212e-07 2.191808619e-07 1.4921681668e-07 1.0411967821e-07 7.7357775297e-08 
6.4926531707e-08 5.6118039993e-08 6.6501606e-08 8.880702751e-08 1.2627465651e-07 1.8418369052e-07 2.7037921768e-07 3.9601653157e-07 5.7655540786e-07 
8.3304416876e-07 1.1937390809e-06 1.6961059828e-06 2.3892496301e-06 3.3368194181e-06 4.6204181672e-06 6.343538189e-06 8.6359887064e-06 1.1658765288e-05 
1.5609146431e-05 2.0725750801e-05 2.7293017411e-05 3.5644356103e-05 4.6162942454e-05 5.927879829e-05 7.5460666267e-05 9.5201168733e-05 0.00011899384845 
0.00014730133989 0.00018051486404 0.00021890604694 0.0002625741763 0.00031139340717 0.00036496651592 0.00042259582551 0.00048328639241 0.00054581195582 
0.0006088843802 0.00067141861655 0.00073272525333 0.0007923549274 0.00084960024105 0.00090323243057 0.00095310097095 0.0010062509682 0.0010724792955 
0.0011693092529 0.0013341659214 0.0016454914585 0.0022558248602 0.0034298147075 0.005549620837 0.0090002100915 0.013842556626 0.019365821034 
0.023935558274 0.025588927791 0.023427322507 0.018483774737 0.012860463001 0.0081667173654 0.0049272030592 0.0029449283611 0.0018136824947 
0.0011868610745 0.00083730666665 0.00063380296342 0.00050569238374 0.00041671330109 0.00034899168531 0.00029398838524 0.0002476508962 0.00020796443278 
0.00017379608471 0.00014438983635 0.00011916178482 9.7621239547e-05 7.9339079093e-05 6.393235526e-05 5.1054423238e-05 4.0387945774e-05 3.1640473026e-05 
2.4542183382e-05 1.8845352315e-05 1.4324776203e-05 1.0778535398e-05 8.0284926298e-06 5.920212061e-06 4.3221943997e-06 3.124458317e-06 2.2366141366e-06 
1.585622158e-06 1.1134123952e-06 7.7453267977e-07 5.3394080624e-07 3.6501822365e-07 2.4784711172e-07 1.6776294842e-07 1.1417523638e-07 7.9637928252e-08 
5.9144841913e-08 4.962632616e-08 4.210965443e-08 4.9920096501e-08 6.6699776369e-08 9.4889571756e-08 1.3846567981e-07 2.033360289e-07 2.9789904943e-07 
4.3378940973e-07 6.268393804e-07 8.9828773753e-07 1.2762686765e-06 1.7976113895e-06 2.5099777758e-06 3.4743516153e-06 4.7678836381e-06 6.4870514507e-06 
8.7510825324e-06 1.1705461475e-05 1.5525338313e-05 2.0418388885e-05 2.6626663384e-05 3.4426630009e-05 4.4126529247e-05 5.6059998315e-05 7.0574918936e-05 
8.8016604423e-05 0.00010870494589 0.00013290577044 0.00016079773195 0.00019243701536 0.00022772421653 0.00026637778501 0.00030792166945 0.00035169452894 
0.0003968901292 0.0004426377418 0.00048811893794 0.0005326847313 0.00057591887889 0.00061765813734 0.0006580807385 0.00069808715489 0.00074021785986 
0.0007888773107 0.00085247383686 0.00094814237673 0.0011100247502 0.0014014010085 0.0019265599549 0.0028272080235 0.0042327246629 0.0061366721056 
0.0082389404997 0.009911198169 0.010451837443 0.0095762051642 0.0076763811521 0.0055111749098 0.0036706645042 0.0023635711987 0.0015332027106 
0.0010362477042 0.00074348418275 0.00056671787752 0.00045330126886 0.00037415765109 0.000314079487 0.00026543915737 0.00022449658718 0.00018937987625 
0.00015906084445 0.0001328757935 0.00011032172188 9.0977096988e-05 7.4472663982e-05 6.0479123931e-05 4.869991244e-05 3.8865506212e-05 3.072897016e-05 
2.4063028832e-05 1.8658562112e-05 1.4324213225e-05 1.0886672499e-05 8.1910666268e-06 6.1011655816e-06 4.4991493269e-06 3.2848831779e-06 2.3747252271e-06 
1.6999911168e-06 1.2052042848e-06 8.4626577745e-07 5.8865583696e-07 4.0575596927e-07 2.7734100172e-07 1.8827256554e-07 1.274021173e-07 8.6676493538e-08 
6.0432640225e-08 4.4862655812e-08 3.7631490812e-08 3.1326191419e-08 3.7150467591e-08 4.9664496515e-08 7.0691193343e-08 1.0319988775e-07 1.5160179601e-07 
2.2216620721e-07 3.2357530699e-07 4.6763787509e-07 6.7018453365e-07 9.5216722684e-07 1.3409818393e-06 1.8720293156e-06 2.590522854e-06 3.5535288134e-06 
4.8322144721e-06 6.5142348831e-06 8.7061407612e-06 1.1535643353e-05 1.515344502e-05 1.9734257876e-05 2.5476512747e-05 3.2600139093e-05 4.1341718315e-05 
5.1946281019e-05 6.4655308961e-05 7.9690609709e-05 9.7234471468e-05 0.00011740709306 0.00014024319535 0.00016567077546 0.00019349556533 0.00022339577845 
0.00025493156863 0.0002875730861 0.00032074947376 0.00035391611164 0.00038662939915 0.00041861337377 0.00044981422252 0.0004804590717 0.0005111542996 
0.00054307834944 0.0005782682565 0.00062046927633 0.00067689554999 0.00076121016173 0.00089751830092 0.001123418333 0.0014864932746 0.0020244964398 
0.002722553676 0.0034638205543 0.0040270830505 0.0041821040213 0.0038470309228 0.0031591188163 0.0023720113095 0.0016868383391 0.0011814484606 
0.00084340613103 0.00062702165451 0.00048813616741 0.00039517917321 0.00032862924854 0.0002774252207 0.00023566898017 0.00020033630426 0.00016987908748 
0.00014344949159 0.00012050921941 0.00010065256356 8.3536244347e-05 6.88550208e-05 5.6333785324e-05 4.5723794756e-05 3.6799265217e-05 2.9354172511e-05 
2.3199356292e-05 1.8160731997e-05 1.4078304048e-05 1.0805999409e-05 8.2118394857e-06 6.178181593e-06 4.6017762543e-06 3.3934868497e-06 2.4776654755e-06 
1.7911861505e-06 1.2822451936e-06 9.0901312433e-07 6.3824273866e-07 4.4390748144e-07 3.0593452038e-07 2.0906884401e-07 1.4188998421e-07 9.5985612347e-08 
6.5278257466e-08 4.5493685263e-08 3.3757711293e-08 2.8307761468e-08 2.3102817437e-08 2.740828009e-08 3.6659997704e-08 5.2207642653e-08 7.6249470737e-08 
1.1205084149e-07 1.6425153149e-07 2.3927498205e-07 3.4585411868e-07 4.9568865279e-07 7.0425062404e-07 9.917494026e-07 1.3842631006e-06 1.9150425032e-06 
2.6259660899e-06 3.5691280118e-06 4.8084948503e-06 6.4215550992e-06 8.5008059614e-06 1.1154917047e-05 1.4509259927e-05 1.8705501134e-05 2.3899825464e-05 
3.0259318009e-05 3.795610246e-05 4.715887917e-05 5.8021774748e-05 7.0670728746e-05 8.5188345111e-05 0.00010159838712 0.00011985220772 0.0001398192253 
0.00016128484276 0.00018395797815 0.00020749065152 0.00023150950437 0.00025565820397 0.00027964491164 0.00030328700086 0.00032654852839 0.00034956744639 
0.000372679875 0.00039646381629 0.00042184643098 0.00045039597899 0.00048492260976 0.00053045584355 0.00059542240342 0.00069221295416 0.000835231971 
0.0010336289415 0.0012775829528 0.0015244450187 0.0017013059696 0.001737404149 0.0016111816512 0.0013680495322 0.0010883264476 0.00083712051855 
0.00064214807935 0.00050221412675 0.00040415299009 0.00033407830051 0.00028156259214 0.00023994343064 0.0002053645876 0.00017573326477 0.00014994182857 
0.00012737755605 0.00010765138722 9.046636842e-05 7.556375931e-05 6.2705934397e-05 5.1673021517e-05 4.2262941861e-05 3.4290867916e-05 2.7587810109e-05 
2.1998692318e-05 1.7380703866e-05 1.3602223589e-05 1.0542299606e-05 8.0906129369e-06 6.1476484916e-06 4.6248537728e-06 3.4446341033e-06 2.5400970571e-06 
1.8545317744e-06 1.3406510107e-06 9.5966834124e-07 6.80273331e-07 4.7758209121e-07 3.3211406958e-07 2.2884331941e-07 1.5634908834e-07 1.0608003009e-07 
7.1736664609e-08 4.8767596184e-08 3.3971737423e-08 2.5196547071e-08 2.1122019689e-08 1.6890354004e-08 2.0045238358e-08 2.682531175e-08 3.8221102727e-08 
5.584585594e-08 8.2095638732e-08 1.2037448016e-07 1.7539360897e-07 2.5355541311e-07 3.6343274701e-07 5.1635373666e-07 7.2710020049e-07 1.0147236935e-06 
1.4034765172e-06 1.9238457298e-06 2.6136669931e-06 3.5192704217e-06 4.6965997171e-06 6.2121944211e-06 8.143908417e-06 1.0581171409e-05 1.3624568055e-05 
1.7384467355e-05 2.1978388759e-05 2.7526861231e-05 3.4147549741e-05 4.1947627324e-05 5.1014594646e-05 6.1406150053e-05 7.3140021414e-05 8.6185173132e-05 
0.00010045595263 0.00011581116269 0.00013205953292 0.00014897268557 0.00016630583559 0.00018382428971 0.00020133351791 0.00021870719502 0.00023590937781 
0.00025300693233 0.00027017283719 0.00028768792981 0.00030596222496 0.00032561388798 0.00034764566226 0.00037372956285 0.00040651060408 0.0004496286565 
0.00050685863243 0.00057964480948 0.00066301511833 0.00074208941078 0.00079393037595 0.0007978270296 0.00074861122994 0.00066079880344 0.00055900547886 
0.00046369599295 0.00038452554145 0.00032230629586 0.00027376052458 0.00023496912036 0.00020283763297 0.00017534164363 0.00015129815438 0.00013005622895 
0.00011125107994 9.4648014056e-05 8.0060272012e-05 6.731445319e-05 5.624104233e-05 4.667547546e-05 3.8461341319e-05 3.1452575058e-05 2.5514173103e-05 
2.0521576516e-05 1.6359739675e-05 1.2922238056e-05 1.0110718904e-05 7.8347184171e-06 6.0117426983e-06 4.5674378271e-06 3.4357162804e-06 2.5587344226e-06 
1.8866810478e-06 1.3773599221e-06 9.956094118e-07 7.1260075174e-07 5.0506776006e-07 3.5452131897e-07 2.4648767294e-07 1.6980264661e-07 1.1598002203e-07 
7.8665607361e-08 5.3178393244e-08 3.6136359682e-08 2.5160971973e-08 1.8652901446e-08 1.5631453465e-08 1.2240960245e-08 1.4532414383e-08 1.9457447209e-08 
2.7736613006e-08 4.0543397972e-08 5.9620539616e-08 8.7443510211e-08 1.2743750233e-07 1.8425546955e-07 2.6412448051e-07 3.7526729102e-07 5.2840385933e-07 
7.3733457384e-07 1.0196021094e-06 1.3972205579e-06 1.8974518525e-06 2.5535964596e-06 3.4057468383e-06 4.5014353418e-06 5.8960704337e-06 7.6530523074e-06 
9.8433938547e-06 1.2544692254e-05 1.5839243133e-05 1.9811146558e-05 2.4542276151e-05 3.0107123166e-05 3.6566663766e-05 4.3961645133e-05 5.2305953432e-05 
6.1580874899e-05 7.1731425123e-05 8.2665923401e-05 9.425956523e-05 0.00010636282241 0.00011881466344 0.00013145915 0.00014416412159 0.00015683854872 
0.00016944558593 0.00018200851628 0.00019460851036 0.00020737620071 0.00022048533719 0.00023416083422 0.00024871577625 0.00026461761445 0.00028254999779 
0.00030336840427 0.0003277756623 0.00035555005888 0.00038441937068 0.00040929744137 0.00042315485189 0.00042012782069 0.00039913359797 0.00036476081004 
0.00032448684215 0.00028473226121 0.00024891278008 0.00021783454577 0.00019096137839 0.00016742084699 0.00014648227079 0.00012766939471 0.00011071262998 
9.5463539765e-05 8.1825179223e-05 6.971048424e-05 5.9024634538e-05 4.966238339e-05 4.1511983e-05 3.4460681491e-05 2.8399015719e-05 2.3223246899e-05 
1.8836297386e-05 1.514766609e-05 1.2073095604e-05 9.5341774795e-06 7.4581921581e-06 5.7781417127e-06 4.4328921831e-06 3.3673632061e-06 2.5326314699e-06 
1.8859126385e-06 1.3903932086e-06 1.0149100262e-06 7.3350850016e-07 5.2491748193e-07 3.7197480651e-07 2.6104439144e-07 1.814525632e-07 1.2496688839e-07 
8.5330043476e-08 5.7857015179e-08 3.9096683224e-08 2.6555882826e-08 1.8481394193e-08 1.3694470447e-08 1.1472398143e-08 8.793962003e-09 1.0443589105e-08 
1.3989509995e-08 1.9951228225e-08 2.9174767491e-08 4.2916461496e-08 6.2960559433e-08 9.1775319788e-08 1.3271254318e-07 1.9025581821e-07 2.7032191952e-07 
3.8061810415e-07 5.3105600273e-07 7.3421858815e-07 1.0058708995e-06 1.3654993154e-06 1.8368529027e-06 2.4484513688e-06 3.2340049074e-06 4.2326855691e-06 
5.4891543186e-06 7.0532591963e-06 8.9792656581e-06 1.132453599e-05 1.4147517504e-05 1.750501724e-05 2.1448726329e-05 2.6021189115e-05 3.1251347536e-05 
3.7150242861e-05 4.3707292207e-05 5.0887938414e-05 5.8633359004e-05 6.686271081e-05 7.5478434155e-05 8.4374434664e-05 9.3446447863e-05 0.00010260346608 
0.00011177840497 0.00012093589612 0.00013007535017 0.0001392281265 0.00014844904945 0.00015780502872 0.00016736533144 0.00017719970492 0.00018738416838 
0.00019800505834 0.00020913120534 0.00022070681734 0.0002323329536 0.00024298974313 0.000250912708 0.00025394448312 0.00025044663926 0.00024025290622 
0.00022484076908 0.00020653638057 0.00018743425608 0.00016882954515 0.00015127180086 0.00013488194963 0.00011962778808 0.00010546638077 9.2384223535e-05 
8.0388468632e-05 6.9486297434e-05 5.9669513575e-05 5.0908372941e-05 4.315303886e-05 3.6339006328e-05 3.0393395718e-05 2.5240309697e-05 2.0804543965e-05 
1.7013617253e-05 1.3798720829e-05 1.1094934052e-05 8.8412225523e-06 6.9804104896e-06 5.4592410379e-06 4.2285314521e-06 3.2433629258e-06 2.4632590794e-06 
1.8522853225e-06 1.3790362345e-06 1.0165069853e-06 7.41850954e-07 5.3605151606e-07 3.8352931142e-07 2.71718676e-07 1.9063810441e-07 1.3247621666e-07 
9.1209145126e-08 6.225896243e-08 4.219865346e-08 2.850417502e-08 1.9352416558e-08 1.3461573189e-08 9.9699946077e-09 8.3494606784e-09 6.2624105901e-09 
7.4394681526e-09 9.9698382883e-09 1.422472895e-08 2.0808643697e-08 3.0619187186e-08 4.4930981602e-08 6.5506888802e-08 9.4740087775e-08 1.3583044733e-07 
1.9299817211e-07 2.7173652484e-07 3.7910308492e-07 5.2404726603e-07 7.1776537425e-07 9.7407382782e-07 1.3097767351e-06 1.7450075802e-06 2.3035036065e-06 
3.0127664559e-06 3.9040587581e-06 5.0121579989e-06 6.3748138928e-06 8.031809557e-06 1.0023595678e-05 1.2389450603e-05 1.5165174773e-05 1.838040771e-05 
2.2055770387e-05 2.6200003049e-05 3.0807619623e-05 3.5857352486e-05 4.1311901441e-05 4.7119294322e-05 5.3216164815e-05 5.9532703744e-05 6.5998996433e-05 
7.2551993071e-05 7.9141973401e-05 8.5737236077e-05 9.2325870355e-05 9.8913566035e-05 0.00010551736341 0.00011215636187 0.0001188410024 0.00012556392176 
0.00013229342585 0.00013896771998 0.00014548293257 0.00015166327648 0.000157209186 0.00016164322733 0.00016431299446 0.00016452532145 0.00016181201499 
0.00015617816825 0.00014812867448 0.00013844175555 0.0001278702839 0.00011697135051 0.00010609784658 9.54670395e-05 8.5227417003e-05 7.5494972407e-05 
6.6363892984e-05 5.7905181166e-05 5.0163234846e-05 4.3155367166e-05 3.6874662328e-05 3.1295283407e-05 2.6378349503e-05 2.2077356334e-05 1.8342274416e-05 
1.5122354853e-05 1.2367706404e-05 1.0030157682e-05 8.0636364146e-06 6.4243608904e-06 5.0710141295e-06 3.964926691e-06 3.0702904041e-06 2.3543634597e-06 
1.7876333231e-06 1.3439064332e-06 1.0003017223e-06 7.3715710869e-07 5.3784759757e-07 3.8854278728e-07 2.7791762136e-07 1.9684139829e-07 1.380636121e-07 
9.5911858011e-08 6.6012916022e-08 4.5044185271e-08 3.0518982896e-08 2.0606295337e-08 1.3983894043e-08 9.7223775697e-09 7.1971171245e-09 6.0252589584e-09 
4.4207468797e-09 5.2531849981e-09 7.0428836096e-09 1.0052719546e-08 1.4710766827e-08 2.1652621029e-08 3.1780732712e-08 4.6343000548e-08 6.7033006701e-08 
9.6114355586e-08 1.3657081865e-07 1.9228367876e-07 2.6823522603e-07 3.7073672843e-07 5.0767391713e-07 6.8876329351e-07 9.2580188493e-07 1.2328951016e-06 
1.6266353668e-06 2.126199206e-06 2.7533269531e-06 3.5321388623e-06 4.488745617e-06 5.6506041801e-06 7.045586699e-06 8.7007529146e-06 1.0640820619e-05 
1.288641397e-05 1.5452193111e-05 1.8345035642e-05 2.1562460461e-05 2.5091669158e-05 2.8909296816e-05 3.2982221455e-05 3.726948853e-05 4.1725306801e-05 
4.6302837291e-05 5.0958409702e-05 5.565538595e-05 6.0366994148e-05 6.5077350882e-05 6.9780115155e-05 7.4474402936e-05 7.9158591689e-05 8.3822465967e-05 
8.843941032e-05 9.2959795438e-05 9.7305921372e-05 0.00010136768833 0.0001049968123 0.00010799980373 0.00011013592302 0.00011113472283 0.0001107481512 
0.00010883047798 0.00010540416406 0.00010066195682 9.4900839031e-05 8.8436165242e-05 8.1546015281e-05 7.4456962466e-05 6.7352120823e-05 6.0381997173e-05 
5.3670130001e-05 4.7314108087e-05 4.1385097575e-05 3.5928416764e-05 3.0965969927e-05 2.6500178137e-05 2.2518699552e-05 1.8999000531e-05 1.5912220988e-05 
1.3226080227e-05 1.0906875104e-05 8.9206969278e-06 7.2341686064e-06 5.8148839344e-06 4.6317031774e-06 3.655008868e-06 2.8569434107e-06 2.2116387299e-06 
1.6954138573e-06 1.286912493e-06 9.6718474651e-07 7.1968531756e-07 5.3020409041e-07 3.8673465497e-07 2.7929419844e-07 1.997125878e-07 1.4140613303e-07 
9.9149097821e-08 6.885475301e-08 4.7373575285e-08 3.231349055e-08 2.188483883e-08 1.477027034e-08 1.0018786689e-08 6.9621224341e-09 5.1512687449e-09 
4.3110701675e-09 3.0937599149e-09 3.6773253331e-09 4.9320689754e-09 7.0425061338e-09 1.0309094911e-08 1.51779318e-08 2.2282325318e-08 3.2497865732e-08 
4.7012562732e-08 6.7413701288e-08 9.5792607624e-08 1.3486800299e-07 1.8812728797e-07 2.5998386377e-07 3.5594621295e-07 4.8279252951e-07 6.4873984229e-07 
8.6359608531e-07 1.1388757457e-06 1.4878580714e-06 1.9255639927e-06 2.4686216875e-06 3.1349916298e-06 3.9435290091e-06 4.9133550419e-06 6.0630377448e-06 
7.4095919445e-06 8.9673321781e-06 1.0746663065e-05 1.2752907423e-05 1.4985294001e-05 1.7436301277e-05 2.0091483748e-05 2.2929911211e-05 2.5925284717e-05 
2.9047705539e-05 3.2265921618e-05 3.554981231e-05 3.8872683945e-05 4.2212985136e-05 4.5554868848e-05 4.888744661e-05 5.2202351071e-05 5.5489872466e-05 
5.8734010963e-05 6.1907339841e-05 6.4966494392e-05 6.7848930485e-05 7.0471782237e-05 7.2732182161e-05 7.4510091508e-05 7.5674739492e-05 7.6097850979e-05 
7.5675437984e-05 7.4354189564e-05 7.2150403867e-05 6.9149369665e-05 6.5485219238e-05 6.1313687183e-05 5.6791199313e-05 5.2064093325e-05 4.726426414e-05 
4.2506977479e-05 3.7889098166e-05 3.3487569453e-05 2.9359005566e-05 2.5540639399e-05 2.2052574423e-05 1.8900846044e-05 1.6080752175e-05 1.3579961887e-05 
1.1381115655e-05 9.4637916845e-06 7.805909263e-06 6.3846487137e-06 5.1770748541e-06 4.1605603656e-06 3.3131175314e-06 2.6136690394e-06 2.0422942271e-06 
1.5804465647e-06 1.2111223668e-06 9.1898459686e-07 6.9042550876e-07 5.1356977337e-07 3.7822533727e-07 2.7578573736e-07 1.9910004312e-07 1.423195215e-07 
1.0073372181e-07 7.0605779001e-08 4.9014744263e-08 3.3710541913e-08 2.2984998793e-08 1.5560623012e-08 1.0497450909e-08 7.1171668559e-09 4.9432808957e-09 
3.6557337157e-09 3.0584386135e-09 2.1469721556e-09 2.5525943581e-09 3.4248062164e-09 4.8920090201e-09 7.1632806353e-09 1.0549025653e-08 1.5489881378e-08 
2.2594958793e-08 3.2690518736e-08 4.6880177962e-08 6.6617403149e-08 9.3790710309e-08 1.3082093631e-07 1.8076933372e-07 2.474530163e-07 3.3556355561e-07 
4.507811866e-07 5.9987547729e-07 7.9078120052e-07 1.0326326674e-06 1.3357431499e-06 1.7115089577e-06 2.1722194106e-06 2.7307589789e-06 3.4001884615e-06 
4.1932048589e-06 5.121481081e-06 6.1949294832e-06 7.420916063e-06 8.80350035e-06 1.0342794667e-05 1.2034523024e-05 1.3869878785e-05 1.5835752492e-05 
1.7915377612e-05 2.0089340978e-05 2.2336900656e-05 2.463742203e-05 2.6971738407e-05 2.9323124181e-05 3.1677682273e-05 3.4023873013e-05 3.635113535e-05 
3.864764949e-05 4.0897397412e-05 4.3077132432e-05 4.5153683459e-05 4.708221968e-05 4.8806065024e-05 5.0258182455e-05 5.1364695537e-05 5.2050618251e-05 
5.2247982239e-05 5.1905972214e-05 5.1001083193e-05 4.9543581554e-05 4.7577199439e-05 4.5172317186e-05 4.2416006181e-05 3.9402675611e-05 3.6226916563e-05 
3.2978332456e-05 2.9737588193e-05 2.6573672585e-05 2.3542146664e-05 2.068467802e-05 1.8029697458e-05 1.5593910575e-05 1.3384296835e-05 1.1400243238e-05 
9.6355570349e-06 8.080137377e-06 6.7212822614e-06 5.5446753322e-06 4.5350684559e-06 3.6767985421e-06 2.9541615731e-06 2.3517261525e-06 1.854591801e-06 
1.448611556e-06 1.1205800092e-06 8.5837683628e-07 6.5106610236e-07 4.8894702331e-07 3.6355871202e-07 2.676440829e-07 1.9507984916e-07 1.4078179333e-07 
1.0059460465e-07 7.1173772653e-08 4.9867676211e-08 3.4604912713e-08 2.3790642345e-08 1.6214746879e-08 1.0972653897e-08 7.3990791272e-09 5.0141384378e-09 
3.4808562699e-09 2.5729594011e-09 2.1518564708e-09 1.4784182767e-09 1.7581445189e-09 2.3596866683e-09 3.3716878178e-09 4.9384847323e-09 7.2743562285e-09 
1.0683457674e-08 1.5586183011e-08 2.25526815e-08 3.2344289025e-08 4.5963339801e-08 6.4711564107e-08 9.025669101e-08 1.2470619026e-07 1.7068573754e-07 
2.3141944894e-07 3.1080659824e-07 4.1348863533e-07 5.4489817103e-07 7.1128056334e-07 9.1967694971e-07 1.1778566886e-06 1.4941884956e-06 1.8774398995e-06 
2.3364996196e-06 2.8800218388e-06 3.5159957861e-06 4.2512697291e-06 5.0910439313e-06 6.0383822529e-06 7.0937990131e-06 8.2549622675e-06 9.5165933089e-06 
1.0870556252e-05 1.2306240933e-05 1.3811115423e-05 1.5371491827e-05 1.6973348465e-05 1.8603099306e-05 2.0248166038e-05 2.1897196348e-05 2.353981472e-05 
2.516584027e-05 2.6764017093e-05 2.8320388083e-05 2.9816597817e-05 3.1228399166e-05 3.252483657e-05 3.366834062e-05 3.4616059565e-05 3.532244591e-05 
3.5743083572e-05 3.5839431803e-05 3.5584012949e-05 3.4965014493e-05 3.3989064832e-05 3.2681200537e-05 3.1082247006e-05 2.9244449252e-05 2.7226698876e-05 
2.5090037525e-05 2.2893775167e-05 2.0692330509e-05 1.8532942704e-05 1.6454325305e-05 1.4486183318e-05 1.2649541532e-05 1.0957626728e-05 9.4170745797e-06 
8.0292329585e-06 6.7914074862e-06 5.6979192777e-06 4.7409803301e-06 3.9113670027e-06 3.1989359286e-06 2.5930332868e-06 2.0828090328e-06 1.657488383e-06 
1.3065963458e-06 1.0201461009e-06 7.8879503462e-07 6.0395916535e-07 4.5789184355e-07 3.4372368418e-07 2.5546674465e-07 1.8798905899e-07 1.3696354983e-07 
9.8800548187e-08 7.0568283661e-08 4.9908923216e-08 3.4954371841e-08 2.4246219255e-08 1.6662312419e-08 1.1351663609e-08 7.6784978376e-09 5.1754613928e-09 
3.5055971459e-09 2.4323911774e-09 1.7970849253e-09 1.5024661515e-09 1.0117751081e-09 1.2034717667e-09 1.6157379878e-09 2.3093811308e-09 3.3834131052e-09 
4.9848170036e-09 7.3222183872e-09 1.0683935514e-08 1.5460933867e-08 2.2175152381e-08 3.151355088e-08 4.4367940433e-08 6.1880342628e-08 8.5493049085e-08 
1.1700186064e-07 1.5861006375e-07 2.1297995545e-07 2.8327747259e-07 3.7320441493e-07 4.8701156175e-07 6.2948623736e-07 8.0590535845e-07 1.0219494015e-06 
1.2835687357e-06 1.5967992795e-06 1.9675301246e-06 2.4012244921e-06 2.9026109587e-06 3.4753566069e-06 4.1217549551e-06 4.8424558372e-06 5.6362700889e-06 
6.500085874e-06 7.4289114309e-06 8.4160710685e-06 9.4535189419e-06 1.0532264241e-05 1.164283276e-05 1.2775711184e-05 1.392165359e-05 1.5071810594e-05 
1.6217592929e-05 1.7350239432e-05 1.8460121282e-05 1.9535875253e-05 2.056347148e-05 2.1525480406e-05 2.2400721718e-05 2.3164448066e-05 2.3789321858e-05 
2.4247086913e-05 2.4510909498e-05 2.4558166842e-05 2.4373235647e-05 2.394987132e-05 2.3292597689e-05 2.2416783395e-05 2.1347444999e-05 2.0117078748e-05 
1.8763003027e-05 1.7324558939e-05 1.5840592823e-05 1.4347249817e-05 1.2876381334e-05 1.1454557352e-05 1.0102654414e-05 8.8359656729e-06 7.6646610978e-06 
6.5944805101e-06 5.627497103e-06 4.7628805078e-06 3.9975589061e-06 3.3267997424e-06 2.7446776585e-06 2.244452844e-06 1.8188889044e-06 1.4605060414e-06 
1.1618051303e-06 9.1544995939e-07 7.1442150329e-07 5.5213956784e-07 4.2255408061e-07 3.2020486174e-07 2.402518362e-07 1.784790129e-07 1.3127568366e-07 
9.560034897e-08 6.8931910846e-08 4.921304253e-08 3.4790542003e-08 2.4355609085e-08 1.688718676e-08 1.1600177707e-08 7.899574328e-09 5.3411093326e-09 
3.5983893643e-09 2.436202573e-09 1.6895277399e-09 1.2476379929e-09 1.0427505526e-09 6.9073852194e-10 8.217774794e-10 1.1036107583e-09 1.5778439666e-09 
2.3122215254e-09 3.4073099897e-09 5.0058415191e-09 7.3050570037e-09 1.0572381193e-08 1.5164763667e-08 2.1551890939e-08 3.0343329627e-08 4.2319356908e-08 
5.8464962649e-08 8.0005897019e-08 1.0844512843e-07 1.4559751094e-07 1.9361954173e-07 2.5503081247e-07 3.3272226574e-07 4.2994736305e-07 5.5029079249e-07 
6.9761006216e-07 8.7594719389e-07 1.0894077604e-06 1.3420082041e-06 1.637494961e-06 1.9791434624e-06 2.3695474738e-06 2.8104191188e-06 3.3024093682e-06 
3.8449798012e-06 4.43633553e-06 5.0734402066e-06 5.7521128838e-06 6.4671949076e-06 7.2127904787e-06 7.9825176726e-06 8.7697508206e-06 9.5677896752e-06 
1.0369934898e-05 1.1169397112e-05 1.1959084077e-05 1.2731209608e-05 1.3476850654e-05 1.4185471628e-05 1.4844594261e-05 1.5439665731e-05 1.5954290575e-05 
1.6370875528e-05 1.6671694539e-05 1.6840298485e-05 1.6863134078e-05 1.6731120922e-05 1.6440953914e-05 1.5995869035e-05 1.5405705199e-05 1.4686299437e-05 
1.3858294551e-05 1.2945592061e-05 1.1973661458e-05 1.096791857e-05 9.9523167592e-06 8.9482755357e-06 7.9739720604e-06 7.0440273703e-06 6.169471817e-06 
5.3579879022e-06 4.6142722567e-06 3.9404835661e-06 3.3366977732e-06 2.8013259907e-06 2.3315033104e-06 1.9234105366e-06 1.5725524918e-06 1.2739998283e-06 
1.0225868436e-06 8.1308962763e-07 6.4036919412e-07 4.9949363756e-07 3.8583166884e-07 2.9512267474e-07 2.2352188012e-07 1.6762284361e-07 1.2446056985e-07 
9.1497994958e-08 6.6599994852e-08 4.7998437225e-08 3.4251815606e-08 2.4202778448e-08 1.6935851832e-08 1.1737403938e-08 8.0591178175e-09 5.4857296483e-09 
3.7073841774e-09 2.4965671752e-09 1.6894172727e-09 1.1710254988e-09 8.6432089264e-10 7.221397369e-10 4.7451786944e-10 5.6464727338e-10 7.5850631331e-10 
1.0847369669e-09 1.5899768169e-09 2.343456762e-09 3.4434348706e-09 5.0256807604e-09 7.2742616375e-09 1.0434826336e-08 1.4830548345e-08 2.0880738916e-08 
2.9122004364e-08 4.0231469711e-08 5.5051440739e-08 7.4614263212e-08 1.0016584895e-07 1.3318593517e-07 1.7540247654e-07 2.2879721939e-07 2.9559959103e-07 
3.7826572452e-07 4.7943933623e-07 6.0189285023e-07 7.484476896e-07 9.2187292466e-07 1.1247674365e-06 1.3594278698e-06 1.6277116401e-06 1.9309040908e-06 
2.2696015094e-06 2.6436232474e-06 3.0519595384e-06 3.4927702472e-06 3.9634278437e-06 4.4606099436e-06 4.9804202717e-06 5.5185287238e-06 6.0703046074e-06 
6.6309021349e-06 7.1952995313e-06 7.7582517406e-06 8.3141658251e-06 8.8569222498e-06 9.3796170404e-06 9.8743676062e-06 1.0332164493e-05 1.0742869563e-05 
1.1095426089e-05 1.1378293493e-05 1.1580128557e-05 1.1690635802e-05 1.1701529729e-05 1.1607444321e-05 1.1406671547e-05 1.1101596101e-05 1.0698735423e-05 
1.0208393178e-05 9.6439716799e-06 9.0210460257e-06 8.356327271e-06 7.6666437963e-06 6.9680381785e-06 6.2750532379e-06 5.6002454585e-06 4.9539194151e-06 
4.344068202e-06 3.7764605167e-06 3.2548339277e-06 2.7811499876e-06 2.3558686735e-06 1.9782189611e-06 1.6464525743e-06 1.3580760196e-06 1.110052267e-06 
8.9898293254e-07 7.2126277928e-07 5.732167665e-07 4.5121274184e-07 3.5175528978e-07 2.7155792282e-07 2.0759613051e-07 1.5714105928e-07 1.1777656539e-07 
8.740127555e-08 6.4218944829e-08 4.6719385693e-08 3.3653261511e-08 2.4003044885e-08 1.6952579784e-08 1.1856868376e-08 8.213553393e-09 5.6369628965e-09 
3.8352321319e-09 2.5907338497e-09 1.7437765676e-09 1.1794156762e-09 8.170866761e-10 6.0277827174e-10 5.0344850511e-10 3.3432401292e-10 3.9789835315e-10 
5.3464821459e-10 7.6479422795e-10 1.1212617501e-09 1.6529270175e-09 2.4291570977e-09 3.5457996539e-09 5.1327879724e-09 7.3635106901e-09 1.0466043143e-08 
1.4736264653e-08 2.0552731073e-08 2.8393031926e-08 3.8851073469e-08 5.2654538507e-08 7.0681423381e-08 9.3974108495e-08 1.2374954395e-07 1.6140317882e-07 
2.0850487203e-07 2.6678452514e-07 3.3810539435e-07 4.2442411541e-07 5.277365176e-07 6.5000904215e-07 7.9309938883e-07 9.5866755601e-07 1.148083129e-06 
1.3623363202e-06 1.6019567965e-06 1.8669505835e-06 2.1567627755e-06 2.4702626433e-06 2.8057659165e-06 3.1610752558e-06 3.5335483517e-06 3.9201709114e-06 
4.3176241888e-06 4.7223338697e-06 5.1304873523e-06 5.5380050981e-06 5.9404787862e-06 6.3330708144e-06 6.7104037953e-06 7.0664714258e-06 7.3945966506e-06 
7.6874857768e-06 7.937404007e-06 8.1364951257e-06 8.277201232e-06 8.3528311734e-06 8.3581217041e-06 8.2898004621e-06 8.1470107034e-06 7.9315659605e-06 
7.6479745985e-06 7.3032165346e-06 6.9063298724e-06 6.4678279159e-06 5.9990511545e-06 5.5115110627e-06 5.016295745e-06 4.5235869948e-06 4.0423092287e-06 
3.5799291709e-06 3.142368314e-06 2.7340249744e-06 2.357874564e-06 2.0156128357e-06 1.7078286874e-06 1.4341796941e-06 1.1935695738e-06 9.8431553397e-07 
8.0429845184e-07 6.5110310743e-07 5.2213886192e-07 4.1474675072e-07 3.2628810231e-07 2.5421798e-07 1.9614097369e-07 1.4985238295e-07 1.1336366867e-07 
8.4915342313e-08 6.2978600113e-08 4.6247922825e-08 3.3626864848e-08 2.4209338534e-08 1.7258185991e-08 1.2182703735e-08 8.5165225983e-09 5.8967453143e-09 
4.0450034433e-09 2.7508031408e-09 1.857307641e-09 1.2495116053e-09 8.4468598782e-10 5.8487836796e-10 4.3125411575e-10 3.6006464477e-10 2.5072602328e-10 
2.984517633e-10 4.0111636235e-10 5.739114739e-10 8.4157386615e-10 1.2408245542e-09 1.8237800159e-09 2.6624502603e-09 3.8544509806e-09 5.530037317e-09 
7.8605335574e-09 1.1068171268e-08 1.5437247924e-08 2.1326375332e-08 2.9181434158e-08 3.9548659458e-08 5.3087003238e-08 7.0578686007e-08 9.2936915053e-08 
1.2120881365e-07 1.5657273877e-07 2.003277757e-07 2.5387453206e-07 3.1868597716e-07 3.9626829107e-07 4.8811159559e-07 5.956322866e-07 7.2010880103e-07 
8.6261525212e-07 1.0239557469e-06 1.2046056099e-06 1.4046629531e-06 1.6238168428e-06 1.8613322936e-06 2.1160551569e-06 2.3864329251e-06 2.6705502023e-06 
2.9661669032e-06 3.2707582704e-06 3.5815371575e-06 3.8954617594e-06 4.2092233343e-06 4.5192050493e-06 4.8214365052e-06 5.1115403039e-06 5.3847011259e-06 
5.6356752793e-06 5.8588639149e-06 6.0484635469e-06 6.1987025219e-06 6.3041520661e-06 6.3601005422e-06 6.3629313445e-06 6.3104857873e-06 6.2023350438e-06 
6.0399383983e-06 5.8266509768e-06 5.5675723161e-06 5.2692662393e-06 4.9393715926e-06 4.5861615945e-06 4.2180868149e-06 3.8433609006e-06 3.4696072362e-06 
3.1035974644e-06 2.7510791369e-06 2.4166936328e-06 2.1039638796e-06 1.8153457404e-06 1.5523148704e-06 1.3154804037e-06 1.1047126236e-06 9.1927125823e-07 
7.5793525411e-07 6.1912209048e-07 5.0099896498e-07 4.0158289494e-07 3.1882674989e-07 2.506928638e-07 1.9521218064e-07 1.5053043967e-07 1.1494062591e-07 
8.6903831686e-08 6.5059310828e-08 4.822577182e-08 3.5395402165e-08 2.5722634689e-08 1.850942688e-08 1.3188405923e-08 9.3053760253e-09 6.502062444e-09 
4.4999164395e-09 3.0854443445e-09 2.0973323078e-09 1.415467743e-09 9.5183350091e-10 6.4314992221e-10 4.4511264119e-10 3.280453964e-10 2.7380606116e-10 
2.117688247e-10 2.521050313e-10 3.3887675999e-10 4.8492981852e-10 7.111816136e-10 1.0486839175e-09 1.5415068111e-09 2.2505433073e-09 3.2583373777e-09 
4.675031029e-09 6.6454877157e-09 9.35760891e-09 1.3051753456e-08 1.8031100169e-08 2.4672575094e-08 3.343789956e-08 4.4884068018e-08 5.9672238706e-08 
7.8574295514e-08 1.0247546101e-07 1.3237212215e-07 1.6936316172e-07 2.1463429789e-07 2.6943391163e-07 3.3504070984e-07 4.1272335238e-07 5.0369249038e-07 
6.0904812926e-07 7.2972511589e-07 8.6643814257e-07 1.0196324638e-06 1.189442969e-06 1.3756654198e-06 1.5777399085e-06 1.7947508013e-06 2.0254385618e-06 
2.2682190775e-06 2.5212120818e-06 2.7822636639e-06 3.0489618439e-06 3.318640438e-06 3.5883683722e-06 3.85492649e-06 4.114775038e-06 4.364027518e-06 
4.5984475037e-06 4.813473879e-06 5.0042967814e-06 5.1659990277e-06 5.2937539294e-06 5.3830854085e-06 5.4301608543e-06 5.4320857998e-06 5.3871835917e-06 
5.2952032092e-06 5.1574320423e-06 4.9766990742e-06 4.7572507356e-06 4.504538083e-06 4.2248984755e-06 3.9252117858e-06 3.6125347833e-06 3.2937650758e-06 
2.9753471154e-06 2.66304869e-06 2.3618115392e-06 2.075665634e-06 1.8077093955e-06 1.560137207e-06 1.3343033061e-06 1.1308117109e-06 9.4961762898e-07 
7.9013796039e-07 6.5136083549e-07 5.3195014971e-07 4.3034449959e-07 3.4484446587e-07 2.7369020472e-07 2.151266898e-07 1.6745629239e-07 1.290797087e-07 
9.8524779446e-08 7.4464615807e-08 5.5726481207e-08 4.1292910424e-08 3.0296394726e-08 2.2009560396e-08 1.5832332778e-08 1.1277283107e-08 7.954452208e-09 
5.5564224333e-09 3.8443213057e-09 2.6351572036e-09 1.7907333394e-09 1.2081993184e-09 8.1221690484e-10 5.4864385257e-10 3.795856407e-10 2.7966695626e-10 
2.3337828892e-10 
MMP 1 10000 double
1.454495081e-25 3.8665615443e-25 1.2438805099e-24 4.0096383807e-24 1.2708203662e-23 3.9534436375e-23 1.206929922e-22 3.615338169e-22 1.0624490753e-21 
3.0624518391e-21 8.6559757823e-21 2.3982903095e-20 6.5110093738e-20 1.7311892434e-19 4.505549399e-19 1.1470569389e-18 2.8546807372e-18 6.9397798143e-18 
1.6466997128e-17 3.8108346478e-17 8.5944416369e-17 1.8874182377e-16 4.0331558487e-16 8.3799722329e-16 1.6919284069e-15 3.3175580626e-15 6.3146471389e-15 
1.1663198144e-14 2.0898867625e-14 3.6326475004e-14 6.1255342433e-14 1.0022589177e-13 1.5918420282e-13 2.4555411957e-13 3.6816022778e-13 5.3697047893e-13 
7.6264867902e-13 1.055927264e-12 1.4268153716e-12 1.883647318e-12 2.4319257545e-12 3.0729190893e-12 3.8019361964e-12 4.6063560952e-12 5.4636403908e-12 
6.3398769741e-12 7.1896100184e-12 7.9577976153e-12 8.5844421849e-12 9.0117626902e-12 9.1929337406e-12 9.1006074204e-12 8.7329778825e-12 8.1156982176e-12 
7.2988377495e-12 6.3493810903e-12 5.3411298821e-12 4.344239378e-12 3.4166660386e-12 2.5989700843e-12 1.9128544235e-12 1.3629809087e-12 9.4090967656e-13 
6.298860088e-13 4.0937541443e-13 2.5864296056e-13 1.590907717e-13 9.5423228509e-14 5.5904767442e-14 3.2042724458e-14 1.7993991849e-14 9.911882987e-15 
5.3600875942e-15 2.8467646568e-15 1.4848843319e-15 7.6038576485e-16 3.8202673523e-16 1.8815439319e-16 9.0762690497e-17 4.2844187095e-17 1.9775297716e-17 
8.9188367268e-18 3.9284039789e-18 1.6891905954e-18 7.0890143638e-19 2.9032286912e-19 1.1602561307e-19 4.5251270839e-20 1.7225423949e-20 6.4010907221e-21 
2.3226549015e-21 8.2314871291e-22 2.8501097695e-22 9.6442606486e-23 3.1903614444e-23 1.0321007222e-23 3.2667627414e-24 1.0135909096e-24 3.1417056082e-25 
1.1748899892e-25 3.8039102112e-25 1.0093956487e-24 3.2414929629e-24 1.0430046732e-23 3.2993880169e-23 1.0243308998e-22 3.1203863898e-22 9.32574348e-22 
2.7340056001e-21 7.8608427639e-21 2.2160556351e-20 6.1234086946e-20 1.6578128947e-19 4.3954490745e-19 1.1406736895e-18 2.8956389989e-18 7.1855533723e-18 
1.7417882602e-17 4.1211653512e-17 9.510311893e-17 2.1388350865e-16 4.6841514906e-16 9.9823012828e-16 2.0685736771e-15 4.1655644625e-15 8.1469373755e-15 
1.5467836362e-14 2.8498630186e-14 5.0942103048e-14 8.8338102837e-14 1.4861545425e-13 2.4261696168e-13 3.8449441114e-13 5.9185425658e-13 8.855463563e-13 
1.2890222743e-12 1.8272473378e-12 2.5251938127e-12 3.4059573738e-12 4.4885154621e-12 5.7850438849e-12 7.2976815563e-12 9.0146119736e-12 1.0905590667e-11 
1.2917460504e-11 1.4970890846e-11 1.6960047949e-11 1.8757133e-11 2.0223033317e-11 2.1223809168e-11 2.1650818291e-11 2.1440240208e-11 2.0587222899e-11 
1.9150325423e-11 1.7244742093e-11 1.5025244937e-11 1.2663014734e-11 1.0321589937e-11 8.1370171018e-12 6.2054935843e-12 4.5796582672e-12 3.2723635e-12 
2.2655180683e-12 1.521047936e-12 9.9144542402e-13 6.2822484844e-13 3.8755221363e-13 2.33141631e-13 1.3699768587e-13 7.8762449579e-14 4.4368426034e-14 
2.4518329194e-14 1.3302050196e-14 7.0879471387e-15 3.709156429e-15 1.9054639306e-15 9.6027341725e-16 4.7433278593e-16 2.2943750849e-16 1.0858009472e-16 
5.0233365038e-17 2.2703798326e-17 1.0019402186e-17 4.3157730734e-18 1.8140374822e-18 7.4396965505e-19 2.9770178547e-19 1.1624083512e-19 4.429471724e-20 
1.6475912688e-20 5.9835454585e-21 2.1222689845e-21 7.3537038032e-22 2.4900834973e-22 8.2426517197e-23 2.6681831724e-23 8.4501699428e-24 2.6233508266e-24 
8.1359549099e-25 3.0444136671e-25 1.2019439739e-24 3.184030954e-24 1.0207774917e-23 3.2788839442e-23 1.0353348784e-22 3.2080607695e-22 9.7524038862e-22 
2.9082658576e-21 8.5063893774e-21 2.4398377176e-20 6.8607814034e-20 1.8908100277e-19 5.1052708527e-19 1.3498623931e-18 3.4932689264e-18 8.8427708521e-18 
2.1881337606e-17 5.2890927601e-17 1.2479178917e-16 2.8717934746e-16 6.4408660595e-16 1.4067750828e-15 2.9899966577e-15 6.1798507392e-15 1.2412765551e-14 
2.4215757166e-14 4.5863073268e-14 8.4296386874e-14 1.503264066e-13 2.6007746846e-13 4.3655470948e-13 7.1111747133e-13 1.1245593215e-12 1.7274554183e-12 
2.5794717924e-12 3.7474420268e-12 5.3021567172e-12 7.3139888243e-12 9.8474639901e-12 1.2954875887e-11 1.6668734101e-11 2.0992763083e-11 2.589111564e-11 
3.1276103235e-11 3.6995968788e-11 4.282606908e-11 4.8468090652e-11 5.3562820845e-11 5.771967973e-11 6.0562742321e-11 6.1786527283e-11 6.1210474189e-11 
5.8818547255e-11 5.4772093111e-11 4.9391397222e-11 4.3108946968e-11 3.6405302384e-11 2.9742201757e-11 2.3506604649e-11 1.7975369457e-11 1.330356051e-11 
9.5337609335e-12 6.6199302984e-12 4.4577089416e-12 2.9141400664e-12 1.8518932048e-12 1.1457193701e-12 6.9121038103e-13 4.0733415989e-13 2.3486486193e-13 
1.3269515152e-13 7.3548900802e-14 4.0024420952e-14 2.1392089828e-14 1.1228532176e-14 5.7854018952e-15 2.9239141117e-15 1.4481922411e-15 7.022735872e-16 
3.3312683497e-16 1.5444904639e-16 6.9942673593e-17 3.0921242142e-17 1.3340471134e-17 5.6154967409e-18 2.3060312757e-18 9.2385693305e-19 3.6111639806e-19 
1.3774093945e-19 5.1279779299e-20 1.8638413225e-20 6.6157174339e-21 2.2939570253e-21 7.7727699401e-22 2.5745107993e-22 8.338642208e-23 2.6423213142e-23 
8.207472941e-24 2.5468194859e-24 9.5355011451e-25 3.7967942421e-24 1.0041399419e-23 3.2139455456e-23 1.0306379374e-22 3.2485279455e-22 1.0046640673e-21 
3.0479487134e-21 9.0696961433e-21 2.6467501624e-20 7.5733315851e-20 2.124276715e-19 5.8392307952e-19 1.572395071e-18 4.1461001318e-18 1.0699652361e-17 
2.7008540533e-17 6.6643374385e-17 1.6063359128e-16 3.7793855718e-16 8.6732356857e-16 1.9399100077e-15 4.2256216396e-15 8.9574911548e-15 1.8465689251e-14 
3.6995620868e-14 7.1994080348e-14 1.360196542e-13 2.4940767225e-13 4.4373256155e-13 7.659450873e-13 1.2828244326e-12 2.0851100794e-12 3.2904529795e-12 
5.0442098415e-12 7.5172238226e-12 1.090004649e-11 1.5393518057e-11 2.119600849e-11 2.8487802395e-11 3.7412895698e-11 4.8057759161e-11 6.0426323667e-11 
7.4410304307e-11 8.9755668176e-11 1.060292687e-10 1.2259508686e-10 1.3861241321e-10 1.5307170809e-10 1.6487648746e-10 1.7297123456e-10 1.7649642858e-10 
1.7494029836e-10 1.6824930338e-10 1.5686586752e-10 1.4167848839e-10 1.2389399229e-10 1.0486091162e-10 8.5882960466e-11 6.8062326608e-11 5.219771837e-11 
3.8747755005e-11 2.7852961257e-11 1.9399506307e-11 1.3102778411e-11 8.5911390849e-12 5.4753862035e-12 3.3970998757e-12 2.0551904362e-12 1.2144954096e-12 
7.0221384046e-13 3.9785419425e-13 2.2114516436e-13 1.2068975376e-13 6.4691124907e-14 3.4052404993e-14 1.7593919553e-14 8.9156257043e-15 4.4270232045e-15 
2.1518910141e-15 1.0230007598e-15 4.7525393426e-16 2.1561546604e-16 9.5481266201e-17 4.1256020172e-17 1.738987592e-17 7.1500458173e-18 2.8676978717e-18 
1.122060885e-18 4.2838427644e-19 1.5961879391e-19 5.8061041504e-20 2.0623643464e-20 7.1559063597e-21 2.4262067666e-21 8.0408852078e-22 2.6058463739e-22 
8.2617655039e-23 2.5675769012e-23 7.9715569875e-24 2.9862990238e-24 1.1756065116e-23 3.1039597183e-23 9.918410008e-23 3.1752045235e-22 9.9899850619e-22 
3.0835835169e-21 9.3355741258e-21 2.7718276258e-20 8.0699204186e-20 2.3034113362e-19 6.4442622315e-19 1.7666480981e-18 4.7440536937e-18 1.2473549456e-17 
3.209661947e-17 8.0782154219e-17 1.9874177563e-16 4.7762541475e-16 1.1204660882e-15 2.5638827575e-15 5.7181512909e-15 1.2420594677e-14 2.6256622066e-14 
5.3981247098e-14 1.0786420449e-13 2.093623262e-13 3.9455092839e-13 7.2166507796e-13 1.2808456552e-12 2.205708706e-12 3.6856906416e-12 5.977350559e-12 
9.4121993185e-12 1.4398341894e-11 2.1413544549e-11 3.0988347305e-11 4.3678931999e-11 6.0030876103e-11 8.0535342284e-11 1.0557823366e-10 1.3538226096e-10 
1.6993885465e-10 2.089293738e-10 2.5163518491e-10 2.9685046088e-10 3.4281841255e-10 3.8722908213e-10 4.273155163e-10 4.6007658794e-10 4.8262160934e-10 
4.9259002433e-10 4.8856324542e-10 4.7036574635e-10 4.3917178227e-10 3.9737696467e-10 3.4825928252e-10 2.9550545344e-10 2.427077983e-10 1.9293368292e-10 
1.4843891394e-10 1.105548153e-10 7.9734899239e-11 5.5718575587e-11 3.775484092e-11 2.4832223083e-11 1.5874045134e-11 9.8774590937e-12 5.9926477843e-12 
3.551168257e-12 2.0589506662e-12 1.1697826952e-12 6.5203712655e-13 3.5685058966e-13 1.9181437851e-13 1.0124900592e-13 5.2454412613e-14 2.6650304346e-14 
1.3265819209e-14 6.4631739427e-15 3.0791472989e-15 1.4332876376e-15 6.5142736405e-16 2.8894252595e-16 1.2503213477e-16 5.2772945176e-17 2.1724494236e-17 
8.722718821e-18 3.4164079243e-18 1.3055227206e-18 4.8685534749e-19 1.7723019293e-19 6.2998624752e-20 2.187370724e-20 7.420962816e-21 2.4609126075e-21 
7.9797402835e-22 2.531340544e-22 7.8710452219e-23 2.4450526032e-23 9.1649213103e-24 3.5607029249e-23 9.3854707266e-23 2.9939954742e-22 9.5681613197e-22 
3.0048109213e-21 9.2564442835e-21 2.7964304329e-20 8.2840309503e-20 2.4060006022e-19 6.8499876011e-19 1.911296965e-18 5.2250637694e-18 1.399054576e-17 
3.6676119643e-17 9.4087963177e-17 2.3607710859e-16 5.7900472357e-16 1.3871845872e-15 3.2441882805e-15 7.400806381e-15 1.6456151017e-14 3.5639263621e-14 
7.5121407304e-14 1.5400422365e-13 3.0687339605e-13 5.9401854095e-13 1.1164812564e-12 2.0368481207e-12 3.6059655695e-12 6.1944438294e-12 1.0325959705e-11 
1.6707295269e-11 2.6248442656e-11 4.0065350343e-11 5.9459097368e-11 8.5867472854e-11 1.2078929523e-10 1.656838694e-10 2.2185098203e-10 2.9029359472e-10 
3.7156289157e-10 4.6558090716e-10 5.714348994e-10 6.871476721e-10 8.094528936e-10 9.3363483611e-10 1.0535243788e-09 1.1617542484e-09 1.2503426072e-09 
1.3115939446e-09 1.3392020826e-09 1.3293331991e-09 1.2814223016e-09 1.1984696568e-09 1.086723822e-09 9.5481589302e-10 8.1253165307e-10 6.6949568112e-10 
5.3402443578e-10 4.1233899628e-10 3.0822444597e-10 2.2310887859e-10 1.5646428597e-10 1.0638546988e-10 7.0202989255e-11 4.5018488937e-11 2.8096382859e-11 
1.7095274848e-11 1.0158911039e-11 5.9064008025e-12 3.3649532813e-12 1.8808173335e-12 1.0322021016e-12 5.5636560897e-13 2.9447950155e-13 1.5296803808e-13 
7.7916514386e-14 3.8878680142e-14 1.898477984e-14 9.0635811844e-15 4.2270548193e-15 1.9245660058e-15 8.5501062119e-16 3.7051931618e-16 1.5659268826e-16 
6.4539946731e-17 2.5941965579e-17 1.017072578e-17 3.8901129612e-18 1.4519192133e-18 5.2895408438e-19 1.8815952357e-19 6.5375185737e-20 2.2193683965e-20 
7.3642767103e-21 2.3893285669e-21 7.5837083801e-22 2.3593999162e-22 7.333322288e-23 2.7504276016e-23 1.0544882949e-22 2.7747128423e-22 8.8363053968e-22 
2.818916417e-21 8.8358851422e-21 2.7164013549e-20 8.1885219625e-20 2.4200732709e-19 7.0113607158e-19 1.9909137194e-18 5.5397038357e-18 1.5100489793e-17 
4.0311313738e-17 1.0534855814e-16 2.6940219054e-16 6.7378458693e-16 1.6471659979e-15 3.9334579532e-15 9.1693086839e-15 2.085030892e-14 4.6215005293e-14 
9.9776381547e-14 2.0966861331e-13 4.2855004484e-13 8.5144602957e-13 1.6434511087e-12 3.0803317796e-12 5.6043290668e-12 9.895452513e-12 1.6954901025e-11 
2.8192401538e-11 4.5503739665e-11 7.132049118e-11 1.0861256339e-10 1.6082722654e-10 2.317546155e-10 3.2532129768e-10 4.4531975329e-10 5.9508759032e-10 
7.7714751301e-10 9.9280683674e-10 1.2417065154e-09 1.5213064142e-09 1.8263149881e-09 2.148139e-09 2.4744841731e-09 2.7893607424e-09 3.0737310475e-09 
3.3069904593e-09 3.4692504425e-09 3.5441385382e-09 3.5215561578e-09 3.3997265003e-09 3.1859936911e-09 2.8960873699e-09 2.5519906188e-09 2.1788899573e-09 
1.8018302406e-09 1.4427646855e-09 1.1184405624e-09 8.3939055706e-10 6.0999938434e-10 4.2942779888e-10 2.9305211036e-10 1.9405282936e-10 1.2484464851e-10 
7.8156404959e-11 4.7693685806e-11 2.8422125764e-11 1.6570292014e-11 9.4661414124e-12 5.3054882536e-12 2.9196324178e-12 1.5779836205e-12 8.3744952162e-13 
4.3614761867e-13 2.2271288004e-13 1.1139140554e-13 5.4513376913e-14 2.6078538471e-14 1.2185254196e-14 5.557410272e-15 2.4727894462e-15 1.0731020175e-15 
4.541091861e-16 1.8738130357e-16 7.5398955437e-17 2.9589693114e-17 1.1327733909e-17 4.2314233984e-18 1.5427665989e-18 5.4919322942e-19 1.9094588146e-19 
6.4864918697e-20 2.1536770081e-20 6.991746551e-21 2.2204560906e-21 6.9120643799e-22 2.1496070917e-22 8.0672847851e-23 3.0524186391e-22 8.0180347472e-22 
2.5489889654e-21 8.1171112341e-21 2.5394176618e-20 7.7907152963e-20 2.3432548168e-19 6.9088089314e-19 1.9964913983e-18 5.6537881722e-18 1.5686653136e-17 
4.2631565282e-17 1.1345151355e-16 2.9553553924e-16 7.5325861788e-16 1.8775857469e-15 4.5744192193e-15 1.0886471473e-14 2.5291018059e-14 5.7315324633e-14 
1.2661582666e-13 2.7246035831e-13 5.7069919537e-13 1.162797289e-12 2.303140751e-12 4.4321408522e-12 8.2828648454e-12 1.5026790576e-11 2.6458788285e-11 
4.521200081e-11 7.4980251175e-11 1.2071206534e-10 1.8872911567e-10 2.8671987007e-10 4.2356601559e-10 6.0898014409e-10 8.5295631669e-10 1.1650613807e-09 
1.5536054665e-09 2.0247203913e-09 2.581356684e-09 3.2221780799e-09 3.9403169616e-09 4.722018776e-09 5.5453246439e-09 6.3791474325e-09 7.1832961801e-09 
7.9100805905e-09 8.5079303602e-09 8.9269924786e-09 9.1259826362e-09 9.0789811225e-09 8.7805434035e-09 8.247787342e-09 7.5188086868e-09 6.6476828486e-09 
5.6971489748e-09 4.7304737905e-09 3.8040459671e-09 2.9618620889e-09 2.2326120952e-09 1.6294104954e-09 1.1517699017e-09 7.8903478196e-10 5.2437065801e-10 
3.3849170689e-10 2.1257200167e-10 1.3010294231e-10 7.7751867444e-11 4.5454490866e-11 2.6037210582e-11 1.4632378642e-11 8.0738740346e-12 4.3753312605e-12 
2.3280999524e-12 1.2155615056e-12 6.2221663369e-13 3.119189206e-13 1.5297497698e-13 7.3325887192e-14 3.4323763856e-14 1.5680167193e-14 6.9874627731e-15 
3.036468485e-15 1.2865621552e-15 5.3148670462e-16 2.1408489074e-16 8.409683237e-17 3.222326744e-17 1.2046848337e-17 4.3956654857e-18 1.5659119396e-18 
5.4482095949e-19 1.8519976794e-19 6.1529972036e-20 1.9987462409e-20 6.3514425178e-21 1.9782977546e-21 6.1560877411e-22 2.3118143118e-22 8.6340187415e-22 
2.2640058574e-21 7.1848277927e-21 2.2838196603e-20 7.1309379452e-20 2.1831012765e-19 6.5513081915e-19 1.9268589207e-18 5.5536410018e-18 1.568339239e-17 
4.3386092967e-17 1.1754536936e-16 3.1180233054e-16 8.0951065824e-16 2.0561703619e-15 5.1072351304e-15 1.2398604008e-14 2.9401187837e-14 6.8058975339e-14 
1.5368834135e-13 3.383192435e-13 7.2549496792e-13 1.5144658531e-12 3.0754563392e-12 6.0717451032e-12 1.1647420875e-11 2.1699799943e-11 3.9249662548e-11 
6.8907983486e-11 1.1741356498e-10 1.9418300301e-10 3.117806846e-10 4.8618997717e-10 7.367612076e-10 1.0857361676e-09 1.5572940715e-09 2.1761332736e-09 
2.9656666012e-09 3.9459280288e-09 5.1312940563e-09 6.5280487682e-09 8.1317672596e-09 9.9244159557e-09 1.1871279959e-08 1.3917922814e-08 1.5988153024e-08 
1.7984129741e-08 1.9790157069e-08 2.1281255869e-08 2.233630525e-08 2.2854308668e-08 2.2770462849e-08 2.2068510575e-08 2.0786105281e-08 1.9011674013e-08 
1.6873345388e-08 1.4522189673e-08 1.2113167358e-08 9.7871710736e-09 7.657004808e-09 5.7991229596e-09 4.2517065424e-09 3.0184110766e-09 2.0761801167e-09 
1.3849443814e-09 8.9710017193e-10 5.6517929226e-10 3.4694785933e-10 2.0793070044e-10 1.2189139975e-10 7.0009345543e-11 3.944844798e-11 2.1824356558e-11 
1.1857728341e-11 6.3255529287e-12 3.3108734938e-12 1.6987347943e-12 8.5346096509e-13 4.1942409832e-13 2.0142432644e-13 9.4450075744e-14 4.3216078367e-14 
1.9285925464e-14 8.3919137034e-15 3.5599591986e-15 1.4722632234e-15 5.9363536485e-16 2.3341109886e-16 8.9514091141e-17 3.349278123e-17 1.2230319479e-17 
4.3601215347e-18 1.5180580936e-18 5.1637618278e-19 1.7166962636e-19 5.5800369814e-20 1.7742626705e-20 5.529682604e-21 1.7218113821e-21 6.4703219629e-22 
2.385728231e-21 6.2448307306e-21 1.9782982392e-20 6.2768377736e-20 1.9559952204e-19 5.975384724e-19 1.7890237473e-18 5.2487529814e-18 1.5087721433e-17 
4.2486130387e-17 1.1717726737e-16 3.1645516192e-16 8.3663244145e-16 2.1645577566e-15 5.4783469461e-15 1.355760766e-14 3.2790718925e-14 7.7465750557e-14 
1.7864624168e-13 4.0190190043e-13 8.8143929005e-13 1.8832596073e-12 3.9171894894e-12 7.9267929026e-12 1.559590998e-11 2.9817703862e-11 5.5371467828e-11 
9.9836819367e-11 1.7473798797e-10 2.9685001679e-10 4.8951775966e-10 7.8375761436e-10 1.2188500209e-09 1.8421207892e-09 2.7076734188e-09 3.8739527142e-09 
5.4001834116e-09 7.341900421e-09 9.7458228154e-09 1.26443922e-08 1.6050043072e-08 1.9949249364e-08 2.4296079815e-08 2.9005454039e-08 3.3946626843e-08 
3.893878997e-08 4.3751448686e-08 4.8113243167e-08 5.1731138484e-08 5.4320402398e-08 5.5641368846e-08 5.5536293786e-08 5.3958014945e-08 5.0983452127e-08 
4.6808306564e-08 4.1724092625e-08 3.6081775789e-08 3.024899442e-08 2.4568086232e-08 1.9321239719e-08 1.4707715046e-08 1.0835601749e-08 7.7275812416e-09 
5.3377382514e-09 3.5743761284e-09 2.3234978386e-09 1.468578037e-09 9.0424318033e-10 5.4347243372e-10 3.1946442713e-10 1.8397866564e-10 1.0394084898e-10 
5.765380881e-11 3.1404920331e-11 1.6794740945e-11 8.8115521824e-12 4.5312226193e-12 2.2813391801e-12 1.1233310289e-12 5.4043726959e-13 2.5383289763e-13 
1.1631623128e-13 5.1978966243e-14 2.264587816e-14 9.6176550814e-15 3.981681233e-15 1.6070301887e-15 6.3244133229e-16 2.4275053708e-16 9.090114068e-17 
3.3219083709e-17 1.1851290433e-17 4.1291470651e-18 1.4055065228e-18 4.675700968e-19 1.5207935282e-19 4.838669572e-20 1.5089717924e-20 4.7016517887e-21 
1.7680585736e-21 6.4378768334e-21 1.682185513e-20 5.3195183862e-20 1.6846861834e-19 5.2393790605e-19 1.5971234286e-18 4.7705805488e-18 1.3960881409e-17 
4.0022012281e-17 1.1237199652e-16 3.0896458487e-16 8.3167676932e-16 2.1912024485e-15 5.6488301145e-15 1.4243795827e-14 3.5115800648e-14 8.4602274188e-14 
1.9908236843e-13 4.5729999648e-13 1.024743658e-12 2.2386647657e-12 4.7646452755e-12 9.8729696293e-12 1.9904817378e-11 3.9020845582e-11 7.4340547607e-11 
1.3757668615e-10 2.4722843217e-10 4.313061297e-10 7.3041039883e-10 1.2007990158e-09 1.9168808763e-09 2.9724447348e-09 4.4799093324e-09 6.5670482385e-09 
9.3709431326e-09 1.3029300305e-08 1.7669684382e-08 2.3397356941e-08 3.0282546248e-08 3.8347479858e-08 4.7553331939e-08 5.7786618157e-08 6.8845132262e-08 
8.0424769067e-08 9.2110518324e-08 1.033778787e-07 1.136120531e-07 1.2214961487e-07 1.2834347274e-07 1.3164262214e-07 1.3167316126e-07 1.2830236074e-07 
1.2167187435e-07 1.1219140106e-07 1.004951713e-07 8.7367943991e-08 7.3653758648e-08 6.0161177373e-08 4.7578765816e-08 3.6414203208e-08 2.6964718458e-08 
1.932169269e-08 1.3404383381e-08 9.0117593388e-09 5.8791838065e-09 3.7282585907e-09 2.3026336393e-09 1.387944204e-09 8.1812773223e-10 4.7242992851e-10 
2.6761093341e-10 1.4882295396e-10 8.1270622176e-11 4.3567430913e-11 2.2910841627e-11 1.1807045792e-11 5.9564072424e-12 2.9383266653e-12 1.4160090201e-12 
6.6608779039e-13 3.0565185257e-13 1.3676172282e-13 5.9652627347e-14 2.5361411579e-14 1.0509946693e-14 4.2457958468e-15 1.6723699926e-15 6.4243520934e-16 
2.4075683328e-16 8.8048816787e-17 3.1435215779e-17 1.0960162969e-17 3.7332567696e-18 1.2427787964e-18 4.0448726118e-19 1.2877887696e-19 4.0186828458e-20 
1.2529967129e-20 4.7153858949e-21 1.696119952e-20 4.4240217023e-20 1.3964960702e-19 4.4144830174e-19 1.3701517894e-18 4.1675431348e-18 1.2418953882e-17 
3.6250535218e-17 1.0363384582e-16 2.901178371e-16 7.9515567325e-16 2.1332503601e-15 5.6006081053e-15 1.4384860694e-14 3.6133148204e-14 8.8728842524e-14 
2.1290586481e-13 4.9894843032e-13 1.1413748635e-12 2.547096865e-12 5.5415706746e-12 1.1746487463e-11 2.4243053745e-11 4.86849068e-11 9.5075565476e-11 
1.8045813455e-10 3.3274999423e-10 5.9585258949e-10 1.0359482161e-09 1.7485395354e-09 2.8653552864e-09 4.5597974285e-09 7.0493282323e-09 1.0593180555e-08 
1.5484161509e-08 2.2034068792e-08 3.0553152897e-08 4.1324895506e-08 5.4578066511e-08 7.0457979007e-08 8.8998213243e-08 1.1009312573e-07 1.3347077754e-07 
1.5866550029e-07 1.8499292764e-07 2.1153296359e-07 2.3713432995e-07 2.6045407253e-07 2.800444463e-07 2.9448523264e-07 3.0255080219e-07 3.0337815815e-07 
2.9660580481e-07 2.8245199246e-07 2.6171832701e-07 2.3571655561e-07 2.0613059348e-07 1.7483340287e-07 1.4368016821e-07 1.1431003344e-07 8.79860238e-08 
6.5501325253e-08 4.7165858774e-08 3.2867689015e-08 2.2186650739e-08 1.4527784309e-08 9.2439096377e-09 5.7271498655e-09 3.4623828249e-09 2.0467327833e-09 
1.1851596371e-09 6.7314759322e-10 3.7532510433e-10 2.0547434587e-10 1.104120198e-10 5.8191444718e-11 3.0050344157e-11 1.5188194452e-11 7.5051631576e-12 
3.6223762705e-12 1.7063281127e-12 7.8398041097e-13 3.511893467e-13 1.5334321269e-13 6.5257803501e-14 2.7067977986e-14 1.0944303494e-14 4.3143623168e-15 
1.6586471059e-15 6.2205946122e-16 2.2766480088e-16 8.133934308e-17 2.8379653609e-17 9.673406598e-18 3.2224297279e-18 1.0495185928e-18 3.3436783274e-19 
1.0441417508e-19 3.2578931709e-20 1.2269932725e-20 4.361602201e-20 1.1356264402e-19 3.5783326651e-19 1.1290464252e-18 3.4972364982e-18 1.061411775e-17 
3.1553926123e-17 9.1867148669e-17 2.6189946386e-16 7.3097603977e-16 1.9970307333e-15 5.3393560393e-15 1.3967283615e-14 3.5738308878e-14 8.941624703e-14 
2.1867494523e-13 5.2251540768e-13 1.219301461e-12 2.7772038141e-12 6.1708155946e-12 1.3367601297e-11 2.8214293749e-11 5.7984995278e-11 1.1596421046e-10 
2.255483994e-10 4.2641509768e-10 7.8325934627e-10 1.3973511237e-09 2.4206485705e-09 4.0713978855e-09 6.6491754325e-09 1.054634069e-08 1.6252302615e-08 
2.434705948e-08 3.5481374283e-08 5.0342563895e-08 6.9607381192e-08 9.388473643e-08 1.2365337909e-07 1.5919903262e-07 2.0055516359e-07 2.4744818461e-07 
2.9924626688e-07 3.5491095218e-07 4.1295331243e-07 4.714062527e-07 5.2783633464e-07 5.7942156673e-07 6.2312091131e-07 6.5593235377e-07 6.7521847313e-07 
6.7904085199e-07 6.664467378e-07 6.3765031655e-07 5.9408273501e-07 5.3830081015e-07 4.737601671e-07 4.0447056904e-07 3.3456748838e-07 2.6785451723e-07 
2.0739743434e-07 1.5524851449e-07 1.1235436403e-07 7.8653215496e-08 5.331390085e-08 3.5042230451e-08 2.2375079567e-08 1.390808535e-08 8.4343803053e-09 
5.0007624708e-09 2.9040563287e-09 1.6540427916e-09 9.2469565338e-10 5.0750248448e-10 2.7334365327e-10 1.4437030738e-10 7.4697317776e-11 3.7819074261e-11 
1.8716835373e-11 9.0460798574e-12 4.2663966977e-12 1.9623807787e-12 8.7994639787e-13 3.8457591603e-13 1.6380461169e-13 6.7999384877e-14 2.7515501067e-14 
1.0855117701e-14 4.1763035697e-15 1.5674154107e-15 5.7406075107e-16 2.0524361377e-16 7.1660774048e-17 2.4443206953e-17 8.1482931708e-18 2.6556939623e-18 
8.4667756978e-19 2.645833349e-19 8.2616576534e-20 3.1140787741e-20 1.0944629602e-19 2.8445919255e-19 8.9472135713e-19 2.817793445e-18 8.7105460312e-18 
2.637842412e-17 7.8230904217e-17 2.2717248945e-16 6.4581386495e-16 1.7970379958e-15 4.8935494701e-15 1.3038218068e-14 3.3981298271e-14 8.6611436339e-14 
2.1582091854e-13 5.2558744032e-13 1.2504293391e-12 2.9049850633e-12 6.5869731544e-12 1.4569762063e-11 3.1419242208e-11 6.6017122324e-11 1.3507400753e-10 
2.6895630167e-10 5.2088117153e-10 9.8065755516e-10 1.7940097186e-09 3.1879328066e-09 5.5013646971e-09 9.2186693834e-09 1.5001283771e-08 2.3710859054e-08 
3.6416029303e-08 5.4375217218e-08 7.8990233021e-08 1.1172862457e-07 1.5401843712e-07 2.0712239746e-07 2.7200317732e-07 3.4919037262e-07 4.3866154442e-07 
5.3973838021e-07 6.509992545e-07 7.7020234812e-07 8.9422047722e-07 1.0190041166e-06 1.1396105037e-06 1.2503500102e-06 1.3450908227e-06 1.4177300045e-06 
1.462786372e-06 1.47602384e-06 1.4550147398e-06 1.3995514792e-06 1.3118565221e-06 1.1965587419e-06 1.0604023828e-06 9.1166049287e-07 7.5928176102e-07 
6.1186756284e-07 4.7666964065e-07 3.5882885641e-07 2.6102455308e-07 1.8358488774e-07 1.2497193325e-07 8.2464900686e-08 5.2848648124e-08 3.2964340591e-08 
2.0057418837e-08 1.1930277211e-08 6.9495817989e-09 3.9698750953e-09 2.2254966758e-09 1.2245315872e-09 6.6105565466e-10 3.498583645e-10 1.8134040103e-10 
9.195462447e-11 4.5569905488e-11 2.2050234902e-11 1.0410215225e-11 4.7926940194e-12 2.1508730127e-12 9.4075550301e-13 4.0099515505e-13 1.6658073846e-13 
6.7452357447e-14 2.6628743969e-14 1.0251887094e-14 3.8502793178e-15 1.4111217383e-15 5.0486742371e-16 1.7639786705e-16 6.0211244411e-17 2.008616708e-17 
6.5512328147e-18 2.0901693958e-18 6.5365781728e-19 2.0426810344e-19 7.7062233204e-20 2.6792964237e-19 6.9513715099e-19 2.1825394141e-18 6.8608006095e-18 
2.1165781709e-17 6.3956096185e-17 1.8922112531e-16 5.4804169888e-16 1.5535885507e-15 4.3098035855e-15 1.1697556342e-14 3.1057025441e-14 8.064070787e-14 
2.0472442101e-13 5.0802206409e-13 1.2318364644e-12 2.9175769873e-12 6.7470152729e-12 1.5227279507e-11 3.3522518095e-11 7.1948370872e-11 1.5046314195e-10 
3.0641725268e-10 6.0732457952e-10 1.1708846115e-09 2.1946962026e-09 3.997720821e-09 7.0742385283e-09 1.2158426266e-08 2.0293894565e-08 3.2897965241e-08 
5.1806406276e-08 7.9281988974e-08 1.1797142463e-07 1.7079976544e-07 2.4079989203e-07 3.3088468854e-07 4.435789549e-07 5.8073669607e-07 7.4327215316e-07 
9.3092660336e-07 1.142088081e-06 1.3736587334e-06 1.6209572777e-06 1.8776499928e-06 2.1357241167e-06 2.385560947e-06 2.6161840196e-06 2.8157649012e-06 
2.9724010346e-06 3.0751007216e-06 3.1148624657e-06 3.0857186175e-06 2.9856389574e-06 2.817217819e-06 2.5880369776e-06 2.3105201308e-06 2.0010836579e-06 
1.6785188564e-06 1.3617675449e-06 1.067520202e-06 8.0823161852e-07 5.9102183059e-07 4.1767606263e-07 2.8558503118e-07 1.8922922607e-07 1.2174696451e-07 
7.622682574e-08 4.6550507449e-08 2.7786374091e-08 1.6240688794e-08 9.3067367146e-09 5.2324984345e-09 2.88655988e-09 1.5618248916e-09 8.2818080172e-10 
4.2996156635e-10 2.1831839114e-10 1.0831186642e-10 5.2458148936e-11 2.4785732494e-11 1.1418844169e-11 5.1277892522e-12 2.2441356499e-12 9.5710874122e-13 
3.9782828182e-13 1.6118337676e-13 6.3669650606e-14 2.4527434798e-14 9.217565845e-15 3.3804405181e-15 1.2102639684e-15 4.2315436704e-16 1.4454204316e-16 
4.8253882127e-17 1.5750126014e-17 5.0289260113e-18 1.573931559e-18 4.9226846912e-19 1.8588568161e-19 6.3975740898e-19 1.6569069768e-18 5.1929658529e-18 
1.6293760693e-17 5.0165609019e-17 1.5125136467e-16 4.4642225622e-16 1.2896023682e-15 3.6454074588e-15 1.0081690223e-14 2.7272958265e-14 7.2152773665e-14 
1.8663796366e-13 4.7191937858e-13 1.1661106109e-12 2.8150422531e-12 6.6367523456e-12 1.5275176957e-11 3.430777884e-11 7.5157519097e-11 1.6051210361e-10 
3.340167587e-10 6.7688760153e-10 1.3351058037e-09 2.5617488131e-09 4.7793435876e-09 8.6661779974e-09 1.5267557885e-08 2.6127496611e-08 4.3428304508e-08 
7.0116449535e-08 1.0998483901e-07 1.676779533e-07 2.4858863412e-07 3.5862612435e-07 5.0385267514e-07 6.9000606118e-07 9.2194665058e-07 1.2030837979e-06 
1.5348471152e-06 1.916258725e-06 2.3436386982e-06 2.8104516332e-06 3.3072481074e-06 3.82167309e-06 4.3385243771e-06 4.839920166e-06 5.3056878642e-06 
5.7140887293e-06 6.0429197219e-06 6.2709505073e-06 6.3795828282e-06 6.3546713136e-06 6.1884502429e-06 5.8814912336e-06 5.4443703448e-06 4.8984297791e-06 
4.2749265958e-06 3.6121430185e-06 2.9506522878e-06 2.3277821128e-06 1.7726692931e-06 1.3032163224e-06 9.2555779929e-07 6.3580000642e-07 4.231586388e-07 
2.7342804287e-07 1.7191716495e-07 1.0541893403e-07 6.3175441767e-08 3.7063998093e-08 2.1313249832e-08 1.2020023199e-08 6.6487015893e-09 3.6054217389e-09 
1.9152686104e-09 9.9574171131e-10 5.0614867853e-10 2.513173003e-10 1.2179651732e-10 5.7576131363e-11 2.6536722472e-11 1.1921270394e-11 5.2192143836e-12 
2.226826579e-12 9.2598032107e-13 3.7533851352e-13 1.4833711245e-13 5.7174574862e-14 2.1499020961e-14 7.8894207248e-15 2.8264276075e-15 9.8891255411e-16 
3.3804018193e-16 1.129364381e-16 3.6891371891e-17 1.1788681132e-17 3.6926409607e-18 1.1559598838e-18 4.3693556621e-19 1.4897374974e-18 3.8514803179e-18 
1.2049611948e-17 3.7737666993e-17 1.1595462825e-16 3.4884286956e-16 1.0271594798e-15 2.9594808134e-15 8.3420759788e-15 2.2999863393e-14 6.2012637321e-14 
1.6347365898e-13 4.2124257641e-13 1.060794356e-12 2.6099563049e-12 6.2721286498e-12 1.4717678465e-11 3.3709580266e-11 7.5333350669e-11 1.6419296478e-10 
3.4886171729e-10 7.2221961744e-10 1.4560623818e-09 2.857343917e-09 5.455053298e-09 1.012717199e-08 1.8274855407e-08 3.2044717102e-08 5.4588653597e-08 
9.0334538072e-08 1.4522322545e-07 2.2685183865e-07 3.4445736219e-07 5.086799888e-07 7.3107094067e-07 1.0233419516e-06 1.396396101e-06 1.8592232891e-06 
2.4177791147e-06 3.0739809063e-06 3.8249590943e-06 4.6626405492e-06 5.5736800277e-06 6.5396502578e-06 7.5373727668e-06 8.5392593974e-06 9.5137038443e-06 
1.0425587789e-05 1.1237053513e-05 1.1908664419e-05 1.2400970263e-05 1.2676648112e-05 1.2703410903e-05 1.2457995581e-05 1.1931245353e-05 1.1133412045e-05 
1.0097981431e-05 8.8819169832e-06 7.5607981671e-06 6.2190874814e-06 4.9377363212e-06 3.7824897845e-06 2.7961075375e-06 1.996164201e-06 1.3781061625e-06 
9.2169796062e-07 5.9845126543e-07 3.7808223396e-07 2.3293210916e-07 1.4022538153e-07 8.2617354735e-08 4.7690324578e-08 2.698517676e-08 1.4967492135e-08 
8.1340916225e-09 4.3280108386e-09 2.2527149035e-09 1.1459686533e-09 5.6928223247e-10 2.7597207852e-10 1.3048047365e-10 6.0144812741e-11 2.7021969731e-11 
1.1831896574e-11 5.0490675009e-12 2.1000493011e-12 8.5149888442e-13 3.3664756638e-13 1.2981473806e-13 4.8838784715e-14 1.7932622618e-14 6.4285684116e-15 
2.2507871929e-15 7.6995543721e-16 2.5743642079e-16 8.4161782592e-17 2.6916831018e-17 8.4387841127e-18 2.6442468166e-18 1.0005505345e-18 3.3825741693e-18 
8.729753165e-18 2.7263236061e-17 8.5227217691e-17 2.6135037475e-16 7.84544468e-16 2.3045763262e-15 6.6227816315e-15 1.8615305762e-14 5.1166627765e-14 
1.374981807e-13 3.6116590404e-13 9.2708490624e-13 2.3250609337e-12 5.6956561863e-12 1.3624828696e-11 3.1817663088e-11 7.2512766625e-11 1.6121806667e-10 
3.495387868e-10 7.3871014861e-10 1.5210805948e-09 3.0501698944e-09 5.9536215957e-09 1.1306279468e-08 2.0880893459e-08 3.7488835147e-08 6.5410134198e-08 
1.1088918939e-07 1.8264127277e-07 2.9228093013e-07 4.545553054e-07 6.8725694291e-07 1.0107050912e-06 1.446734359e-06 2.0171942197e-06 2.7420480819e-06 
3.6372396153e-06 4.7125704441e-06 5.9698745645e-06 7.4017802945e-06 8.9912491603e-06 1.0711918549e-05 1.2529089872e-05 1.4400974578e-05 1.6279873307e-05 
1.8113007172e-05 1.9842931579e-05 2.1407717213e-05 2.2741007342e-05 2.377245255e-05 2.4429360565e-05 2.4640828997e-05 2.4345803467e-05 2.350525574e-05 
2.2116564651e-05 2.0225690605e-05 1.7931617549e-05 1.5378864191e-05 1.2738023543e-05 1.0179024684e-05 7.8447201304e-06 5.8323439589e-06 4.1869525376e-06 
2.9064960927e-06 1.9546471322e-06 1.2762046708e-06 8.1075927483e-07 5.0223582093e-07 3.0392837402e-07 1.79929458e-07 1.0430338193e-07 5.922850832e-08 
3.2943386685e-08 1.794002813e-08 9.5588887916e-09 4.979502144e-09 2.5340940457e-09 1.2589588261e-09 6.1023341935e-10 2.8845500988e-10 1.3292908441e-10 
5.9709050204e-11 2.6140109174e-11 1.1154068988e-11 4.6394433434e-12 1.8814047542e-12 7.4401655626e-13 2.8700221995e-13 1.0802455122e-13 3.9685916093e-14 
1.4235635511e-14 4.9876734653e-15 1.7074862845e-15 5.713651746e-16 1.8695266519e-16 5.9845590876e-17 1.8780136574e-17 5.8907245461e-18 2.2315384916e-18 
7.488486765e-18 1.9292369823e-17 6.0143991319e-17 1.8766974476e-16 5.7434678351e-16 1.7203840552e-15 5.0416120999e-15 1.4450919099e-14 4.0504346432e-14 
1.109910029e-13 2.9727319239e-13 7.7805004193e-13 1.9895033971e-12 4.9689662107e-12 1.2119001983e-11 2.8855964493e-11 6.705826866e-11 1.5205015025e-10 
3.3627650664e-10 7.2514672045e-10 1.5240749773e-09 3.1207425533e-09 6.2228884268e-09 1.2078603895e-08 2.281093181e-08 4.189799796e-08 7.4818757412e-08 
1.298582788e-07 2.1902155822e-07 3.5894683492e-07 5.7164618283e-07 8.8485444394e-07 1.3317541061e-06 1.9498822894e-06 2.7791236334e-06 3.8588100324e-06 
5.2241075537e-06 6.9020456976e-06 8.9076374934e-06 1.1240686035e-05 1.3883881365e-05 1.6802603568e-05 1.9946501197e-05 2.3252487154e-05 2.6648307539e-05 
3.0055714888e-05 3.3392156183e-05 3.6570610973e-05 3.9497153921e-05 4.2066927563e-05 4.4159776735e-05 4.5638469601e-05 4.635347068e-05 4.6158627811e-05 
4.4938667997e-05 4.2644278437e-05 3.9324386307e-05 3.5142245906e-05 3.0365186831e-05 2.532693361e-05 2.0371975552e-05 1.5798692402e-05 1.1817813174e-05 
8.5356696218e-06 5.96209793e-06 4.0351151256e-06 2.6517016067e-06 1.6956103082e-06 1.0570815903e-06 6.4354765072e-07 3.830581079e-07 2.2308742587e-07 
1.2715366893e-07 7.0921338136e-08 3.869450893e-08 2.0639713938e-08 1.0756434854e-08 5.4736490895e-09 2.7182649465e-09 1.3167911206e-09 6.2202010209e-10 
2.8645408268e-10 1.2859231735e-10 5.6269315596e-11 2.4002020857e-11 9.9815208182e-12 4.0475886531e-12 1.6008302539e-12 6.1767220028e-13 2.3257440353e-13 
8.5485776986e-14 3.0683009573e-14 1.0757791075e-14 3.6857130981e-15 1.2343765612e-15 4.0426079423e-16 1.2953316197e-16 4.0690185619e-17 1.2777425835e-17 
4.8463999238e-18 1.6163782494e-17 4.1569002154e-17 1.2936195543e-16 4.0291237072e-16 1.2306312992e-15 3.6782359148e-15 1.0753720234e-14 3.0744487224e-14 
8.5932190454e-14 2.3475663145e-13 6.2668435979e-13 1.6343542188e-12 4.1630149848e-12 1.0354573102e-11 2.5142860016e-11 5.958649546e-11 1.3779019592e-10 
3.1081731633e-10 6.8371991402e-10 1.4662097092e-09 3.0641298387e-09 6.2380491883e-09 1.2366614399e-08 2.3863751863e-08 4.4806391486e-08 8.1826030396e-08 
1.4529427972e-07 2.5078145427e-07 4.2068359107e-07 6.8580641255e-07 1.0865855984e-06 1.6735442614e-06 2.5065758109e-06 3.6527351313e-06 5.1823772083e-06 
7.1637382462e-06 9.6563271654e-06 1.2703751963e-05 1.6326910554e-05 2.0518655219e-05 2.5241104595e-05 3.0426497688e-05 3.5981825931e-05 4.1796396545e-05 
4.7750618251e-05 5.3723364545e-05 5.9595651692e-05 6.5248183091e-05 7.0552217949e-05 7.5354211731e-05 7.9458230175e-05 8.2613471022e-05 8.4517414507e-05 
8.4845218225e-05 8.3308397734e-05 7.9733894381e-05 7.4140159995e-05 6.6781081841e-05 5.8134479332e-05 4.8831130698e-05 3.9543880121e-05 3.0870643968e-05 
2.3246622732e-05 1.6906047676e-05 1.1893538613e-05 8.1097150542e-06 5.3703020058e-06 3.4603833683e-06 2.173279654e-06 1.3321626966e-06 7.9772621575e-07 
4.6690666977e-07 2.6714818091e-07 1.4940511051e-07 8.1645964656e-08 4.3579547082e-08 2.2710164416e-08 1.1549618151e-08 5.7301954293e-09 2.7726902996e-09 
1.3081995487e-09 6.0177246519e-10 2.6986946011e-10 1.1799017319e-10 5.0297065124e-11 2.090749969e-11 8.4762093178e-12 3.352247516e-12 1.2936421682e-12 
4.8725460515e-13 1.7918063138e-13 6.4351098777e-14 2.2578362858e-14 7.7418675854e-15 2.5951605079e-15 8.5075121013e-16 2.7288137837e-16 8.5814681362e-17 
2.6979959788e-17 1.0247203591e-17 3.4018854865e-17 8.7332524698e-17 2.7129401215e-16 8.4342167522e-16 2.5709868228e-15 7.6678555405e-15 2.2365152807e-14 
6.3777582933e-14 1.77764704e-13 4.8416148478e-13 1.288223651e-12 3.347651583e-12 8.4943675357e-12 2.1040639717e-11 5.0865010121e-11 1.1997938754e-10 
2.7606569808e-10 6.1947480479e-10 1.3552546863e-09 2.8898583526e-09 6.0041922545e-09 1.2150946915e-08 2.3943711014e-08 4.5924316794e-08 8.5705579522e-08 
1.5557630206e-07 2.7460933438e-07 4.7121591251e-07 7.8594007391e-07 1.2740977127e-06 2.007676585e-06 3.0758035336e-06 4.5830793169e-06 6.6452648753e-06 
9.3821136034e-06 1.290759792e-05 1.7318207028e-05 2.2680485927e-05 2.9019545764e-05 3.6310517316e-05 4.4475291361e-05 5.3386138461e-05 6.2876904849e-05 
7.276017277e-05 8.2846541773e-05 9.2960966867e-05 0.00010294967797 0.00011267259833 0.00012197854085 0.00013066423708 0.00013842590852 0.0001448206458 
0.00014926216681 0.00015107379295 0.00014960758563 0.00014441003441 0.00013538748317 0.00012290873565 0.00010779684089 9.1201101895e-05 7.4383802712e-05 
5.8491317759e-05 4.4379103201e-05 3.2532436308e-05 2.308085277e-05 1.5878082195e-05 1.0610305253e-05 6.8980757533e-06 4.3689424274e-06 2.698447588e-06 
1.6263961697e-06 9.5687119028e-07 5.4957121165e-07 3.0810224416e-07 1.6857221397e-07 8.9992255425e-08 4.6866595937e-08 2.3805885263e-08 1.1792529619e-08 
5.6962563555e-09 2.6829225508e-09 1.2321321741e-09 5.5175880531e-10 2.4094223838e-10 1.0261107242e-10 4.2623987673e-11 1.7273014616e-11 6.8300694961e-12 
2.6358791452e-12 9.9307042624e-13 3.653491626e-13 1.3129150273e-13 4.6099663122e-14 1.5820800074e-14 5.3084651712e-15 1.7420754043e-15 5.5940967512e-16 
1.7613287809e-16 5.5449202021e-17 2.1091277551e-17 6.9821117748e-17 1.7892203847e-16 5.5481483902e-16 1.7216649808e-15 5.2376777808e-15 1.5587434026e-14 
4.5357906206e-14 1.2901504409e-13 3.5860133222e-13 9.7374679934e-13 2.5824071614e-12 6.687025933e-12 1.6902831565e-11 4.1696108372e-11 1.0035398901e-10 
2.355981521e-10 5.3938853384e-10 1.2039741426e-09 2.6194379998e-09 5.5534048471e-09 1.1469627026e-08 2.3070153787e-08 4.5178289554e-08 8.6109338326e-08 
1.5968943501e-07 2.8805678198e-07 5.0529013151e-07 8.6173361069e-07 1.4286196119e-06 2.3022794267e-06 3.6069166072e-06 5.4947727222e-06 8.142536899e-06 
1.1743254618e-05 1.6493448129e-05 2.2576094125e-05 3.0140639865e-05 3.9282196667e-05 5.0022874348e-05 6.2298873672e-05 7.5957330409e-05 9.076630522e-05 
0.00010643879796 0.00012266849808 0.00013916907483 0.00015570758842 0.00017211725935 0.00018827918393 0.0002040653635 0.00021924507746 0.0002333730954 
0.00024569546804 0.00025512508 0.00026033431641 0.00025998498313 0.00025305553572 0.00023917348881 0.00021883149748 0.00019339303253 0.00016486860113 
0.00013552435848 0.00010745372856 8.2251608546e-05 6.0869209847e-05 4.3625688704e-05 3.0333507311e-05 2.0488256268e-05 1.3456440684e-05 8.6018299044e-06 
5.3556118473e-06 3.2492973787e-06 1.9214023723e-06 1.1074088206e-06 6.2207800511e-07 3.4058078313e-07 1.8173645344e-07 9.452278249e-08 4.7922700475e-08 
2.3686528294e-08 1.1414711842e-08 5.3638982145e-09 2.4580828484e-09 1.0986587196e-09 4.7899567646e-10 2.0373225329e-10 8.4549513224e-11 3.4241852409e-11 
1.3535624011e-11 5.2235299419e-12 1.9683985344e-12 7.2448920778e-13 2.6051643481e-13 9.1546805943e-14 3.1447229803e-14 1.056290404e-14 3.4704441215e-15 
1.1158048659e-15 3.5178170331e-16 1.1090733759e-16 4.2254625694e-17 1.3978137389e-16 3.5754639779e-16 1.1066870856e-15 3.4277773779e-15 1.0407138069e-14 
3.0904711976e-14 8.9718468386e-14 2.5454288742e-13 7.0555307473e-13 1.9101103078e-12 5.0491897989e-12 1.3028585155e-11 3.2807069561e-11 8.059697354e-11 
1.9312629274e-10 4.5126227755e-10 1.0279633811e-09 2.2823622992e-09 4.9379527134e-09 1.0407823048e-08 2.1365632819e-08 4.2707398507e-08 8.3101134862e-08 
1.5736569026e-07 2.8993196111e-07 5.1958232916e-07 9.0549701781e-07 1.5343248378e-06 2.5275448934e-06 4.0478789742e-06 6.3030097408e-06 9.5447085187e-06 
1.4061591173e-05 2.0164419766e-05 2.8163820389e-05 3.8341600884e-05 5.091789717e-05 6.601781206e-05 8.3642349637e-05 0.00010365004709 0.00012575599249 
0.00014955422375 0.00017456551723 0.0002003061818 0.00022636387439 0.00025246068253 0.00027847653837 0.00030441084527 0.00033026441815 0.00035584773286 
0.00038054893957 0.00040313301724 0.00042167413631 0.00043371369247 0.0004366823996 0.00042851167382 0.00040825636825 0.00037650679587 0.00033542778692 
0.00028838205617 0.00023923734261 0.00019159795193 0.00014825715334 0.0001109971563 8.0553429143e-05 5.6748278439e-05 3.8817161112e-05 2.5780864235e-05 
1.6634245185e-05 1.0435131117e-05 6.3686684371e-06 3.7823685943e-06 2.1860573725e-06 1.2295796523e-06 6.7314368835e-07 3.5877675941e-07 1.8622972675e-07 
9.4175867105e-08 4.6414328381e-08 2.2301255953e-08 1.0449536347e-08 4.7759662891e-09 2.1296691077e-09 9.2667212792e-10 3.9352457404e-10 1.6312265427e-10 
6.6011481004e-11 2.6082962179e-11 1.0064734636e-11 3.7934902615e-12 1.3968777307e-12 5.0264279501e-13 1.7678634706e-13 6.0791012523e-14 2.0443262155e-14 
6.7252781238e-15 2.1652679937e-15 6.8364796797e-16 2.1588262552e-16 8.2396744601e-17 2.7305909647e-16 6.9714845553e-16 2.15381632e-15 6.6583921672e-15 
2.0174612103e-14 5.9778835256e-14 1.7313185391e-13 4.8994196287e-13 1.3542857157e-12 3.6554106096e-12 9.6313824971e-12 2.4765011222e-11 6.21241808e-11 
1.5199722037e-10 3.6261771363e-10 8.433184151e-10 1.9114327898e-09 4.2213463836e-09 9.0817549037e-09 1.9029146259e-08 3.8824325088e-08 7.7112879637e-08 
1.4907018908e-07 2.8041276323e-07 5.1315817018e-07 9.1339916253e-07 1.5810525156e-06 2.66101938e-06 4.3544491746e-06 6.9279972195e-06 1.0718247722e-05 
1.6128298739e-05 2.3613887606e-05 3.3657666791e-05 4.6731896873e-05 6.3251864049e-05 8.3523911599e-05 0.00010769403161 0.0001357049332 0.00016727167531 
0.00020188654889 0.00023886478448 0.00027743252576 0.00031685185968 0.00035655748798 0.00039627033402 0.00043603844824 0.00047616238589 0.00051697279559 
0.00055846734904 0.00059986696579 0.00063923001289 0.00067330076126 0.00069777615136 0.00070805312134 0.00070030865027 0.00067258463241 0.00062549964059 
0.00056234723888 0.00048847822472 0.00041008216795 0.00033283478115 0.0002611928212 0.00019845196221 0.00014635232219 0.00010486278916 7.281822036e-05 
4.8905807489e-05 3.1787749322e-05 2.0037581635e-05 1.2270196748e-05 7.3042087934e-06 4.2269462028e-06 2.3778684408e-06 1.3005262645e-06 6.9181265872e-07 
3.5812547594e-07 1.805205585e-07 8.8659774633e-08 4.2449627813e-08 1.982315645e-08 9.0321226054e-09 4.016587507e-09 1.7437223887e-09 7.3914685483e-10 
3.0597313572e-10 1.2370672542e-10 4.8855929718e-11 1.885013326e-11 7.106406609e-12 2.6181632817e-12 9.4283413542e-13 3.3193687057e-13 1.1427603384e-13 
3.8480374757e-14 1.2677241425e-14 4.0878441074e-15 1.2927740831e-15 4.089608477e-16 1.5639882359e-16 5.2072006883e-16 1.3268781707e-15 4.0914897372e-15 
1.2623943571e-14 3.8170736781e-14 1.1285141929e-13 3.2606016953e-13 9.2033542246e-13 2.5369023288e-12 6.8269309476e-12 1.7929557145e-11 4.594077202e-11 
1.1480990464e-10 2.7976040928e-10 6.6450583924e-10 1.5381674823e-09 3.4689187078e-09 7.6202661958e-09 1.63018683e-08 3.3955195988e-08 6.8847924695e-08 
1.3586520708e-07 2.6090171446e-07 4.8743601155e-07 8.8583732349e-07 1.5657255972e-06 2.6911816349e-06 4.4977300604e-06 7.3088613135e-06 1.1548605471e-05 
1.7745735022e-05 2.6525043722e-05 3.858198761e-05 5.4639232985e-05 7.5386335084e-05 0.00010140665108 0.00013309848146 0.00017059926176 0.00021372540505 
0.00026194294333 0.00031438606675 0.00036994073889 0.00042739883065 0.000485671364 0.00054402189562 0.00060226005735 0.00066080974648 0.00072057551006 
0.00078255188419 0.00084718054859 0.00091356429039 0.00097877089866 0.0010375516722 0.0010827963706 0.0011068210006 0.0011031870963 0.0010684442241 
0.0010032248683 0.00091241608607 0.00080412212992 0.00068729423219 0.00056918070186 0.0004555027117 0.00035289290827 0.00026612426154 0.00019538583001 
0.00013823772315 9.3640584964e-05 6.0886493884e-05 3.8252841478e-05 2.3340595362e-05 1.385791802e-05 8.0045692812e-06 4.4948983486e-06 2.4529620077e-06 
1.3011738247e-06 6.7129076342e-07 3.3709838476e-07 1.6490264443e-07 7.8641484436e-08 3.6585579011e-08 1.6612313303e-08 7.3652590693e-09 3.1894333841e-09 
1.3492731377e-09 5.5771665064e-10 2.2527052446e-10 8.8922896824e-11 3.4306897601e-11 1.2937541663e-11 4.7695302569e-12 1.7191468518e-12 6.0594606589e-13 
2.0889030523e-13 7.0445819317e-14 2.3245997615e-14 7.5087632713e-15 2.3789591597e-15 7.5406022868e-16 2.8900647693e-16 9.6990979345e-16 2.466498109e-15 
7.5904460465e-15 2.3372598548e-14 7.052102229e-14 2.0802177797e-13 5.9957469762e-13 1.6879462238e-12 4.6397933239e-12 1.2448306275e-11 3.2586953969e-11 
8.3205720092e-11 2.0715625049e-10 5.02741071e-10 1.1889538243e-09 2.7393081137e-09 6.1469784818e-09 1.343153766e-08 2.8571930599e-08 5.9158622889e-08 
1.1920184306e-07 2.3370203905e-07 4.4574855451e-07 8.2699602899e-07 1.492266847e-06 2.6186019113e-06 4.4682046791e-06 7.4133472481e-06 1.1959490621e-05 
1.8761149477e-05 2.8623711842e-05 4.2484647565e-05 6.1369224568e-05 8.6319618276e-05 0.00011830050062 0.00015808877652 0.00020615855465 0.00026257472928 
0.00032691389788 0.00039823391126 0.00047511814046 0.00055581959896 0.00063851417508 0.00072164606536 0.00080430554226 0.00088653923012 0.00096946046688 
0.0010550280567 0.0011453949846 0.0012418433325 0.0013434694847 0.0014460153179 0.0015414119698 0.0016185956774 0.0016657221131 0.0016731335782 
0.001635915949 0.0015553605044 0.0014392305166 0.0012996450532 0.0011468905723 0.00098316406365 0.00080979563063 0.00064404139994 0.00050256442046 
0.00038392312126 0.00027826504083 0.00018854776863 0.00012055203115 7.4049159593e-05 4.4297183194e-05 2.5939374609e-05 1.4854774236e-05 8.2960723375e-06 
4.5086053433e-06 2.3823577067e-06 1.2241696368e-06 6.1215416736e-07 2.9817130098e-07 1.4159718376e-07 6.5611338584e-08 2.9684199987e-08 1.3119413111e-08 
5.6663669312e-09 2.3922324122e-09 9.8736629983e-10 3.9844655353e-10 1.5721839108e-10 6.0659276213e-11 2.2886092327e-11 8.4440952494e-12 3.0470359309e-12 
1.0754569978e-12 3.7132932363e-13 1.2544334332e-13 4.1471143062e-14 1.3421879947e-14 4.2610526042e-15 1.3536043895e-15 5.2004588354e-16 1.7656772362e-15 
4.4806471664e-15 1.3760216247e-14 4.2282224542e-14 1.2729614997e-13 3.7462104274e-13 1.0770779884e-12 3.0241943932e-12 8.2892807202e-12 2.2172144329e-11 
5.7852785063e-11 1.4720157038e-10 3.6510966472e-10 8.8249990648e-10 2.0780299703e-09 4.7655057678e-09 1.0640700765e-08 2.3127586957e-08 4.8920945517e-08 
1.0068863077e-07 2.0161101588e-07 3.9267504803e-07 7.4384689697e-07 1.370310315e-06 2.454720061e-06 4.2756628318e-06 7.2411171459e-06 1.1923543752e-05 
1.9090661226e-05 2.9723440093e-05 4.5011405746e-05 6.6316206357e-05 9.5097413578e-05 0.00013280064741 0.00018071496743 0.00023981263803 0.00031058807508 
0.00039291707799 0.00048596019042 0.00058814004296 0.00069723045453 0.00081058964133 0.00092555530136 0.0010399745079 0.0011527824681 0.001264476683 
0.0013772855746 0.0014948183671 0.0016210504109 0.0017586385366 0.0019068445545 0.0020596908871 0.0022053376306 0.0023276666179 0.0024102169555 
0.0024409987964 0.0024160342291 0.0023412709124 0.0022333175875 0.0021133911796 0.001984767383 0.0018100034213 0.0015538688749 0.001275992021 
0.0010493290611 0.00085502752336 0.00063795794267 0.00042554570246 0.00025982107036 0.00015076466661 8.5708314145e-05 4.8386587878e-05 2.7095844416e-05 
1.494116259e-05 8.0587415141e-06 4.2355022742e-06 2.1663820462e-06 1.0785240647e-06 5.2304807241e-07 2.4734254112e-07 1.1415814782e-07 5.1464390083e-08 
2.2675784805e-08 9.7692716139e-09 4.1165115761e-09 1.6968124683e-09 6.8423844368e-10 2.6993426938e-10 1.0417928326e-10 3.9334320523e-11 1.4528753201e-11 
5.2500252409e-12 1.8560684673e-12 6.4204224619e-13 2.1733134769e-13 7.2001452923e-14 2.3354268755e-14 7.4312258753e-15 2.3664408598e-15 9.1158913981e-16 
3.1436852802e-15 7.9597371649e-15 2.4391408083e-14 7.4786443043e-14 2.2464141821e-13 6.5950868898e-13 1.8913273725e-12 5.2960439853e-12 1.4474552633e-11 
3.8597524482e-11 1.0038028742e-10 2.5451288299e-10 6.2890698205e-10 1.5140041443e-09 3.5496765527e-09 8.1028588284e-09 1.8003314395e-08 3.8924316215e-08 
8.1874020452e-08 1.6751120313e-07 3.3330678662e-07 6.4489688612e-07 1.2132161373e-06 2.2189924493e-06 3.945690878e-06 6.8207250479e-06 1.1462559996e-05 
1.8728147552e-05 2.9751448892e-05 4.5960579882e-05 6.9059547968e-05 0.00010096259211 0.00014367474068 0.00019912121934 0.00026893953327 0.0003542547056 
0.00045546557521 0.00057206791826 0.00070254964521 0.00084439403145 0.0009942362085 0.0011482246919 0.0013026047964 0.0014544897713 0.0016027038218 
0.0017484667478 0.0018956388813 0.0020501979161 0.0022187286522 0.0024058986455 0.0026113227941 0.0028268259484 0.0030358289368 0.0032166347373 
0.0033497747499 0.0034263001289 0.0034533923026 0.0034590351861 0.0034967509564 0.0036249207333 0.0038141778205 0.0038428511471 0.003478899831 
0.0029299182352 0.0025709469337 0.0022805163171 0.0017450135201 0.0011260878528 0.00063898559893 0.00033740486833 0.00017471249157 9.1634632554e-05 
4.8936166422e-05 2.6281071769e-05 1.3979835785e-05 7.2902621469e-06 3.7089650959e-06 1.8383005909e-06 8.8786407559e-07 4.1823906827e-07 1.9234471438e-07 
8.6436550362e-08 3.7982225365e-08 1.6328566943e-08 6.8697483258e-09 2.8289992571e-09 1.1403772371e-09 4.4996467663e-10 1.7377813077e-10 6.568485339e-11 
2.429740957e-11 8.7955085923e-12 3.1157674097e-12 1.0801550626e-12 3.6648429517e-13 1.2171012353e-13 3.9576038979e-14 1.2625011679e-14 4.0312330839e-15 
1.5574123751e-15 5.4778522789e-15 1.3837092957e-14 4.2304525226e-14 1.2941416602e-13 3.8780857323e-13 1.1357009083e-12 3.2483837668e-12 9.0707823197e-12 
2.4718376651e-11 6.570793909e-11 1.7031977217e-10 4.3031989083e-10 1.0593290689e-09 2.5399429227e-09 5.9295066634e-09 1.3473260729e-08 2.9788976619e-08 
6.4069247685e-08 1.3401454169e-07 2.7256854196e-07 5.389524631e-07 1.0359120779e-06 1.9353349217e-06 3.514225682e-06 6.2020917539e-06 1.0638765161e-05 
1.7738333554e-05 2.8750366255e-05 4.530460501e-05 6.9421257649e-05 0.0001034681336 0.00015004935267 0.00021181994816 0.00029123498825 0.00039025596925 
0.00051004911074 0.00065071374411 0.00081108073937 0.00098861556035 0.0011794745224 0.0013787657954 0.0015810749028 0.0017812893493 0.0019756641705 
0.0021629810799 0.0023454932962 0.0025292513892 0.0027233725414 0.002937885467 0.0031801254954 0.0034502127673 0.0037372494116 0.0040192008018 
0.0042698099278 0.0044728484936 0.0046382872388 0.0048164105974 0.0051200659946 0.0057550235651 0.0069584818557 0.0086450865492 0.0099196815863 
0.0095967538655 0.0080377543345 0.0073664020747 0.0070839733817 0.0054688546807 0.003380604554 0.0017730477266 0.00084082607646 0.00038500849041 
0.00018019076379 8.8550616056e-05 4.5287240937e-05 2.3500720999e-05 1.2109135241e-05 6.121268143e-06 3.0210437671e-06 1.4540622715e-06 6.8283890187e-07 
3.1315985893e-07 1.4038953111e-07 6.1569103593e-08 2.6430093669e-08 1.1109666076e-08 4.5735157883e-09 1.8440181604e-09 7.2814981822e-10 2.8155702769e-10 
1.0659610694e-10 3.9508198796e-11 1.4333652321e-11 5.0900277916e-12 1.769157737e-12 6.0187542884e-13 2.0043630655e-13 6.5357428128e-14 2.0908334065e-14 
6.695896245e-15 2.5950357823e-15 9.3474532652e-15 2.3552928474e-14 7.1835305716e-14 2.1922731913e-13 6.5532193387e-13 1.9141524303e-12 5.4600924476e-12 
1.5203286546e-11 4.1305386195e-11 1.094526067e-10 2.8275837227e-10 7.1186340156e-10 1.745804834e-09 4.1691170516e-09 9.6912744496e-09 2.1920719462e-08 
4.8230976546e-08 1.0319739374e-07 2.1467080558e-07 4.3405668748e-07 8.5293441998e-07 1.6286486471e-06 3.0216858704e-06 5.4471402109e-06 9.540967767e-06 
1.6238536773e-05 2.6858106139e-05 4.3175816245e-05 6.7472064984e-05 0.00010252495849 0.00015152640117 0.00021790299797 0.00030503908056 0.00041591879562 
0.00055272644386 0.00071645702701 0.00090659508714 0.0011209060904 0.0013553857571 0.0016044049989 0.0018611167325 0.002118190052 0.0023689111695 
0.0026085879654 0.0028360600118 0.003054931527 0.0032739874441 0.0035062015522 0.0037658393849 0.0040635373443 0.0044001303613 0.0047617289238 
0.0051210829988 0.0054513216019 0.0057536144741 0.0060927513987 0.0066451230086 0.0078009120189 0.01032421086 0.015256363899 0.022816933692 
0.030393004417 0.03255770728 0.026124300435 0.023141596466 0.023494012654 0.017856676131 0.010507691652 0.0051426691934 0.0022236609366 
0.00090422242647 0.00037066475488 0.00016214471543 7.6737167547e-05 3.8230278733e-05 1.9340359358e-05 9.699581824e-06 4.7688299674e-06 2.2898930183e-06 
1.0734091802e-06 4.9154670023e-07 2.2010037526e-07 9.6448943054e-08 4.1387544059e-08 1.7398635421e-08 7.1667574097e-09 2.892727391e-09 1.1440138836e-09 
4.4322259751e-10 1.6818688109e-10 6.2496466335e-11 2.2737166316e-11 8.0979997014e-12 2.8232299311e-12 9.6345663652e-13 3.2185113407e-13 1.052742759e-13 
3.3782421711e-14 1.0853507492e-14 4.2205707821e-15 1.5627856133e-14 3.9274434264e-14 1.1948169505e-13 3.6372440433e-13 1.084458261e-12 3.1591404839e-12 
8.986187662e-12 2.4948248328e-11 6.7573328877e-11 1.7848167388e-10 4.5952464056e-10 1.1527505617e-09 2.8163809063e-09 6.6988476988e-09 1.5505698059e-08 
3.4914375391e-08 7.6452081998e-08 1.6274648829e-07 3.3670687571e-07 6.7687864203e-07 1.321931336e-06 2.5077840746e-06 4.6208551794e-06 8.2698506958e-06 
1.4375804312e-05 2.4275323085e-05 3.9825223212e-05 6.3488470914e-05 9.8373871879e-05 0.00014819727221 0.00021713395836 0.00030954362592 0.00042956965626 
0.00058064452605 0.00076496193651 0.00098299712408 0.0012331587495 0.001511621289 0.0018123765476 0.0021275142208 0.0024478160776 0.0027637309395 
0.0030667735264 0.0033512867521 0.0036163106561 0.0038670976646 0.0041156243533 0.0043793101795 0.0046773464419 0.0050243898295 0.0054226680659 
0.0058561819606 0.0062948837876 0.0067192991264 0.0071715498343 0.0078355604783 0.0091910054907 0.012390604243 0.019954811782 0.036112751812 
0.064718872309 0.1033154577 0.12946091592 0.10020635277 0.074970632792 0.077349074185 0.055951058865 0.030959576368 0.014238064177 
0.0057362299412 0.0021276697516 0.00077470758697 0.0002984291059 0.00012766321015 5.9991980379e-05 2.9569955586e-05 1.4689725504e-05 7.2014931902e-06 
3.4558731841e-06 1.6201241806e-06 7.4217604151e-07 3.3251629361e-07 1.4583039842e-07 6.2648560117e-08 2.6375355233e-08 1.0884495971e-08 4.4030703528e-09 
1.7457881807e-09 6.7830607797e-10 2.5819468785e-10 9.6259521187e-11 3.5140976934e-11 1.2559638225e-11 4.3941903068e-12 1.5048456188e-12 5.0445503894e-13 
1.6556492234e-13 5.3307656005e-14 1.7185100795e-14 6.7065481078e-15 2.5606519197e-14 6.4175065002e-14 1.9471844113e-13 5.9121853463e-13 1.7580353406e-12 
5.1071646912e-12 1.4485552514e-11 4.0095565756e-11 1.0826101127e-10 2.8501637162e-10 7.3130274059e-10 1.827942242e-09 4.4491441642e-09 1.054032861e-08 
2.4294992684e-08 5.4462020671e-08 1.1869322236e-07 2.5140136017e-07 5.1735668194e-07 1.034150614e-06 2.0075297016e-06 3.784097089e-06 6.9254710979e-06 
1.2305967175e-05 2.1231599021e-05 3.5571298213e-05 5.7882047258e-05 9.1499532573e-05 0.00014055734209 0.00020989442419 0.0003048152721 0.0004306845949 
0.00059236347442 0.00079353951151 0.0010360429296 0.0013192835031 0.0016399353044 0.0019919187762 0.002366640605 0.0027534656692 0.0031404923648 
0.0035157734528 0.0038690220099 0.0041937134229 0.004489286337 0.0047629056498 0.0050300518051 0.0053130034357 0.0056364880875 0.006020211149 
0.0064696338959 0.0069698849693 0.0074938056059 0.0080403136089 0.0087192412466 0.0099160894752 0.01269329153 0.019886916503 0.038539104164 
0.083471529186 0.18082945049 0.37491685152 0.54987871647 0.43824133277 0.23925213516 0.24400602281 0.15912213922 0.080771073699 
0.034839212894 0.013278950006 0.0046218340285 0.0015432120999 0.00053274136735 0.00020518490055 8.9993191068e-05 4.2990435759e-05 2.1151914552e-05 
1.0361254681e-05 4.9823233894e-06 2.3421321202e-06 1.0759920315e-06 4.8346640824e-07 2.1265795169e-07 9.1638440836e-08 3.870523102e-08 1.6027552618e-08 
6.5070926425e-09 2.589844339e-09 1.010236228e-09 3.861051201e-10 1.4454000496e-10 5.2984443222e-11 1.9014591984e-11 6.6793385059e-12 2.296401784e-12 
7.727283982e-13 2.545444053e-13 8.2247935947e-14 2.6609592554e-14 1.0422728558e-14 4.1120149549e-14 1.0276111559e-13 3.1093994025e-13 9.4156410099e-13 
2.7921174487e-12 8.088165554e-12 2.2873109656e-11 6.3118801852e-11 1.6988507823e-10 4.4577749825e-10 1.1398553212e-09 2.8389171014e-09 6.88384727e-09 
1.624399637e-08 3.7286408627e-08 8.3219397595e-08 1.8052845974e-07 3.8050268358e-07 7.7897027495e-07 1.5485136373e-06 2.988428605e-06 5.598009011e-06 
1.0177591321e-05 1.7958358512e-05 3.0755360058e-05 5.112857616e-05 8.2525060861e-05 0.00012936348503 0.00019701408746 0.00029162698775 0.00041976833018 
0.00058784469729 0.00080132222502 0.001063810545 0.0013761570444 0.0017358117038 0.002136703115 0.0025696409866 0.0030229489785 0.0034830854274 
0.0039354674518 0.0043658493087 0.0047623096034 0.0051176920533 0.0054320837371 0.0057147922926 0.0059849540703 0.0062698959373 0.0066003883258 
0.0070026204921 0.0074885082431 0.0080501046032 0.0086712595075 0.0093778111041 0.010357338935 0.012236201204 0.016869427636 0.029735527933 
0.066366031766 0.1689991653 0.48029622436 1.6209039688 2.2393677235 1.9390546083 0.66351735592 0.73087078333 0.38992294669 
0.1742900759 0.070028953254 0.025557713583 0.0085566574708 0.0027119028382 0.00086868263315 0.00030748263816 0.00012669258285 5.8849051129e-05 
2.8792710509e-05 1.4152954463e-05 6.8461831688e-06 3.2383561575e-06 1.4966134358e-06 6.7629849809e-07 2.9911814181e-07 1.2959124263e-07 5.5026639245e-08 
2.2906419872e-08 9.3486756114e-09 3.7401957087e-09 1.4664862658e-09 5.6332644105e-10 2.1193070909e-10 7.8062820097e-11 2.8144946443e-11 9.9307775545e-12 
3.4288390269e-12 1.1584721897e-12 3.8308267149e-13 1.242358267e-13 4.0340526872e-14 1.5859587406e-14 6.4697460713e-14 1.6120706658e-13 4.8641391479e-13 
1.4688698391e-12 4.3435571979e-12 1.2545938247e-11 3.537355131e-11 9.7312533032e-11 2.6108079587e-10 6.8280509025e-10 1.7399340857e-09 4.3179784193e-09 
1.0431297603e-08 2.4519252406e-08 5.605215847e-08 1.2456773391e-07 2.6900980288e-07 5.6430377526e-07 1.1494483942e-06 2.2728218028e-06 4.3614604692e-06 
8.1209536802e-06 1.4670322344e-05 2.5710613045e-05 4.3716543587e-05 7.212755736e-05 0.00011550038471 0.00017957366072 0.00027119001606 0.00039802480023 
0.00056807650253 0.00078887952259 0.0010664078873 0.0014037183719 0.0017995990347 0.0022478261963 0.0027376699727 0.0032555595972 0.0037866423372 
0.004315206781 0.0048248581588 0.0052996752784 0.0057265176438 0.0060979016125 0.0064148171805 0.0066888220608 0.0069426782429 0.0072086541913 
0.0075238072313 0.0079221585765 0.008425639011 0.009039583616 0.0097658643499 0.010655873455 0.011943137273 0.014382554218 0.020304113626 
0.037063252181 0.088187418878 0.26743674278 1.28680861 1.6585419178 1.090559721 0.75638836622 0.8331490159 2.1550114155 
0.73484367132 0.2765969336 0.10490996391 0.03771051392 0.012538629584 0.0039128176868 0.0012130244868 0.0004105650296 0.00016339105787 
7.504849782e-05 3.6897195969e-05 1.8327469661e-05 8.9643390311e-06 4.2843162191e-06 1.998880407e-06 9.1126884172e-07 4.064069401e-07 1.7747051118e-07 
7.592812068e-08 3.1836624004e-08 1.3083672812e-08 5.2693409636e-09 2.0791925959e-09 8.0352891008e-10 3.0403696227e-10 1.125983265e-10 4.080436683e-11 
1.4466792347e-11 5.0174842579e-12 1.7023408507e-12 5.6513832242e-13 1.839533571e-13 5.9946927251e-14 2.3652988476e-14 9.9675699823e-14 2.4761974155e-13 
7.4500784231e-13 2.2434931517e-12 6.6153202707e-12 1.9051883335e-11 5.3555618273e-11 1.4687463745e-10 3.9279171582e-10 1.0238778714e-09 2.6001543141e-09 
6.4299663372e-09 1.5476420145e-08 3.6239306667e-08 8.2515406064e-08 1.8261658852e-07 3.9265171381e-07 8.1989844603e-07 1.6620177803e-06 3.2695695609e-06 
6.2402682488e-06 1.1552589058e-05 2.0742283596e-05 3.6116820411e-05 6.0989696067e-05 9.9900113128e-05 0.0001587690349 0.00024493483943 0.00036701679346 
0.00053456332535 0.00075742683839 0.001044739387 0.0014032666804 0.0018350175815 0.0023346228991 0.0028881607577 0.0034755624365 0.0040763067082 
0.0046737035736 0.0052535156719 0.0058008497581 0.0062999082729 0.0067368787713 0.0071039795876 0.0074029979296 0.007647569757 0.0078637283295 
0.0080882003531 0.008364001289 0.0087334653363 0.0092306565493 0.0098782163113 0.010699089617 0.011760190129 0.013278033584 0.015880797058 
0.021385319531 0.035129789263 0.071888796985 0.16797964275 0.40612125397 0.69238567352 0.48803654313 0.37308329344 0.47844216228 
0.77077662945 0.45711496472 0.22754703462 0.10091212392 0.039680249989 0.013902617618 0.0044672479853 0.0014029678423 0.00047676256509 
0.00019102379156 8.9074863354e-05 4.4633885409e-05 2.2580725272e-05 1.1225605704e-05 5.4424867812e-06 2.5722263217e-06 1.1866546856e-06 5.3510706266e-07 
2.3610361666e-07 1.0199901368e-07 4.3159030128e-08 1.7888346804e-08 7.2618333569e-09 2.8866578017e-09 1.1232644814e-09 4.2772516085e-10 1.5933694641e-10 
5.8054595853e-11 2.0685156712e-11 7.2069871772e-12 2.4554624826e-12 8.1830088495e-13 2.6730860906e-13 8.7410628865e-14 3.4606622039e-14 1.5023748847e-13 
3.7210292898e-13 1.1163080009e-12 3.3521963417e-12 9.8563657236e-12 2.8303080365e-11 7.9322465263e-11 2.1686882845e-10 5.7814070198e-10 1.5021037747e-09 
3.8017908821e-09 9.3689003222e-09 2.2469350824e-08 5.2418510421e-08 1.1889495255e-07 2.6207405313e-07 5.6113941582e-07 1.1665877082e-06 2.3539173526e-06 
4.6082550398e-06 8.7502312454e-06 1.6111391233e-05 2.8760985515e-05 4.9773614592e-05 8.3510196419e-05 0.00013586637215 0.00021443335572 0.00032852444565 
0.00048905052245 0.0007082427619 0.00099912448786 0.0013743111631 0.0018432348734 0.0024069284555 0.0030513287056 0.0037440755405 0.0044422796927 
0.005111489445 0.005739226006 0.0063254390843 0.0068670101464 0.0073526864871 0.0077681131661 0.0081037282944 0.0083606215194 0.0085533745587 
0.0087103340775 0.0088716791943 0.0090853199363 0.0094011100009 0.0098651042208 0.010517873801 0.011403705925 0.012600033544 0.014280470088 
0.016853222623 0.021338656545 0.03041375801 0.050592776388 0.094223067164 0.17319872975 0.25661304593 0.21356834471 0.19398589432 
0.25078931451 0.33463996649 0.26361587644 0.16377751529 0.083356365561 0.035624135286 0.013196806423 0.0044272113591 0.0014432695461 
0.00050767033827 0.00021008160547 0.00010084363021 5.1809947763e-05 2.677896191e-05 1.356429857e-05 6.6876218625e-06 3.2096193081e-06 1.5019396642e-06 
6.8632368766e-07 3.0658702599e-07 1.3397485077e-07 5.7292258049e-08 2.3978463659e-08 9.8212424859e-09 3.9358862836e-09 1.5428831546e-09 5.9144977804e-10 
2.2166267433e-10 8.1204563906e-11 2.9076267435e-11 1.0175612089e-11 3.4808020181e-12 1.1642115223e-12 3.8156232189e-13 1.2516386311e-13 4.9705279091e-14 
2.2129536701e-13 5.4644656855e-13 1.6346214746e-12 4.8949741829e-12 1.4351867784e-11 4.1092969305e-11 1.1482630125e-10 3.1298347247e-10 8.3176959764e-10 
2.1541657347e-09 5.4342486067e-09 1.3346628691e-08 3.1897886998e-08 7.4147585849e-08 1.6755772947e-07 3.6792187075e-07 7.8463500586e-07 1.6244497374e-06 
3.2635391563e-06 6.3598790803e-06 1.2018233974e-05 2.2016356525e-05 3.9091388317e-05 6.7268716521e-05 0.00011219565204 0.00018142763292 0.00028462635237 
0.00043368391925 0.00064288580325 0.00092924863566 0.0013128484134 0.001815874828 0.0024574263953 0.0032404994126 0.0041324058548 0.0050528366119 
0.005895385053 0.0065897190943 0.0071490458213 0.0076278420165 0.0080641424283 0.0084612779319 0.0088017554954 0.0090676536784 0.0092536481097 
0.0093714864925 0.0094494475052 0.0095293251798 0.0096621531993 0.0099033638835 0.010308870114 0.010934909806 0.011845404282 0.013129661791 
0.014931173995 0.01749416627 0.021278332919 0.027279527858 0.037625744939 0.05563377589 0.082297712564 0.10610476881 0.10249093175 
0.10992105305 0.14781585336 0.19564390182 0.19625198841 0.1525914818 0.084934964776 0.037406455725 0.014064601623 0.0047928290442 
0.0015890286304 0.00056585570564 0.00023573271756 0.00011402610107 5.9301059082e-05 3.1124302041e-05 1.6027606762e-05 8.034036e-06 3.9183578338e-06 
1.8619811044e-06 8.632593449e-07 3.9086879156e-07 1.7294863142e-07 7.48080069e-08 3.1635622122e-08 1.307920261e-08 5.2856203858e-09 2.0875274842e-09 
8.0556844528e-10 3.0369420867e-10 1.1183862864e-10 4.0230832554e-11 1.4137148049e-11 4.8535706704e-12 1.6286229093e-12 5.3532330478e-13 1.7607985382e-13 
7.0107812513e-14 3.1814289159e-13 7.8324998397e-13 2.336317988e-12 6.9770096818e-12 2.0399413062e-11 5.8242806411e-11 1.6227610922e-10 4.4100673113e-10 
1.1684453405e-09 3.0167244258e-09 7.5860402404e-09 1.8570881721e-08 4.4235584085e-08 1.0247457283e-07 2.3075405409e-07 5.0484464964e-07 1.0725876791e-06 
2.2119347705e-06 4.4257353693e-06 8.5880728875e-06 1.6156509446e-05 2.9458644349e-05 5.2048089856e-05 8.9104243671e-05 0.00014783134975 0.00023781624623 
0.00037137352047 0.00056408531964 0.00083601631923 0.0012141689658 0.0017358968034 0.0024499907158 0.0034067810047 0.0046250740997 0.0060342829674 
0.0074282074347 0.0085151400417 0.0091156596318 0.0093419905752 0.0094251018018 0.0095223831013 0.0096714049578 0.0098381061107 0.0099750608206 
0.010053742677 0.01007283479 0.010054890066 0.01003998518 0.010079679079 0.010232204571 0.010559859686 0.011130230501 0.01202270668 
0.013339282945 0.015213386156 0.017808174714 0.021309804171 0.02595712617 0.032136265188 0.040310848504 0.05009797588 0.058724086732 
0.064587302506 0.083493433893 0.13087405264 0.20582649112 0.27351555228 0.27229034901 0.14670649171 0.059255521744 0.020456828177 
0.0065150070004 0.0020510607865 0.00069803424412 0.00027949607465 0.00013198736997 6.8228822784e-05 3.6017492675e-05 1.8766619178e-05 9.5430714282e-06 
4.7257017286e-06 2.2798610644e-06 1.0724618278e-06 4.9225366183e-07 2.2056303806e-07 9.6500400559e-08 4.1230851622e-08 1.7202960834e-08 7.0085808268e-09 
2.7877224973e-09 1.0824667829e-09 4.1029626918e-10 1.5180910695e-10 5.48333913e-11 1.9337427493e-11 6.6596485271e-12 2.2407509875e-12 7.3829890769e-13 
2.4337891186e-13 9.7105083577e-14 4.4580837502e-13 1.094331765e-12 3.2550971467e-12 9.6945975553e-12 2.8268104871e-11 8.048580552e-11 2.2361822116e-10 
6.0596871965e-10 1.6008178116e-09 4.1207197654e-09 1.0330722056e-08 2.5211523536e-08 5.9863253909e-08 1.3822767642e-07 3.1023003544e-07 6.7640854695e-07 
1.4320451101e-06 2.9425143566e-06 5.8653813539e-06 1.1337175238e-05 2.1241252398e-05 3.8564568968e-05 6.7833869252e-05 0.00011559942504 0.00019092620641 
0.00030590689857 0.0004764184996 0.00072381616337 0.0010789746884 0.0015904614702 0.002336833626 0.0034357844852 0.0050279521383 0.0071982345544 
0.0098134614527 0.012352918275 0.013984526508 0.014163091779 0.013357371092 0.012330701575 0.011549178511 0.011109900661 0.01091242861 
0.010821043514 0.010741778649 0.010636055842 0.01050850749 0.010391365737 0.010332939215 0.010390844196 0.010629515164 0.011122178286 
0.011957064271 0.013244698755 0.01511737518 0.017707558349 0.021097805351 0.025258971378 0.030019316822 0.035088516772 0.040163103491 
0.045682705939 0.056334931403 0.088381879032 0.17007029057 0.33205521107 0.56760805845 0.72854030132 0.32942026854 0.11295368522 
0.033773053437 0.0095310462639 0.0027310110163 0.00086860806914 0.00033286472899 0.00015362878912 7.8863056842e-05 4.1765109927e-05 2.19611793e-05 
1.1305788576e-05 5.675814009e-06 2.7767850952e-06 1.3240882026e-06 6.1557375375e-07 2.790863789e-07 1.23412633e-07 5.3231996588e-08 2.2396450916e-08 
9.1910452582e-09 3.6788767588e-09 1.4362444567e-09 5.4691906559e-10 2.031625701e-10 7.3631045705e-11 2.6041797191e-11 8.9907907508e-12 3.0315194799e-12 
1.0006735024e-12 3.3040955497e-13 1.3202724233e-13 6.0810097192e-13 1.4884138843e-12 4.4151821955e-12 1.3115138316e-11 3.8141077102e-11 1.0830607938e-10 
3.0009647545e-10 8.1097378812e-10 2.136405719e-09 5.4838054098e-09 1.3708445046e-08 3.335688703e-08 7.8968675155e-08 1.8179197525e-07 4.0674606794e-07 
8.8405545284e-07 1.8656277234e-06 3.820726306e-06 7.5899201875e-06 1.461863485e-05 2.7288775527e-05 4.9355308875e-05 8.6474057753e-05 0.0001467873808 
0.00024155646679 0.00038599126856 0.00060092634521 0.000917092897 0.0013855040306 0.0020988709293 0.0032261854503 0.0050475774333 0.0079401182011 
0.012214709073 0.017701568082 0.023176150396 0.026261325926 0.025072965771 0.021411141381 0.017577713355 0.014737974852 0.013023404405 
0.012107741088 0.01162091177 0.011309701018 0.011048459448 0.010800436139 0.010579439811 0.010425169021 0.010390640236 0.010537898168 
0.010939613916 0.011684712954 0.012883801013 0.014665040188 0.017146902159 0.020378313959 0.024257259443 0.02847683616 0.03259671852 
0.036449734122 0.041498612612 0.054702304304 0.097225546837 0.21982249618 0.52886253595 1.2014758587 2.23244524 0.6443362236 
0.17702837288 0.045841701329 0.01164717041 0.0031144085806 0.00096446514362 0.00037218231591 0.00017451302847 9.0675879619e-05 4.8499990953e-05 
2.5771101718e-05 1.3422849406e-05 6.8227373049e-06 3.3798521599e-06 1.6312120579e-06 7.6696596807e-07 3.5132791254e-07 1.5679908927e-07 6.8184796476e-08 
2.8890765336e-08 1.1928194432e-08 4.7991162155e-09 1.8817518654e-09 7.1918937472e-10 2.6797364328e-10 9.7368516028e-11 3.4510637403e-11 1.1935731049e-11 
4.0304200949e-12 1.3320283461e-12 4.4027964868e-13 1.7609092624e-13 8.0642838327e-13 1.9682870785e-12 5.8230816002e-12 1.7253178053e-11 5.0047310046e-11 
1.4174986185e-10 3.9174366528e-10 1.055864951e-09 2.7741855479e-09 7.1018919634e-09 1.7705589883e-08 4.2966235014e-08 1.01438971e-07 2.3287375939e-07 
5.19577668e-07 1.1260834754e-06 2.3695113214e-06 4.8383412832e-06 9.5823534139e-06 1.8398726752e-05 3.4234770283e-05 6.171320274e-05 0.00010776305862 
0.00018233088485 0.00029922602698 0.00047751210514 0.00074488087557 0.0011467512231 0.001768827904 0.0027851832565 0.0045420220122 0.0076625039801 
0.013083575293 0.021798500791 0.033949710429 0.047074723989 0.054528873414 0.049014996737 0.037740964442 0.027272025123 0.020008184016 
0.015767509118 0.013541885652 0.01240321435 0.011757737026 0.011304974556 0.010928369127 0.010607355274 0.010365973227 0.010248377919 
0.010309946723 0.010617094114 0.011251594871 0.012314564548 0.013921389356 0.016175484285 0.019112052396 0.022620432079 0.026388471946 
0.029964612797 0.033133596182 0.037090010941 0.047733671963 0.084986582398 0.21237418056 0.64291548729 2.1446483135 1.043053031 
0.37682753801 0.11536321789 0.032147549093 0.0087684951723 0.0025677953381 0.0008929806645 0.00038407000829 0.00019279115077 0.00010361633031 
5.6424963987e-05 3.0370718378e-05 1.6003921701e-05 8.2269625636e-06 4.119965979e-06 2.0088139081e-06 9.5340050166e-07 4.4042045033e-07 1.9802406825e-07 
8.6665885135e-08 3.6922749302e-08 1.5314626012e-08 6.185195911e-09 2.4328912218e-09 9.3222685127e-10 3.4807859373e-10 1.2668754934e-10 4.4962596146e-11 
1.5567099693e-11 5.2609821881e-12 1.7398166241e-12 5.7534115276e-13 2.3019016164e-13 1.0385834987e-12 2.5279394463e-12 7.4593612537e-12 2.2046782802e-11 
6.3795531358e-11 1.8024466641e-10 4.9689952153e-10 1.3359788831e-09 3.5014686706e-09 8.9415310711e-09 2.22367742e-08 5.382862156e-08 1.2676993322e-07 
2.9030718451e-07 6.4611913331e-07 1.396866196e-06 2.9319646728e-06 5.9717453951e-06 1.1796835679e-05 2.2591571906e-05 4.1924089601e-05 7.5367999671e-05 
0.00013124768157 0.00022149954748 0.00036280934 0.00057883025147 0.00090612616623 0.0014107717434 0.0022306309547 0.0036693301518 0.0063735037111 
0.011599514633 0.021464124322 0.038799438626 0.065700694919 0.098979927599 0.1211695224 0.10091394186 0.069476902485 0.04424867779 
0.028350055218 0.01964629814 0.015291539952 0.013179113157 0.0120833572 0.011404285207 0.010895828716 0.010484002531 0.010169604793 
0.0099839903414 0.0099724959582 0.010191002861 0.010708261281 0.011608351022 0.012985740788 0.014923010021 0.01744379662 0.020447151735 
0.023656250909 0.026651369408 0.029111277312 0.031509958208 0.036838494241 0.054761201143 0.11166591197 0.26795452833 0.56928277016 
0.35093986988 0.14855362475 0.051788110286 0.016456125304 0.0052476087585 0.0018631140701 0.00078968529124 0.00039259891491 0.00021305357222 
0.00011882576655 6.5987987909e-05 3.5993991332e-05 1.917708687e-05 9.9559256341e-06 5.0307880883e-06 2.4728751669e-06 1.1821309727e-06 5.4952533901e-07 
2.4841520485e-07 1.0921400673e-07 4.6704002443e-08 1.9430903109e-08 7.8668769277e-09 3.1003337675e-09 1.1897477448e-09 4.4473424943e-10 1.6200087105e-10 
5.7529123826e-11 1.9925495282e-11 6.7353605332e-12 2.2275579818e-12 7.3659204821e-13 2.9465584703e-13 1.2977963973e-12 3.1503801304e-12 9.272561885e-12 
2.7340556902e-11 7.89276422e-11 2.2247587106e-10 6.1189447953e-10 1.6413550519e-09 4.2919854337e-09 1.0935456096e-08 2.7134881009e-08 6.5541463812e-08 
1.5402206088e-07 3.5197021475e-07 7.8173536622e-07 1.6866206352e-06 3.5330567698e-06 7.1817817116e-06 1.4159215425e-05 2.7061989385e-05 5.011956091e-05 
8.991966024e-05 0.00015627990069 0.00026328407694 0.00043076535803 0.00068747217301 0.0010799728334 0.001698412234 0.0027446523309 0.0046908021905 
0.0086018322036 0.016708191484 0.033250492066 0.065353170037 0.12257154286 0.20883136988 0.28688591719 0.21069347858 0.1261972487 
0.070621073246 0.039919059724 0.024499829859 0.017231930047 0.013886407949 0.012263200246 0.011343142018 0.010709997267 0.010222592391 
0.0098534617573 0.009618752636 0.0095518259332 0.009695796296 0.010103419423 0.010838001966 0.011968942359 0.013554356992 0.015605054796 
0.018033942208 0.020613489673 0.022986860946 0.024800023064 0.026050874963 0.02780575119 0.033492237329 0.050805795938 0.091491699219 
0.14807155728 0.10483071208 0.052331123501 0.021768908948 0.0084070237353 0.003343035467 0.0014895458007 0.00075711956015 0.00041971029714 
0.00024056977418 0.00013792018581 7.7843600593e-05 4.2953284719e-05 2.3097976737e-05 1.2085857634e-05 6.1482433011e-06 3.0395769954e-06 1.4601164366e-06 
6.8150194465e-07 3.0909529869e-07 1.3625042072e-07 5.838537831e-08 2.4328393522e-08 9.8606864896e-09 3.889045086e-09 1.4931106351e-09 5.582605489e-10 
2.0336182738e-10 7.2208510005e-11 2.5003671009e-11 8.4490045169e-12 2.7930914959e-12 9.2310328218e-13 3.6902905319e-13 1.5723891373e-12 3.8069421747e-12 
1.1177565817e-11 3.2881909001e-11 9.4711231913e-11 2.6637411721e-10 7.3103606502e-10 1.9567614196e-09 5.1061146422e-09 1.2983571551e-08 3.2154495955e-08 
7.7521470132e-08 1.8185258455e-07 4.1487223257e-07 9.1999089591e-07 1.9819851786e-06 4.1460598368e-06 8.4170142145e-06 1.6574433175e-05 3.1641549867e-05 
5.8536363213e-05 0.000104913619 0.0001821940532 0.00030684107332 0.00050223828293 0.00080252590124 0.0012632231228 0.0019939932972 0.0032520126551 
0.0056690503843 0.01073703263 0.021803086624 0.046047519892 0.098453760147 0.2089509666 0.42520305514 0.7376512289 0.42679226398 
0.2119243145 0.10323853791 0.05228273198 0.02913110517 0.018868571147 0.014344408177 0.012241994031 0.011113684624 0.010380715132 
0.0098397852853 0.0094370907173 0.009174012579 0.0090718688443 0.0091608315706 0.0094776479527 0.010065115057 0.010968164541 0.012221154757 
0.013822386041 0.015698261559 0.017671788111 0.019463848323 0.020763581619 0.021404061466 0.02167384699 0.022754389793 0.027037361637 
0.037289820611 0.050432011485 0.045739337802 0.031733103096 0.016875913367 0.007628921885 0.0033380209934 0.0015822441783 0.00083992676809 
0.00047959401854 0.00028031421243 0.00016288860934 9.2867732747e-05 5.165219045e-05 2.7953397876e-05 1.4701344298e-05 7.5091975305e-06 3.7242248254e-06 
1.7933630261e-06 8.3855701405e-07 3.8081216758e-07 1.6800169078e-07 7.2023510711e-08 3.001538218e-08 1.2164371732e-08 4.7961328242e-09 1.8405104107e-09 
6.8774719253e-10 2.5036089868e-10 8.8829998912e-11 3.0734487871e-11 1.0376720316e-11 3.4273200597e-12 1.1316194292e-12 4.5190896381e-13 1.8463125993e-12 
4.4587419694e-12 1.3060280288e-11 3.8335896957e-11 1.1018500001e-10 3.092505696e-10 8.4700063629e-10 2.2627917318e-09 5.8938693925e-09 1.4960823691e-08 
3.6992148011e-08 8.9054985608e-08 2.0863754457e-07 4.7544364179e-07 1.0533183286e-06 2.2675212676e-06 4.7407324928e-06 9.6207268143e-06 1.8941014787e-05 
3.6158478906e-05 6.6906402935e-05 0.00011999880371 0.00020876587951 0.00035292652319 0.00058125221403 0.00093509891303 0.0014752688585 0.0023107980378 
0.0037079264876 0.0063725239597 0.012010495178 0.024603078142 0.053520299494 0.12194033712 0.29108950496 0.73911345005 2.1458189487 
0.7390088439 0.28940594196 0.12467718869 0.058842301369 0.031207995489 0.01941335015 0.01430398412 0.01195392292 0.0107109854 
0.0099226506427 0.0093559520319 0.0089418347925 0.0086706774309 0.008553401567 0.0086087705567 0.0088597144932 0.0093318168074 0.010049879551 
0.011029038578 0.012257860973 0.013674790971 0.015146960504 0.016468998045 0.017404932529 0.017800236121 0.017810564488 0.018304917961 
0.020571986213 0.029933359474 0.048236545175 0.066458679736 0.06948748976 0.039662007242 0.016816161573 0.0063075558282 0.0024631323759 
0.001124965027 0.00059646303998 0.00033996682032 0.00019654509379 0.00011219985026 6.2574574258e-05 3.3950134821e-05 1.7888647562e-05 9.1479305411e-06 
4.5395095185e-06 2.1861037567e-06 1.0218753914e-06 4.6377857643e-07 2.0443303583e-07 8.7554219874e-08 3.6446866858e-08 1.4753095634e-08 5.8094884459e-09 
2.2265056465e-09 8.3089468639e-10 3.0207383817e-10 1.0703785081e-10 3.698611209e-11 1.2471313912e-11 4.113836008e-12 1.3564622516e-12 5.4092521478e-13 
2.1006627427e-12 5.0604685373e-12 1.4789053662e-11 4.3319545867e-11 1.2425972751e-10 3.4808525506e-10 9.5163610325e-10 2.5380348934e-09 6.6005960697e-09 
1.6731794616e-08 4.1322536504e-08 9.9385694341e-08 2.3267850224e-07 5.3000763955e-07 1.1740686432e-06 2.5279862257e-06 5.2881064221e-06 1.0740720427e-05 
2.1170892069e-05 4.0479579184e-05 7.508444105e-05 0.00013527894043 0.00023754741414 0.00040876030107 0.00069208908826 0.0011485179421 0.0018419825938 
0.0028257162776 0.0042526940815 0.0067864032462 0.012027783319 0.023554712534 0.050110183656 0.11334820837 0.25038859248 0.43996605277 
0.74145424366 0.42815649509 0.21268489957 0.10364343226 0.052361179143 0.028907014057 0.018380977213 0.013643674552 0.011383366771 
0.010150828399 0.0093600843102 0.0087962886319 0.0083911046386 0.0081294188276 0.0080144647509 0.0080560436472 0.0082666799426 0.0086596244946 
0.009245862253 0.010028006509 0.010989479721 0.012079636566 0.013200148009 0.014204220846 0.014930077828 0.015318123624 0.015746327117 
0.016971148551 0.00078633060912 0.0003016575065 0.00048860465176 0.0026934307534 0.19487181306 0.12533392012 0.049450244755 0.01618395932 
0.0051238415763 0.0018429626944 0.00082375801867 0.00043299735989 0.00024282955565 0.00013717635011 7.6219184848e-05 4.1280294681e-05 2.1719861252e-05 
1.1089401596e-05 5.4927395468e-06 2.6397024158e-06 1.2311971886e-06 5.5751570471e-07 2.4519263775e-07 1.0477377543e-07 4.3518543436e-08 1.7577701072e-08 
6.9073502473e-09 2.6419431087e-09 9.8401820026e-10 3.5707450885e-10 1.2629930435e-10 4.3565994562e-11 1.4665303694e-11 4.8296132718e-12 1.589799581e-12 
6.3286084272e-13 2.3160013404e-12 5.566052827e-12 1.6231451946e-11 4.7451421264e-11 1.358611279e-10 3.799291437e-10 1.0370592163e-09 2.7619968535e-09 
7.17454407e-09 1.8169730609e-08 4.4845084091e-08 1.0782510884e-07 2.5245628876e-07 5.7534782627e-07 1.2757390095e-06 2.7509133815e-06 5.7657316574e-06 
1.1739804904e-05 2.3211445296e-05 4.4568118028e-05 8.326243551e-05 0.00015226358664 0.00027598938323 0.0005039080861 0.00093181454577 0.0017043245025 
0.0029241042212 0.0044239554554 0.0057667470537 0.0075789298862 0.011664249934 0.021520571783 0.04999890551 0.14596046507 0.39979794621 
0.28910198808 0.30297392607 0.2145191431 0.1278616488 0.071477465332 0.040118820965 0.02410056442 0.016312258318 0.012545621023 
0.010609391145 0.0094808489084 0.0087294448167 0.0081913545728 0.0078106787987 0.0075713940896 0.0074716517702 0.0075149899349 0.0077071897686 
0.0080543374643 0.0085602672771 0.0092222290114 0.010023749433 0.01092475187 0.011851897463 0.012698336504 0.013360026293 0.01390440017 
0.015229121782 0.021258499473 0.039858508855 0.0024659519549 0.0064745126292 0.0067931399681 0.0050449296832 0.29239025712 0.12834556401 
0.03965171054 0.01121601928 0.0033712501172 0.0012441311264 0.00057771551656 0.00030612119008 0.00016898005561 9.2942100309e-05 5.0054281019e-05 
2.6225441616e-05 1.3338260942e-05 6.5815938797e-06 3.151061037e-06 1.4642506585e-06 6.6065979354e-07 2.8955062703e-07 1.2332134247e-07 5.1062801987e-08 
2.0564241865e-08 8.0585209616e-09 3.0741793555e-09 1.1421791291e-09 4.1349787483e-10 1.459323079e-10 5.023209973e-11 1.6875219971e-11 5.546583158e-12 
1.8222164229e-12 7.2390189546e-13 2.4750704958e-12 5.9351855028e-12 1.7273196762e-11 5.0406772506e-11 1.4408661764e-10 4.0233752441e-10 1.0968275177e-09 
2.9181774774e-09 7.5746990902e-09 1.9175912414e-08 4.7330360076e-08 1.1386007515e-07 2.6687217769e-07 6.0922928924e-07 1.3540591226e-06 2.9287839425e-06 
6.1619862208e-06 1.2605059965e-05 2.507195677e-05 4.8592446547e-05 9.2495109129e-05 0.00017636873235 0.0003483776818 0.00073358177906 0.0016248978209 
0.003551160451 0.0070041548461 0.011144952849 0.012226636522 0.011122784577 0.012682968751 0.021872714162 0.067338891327 0.31830826402 
1.5778366327 0.37775203586 0.16559681296 0.10895695537 0.072275154293 0.04564608261 0.028756871819 0.01916879043 0.014049197547 
0.011317592114 0.0097590945661 0.0087674707174 0.0080753900111 0.0075758974999 0.0072287395597 0.0070190550759 0.0069418433122 0.0069967792369 
0.0071862284094 0.0075137219392 0.0079818628728 0.0085889687762 0.0093236127868 0.010156481527 0.011031098664 0.011861509643 0.012569622137 
0.013293857686 0.015295518562 0.024489039555 0.063619233668 0.2054516077 0.63232427835 0.6648132205 0.015686608851 0.013692129403 
0.22703148425 0.077380396426 0.021360287443 0.0059128631838 0.0019082512008 0.00078448693966 0.00038810737897 0.00020773375581 0.00011265651119 
6.0191800003e-05 3.1352508813e-05 1.5862702639e-05 7.7879376477e-06 3.7103284285e-06 1.7159308072e-06 7.7068614246e-07 3.3631212659e-07 1.426546703e-07 
5.8843113493e-08 2.3613310418e-08 9.2226679627e-09 3.5073877136e-09 1.299360175e-09 4.6912468354e-10 1.6514177525e-10 5.6707458174e-11 1.9007124e-11 
6.2336377379e-12 2.0434326974e-12 8.0994580617e-13 2.5652995353e-12 6.139211535e-12 1.7835000837e-11 5.1965518694e-11 1.4833952122e-10 4.1373671156e-10 
1.1269069011e-09 2.9965447901e-09 7.7769461981e-09 1.9694455844e-08 4.8654161589e-08 1.1722821824e-07 2.7540636438e-07 6.3071109935e-07 1.407570835e-06 
3.0601213439e-06 6.4786377152e-06 1.3357626813e-05 2.6872927265e-05 5.3173655033e-05 0.00010584011761 0.00022177175561 0.00051588955102 0.0013430905528 
0.0036838399246 0.0097660180181 0.022872788832 0.041660785675 0.041440866888 0.02599527128 0.017858758569 0.019186461344 0.035502746701 
0.10754616559 0.3157684505 0.13126568496 0.073835656047 0.055355440825 0.041227143258 0.029285043478 0.020746551454 0.015354540199 
0.012136857025 0.010194848292 0.0089448364452 0.0080762477592 0.0074444855563 0.0069868406281 0.0066755102016 0.0064967912622 0.0064437440597 
0.0065141124651 0.0067095579579 0.0070347278379 0.0074956426397 0.0080967759714 0.0088357301429 0.0096943285316 0.01062648464 0.011549510062 
0.012366685085 0.013125953265 0.014697054401 0.02122371085 0.047688417137 0.13809268177 0.38742861152 0.81161653996 0.87543427944 
0.83266508579 0.36080479622 0.11700525135 0.032998416573 0.0089876838028 0.0027174595743 0.0010294741951 0.00048184700427 0.00025104830274 
0.00013442315685 7.1286645834e-05 3.691485108e-05 1.8575035938e-05 9.070264241e-06 4.2980277613e-06 1.9772569431e-06 8.8354721584e-07 3.8370015432e-07 
1.6201542508e-07 6.6545013055e-08 2.6598298675e-08 1.0350274415e-08 3.9227439075e-09 1.4486045696e-09 5.214534915e-10 1.8305196248e-10 6.2693371328e-11 
2.0961673369e-11 6.858485134e-12 2.2429699157e-12 8.8688778543e-13 2.5805310579e-12 6.1650328939e-12 1.7883236558e-11 5.2041742443e-11 1.4840802198e-10 
4.1362663294e-10 1.126179261e-09 2.9947675451e-09 7.7768529394e-09 1.9718219946e-08 4.8808907138e-08 1.1793597565e-07 2.7813530323e-07 6.4012863277e-07 
1.4375006003e-06 3.149360964e-06 6.7331961873e-06 1.4074266801e-05 2.8968515835e-05 5.9916419559e-05 0.00013016458252 0.00031628797296 0.00088971212972 
0.0027953672688 0.0091172447428 0.028754148632 0.081517748535 0.19471275806 0.16833893955 0.081953592598 0.036662727594 0.023855602369 
0.025023896247 0.038576602936 0.069405071437 0.046364538372 0.036798298359 0.031635481864 0.025927614421 0.020385947078 0.015979135409 
0.012861536816 0.010746217333 0.0092886351049 0.0082411104813 0.0074625108391 0.0068814363331 0.0064617590979 0.0061827967875 0.0060311784036 
0.0059988116845 0.0060829911381 0.0062866802327 0.0066182911396 0.0070905382745 0.0077175558545 0.0085086785257 0.009456994012 0.010522474535 
0.011615311727 0.012600517832 0.013388420455 0.01430849731 0.017333609983 0.029449595138 0.069710589945 0.17693758011 0.39846345782 
0.77834171057 2.0489854813 0.59157109261 0.16515977681 0.043490823358 0.011379234493 0.0033324384131 0.0012302232208 0.00056690885685 
0.00029309964157 0.00015623157378 8.2530532381e-05 4.2560084694e-05 2.1317158826e-05 1.0357529391e-05 4.8825941121e-06 2.2344459012e-06 9.9334681636e-07 
4.2924901322e-07 1.8039681038e-07 7.3767658648e-08 2.9363597776e-08 1.1382484288e-08 4.2985583981e-09 1.5821207677e-09 5.6775584234e-10 1.9873105939e-10 
6.7879389609e-11 2.2637921052e-11 7.3890104105e-12 2.4106357101e-12 9.5082665699e-13 2.5215994657e-12 6.0161788745e-12 1.7432241414e-11 5.0687839342e-11 
1.4446992214e-10 4.025766942e-10 1.0963749908e-09 2.917861508e-09 7.5883344053e-09 1.928411919e-08 4.7888445209e-08 1.1621201423e-07 2.7559744353e-07 
6.3874227862e-07 1.4470301721e-06 3.2064963307e-06 6.9669540608e-06 1.4951306184e-05 3.2273841498e-05 7.2643320891e-05 0.00017913704505 0.00050122797256 
0.0015855347738 0.0055139646865 0.020331542939 0.075572222471 0.27701401711 1.2292686701 0.67398810387 0.25320613384 0.084841385484 
0.03848093003 0.028931934386 0.028456987813 0.031027479097 0.027557438239 0.025042414665 0.022410815582 0.019275264814 0.016162278131 
0.013508394361 0.011427943595 0.0098431436345 0.0086313495412 0.0076950602233 0.006972995121 0.0064286887646 0.0060381940566 0.0057834708132 
0.005650750827 0.0056313714013 0.0057232286781 0.0059319320135 0.0062713073567 0.0067626950331 0.0074318363331 0.0083010327071 0.0093741882592 
0.010614483617 0.011920862831 0.013121346943 0.01402310282 0.014606957324 0.015569125302 0.019620995969 0.034006036818 0.073604412377 
0.16133871675 0.3252620995 0.5865945816 0.27448856831 0.096008233726 0.029331414029 0.0088230147958 0.0029984116554 0.0012514846167 
0.00061608816031 0.00032674564864 0.00017553525686 9.2834008683e-05 4.7793684644e-05 2.3864131435e-05 1.1549212104e-05 5.4201314015e-06 2.4687844871e-06 
1.0922990441e-06 4.6979693025e-07 1.9654578409e-07 8.0026509863e-08 3.1726468563e-08 1.2252050929e-08 4.6106944929e-09 1.6914575296e-09 6.0514449007e-10 
2.1121658589e-10 7.1952284408e-11 2.3936321675e-11 7.79426957e-12 2.5368426977e-12 9.9818764365e-13 2.395707981e-12 5.7109872387e-12 1.6538059117e-11 
4.8074034337e-11 1.3702773638e-10 3.8202405128e-10 1.0414711316e-09 2.7764492927e-09 7.238696309e-09 1.8459495266e-08 4.605127657e-08 1.1241119324e-07 
2.6855289548e-07 6.2819560753e-07 1.4404664626e-06 3.2485640986e-06 7.2697807809e-06 1.6473184587e-05 3.9130474761e-05 0.00010091289005 0.00028359660064 
0.00084261316806 0.002606267808 0.0087193436921 0.033032212406 0.13616198301 0.54073280096 1.6794320345 2.2372522354 0.574000597 
0.15341700613 0.058890517801 0.039397951216 0.03367408365 0.029940498993 0.026091657579 0.022772338241 0.019786881283 0.017026815563 
0.014562308788 0.012466826476 0.010745291598 0.0093534504995 0.0082357432693 0.007346265018 0.0066519118845 0.0061279200017 0.0057535991073 
0.0055108657107 0.0053852093406 0.0053677889518 0.0054576979019 0.005663858261 0.0060062115081 0.0065154340118 0.0072293495759 0.0081831011921 
0.0093902461231 0.010815165937 0.012344840914 0.013778854162 0.014867200516 0.015434673987 0.015643758699 0.016475297511 0.020508300513 
0.032862167805 0.06135578081 0.11244437099 0.16771344841 0.098628953099 0.041684735566 0.015448004007 0.0058204382658 0.0024787341245 
0.0012111247052 0.00064352690242 0.00035149644827 0.00019075640012 0.0001011706845 5.2074068662e-05 2.5954401281e-05 1.2525761122e-05 5.8582022575e-06 
2.6580496524e-06 1.1712656942e-06 5.0169080623e-07 2.0904056441e-07 8.4782385557e-08 3.3487548734e-08 1.2887119816e-08 4.8338884007e-09 1.7679502307e-09 
6.3071992074e-10 2.1956175766e-10 7.4610338741e-11 2.4763011086e-11 8.0457151358e-12 2.6129517387e-12 1.0258339317e-12 2.2148851763e-12 5.2786477446e-12 
1.528635378e-11 4.4451050479e-11 1.2679671202e-10 3.5394864817e-10 9.6677088557e-10 2.5842237239e-09 6.7618710631e-09 1.7324477852e-08 4.3476035216e-08 
1.069056097e-07 2.5773042012e-07 6.0999491325e-07 1.4226433223e-06 3.3027304198e-06 7.8161901911e-06 1.9661049009e-05 5.4698321037e-05 0.00016667258751 
0.0005186671624 0.0015211669961 0.004030185286 0.0099607016891 0.026156101376 0.080372020602 0.25365373492 0.62565743923 0.65636384487 
0.26908034086 0.10654806346 0.062355760485 0.050694499165 0.04365189746 0.036510448903 0.029872752726 0.024473447353 0.020292500034 
0.017033204436 0.014436394908 0.012337506749 0.010633017868 0.0092499135062 0.0081334775314 0.0072429254651 0.0065475157462 0.0060223755427 
0.0056456662714 0.0053980378434 0.0052640605718 0.0052347597666 0.0053104283288 0.0055032195523 0.0058390037157 0.0063573969528 0.007107575424 
0.0081363432109 0.0094653954729 0.011059293523 0.012794901617 0.014454216696 0.015767343342 0.016523219645 0.016739398241 0.01684933342 
0.01784927398 0.0213480331 0.029314957559 0.04231986776 0.052624326199 0.036040049046 0.018827915192 0.0089941592887 0.0043698153459 
0.0022456855513 0.0012109566014 0.00066877418431 0.0003697348875 0.00020126455638 0.00010677684622 5.4923457355e-05 2.7339247026e-05 1.3169178601e-05 
6.1441191974e-06 2.7797645998e-06 1.2210157365e-06 5.2126222272e-07 2.1646718551e-07 8.7505590329e-08 3.4453780273e-08 1.3219143113e-08 4.9444248695e-09 
1.803599714e-09 6.418511278e-10 2.2292247215e-10 7.5589472182e-11 2.5037407911e-11 8.1193281265e-12 2.6318569719e-12 1.031254292e-12 1.9939805015e-12 
4.7543089257e-12 1.3777837378e-11 4.0107368815e-11 1.1458176769e-10 3.2052752119e-10 8.7796109272e-10 2.3554707074e-09 6.192115265e-09 1.5956651112e-08 
4.0325836892e-08 1.0000467654e-07 2.4364456408e-07 5.8500393152e-07 1.3968343637e-06 3.3947042084e-06 8.7980033641e-06 2.5714747608e-05 8.5340201622e-05 
0.00029877296765 0.00099667685572 0.0029206082691 0.0071139722131 0.014034478925 0.023621398956 0.042129769921 0.091610722244 0.17984168231 
0.18769177794 0.11309532821 0.077198766172 0.068252839148 0.063535697758 0.055546294898 0.045393705368 0.035767495632 0.028098318726 
0.022464221343 0.018369078636 0.015307370573 0.012940778397 0.011072161607 0.0095831705257 0.0083953877911 0.0074537061155 0.0067184972577 
0.0061597973108 0.0057529681362 0.0054768738337 0.005314742215 0.0052568153478 0.0053037623875 0.0054700225592 0.005786318332 0.0062998859212 
0.0070696473122 0.0081523228437 0.0095765171573 0.011307552457 0.013217018917 0.015082809143 0.016647106037 0.017738811672 0.018418861553 
0.019048167393 0.020163835958 0.022158045322 0.024940662086 0.027625637129 0.027654344216 0.020986147225 0.013356654905 0.007762611378 
0.0043193674646 0.0023617837578 0.0012882271549 0.00070438877447 0.00038429061533 0.00020714315178 0.0001092630846 5.6028446124e-05 2.7837766538e-05 
1.3388756997e-05 6.2360568336e-06 2.8157680845e-06 1.2340295825e-06 5.2552252328e-07 2.176794851e-07 8.7770757773e-08 3.4472023458e-08 1.3194554782e-08 
4.9240824751e-09 1.7923736939e-09 6.3659350014e-10 2.2068841199e-10 7.4703111752e-11 2.4703976712e-11 7.9990077062e-12 2.5889516225e-12 1.0128849799e-12 
1.7487095756e-12 4.1744849764e-12 1.2115288807e-11 3.5332143461e-11 1.011748324e-10 2.8386082374e-10 7.8041245688e-10 2.1033559339e-09 5.5601079296e-09 
1.442295261e-08 3.6733307951e-08 9.1928384904e-08 2.2649678044e-07 5.5257442e-07 1.3569330122e-06 3.4881495594e-06 1.0016378837e-05 3.3602944313e-05 
0.00012615176092 0.00047675246606 0.0016464334913 0.0048505221494 0.011550122872 0.021160364151 0.028953185305 0.03238889575 0.041241198778 
0.060672722757 0.069932699203 0.067680008709 0.071760848165 0.07679181546 0.075310103595 0.066510304809 0.054115526378 0.042153906077 
0.032636910677 0.025723230094 0.020776545629 0.017134260386 0.014356946573 0.012192911468 0.010489826091 0.0091429157183 0.0080770654604 
0.007240019273 0.0065954080783 0.0061154980212 0.0057768663391 0.0055601866916 0.0054531474598 0.0054547963664 0.00557985669 0.00586191006 
0.006353746634 0.0071218633093 0.0082309870049 0.0097159650177 0.011545195244 0.013592498377 0.015647346154 0.01749298349 0.019051957875 
0.02053059265 0.02241159603 0.025135923177 0.028524937108 0.031406104565 0.032021149993 0.029049448669 0.022559048608 0.015264188871 
0.009261155501 0.0051874159835 0.0027653148863 0.0014444149565 0.0007546422421 0.00039685689262 0.00020876147028 0.00010859368194 5.5290569435e-05 
2.7376414437e-05 1.314261317e-05 6.1132345763e-06 2.756651611e-06 1.2063353552e-06 5.1288742497e-07 2.1207586087e-07 8.5359175728e-08 3.3465848759e-08 
1.2787649162e-08 4.7645238865e-09 1.7316631462e-09 6.1416111086e-10 2.1263198147e-10 7.188822454e-11 2.3746138736e-11 7.6806781421e-12 2.4833210575e-12 
9.7052932097e-13 1.4940623608e-12 3.5735318784e-12 1.0394101378e-11 3.03901522e-11 8.7291215922e-11 2.4581875424e-10 6.7883892951e-10 1.839277175e-09 
4.8920645312e-09 1.2779879377e-08 3.2808177508e-08 8.283932118e-08 2.0622226771e-07 5.0996715117e-07 1.2796634792e-06 3.4193476495e-06 1.0434922842e-05 
3.7439855078e-05 0.0001476402249 0.00057277979795 0.0019997344352 0.0059029888362 0.013982628472 0.025177057832 0.032711647451 0.031247766688 
0.029321247712 0.034796949476 0.045508090407 0.058870725334 0.07326195389 0.082681588829 0.082663618028 0.073944047093 0.060768548399 
0.047878000885 0.037551999092 0.029948512092 0.024375708774 0.020151333883 0.016853021458 0.014248968102 0.012188169174 0.010551249608 
0.0092454422265 0.0082065947354 0.0073928697966 0.0067738867365 0.0063229603693 0.0060157305561 0.0058339512907 0.005771452561 0.0058399178088 
0.0060728266835 0.0065258033574 0.0072703799233 0.0083772512153 0.0098869670182 0.011773619801 0.013920925558 0.016143701971 0.018286461011 
0.02039386332 0.022860769182 0.026360057294 0.031339935958 0.037194207311 0.041827213019 0.042536985129 0.037982914597 0.029408840463 
0.019874466583 0.011923444457 0.0065028714016 0.0033213084098 0.0016423729248 0.00081020791549 0.0004055777099 0.00020598045376 0.00010488331463 
5.2794297517e-05 2.5994535463e-05 1.244613668e-05 5.7812444538e-06 2.6044467631e-06 1.138713742e-06 4.8368150374e-07 1.9979884769e-07 8.0334494612e-08 
3.1463333272e-08 1.2010419326e-08 4.4706842672e-09 1.6234268374e-09 5.7530230579e-10 1.9902908488e-10 6.7243190183e-11 2.2197925789e-11 7.1757894765e-12 
2.3188011841e-12 9.0573588126e-13 1.2432244904e-12 2.9814295564e-12 8.6968739502e-12 2.5509216267e-11 7.3543136858e-11 2.0799748035e-10 5.7726812219e-10 
1.573047248e-09 4.2110115395e-09 1.107921932e-08 2.8660156914e-08 7.2939620566e-08 1.8298113957e-07 4.5541941063e-07 1.1457451592e-06 3.0418796086e-06 
9.1006404546e-06 3.1767911423e-05 0.00012245141261 0.00046861937153 0.0016248374013 0.0047812038101 0.011310466565 0.020353877917 0.026427665725 
0.025203285739 0.023652715608 0.028766227886 0.040924016386 0.057200685143 0.073158971965 0.083354406059 0.084667295218 0.077924102545 
0.065147675574 0.052677422762 0.042796891183 0.035318627954 0.029481744394 0.024725474417 0.020790487528 0.017564060166 0.014948680066 
0.012832765467 0.011115186848 0.009725109674 0.0086188465357 0.0077647306025 0.0071312906221 0.0066850874573 0.0063965348527 0.0062487130053 
0.0062453639694 0.0064158369787 0.0068152905442 0.0075174309313 0.0085964510217 0.010097010061 0.011999342591 0.01420054771 0.016546113417 
0.018943239003 0.021546974778 0.024911414832 0.029866466299 0.036871060729 0.044982928783 0.051366508007 0.05251186341 0.046830438077 
0.036135401577 0.024258010089 0.01437278837 0.0076758936048 0.0037978414912 0.0017995976377 0.00084521202371 0.0004036729224 0.00019756438269 
9.8170625279e-05 4.8728812544e-05 2.3820330171e-05 1.1365694263e-05 5.27082193e-06 2.3725767733e-06 1.0368182757e-06 4.402240279e-07 1.8177858863e-07 
7.3061585226e-08 2.8604453917e-08 1.0915368165e-08 4.0618015618e-09 1.4745457078e-09 5.2242005166e-10 1.8069926111e-10 6.1040984767e-11 2.0148140101e-11 
6.5126211715e-12 2.1043867603e-12 8.2195925413e-13 1.0069450699e-12 2.4226133252e-12 7.0910729545e-12 2.0876200074e-11 6.0436898541e-11 1.7173540368e-10 
4.791547159e-10 1.3133908405e-09 3.5385980812e-09 9.3741929774e-09 2.4421515477e-08 6.2578450866e-08 1.5786802976e-07 3.9357641413e-07 9.8120256098e-07 
2.5184488095e-06 7.0083269748e-06 2.2162847017e-05 7.8298442531e-05 0.00028351318906 0.00095510081155 0.0027754774783 0.0065514147282 0.01188511122 
0.015880294144 0.016484847292 0.018217124045 0.025442296639 0.038248915225 0.054005481303 0.068896189332 0.079588107765 0.085941746831 
0.087777748704 0.071982212365 0.058095630258 0.048864152282 0.042106483132 0.036360848695 0.031148316339 0.026471119374 0.022424494848 
0.019020041451 0.016185410321 0.013830041513 0.011889156885 0.010325307958 0.0091087017208 0.0082012964413 0.0075550759211 0.0071217045188 
0.0068659759127 0.0067771794274 0.006875465624 0.0072117154486 0.0078587355092 0.0088910833001 0.010353778489 0.012229016051 0.014423083514 
0.016805358231 0.01932532154 0.02219449915 0.026024932042 0.031680673361 0.039584148675 0.048627179116 0.055672772229 0.056906230748 
0.05065894872 0.038979254663 0.026053817943 0.015329699032 0.0080957636237 0.0039366278797 0.0018195082666 0.0008281491464 0.00038256752305 
0.00018188003742 8.8501707069e-05 4.3361713324e-05 2.1044454115e-05 1.0004418982e-05 4.631513093e-06 2.0832760583e-06 9.1017614068e-07 3.8645299583e-07 
1.5959405175e-07 6.4156502333e-08 2.5123405578e-08 9.5893186725e-09 3.5692926392e-09 1.2961183238e-09 4.5934397952e-10 1.5893322769e-10 5.370663636e-11 
1.773360625e-11 5.7343188357e-12 1.8536639237e-12 7.243595372e-13 7.9322231292e-13 1.9154758075e-12 5.6281893208e-12 1.6636395386e-11 4.8376049694e-11 
1.3813512834e-10 3.8747013931e-10 1.0682376095e-09 2.8958715426e-09 7.7207875648e-09 2.0243486887e-08 5.218476673e-08 1.322619454e-07 3.3003865951e-07 
8.1535847585e-07 2.0247960038e-06 5.2150917327e-06 1.4534198272e-05 4.4659052946e-05 0.00014510141045 0.00045796539052 0.0012897192501 0.0030249461997 
0.0055994726717 0.0080168507993 0.0098421135917 0.013592123985 0.021492786705 0.033282615244 0.047045104206 0.060978643596 0.077370047569 
0.10755299777 0.1504458189 0.10193322599 0.069816693664 0.056838870049 0.050334978849 0.044888917357 0.039364106953 0.03393195197 
0.028925737366 0.024512613192 0.020703246817 0.017453495413 0.014729951508 0.012516057119 0.010789320804 0.0095034455881 0.0085894009098 
0.0079713882878 0.0075870188884 0.0074034412391 0.0074258074164 0.0076968134381 0.0082855066285 0.0092632733285 0.01066915039 0.012477253564 
0.014590548351 0.016886761412 0.019328176975 0.022114967927 0.025791237131 0.031099714339 0.038363173604 0.046521618962 0.052703354508 
0.053463693708 0.047349240631 0.03630482778 0.024201780558 0.014203066006 0.0074750366621 0.0036152310204 0.0016567698913 0.0007449380355 
0.00033907574834 0.00015884499589 7.6360687672e-05 3.7094945583e-05 1.7907015717e-05 8.4870207502e-06 3.9229644244e-06 1.7634737333e-06 7.7041255508e-07 
3.27203594e-07 1.35191911e-07 5.4380091541e-08 2.1309528364e-08 8.1394819773e-09 3.0319007305e-09 1.1018104207e-09 3.9078046354e-10 1.3531448184e-10 
4.5760822215e-11 1.5121695562e-11 4.8935803326e-12 1.5832038371e-12 6.192259162e-13 6.0722076239e-13 1.4722083145e-12 4.3434422725e-12 1.2892837839e-11 
3.7659497049e-11 1.0805636247e-10 3.0467081635e-10 8.4456852623e-10 2.3025907847e-09 6.1746598945e-09 1.628217916e-08 4.2195996031e-08 1.074017888e-07 
2.6846265655e-07 6.6015104494e-07 1.6068734112e-06 3.9286683204e-06 9.8921937024e-06 2.6311083275e-05 7.3830990004e-05 0.00020877008501 0.00055289838929 
0.001277861651 0.0024569821544 0.0039528124034 0.0059724487364 0.0098330453038 0.016596507281 0.026040541008 0.03745348379 0.053243268281 
0.091444075108 0.20957548916 0.4387280941 0.21356351674 0.10018572211 0.068143084645 0.059401266277 0.054287243634 0.048782948405 
0.042799267918 0.036846663803 0.031285710633 0.026277301833 0.021886501461 0.01815344207 0.015103056096 0.012725886889 0.010964888148 
0.0097233010456 0.0088893119246 0.0083645395935 0.0080862436444 0.0080388449132 0.008253628388 0.0087943272665 0.0097262784839 0.011073997244 
0.012787322514 0.014746006578 0.016818936914 0.018963497132 0.021331321448 0.024321278557 0.028451154009 0.033901169896 0.039816938341 
0.044010102749 0.043906573206 0.038489982486 0.029350269586 0.01952528581 0.011465282179 0.0060508777387 0.0029397406615 0.0013547156705 
0.00061234767782 0.00027967826463 0.00013110715372 6.292416947e-05 3.0486220567e-05 1.4678382286e-05 6.9430275289e-06 3.2054051644e-06 1.4401821318e-06 
6.2920645405e-07 2.673531867e-07 1.1054414983e-07 4.4506244024e-08 1.7458154034e-08 6.6756231654e-09 2.4893989092e-09 9.0568458289e-10 3.2158459229e-10 
1.1148026252e-10 3.7743023984e-11 1.2486216922e-11 4.0452597869e-12 1.3102980072e-12 5.1313602889e-13 4.5136003225e-13 1.0989254211e-12 3.2557804109e-12 
9.7052244713e-12 2.8474434616e-11 8.2082396435e-11 2.3255980475e-10 6.4790017795e-10 1.7754012704e-09 4.7851540508e-09 1.2680567707e-08 3.3013588308e-08 
8.435639387e-08 2.1135512895e-07 5.1915770882e-07 1.2523788655e-06 2.9834002362e-06 7.0962305472e-06 1.7112979549e-05 4.2260937335e-05 0.00010566015408 
0.00025720859412 0.00057916459627 0.0011645727791 0.0021176168229 0.0037377963308 0.0067065381445 0.011559309438 0.018308546394 0.027584835887 
0.047326963395 0.12245858461 0.42436185479 1.1804392338 0.43673717976 0.14566342533 0.079661682248 0.067353114486 0.063137091696 
0.058370161802 0.052336134017 0.045646689832 0.038909871131 0.032541427761 0.026811953634 0.021893192083 0.017872301862 0.014752813615 
0.012460336089 0.010863355361 0.0098073445261 0.0091512463987 0.0087960362434 0.0087007107213 0.0088836308569 0.0094044916332 0.01032222528 
0.011637501419 0.013253883459 0.015000761487 0.01672157459 0.018372004852 0.020072033629 0.022089961916 0.024717578664 0.027991490439 
0.031303562224 0.033253908157 0.032263379544 0.027798088267 0.021007921547 0.013941610232 0.0082124229521 0.0043708891608 0.0021525863558 
0.0010099459905 0.00046573134023 0.00021662309882 0.00010287059558 4.9705009587e-05 2.4130298698e-05 1.1613125935e-05 5.4866527535e-06 2.5304593692e-06 
1.136344622e-06 4.9647547939e-07 2.1105776682e-07 8.7339742549e-08 3.5201356496e-08 1.382498116e-08 5.293282701e-09 1.9765893366e-09 7.201086949e-10 
2.5604679488e-10 8.8884351268e-11 3.0134606616e-11 9.9829536998e-12 3.2387430411e-12 1.0505868094e-12 4.1207049708e-13 3.2559409812e-13 7.9612786632e-13 
2.3686395727e-12 7.0901548521e-12 2.0890797772e-11 6.0484416087e-11 1.7212709036e-10 4.8167086986e-10 1.3257130949e-09 3.5885312499e-09 9.5488887908e-09 
2.495624507e-08 6.3983996768e-08 1.6071223286e-07 3.9503905214e-07 9.5003434808e-07 2.2386029741e-06 5.189494459e-06 1.1917285519e-05 2.7307089113e-05 
6.2497892941e-05 0.00014114120859 0.00030717180925 0.00063154823147 0.0012300934177 0.0023225154728 0.004262487404 0.0073381923139 0.011619394645 
0.017535377294 0.029139250517 0.066129870713 0.18687418103 0.42192071676 0.20430490375 0.098313838243 0.073017977178 0.070248886943 
0.06974645704 0.066949665546 0.061611935496 0.05454755947 0.046705279499 0.038891382515 0.03170433268 0.02551522851 0.020487174392 
0.016623929143 0.01381893456 0.011897695251 0.010659438558 0.0099173942581 0.0095320381224 0.0094333030283 0.0096268821508 0.010173554532 
0.01113054622 0.012468391098 0.014020583592 0.015533062629 0.016802186146 0.017791589722 0.018644226715 0.019594041631 0.020801570266 
0.022200450301 0.023373827338 0.023552509025 0.021958367899 0.018433539197 0.013739219867 0.0090850051492 0.0053807999939 0.002904147841 
0.0014620672446 0.00070566631621 0.00033553538378 0.00016038303147 7.7656732174e-05 3.792280404e-05 1.8483548047e-05 8.8981432782e-06 4.1993680497e-06 
1.9344518023e-06 8.6804777766e-07 3.7918968587e-07 1.6125454749e-07 6.6780806662e-08 2.6943558495e-08 1.059500665e-08 4.0621630504e-09 1.5190695368e-09 
5.5425242174e-10 1.9737317336e-10 6.8621310023e-11 2.330058195e-11 7.7308879784e-12 2.5120120827e-12 8.1618669072e-13 3.2069710928e-13 2.2787316738e-13 
5.5959680249e-13 1.6718848528e-12 5.0248247403e-12 1.4865567111e-11 4.3214251622e-11 1.2347070588e-10 3.4685540551e-10 9.5821639512e-10 2.6029469691e-09 
6.9493442112e-09 1.82182891e-08 4.6838209755e-08 1.1791285459e-07 2.9022334047e-07 6.9761330224e-07 1.6370845515e-06 3.7544839415e-06 8.4376788436e-06 
1.8653607185e-05 4.0686099965e-05 8.7443775556e-05 0.00018390869081 0.00037522375351 0.00073996646097 0.0014106512535 0.0025746428873 0.0044000130147 
0.0069648018107 0.010437038727 0.016095440835 0.029474342242 0.063771367073 0.11740995198 0.083798997104 0.065572716296 0.064417429268 
0.069401532412 0.073174074292 0.073244191706 0.06936442107 0.062412705272 0.053697906435 0.04451039806 0.035890568048 0.028483875096 
0.022543545812 0.018053295091 0.01485338714 0.012718020007 0.011400592513 0.010669293813 0.01034078747 0.010310832411 0.010571704246 
0.011192883365 0.012242026627 0.013664788567 0.015212737955 0.01651991345 0.017301537097 0.017512604594 0.017365487292 0.017195377499 
0.017185430974 0.017237462103 0.01703710109 0.016183499247 0.014378262684 0.011671110056 0.0085376482457 0.0056174332276 0.0033520937432 
0.001843668404 0.00095502618933 0.00047719632857 0.00023500205134 0.00011566131434 5.7109376939e-05 2.816986671e-05 1.3774590116e-05 6.6286584115e-06 
3.1229856177e-06 1.4361168041e-06 6.4364348873e-07 2.8100271265e-07 1.1950228895e-07 4.9514476075e-08 1.9994198297e-08 7.8709314622e-09 3.0215652203e-09 
1.1314928994e-09 4.1344230817e-10 1.4745228649e-10 5.1344564017e-11 1.7461670998e-11 5.8028477856e-12 1.8885982188e-12 6.1469373428e-13 2.4197896291e-13 
1.547472003e-13 3.8167293761e-13 1.1450473816e-12 3.4550463619e-12 1.0261216356e-11 2.9942250068e-11 8.5859853949e-11 2.420176004e-10 6.7068750553e-10 
1.827085705e-09 4.8905532957e-09 1.2850985165e-08 3.3108847219e-08 8.3502840198e-08 2.0581336457e-07 4.9496975407e-07 1.1601671304e-06 2.6493371479e-06 
5.8982536757e-06 1.2824480109e-05 2.7294354368e-05 5.6949600548e-05 0.00011643064499 0.00023260999296 0.00045238214079 0.0008516307571 0.0015352516202 
0.0026117262896 0.0041623613797 0.0062847561203 0.0093700038269 0.014875419438 0.026175100356 0.045105010271 0.058536995202 0.067673251033 
0.059509709477 0.064947739244 0.071845605969 0.075031667948 0.073296256363 0.067252092063 0.058365121484 0.048309028149 0.038602653891 
0.030254436657 0.023658424616 0.018782140687 0.015403465368 0.013244594447 0.012019424699 0.011454162188 0.011315524578 0.011452958919 
0.011836818419 0.012549685314 0.013689459302 0.015205890872 0.016793368384 0.017974805087 0.018340589479 0.017763730139 0.016513947397 
0.015153214335 0.014059910551 0.013191787526 0.012264089659 0.011008800939 0.0093183265999 0.0072983112186 0.0052302586846 0.0034238074441 
0.0020622881129 0.0011593345553 0.00061946141068 0.00032054935582 0.00016309648345 8.2304191892e-05 4.1264498577e-05 2.0492114345e-05 1.0031197235e-05 
4.8187075663e-06 2.264203431e-06 1.0386091844e-06 4.6461892111e-07 2.0261200007e-07 8.6122909693e-08 3.5685648214e-08 1.4416574601e-08 5.679532844e-09 
2.1824464458e-09 8.1820100695e-10 2.9934552059e-10 1.0690533875e-10 3.7278971576e-11 1.2697017049e-11 4.225954222e-12 1.3775729689e-12 4.4913839358e-13 
1.7713972921e-13 1.0202223181e-13 2.5274023868e-13 7.6140054548e-13 2.3064495192e-12 6.8759559678e-12 2.0136656231e-11 5.7936901804e-11 1.6380928558e-10 
4.5518078196e-10 1.2428983398e-09 3.3334979221e-09 8.7744993493e-09 2.2640358921e-08 5.7177537371e-08 1.4109298263e-07 3.3960273527e-07 7.9608798842e-07 
1.8155736825e-06 4.0269346755e-06 8.6908758021e-06 1.8274628019e-05 3.7502701161e-05 7.5209049101e-05 0.00014740196639 0.00028181116795 0.00052316451911 
0.00093552714679 0.0015960821183 0.0025846841745 0.0039969873615 0.0060618673451 0.0097156763077 0.019253989682 0.050254207104 0.12772321701 
0.22416572273 0.082011960447 0.058775387704 0.063851766288 0.069290697575 0.070153795183 0.066244550049 0.058651249856 0.048972919583 
0.039062682539 0.030372645706 0.023558974266 0.018643315881 0.015372244641 0.013436307199 0.012526218779 0.012330816127 0.012554610148 
0.012976166792 0.013519384898 0.014270840213 0.015379453078 0.016857083887 0.01842222549 0.019544109702 0.019660387188 0.018445182592 
0.016137959436 0.013587584719 0.01150120981 0.0099724186584 0.0087101468816 0.0074308970943 0.0060329763219 0.0045820539817 0.0032275405247 
0.0021072209347 0.0012834818335 0.00073777663056 0.0004058140039 0.00021641225612 0.00011298870231 5.8058150898e-05 2.9394648664e-05 1.4643213035e-05 
7.1603658398e-06 3.4290612803e-06 1.6054756315e-06 7.3404834211e-07 3.2752612356e-07 1.4256539771e-07 6.0529011137e-08 2.5065872933e-08 1.0124991512e-08 
3.9897445347e-09 1.5339054471e-09 5.7548527055e-10 2.1073832956e-10 7.5340678141e-11 2.6302982362e-11 8.9700981018e-12 2.989591864e-12 9.7595770441e-13 
3.1870735434e-13 1.2592220832e-13 6.5360741721e-14 1.626524436e-13 4.9209079736e-13 1.4965881182e-12 4.4786440181e-12 1.3163220514e-11 3.7998090785e-11 
1.0774933723e-10 3.0015426256e-10 8.2127699086e-10 2.2063206817e-09 5.8151146121e-09 1.5020525268e-08 3.7969897448e-08 9.378040744e-08 2.2591881077e-07 
5.2996102795e-07 1.2089062693e-06 2.6792831704e-06 5.7681818362e-06 1.2070130651e-05 2.4581217076e-05 4.880126653e-05 9.4575079856e-05 0.00017893462791 
0.00032984334393 0.00058971199905 0.0010166354477 0.0016841290053 0.0026955534704 0.0043318620883 0.0082427347079 0.024802034721 0.10073830932 
0.36530280113 1.1094027758 0.21337866783 0.059977814555 0.050567712635 0.055816698819 0.058818481863 0.05794750154 0.053302839398 
0.045668296516 0.036834396422 0.028650198132 0.022172819823 0.017606638372 0.014740207233 0.013275757432 0.012908762321 0.013298949227 
0.014073862694 0.014907224104 0.015632431954 0.01630333811 0.017120683566 0.018226996064 0.019493468106 0.020455447957 0.020434239879 
0.018837533891 0.015765594319 0.012288285419 0.0094393845648 0.0074730003253 0.0060931984335 0.0049536223523 0.0038872519508 0.0028868729714 
0.0020121471025 0.00131594704 0.00081183708971 0.00047648936743 0.00026858854108 0.00014662148897 7.7984092059e-05 4.055239333e-05 2.0645535187e-05 
1.0291259059e-05 5.0201592785e-06 2.3948580292e-06 1.1165689102e-06 5.0853134326e-07 2.2615822104e-07 9.8186511366e-08 4.1606121215e-08 1.7206160052e-08 
6.9441101758e-09 2.7350559595e-09 1.0513986348e-09 3.9452510703e-10 1.4453077624e-10 5.1702482573e-11 1.8064582816e-11 6.1663269976e-12 2.0573347713e-12 
6.7242300053e-13 2.1988750339e-13 8.7015139018e-14 4.0743728107e-14 1.0187261868e-13 3.0957642049e-13 9.4541984918e-13 2.8404850087e-12 8.3797569578e-12 
2.4272552718e-11 6.9036366901e-11 1.928039256e-10 5.2863535771e-10 1.4224157407e-09 3.7534815256e-09 9.7041130687e-09 2.4549478894e-08 6.0679852254e-08 
1.4630434464e-07 3.4354007994e-07 7.8447294527e-07 1.7401550849e-06 3.747796427e-06 7.838264537e-06 1.5934492694e-05 3.1538533221e-05 6.0892078181e-05 
0.00011485175492 0.00021166121587 0.00038046872942 0.00066496420186 0.0011271167314 0.0018577454612 0.0030552791432 0.00566059025 0.015218039975 
0.054707381874 0.16314145923 0.28581795096 0.089902840555 0.039444152266 0.035996276885 0.040991798043 0.044336996973 0.045527391136 
0.044015143067 0.039277806878 0.032469402999 0.025463785976 0.019747421145 0.015821453184 0.013575609773 0.012755182572 0.013089793734 
0.014229044318 0.015724468976 0.017122516409 0.018109245226 0.018619161099 0.018838368356 0.019072283059 0.019502745941 0.019897803664 
0.019594419748 0.017821716145 0.014503035694 0.010717274621 0.0076149441302 0.0055376593955 0.0042110565118 0.0032656821422 0.0024892867077 
0.0018197853351 0.0012625746895 0.00083015946439 0.00051904231077 0.00031027602381 0.00017835517065 9.9075892649e-05 5.3387389926e-05 2.7980535378e-05 
1.428908854e-05 7.1187960202e-06 3.462577979e-06 1.6450592284e-06 7.6355996725e-07 3.4625412582e-07 1.5338964943e-07 6.637142036e-08 2.8046695633e-08 
1.1572872438e-08 4.662546349e-09 1.8340676755e-09 7.0441680267e-10 2.64180261e-10 9.6756845591e-11 3.4613454464e-11 1.2096953647e-11 4.1312313813e-12 
1.3792491455e-12 4.5116956503e-13 1.4768893573e-13 5.8517752276e-14 2.4753247005e-14 6.2202352373e-14 1.8991600827e-13 5.8255256088e-13 1.7577091041e-12 
5.2063505417e-12 1.5136631532e-11 4.3194579857e-11 1.2097638169e-10 3.3247124498e-10 8.9623264365e-10 2.3682784622e-09 6.1293246034e-09 1.5519404428e-08 
3.8392197865e-08 9.2657209905e-08 2.1783833404e-07 4.9820266668e-07 1.1071609833e-06 2.3892469017e-06 5.0065896176e-06 1.0194608876e-05 2.0202338419e-05 
3.9042828575e-05 7.3744406109e-05 0.00013633587514 0.00024673770531 0.00043656065827 0.00075418048073 0.0012777207885 0.0022036652081 0.0045527005568 
0.014444735833 0.058476872742 0.19631154835 0.41831120849 0.13927611709 0.046377200633 0.031390339136 0.035688728094 0.036259066314 
0.035720691085 0.03502818197 0.03244997561 0.027740614489 0.021948475391 0.016953187063 0.013675309718 0.012086563744 0.011926459149 
0.01296890527 0.014899233356 0.01724745892 0.019466504455 0.021043902263 0.021611979231 0.021090205759 0.019844355062 0.018670897931 
0.017833609134 0.01685635373 0.014960178174 0.011920831166 0.0085586365312 0.0058223525994 0.0040073692799 0.0028898029123 0.0021531651728 
0.0016006053193 0.0011555188103 0.00079978740541 0.00052889250219 0.00033449797775 0.00020285886421 0.0001183124914 6.6540160333e-05 3.6176908907e-05 
1.9057977624e-05 9.7488964457e-06 4.85184637e-06 2.3530583348e-06 1.1134311535e-06 5.1446272664e-07 2.3222172274e-07 1.0242154502e-07 4.4139145672e-08 
1.8585197381e-08 7.6449788722e-09 3.0719491395e-09 1.2057562726e-09 4.622876526e-10 1.7313818435e-10 6.3349200885e-11 2.2647174067e-11 7.9119566801e-12 
2.7017320672e-12 9.0212001281e-13 2.9519979126e-13 9.6690111972e-14 3.8342596378e-14 1.4683351716e-14 3.7096244994e-14 1.1383491263e-13 3.5084348621e-13 
1.0634691912e-12 3.163915744e-12 9.2365524951e-12 2.6456762128e-11 7.4343087242e-11 2.0488608032e-10 5.5358007067e-10 1.4655283653e-09 3.7985317114e-09 
9.6298151675e-09 2.3850370567e-08 5.763510913e-08 1.3571107615e-07 3.1097980013e-07 6.9275819214e-07 1.4992298247e-06 3.1515914998e-06 6.4387772909e-06 
1.2801345292e-05 2.4816825317e-05 4.7019952035e-05 8.7248947239e-05 0.00015873706434 0.00028315250529 0.00049511657562 0.00085365271661 0.0015183131909 
0.0034066725057 0.013071595691 0.071027830243 0.38154357672 1.769744277 0.34665638208 0.073603197932 0.040365371853 0.050896830857 
0.043408501893 0.033686887473 0.029558354989 0.027691693977 0.024788700044 0.019664844498 0.014784583822 0.011813359335 0.010712223127 
0.01103734877 0.012596572749 0.015221333131 0.018587293103 0.022223522887 0.025436136872 0.027203653008 0.026360509917 0.022615402937 
0.018495775759 0.015474966727 0.013339331374 0.011241971515 0.0087368795648 0.0061977924779 0.004173186142 0.002824342344 0.0019878295716 
0.0014440402156 0.0010521301301 0.0007503394736 0.00051704095677 0.00034258043161 0.00021803592972 0.00013335050608 7.8443350503e-05 4.4438478653e-05 
2.4284336178e-05 1.2827662431e-05 6.5647254814e-06 3.2623395327e-06 1.5775497104e-06 7.435447742e-07 3.4200544974e-07 1.5364000205e-07 6.7439216878e-08 
2.8929550311e-08 1.2128616333e-08 4.9694688364e-09 1.9898416248e-09 7.7861656012e-10 2.9773156163e-10 1.112596959e-10 4.0634391685e-11 1.4505710869e-11 
5.0621377749e-12 1.7272596114e-12 5.7646460305e-13 1.8859679172e-13 6.1776606508e-14 2.4504993507e-14 8.5204043663e-15 2.1650026607e-14 6.6795961123e-14 
2.0692295262e-13 6.3035487203e-13 1.8844131984e-12 5.5264148292e-12 1.58967145e-11 4.4840627739e-11 1.2399548055e-10 3.3599328875e-10 8.916735128e-10 
2.3159216767e-09 5.8817488657e-09 1.4591934772e-08 3.5322873515e-08 8.3335677914e-08 1.9140533425e-07 4.2757523033e-07 9.2837353804e-07 1.9588189843e-06 
4.0178165364e-06 8.0198278738e-06 1.5604720829e-05 2.9661230656e-05 5.5194104789e-05 0.00010070671851 0.00018029828789 0.0003168451658 0.0005488821771 
0.00096940755611 0.0020833704621 0.0079802265391 0.052648317069 0.56503033638 1.5520504713 0.33906558156 0.080534167588 0.068882726133 
0.10362944752 0.074902422726 0.041935198009 0.028264822438 0.025603316724 0.024296283722 0.019288856536 0.013897255994 0.010891893879 
0.010075339116 0.01058745943 0.012322790921 0.01550948713 0.020337317139 0.026898095384 0.03470621258 0.041662003845 0.042906478047 
0.033445511013 0.022401576862 0.014860591851 0.01062447764 0.0080288685858 0.005964058917 0.0042049018666 0.0028667068109 0.0019649844617 
0.0013844053028 0.00099522969685 0.00071456597652 0.00050308799837 0.00034371350193 0.0002267962409 0.00014423691027 8.8329477876e-05 5.2068884543e-05 
2.9555210858e-05 1.6170899471e-05 8.5434003267e-06 4.3678846851e-06 2.1660437142e-06 1.0441739278e-06 4.902289561e-07 2.2447595427e-07 1.0035140008e-07 
4.3826712925e-08 1.8705801352e-08 7.8039921192e-09 3.1827069868e-09 1.2689084228e-09 4.9456938545e-10 1.8845160155e-10 7.0205126435e-11 2.5572001114e-11 
9.1081205078e-12 3.1725839404e-12 1.0809020779e-12 3.6032919812e-13 1.1778640942e-13 3.8560382101e-14 1.5291072445e-14 4.8451961708e-15 1.2386683713e-14 
3.8435597207e-14 1.1971567943e-13 3.6663752004e-13 1.1017285174e-12 3.2470866274e-12 9.3838782231e-12 2.6583657151e-11 7.3797058742e-11 2.0066236173e-10 
5.3414672685e-10 1.391030402e-09 3.5412364152e-09 8.8049709746e-09 2.1361511671e-08 5.0515986061e-08 1.163309804e-07 2.6065336556e-07 5.6789258451e-07 
1.2027934417e-06 2.4770270102e-06 4.9638706514e-06 9.6926241895e-06 1.8474223907e-05 3.4437576687e-05 6.2887622335e-05 0.00011262395856 0.00019792951935 
0.00034220909583 0.00059398513986 0.0011850947049 0.0042616212741 0.03031777218 0.24159882963 1.5323444605 0.30448186398 0.096422366798 
0.13655336201 0.21460294724 0.13746674359 0.059945803136 0.029194235802 0.023519016802 0.023068025708 0.018532905728 0.013368046843 
0.010876196437 0.010499172844 0.010968598537 0.012564091943 0.016387559474 0.02385153994 0.036887627095 0.057182505727 0.082485191524 
0.096837379038 0.069266863167 0.037998586893 0.01892632246 0.0099772540852 0.0060560097918 0.0040639676154 0.0028058108874 0.0019463715144 
0.0013666893356 0.00097501970595 0.0006996205193 0.00049718515947 0.00034569748095 0.00023352811695 0.00015271498705 9.6480522188e-05 5.8804420405e-05 
3.4547068935e-05 1.9559600332e-05 1.0678853869e-05 5.6298977142e-06 2.8715246572e-06 1.4199996485e-06 6.822361911e-07 3.1904536968e-07 1.4544113469e-07 
6.470254732e-08 2.8112044248e-08 1.1935038735e-08 4.9528807722e-09 2.0094839126e-09 7.9719281176e-10 3.0926997074e-10 1.1733972127e-10 4.3543307848e-11 
1.5805405595e-11 5.6122988201e-12 1.949738114e-12 6.6278682846e-13 2.2053406735e-13 7.1979863747e-14 2.3535488066e-14 9.3238405278e-15 2.7041520488e-15 
6.957227085e-15 2.1717130251e-14 6.8025825858e-14 2.0949114297e-13 6.329245396e-13 1.8751478235e-12 5.4459704975e-12 1.5499601602e-11 4.3211521167e-11 
1.1795399379e-10 3.150838479e-10 8.2313073024e-10 2.1015040819e-09 5.2391921912e-09 1.2743792688e-08 3.02168921e-08 6.9782380763e-08 1.5683993126e-07 
3.4287154449e-07 7.2884978408e-07 1.506627882e-06 3.0301061997e-06 5.9349995354e-06 1.1336943317e-05 2.1153391572e-05 3.8613561628e-05 6.9038491347e-05 
0.00012099752348 0.00020811855211 0.00035388572724 0.00062783353496 0.0015516942367 0.0083954203874 0.065355427563 0.35370528698 0.099324658513 
0.090432070196 0.24521146715 0.36277258396 0.21214428544 0.078070029616 0.02794027701 0.017670081928 0.016812261194 0.014081498608 
0.011344092898 0.010772831738 0.011323029175 0.011742340401 0.013193994761 0.018280081451 0.03083650209 0.057619541883 0.10935033858 
0.19343571365 0.26977810264 0.17350494862 0.080997213721 0.032157693058 0.012421469204 0.0054599917494 0.0029813162982 0.0019151237793 
0.0013271938078 0.00094841665123 0.00068439589813 0.00049126864178 0.00034661393147 0.00023848710407 0.00015932421957 0.00010310680955 6.4540035964e-05 
3.9028698666e-05 2.2780732252e-05 1.2830186279e-05 6.974903954e-06 3.6638716665e-06 1.8625938765e-06 9.1804940894e-07 4.3952843498e-07 2.0474500673e-07 
9.293138703e-08 4.1145472807e-08 1.7785296791e-08 7.5101782571e-09 3.0994580236e-09 1.2505826374e-09 4.934451181e-10 1.9043697175e-10 7.1898570431e-11 
2.6558717031e-11 9.5999120112e-12 3.395892725e-12 1.1757638049e-12 3.9849812903e-13 1.3225404387e-13 4.3071042609e-14 1.4056067914e-14 5.5591056084e-15 
1.482801372e-15 3.8397951675e-15 1.2058772695e-14 3.7989231173e-14 1.1764858022e-13 3.5739659387e-13 1.0644665488e-12 3.107179878e-12 8.8854956379e-12 
2.4882217814e-11 6.8199237924e-11 1.8286004655e-10 4.7934201053e-10 1.22763677e-09 3.0695679332e-09 7.4874479949e-09 1.7803198915e-08 4.1232389947e-08 
9.295126091e-08 2.0384925392e-07 4.3476228484e-07 9.0169550049e-07 1.819117756e-06 3.5722937355e-06 6.8353874667e-06 1.2760188838e-05 2.3270073143e-05 
4.1502877139e-05 7.2452749009e-05 0.00012388071627 0.0002077929239 0.00034575260361 0.00061738933437 0.0016651491169 0.0087433578447 0.043675340712 
0.029156303033 0.10614953935 0.36280685663 0.42647197843 0.23825287819 0.077809102833 0.021789370105 0.010539568029 0.0095359412953 
0.0087644113228 0.0086053190753 0.0098109347746 0.011103169061 0.011622521095 0.013595814817 0.021629568189 0.043488498777 0.095705203712 
0.21448774636 0.46310371161 0.81836903095 0.43387234211 0.17229999602 0.058234997094 0.018194152042 0.0059716431424 0.0024588054512 
0.0013602331746 0.00090706348419 0.00064886972541 0.00047046874533 0.00033755542245 0.00023694097763 0.00016176693316 0.0001071145598 6.8689281761e-05 
4.2619187298e-05 2.5565432225e-05 1.4817208466e-05 8.295481166e-06 4.4875050662e-06 2.3475788566e-06 1.1891546592e-06 5.8414070736e-07 2.7870206054e-07 
1.2934474114e-07 5.8466476105e-08 2.5768255085e-08 1.1083156615e-08 4.6552788291e-09 1.9106158877e-09 7.6655076731e-10 3.0075100743e-10 1.1542591882e-10 
4.3345077527e-11 1.5929757513e-11 5.7304920358e-12 2.0181718709e-12 6.9593956249e-13 2.3501616235e-13 7.7745013931e-14 2.5246589487e-14 8.2177476358e-15 
3.2423343371e-15 7.9928162367e-16 2.0832057477e-15 6.5815201155e-15 2.0851159341e-14 6.4929717148e-14 1.9830506323e-13 5.9369463555e-13 1.7415967756e-12 
5.003776473e-12 1.4073826306e-11 3.8732274332e-11 1.0424257291e-10 2.7420388182e-10 7.045045658e-10 1.7667833863e-09 4.3218175705e-09 1.0304417764e-08 
2.3930526893e-08 5.4097334612e-08 1.1897702024e-07 2.5447957341e-07 5.2927322258e-07 1.0705253999e-06 2.1066316549e-06 4.0361646825e-06 7.5361967902e-06 
1.3727767509e-05 2.4419941838e-05 4.2454201321e-05 7.2164766607e-05 0.00011995599925 0.00019505416276 0.00031256212969 0.00053191301413 0.001359297079 
0.0062476936728 0.028557740152 0.18586112559 0.73077249527 0.65327334404 0.37035873532 0.11206069589 0.023798184469 0.0067031024955 
0.0048075900413 0.0048968219198 0.0058202138171 0.0075085633434 0.0089727696031 0.010143207386 0.014572677203 0.029752615839 0.067255213857 
0.15545812249 0.37084108591 0.96021652222 2.6152040958 0.91110795736 0.29613137245 0.087624810636 0.024034725502 0.0065850894898 
0.0021399578545 0.00098666758277 0.00061351567274 0.0004326562339 0.00031313986983 0.00022423450719 0.00015679093485 0.00010648100579 7.0072310336e-05 
4.4636370149e-05 2.7507470804e-05 1.6392585167e-05 9.4438846645e-06 5.2594714361e-06 2.8324645882e-06 1.4761554894e-06 7.4525070204e-07 3.6493901234e-07 
1.735641888e-07 8.0274382697e-08 3.6147365989e-08 1.5863657055e-08 6.7910725932e-09 2.837964086e-09 1.1584748716e-09 4.6218429084e-10 1.8030069104e-10 
6.8803324149e-11 2.5692260819e-11 9.3908526788e-12 3.3606819584e-12 1.1777766262e-12 4.0428955756e-13 1.3595426326e-13 4.4802754036e-14 1.4498646017e-14 
4.7040787877e-15 1.8503388146e-15 4.235193853e-16 1.1107751842e-15 3.5295443631e-15 1.1242435375e-14 3.5191965851e-14 1.0802824428e-13 3.2500521371e-13 
9.5786399645e-13 2.764238274e-12 7.8071672391e-12 2.156920649e-11 5.8258779745e-11 1.5375335727e-10 3.9624156734e-10 9.9653130192e-10 2.4441733082e-09 
5.8424625138e-09 1.3601994198e-08 3.0824125474e-08 6.7957230954e-08 1.4570208862e-07 3.0372791571e-07 6.1558574771e-07 1.2133317568e-06 2.3268491987e-06 
4.3446884774e-06 7.9051624198e-06 1.4027576071e-05 2.429199958e-05 4.1068175051e-05 6.777101953e-05 0.00010903241491 0.00017037820362 0.00025844495394 
0.00042799176299 0.0014908204321 0.012902617455 0.13572968543 1.2152559757 1.0922800303 0.59094446898 0.18011243641 0.027348307893 
0.0046299654059 0.0023664089385 0.0025848266669 0.0034674389753 0.0048072189093 0.0063196499832 0.0094476109371 0.021340824664 0.056080769747 
0.11849334836 0.2400277108 0.46164000034 1.0029120445 2.1998987198 0.89303731918 0.28901463747 0.083498984575 0.022065626457 
0.0056641050614 0.0016519746277 0.00068210304016 0.00040185375838 0.00027903096634 0.00020100620168 0.0001434955193 0.00010001289047 6.7678331106e-05 
4.4360989705e-05 2.8136330002e-05 1.7260452296e-05 1.0239129551e-05 5.8731980062e-06 3.2579719118e-06 1.7484552473e-06 9.0842536338e-07 4.5734827836e-07 
2.2335223093e-07 1.0592746946e-07 4.8841112488e-08 2.1916806148e-08 9.5808152523e-09 4.0835588244e-09 1.6983447981e-09 6.8971395262e-10 2.7367891287e-10 
1.0616646451e-10 4.0283210795e-11 1.4956907241e-11 5.4363358433e-12 1.9349055778e-12 6.7456375772e-13 2.3040881811e-13 7.7122559912e-14 2.5305844524e-14 
8.1566740192e-15 2.6364180004e-15 1.0332320708e-15 2.2048476728e-16 5.816987648e-16 1.8583532286e-15 5.9489792039e-15 1.8712097911e-14 5.7708815482e-14 
1.7439742955e-13 5.1618659434e-13 1.4956514759e-12 4.2402591854e-12 1.1756143802e-11 3.1857433358e-11 8.433022336e-11 2.1793432337e-10 5.4950671791e-10 
1.3509982022e-09 3.2366773706e-09 7.5516508602e-09 1.7148767739e-08 3.7883616244e-08 8.1380214567e-08 1.6994762575e-07 3.4498049217e-07 6.8076565185e-07 
1.3063380493e-06 2.4388382371e-06 4.4325274757e-06 7.8477442003e-06 1.3542466149e-05 2.2783549866e-05 3.7360830902e-05 5.96471873e-05 9.2393638624e-05 
0.00013769039651 0.00019929968403 0.00038295064587 0.0021695333999 0.020537748933 0.16699905694 0.89757317305 0.69822180271 0.74276083708 
0.04479522258 0.0030471559148 0.0011325776577 0.0013220187975 0.0018821133999 0.0028327088803 0.0048600411974 0.012748878449 0.045534681529 
0.13549503684 0.23458375037 0.4160014689 0.60454159975 0.71257662773 0.88649648428 0.43640288711 0.159985587 0.049165714532 
0.013380120508 0.0034834293183 0.0010246600723 0.0004255756503 0.00025086937239 0.00017362817016 0.00012456369586 8.8595865236e-05 6.1558886955e-05 
4.1545525164e-05 2.7162694096e-05 1.7183167074e-05 1.0512063454e-05 6.2181129579e-06 3.5566579299e-06 1.9676556349e-06 1.0533617569e-06 5.4602270438e-07 
2.7428706062e-07 1.3364939377e-07 6.3230295666e-08 2.9074413987e-08 1.3005974964e-08 5.6652424973e-09 2.404980215e-09 9.9579688939e-10 4.0245856647e-10 
1.5887811899e-10 6.1302136978e-11 2.3131710089e-11 8.5405606198e-12 3.0868222475e-12 1.0925917289e-12 3.7885723747e-13 1.287338156e-13 4.2876929763e-14 
1.4003411264e-14 4.493853257e-15 1.4463480386e-15 5.6446270311e-16 1.1267437405e-16 2.988868251e-16 9.5955513331e-16 3.0856912637e-15 9.7481210251e-15 
3.0189463803e-14 9.1598366533e-14 2.7214542469e-13 7.9136605038e-13 2.2510927584e-12 6.2606382752e-12 1.7014365611e-11 4.5158644185e-11 1.1698844671e-10 
2.9564142801e-10 7.2836231491e-10 1.7483551273e-09 4.0865542061e-09 9.2958494236e-09 2.0568702297e-08 4.4251326159e-08 9.2535906049e-08 1.8805368995e-07 
3.7139398046e-07 7.1291816539e-07 1.330575742e-06 2.4156397558e-06 4.2680953811e-06 7.3421979323e-06 1.2299333321e-05 2.0057759684e-05 3.1812582165e-05 
4.8955662351e-05 7.2691604146e-05 0.00010333442333 0.00014852300228 0.00034868446528 0.0020673535764 0.014970403165 0.096368081868 0.72513025999 
0.081266619265 0.0056897299364 0.00073342351243 0.00053434900474 0.00067743862746 0.00099908292759 0.0017590933712 0.0046834647655 0.020018018782 
0.089658215642 0.27760508657 0.41421598196 0.73954081535 1.2858275175 0.81183415651 0.49195045233 0.21386350691 0.075145319104 
0.022769680247 0.0062364954501 0.001682517468 0.00053620804101 0.00024382860283 0.00015001217253 0.00010455413576 7.4764808232e-05 5.2952917031e-05 
3.66731947e-05 2.4692137231e-05 1.6114297978e-05 1.0177218428e-05 6.2158483161e-06 3.6705368984e-06 2.095812988e-06 1.157442739e-06 6.1855615741e-07 
3.2008651374e-07 1.6050722706e-07 7.8060075737e-08 3.6851862006e-08 1.6903660693e-08 7.5402377675e-09 3.2738143307e-09 1.384703352e-09 5.7101562367e-10 
2.2975561731e-10 9.0267661401e-11 3.4653495351e-11 1.300739811e-11 4.7765892804e-12 1.716960016e-12 6.0439690362e-13 2.0844078145e-13 7.0452507489e-14 
2.3345396932e-14 7.5871756523e-15 2.4234347422e-15 7.763970169e-16 3.0160664789e-16 5.6457492174e-17 1.5049725388e-16 4.8528365139e-16 1.5668348754e-15 
4.9688494286e-15 1.5444747938e-14 4.7024745073e-14 1.4017508942e-13 4.0887665432e-13 1.1664457377e-12 3.2527858445e-12 8.8619415625e-12 2.3574508665e-11 
6.1199795232e-11 1.5495299488e-10 3.8241948497e-10 9.1942881086e-10 2.1522230664e-09 4.9024353466e-09 1.0861135991e-08 2.3393138093e-08 4.8966779076e-08 
9.9589527736e-08 1.9678114427e-07 3.7777562056e-07 7.0477642566e-07 1.2781218857e-06 2.2540061764e-06 3.8666321416e-06 6.4528121584e-06 1.0473158e-05 
1.6516978576e-05 2.5265449949e-05 3.735943028e-05 5.309304106e-05 7.2579328844e-05 0.00010505900718 0.00024512820528 0.0011025387794 0.0061777108349 
0.03990804404 0.0051193996333 0.00058534758864 0.00025603358517 0.00027410700568 0.00035327157821 0.00052679539658 0.0010158581426 0.0030483324081 
0.013084876351 0.057552482933 0.1962967664 0.43755823374 0.85081338882 1.097545743 0.84634417295 0.3912615478 0.13103830814 
0.037168867886 0.0097757466137 0.0025272201747 0.00070887577021 0.00025829079095 0.00013399138697 8.7019667262e-05 6.1179009208e-05 4.3595005991e-05 
3.073327025e-05 2.1209709303e-05 1.4246490537e-05 9.2821273938e-06 5.8548598645e-06 3.5718805975e-06 2.1068660772e-06 1.2015781294e-06 6.6277812039e-07 
3.5374606e-07 1.8280512393e-07 9.1531333624e-08 4.4440433555e-08 2.0939928902e-08 9.5836529823e-09 4.2640158071e-09 1.8459013207e-09 7.7815243138e-10 
3.1970123771e-10 1.2811322836e-10 5.011265708e-11 1.9147993954e-11 7.1519045027e-12 2.6128960107e-12 9.3428823705e-13 3.2713664676e-13 1.1222066435e-13 
3.7730489712e-14 1.2437969017e-14 4.0220474351e-15 1.2784624027e-15 4.0759977164e-16 1.575612175e-16 2.7703850358e-17 7.4169063598e-17 2.4008063629e-16 
7.778638662e-16 2.4750088843e-15 7.7174154383e-15 2.3567583838e-14 7.0450176454e-14 2.0603866378e-13 5.8923341466e-13 1.6468939927e-12 4.4962237059e-12 
1.1983778553e-11 3.1164484188e-11 7.9031441114e-11 1.9532871154e-10 4.702320755e-10 1.1020385715e-09 2.5129724968e-09 5.5727427117e-09 1.2012903561e-08 
2.5163116035e-08 5.1203450369e-08 1.0120060523e-07 1.9426829567e-07 3.6224002997e-07 6.5622532475e-07 1.1552631349e-06 1.9768506263e-06 3.2881648622e-06 
5.3149410633e-06 8.3418926806e-06 1.2694204088e-05 1.8684162569e-05 2.6503117624e-05 3.6094792449e-05 4.7640791308e-05 6.6215376137e-05 0.00012351399346 
0.00037655376946 0.0016967558768 0.00033167717629 0.00013103277888 0.00012469106878 0.00014542986173 0.00018565458595 0.00027146603679 0.0005173945101 
0.0014889816521 0.0058654407039 0.024234877899 0.084648355842 0.21741890907 0.42435142398 0.51984405518 0.40135467052 0.1768207252 
0.054960686713 0.014218346216 0.0034635539632 0.00088772992603 0.0002783544478 0.00012292503379 7.2738577728e-05 4.9323298299e-05 3.4855689591e-05 
2.4735079933e-05 1.7354097508e-05 1.1932463167e-05 7.9946012193e-06 5.1996689763e-06 3.275572908e-06 1.9962230908e-06 1.1763164594e-06 6.7021215955e-07 
3.6930151737e-07 1.9689009889e-07 1.0162338526e-07 5.0814211505e-08 2.4633255435e-08 1.1586322124e-08 5.2918758264e-09 2.3489419299e-09 1.0141306683e-09 
4.2622053109e-10 1.7452171652e-10 6.9676972525e-11 2.7145325918e-11 1.0327531365e-11 3.8397965363e-12 1.3961342932e-12 4.9674094048e-13 1.7304933257e-13 
5.9057725615e-14 1.9753975541e-14 6.4787068329e-15 2.0844976847e-15 6.5932822268e-16 2.0916194848e-16 8.0439132346e-17 1.3297511509e-17 3.5733937764e-17 
1.1605211645e-16 3.7713940806e-16 1.2033839433e-15 3.7623852499e-15 1.1518731593e-14 3.4514593603e-14 1.0116553591e-13 2.8991170358e-13 8.1183963632e-13 
2.2202970799e-12 5.9272010043e-12 1.5436360523e-11 3.919707961e-11 9.6991158161e-11 2.3374269187e-10 5.4831900131e-10 1.2513775571e-09 2.7770716837e-09 
5.9900955307e-09 1.2553346806e-08 2.5552342464e-08 5.0507505733e-08 9.693743408e-08 1.8065129836e-07 3.2692668128e-07 5.7463029179e-07 9.8110933777e-07 
1.627212896e-06 2.6209718271e-06 4.097146757e-06 6.2082358454e-06 9.1012834673e-06 1.2875761968e-05 1.7526854208e-05 2.2929072657e-05 2.9093353078e-05 
3.7225629058e-05 5.3310341173e-05 0.00010187107546 6.0787533585e-05 5.7994613599e-05 6.5006512159e-05 7.6942182204e-05 9.6951698652e-05 0.00013624463463 
0.0002386597771 0.00059879588662 0.0020526109729 0.0077104284428 0.02603228204 0.068469069898 0.13050374389 0.15444509685 0.11761362851 
0.051482699811 0.015851797536 0.004056038335 0.0010027047247 0.00028494626167 0.00011112246284 6.0318485339e-05 3.9290825953e-05 2.7323583708e-05 
1.9332619559e-05 1.3660623154e-05 9.540866813e-06 6.5363133217e-06 4.3673981054e-06 2.8348902106e-06 1.783155426e-06 1.0853600543e-06 6.3886994894e-07 
3.6361791445e-07 2.0014917368e-07 1.0658914107e-07 5.4948976924e-08 2.7439284622e-08 1.3281889366e-08 6.2365934639e-09 2.842982294e-09 1.25917754e-09 
5.4229726265e-10 2.2728918747e-10 9.2782004302e-11 3.6918346852e-11 1.4330404918e-11 5.4305995464e-12 2.0106397016e-12 7.2782464734e-13 2.5776104341e-13 
8.9366922608e-14 3.0349702108e-14 1.0101260072e-14 3.2964514839e-15 1.0553838882e-15 3.3218551667e-16 1.0485302402e-16 4.0113511692e-17 6.2367387458e-18 
1.6813640399e-17 5.475928045e-17 1.7840616893e-16 5.7062280316e-16 1.7880791401e-15 5.4859058682e-15 1.6470565824e-14 4.8366164047e-14 1.3884154785e-13 
3.8941311113e-13 1.0665489759e-12 2.8509707616e-12 7.4337411227e-12 1.8896608237e-11 4.680379001e-11 1.1289096741e-10 2.6502255945e-10 6.0523436263e-10 
1.3438947732e-09 2.9000717383e-09 6.0796461199e-09 1.2377367575e-08 2.4465247606e-08 4.6943402054e-08 8.7433377871e-08 1.5807752618e-07 2.7745360853e-07 
4.7279715432e-07 7.822101793e-07 1.2561725953e-06 1.9571480152e-06 2.9554701086e-06 4.3193917918e-06 6.0979809859e-06 8.298735338e-06 1.086982229e-05 
1.3712028704e-05 1.675079875e-05 2.0110106561e-05 2.4391851184e-05 2.5923753128e-05 2.9078470106e-05 3.3558917494e-05 3.9960810682e-05 4.9843125453e-05 
6.7187691457e-05 0.00010567041318 0.00021944251785 0.00061837607063 0.0020219429862 0.0063133281656 0.016079153866 0.029539411888 0.033828068525 
0.02530830726 0.011153987609 0.0035085107666 0.00094156776322 0.00026245982735 9.4812618045e-05 4.8287685786e-05 3.0536881241e-05 2.0967529053e-05 
1.4750410628e-05 1.0427995221e-05 7.340834145e-06 5.1066126616e-06 3.4863628571e-06 2.3229270028e-06 1.5044167867e-06 9.4455731414e-07 5.7405043208e-07 
3.3744817074e-07 1.9182340338e-07 1.0546003892e-07 5.6094389578e-08 2.8881196101e-08 1.4402495196e-08 6.9611272302e-09 3.2632745395e-09 1.4848609009e-09 
6.5631461377e-10 2.8201690982e-10 1.1790185495e-10 4.7995045438e-11 1.9039221588e-11 7.3658466479e-12 2.7813409128e-12 1.0258231981e-12 3.6982347523e-13 
1.3041346161e-13 4.5013275605e-14 1.5216481029e-14 5.0406473293e-15 1.637126434e-15 5.2162999397e-16 1.6339771125e-16 5.1319959416e-17 1.9530645815e-17 
2.8557827486e-18 7.7198458736e-18 2.5202014471e-17 8.2283526736e-17 2.6370554986e-16 8.2789010853e-16 2.5444878206e-15 7.6520270358e-15 2.2504862421e-14 
6.4695136455e-14 1.8169030191e-13 4.9822250275e-13 1.3332456883e-12 3.4798015164e-12 8.8535446335e-12 2.1946179249e-11 5.2971453612e-11 1.2443200637e-10 
2.8431640375e-10 6.3158867025e-10 1.3634127161e-09 2.8589015599e-09 5.8209628229e-09 1.1505108866e-08 2.2069857053e-08 4.1083943358e-08 7.4215492418e-08 
1.3010038913e-07 2.2133139055e-07 3.6541399595e-07 5.8538591929e-07 9.0959485988e-07 1.3699216197e-06 1.9976664589e-06 2.8167128221e-06 3.8348471207e-06 
5.0364355957e-06 6.382497304e-06 7.8239872892e-06 9.329383829e-06 1.0915483472e-05 1.2530636013e-05 1.4454330994e-05 1.6904488803e-05 2.0244171537e-05 
2.5092051146e-05 3.2741314499e-05 4.6912573453e-05 8.0513847934e-05 0.00017830176512 0.00047900641221 0.0013183046831 0.003124690149 0.0054622907192 
0.0060521238483 0.0044381306507 0.0019933357835 0.00066438183421 0.00020362742362 7.3521841841e-05 3.6384026316e-05 2.2723363145e-05 1.5572852135e-05 
1.0947780538e-05 7.7382401287e-06 5.4649312915e-06 3.8360749386e-06 2.6596878797e-06 1.809959258e-06 1.2024740954e-06 7.7682852861e-07 4.8670074193e-07 
2.9524991874e-07 1.7327954538e-07 9.8357133993e-08 5.3999883676e-08 2.8683960096e-08 1.474839717e-08 7.3443957582e-09 3.5444633895e-09 1.6589262186e-09 
7.5352885043e-10 3.3242542052e-10 1.4254193659e-10 5.9454295653e-11 2.4141093638e-11 9.5500508543e-12 3.6835790494e-12 1.3863925199e-12 5.0954742812e-13 
1.8301483105e-13 6.4283559758e-14 2.2096323184e-14 7.4374371679e-15 2.4528303854e-15 7.9303766736e-16 2.5152349554e-16 7.8423094669e-17 2.4511785189e-17 
9.2801558358e-18 1.2758033619e-18 3.4566440572e-18 1.1306834363e-17 3.6981862141e-17 1.1871754385e-16 3.7328837277e-16 1.1489632411e-15 3.4599904644e-15 
1.018887716e-14 2.9324656717e-14 8.2445125217e-14 2.2630255146e-13 6.0613764442e-13 1.5833379529e-12 4.0314279692e-12 9.9997380168e-12 2.4150516656e-11 
5.6759562328e-11 1.297475738e-10 2.8832938814e-10 6.2259192246e-10 1.3057394055e-09 2.6587938518e-09 5.2547615148e-09 1.0077639168e-08 1.8751432407e-08 
3.384898406e-08 5.9276846542e-08 1.0070698409e-07 1.6598477259e-07 2.6538376119e-07 4.1150332208e-07 6.1853796751e-07 9.0064321512e-07 1.2692920563e-06 
1.7299962565e-06 2.2795727546e-06 2.9059690405e-06 3.5926400415e-06 4.3278423618e-06 5.1163419812e-06 5.9860235524e-06 7.0068795139e-06 8.2848901002e-06 
9.979114111e-06 1.232933846e-05 1.5745583369e-05 2.1161866243e-05 3.1318719266e-05 5.4632102547e-05 0.00011436749628 0.00026090719621 0.00054968550103 
0.00089599896455 0.0009586965316 0.00069203687599 0.0003261147649 0.00012433619122 4.9708545703e-05 2.5260262191e-05 1.592854278e-05 1.1034417184e-05 
7.8246357589e-06 5.5580339904e-06 3.9392102735e-06 2.7809951462e-06 1.9483538836e-06 1.3471830016e-06 9.140338193e-07 6.0547887415e-07 3.9010870978e-07 
2.4383191999e-07 1.4760816214e-07 8.6469547966e-08 4.8999890367e-08 2.6860224267e-08 1.4246749558e-08 7.3146613211e-09 3.6372582723e-09 1.7527417295e-09 
8.1905093818e-10 3.7141137388e-10 1.6355539145e-10 6.9994295082e-11 2.9132515844e-11 1.1801685497e-11 4.6568963963e-12 1.7913121073e-12 6.7220453379e-13 
2.4627291851e-13 8.8153361564e-14 3.0851830015e-14 1.0564367713e-14 3.5417030975e-15 1.1632036649e-15 3.7447998931e-16 1.1825522268e-16 3.6707559124e-17 
1.1419584871e-17 4.3016737798e-18 5.5581444833e-19 1.5087588257e-18 4.9433041325e-18 1.6192002588e-17 5.204991322e-17 1.6387280409e-16 5.0499966672e-16 
1.522469619e-15 4.4880324466e-15 1.2929639455e-14 3.6384015646e-14 9.9953174264e-14 2.6792283669e-13 7.0034847062e-13 1.7843205212e-12 4.428417702e-12 
1.0700535076e-11 2.5160007758e-11 5.7535656794e-11 1.2789849735e-10 2.7624161292e-10 5.7945198639e-10 1.1799962119e-09 2.3320330111e-09 4.4716208514e-09 
8.3174436227e-09 1.5005824139e-08 2.6257577446e-08 4.4562959545e-08 7.3353888297e-08 1.1710979209e-07 1.8131716217e-07 2.7218320042e-07 3.9601144408e-07 
5.5821516298e-07 7.6212131717e-07 1.0079926369e-06 1.2929681361e-06 1.6126275568e-06 1.964379635e-06 2.3519669412e-06 2.7897758628e-06 3.3066630749e-06 
3.9486094465e-06 4.782454198e-06 5.9011376834e-06 7.4374061114e-06 9.6201320048e-06 1.2980674001e-05 1.8931536033e-05 3.0925079045e-05 5.5453754612e-05 
9.7937801911e-05 0.00014395169273 0.00014840562653 0.00010799450683 5.7362256484e-05 2.8238808227e-05 1.5811679987e-05 1.0375480088e-05 7.3642245297e-06 
5.32042759e-06 3.82914277e-06 2.736946044e-06 1.9451451863e-06 1.3739265796e-06 9.614315104e-07 6.6326509796e-07 4.4874482796e-07 2.9638852084e-07 
1.9042767008e-07 1.1871967587e-07 7.1704619131e-08 4.1919079763e-08 2.3710697405e-08 1.297559038e-08 6.8714491874e-09 3.5226503936e-09 1.7490525694e-09 
8.415795838e-10 3.9266165319e-10 1.7777150585e-10 7.8150035054e-11 3.3383538989e-11 1.3867303139e-11 5.605740698e-12 2.206907183e-12 8.4678856808e-13 
3.1690931346e-13 1.1576857366e-13 4.131078956e-14 1.4410117522e-14 4.9170787749e-15 1.642381744e-15 5.3733541418e-16 1.7230025252e-16 5.4187086533e-17 
1.6749439603e-17 5.1873869333e-18 1.9445552091e-18 2.3606948861e-19 6.418043191e-19 2.1056337442e-18 6.9053583475e-18 2.2222412297e-17 7.0038110384e-17 
2.1604659257e-16 6.5193918371e-16 1.9234936621e-15 5.5459105292e-15 1.5617964482e-14 4.2935273392e-14 1.1516173215e-13 3.012111231e-13 7.678322496e-13 
1.9065905538e-12 4.6090240999e-12 1.0841473552e-11 2.4800925202e-11 5.5147740541e-11 1.1914043363e-10 2.4995885917e-10 5.0907367211e-10 1.0061086408e-09 
1.9290242737e-09 3.5872955717e-09 6.4695426794e-09 1.1314318371e-08 1.9188000522e-08 3.1556776747e-08 5.0331195212e-08 7.7852909897e-08 1.1678815781e-07 
1.6989834251e-07 2.396854768e-07 3.2797149174e-07 4.3556346441e-07 5.6224286027e-07 7.0732124868e-07 8.7085021505e-07 1.0552940921e-06 1.267283551e-06 
1.5191585589e-06 1.8302499711e-06 2.2279166387e-06 2.7480157314e-06 3.435088729e-06 4.3468035074e-06 5.5782575146e-06 7.3335345405e-06 1.0046604075e-05 
1.4396406186e-05 2.0633680833e-05 2.64571554e-05 2.6405836252e-05 2.0438605134e-05 1.3356313502e-05 8.7701891971e-06 6.1964510678e-06 4.577447271e-06 
3.4031397718e-06 2.5036688385e-06 1.8182622625e-06 1.3069615079e-06 9.3192267059e-07 6.5899274659e-07 4.608145332e-07 3.1727088867e-07 2.1407959139e-07 
1.4098252166e-07 9.0319822732e-08 5.6157919204e-08 3.3836069946e-08 1.9737747436e-08 1.1142392786e-08 6.086760429e-09 3.218031619e-09 1.6471515263e-09 
8.1660317397e-10 3.9233269411e-10 1.8277727942e-10 8.2621132158e-11 3.6262132186e-11 1.5463621703e-11 6.4117387615e-12 2.5868053359e-12 1.0162397182e-12 
3.8904204294e-13 1.4524099696e-13 5.2917156876e-14 1.882945602e-14 6.5482749194e-15 2.2272549236e-15 7.4141635612e-16 2.4170556312e-16 7.7217502088e-17 
2.4191259319e-17 7.4479863478e-18 2.2968940318e-18 8.5701737914e-19 9.7737250723e-20 2.6605362259e-19 8.7381933024e-19 2.8684458498e-18 9.2394378702e-18 
2.9144696414e-17 8.9975055736e-17 2.7171353169e-16 8.0224173912e-16 2.3146172665e-15 6.5223650286e-15 1.7941220002e-14 4.8148927201e-14 1.2600098916e-13 
3.2134993451e-13 7.9829388542e-13 1.9306025962e-12 4.542926365e-12 1.0395936716e-11 2.3123626278e-11 4.9969178101e-11 1.0485911445e-10 2.1359417013e-10 
4.2217826457e-10 8.0946122027e-10 1.5051896396e-09 2.7140334424e-09 4.745002169e-09 8.0436901584e-09 1.3222105189e-08 2.107767294e-08 3.2590193655e-08 
4.8884523096e-08 7.1149877101e-08 1.0051738997e-07 1.37918164e-07 1.8397426516e-07 2.3900119572e-07 3.0320251199e-07 3.7709099843e-07 4.620885079e-07 
5.6119216651e-07 6.7959769012e-07 8.2520881506e-07 1.0089182751e-06 1.2443696278e-06 1.5468751826e-06 1.9317833448e-06 2.4143319024e-06 3.0144587981e-06 
3.7645706925e-06 4.6955492508e-06 5.7408642533e-06 6.5300259848e-06 6.4270197981e-06 5.4747838476e-06 4.3085478865e-06 3.3587116377e-06 2.6234690722e-06 
2.0278630473e-06 1.5383089931e-06 1.1444000165e-06 8.3766451553e-07 6.0560608972e-07 4.3339252898e-07 3.0689750474e-07 2.1449878318e-07 1.4741172549e-07 
9.920827182e-08 6.5144206474e-08 4.1613088086e-08 2.5802709303e-08 1.5507561457e-08 9.0256335739e-09 5.0847943633e-09 2.7725455265e-09 1.4633398937e-09 
7.4782258164e-10 3.7018352272e-10 1.7758952642e-10 8.2612229557e-11 3.728747866e-11 1.6340066453e-11 6.9568010207e-12 2.8795999873e-12 1.1596572227e-12 
4.5469053869e-13 1.7370310648e-13 6.4702841067e-14 2.3516965149e-14 8.3463619655e-15 2.89456802e-15 9.8162743549e-16 3.2574920447e-16 1.0584751349e-16 
3.3698984122e-17 1.0519781937e-17 3.2268026182e-18 9.9113856331e-19 3.681823558e-19 3.944537413e-20 1.0748357738e-19 3.5332327101e-19 1.1607382994e-18 
3.741525267e-18 1.1810297843e-17 3.6484299768e-17 1.102461225e-16 3.256956561e-16 9.4021673585e-16 2.6508444538e-15 7.2954185417e-15 1.9588138349e-14 
5.1283603015e-14 1.3084906693e-13 3.2518703442e-13 7.8674106075e-13 1.8519684484e-12 4.2394599116e-12 9.432813905e-12 2.0389877287e-11 4.2798868616e-11 
8.71993866e-11 1.7238462047e-10 3.3056321569e-10 6.1472171797e-10 1.1084144713e-09 1.9377337512e-09 3.2844427178e-09 5.398209435e-09 8.6047897696e-09 
1.3306098445e-08 1.9968078746e-08 2.9093754961e-08 4.1182829591e-08 5.6686012329e-08 7.5971584579e-08 9.9329284353e-08 1.2703726782e-07 1.5950463705e-07 
1.9747859881e-07 2.4228498319e-07 2.9606414387e-07 3.619601614e-07 4.4418828793e-07 5.4783259884e-07 6.7817848048e-07 8.3948839347e-07 1.0334763374e-06 
1.2580943576e-06 1.5066008245e-06 1.7641044678e-06 1.9966403215e-06 2.1370176455e-06 2.1065243345e-06 1.9156414055e-06 1.6509611669e-06 1.3773606042e-06 
1.1171985079e-06 8.8097863227e-07 6.7661818548e-07 5.0809734375e-07 3.7475794556e-07 2.7250717949e-07 1.9571830023e-07 1.3878793936e-07 9.6958672202e-08 
6.6516022912e-08 4.4651969233e-08 2.9236355559e-08 1.8621614473e-08 1.151469764e-08 6.9028045502e-09 4.0082870356e-09 2.2534718536e-09 1.2264241844e-09 
6.4618943529e-10 3.2969987851e-10 1.6295961802e-10 7.8063090714e-11 3.6261636055e-11 1.6343235792e-11 7.1513485238e-12 3.0400439111e-12 1.2563383493e-12 
5.0508962247e-13 1.9768399157e-13 7.5374798905e-14 2.8018498031e-14 1.0161105491e-14 3.5977156923e-15 1.2445494269e-15 4.2092190583e-16 1.3928142593e-16 
4.5120710564e-17 1.4319641221e-17 4.4553399494e-18 1.3618861871e-18 4.1674600031e-19 1.5416579959e-19 1.5520360753e-20 4.2324402101e-20 1.3922484978e-19 
4.5766036966e-19 1.4760672004e-18 4.661807539e-18 1.440869714e-17 4.3560988727e-17 1.2875194613e-16 3.7185185783e-16 1.0488645932e-15 2.8878372844e-15 
7.7570658975e-15 2.0316989871e-14 5.1858863747e-14 1.2892959541e-13 3.120423028e-13 7.3480669249e-13 1.6826860001e-12 3.745259311e-12 8.0983683301e-12 
1.7003981556e-11 3.4654439041e-11 6.8526899433e-11 1.3143833244e-10 2.444769942e-10 4.4090081586e-10 7.709095029e-10 1.3068999216e-09 2.1484336532e-09 
3.4257545689e-09 5.30044586e-09 7.9618862614e-09 1.1618825013e-08 1.6486747967e-08 2.277402622e-08 3.0672431706e-08 4.0359751097e-08 5.2022237185e-08 
6.5901275548e-08 8.2361935938e-08 1.0197562972e-07 1.256038189e-07 1.5446438795e-07 1.9014390773e-07 2.3449119624e-07 2.8930844564e-07 3.5578432289e-07 
4.3371233005e-07 5.2068241985e-07 6.1145493646e-07 6.9747522957e-07 7.6641327951e-07 8.0296558735e-07 7.9462523672e-07 7.4306308306e-07 6.6231899609e-07 
5.6682233662e-07 4.6764589001e-07 3.7330840996e-07 2.8959351539e-07 2.1935832706e-07 1.6296903027e-07 1.1914687548e-07 8.5854729548e-08 6.0955095194e-08 
4.2561733693e-08 2.9147342318e-08 1.9517996108e-08 1.2743721634e-08 8.0937052616e-09 4.9910409139e-09 2.9844267058e-09 1.728983734e-09 9.7001351396e-10 
5.2692150643e-10 2.7715096884e-10 1.4118306524e-10 6.9677465186e-11 3.3329877053e-11 1.5460573793e-11 6.9584065072e-12 3.0405079496e-12 1.2906479271e-12 
5.3257317176e-13 2.1377307747e-13 8.3527233524e-14 3.1791301362e-14 1.1795061692e-14 4.2688635186e-15 1.5081774203e-15 5.2050841647e-16 1.7560657946e-16 
5.7954715553e-17 1.8722422528e-17 5.9244040319e-18 1.83763405e-18 5.5991131881e-19 1.7073664418e-19 6.2913244203e-20 5.954848996e-21 1.6248798295e-20 
5.3477669272e-20 1.7587361673e-19 5.6748420901e-19 1.7930155141e-18 5.5440883065e-18 1.6767710368e-17 4.957886665e-17 1.4324404458e-16 4.0419199927e-16 
1.113271708e-15 2.9914740949e-15 7.838009213e-15 2.0013721583e-14 4.9775525227e-14 1.2051336762e-13 2.8389218602e-13 6.5034300644e-13 1.448039388e-12 
3.1322377417e-12 6.5790927394e-12 1.3413161207e-11 2.6533124656e-11 5.0909963745e-11 9.4726421151e-11 1.7089464566e-10 2.9891936149e-10 5.0696402631e-10 
8.3383966398e-10 1.3305068158e-09 2.0606059081e-09 3.0995981337e-09 4.5323518272e-09 6.4494809493e-09 8.9434486483e-09 1.210617917e-08 1.6030391237e-08 
2.0816942836e-08 2.6589487945e-08 3.351608413e-08 4.1836056397e-08 5.1888257246e-08 6.4132770206e-08 7.915132727e-08 9.759941122e-08 1.2007842543e-07 
1.4690591854e-07 1.7779984773e-07 2.1154977503e-07 2.4579489377e-07 2.7702265015e-07 3.0088176572e-07 3.1299293823e-07 3.1044510251e-07 2.9342666608e-07 
2.6503167305e-07 2.2956631085e-07 1.9140189522e-07 1.5425634103e-07 1.2072470668e-07 9.2172392385e-08 6.8930127384e-08 5.0637769533e-08 3.6591682573e-08 
2.6003474929e-08 1.8145307479e-08 1.2404592908e-08 8.2863582662e-09 5.3955226953e-09 3.4171914187e-09 2.1015653662e-09 1.2534989713e-09 7.2453609778e-10 
4.056456282e-10 2.1993756816e-10 1.1548510065e-10 5.8736203401e-11 2.8944950603e-11 1.3826168509e-11 6.4047118303e-12 2.87870487e-12 1.2561583718e-12 
5.3248318298e-13 2.1941069838e-13 8.7939760183e-14 3.430683675e-14 1.3035905668e-14 4.8280107194e-15 1.7440736609e-15 6.1494327273e-16 2.1177851266e-16 
7.1286292841e-17 2.3469459862e-17 7.5624640087e-18 2.3865577219e-18 7.3816444981e-19 2.2424132284e-19 6.815623158e-20 2.502243325e-20 2.2285744159e-21 
6.0837066102e-21 2.0030121987e-20 6.5895960556e-20 2.1269212373e-19 6.7222833222e-19 2.0791941567e-18 6.2902763566e-18 1.8604736234e-17 5.376942319e-17 
1.5176805477e-16 4.1814819057e-16 1.1239674047e-15 2.9458958873e-15 7.5246553034e-15 1.8720864702e-14 4.5342053137e-14 1.0685134282e-13 2.4486933748e-13 
5.4543441161e-13 1.1802993478e-12 2.4801831595e-12 5.058647945e-12 1.0011136017e-11 1.9217483507e-11 3.5774501417e-11 6.457353402e-11 1.1301268948e-10 
1.9179403898e-10 3.1570743242e-10 5.0426085529e-10 7.8199624554e-10 1.1783645171e-09 1.7271248876e-09 2.4653947772e-09 3.4326750331e-09 4.6703636514e-09 
6.222371951e-09 8.1374258443e-09 1.0473429235e-08 1.3303934843e-08 1.6726396268e-08 2.0871103956e-08 2.5907967327e-08 3.2045189613e-08 3.9509583161e-08 
4.8496634264e-08 5.9082974957e-08 7.1108580357e-08 8.4057944605e-08 9.6990348197e-08 1.085739143e-07 1.1726223192e-07 1.2162384166e-07 1.2077266831e-07 
1.147119093e-07 1.043290041e-07 9.1068464769e-08 7.6543670957e-08 6.2191425343e-08 4.9053490159e-08 3.7715558676e-08 2.8367585614e-08 2.0925096322e-08 
1.5155730893e-08 1.077694467e-08 7.5144361844e-09 5.1280193425e-09 3.4174403307e-09 2.2192956362e-09 1.4017513816e-09 8.5981449738e-10 5.1158882686e-10 
2.9504026999e-10 1.6484727472e-10 8.9213386678e-11 4.6765185474e-11 2.3747953257e-11 1.1685875358e-11 5.5743044729e-12 2.578752099e-12 1.1575482326e-12 
5.0445189475e-13 2.1355402798e-13 8.7876293698e-14 3.5171410055e-14 1.3700857872e-14 5.1980095338e-15 1.9220007665e-15 6.9309942629e-16 2.4392860109e-16 
8.3840637991e-17 2.8162336719e-17 9.251221058e-18 2.9739579068e-18 9.3618512951e-19 2.888048376e-19 8.7491533162e-20 2.6511830104e-20 9.7001911393e-21 
8.1380168306e-22 2.2222296014e-21 7.3183762642e-21 2.4081806108e-20 7.7745755809e-20 2.4577384231e-19 7.6033966277e-19 2.3007954292e-18 6.8066082852e-18 
1.9676413237e-17 5.5551974249e-17 1.5309609655e-16 4.1163207198e-16 1.0791997018e-15 2.7574520206e-15 6.8626567035e-15 1.6627268613e-14 3.9197828604e-14 
8.9864415551e-14 2.0025185666e-13 4.3352764412e-13 9.1140105445e-13 1.8598280468e-12 3.6825360469e-12 7.0729515994e-12 1.3174608106e-11 2.3796024179e-11 
4.1677199886e-11 7.0791178475e-11 1.1664734456e-10 1.8655012257e-10 2.89761104e-10 4.3752745871e-10 6.4297284164e-10 9.2089513792e-10 1.2875728261e-09 
1.7607215685e-09 2.3597483967e-09 3.106444435e-09 4.0262042589e-09 5.1498361131e-09 6.51593135e-09 8.1735462842e-09 1.018416107e-08 1.2620725798e-08 
1.5559962208e-08 1.9063641332e-08 2.314650871e-08 2.7733941366e-08 3.2620881996e-08 3.7450611501e-08 4.1734026013e-08 4.4921169007e-08 4.6519801344e-08 
4.6230944406e-08 4.4045730618e-08 4.0251528333e-08 3.534664117e-08 2.9909649868e-08 2.44720475e-08 1.9433405996e-08 1.5032199485e-08 1.1361537489e-08 
8.4091444918e-09 6.1016010022e-09 4.3401455763e-09 3.0235698389e-09 2.0597150652e-09 1.3694825274e-09 8.8706419987e-10 5.5881976824e-10 3.4190250631e-10 
2.0294775582e-10 1.1678662204e-10 6.5121838477e-11 3.5179220648e-11 1.8410191774e-11 9.3346441687e-12 4.5868387213e-12 2.1850253811e-12 1.0095126774e-12 
4.5257515183e-13 1.9698137435e-13 8.3284406119e-14 3.4226900556e-14 1.3680710346e-14 5.3218995373e-15 2.016171772e-15 7.4435788979e-16 2.6799280712e-16 
9.4155772135e-17 3.2303470872e-17 1.082990022e-17 3.5502947578e-18 1.1388245272e-18 3.576736465e-19 1.1007261392e-19 3.3260661012e-20 1.0050444775e-20 
3.6656125143e-21 2.9007533774e-22 7.9223990571e-22 2.6094319171e-21 8.5877083402e-21 2.7728111953e-20 8.7666921301e-20 2.7124834269e-19 8.2092097497e-19 
2.4289796796e-18 7.0228965767e-18 1.9831494713e-17 5.4665689927e-17 1.4701605435e-16 3.8554306016e-16 9.8538434424e-16 2.4531755513e-15 5.9457676785e-15 
1.4022073094e-14 3.2159862338e-14 7.1695694358e-14 1.5528791903e-13 3.2662541834e-13 6.6688326953e-13 1.3212341377e-12 2.5392862726e-12 4.7331917032e-12 
8.5558071045e-12 1.4998275191e-11 2.5501722262e-11 4.2072314382e-11 6.7384577085e-11 1.0485706747e-10 1.58689617e-10 2.3386290127e-10 3.3611566308e-10 
4.7192977304e-10 6.4855598669e-10 8.7411516914e-10 1.1577928616e-09 1.5101553341e-09 1.9436110499e-09 2.4730439918e-09 3.1165621195e-09 3.8960190629e-09 
4.8365125238e-09 5.9634808203e-09 7.295903437e-09 8.8348475202e-09 1.0548672158e-08 1.2359089752e-08 1.4134863058e-08 1.570007413e-08 1.6860576935e-08 
1.7445248801e-08 1.7350464177e-08 1.6570918859e-08 1.5202687109e-08 1.3417388978e-08 1.1418868517e-08 9.3990770722e-09 7.5070794026e-09 5.8365574596e-09 
4.4291668111e-09 3.2871452227e-09 2.3883253153e-09 1.698951313e-09 1.1824049517e-09 8.0406309388e-10 5.3341830952e-10 3.4466207666e-10 2.165785884e-10 
1.32185346e-10 7.8282720584e-11 4.4952298828e-11 2.5017354507e-11 1.3490597528e-11 7.0485310297e-12 3.5685204791e-12 1.7510465734e-12 8.3304408293e-13 
3.8439192693e-13 1.7211510266e-13 7.4821408563e-14 3.1596314378e-14 1.2968962113e-14 5.1772385919e-15 2.0113576603e-15 7.6095592391e-16 2.8053969441e-16 
1.0085163376e-16 3.537667184e-17 1.2116811274e-17 4.054980397e-18 1.3268059743e-18 4.2474718913e-19 1.3311958477e-19 4.087573743e-20 1.2322308445e-20 
3.7138006318e-21 1.3505175509e-21 1.0096768303e-22 2.7577612943e-22 9.0838143554e-22 2.989641164e-21 9.6534457411e-21 3.0522557475e-20 9.4445356229e-20 
2.8585764477e-19 8.4589304067e-19 2.4460235293e-18 6.9081782062e-18 1.904577901e-17 5.1231520574e-17 1.3438406672e-16 3.4355563696e-16 8.5556230434e-16 
2.07433096e-15 4.8937908745e-15 1.1228644831e-14 2.5044001229e-14 5.4270566448e-14 1.1421224209e-13 2.333298756e-13 4.6257556162e-13 8.8966274668e-13 
1.6596357535e-12 3.002666258e-12 5.2690026821e-12 8.9694701319e-12 1.4818150179e-11 2.3772518676e-11 3.7066259784e-11 5.6231790058e-11 8.3113287086e-11 
1.1987527637e-10 1.6901428868e-10 2.333819249e-10 3.1622174324e-10 4.2122161314e-10 5.5258592147e-10 7.1513850397e-10 9.1447560635e-10 1.1571590353e-09 
1.4508373392e-09 1.8040151595e-09 2.2249886378e-09 2.7194351215e-09 3.2864120314e-09 3.9132919127e-09 4.5711217034e-09 5.2127462347e-09 5.7760511929e-09 
6.1933045359e-09 6.4052612103e-09 6.3759433289e-09 6.1027707332e-09 5.6177857921e-09 4.9794919299e-09 4.2586227877e-09 3.5232377016e-09 2.8277236108e-09 
2.2077952799e-09 1.680926065e-09 1.2501787383e-09 9.0919005657e-10 6.4665167665e-10 4.495610828e-10 3.0518021443e-10 2.0202044204e-10 1.3022424805e-10 
8.1632964277e-11 4.97065826e-11 2.9372036053e-11 1.6831702698e-11 9.3497310588e-12 5.0331479436e-12 2.6255466985e-12 1.3273160782e-12 6.5041646114e-13 
3.0903147337e-13 1.4242096001e-13 6.3694153576e-14 2.7656432103e-14 1.1665362314e-14 4.7824954039e-15 1.9068875812e-15 7.3991006684e-16 2.7957095342e-16 
1.0293082171e-16 3.695083956e-17 1.2942440095e-17 4.4259816551e-18 1.4787440602e-18 4.830066312e-19 1.5433837014e-19 4.8276780865e-20 1.479342086e-20 
4.4498908067e-21 1.3379317232e-21 4.8521095e-22 3.433371624e-23 9.3773997329e-23 3.0887304745e-22 1.0165227798e-21 3.2822306582e-21 1.0377694874e-20 
3.211148419e-20 9.7193612115e-20 2.8762184007e-19 8.3175812667e-19 2.3493254953e-18 6.4779235193e-18 1.7427979168e-17 4.5724251317e-17 1.1692359424e-16 
2.9125987574e-16 7.063981612e-16 1.667165928e-15 3.8268609744e-15 8.5392957421e-15 1.8514337741e-14 3.8985765435e-14 7.9696571066e-14 1.5810925702e-13 
3.0432595463e-13 5.68205693e-13 1.0290273408e-12 1.8077350597e-12 3.0813021405e-12 5.0981957371e-12 8.1935213822e-12 1.2802438797e-11 1.9471089671e-11 
2.8865404858e-11 4.177930224e-11 5.9144182607e-11 8.2040860216e-11 1.1171281261e-10 1.4957951544e-10 1.972490643e-10 2.5653659752e-10 3.2949531992e-10 
4.1846154319e-10 5.2607590506e-10 6.5518490633e-10 8.0846040973e-10 9.8755814637e-10 1.1917529186e-09 1.4162315765e-09 1.6505691258e-09 1.8781844968e-09 
2.0775268172e-09 2.2252972798e-09 2.3011896833e-09 2.2927981735e-09 2.1989523535e-09 2.0302013404e-09 1.8062211726e-09 1.5511951723e-09 1.2888429213e-09 
1.0386025373e-09 8.1371970273e-10 6.2115984578e-10 4.627356831e-10 3.3672398203e-10 2.3940646687e-10 1.662491117e-10 1.1266308719e-10 7.442446659e-11 
4.7866089564e-11 2.9936438745e-11 1.8187481035e-11 1.0724289512e-11 6.1334223291e-12 3.4008050282e-12 1.8276571662e-12 9.5193113375e-13 4.8055228416e-13 
2.3516860117e-13 1.1159495094e-13 5.1368184337e-14 2.2946427473e-14 9.9521534744e-15 4.1930350115e-15 1.7170872971e-15 6.8385443225e-16 2.6503705918e-16 
1.0002132971e-16 3.6778915032e-17 1.318579994e-17 4.6121034968e-18 1.5749327577e-18 5.2538847065e-19 1.7133222714e-19 5.4653658378e-20 1.7064834588e-20 
5.2192572297e-21 1.5668131642e-21 4.7004578698e-22 1.7003615346e-22 1.1410885616e-23 3.1162536422e-23 1.0263235625e-22 3.3773677378e-22 1.0904125662e-21 
3.4473777926e-21 1.0666506924e-20 3.2283689623e-20 9.5535024514e-20 2.762781178e-19 7.8039755185e-19 2.152029064e-18 5.7905049974e-18 1.5194685813e-17 
3.8863535907e-17 9.6835883642e-17 2.3493194652e-16 5.5466475537e-16 1.273727912e-15 2.8435635076e-15 6.1685322615e-15 1.2996918435e-14 2.6586724359e-14 
5.2784572503e-14 1.016837981e-13 1.9003148935e-13 3.4451413077e-13 6.0595300479e-13 1.0342843118e-12 1.7140327786e-12 2.7598548447e-12 4.3217625659e-12 
6.5898263409e-12 9.7985161651e-12 1.4231100673e-11 2.0224497424e-11 2.8174502661e-11 3.8540465958e-11 5.1848352001e-11 6.8691753674e-11 8.9733026565e-11 
1.1570781139e-10 1.4743363475e-10 1.8581082506e-10 2.3178282904e-10 2.8620184001e-10 3.4954136807e-10 4.2143721846e-10 5.001226655e-10 5.8193588837e-10 
6.61161903e-10 7.3045397508e-10 7.819184189e-10 8.0868506336e-10 8.0652012846e-10 7.7492440242e-10 7.1731459661e-10 6.4021277169e-10 5.5176080371e-10 
4.6008391541e-10 3.7198885638e-10 2.9226074338e-10 2.2355926832e-10 1.6674039927e-10 1.2137107985e-10 8.6249396514e-11 5.9822605203e-11 4.0472142998e-11 
2.6682111381e-11 1.7123498799e-11 1.0685850642e-11 6.4781183889e-12 3.8120518027e-12 2.1760327915e-12 1.2044224125e-12 6.4622862183e-13 3.3608229047e-13 
1.6942465497e-13 8.2803867387e-14 3.9244845709e-14 1.8043611039e-14 8.051057481e-15 3.4879861738e-15 1.4679512963e-15 6.0048404974e-16 2.388880139e-16 
9.2480519637e-17 3.4860726205e-17 1.2803425776e-17 4.5845521785e-18 1.6015071757e-18 5.4614041597e-19 1.8193047874e-19 5.9239864349e-20 1.886729507e-20 
5.8812735423e-21 1.7956366459e-21 5.3805039328e-22 1.6108652018e-22 5.8136505427e-23 3.7083392688e-24 1.0125436771e-23 3.334199502e-23 1.0970250633e-22 
3.541313986e-22 1.119448605e-21 3.4632812284e-21 1.0481166768e-20 3.1014348661e-20 8.9688091892e-20 2.5334288095e-19 6.9865566712e-19 1.8800663474e-18 
4.9341269772e-18 1.2622476708e-17 3.1458998876e-17 7.634506477e-17 1.8031195336e-16 4.1423987467e-16 9.2522404092e-16 2.0081848866e-15 4.2338094836e-15 
8.6668013058e-15 1.722033059e-14 3.3202359997e-14 6.2111753729e-14 1.127308289e-13 1.9853097031e-13 3.3936143284e-13 5.6333849261e-13 9.0881729226e-13 
1.4263378889e-12 2.1804953676e-12 3.2517946669e-12 4.7385914637e-12 6.7591847917e-12 9.4538986015e-12 1.2986692451e-11 1.7545818964e-11 2.3343275229e-11 
3.061386214e-11 3.9615075109e-11 5.0628064241e-11 6.3956069607e-11 7.9909044659e-11 9.8757078903e-11 1.2063365584e-10 1.4538385773e-10 1.7238012406e-10 
2.0036540482e-10 2.2740841155e-10 2.5104790469e-10 2.6865212832e-10 2.7793015112e-10 2.774563912e-10 2.6702906553e-10 2.4773702534e-10 2.2170933145e-10 
1.916436454e-10 1.6027444649e-10 1.2993674192e-10 1.0231523268e-10 7.8387789315e-11 5.8513735524e-11 4.2595354327e-11 3.025025716e-11 2.095615001e-11 
1.4154288852e-11 9.3135776869e-12 5.9647417214e-12 3.7144740409e-12 2.2472232408e-12 1.3197957267e-12 7.5199915739e-13 4.1551926288e-13 2.2259433608e-13 
1.1559525039e-13 5.8194490622e-14 2.8405617498e-14 1.3446687001e-14 6.1753157248e-15 2.7523876106e-15 1.1911444231e-15 5.0077360759e-16 2.0463209569e-16 
8.1321839938e-17 3.1448331554e-17 1.1841546245e-17 4.3441949992e-18 1.5537258114e-18 5.4210191342e-19 1.8463234789e-19 6.1423511307e-20 1.9972873657e-20 
6.3518855926e-21 1.9769634815e-21 6.0262258375e-22 1.8026399385e-22 5.3867720323e-23 1.9399296617e-23 1.1791224252e-24 3.218752864e-24 1.0596620234e-23 
3.4857844892e-23 1.1250233146e-22 3.5556662058e-22 1.0998493116e-21 3.3280903107e-21 9.8469478433e-21 2.8473614942e-20 8.0427184549e-20 2.2180064889e-19 
5.9689606326e-19 1.5666941422e-18 4.008577219e-18 9.9928008849e-18 2.4257496634e-17 5.7311208741e-17 1.3171822904e-16 2.943405081e-16 6.3921648414e-16 
1.3485008042e-15 2.7624317273e-15 5.4932352443e-15 1.0601196705e-14 1.9852282185e-14 3.6073547578e-14 6.361394972e-14 1.0890410345e-13 1.810928523e-13 
2.9272903003e-13 4.6045789794e-13 7.0572340289e-13 1.0554911979e-12 1.5430191846e-12 2.2086772515e-12 3.1007191172e-12 4.2758370629e-12 5.7992803268e-12 
7.7444786695e-12 1.0192408549e-11 1.3231147081e-11 1.6955709406e-11 2.1466942807e-11 2.6865842884e-11 3.3237620989e-11 4.0619663882e-11 4.8952009113e-11 
5.8018308907e-11 6.7396435655e-11 7.6446037001e-11 8.4357097696e-11 9.0266315256e-11 9.3421881342e-11 9.3351056052e-11 8.9976255613e-11 8.3639005444e-11 
7.5023681712e-11 6.5009497785e-11 5.4500192553e-11 4.4280336342e-11 3.4928338e-11 2.6791544677e-11 2.0009577328e-11 1.4564254316e-11 1.0335685433e-11 
7.1513519932e-12 4.8224588385e-12 3.1673407386e-12 2.0244784581e-12 1.2581988403e-12 7.597071301e-13 4.4534021653e-13 2.5330017489e-13 1.3973133902e-13 
7.4739869784e-14 3.8757944066e-14 1.9486201322e-14 9.4996998142e-15 4.4917017934e-15 2.060480489e-15 9.1738326869e-16 3.9659805773e-16 1.6656388071e-16 
6.7993975037e-17 2.6993626466e-17 1.0428098065e-17 3.9224946006e-18 1.4374717802e-18 5.135550833e-19 1.7897796094e-19 6.0885378619e-20 2.0230396631e-20 
6.5697729631e-21 2.0865356302e-21 6.4849470655e-22 1.9738185897e-22 5.8950584638e-23 1.7585539735e-23 6.3205425048e-24 3.6759019987e-25 1.0031447149e-24 
3.3015941059e-24 1.08578602e-23 3.5034638087e-23 1.1070217612e-22 3.4235513155e-22 1.035759071e-21 3.0640746964e-21 8.8591213241e-21 2.5021850023e-20 
6.9003012496e-20 1.8570120741e-19 4.8745515683e-19 1.2473852618e-18 3.1101713926e-18 7.5519315179e-18 1.7848287835e-17 4.1037330161e-17 9.174718101e-17 
1.9935879943e-16 4.2084384645e-16 8.6274842598e-16 1.7170694035e-15 3.3168844597e-15 6.2180781832e-15 1.1312698452e-14 1.9977043362e-14 3.4253412688e-14 
5.7060035679e-14 9.2420618684e-14 1.4570571312e-13 2.2388402167e-13 3.3578773984e-13 4.9239811447e-13 7.0714452089e-13 9.9617937597e-13 1.378565556e-12 
1.8762942589e-12 2.5141241086e-12 3.3193083698e-12 4.3213575079e-12 5.5518697278e-12 7.0439929931e-12 8.8304060245e-12 1.0937931116e-11 1.3377057274e-11 
1.6126022392e-11 1.9112095587e-11 2.219625525e-11 2.5169850579e-11 2.777048036e-11 2.9719265243e-11 3.077307506e-11 3.0777543708e-11 2.9704110699e-11 
2.7658444979e-11 2.485743382e-11 2.158335316e-11 1.8129924645e-11 1.475578687e-11 1.165507274e-11 8.9475198084e-12 6.6844589759e-12 4.8639933227e-12 
3.4490038863e-12 2.3834324271e-12 1.6047259008e-12 1.0520858273e-12 6.7118869056e-13 4.1633572132e-13 2.5091043067e-13 1.4681676285e-13 8.3363064986e-14 
4.5912811042e-14 2.4521182001e-14 1.2698230054e-14 6.3759151496e-15 3.1045074653e-15 1.4661896795e-15 6.7184281684e-16 2.9880529817e-16 1.2904479453e-16 
5.4141800049e-17 2.2079528427e-17 8.7568921337e-18 3.3795735716e-18 1.2699383412e-18 4.6491696668e-19 1.6592356454e-19 5.7763346956e-20 1.9628243072e-20 
6.5143320711e-21 2.1129627987e-21 6.7022450496e-22 2.0803129187e-22 6.3230975464e-23 1.8857259245e-23 5.6163027089e-24 2.0149057631e-24 1.1454174062e-25 
3.1246938228e-25 1.0280699585e-24 3.3799179358e-24 1.0902534182e-23 3.4439814877e-23 1.0647946049e-22 3.2206550285e-22 9.5256824852e-22 2.7536963761e-21 
7.7766642119e-21 2.1444327801e-20 5.771036216e-20 1.5149367017e-19 3.8771214176e-19 9.6687838992e-19 2.3483144738e-18 5.5518695946e-18 1.2770313736e-17 
2.8564895744e-17 6.2105865208e-17 1.3119523913e-16 2.691702888e-16 5.3619890773e-16 1.0368547248e-15 1.946044432e-15 3.5451784737e-15 6.2697759921e-15 
1.0768511971e-14 1.7972373874e-14 2.9171740165e-14 4.6099364967e-14 7.1018820165e-14 1.068194334e-13 1.5711909584e-13 2.2637042252e-13 3.1995722261e-13 
4.4425715277e-13 6.0664683997e-13 8.1544189803e-13 1.0797971675e-12 1.4096123357e-12 1.8154450382e-12 2.3082920124e-12 2.8988586705e-12 3.5957343873e-12 
4.4019401839e-12 5.3097756227e-12 6.2948483232e-12 7.3112895946e-12 8.2908610533e-12 9.148190018e-12 9.7927525464e-12 1.0145532851e-11 1.0155896089e-11 
9.8134998391e-12 9.1512153758e-12 8.2381740318e-12 7.16543231e-12 6.02879335e-12 4.9136740683e-12 3.885182974e-12 2.9843714305e-12 2.2297125084e-12 
1.6217541633e-12 1.1489213443e-12 7.9292507889e-13 5.3300631053e-13 3.4881751892e-13 2.2210655353e-13 1.3750482144e-13 8.2711032576e-14 4.8308277815e-14 
2.7381769812e-14 1.5055976756e-14 8.0287728912e-15 4.1517095446e-15 2.081812802e-15 1.0123755785e-15 4.7754965824e-16 2.185748271e-16 9.7105716575e-17 
4.1892502566e-17 1.755816747e-17 7.1531022497e-18 2.8341116505e-18 1.0926775684e-18 4.1017911683e-19 1.5001058703e-19 5.3481343118e-20 1.8598736021e-20 
6.3130056804e-21 2.0928232934e-21 6.7802254016e-22 2.1480374478e-22 6.6588171839e-23 2.0212531746e-23 6.0195100279e-24 1.790050034e-24 6.4107279431e-25 
4.3099403231e-26 1.1752480581e-25 3.8651992802e-25 1.2702556798e-24 4.0959334528e-24 1.2934028507e-23 3.9975709388e-23 1.2087729535e-22 3.5742325836e-22 
1.0330176215e-21 2.9168335181e-21 8.042328129e-21 2.1642180679e-20 5.6813162001e-20 1.4541287162e-19 3.6269246147e-19 8.8111433946e-19 2.0838336059e-18 
4.7952822298e-18 1.0731911578e-17 2.3348291137e-17 4.9359121157e-17 1.0135745139e-16 2.0211116682e-16 3.9127241748e-16 7.3532216582e-16 1.3415263349e-15 
2.3764500364e-15 4.0891608201e-15 6.8387813858e-15 1.1125723552e-14 1.7625998385e-14 2.7228446684e-14 4.1075209369e-14 6.060552586e-14 8.7600526876e-14 
1.2422368364e-13 1.730465814e-13 2.3705142667e-13 3.1960724215e-13 4.2442969712e-13 5.555404769e-13 7.1722472796e-13 9.1392670341e-13 1.1499332302e-12 
1.4286218692e-12 1.7510741121e-12 2.114046568e-12 2.5076520721e-12 2.9135526457e-12 3.304672291e-12 3.6472951395e-12 3.905745085e-12 4.048837654e-12 
4.0564227324e-12 3.9240221315e-12 3.664063844e-12 3.3033168215e-12 2.8774404734e-12 2.4243398088e-12 1.9781884464e-12 1.5653854081e-12 1.2028875075e-12 
8.9862335238e-13 6.532268758e-13 4.6230527002e-13 3.1861717583e-13 2.1381820739e-13 1.3966989186e-13 8.8759071436e-14 5.4840670443e-14 3.2922530804e-14 
1.9192194492e-14 1.0858672699e-14 5.9604641237e-15 3.1733727262e-15 1.6384861336e-15 8.2042944233e-16 3.9843770741e-16 1.8770989941e-16 8.5811339552e-17 
3.8079107298e-17 1.6409403851e-17 6.8701059778e-18 2.795864887e-18 1.1065782352e-18 4.2619043835e-19 1.5982013484e-19 5.8387945867e-20 2.0794144452e-20 
7.2235582631e-21 2.44918708e-21 8.1100318322e-22 2.6243546916e-22 8.3040509728e-23 2.5709563814e-23 7.7937177628e-24 2.3178374226e-24 6.8821896771e-25 
2.4604574099e-25 
