TotalArea_x,TotalArea_y
0.,9536.
1.,9539.
2.,9561.
3.,9591.
4.,11744.
5.,14059.
6.,15926.
7.,17828.
8.,20010.
9.,21923.
10.,23723.
11.,24663.
12.,25144.
13.,25385.
14.,25528.
15.,25588.
16.,25616.
17.,25618.
18.,25626.
19.,25645.
20.,25644.
21.,25644.
22.,25641.
23.,25635.
24.,25639.
25.,25642.
26.,25630.
27.,25637.
28.,25641.
29.,25636.
30.,25637.
31.,25636.
32.,25633.
33.,25640.
34.,25637.
35.,25642.
36.,25639.
37.,25640.
38.,25639.
39.,25637.
40.,25634.
41.,25636.
42.,25635.
43.,25633.
44.,25637.
45.,25637.
46.,25639.
47.,25639.
48.,25640.
49.,25642.
50.,25641.
51.,25642.
52.,25646.
53.,25649.
54.,25651.
55.,25650.
56.,25649.
57.,25650.
58.,25650.
59.,25652.
60.,25652.
61.,25652.
62.,25651.
63.,25653.
64.,25651.
65.,25651.
66.,25651.
67.,25650.
68.,25651.
69.,25650.
70.,25655.
71.,25658.
72.,25657.
73.,25660.
74.,25663.
75.,25664.
76.,25663.
77.,25663.
78.,25663.
79.,25665.
80.,25667.
81.,25665.
82.,25663.
83.,25663.
84.,25665.
85.,25665.
86.,25667.
87.,25667.
88.,25664.
89.,25663.
90.,25665.
91.,25668.
92.,25665.
93.,25666.
94.,25666.
95.,25666.
96.,25670.
97.,25672.
98.,25672.
99.,25676.
100.,25675.
101.,25676.
102.,25674.
103.,25678.
104.,25680.
105.,25683.
106.,25688.
107.,25690.
108.,25689.
109.,25690.
110.,25693.
111.,25695.
112.,25697.
113.,25698.
114.,25701.
115.,25704.
116.,25707.
117.,25712.
118.,25713.
119.,25713.
120.,25712.
121.,25709.
122.,25710.
123.,25710.
124.,25711.
125.,25711.
126.,25713.
127.,25712.
128.,25711.
129.,25710.
130.,25710.
131.,25708.
132.,25712.
133.,25715.
134.,25715.
135.,25719.
136.,25715.
137.,25717.
138.,25714.
139.,25715.
140.,25716.
141.,25719.
142.,25713.
143.,25714.
144.,25719.
145.,25717.
146.,25719.
147.,25717.
148.,25720.
149.,25717.
150.,25717.
151.,25714.
152.,25718.
153.,25716.
154.,25717.
155.,25720.
156.,25722.
157.,25723.
158.,25722.
159.,25724.
160.,25723.
161.,25724.
162.,25722.
163.,25726.
164.,25730.
165.,25728.
166.,25727.
167.,25730.
168.,25731.
169.,25733.
170.,25732.
171.,25731.
172.,25734.
173.,25734.
174.,25732.
175.,25732.
176.,25734.
177.,25737.
178.,25738.
179.,25733.
180.,25736.
181.,25737.
182.,25736.
183.,25737.
184.,25740.
185.,25740.
186.,25741.
187.,25746.
188.,25745.
189.,25745.
190.,25745.
191.,25746.
192.,25745.
193.,25746.
194.,25747.
195.,25752.
196.,25752.
197.,25754.
198.,25754.
199.,25753.
200.,25753.
201.,25754.
202.,25756.
203.,25756.
204.,25756.
205.,25757.
206.,25756.
207.,25757.
208.,25760.
209.,25762.
210.,25759.
211.,25761.
212.,25764.
213.,25765.
214.,25765.
215.,25767.
216.,25769.
217.,25769.
218.,25769.
219.,25769.
220.,25771.
221.,25770.
222.,25771.
223.,25772.
224.,25773.
225.,25773.
226.,25774.
227.,25773.
228.,25772.
229.,25776.
230.,25774.
231.,25775.
232.,25775.
233.,25774.
234.,25774.
235.,25777.
236.,25776.
237.,25776.
238.,25776.
239.,25775.
240.,25776.
241.,25778.
242.,25777.
243.,25778.
244.,25778.
245.,25778.
246.,25777.
247.,25777.
248.,25777.
249.,25777.
250.,25780.
251.,25783.
252.,25784.
253.,25785.
254.,25784.
255.,25783.
256.,25785.
257.,25787.
258.,25787.
259.,25787.
260.,25786.
261.,25786.
262.,25786.
263.,25786.
264.,25786.
265.,25788.
266.,25788.
267.,25788.
268.,25790.
269.,25794.
270.,25791.
271.,25794.
272.,25796.
273.,25797.
274.,25798.
275.,25798.
276.,25799.
277.,25799.
278.,25799.
279.,25799.
280.,25799.
281.,25799.
282.,25800.
283.,25801.
284.,25802.
285.,25800.
286.,25801.
287.,25803.
288.,25806.
289.,25810.
290.,25810.
291.,25812.
292.,25811.
293.,25813.
294.,25812.
295.,25814.
296.,25814.
297.,25817.
298.,25820.
299.,25818.
300.,25818.
301.,25820.
302.,25821.
303.,25820.
304.,25821.
305.,25823.
306.,25823.
307.,25824.
308.,25825.
309.,25824.
310.,25824.
311.,25824.
312.,25824.
313.,25824.
314.,25825.
315.,25825.
316.,25825.
317.,25825.
318.,25825.
319.,25826.
320.,25824.
321.,25828.
322.,25828.
323.,25829.
324.,25827.
325.,25828.
326.,25827.
327.,25828.
328.,25829.
329.,25830.
330.,25830.
331.,25830.
332.,25832.
333.,25835.
334.,25837.
335.,25837.
336.,25840.
337.,25840.
338.,25841.
339.,25842.
340.,25843.
341.,25845.
342.,25845.
343.,25847.
344.,25847.
345.,25849.
346.,25850.
347.,25849.
348.,25844.
349.,25847.
350.,25848.
351.,25848.
352.,25851.
353.,25851.
354.,25852.
355.,25853.
356.,25856.
357.,25858.
358.,25854.
359.,25856.
360.,25854.
361.,25856.
362.,25859.
363.,25857.
364.,25856.
365.,25858.
366.,25858.
367.,25860.
368.,25860.
369.,25858.
370.,25863.
371.,25862.
372.,25866.
373.,25868.
374.,25869.
375.,25871.
376.,25872.
377.,25871.
378.,25871.
379.,25872.
380.,25869.
381.,25869.
382.,25871.
383.,25871.
384.,25872.
385.,25872.
386.,25873.
387.,25872.
388.,25877.
389.,25876.
390.,25878.
391.,25877.
392.,25877.
393.,25876.
394.,25875.
395.,25876.
396.,25874.
397.,25875.
398.,25875.
399.,25874.
400.,25874.
401.,25873.
402.,25874.
403.,25875.
404.,25875.
405.,25876.
406.,25878.
407.,25878.
408.,25877.
409.,25877.
410.,25877.
411.,25879.
412.,25878.
413.,25880.
414.,25879.
415.,25880.
416.,25884.
417.,25885.
418.,25885.
419.,25885.
420.,25885.
421.,25885.
422.,25887.
423.,25887.
424.,25887.
425.,25889.
426.,25890.
427.,25888.
428.,25889.
429.,25890.
430.,25891.
431.,25894.
432.,25894.
433.,25893.
434.,25895.
435.,25895.
436.,25896.
437.,25895.
438.,25896.
439.,25897.
440.,25899.
441.,25901.
442.,25902.
443.,25901.
444.,25904.
445.,25905.
446.,25906.
447.,25906.
448.,25907.
449.,25908.
450.,25908.
451.,25907.
452.,25906.
453.,25907.
454.,25907.
455.,25908.
456.,25911.
457.,25914.
458.,25911.
459.,25915.
460.,25914.
461.,25915.
462.,25918.
463.,25918.
464.,25919.
465.,25921.
466.,25920.
467.,25922.
468.,25924.
469.,25923.
470.,25929.
471.,25930.
472.,25928.
473.,25928.
474.,25929.
475.,25929.
476.,25928.
477.,25931.
478.,25933.
479.,25932.
480.,25933.
481.,25929.
482.,25929.
483.,25931.
484.,25930.
485.,25933.
486.,25933.
487.,25935.
488.,25937.
489.,25937.
490.,25939.
491.,25941.
492.,25944.
493.,25945.
494.,25944.
495.,25942.
496.,25942.
497.,25944.
498.,25946.
499.,25948.
500.,25947.
501.,25948.
502.,25951.
503.,25954.
504.,25956.
505.,25955.
506.,25956.
507.,25954.
508.,25953.
509.,25954.
510.,25958.
511.,25961.
512.,25963.
513.,25963.
514.,25967.
515.,25965.
516.,25969.
517.,25967.
518.,25964.
519.,25965.
520.,25964.
521.,25961.
522.,25964.
523.,25968.
524.,25968.
525.,25967.
526.,25970.
527.,25966.
528.,25969.
529.,25969.
530.,25969.
531.,25969.
532.,25970.
533.,25971.
534.,25971.
535.,25972.
536.,25972.
537.,25972.
538.,25974.
539.,25973.
540.,25978.
541.,25978.
542.,25979.
543.,25979.
544.,25976.
545.,25977.
546.,25980.
547.,25981.
548.,25982.
549.,25983.
550.,25984.
551.,25988.
552.,25987.
553.,25986.
554.,25986.
555.,25985.
556.,25984.
557.,25984.
558.,25987.
559.,25991.
560.,25993.
561.,25996.
562.,25997.
563.,25997.
564.,25993.
565.,25994.
566.,25996.
567.,25996.
568.,25996.
569.,25997.
570.,25997.
571.,25998.
572.,25997.
573.,25996.
574.,25996.
575.,25998.
576.,26002.
577.,26007.
578.,26008.
579.,26008.
580.,26009.
581.,26017.
582.,26017.
583.,26016.
584.,26014.
585.,26013.
586.,26016.
587.,26018.
588.,26018.
589.,26017.
590.,26017.
591.,26019.
592.,26019.
593.,26022.
594.,26021.
595.,26023.
596.,26023.
597.,26025.
598.,26025.
599.,26024.
600.,26025.
601.,26029.
602.,26030.
603.,26032.
604.,26031.
605.,26032.
606.,26033.
607.,26034.
608.,26034.
609.,26037.
610.,26037.
611.,26036.
612.,26038.
613.,26038.
614.,26038.
615.,26038.
616.,26039.
617.,26040.
618.,26040.
619.,26040.
620.,26042.
621.,26042.
622.,26041.
623.,26040.
624.,26042.
625.,26042.
626.,26043.
627.,26044.
628.,26044.
629.,26045.
630.,26043.
631.,26043.
632.,26046.
633.,26048.
634.,26049.
635.,26045.
636.,26044.
637.,26048.
638.,26046.
639.,26045.
640.,26046.
641.,26046.
642.,26049.
643.,26050.
644.,26049.
645.,26050.
646.,26052.
647.,26052.
648.,26052.
649.,26054.
650.,26057.
651.,26057.
652.,26055.
653.,26053.
654.,26054.
655.,26053.
656.,26053.
657.,26053.
658.,26053.
659.,26054.
660.,26055.
661.,26057.
662.,26055.
663.,26056.
664.,26055.
665.,26055.
666.,26056.
667.,26056.
668.,26057.
669.,26057.
670.,26057.
671.,26059.
672.,26059.
673.,26057.
674.,26056.
675.,26058.
676.,26059.
677.,26057.
678.,26057.
679.,26057.
680.,26053.
681.,26054.
682.,26054.
683.,26055.
684.,26055.
685.,26055.
686.,26057.
687.,26060.
688.,26059.
689.,26058.
690.,26058.
691.,26061.
692.,26063.
693.,26062.
694.,26060.
695.,26061.
696.,26060.
697.,26062.
698.,26063.
699.,26063.
700.,26064.
701.,26064.
702.,26064.
703.,26064.
704.,26067.
705.,26068.
706.,26066.
707.,26069.
708.,26069.
709.,26069.
710.,26069.
711.,26069.
712.,26068.
713.,26066.
714.,26065.
715.,26063.
716.,26060.
717.,26059.
718.,26057.
719.,26055.
720.,26054.
721.,26053.
722.,26057.
723.,26057.
724.,26058.
725.,26057.
726.,26058.
727.,26060.
728.,26062.
729.,26062.
730.,26061.
731.,26062.
732.,26063.
733.,26064.
734.,26064.
735.,26064.
736.,26066.
737.,26065.
738.,26063.
739.,26063.
740.,26063.
741.,26061.
742.,26061.
743.,26060.
744.,26058.
745.,26054.
746.,26055.
747.,26057.
748.,26054.
749.,26051.
750.,26055.
751.,26053.
752.,26052.
753.,26051.
754.,26049.
755.,26050.
756.,26051.
757.,26045.
758.,26046.
759.,26045.
760.,26046.
761.,26047.
762.,26050.
763.,26047.
764.,26046.
765.,26044.
766.,26045.
767.,26043.
768.,26042.
769.,26043.
770.,26042.
771.,26044.
772.,26046.
773.,26047.
774.,26047.
775.,26046.
776.,26048.
777.,26048.
778.,26046.
779.,26046.
780.,26048.
781.,26046.
782.,26049.
783.,26051.
784.,26052.
785.,26051.
786.,26053.
787.,26053.
788.,26053.
789.,26056.
790.,26055.
791.,26057.
792.,26058.
793.,26059.
794.,26058.
795.,26056.
796.,26059.
797.,26065.
798.,26065.
799.,26068.
800.,26065.
801.,26067.
802.,26068.
803.,26068.
804.,26071.
805.,26072.
806.,26074.
807.,26075.
808.,26073.
809.,26070.
810.,26070.
811.,26073.
812.,26073.
813.,26076.
814.,26075.
815.,26075.
816.,26077.
817.,26069.
818.,26067.
819.,26071.
820.,26073.
821.,26075.
822.,26074.
823.,26071.
824.,26070.
825.,26069.
826.,26069.
827.,26074.
828.,26073.
829.,26072.
830.,26075.
831.,26072.
832.,26070.
833.,26069.
834.,26074.
835.,26074.
836.,26074.
837.,26074.
838.,26077.
839.,26079.
840.,26083.
841.,26069.
842.,26066.
843.,26063.
844.,26064.
845.,26057.
846.,26059.
847.,26057.
848.,26057.
849.,26065.
850.,26062.
851.,26062.
852.,26058.
853.,26060.
854.,26062.
855.,26055.
856.,26049.
857.,26053.
858.,26049.
859.,26049.
860.,26044.
861.,26043.
862.,26040.
863.,26036.
864.,26036.
865.,26037.
866.,26038.
867.,26037.
868.,26035.
869.,26033.
870.,26028.
871.,26029.
872.,26030.
873.,26025.
874.,26015.
875.,26024.
876.,26027.
877.,26019.
878.,26009.
879.,26005.
880.,26000.
881.,25995.
882.,25992.
883.,25983.
884.,25983.
885.,25982.
886.,25971.
887.,25976.
888.,25977.
889.,25973.
890.,25968.
891.,25966.
892.,25968.
893.,25963.
894.,25964.
895.,25968.
896.,25966.
897.,25964.
898.,25960.
899.,25962.
900.,25962.
901.,25966.
902.,25966.
903.,25964.
904.,25965.
905.,25963.
906.,25961.
907.,25964.
908.,25959.
909.,25952.
910.,25948.
911.,25947.
912.,25946.
913.,25945.
914.,25943.
915.,25939.
916.,25936.
917.,25936.
918.,25936.
919.,25935.
920.,25932.
921.,25931.
922.,25927.
923.,25928.
924.,25933.
925.,25932.
926.,25930.
927.,25932.
928.,25932.
929.,25937.
930.,25934.
931.,25930.
932.,25929.
933.,25929.
934.,25931.
935.,25931.
936.,25939.
937.,25938.
938.,25935.
939.,25935.
940.,25934.
941.,25930.
942.,25933.
943.,25928.
944.,25932.
945.,25934.
946.,25931.
947.,25934.
948.,25934.
949.,25932.
950.,25930.
951.,25936.
952.,25933.
953.,25933.
954.,25933.
955.,25937.
956.,25939.
957.,25944.
958.,25942.
959.,25943.
960.,25942.
961.,25942.
962.,25941.
963.,25942.
964.,25942.
965.,25943.
966.,25944.
967.,25943.
968.,25945.
969.,25948.
970.,25948.
971.,25949.
972.,25948.
973.,25951.
974.,25952.
975.,25950.
976.,25949.
977.,25947.
978.,25945.
979.,25945.
980.,25948.
981.,25944.
982.,25944.
983.,25943.
984.,25945.
985.,25942.
986.,25941.
987.,25938.
988.,25932.
989.,25933.
990.,25931.
991.,25930.
992.,25933.
993.,25935.
994.,25938.
995.,25935.
996.,25933.
997.,25934.
998.,25936.
999.,25940.
1000.,25941.
1001.,25945.
1002.,25942.
1003.,25943.
1004.,25946.
1005.,25945.
1006.,25944.
1007.,25943.
1008.,25943.
1009.,25944.
1010.,25943.
1011.,25940.
1012.,25941.
1013.,25942.
1014.,25943.
1015.,25941.
1016.,25936.
1017.,25937.
1018.,25935.
1019.,25936.
1020.,25935.
1021.,25938.
1022.,25938.
1023.,25940.
1024.,25941.
1025.,25940.
1026.,25940.
1027.,25940.
1028.,25943.
1029.,25943.
1030.,25942.
1031.,25943.
1032.,25943.
1033.,25946.
1034.,25944.
1035.,25943.
1036.,25944.
1037.,25942.
1038.,25940.
1039.,25939.
1040.,25941.
1041.,25936.
1042.,25936.
1043.,25937.
1044.,25935.
1045.,25932.
1046.,25933.
1047.,25932.
1048.,25931.
1049.,25931.
1050.,25931.
1051.,25932.
1052.,25934.
1053.,25932.
1054.,25932.
1055.,25931.
1056.,25934.
1057.,25936.
1058.,25934.
1059.,25935.
1060.,25936.
1061.,25935.
1062.,25935.
1063.,25937.
1064.,25936.
1065.,25936.
1066.,25938.
1067.,25939.
1068.,25939.
1069.,25939.
1070.,25940.
1071.,25940.
1072.,25941.
1073.,25939.
1074.,25939.
1075.,25937.
1076.,25937.
1077.,25939.
1078.,25932.
1079.,25927.
1080.,25929.
1081.,25929.
1082.,25930.
1083.,25925.
1084.,25926.
1085.,25926.
1086.,25928.
1087.,25928.
1088.,25928.
1089.,25926.
1090.,25924.
1091.,25923.
1092.,25925.
1093.,25924.
1094.,25924.
1095.,25924.
1096.,25924.
1097.,25924.
1098.,25924.
1099.,25924.
1100.,25923.
1101.,25923.
1102.,25923.
1103.,25922.
1104.,25925.
1105.,25925.
1106.,25923.
1107.,25920.
1108.,25916.
1109.,25914.
1110.,25911.
1111.,25905.
1112.,25904.
1113.,25903.
1114.,25898.
1115.,25896.
1116.,25889.
1117.,25885.
1118.,25885.
1119.,25883.
1120.,25882.
1121.,25881.
1122.,25881.
1123.,25880.
1124.,25881.
1125.,25882.
1126.,25881.
1127.,25884.
1128.,25884.
1129.,25884.
1130.,25883.
1131.,25883.
1132.,25882.
1133.,25882.
1134.,25882.
1135.,25880.
1136.,25882.
1137.,25880.
1138.,25881.
1139.,25883.
1140.,25882.
1141.,25882.
1142.,25881.
1143.,25881.
1144.,25881.
1145.,25882.
1146.,25882.
1147.,25882.
1148.,25881.
1149.,25882.
1150.,25883.
1151.,25883.
1152.,25886.
1153.,25888.
1154.,25888.
1155.,25888.
1156.,25889.
1157.,25890.
1158.,25890.
1159.,25887.
1160.,25887.
1161.,25882.
1162.,25887.
1163.,25889.
1164.,25886.
1165.,25887.
1166.,25887.
1167.,25885.
1168.,25889.
1169.,25886.
1170.,25887.
1171.,25887.
1172.,25889.
1173.,25890.
1174.,25892.
1175.,25892.
1176.,25892.
1177.,25893.
1178.,25891.
1179.,25891.
1180.,25892.
1181.,25890.
1182.,25888.
1183.,25889.
1184.,25889.
1185.,25889.
1186.,25890.
1187.,25889.
1188.,25887.
1189.,25889.
1190.,25888.
1191.,25889.
1192.,25889.
1193.,25893.
1194.,25894.
1195.,25891.
1196.,25891.
1197.,25891.
1198.,25891.
1199.,25893.
1200.,25895.
1201.,25891.
1202.,25896.
1203.,25897.
1204.,25900.
1205.,25902.
1206.,25907.
1207.,25906.
1208.,25904.
1209.,25907.
1210.,25907.
1211.,25906.
1212.,25905.
1213.,25905.
1214.,25904.
1215.,25903.
1216.,25903.
1217.,25902.
1218.,25901.
1219.,25903.
1220.,25901.
1221.,25900.
1222.,25900.
1223.,25899.
1224.,25898.
1225.,25897.
1226.,25895.
1227.,25895.
1228.,25899.
1229.,25895.
1230.,25893.
1231.,25893.
1232.,25897.
1233.,25897.
1234.,25899.
1235.,25899.
1236.,25898.
1237.,25897.
1238.,25896.
1239.,25899.
1240.,25898.
1241.,25901.
1242.,25901.
1243.,25902.
1244.,25905.
1245.,25909.
1246.,25908.
1247.,25911.
1248.,25911.
1249.,25909.
1250.,25909.
1251.,25912.
1252.,25912.
1253.,25914.
1254.,25912.
1255.,25912.
1256.,25912.
1257.,25912.
1258.,25911.
1259.,25910.
1260.,25910.
1261.,25906.
1262.,25904.
1263.,25906.
1264.,25907.
1265.,25908.
1266.,25906.
1267.,25910.
1268.,25908.
1269.,25909.
1270.,25906.
1271.,25909.
1272.,25912.
1273.,25913.
1274.,25913.
1275.,25913.
1276.,25914.
1277.,25915.
1278.,25915.
1279.,25917.
1280.,25918.
1281.,25916.
1282.,25916.
1283.,25914.
1284.,25915.
1285.,25915.
1286.,25916.
1287.,25918.
1288.,25917.
1289.,25916.
1290.,25917.
1291.,25917.
1292.,25918.
1293.,25919.
1294.,25921.
1295.,25921.
1296.,25923.
1297.,25923.
1298.,25923.
1299.,25926.
1300.,25927.
1301.,25925.
1302.,25925.
1303.,25926.
1304.,25927.
1305.,25926.
1306.,25927.
1307.,25925.
1308.,25926.
1309.,25927.
1310.,25926.
1311.,25929.
1312.,25933.
1313.,25935.
1314.,25932.
1315.,25930.
1316.,25928.
1317.,25929.
1318.,25929.
1319.,25929.
1320.,25930.
1321.,25930.
1322.,25933.
1323.,25934.
1324.,25934.
1325.,25934.
1326.,25933.
1327.,25936.
1328.,25937.
1329.,25936.
1330.,25938.
1331.,25935.
1332.,25936.
1333.,25938.
1334.,25939.
1335.,25939.
1336.,25939.
1337.,25941.
1338.,25941.
1339.,25938.
1340.,25940.
1341.,25938.
1342.,25937.
1343.,25938.
1344.,25939.
1345.,25940.
1346.,25940.
1347.,25940.
1348.,25939.
1349.,25940.
1350.,25941.
1351.,25941.
1352.,25942.
1353.,25940.
1354.,25940.
1355.,25937.
1356.,25937.
1357.,25936.
1358.,25937.
1359.,25936.
1360.,25935.
1361.,25934.
1362.,25934.
1363.,25936.
1364.,25936.
1365.,25935.
1366.,25935.
1367.,25936.
1368.,25934.
1369.,25935.
1370.,25936.
1371.,25937.
1372.,25940.
1373.,25939.
1374.,25938.
1375.,25938.
1376.,25942.
1377.,25942.
1378.,25943.
1379.,25946.
1380.,25945.
1381.,25945.
1382.,25945.
1383.,25947.
1384.,25947.
1385.,25948.
1386.,25949.
1387.,25949.
1388.,25949.
1389.,25949.
1390.,25949.
1391.,25949.
1392.,25949.
1393.,25950.
1394.,25950.
1395.,25949.
1396.,25949.
1397.,25948.
1398.,25948.
1399.,25949.
1400.,25949.
1401.,25947.
1402.,25949.
1403.,25948.
1404.,25947.
1405.,25946.
1406.,25949.
1407.,25948.
1408.,25950.
1409.,25950.
1410.,25950.
1411.,25952.
1412.,25954.
1413.,25954.
1414.,25957.
1415.,25957.
1416.,25957.
1417.,25960.
1418.,25961.
1419.,25960.
1420.,25960.
1421.,25959.
1422.,25956.
1423.,25955.
1424.,25958.
1425.,25955.
1426.,25954.
1427.,25952.
1428.,25951.
1429.,25949.
1430.,25948.
1431.,25949.
1432.,25949.
1433.,25952.
1434.,25951.
1435.,25951.
1436.,25952.
1437.,25952.
1438.,25953.
1439.,25953.
1440.,25952.
1441.,25952.
1442.,25951.
1443.,25952.
1444.,25954.
1445.,25955.
1446.,25954.
1447.,25955.
1448.,25955.
1449.,25956.
1450.,25954.
1451.,25954.
1452.,25954.
1453.,25953.
1454.,25954.
1455.,25956.
1456.,25957.
1457.,25957.
1458.,25957.
1459.,25956.
1460.,25956.
1461.,25958.
1462.,25958.
1463.,25958.
1464.,25958.
1465.,25959.
1466.,25960.
1467.,25958.
1468.,25958.
1469.,25961.
1470.,25961.
1471.,25962.
1472.,25960.
1473.,25961.
1474.,25960.
1475.,25959.
1476.,25959.
1477.,25959.
1478.,25958.
1479.,25958.
1480.,25958.
1481.,25959.
1482.,25959.
1483.,25959.
1484.,25960.
1485.,25960.
1486.,25960.
1487.,25961.
1488.,25961.
1489.,25962.
1490.,25963.
1491.,25962.
1492.,25963.
1493.,25964.
1494.,25966.
1495.,25966.
1496.,25967.
1497.,25966.
1498.,25967.
1499.,25969.
1500.,25969.
1501.,25972.
1502.,25973.
1503.,25972.
1504.,25971.
1505.,25973.
1506.,25974.
1507.,25974.
1508.,25975.
1509.,25974.
1510.,25974.
1511.,25974.
1512.,25974.
1513.,25976.
1514.,25976.
1515.,25976.
1516.,25976.
1517.,25976.
1518.,25976.
1519.,25976.
1520.,25976.
1521.,25976.
1522.,25978.
1523.,25977.
1524.,25976.
1525.,25978.
1526.,25977.
1527.,25979.
1528.,25977.
1529.,25977.
1530.,25977.
1531.,25977.
1532.,25978.
1533.,25977.
1534.,25976.
1535.,25974.
1536.,25974.
1537.,25974.
1538.,25973.
1539.,25974.
1540.,25974.
1541.,25976.
1542.,25976.
1543.,25975.
1544.,25976.
1545.,25976.
1546.,25976.
1547.,25978.
1548.,25978.
1549.,25978.
1550.,25978.
1551.,25980.
1552.,25980.
1553.,25980.
1554.,25983.
1555.,25984.
1556.,25987.
1557.,25988.
1558.,25989.
1559.,25990.
1560.,25988.
1561.,25987.
1562.,25987.
1563.,25988.
1564.,25988.
1565.,25988.
1566.,25987.
1567.,25986.
1568.,25987.
1569.,25988.
1570.,25987.
1571.,25986.
1572.,25983.
1573.,25982.
1574.,25982.
1575.,25983.
1576.,25984.
1577.,25984.
1578.,25982.
1579.,25983.
1580.,25981.
1581.,25981.
1582.,25982.
1583.,25983.
1584.,25985.
1585.,25984.
1586.,25985.
1587.,25982.
1588.,25983.
1589.,25982.
1590.,25983.
1591.,25983.
1592.,25987.
1593.,25984.
1594.,25979.
1595.,25981.
1596.,25984.
1597.,25984.
1598.,25987.
1599.,25988.
1600.,25988.
1601.,25991.
1602.,25992.
1603.,25994.
1604.,25996.
1605.,25997.
1606.,25996.
1607.,25997.
1608.,25995.
1609.,25993.
1610.,25992.
1611.,25989.
1612.,25989.
1613.,25988.
1614.,25986.
1615.,25989.
1616.,25988.
1617.,25986.
1618.,25988.
1619.,25989.
1620.,25990.
1621.,25991.
1622.,25990.
1623.,25990.
1624.,25990.
1625.,25990.
1626.,25989.
1627.,25990.
1628.,25987.
1629.,25991.
1630.,25991.
1631.,25990.
1632.,25991.
1633.,25990.
1634.,25992.
1635.,25992.
1636.,25992.
1637.,25990.
1638.,25992.
1639.,25992.
1640.,25992.
1641.,25989.
1642.,25989.
1643.,25990.
1644.,25991.
1645.,25991.
1646.,25993.
1647.,25990.
1648.,25991.
1649.,25990.
1650.,25990.
1651.,25991.
1652.,25991.
1653.,25993.
1654.,25993.
1655.,25994.
1656.,25993.
1657.,25992.
1658.,25993.
1659.,25993.
1660.,25993.
1661.,25993.
1662.,25994.
1663.,25994.
1664.,25993.
1665.,25990.
1666.,25992.
1667.,25992.
1668.,25992.
1669.,25990.
1670.,25990.
1671.,25993.
1672.,25992.
1673.,25994.
1674.,25992.
1675.,25996.
1676.,25993.
1677.,25995.
1678.,25996.
1679.,25996.
1680.,25996.
1681.,25994.
1682.,25996.
1683.,25995.
1684.,25995.
1685.,25996.
1686.,25996.
1687.,25996.
1688.,25996.
1689.,25996.
1690.,25995.
1691.,25994.
1692.,25996.
1693.,25996.
1694.,25996.
1695.,25997.
1696.,25996.
1697.,25996.
1698.,25996.
1699.,25998.
1700.,25997.
1701.,25998.
1702.,25999.
1703.,25999.
1704.,25999.
1705.,25999.
1706.,25998.
1707.,25999.
1708.,26000.
1709.,26000.
1710.,26000.
1711.,25999.
1712.,26000.
1713.,26000.
1714.,26002.
1715.,26001.
1716.,26002.
1717.,26000.
1718.,26000.
1719.,25999.
1720.,26000.
1721.,26002.
1722.,26004.
1723.,26003.
1724.,26005.
1725.,26004.
1726.,26003.
1727.,26003.
1728.,26003.
1729.,26002.
1730.,26002.
1731.,26003.
1732.,26003.
1733.,26005.
1734.,26004.
1735.,26004.
1736.,26004.
1737.,26004.
1738.,26004.
1739.,26005.
1740.,26007.
1741.,26007.
1742.,26008.
1743.,26009.
1744.,26007.
1745.,26011.
1746.,26007.
1747.,26007.
1748.,26007.
1749.,26008.
1750.,26011.
1751.,26010.
1752.,26008.
1753.,26007.
1754.,26007.
1755.,26009.
1756.,26009.
1757.,26009.
1758.,26011.
1759.,26012.
1760.,26013.
1761.,26015.
1762.,26014.
1763.,26014.
1764.,26014.
1765.,26014.
1766.,26016.
1767.,26017.
1768.,26015.
1769.,26015.
1770.,26019.
1771.,26020.
1772.,26018.
1773.,26021.
1774.,26025.
1775.,26027.
1776.,26026.
1777.,26025.
1778.,26024.
1779.,26024.
1780.,26021.
1781.,26022.
1782.,26022.
1783.,26022.
1784.,26019.
1785.,26018.
1786.,26016.
1787.,26015.
1788.,26012.
1789.,26011.
1790.,26012.
1791.,26015.
1792.,26017.
1793.,26018.
1794.,26018.
1795.,26016.
1796.,26017.
1797.,26017.
1798.,26018.
1799.,26018.
1800.,26017.
1801.,26019.
1802.,26020.
1803.,26019.
1804.,26021.
1805.,26023.
1806.,26025.
1807.,26025.
1808.,26024.
1809.,26025.
1810.,26025.
1811.,26025.
1812.,26026.
1813.,26024.
1814.,26025.
1815.,26026.
1816.,26025.
1817.,26026.
1818.,26026.
1819.,26026.
1820.,26026.
1821.,26026.
1822.,26026.
1823.,26025.
1824.,26024.
1825.,26025.
1826.,26028.
1827.,26027.
1828.,26027.
1829.,26028.
1830.,26028.
1831.,26029.
1832.,26030.
1833.,26030.
1834.,26030.
1835.,26030.
1836.,26030.
1837.,26030.
1838.,26030.
1839.,26030.
1840.,26030.
1841.,26030.
1842.,26031.
1843.,26031.
1844.,26031.
1845.,26031.
1846.,26033.
1847.,26033.
1848.,26032.
1849.,26032.
1850.,26033.
1851.,26034.
1852.,26034.
1853.,26034.
1854.,26037.
1855.,26036.
1856.,26037.
1857.,26038.
1858.,26038.
1859.,26038.
1860.,26037.
1861.,26040.
1862.,26040.
1863.,26041.
1864.,26041.
1865.,26041.
1866.,26041.
1867.,26041.
1868.,26041.
1869.,26041.
1870.,26041.
1871.,26042.
1872.,26042.
1873.,26042.
1874.,26042.
1875.,26043.
1876.,26043.
1877.,26043.
1878.,26043.
1879.,26043.
1880.,26043.
1881.,26043.
1882.,26043.
1883.,26044.
1884.,26044.
1885.,26044.
1886.,26044.
1887.,26045.
1888.,26045.
1889.,26045.
1890.,26045.
1891.,26046.
1892.,26046.
1893.,26045.
1894.,26046.
1895.,26047.
1896.,26046.
1897.,26046.
1898.,26047.
1899.,26047.
1900.,26047.
1901.,26046.
1902.,26047.
1903.,26047.
1904.,26047.
1905.,26047.
1906.,26046.
1907.,26046.
1908.,26047.
1909.,26046.
1910.,26046.
1911.,26048.
1912.,26048.
1913.,26048.
1914.,26048.
1915.,26048.
1916.,26049.
1917.,26048.
1918.,26048.
1919.,26048.
1920.,26049.
1921.,26048.
1922.,26048.
1923.,26049.
1924.,26051.
1925.,26050.
1926.,26050.
1927.,26049.
1928.,26050.
1929.,26050.
1930.,26049.
1931.,26049.
1932.,26049.
1933.,26050.
1934.,26053.
1935.,26053.
1936.,26054.
1937.,26055.
1938.,26055.
1939.,26054.
1940.,26055.
1941.,26055.
1942.,26055.
1943.,26054.
1944.,26051.
1945.,26051.
1946.,26052.
1947.,26052.
1948.,26053.
1949.,26051.
1950.,26052.
1951.,26052.
1952.,26054.
1953.,26054.
1954.,26054.
1955.,26055.
1956.,26055.
1957.,26055.
1958.,26055.
1959.,26056.
1960.,26055.
1961.,26057.
1962.,26057.
1963.,26058.
1964.,26057.
1965.,26057.
1966.,26057.
1967.,26057.
1968.,26057.
1969.,26057.
1970.,26058.
1971.,26057.
1972.,26057.
1973.,26058.
1974.,26059.
1975.,26060.
1976.,26061.
1977.,26061.
1978.,26062.
1979.,26063.
1980.,26063.
1981.,26061.
1982.,26062.
1983.,26062.
1984.,26065.
1985.,26064.
1986.,26064.
1987.,26066.
1988.,26066.
1989.,26066.
1990.,26065.
1991.,26066.
1992.,26069.
1993.,26071.
1994.,26069.
1995.,26070.
1996.,26071.
1997.,26071.
1998.,26071.
1999.,26072.
2000.,26073.
2001.,26070.
2002.,26069.
2003.,26071.
2004.,26071.
2005.,26071.
2006.,26070.
2007.,26070.
2008.,26073.
2009.,26072.
2010.,26073.
2011.,26074.
2012.,26074.
2013.,26074.
2014.,26074.
2015.,26072.
2016.,26071.
2017.,26071.
2018.,26068.
2019.,26069.
2020.,26069.
2021.,26069.
2022.,26070.
2023.,26067.
2024.,26066.
2025.,26064.
2026.,26063.
2027.,26063.
2028.,26064.
2029.,26063.
2030.,26062.
2031.,26062.
2032.,26061.
2033.,26061.
2034.,26062.
2035.,26062.
2036.,26063.
2037.,26063.
2038.,26064.
2039.,26064.
2040.,26064.
2041.,26066.
2042.,26066.
2043.,26064.
2044.,26064.
2045.,26064.
2046.,26063.
2047.,26062.
2048.,26062.
2049.,26061.
2050.,26065.
2051.,26067.
2052.,26069.
2053.,26067.
2054.,26066.
2055.,26067.
2056.,26067.
2057.,26068.
2058.,26069.
2059.,26069.
2060.,26069.
2061.,26069.
2062.,26069.
2063.,26069.
2064.,26068.
2065.,26069.
2066.,26070.
2067.,26071.
2068.,26071.
2069.,26072.
2070.,26073.
2071.,26077.
2072.,26077.
2073.,26072.
2074.,26074.
2075.,26076.
2076.,26074.
2077.,26075.
2078.,26075.
2079.,26075.
2080.,26072.
2081.,26074.
2082.,26072.
2083.,26072.
2084.,26070.
2085.,26073.
2086.,26074.
2087.,26074.
2088.,26073.
2089.,26072.
2090.,26073.
2091.,26076.
2092.,26074.
2093.,26076.
2094.,26074.
2095.,26079.
2096.,26076.
2097.,26077.
2098.,26078.
2099.,26077.
2100.,26073.
2101.,26077.
2102.,26074.
2103.,26074.
2104.,26074.
2105.,26075.
2106.,26077.
2107.,26082.
2108.,26081.
2109.,26082.
2110.,26077.
2111.,26078.
2112.,26076.
2113.,26075.
2114.,26077.
2115.,26078.
2116.,26077.
2117.,26079.
2118.,26077.
2119.,26078.
2120.,26077.
2121.,26078.
2122.,26079.
2123.,26080.
2124.,26085.
2125.,26086.
2126.,26086.
2127.,26086.
2128.,26086.
2129.,26086.
2130.,26083.
2131.,26084.
2132.,26086.
2133.,26084.
2134.,26087.
2135.,26085.
2136.,26087.
2137.,26085.
2138.,26086.
2139.,26084.
2140.,26088.
2141.,26090.
2142.,26089.
2143.,26089.
2144.,26090.
2145.,26091.
2146.,26091.
2147.,26090.
2148.,26092.
2149.,26092.
2150.,26092.
2151.,26090.
2152.,26089.
2153.,26090.
2154.,26087.
2155.,26089.
2156.,26090.
2157.,26090.
2158.,26089.
2159.,26089.
2160.,26090.
2161.,26091.
2162.,26092.
2163.,26092.
2164.,26092.
2165.,26092.
2166.,26091.
2167.,26090.
2168.,26092.
2169.,26091.
2170.,26093.
2171.,26094.
2172.,26094.
2173.,26094.
2174.,26095.
2175.,26095.
2176.,26095.
2177.,26096.
2178.,26096.
2179.,26097.
2180.,26096.
2181.,26097.
2182.,26096.
2183.,26096.
2184.,26096.
2185.,26098.
2186.,26098.
2187.,26100.
2188.,26100.
2189.,26100.
2190.,26101.
2191.,26104.
2192.,26105.
2193.,26105.
2194.,26106.
2195.,26107.
2196.,26107.
2197.,26107.
2198.,26109.
2199.,26110.
2200.,26109.
2201.,26113.
2202.,26117.
2203.,26115.
2204.,26116.
2205.,26118.
2206.,26117.
2207.,26117.
2208.,26120.
2209.,26119.
2210.,26119.
2211.,26121.
2212.,26120.
2213.,26121.
2214.,26121.
2215.,26123.
2216.,26125.
2217.,26123.
2218.,26122.
2219.,26123.
2220.,26123.
2221.,26122.
2222.,26125.
2223.,26125.
2224.,26125.
2225.,26126.
2226.,26125.
2227.,26125.
2228.,26125.
2229.,26125.
2230.,26126.
2231.,26126.
2232.,26129.
2233.,26129.
2234.,26129.
2235.,26130.
2236.,26129.
2237.,26128.
2238.,26128.
2239.,26129.
2240.,26128.
2241.,26130.
2242.,26129.
2243.,26128.
2244.,26129.
2245.,26128.
2246.,26128.
2247.,26129.
2248.,26130.
2249.,26129.
2250.,26129.
2251.,26130.
2252.,26130.
2253.,26130.
2254.,26130.
2255.,26129.
2256.,26129.
2257.,26129.
2258.,26129.
2259.,26130.
2260.,26129.
2261.,26130.
2262.,26133.
2263.,26131.
2264.,26132.
2265.,26132.
2266.,26132.
2267.,26132.
2268.,26132.
2269.,26133.
2270.,26133.
2271.,26133.
2272.,26135.
2273.,26136.
2274.,26137.
2275.,26137.
2276.,26137.
2277.,26137.
2278.,26136.
2279.,26137.
2280.,26137.
2281.,26136.
2282.,26137.
2283.,26138.
2284.,26138.
2285.,26138.
2286.,26137.
2287.,26138.
2288.,26138.
2289.,26138.
2290.,26138.
2291.,26138.
2292.,26138.
2293.,26138.
2294.,26138.
2295.,26139.
2296.,26138.
2297.,26138.
2298.,26138.
2299.,26140.
2300.,26140.
2301.,26140.
2302.,26139.
2303.,26140.
2304.,26142.
2305.,26142.
2306.,26142.
2307.,26139.
2308.,26139.
2309.,26137.
2310.,26135.
2311.,26130.
2312.,26127.
2313.,26126.
2314.,26127.
2315.,26128.
2316.,26130.
2317.,26130.
2318.,26130.
2319.,26130.
2320.,26130.
2321.,26131.
2322.,26131.
2323.,26133.
2324.,26133.
2325.,26133.
2326.,26133.
2327.,26135.
2328.,26135.
2329.,26135.
2330.,26135.
2331.,26135.
2332.,26135.
2333.,26135.
2334.,26136.
2335.,26137.
2336.,26137.
2337.,26138.
2338.,26139.
2339.,26139.
2340.,26138.
2341.,26140.
2342.,26141.
2343.,26142.
2344.,26142.
2345.,26140.
2346.,26142.
2347.,26142.
2348.,26143.
2349.,26144.
2350.,26144.
2351.,26145.
2352.,26146.
2353.,26147.
2354.,26147.
2355.,26146.
2356.,26146.
2357.,26147.
2358.,26148.
2359.,26149.
2360.,26148.
2361.,26149.
2362.,26149.
2363.,26147.
2364.,26145.
2365.,26146.
2366.,26146.
2367.,26147.
2368.,26148.
2369.,26147.
2370.,26146.
2371.,26145.
2372.,26147.
2373.,26146.
2374.,26146.
2375.,26146.
2376.,26146.
2377.,26146.
2378.,26146.
2379.,26144.
2380.,26144.
2381.,26145.
2382.,26145.
2383.,26146.
2384.,26147.
2385.,26147.
2386.,26148.
2387.,26149.
2388.,26149.
2389.,26150.
2390.,26150.
2391.,26150.
2392.,26149.
2393.,26150.
2394.,26150.
2395.,26152.
2396.,26153.
2397.,26153.
2398.,26154.
2399.,26156.
2400.,26159.
2401.,26159.
2402.,26158.
2403.,26158.
2404.,26159.
2405.,26158.
2406.,26157.
2407.,26159.
2408.,26160.
2409.,26160.
2410.,26160.
2411.,26159.
2412.,26158.
2413.,26160.
2414.,26160.
2415.,26161.
2416.,26162.
2417.,26162.
2418.,26164.
2419.,26165.
2420.,26165.
2421.,26165.
2422.,26164.
2423.,26165.
2424.,26166.
2425.,26166.
2426.,26165.
2427.,26169.
2428.,26170.
2429.,26171.
2430.,26169.
2431.,26168.
2432.,26168.
2433.,26168.
2434.,26168.
2435.,26170.
2436.,26171.
2437.,26171.
2438.,26173.
2439.,26173.
2440.,26171.
2441.,26174.
2442.,26176.
2443.,26176.
2444.,26176.
2445.,26175.
2446.,26176.
2447.,26176.
2448.,26177.
2449.,26177.
2450.,26180.
2451.,26183.
2452.,26181.
2453.,26180.
2454.,26179.
2455.,26177.
2456.,26176.
2457.,26177.
2458.,26174.
2459.,26173.
2460.,26171.
2461.,26171.
2462.,26170.
2463.,26172.
2464.,26173.
2465.,26175.
2466.,26177.
2467.,26178.
2468.,26180.
2469.,26180.
2470.,26178.
2471.,26177.
2472.,26180.
2473.,26180.
2474.,26183.
2475.,26181.
2476.,26183.
2477.,26184.
2478.,26185.
2479.,26185.
2480.,26187.
2481.,26185.
2482.,26185.
2483.,26184.
2484.,26184.
2485.,26184.
2486.,26182.
2487.,26184.
2488.,26184.
2489.,26184.
2490.,26183.
2491.,26185.
2492.,26185.
2493.,26185.
2494.,26185.
2495.,26185.
2496.,26187.
2497.,26186.
2498.,26186.
2499.,26183.
2500.,26184.
2501.,26183.
2502.,26184.
2503.,26185.
2504.,26187.
2505.,26187.
2506.,26188.
2507.,26188.
2508.,26187.
2509.,26186.
2510.,26187.
2511.,26188.
2512.,26189.
2513.,26190.
2514.,26192.
2515.,26191.
2516.,26192.
2517.,26191.
2518.,26189.
2519.,26189.
2520.,26189.
2521.,26189.
2522.,26190.
2523.,26193.
2524.,26194.
2525.,26194.
2526.,26193.
2527.,26194.
2528.,26194.
2529.,26194.
2530.,26194.
2531.,26196.
2532.,26196.
2533.,26195.
2534.,26195.
2535.,26195.
2536.,26195.
2537.,26193.
2538.,26193.
2539.,26193.
2540.,26195.
2541.,26197.
2542.,26196.
2543.,26195.
2544.,26196.
2545.,26195.
2546.,26196.
2547.,26197.
2548.,26196.
2549.,26195.
2550.,26196.
2551.,26196.
2552.,26197.
2553.,26198.
2554.,26199.
2555.,26198.
2556.,26199.
2557.,26199.
2558.,26199.
2559.,26200.
2560.,26200.
2561.,26200.
2562.,26200.
2563.,26201.
2564.,26200.
2565.,26201.
2566.,26200.
2567.,26200.
2568.,26202.
2569.,26202.
2570.,26201.
2571.,26201.
2572.,26201.
2573.,26202.
2574.,26201.
2575.,26201.
2576.,26201.
2577.,26202.
2578.,26202.
2579.,26201.
2580.,26201.
2581.,26201.
2582.,26201.
2583.,26201.
2584.,26201.
2585.,26201.
2586.,26202.
2587.,26201.
2588.,26201.
2589.,26201.
2590.,26202.
2591.,26202.
2592.,26203.
2593.,26203.
2594.,26204.
2595.,26204.
2596.,26205.
2597.,26206.
2598.,26205.
2599.,26205.
2600.,26205.
2601.,26207.
2602.,26208.
2603.,26208.
2604.,26208.
2605.,26208.
2606.,26208.
2607.,26208.
2608.,26208.
2609.,26208.
2610.,26208.
2611.,26207.
2612.,26208.
2613.,26207.
2614.,26207.
2615.,26207.
2616.,26207.
2617.,26207.
2618.,26208.
2619.,26208.
2620.,26208.
2621.,26208.
2622.,26209.
2623.,26210.
2624.,26212.
2625.,26213.
2626.,26214.
2627.,26214.
2628.,26214.
2629.,26214.
2630.,26214.
2631.,26215.
2632.,26215.
2633.,26215.
2634.,26215.
2635.,26215.
2636.,26215.
2637.,26215.
2638.,26215.
2639.,26215.
2640.,26215.
2641.,26213.
2642.,26216.
2643.,26217.
2644.,26217.
2645.,26217.
2646.,26217.
2647.,26217.
2648.,26214.
2649.,26214.
2650.,26214.
2651.,26214.
2652.,26215.
2653.,26215.
2654.,26215.
2655.,26214.
2656.,26215.
2657.,26215.
2658.,26217.
2659.,26215.
2660.,26217.
2661.,26216.
2662.,26217.
2663.,26217.
2664.,26217.
2665.,26217.
2666.,26217.
2667.,26217.
2668.,26217.
2669.,26217.
2670.,26217.
2671.,26216.
2672.,26217.
2673.,26217.
2674.,26217.
2675.,26218.
2676.,26217.
2677.,26217.
2678.,26217.
2679.,26217.
2680.,26217.
2681.,26216.
2682.,26218.
2683.,26218.
2684.,26216.
2685.,26216.
2686.,26215.
2687.,26218.
2688.,26218.
2689.,26216.
2690.,26218.
2691.,26217.
2692.,26219.
2693.,26219.
2694.,26220.
2695.,26220.
2696.,26220.
2697.,26221.
2698.,26222.
2699.,26222.
2700.,26222.
2701.,26222.
2702.,26221.
2703.,26222.
2704.,26222.
2705.,26222.
2706.,26223.
2707.,26223.
2708.,26222.
2709.,26223.
2710.,26223.
2711.,26222.
2712.,26226.
2713.,26225.
2714.,26226.
2715.,26225.
2716.,26225.
2717.,26225.
2718.,26225.
2719.,26225.
2720.,26225.
2721.,26226.
2722.,26227.
2723.,26227.
2724.,26227.
2725.,26228.
2726.,26228.
2727.,26228.
2728.,26230.
2729.,26231.
2730.,26231.
2731.,26234.
2732.,26234.
2733.,26233.
2734.,26233.
2735.,26233.
2736.,26233.
2737.,26235.
2738.,26234.
2739.,26233.
2740.,26234.
2741.,26234.
2742.,26234.
2743.,26234.
2744.,26234.
2745.,26234.
2746.,26234.
2747.,26234.
2748.,26234.
2749.,26234.
2750.,26235.
2751.,26235.
2752.,26235.
2753.,26237.
2754.,26239.
2755.,26240.
2756.,26239.
2757.,26239.
2758.,26240.
2759.,26241.
2760.,26239.
2761.,26238.
2762.,26240.
2763.,26240.
2764.,26243.
2765.,26246.
2766.,26249.
2767.,26248.
2768.,26248.
2769.,26248.
2770.,26248.
2771.,26247.
2772.,26244.
2773.,26244.
2774.,26243.
2775.,26245.
2776.,26247.
2777.,26247.
2778.,26245.
2779.,26243.
2780.,26244.
2781.,26244.
2782.,26245.
2783.,26245.
2784.,26245.
2785.,26245.
2786.,26246.
2787.,26246.
2788.,26246.
2789.,26247.
2790.,26248.
2791.,26249.
2792.,26249.
2793.,26248.
2794.,26248.
2795.,26249.
2796.,26248.
2797.,26251.
2798.,26253.
2799.,26254.
2800.,26254.
2801.,26254.
2802.,26257.
2803.,26257.
2804.,26258.
2805.,26258.
2806.,26259.
2807.,26260.
2808.,26260.
2809.,26260.
2810.,26260.
2811.,26259.
2812.,26259.
2813.,26258.
2814.,26258.
2815.,26259.
2816.,26258.
2817.,26258.
2818.,26259.
2819.,26259.
2820.,26259.
2821.,26258.
2822.,26258.
2823.,26258.
2824.,26259.
2825.,26258.
2826.,26258.
2827.,26259.
2828.,26259.
2829.,26259.
2830.,26259.
2831.,26259.
2832.,26258.
2833.,26258.
2834.,26259.
2835.,26261.
2836.,26261.
2837.,26261.
2838.,26261.
2839.,26261.
2840.,26261.
2841.,26260.
2842.,26261.
2843.,26260.
2844.,26260.
2845.,26260.
2846.,26261.
2847.,26261.
2848.,26261.
2849.,26261.
2850.,26263.
2851.,26262.
2852.,26262.
2853.,26262.
2854.,26262.
2855.,26262.
2856.,26262.
2857.,26263.
2858.,26263.
2859.,26263.
2860.,26262.
2861.,26262.
2862.,26264.
2863.,26264.
2864.,26264.
2865.,26264.
2866.,26264.
2867.,26265.
2868.,26265.
2869.,26267.
2870.,26267.
2871.,26268.
2872.,26268.
2873.,26269.
2874.,26268.
2875.,26268.
2876.,26269.
2877.,26269.
2878.,26269.
2879.,26269.
2880.,26269.
2881.,26270.
2882.,26269.
2883.,26270.
2884.,26272.
2885.,26272.
2886.,26272.
2887.,26272.
2888.,26272.
2889.,26272.
2890.,26272.
2891.,26272.
2892.,26272.
2893.,26272.
2894.,26274.
2895.,26274.
2896.,26274.
2897.,26274.
2898.,26274.
2899.,26274.
2900.,26274.
2901.,26273.
2902.,26273.
2903.,26274.
2904.,26274.
2905.,26274.
2906.,26275.
2907.,26275.
2908.,26275.
2909.,26275.
2910.,26275.
2911.,26274.
2912.,26276.
2913.,26275.
2914.,26274.
2915.,26273.
2916.,26275.
2917.,26275.
2918.,26274.
2919.,26275.
2920.,26275.
2921.,26276.
2922.,26275.
2923.,26276.
2924.,26276.
2925.,26277.
2926.,26277.
2927.,26277.
2928.,26277.
2929.,26277.
2930.,26276.
2931.,26276.
2932.,26277.
2933.,26277.
2934.,26277.
2935.,26278.
2936.,26279.
2937.,26280.
2938.,26281.
2939.,26281.
2940.,26281.
2941.,26281.
2942.,26280.
2943.,26280.
2944.,26281.
2945.,26279.
2946.,26281.
2947.,26282.
2948.,26281.
2949.,26282.
2950.,26279.
2951.,26280.
2952.,26282.
2953.,26282.
2954.,26282.
2955.,26282.
2956.,26280.
2957.,26279.
2958.,26277.
2959.,26277.
2960.,26277.
2961.,26275.
2962.,26275.
2963.,26277.
2964.,26277.
2965.,26277.
2966.,26275.
2967.,26275.
2968.,26276.
2969.,26276.
2970.,26275.
2971.,26276.
2972.,26276.
2973.,26278.
2974.,26278.
2975.,26279.
2976.,26279.
2977.,26278.
2978.,26278.
2979.,26278.
2980.,26278.
2981.,26277.
2982.,26275.
2983.,26274.
2984.,26275.
2985.,26276.
2986.,26277.
2987.,26277.
2988.,26277.
2989.,26278.
2990.,26277.
2991.,26277.
2992.,26280.
2993.,26279.
2994.,26279.
2995.,26279.
2996.,26278.
2997.,26278.
2998.,26278.
2999.,26278.
3000.,26278.
3001.,26280.
3002.,26280.
3003.,26279.
3004.,26279.
3005.,26279.
3006.,26279.
3007.,26279.
3008.,26280.
3009.,26281.
3010.,26281.
3011.,26284.
3012.,26286.
3013.,26285.
3014.,26285.
3015.,26285.
3016.,26285.
3017.,26285.
3018.,26285.
3019.,26286.
3020.,26286.
3021.,26287.
3022.,26289.
3023.,26288.
3024.,26288.
3025.,26288.
3026.,26288.
3027.,26287.
3028.,26287.
3029.,26287.
3030.,26287.
3031.,26288.
3032.,26290.
3033.,26289.
3034.,26288.
3035.,26287.
3036.,26289.
3037.,26289.
3038.,26289.
3039.,26289.
3040.,26289.
3041.,26289.
3042.,26288.
3043.,26291.
3044.,26290.
3045.,26290.
3046.,26290.
3047.,26291.
3048.,26290.
3049.,26290.
3050.,26290.
3051.,26291.
3052.,26293.
3053.,26294.
3054.,26294.
3055.,26294.
3056.,26294.
3057.,26294.
3058.,26294.
3059.,26295.
3060.,26295.
3061.,26297.
3062.,26299.
3063.,26299.
3064.,26299.
3065.,26299.
3066.,26299.
3067.,26298.
3068.,26298.
3069.,26299.
3070.,26299.
3071.,26299.
3072.,26299.
3073.,26299.
3074.,26299.
3075.,26299.
3076.,26299.
3077.,26299.
3078.,26299.
3079.,26300.
3080.,26300.
3081.,26299.
3082.,26298.
3083.,26296.
3084.,26297.
3085.,26297.
3086.,26298.
3087.,26298.
3088.,26297.
3089.,26297.
3090.,26298.
3091.,26297.
3092.,26300.
3093.,26301.
3094.,26301.
3095.,26301.
3096.,26302.
3097.,26302.
3098.,26302.
3099.,26304.
3100.,26304.
3101.,26304.
3102.,26305.
3103.,26305.
3104.,26307.
3105.,26308.
3106.,26306.
3107.,26306.
3108.,26306.
3109.,26306.
3110.,26306.
3111.,26308.
3112.,26307.
3113.,26308.
3114.,26308.
3115.,26308.
3116.,26308.
3117.,26308.
3118.,26309.
3119.,26309.
3120.,26309.
3121.,26309.
3122.,26311.
3123.,26310.
3124.,26310.
3125.,26309.
3126.,26309.
3127.,26308.
3128.,26308.
3129.,26309.
3130.,26309.
3131.,26309.
3132.,26309.
3133.,26309.
3134.,26309.
3135.,26308.
3136.,26308.
3137.,26308.
3138.,26308.
3139.,26309.
3140.,26309.
3141.,26310.
3142.,26311.
3143.,26309.
3144.,26310.
3145.,26312.
3146.,26312.
3147.,26311.
3148.,26312.
3149.,26311.
3150.,26312.
3151.,26312.
3152.,26312.
3153.,26312.
3154.,26312.
3155.,26312.
3156.,26311.
3157.,26312.
3158.,26312.
3159.,26312.
3160.,26312.
3161.,26311.
3162.,26312.
3163.,26312.
3164.,26312.
3165.,26314.
3166.,26313.
3167.,26314.
3168.,26315.
3169.,26315.
3170.,26314.
3171.,26315.
3172.,26314.
3173.,26314.
3174.,26316.
3175.,26317.
3176.,26318.
3177.,26320.
3178.,26319.
3179.,26319.
3180.,26320.
3181.,26321.
3182.,26319.
3183.,26319.
3184.,26319.
3185.,26319.
3186.,26319.
3187.,26321.
3188.,26322.
3189.,26323.
3190.,26323.
3191.,26321.
3192.,26322.
3193.,26323.
3194.,26323.
3195.,26323.
3196.,26322.
3197.,26324.
3198.,26323.
3199.,26325.
3200.,26325.
3201.,26326.
3202.,26326.
3203.,26327.
3204.,26327.
3205.,26327.
3206.,26327.
3207.,26327.
3208.,26327.
3209.,26327.
3210.,26327.
3211.,26326.
3212.,26326.
3213.,26327.
3214.,26328.
3215.,26329.
3216.,26329.
3217.,26328.
3218.,26329.
3219.,26328.
3220.,26328.
3221.,26329.
3222.,26330.
3223.,26331.
3224.,26331.
3225.,26330.
3226.,26329.
3227.,26331.
3228.,26329.
3229.,26328.
3230.,26326.
3231.,26327.
3232.,26326.
3233.,26325.
3234.,26324.
3235.,26323.
3236.,26320.
3237.,26321.
3238.,26322.
3239.,26321.
3240.,26321.
3241.,26322.
3242.,26324.
3243.,26324.
3244.,26323.
3245.,26323.
3246.,26323.
3247.,26323.
3248.,26321.
3249.,26321.
3250.,26321.
3251.,26321.
3252.,26322.
3253.,26321.
3254.,26322.
3255.,26322.
3256.,26323.
3257.,26323.
3258.,26322.
3259.,26322.
3260.,26325.
3261.,26326.
3262.,26324.
3263.,26326.
3264.,26326.
3265.,26325.
3266.,26325.
3267.,26326.
3268.,26326.
3269.,26326.
3270.,26326.
3271.,26327.
3272.,26327.
3273.,26328.
3274.,26328.
3275.,26329.
3276.,26329.
3277.,26330.
3278.,26331.
3279.,26332.
3280.,26332.
3281.,26333.
3282.,26333.
3283.,26332.
3284.,26333.
3285.,26335.
3286.,26335.
3287.,26334.
3288.,26333.
3289.,26332.
3290.,26332.
3291.,26331.
3292.,26330.
3293.,26330.
3294.,26335.
3295.,26335.
3296.,26335.
3297.,26334.
3298.,26336.
3299.,26335.
3300.,26335.
3301.,26337.
3302.,26338.
3303.,26340.
3304.,26343.
3305.,26340.
3306.,26342.
3307.,26341.
3308.,26342.
3309.,26340.
3310.,26340.
3311.,26340.
3312.,26339.
3313.,26338.
3314.,26338.
3315.,26337.
3316.,26337.
3317.,26338.
3318.,26338.
3319.,26338.
3320.,26341.
3321.,26344.
3322.,26346.
3323.,26346.
3324.,26347.
3325.,26346.
3326.,26347.
3327.,26346.
3328.,26348.
3329.,26347.
3330.,26345.
3331.,26346.
3332.,26345.
3333.,26343.
3334.,26345.
3335.,26346.
3336.,26345.
3337.,26346.
3338.,26345.
3339.,26345.
3340.,26345.
3341.,26346.
3342.,26346.
3343.,26347.
3344.,26348.
3345.,26348.
3346.,26348.
3347.,26349.
3348.,26349.
3349.,26348.
3350.,26349.
3351.,26348.
3352.,26348.
3353.,26351.
3354.,26351.
3355.,26351.
3356.,26354.
3357.,26355.
3358.,26358.
3359.,26359.
3360.,26362.
3361.,26360.
3362.,26363.
3363.,26365.
3364.,26366.
3365.,26369.
3366.,26370.
3367.,26370.
3368.,26371.
3369.,26372.
3370.,26373.
3371.,26373.
3372.,26372.
3373.,26373.
3374.,26373.
3375.,26373.
3376.,26369.
3377.,26367.
3378.,26369.
3379.,26367.
3380.,26367.
3381.,26366.
3382.,26366.
3383.,26365.
3384.,26365.
3385.,26367.
3386.,26369.
3387.,26367.
3388.,26367.
3389.,26368.
3390.,26368.
3391.,26367.
3392.,26369.
3393.,26371.
3394.,26371.
3395.,26374.
3396.,26371.
3397.,26374.
3398.,26374.
3399.,26375.
3400.,26373.
3401.,26373.
3402.,26371.
3403.,26372.
3404.,26372.
3405.,26375.
3406.,26374.
3407.,26376.
3408.,26377.
3409.,26379.
3410.,26381.
3411.,26379.
3412.,26380.
3413.,26380.
3414.,26379.
3415.,26380.
3416.,26379.
3417.,26381.
3418.,26381.
3419.,26381.
3420.,26381.
3421.,26381.
3422.,26382.
3423.,26384.
3424.,26385.
3425.,26385.
3426.,26385.
3427.,26385.
3428.,26386.
3429.,26387.
3430.,26388.
3431.,26387.
3432.,26388.
3433.,26388.
3434.,26389.
3435.,26389.
3436.,26387.
3437.,26387.
3438.,26387.
3439.,26387.
3440.,26387.
3441.,26387.
3442.,26387.
3443.,26387.
3444.,26387.
3445.,26387.
3446.,26388.
3447.,26388.
3448.,26389.
3449.,26389.
3450.,26389.
3451.,26389.
3452.,26389.
3453.,26389.
3454.,26390.
3455.,26390.
3456.,26390.
3457.,26390.
3458.,26390.
3459.,26390.
3460.,26391.
3461.,26391.
3462.,26391.
3463.,26392.
3464.,26392.
3465.,26394.
3466.,26395.
3467.,26396.
3468.,26399.
3469.,26404.
3470.,26404.
3471.,26402.
3472.,26406.
3473.,26406.
3474.,26409.
3475.,26409.
3476.,26409.
3477.,26411.
3478.,26412.
3479.,26412.
3480.,26413.
3481.,26414.
3482.,26413.
3483.,26414.
3484.,26416.
3485.,26417.
3486.,26419.
3487.,26418.
3488.,26419.
3489.,26419.
3490.,26419.
3491.,26419.
3492.,26419.
3493.,26418.
3494.,26418.
3495.,26418.
3496.,26419.
3497.,26420.
3498.,26420.
3499.,26422.
3500.,26423.
3501.,26426.
3502.,26426.
3503.,26425.
3504.,26425.
3505.,26426.
3506.,26425.
3507.,26425.
3508.,26425.
3509.,26425.
3510.,26425.
3511.,26425.
3512.,26427.
3513.,26427.
3514.,26427.
3515.,26427.
3516.,26428.
3517.,26428.
3518.,26429.
3519.,26428.
3520.,26431.
3521.,26431.
3522.,26432.
3523.,26431.
3524.,26432.
3525.,26433.
3526.,26435.
3527.,26434.
3528.,26434.
3529.,26435.
3530.,26434.
3531.,26433.
3532.,26433.
3533.,26434.
3534.,26435.
3535.,26434.
3536.,26433.
3537.,26433.
3538.,26430.
3539.,26426.
3540.,26424.
3541.,26422.
3542.,26420.
3543.,26424.
3544.,26425.
3545.,26425.
3546.,26426.
3547.,26425.
3548.,26425.
3549.,26426.
3550.,26427.
3551.,26429.
3552.,26427.
3553.,26429.
3554.,26431.
3555.,26429.
3556.,26430.
3557.,26428.
3558.,26430.
3559.,26429.
3560.,26431.
3561.,26431.
3562.,26433.
3563.,26429.
3564.,26427.
3565.,26426.
3566.,26429.
3567.,26431.
3568.,26429.
3569.,26431.
3570.,26431.
3571.,26429.
3572.,26432.
3573.,26434.
3574.,26432.
3575.,26431.
3576.,26428.
3577.,26432.
3578.,26437.
3579.,26439.
3580.,26441.
3581.,26445.
3582.,26447.
3583.,26445.
3584.,26445.
3585.,26447.
3586.,26446.
3587.,26445.
3588.,26448.
3589.,26448.
3590.,26448.
3591.,26447.
3592.,26445.
3593.,26446.
3594.,26446.
3595.,26447.
3596.,26446.
3597.,26447.
3598.,26448.
3599.,26447.
3600.,26448.
3601.,26449.
3602.,26448.
3603.,26449.
3604.,26451.
3605.,26453.
3606.,26451.
3607.,26455.
3608.,26456.
3609.,26455.
3610.,26456.
3611.,26456.
3612.,26456.
3613.,26457.
3614.,26458.
3615.,26459.
3616.,26459.
3617.,26459.
3618.,26460.
3619.,26461.
3620.,26460.
3621.,26458.
3622.,26457.
3623.,26456.
3624.,26458.
3625.,26457.
3626.,26457.
3627.,26456.
3628.,26455.
3629.,26458.
3630.,26458.
3631.,26460.
3632.,26460.
3633.,26460.
3634.,26460.
3635.,26460.
3636.,26460.
3637.,26460.
3638.,26461.
3639.,26461.
3640.,26461.
3641.,26461.
3642.,26461.
3643.,26461.
3644.,26463.
3645.,26463.
3646.,26462.
3647.,26462.
3648.,26462.
3649.,26462.
3650.,26462.
3651.,26463.
3652.,26465.
3653.,26465.
3654.,26465.
3655.,26465.
3656.,26465.
3657.,26465.
3658.,26465.
3659.,26465.
3660.,26465.
3661.,26465.
3662.,26465.
3663.,26466.
3664.,26466.
3665.,26466.
3666.,26466.
3667.,26466.
3668.,26466.
3669.,26466.
3670.,26466.
3671.,26466.
3672.,26466.
3673.,26466.
3674.,26467.
3675.,26468.
3676.,26469.
3677.,26468.
3678.,26469.
3679.,26469.
3680.,26470.
3681.,26469.
3682.,26469.
3683.,26468.
3684.,26470.
3685.,26470.
3686.,26470.
3687.,26470.
3688.,26470.
3689.,26470.
3690.,26470.
3691.,26471.
3692.,26472.
3693.,26471.
3694.,26471.
3695.,26471.
3696.,26471.
3697.,26471.
3698.,26470.
3699.,26470.
3700.,26470.
3701.,26470.
3702.,26470.
3703.,26471.
3704.,26471.
3705.,26471.
3706.,26471.
3707.,26471.
3708.,26471.
3709.,26471.
3710.,26471.
3711.,26473.
3712.,26473.
3713.,26473.
3714.,26474.
3715.,26474.
3716.,26476.
3717.,26474.
3718.,26474.
3719.,26474.
3720.,26474.
3721.,26475.
3722.,26475.
3723.,26475.
3724.,26475.
3725.,26475.
3726.,26475.
3727.,26475.
3728.,26474.
3729.,26473.
3730.,26473.
3731.,26475.
3732.,26476.
3733.,26474.
3734.,26476.
3735.,26477.
3736.,26477.
3737.,26475.
3738.,26475.
3739.,26476.
3740.,26476.
3741.,26477.
3742.,26477.
3743.,26476.
3744.,26475.
3745.,26475.
3746.,26475.
3747.,26475.
3748.,26475.
3749.,26475.
3750.,26475.
3751.,26474.
3752.,26474.
3753.,26475.
3754.,26475.
3755.,26475.
3756.,26476.
3757.,26477.
3758.,26477.
3759.,26477.
3760.,26478.
3761.,26478.
3762.,26477.
3763.,26478.
3764.,26480.
3765.,26480.
3766.,26480.
3767.,26480.
3768.,26481.
3769.,26481.
3770.,26481.
3771.,26481.
3772.,26481.
3773.,26481.
3774.,26482.
3775.,26483.
3776.,26483.
3777.,26483.
3778.,26485.
3779.,26484.
3780.,26484.
3781.,26484.
3782.,26488.
3783.,26488.
3784.,26489.
3785.,26489.
3786.,26489.
3787.,26489.
3788.,26489.
3789.,26489.
3790.,26489.
3791.,26490.
3792.,26492.
3793.,26492.
3794.,26493.
3795.,26496.
3796.,26495.
3797.,26497.
3798.,26497.
3799.,26498.
3800.,26500.
3801.,26500.
3802.,26502.
3803.,26503.
3804.,26502.
3805.,26502.
3806.,26502.
3807.,26503.
3808.,26503.
3809.,26502.
3810.,26503.
3811.,26501.
3812.,26503.
3813.,26504.
3814.,26503.
3815.,26503.
3816.,26503.
3817.,26503.
3818.,26503.
3819.,26503.
3820.,26503.
3821.,26504.
3822.,26504.
3823.,26504.
3824.,26504.
3825.,26502.
3826.,26502.
3827.,26502.
3828.,26502.
3829.,26502.
3830.,26502.
3831.,26503.
3832.,26503.
3833.,26503.
3834.,26504.
3835.,26503.
3836.,26503.
3837.,26502.
3838.,26503.
3839.,26503.
3840.,26504.
3841.,26507.
3842.,26507.
3843.,26509.
3844.,26508.
3845.,26509.
3846.,26510.
3847.,26510.
3848.,26510.
3849.,26510.
3850.,26510.
3851.,26509.
3852.,26508.
3853.,26507.
3854.,26508.
3855.,26510.
3856.,26510.
3857.,26510.
3858.,26509.
3859.,26509.
3860.,26509.
3861.,26511.
3862.,26512.
3863.,26515.
3864.,26514.
3865.,26516.
3866.,26517.
3867.,26517.
3868.,26517.
3869.,26516.
3870.,26515.
3871.,26515.
3872.,26515.
3873.,26516.
3874.,26516.
3875.,26516.
3876.,26518.
3877.,26518.
3878.,26519.
3879.,26521.
3880.,26523.
3881.,26523.
3882.,26523.
3883.,26523.
3884.,26525.
3885.,26526.
3886.,26526.
3887.,26526.
3888.,26525.
3889.,26523.
3890.,26523.
3891.,26522.
3892.,26523.
3893.,26522.
3894.,26524.
3895.,26524.
3896.,26524.
3897.,26524.
3898.,26525.
3899.,26525.
3900.,26526.
3901.,26526.
3902.,26525.
3903.,26525.
3904.,26526.
3905.,26526.
3906.,26526.
3907.,26527.
3908.,26527.
3909.,26527.
3910.,26528.
3911.,26530.
3912.,26529.
3913.,26529.
3914.,26530.
3915.,26530.
3916.,26531.
3917.,26530.
3918.,26528.
3919.,26530.
3920.,26530.
3921.,26530.
3922.,26536.
3923.,26537.
3924.,26537.
3925.,26538.
3926.,26543.
3927.,26546.
3928.,26547.
3929.,26549.
3930.,26549.
3931.,26549.
3932.,26551.
3933.,26554.
3934.,26553.
3935.,26554.
3936.,26558.
3937.,26559.
3938.,26559.
3939.,26559.
3940.,26560.
3941.,26560.
3942.,26559.
3943.,26561.
3944.,26558.
3945.,26558.
3946.,26558.
3947.,26558.
3948.,26558.
3949.,26558.
3950.,26559.
3951.,26561.
3952.,26560.
3953.,26561.
3954.,26561.
3955.,26560.
3956.,26561.
3957.,26562.
3958.,26563.
3959.,26563.
3960.,26563.
3961.,26563.
3962.,26561.
3963.,26561.
3964.,26560.
3965.,26560.
3966.,26560.
3967.,26560.
3968.,26560.
3969.,26560.
3970.,26560.
3971.,26559.
3972.,26559.
3973.,26559.
3974.,26559.
3975.,26559.
3976.,26559.
3977.,26559.
3978.,26559.
3979.,26559.
3980.,26559.
3981.,26559.
3982.,26561.
3983.,26562.
3984.,26562.
3985.,26562.
3986.,26562.
3987.,26562.
3988.,26562.
3989.,26564.
3990.,26564.
3991.,26564.
3992.,26564.
3993.,26564.
3994.,26564.
3995.,26564.
3996.,26564.
3997.,26564.
3998.,26564.
3999.,26565.
4000.,26566.
4001.,26566.
4002.,26568.
4003.,26568.
4004.,26568.
4005.,26568.
4006.,26567.
4007.,26567.
4008.,26567.
4009.,26568.
4010.,26568.
4011.,26569.
4012.,26569.
4013.,26568.
4014.,26568.
4015.,26568.
4016.,26568.
4017.,26568.
4018.,26568.
4019.,26567.
4020.,26567.
4021.,26569.
4022.,26569.
4023.,26569.
4024.,26572.
4025.,26572.
4026.,26572.
4027.,26572.
4028.,26572.
4029.,26573.
4030.,26573.
4031.,26574.
4032.,26575.
4033.,26575.
4034.,26576.
4035.,26576.
4036.,26578.
4037.,26580.
4038.,26579.
4039.,26579.
4040.,26579.
4041.,26579.
4042.,26580.
4043.,26580.
4044.,26580.
4045.,26581.
4046.,26582.
4047.,26582.
4048.,26583.
4049.,26582.
4050.,26583.
4051.,26582.
4052.,26581.
4053.,26582.
4054.,26581.
4055.,26581.
4056.,26582.
4057.,26581.
4058.,26582.
4059.,26582.
4060.,26582.
4061.,26582.
4062.,26582.
4063.,26583.
4064.,26584.
4065.,26584.
4066.,26585.
4067.,26585.
4068.,26587.
4069.,26587.
4070.,26587.
4071.,26588.
4072.,26588.
4073.,26591.
4074.,26591.
4075.,26593.
4076.,26593.
4077.,26593.
4078.,26594.
4079.,26593.
4080.,26594.
4081.,26593.
4082.,26593.
4083.,26593.
4084.,26593.
4085.,26593.
4086.,26594.
4087.,26593.
4088.,26593.
4089.,26593.
4090.,26593.
4091.,26593.
4092.,26594.
4093.,26594.
4094.,26594.
4095.,26594.
4096.,26595.
4097.,26595.
4098.,26595.
4099.,26595.
4100.,26595.
4101.,26595.
4102.,26595.
4103.,26594.
4104.,26594.
4105.,26594.
4106.,26594.
4107.,26595.
4108.,26594.
4109.,26594.
4110.,26595.
4111.,26595.
4112.,26596.
4113.,26596.
4114.,26596.
4115.,26596.
4116.,26596.
4117.,26596.
4118.,26596.
4119.,26595.
4120.,26596.
4121.,26596.
4122.,26594.
4123.,26594.
4124.,26594.
4125.,26594.
4126.,26594.
4127.,26594.
4128.,26594.
4129.,26595.
4130.,26594.
4131.,26595.
4132.,26594.
4133.,26594.
4134.,26595.
4135.,26596.
4136.,26595.
4137.,26598.
4138.,26598.
4139.,26598.
4140.,26598.
4141.,26599.
4142.,26600.
4143.,26599.
4144.,26601.
4145.,26600.
4146.,26602.
4147.,26602.
4148.,26602.
4149.,26602.
4150.,26603.
4151.,26602.
4152.,26604.
4153.,26604.
4154.,26605.
4155.,26605.
4156.,26606.
4157.,26606.
4158.,26606.
4159.,26605.
4160.,26605.
4161.,26605.
4162.,26605.
4163.,26605.
4164.,26605.
4165.,26604.
4166.,26604.
4167.,26604.
4168.,26604.
4169.,26604.
4170.,26604.
4171.,26604.
4172.,26604.
4173.,26604.
4174.,26604.
4175.,26604.
4176.,26604.
4177.,26604.
4178.,26604.
4179.,26604.
4180.,26604.
4181.,26604.
4182.,26604.
4183.,26604.
4184.,26604.
4185.,26605.
4186.,26603.
4187.,26608.
4188.,26608.
4189.,26608.
4190.,26609.
4191.,26611.
4192.,26613.
4193.,26614.
4194.,26613.
4195.,26613.
4196.,26614.
4197.,26613.
4198.,26613.
4199.,26614.
4200.,26614.
4201.,26614.
4202.,26614.
4203.,26613.
4204.,26613.
4205.,26612.
4206.,26615.
4207.,26615.
4208.,26616.
4209.,26616.
4210.,26616.
4211.,26618.
4212.,26616.
4213.,26613.
4214.,26612.
4215.,26607.
4216.,26608.
4217.,26610.
4218.,26612.
4219.,26612.
4220.,26613.
4221.,26617.
4222.,26616.
4223.,26617.
4224.,26617.
4225.,26620.
4226.,26622.
4227.,26623.
4228.,26623.
4229.,26624.
4230.,26621.
4231.,26622.
4232.,26623.
4233.,26621.
4234.,26619.
4235.,26618.
4236.,26619.
4237.,26621.
4238.,26626.
4239.,26627.
4240.,26628.
4241.,26627.
4242.,26628.
4243.,26628.
4244.,26630.
4245.,26630.
4246.,26632.
4247.,26635.
4248.,26636.
4249.,26636.
4250.,26635.
4251.,26637.
4252.,26637.
4253.,26637.
4254.,26637.
4255.,26637.
4256.,26637.
4257.,26636.
4258.,26636.
4259.,26638.
4260.,26637.
4261.,26642.
4262.,26643.
4263.,26645.
4264.,26647.
4265.,26647.
4266.,26647.
4267.,26645.
4268.,26647.
4269.,26650.
4270.,26648.
4271.,26649.
4272.,26651.
4273.,26649.
4274.,26649.
4275.,26650.
4276.,26656.
4277.,26656.
4278.,26654.
4279.,26655.
4280.,26657.
4281.,26660.
4282.,26660.
4283.,26660.
4284.,26659.
4285.,26661.
4286.,26662.
4287.,26659.
4288.,26659.
4289.,26661.
4290.,26662.
4291.,26663.
4292.,26660.
4293.,26661.
4294.,26659.
4295.,26658.
4296.,26659.
4297.,26660.
4298.,26658.
4299.,26658.
4300.,26658.
4301.,26662.
4302.,26661.
4303.,26662.
4304.,26663.
4305.,26665.
4306.,26666.
4307.,26666.
4308.,26666.
4309.,26667.
4310.,26668.
4311.,26666.
4312.,26667.
4313.,26666.
4314.,26668.
4315.,26668.
4316.,26668.
4317.,26668.
4318.,26668.
4319.,26669.
4320.,26671.
4321.,26673.
4322.,26672.
4323.,26671.
4324.,26671.
4325.,26671.
4326.,26670.
4327.,26670.
4328.,26670.
4329.,26671.
4330.,26671.
4331.,26669.
4332.,26668.
4333.,26670.
4334.,26672.
4335.,26670.
4336.,26670.
4337.,26671.
4338.,26672.
4339.,26672.
4340.,26672.
4341.,26674.
4342.,26675.
4343.,26675.
4344.,26675.
4345.,26675.
4346.,26676.
4347.,26676.
4348.,26675.
4349.,26674.
4350.,26674.
4351.,26677.
4352.,26679.
4353.,26680.
4354.,26679.
4355.,26680.
4356.,26679.
4357.,26680.
4358.,26680.
4359.,26679.
4360.,26680.
4361.,26679.
4362.,26680.
4363.,26679.
4364.,26680.
4365.,26682.
4366.,26682.
4367.,26682.
4368.,26683.
4369.,26682.
4370.,26685.
4371.,26687.
4372.,26687.
4373.,26688.
4374.,26692.
4375.,26692.
4376.,26692.
4377.,26692.
4378.,26692.
4379.,26691.
4380.,26691.
4381.,26690.
4382.,26690.
4383.,26691.
4384.,26690.
4385.,26688.
4386.,26688.
4387.,26689.
4388.,26689.
4389.,26685.
4390.,26686.
4391.,26686.
4392.,26688.
4393.,26688.
4394.,26689.
4395.,26690.
4396.,26692.
4397.,26691.
4398.,26693.
4399.,26693.
4400.,26691.
4401.,26690.
4402.,26691.
4403.,26692.
4404.,26693.
4405.,26693.
4406.,26695.
4407.,26695.
4408.,26695.
4409.,26697.
4410.,26700.
4411.,26703.
4412.,26706.
4413.,26708.
4414.,26710.
4415.,26710.
4416.,26710.
4417.,26711.
4418.,26707.
4419.,26707.
4420.,26708.
4421.,26707.
4422.,26707.
4423.,26706.
4424.,26707.
4425.,26705.
4426.,26706.
4427.,26706.
4428.,26706.
4429.,26705.
4430.,26703.
4431.,26704.
4432.,26703.
4433.,26702.
4434.,26702.
4435.,26703.
4436.,26703.
4437.,26703.
4438.,26704.
4439.,26703.
4440.,26703.
4441.,26707.
4442.,26708.
4443.,26707.
4444.,26707.
4445.,26709.
4446.,26708.
4447.,26710.
4448.,26711.
4449.,26712.
4450.,26712.
4451.,26712.
4452.,26714.
4453.,26715.
4454.,26713.
4455.,26713.
4456.,26714.
4457.,26716.
4458.,26718.
4459.,26722.
4460.,26725.
4461.,26724.
4462.,26723.
4463.,26722.
4464.,26721.
4465.,26722.
4466.,26726.
4467.,26725.
4468.,26723.
4469.,26722.
4470.,26723.
4471.,26722.
4472.,26723.
4473.,26724.
4474.,26724.
4475.,26724.
4476.,26726.
4477.,26727.
4478.,26725.
4479.,26725.
4480.,26725.
4481.,26725.
4482.,26726.
4483.,26727.
4484.,26726.
4485.,26728.
4486.,26729.
4487.,26731.
4488.,26732.
4489.,26731.
4490.,26731.
4491.,26734.
4492.,26734.
4493.,26734.
4494.,26733.
4495.,26733.
4496.,26734.
4497.,26734.
4498.,26736.
4499.,26736.
4500.,26736.
4501.,26735.
4502.,26738.
4503.,26740.
4504.,26739.
4505.,26744.
4506.,26746.
4507.,26745.
4508.,26746.
4509.,26746.
4510.,26749.
4511.,26749.
4512.,26752.
4513.,26751.
4514.,26750.
4515.,26751.
4516.,26751.
4517.,26749.
4518.,26749.
4519.,26750.
4520.,26750.
4521.,26750.
4522.,26751.
4523.,26751.
4524.,26751.
4525.,26751.
4526.,26753.
4527.,26753.
4528.,26753.
4529.,26753.
4530.,26753.
4531.,26755.
4532.,26756.
4533.,26755.
4534.,26755.
4535.,26756.
4536.,26758.
4537.,26760.
4538.,26760.
4539.,26760.
4540.,26761.
4541.,26761.
4542.,26760.
4543.,26766.
4544.,26766.
4545.,26768.
4546.,26768.
4547.,26768.
4548.,26770.
4549.,26771.
4550.,26771.
4551.,26772.
4552.,26773.
4553.,26773.
4554.,26776.
4555.,26776.
4556.,26779.
4557.,26781.
4558.,26780.
4559.,26780.
4560.,26780.
4561.,26780.
4562.,26780.
4563.,26781.
4564.,26782.
4565.,26783.
4566.,26783.
4567.,26783.
4568.,26785.
4569.,26787.
4570.,26789.
4571.,26789.
4572.,26789.
4573.,26789.
4574.,26789.
4575.,26789.
4576.,26789.
4577.,26789.
4578.,26789.
4579.,26789.
4580.,26789.
4581.,26789.
4582.,26789.
4583.,26789.
4584.,26789.
4585.,26789.
4586.,26788.
4587.,26790.
4588.,26790.
4589.,26790.
4590.,26790.
4591.,26790.
4592.,26790.
4593.,26788.
4594.,26790.
4595.,26790.
4596.,26790.
4597.,26790.
4598.,26790.
4599.,26790.
4600.,26790.
4601.,26789.
4602.,26789.
4603.,26789.
4604.,26789.
4605.,26790.
4606.,26791.
4607.,26790.
4608.,26790.
4609.,26791.
4610.,26792.
4611.,26793.
4612.,26794.
4613.,26795.
4614.,26795.
4615.,26794.
4616.,26795.
4617.,26793.
4618.,26794.
4619.,26795.
4620.,26794.
4621.,26794.
4622.,26794.
4623.,26793.
4624.,26794.
4625.,26796.
4626.,26796.
4627.,26795.
4628.,26794.
4629.,26792.
4630.,26790.
4631.,26791.
4632.,26792.
4633.,26792.
4634.,26791.
4635.,26791.
4636.,26792.
4637.,26793.
4638.,26794.
4639.,26794.
4640.,26794.
4641.,26797.
4642.,26796.
4643.,26796.
4644.,26796.
4645.,26796.
4646.,26796.
4647.,26796.
4648.,26796.
4649.,26796.
4650.,26796.
4651.,26797.
4652.,26797.
4653.,26797.
4654.,26797.
4655.,26797.
4656.,26797.
4657.,26797.
4658.,26797.
4659.,26798.
4660.,26798.
4661.,26799.
4662.,26800.
4663.,26800.
4664.,26799.
4665.,26801.
4666.,26802.
4667.,26801.
4668.,26802.
4669.,26802.
4670.,26802.
4671.,26803.
4672.,26805.
4673.,26806.
4674.,26806.
4675.,26806.
4676.,26807.
4677.,26808.
4678.,26809.
4679.,26809.
4680.,26808.
4681.,26808.
4682.,26807.
4683.,26807.
4684.,26808.
4685.,26807.
4686.,26808.
4687.,26810.
4688.,26814.
4689.,26816.
4690.,26817.
4691.,26817.
4692.,26816.
4693.,26816.
4694.,26817.
4695.,26815.
4696.,26816.
4697.,26816.
4698.,26816.
4699.,26816.
4700.,26817.
4701.,26820.
4702.,26822.
4703.,26824.
4704.,26825.
4705.,26825.
4706.,26825.
4707.,26826.
4708.,26827.
4709.,26831.
4710.,26831.
4711.,26831.
4712.,26829.
4713.,26832.
4714.,26833.
4715.,26836.
4716.,26834.
4717.,26836.
4718.,26836.
4719.,26836.
4720.,26836.
4721.,26836.
4722.,26837.
4723.,26834.
4724.,26837.
4725.,26839.
4726.,26842.
4727.,26841.
4728.,26842.
4729.,26843.
4730.,26844.
4731.,26842.
4732.,26842.
4733.,26842.
4734.,26844.
4735.,26844.
4736.,26845.
4737.,26843.
4738.,26843.
4739.,26843.
4740.,26843.
4741.,26845.
4742.,26844.
4743.,26845.
4744.,26844.
4745.,26843.
4746.,26842.
4747.,26844.
4748.,26843.
4749.,26841.
4750.,26839.
4751.,26839.
4752.,26840.
4753.,26840.
4754.,26838.
4755.,26838.
4756.,26839.
4757.,26839.
4758.,26839.
4759.,26839.
4760.,26839.
4761.,26839.
4762.,26839.
4763.,26841.
4764.,26842.
4765.,26842.
4766.,26842.
4767.,26842.
4768.,26843.
4769.,26843.
4770.,26843.
4771.,26844.
4772.,26843.
4773.,26844.
4774.,26844.
4775.,26843.
4776.,26844.
4777.,26845.
4778.,26848.
4779.,26849.
4780.,26850.
4781.,26850.
4782.,26847.
4783.,26847.
4784.,26849.
4785.,26849.
4786.,26850.
4787.,26850.
4788.,26849.
4789.,26849.
4790.,26849.
4791.,26850.
4792.,26852.
4793.,26851.
4794.,26852.
4795.,26853.
4796.,26853.
4797.,26853.
4798.,26854.
4799.,26852.
4800.,26852.
4801.,26852.
4802.,26852.
4803.,26854.
4804.,26852.
4805.,26850.
4806.,26849.
4807.,26848.
4808.,26852.
4809.,26853.
4810.,26856.
4811.,26856.
4812.,26856.
4813.,26856.
4814.,26853.
4815.,26852.
4816.,26850.
4817.,26852.
4818.,26852.
4819.,26850.
4820.,26851.
4821.,26852.
4822.,26856.
4823.,26855.
4824.,26855.
4825.,26854.
4826.,26854.
4827.,26858.
4828.,26858.
4829.,26858.
4830.,26857.
4831.,26858.
4832.,26861.
4833.,26860.
4834.,26858.
4835.,26858.
4836.,26858.
4837.,26860.
4838.,26858.
4839.,26856.
4840.,26856.
4841.,26855.
4842.,26858.
4843.,26858.
4844.,26858.
4845.,26857.
4846.,26858.
4847.,26856.
4848.,26855.
4849.,26855.
4850.,26855.
4851.,26853.
4852.,26854.
4853.,26853.
4854.,26855.
4855.,26856.
4856.,26857.
4857.,26857.
4858.,26860.
4859.,26861.
4860.,26859.
4861.,26859.
4862.,26859.
4863.,26858.
4864.,26860.
4865.,26863.
4866.,26863.
4867.,26862.
4868.,26862.
4869.,26863.
4870.,26862.
4871.,26862.
4872.,26861.
4873.,26861.
4874.,26861.
4875.,26862.
4876.,26862.
4877.,26864.
4878.,26865.
4879.,26866.
4880.,26865.
4881.,26868.
4882.,26867.
4883.,26866.
4884.,26866.
4885.,26867.
4886.,26867.
4887.,26866.
4888.,26869.
4889.,26870.
4890.,26871.
4891.,26871.
4892.,26871.
4893.,26870.
4894.,26871.
4895.,26872.
4896.,26872.
4897.,26872.
4898.,26872.
4899.,26874.
4900.,26875.
4901.,26877.
4902.,26878.
4903.,26879.
4904.,26879.
4905.,26880.
4906.,26880.
4907.,26881.
4908.,26881.
4909.,26882.
4910.,26882.
4911.,26882.
4912.,26881.
4913.,26881.
4914.,26881.
4915.,26881.
4916.,26881.
4917.,26881.
4918.,26881.
4919.,26882.
4920.,26882.
4921.,26882.
4922.,26884.
4923.,26883.
4924.,26883.
4925.,26884.
4926.,26884.
4927.,26883.
4928.,26884.
4929.,26884.
4930.,26885.
4931.,26884.
4932.,26885.
4933.,26886.
4934.,26887.
4935.,26888.
4936.,26889.
4937.,26889.
4938.,26889.
4939.,26889.
4940.,26889.
4941.,26889.
4942.,26890.
4943.,26888.
4944.,26887.
4945.,26887.
4946.,26887.
4947.,26887.
4948.,26887.
4949.,26887.
4950.,26887.
4951.,26886.
4952.,26886.
4953.,26886.
4954.,26886.
4955.,26886.
4956.,26886.
4957.,26886.
4958.,26887.
4959.,26887.
4960.,26889.
4961.,26892.
4962.,26893.
4963.,26894.
4964.,26893.
4965.,26893.
4966.,26893.
4967.,26895.
4968.,26893.
4969.,26893.
4970.,26893.
4971.,26893.
4972.,26893.
4973.,26894.
4974.,26895.
4975.,26896.
4976.,26899.
4977.,26901.
4978.,26900.
4979.,26900.
4980.,26901.
4981.,26902.
4982.,26904.
4983.,26904.
4984.,26903.
4985.,26904.
4986.,26905.
4987.,26905.
4988.,26903.
4989.,26903.
4990.,26903.
4991.,26903.
4992.,26903.
4993.,26903.
4994.,26903.
4995.,26903.
4996.,26903.
4997.,26903.
4998.,26904.
4999.,26905.
5000.,26906.
5001.,26907.
5002.,26907.
5003.,26907.
5004.,26906.
5005.,26907.
5006.,26911.
5007.,26914.
5008.,26915.
5009.,26915.
5010.,26918.
5011.,26917.
5012.,26917.
5013.,26919.
5014.,26921.
5015.,26921.
5016.,26920.
5017.,26920.
5018.,26921.
5019.,26922.
5020.,26922.
5021.,26923.
5022.,26922.
5023.,26922.
5024.,26923.
5025.,26924.
5026.,26925.
5027.,26928.
5028.,26928.
5029.,26927.
5030.,26929.
5031.,26928.
5032.,26929.
5033.,26931.
5034.,26930.
5035.,26930.
5036.,26930.
5037.,26931.
5038.,26933.
5039.,26932.
5040.,26932.
5041.,26932.
5042.,26933.
5043.,26934.
5044.,26934.
5045.,26933.
5046.,26933.
5047.,26935.
5048.,26937.
5049.,26937.
5050.,26936.
5051.,26937.
5052.,26936.
5053.,26935.
5054.,26935.
5055.,26936.
5056.,26936.
5057.,26936.
5058.,26938.
5059.,26939.
5060.,26937.
5061.,26937.
5062.,26935.
5063.,26935.
5064.,26936.
5065.,26935.
5066.,26936.
5067.,26935.
5068.,26935.
5069.,26935.
5070.,26936.
5071.,26938.
5072.,26938.
5073.,26938.
5074.,26938.
5075.,26938.
5076.,26938.
5077.,26937.
5078.,26938.
5079.,26938.
5080.,26938.
5081.,26938.
5082.,26936.
5083.,26937.
5084.,26937.
5085.,26937.
5086.,26937.
5087.,26937.
5088.,26937.
5089.,26937.
5090.,26936.
5091.,26935.
5092.,26936.
5093.,26936.
5094.,26936.
5095.,26936.
5096.,26936.
5097.,26936.
5098.,26936.
5099.,26936.
5100.,26937.
5101.,26938.
5102.,26938.
5103.,26938.
5104.,26938.
5105.,26938.
5106.,26940.
5107.,26941.
5108.,26942.
5109.,26943.
5110.,26942.
5111.,26943.
5112.,26943.
5113.,26944.
5114.,26943.
5115.,26948.
5116.,26950.
5117.,26952.
5118.,26953.
5119.,26954.
5120.,26954.
5121.,26954.
5122.,26954.
5123.,26952.
5124.,26954.
5125.,26955.
5126.,26957.
5127.,26957.
5128.,26956.
5129.,26956.
5130.,26955.
5131.,26956.
5132.,26956.
5133.,26959.
5134.,26958.
5135.,26959.
5136.,26959.
5137.,26960.
5138.,26960.
5139.,26960.
5140.,26960.
5141.,26961.
5142.,26961.
5143.,26961.
5144.,26961.
5145.,26963.
5146.,26963.
5147.,26962.
5148.,26961.
5149.,26962.
5150.,26961.
5151.,26963.
5152.,26962.
5153.,26962.
5154.,26962.
5155.,26963.
5156.,26963.
5157.,26963.
5158.,26962.
5159.,26963.
5160.,26963.
5161.,26962.
5162.,26963.
5163.,26963.
5164.,26963.
5165.,26962.
5166.,26962.
5167.,26962.
5168.,26962.
5169.,26963.
5170.,26962.
5171.,26962.
5172.,26962.
5173.,26963.
5174.,26962.
5175.,26963.
5176.,26962.
5177.,26962.
5178.,26962.
5179.,26962.
5180.,26962.
5181.,26962.
5182.,26962.
5183.,26963.
5184.,26962.
5185.,26963.
5186.,26963.
5187.,26963.
5188.,26963.
5189.,26964.
5190.,26963.
5191.,26963.
5192.,26963.
5193.,26964.
5194.,26965.
5195.,26966.
5196.,26967.
5197.,26967.
5198.,26967.
5199.,26968.
5200.,26967.
5201.,26966.
5202.,26967.
5203.,26970.
5204.,26971.
5205.,26973.
5206.,26973.
5207.,26973.
5208.,26973.
5209.,26973.
5210.,26973.
5211.,26973.
5212.,26974.
5213.,26974.
5214.,26974.
5215.,26975.
5216.,26974.
5217.,26976.
5218.,26977.
5219.,26978.
5220.,26979.
5221.,26980.
5222.,26980.
5223.,26980.
5224.,26981.
5225.,26981.
5226.,26982.
5227.,26980.
5228.,26980.
5229.,26981.
5230.,26981.
5231.,26981.
5232.,26981.
5233.,26980.
5234.,26981.
5235.,26981.
5236.,26983.
5237.,26983.
5238.,26983.
5239.,26982.
5240.,26982.
5241.,26982.
5242.,26983.
5243.,26983.
5244.,26983.
5245.,26983.
5246.,26983.
5247.,26983.
5248.,26983.
5249.,26983.
5250.,26983.
5251.,26983.
5252.,26984.
5253.,26984.
5254.,26986.
5255.,26987.
5256.,26986.
5257.,26986.
5258.,26988.
5259.,26988.
5260.,26988.
5261.,26988.
5262.,26988.
5263.,26988.
5264.,26990.
5265.,26990.
5266.,26989.
5267.,26992.
5268.,26994.
5269.,26996.
5270.,26996.
5271.,26997.
5272.,26997.
5273.,26996.
5274.,26995.
5275.,26995.
5276.,26997.
5277.,26998.
5278.,26997.
5279.,26998.
5280.,26999.
5281.,26999.
5282.,27000.
5283.,27000.
5284.,27000.
5285.,26999.
5286.,27000.
5287.,27001.
5288.,27001.
5289.,27001.
5290.,27001.
5291.,27001.
5292.,27003.
5293.,27003.
5294.,27002.
5295.,27003.
5296.,27004.
5297.,27003.
5298.,27003.
5299.,27002.
5300.,27002.
5301.,27003.
5302.,27003.
5303.,27003.
5304.,27005.
5305.,27005.
5306.,27005.
5307.,27005.
5308.,27005.
5309.,27006.
5310.,27006.
5311.,27006.
5312.,27006.
5313.,27006.
5314.,27006.
5315.,27008.
5316.,27007.
5317.,27007.
5318.,27007.
5319.,27008.
5320.,27007.
5321.,27007.
5322.,27007.
5323.,27007.
5324.,27007.
5325.,27007.
5326.,27008.
5327.,27010.
5328.,27009.
5329.,27008.
5330.,27009.
5331.,27012.
5332.,27014.
5333.,27014.
5334.,27014.
5335.,27014.
5336.,27014.
5337.,27012.
5338.,27012.
5339.,27013.
5340.,27013.
5341.,27011.
5342.,27012.
5343.,27013.
5344.,27012.
5345.,27013.
5346.,27014.
5347.,27014.
5348.,27013.
5349.,27014.
5350.,27013.
5351.,27014.
5352.,27013.
5353.,27013.
5354.,27015.
5355.,27016.
5356.,27015.
5357.,27016.
5358.,27017.
5359.,27017.
5360.,27018.
5361.,27019.
5362.,27019.
5363.,27022.
5364.,27023.
5365.,27022.
5366.,27027.
5367.,27028.
5368.,27028.
5369.,27029.
5370.,27030.
5371.,27029.
5372.,27028.
5373.,27028.
5374.,27030.
5375.,27031.
5376.,27032.
5377.,27032.
5378.,27035.
5379.,27034.
5380.,27033.
5381.,27036.
5382.,27037.
5383.,27038.
5384.,27039.
5385.,27039.
5386.,27040.
5387.,27040.
5388.,27040.
5389.,27039.
5390.,27039.
5391.,27040.
5392.,27039.
5393.,27041.
5394.,27041.
5395.,27042.
5396.,27043.
5397.,27043.
5398.,27043.
5399.,27042.
5400.,27043.
5401.,27042.
5402.,27043.
5403.,27043.
5404.,27043.
5405.,27044.
5406.,27045.
5407.,27045.
5408.,27045.
5409.,27045.
5410.,27045.
5411.,27047.
5412.,27048.
5413.,27047.
5414.,27048.
5415.,27049.
5416.,27049.
5417.,27049.
5418.,27049.
5419.,27049.
5420.,27050.
5421.,27050.
5422.,27051.
5423.,27052.
5424.,27053.
5425.,27055.
5426.,27054.
5427.,27054.
5428.,27056.
5429.,27057.
5430.,27057.
5431.,27057.
5432.,27058.
5433.,27058.
5434.,27056.
5435.,27054.
5436.,27055.
5437.,27055.
5438.,27059.
5439.,27058.
5440.,27058.
5441.,27057.
5442.,27057.
5443.,27057.
5444.,27057.
5445.,27056.
5446.,27057.
5447.,27056.
5448.,27056.
5449.,27057.
5450.,27057.
5451.,27058.
5452.,27058.
5453.,27058.
5454.,27058.
5455.,27060.
5456.,27060.
5457.,27060.
5458.,27060.
5459.,27061.
5460.,27063.
5461.,27064.
5462.,27063.
5463.,27064.
5464.,27064.
5465.,27067.
5466.,27067.
5467.,27067.
5468.,27069.
5469.,27068.
5470.,27068.
5471.,27069.
5472.,27068.
5473.,27068.
5474.,27068.
5475.,27068.
5476.,27068.
5477.,27068.
5478.,27069.
5479.,27070.
5480.,27069.
5481.,27069.
5482.,27072.
5483.,27074.
5484.,27075.
5485.,27074.
5486.,27076.
5487.,27076.
5488.,27076.
5489.,27076.
5490.,27076.
5491.,27077.
5492.,27077.
5493.,27078.
5494.,27078.
5495.,27078.
5496.,27078.
5497.,27078.
5498.,27078.
5499.,27077.
5500.,27077.
5501.,27078.
5502.,27080.
5503.,27080.
5504.,27079.
5505.,27078.
5506.,27078.
5507.,27080.
5508.,27079.
5509.,27079.
5510.,27079.
5511.,27080.
5512.,27078.
5513.,27077.
5514.,27076.
5515.,27076.
5516.,27076.
5517.,27077.
5518.,27079.
5519.,27081.
5520.,27081.
5521.,27081.
5522.,27081.
5523.,27083.
5524.,27085.
5525.,27085.
5526.,27084.
5527.,27084.
5528.,27086.
5529.,27087.
5530.,27086.
5531.,27086.
5532.,27088.
5533.,27087.
5534.,27088.
5535.,27090.
5536.,27090.
5537.,27091.
5538.,27094.
5539.,27095.
5540.,27095.
5541.,27097.
5542.,27098.
5543.,27099.
5544.,27099.
5545.,27099.
5546.,27101.
5547.,27103.
5548.,27102.
5549.,27103.
5550.,27101.
5551.,27100.
5552.,27101.
5553.,27101.
5554.,27102.
5555.,27102.
5556.,27102.
5557.,27104.
5558.,27104.
5559.,27103.
5560.,27104.
5561.,27105.
5562.,27105.
5563.,27106.
5564.,27106.
5565.,27106.
5566.,27106.
5567.,27106.
5568.,27106.
5569.,27106.
5570.,27106.
5571.,27104.
5572.,27104.
5573.,27105.
5574.,27104.
5575.,27105.
5576.,27105.
5577.,27106.
5578.,27105.
5579.,27106.
5580.,27107.
5581.,27107.
5582.,27107.
5583.,27107.
5584.,27106.
5585.,27108.
5586.,27107.
5587.,27107.
5588.,27107.
5589.,27108.
5590.,27107.
5591.,27107.
5592.,27109.
5593.,27109.
5594.,27109.
5595.,27110.
5596.,27113.
5597.,27112.
5598.,27112.
5599.,27113.
5600.,27116.
5601.,27115.
5602.,27117.
5603.,27118.
5604.,27119.
5605.,27120.
5606.,27123.
5607.,27123.
5608.,27123.
5609.,27126.
5610.,27129.
5611.,27130.
5612.,27128.
5613.,27130.
5614.,27131.
5615.,27128.
5616.,27128.
5617.,27130.
5618.,27130.
5619.,27131.
5620.,27134.
5621.,27136.
5622.,27138.
5623.,27138.
5624.,27139.
5625.,27140.
5626.,27139.
5627.,27140.
5628.,27140.
5629.,27143.
5630.,27143.
5631.,27145.
5632.,27146.
5633.,27147.
5634.,27150.
5635.,27150.
5636.,27148.
5637.,27148.
5638.,27148.
5639.,27150.
5640.,27150.
5641.,27152.
5642.,27154.
5643.,27154.
5644.,27155.
5645.,27155.
5646.,27157.
5647.,27155.
5648.,27157.
5649.,27159.
5650.,27159.
5651.,27161.
5652.,27161.
5653.,27163.
5654.,27163.
5655.,27164.
5656.,27164.
5657.,27165.
5658.,27166.
5659.,27168.
5660.,27170.
5661.,27172.
5662.,27169.
5663.,27170.
5664.,27170.
5665.,27170.
5666.,27170.
5667.,27168.
5668.,27168.
5669.,27169.
5670.,27170.
5671.,27170.
5672.,27170.
5673.,27170.
5674.,27169.
5675.,27170.
5676.,27169.
5677.,27168.
5678.,27169.
5679.,27169.
5680.,27169.
5681.,27169.
5682.,27170.
5683.,27171.
5684.,27172.
5685.,27171.
5686.,27171.
5687.,27171.
5688.,27172.
5689.,27172.
5690.,27172.
5691.,27172.
5692.,27174.
5693.,27175.
5694.,27174.
5695.,27175.
5696.,27174.
5697.,27174.
5698.,27174.
5699.,27174.
5700.,27174.
5701.,27175.
5702.,27175.
5703.,27173.
5704.,27175.
5705.,27174.
5706.,27173.
5707.,27174.
5708.,27174.
5709.,27174.
5710.,27174.
5711.,27175.
5712.,27174.
5713.,27174.
5714.,27174.
5715.,27174.
5716.,27174.
5717.,27174.
5718.,27174.
5719.,27174.
5720.,27174.
5721.,27175.
5722.,27175.
5723.,27176.
5724.,27176.
5725.,27177.
5726.,27177.
5727.,27177.
5728.,27177.
5729.,27176.
5730.,27176.
5731.,27176.
5732.,27177.
5733.,27176.
5734.,27175.
5735.,27176.
5736.,27176.
5737.,27177.
5738.,27176.
5739.,27176.
5740.,27176.
5741.,27176.
5742.,27176.
5743.,27176.
5744.,27177.
5745.,27176.
5746.,27176.
5747.,27176.
5748.,27177.
5749.,27177.
5750.,27177.
5751.,27177.
5752.,27176.
5753.,27177.
5754.,27177.
5755.,27177.
5756.,27177.
5757.,27178.
5758.,27177.
5759.,27178.
5760.,27178.
5761.,27178.
5762.,27178.
5763.,27178.
5764.,27178.
5765.,27178.
5766.,27179.
5767.,27178.
5768.,27178.
5769.,27178.
5770.,27180.
5771.,27179.
5772.,27181.
5773.,27182.
5774.,27183.
5775.,27183.
5776.,27185.
5777.,27186.
5778.,27186.
5779.,27187.
5780.,27187.
5781.,27188.
5782.,27188.
5783.,27189.
5784.,27188.
5785.,27188.
5786.,27187.
5787.,27189.
5788.,27189.
5789.,27189.
5790.,27189.
5791.,27190.
5792.,27189.
5793.,27189.
5794.,27190.
5795.,27190.
5796.,27190.
5797.,27191.
5798.,27191.
5799.,27191.
5800.,27191.
5801.,27191.
5802.,27192.
5803.,27192.
5804.,27192.
5805.,27192.
5806.,27192.
5807.,27192.
5808.,27192.
5809.,27192.
5810.,27192.
5811.,27193.
5812.,27192.
5813.,27194.
5814.,27197.
5815.,27197.
5816.,27198.
5817.,27199.
5818.,27199.
5819.,27198.
5820.,27198.
5821.,27198.
5822.,27198.
5823.,27198.
5824.,27198.
5825.,27198.
5826.,27198.
5827.,27199.
5828.,27199.
5829.,27199.
5830.,27199.
5831.,27199.
5832.,27200.
5833.,27199.
5834.,27199.
5835.,27202.
5836.,27204.
5837.,27207.
5838.,27208.
5839.,27208.
5840.,27208.
5841.,27209.
5842.,27209.
5843.,27210.
5844.,27209.
5845.,27211.
5846.,27213.
5847.,27214.
5848.,27215.
5849.,27214.
5850.,27214.
5851.,27213.
5852.,27213.
5853.,27214.
5854.,27214.
5855.,27214.
5856.,27214.
5857.,27214.
5858.,27214.
5859.,27214.
5860.,27215.
5861.,27217.
5862.,27217.
5863.,27217.
5864.,27217.
5865.,27218.
5866.,27217.
5867.,27218.
5868.,27218.
5869.,27216.
5870.,27216.
5871.,27217.
5872.,27219.
5873.,27218.
5874.,27219.
5875.,27218.
5876.,27220.
5877.,27221.
5878.,27223.
5879.,27224.
5880.,27225.
5881.,27227.
5882.,27228.
5883.,27228.
5884.,27230.
5885.,27230.
5886.,27230.
5887.,27230.
5888.,27231.
5889.,27232.
5890.,27234.
5891.,27235.
5892.,27234.
5893.,27235.
5894.,27236.
5895.,27235.
5896.,27236.
5897.,27236.
5898.,27237.
5899.,27237.
5900.,27236.
5901.,27236.
5902.,27236.
5903.,27236.
5904.,27236.
5905.,27236.
5906.,27236.
5907.,27236.
5908.,27236.
5909.,27236.
5910.,27236.
5911.,27236.
5912.,27236.
5913.,27236.
5914.,27236.
5915.,27236.
5916.,27236.
5917.,27236.
5918.,27236.
5919.,27238.
5920.,27238.
5921.,27237.
5922.,27237.
5923.,27237.
5924.,27238.
5925.,27239.
5926.,27238.
5927.,27239.
5928.,27239.
5929.,27240.
5930.,27240.
5931.,27240.
5932.,27240.
5933.,27240.
5934.,27240.
5935.,27240.
5936.,27240.
5937.,27240.
5938.,27240.
5939.,27240.
5940.,27240.
5941.,27239.
5942.,27239.
5943.,27239.
5944.,27240.
5945.,27239.
5946.,27239.
5947.,27238.
5948.,27238.
5949.,27238.
5950.,27238.
5951.,27238.
5952.,27238.
5953.,27239.
5954.,27238.
5955.,27238.
5956.,27238.
5957.,27238.
5958.,27238.
5959.,27238.
5960.,27238.
5961.,27238.
5962.,27238.
5963.,27238.
5964.,27238.
5965.,27239.
5966.,27239.
5967.,27238.
5968.,27239.
5969.,27238.
5970.,27239.
5971.,27240.
5972.,27238.
5973.,27238.
5974.,27239.
5975.,27239.
5976.,27238.
5977.,27239.
5978.,27239.
5979.,27239.
5980.,27239.
5981.,27239.
5982.,27239.
5983.,27239.
5984.,27239.
5985.,27239.
5986.,27239.
5987.,27239.
5988.,27239.
5989.,27239.
5990.,27239.
5991.,27239.
5992.,27240.
5993.,27241.
5994.,27241.
5995.,27242.
5996.,27242.
5997.,27243.
5998.,27243.
5999.,27243.
6000.,27244.
6001.,27243.
6002.,27242.
6003.,27242.
6004.,27242.
6005.,27242.
6006.,27242.
6007.,27242.
6008.,27242.
6009.,27243.
6010.,27244.
6011.,27244.
6012.,27244.
6013.,27245.
6014.,27246.
6015.,27246.
6016.,27246.
6017.,27245.
6018.,27246.
6019.,27247.
6020.,27245.
6021.,27245.
6022.,27247.
6023.,27247.
6024.,27247.
6025.,27248.
6026.,27248.
6027.,27247.
6028.,27248.
6029.,27249.
6030.,27249.
6031.,27248.
6032.,27248.
6033.,27249.
6034.,27249.
6035.,27249.
6036.,27250.
6037.,27250.
6038.,27250.
6039.,27250.
6040.,27250.
6041.,27251.
6042.,27251.
6043.,27251.
6044.,27250.
6045.,27250.
6046.,27250.
6047.,27251.
6048.,27252.
6049.,27252.
6050.,27255.
6051.,27257.
6052.,27256.
6053.,27257.
6054.,27257.
6055.,27257.
6056.,27258.
6057.,27259.
6058.,27260.
6059.,27263.
6060.,27263.
6061.,27263.
6062.,27263.
6063.,27264.
6064.,27264.
6065.,27265.
6066.,27266.
6067.,27268.
6068.,27269.
6069.,27268.
6070.,27267.
6071.,27267.
6072.,27267.
6073.,27267.
6074.,27271.
6075.,27273.
6076.,27273.
6077.,27272.
6078.,27272.
6079.,27273.
6080.,27273.
6081.,27274.
6082.,27275.
6083.,27276.
6084.,27276.
6085.,27276.
6086.,27276.
6087.,27276.
6088.,27276.
6089.,27276.
6090.,27277.
6091.,27276.
6092.,27276.
6093.,27276.
6094.,27276.
6095.,27277.
6096.,27275.
6097.,27275.
6098.,27278.
6099.,27279.
6100.,27280.
6101.,27281.
6102.,27281.
6103.,27284.
6104.,27285.
6105.,27284.
6106.,27286.
6107.,27288.
6108.,27288.
6109.,27287.
6110.,27286.
6111.,27286.
6112.,27285.
6113.,27285.
6114.,27286.
6115.,27286.
6116.,27284.
6117.,27283.
6118.,27283.
6119.,27284.
6120.,27286.
6121.,27283.
6122.,27285.
6123.,27288.
6124.,27288.
6125.,27285.
6126.,27283.
6127.,27284.
6128.,27280.
6129.,27280.
6130.,27281.
6131.,27279.
6132.,27279.
6133.,27280.
6134.,27280.
6135.,27280.
6136.,27280.
6137.,27282.
6138.,27282.
6139.,27282.
6140.,27282.
6141.,27283.
6142.,27283.
6143.,27283.
6144.,27283.
6145.,27283.
6146.,27282.
6147.,27282.
6148.,27282.
6149.,27285.
6150.,27286.
6151.,27288.
6152.,27289.
6153.,27289.
6154.,27288.
6155.,27288.
6156.,27288.
6157.,27288.
6158.,27289.
6159.,27290.
6160.,27291.
6161.,27293.
6162.,27293.
6163.,27293.
6164.,27294.
6165.,27294.
6166.,27294.
6167.,27297.
6168.,27296.
6169.,27295.
6170.,27296.
6171.,27296.
6172.,27298.
6173.,27297.
6174.,27297.
6175.,27299.
6176.,27299.
6177.,27300.
6178.,27299.
6179.,27300.
6180.,27300.
6181.,27301.
6182.,27301.
6183.,27301.
6184.,27301.
6185.,27301.
6186.,27301.
6187.,27301.
6188.,27301.
6189.,27301.
6190.,27301.
6191.,27301.
6192.,27301.
6193.,27300.
6194.,27301.
6195.,27301.
6196.,27301.
6197.,27302.
6198.,27304.
6199.,27304.
6200.,27305.
6201.,27305.
6202.,27306.
6203.,27306.
6204.,27306.
6205.,27306.
6206.,27307.
6207.,27307.
6208.,27311.
6209.,27313.
6210.,27313.
6211.,27313.
6212.,27314.
6213.,27313.
6214.,27313.
6215.,27315.
6216.,27316.
6217.,27315.
6218.,27317.
6219.,27316.
6220.,27317.
6221.,27318.
6222.,27318.
6223.,27319.
6224.,27318.
6225.,27317.
6226.,27318.
6227.,27319.
6228.,27322.
6229.,27323.
6230.,27324.
6231.,27324.
6232.,27326.
6233.,27326.
6234.,27326.
6235.,27325.
6236.,27325.
6237.,27325.
6238.,27326.
6239.,27327.
6240.,27327.
6241.,27327.
6242.,27328.
6243.,27328.
6244.,27332.
6245.,27332.
6246.,27333.
6247.,27334.
6248.,27335.
6249.,27335.
6250.,27335.
6251.,27335.
6252.,27338.
6253.,27337.
6254.,27336.
6255.,27337.
6256.,27338.
6257.,27337.
6258.,27337.
6259.,27336.
6260.,27336.
6261.,27338.
6262.,27338.
6263.,27340.
6264.,27340.
6265.,27340.
6266.,27343.
6267.,27342.
6268.,27341.
6269.,27341.
6270.,27343.
6271.,27343.
6272.,27345.
6273.,27347.
6274.,27346.
6275.,27347.
6276.,27349.
6277.,27349.
6278.,27349.
6279.,27351.
6280.,27352.
6281.,27351.
6282.,27352.
6283.,27352.
6284.,27354.
6285.,27352.
6286.,27354.
6287.,27356.
6288.,27358.
6289.,27358.
6290.,27359.
6291.,27359.
6292.,27359.
6293.,27360.
6294.,27358.
6295.,27357.
6296.,27357.
6297.,27358.
6298.,27360.
6299.,27360.
6300.,27360.
6301.,27364.
6302.,27367.
6303.,27366.
6304.,27365.
6305.,27367.
6306.,27372.
6307.,27370.
6308.,27372.
6309.,27373.
6310.,27373.
6311.,27374.
6312.,27374.
6313.,27374.
6314.,27374.
6315.,27375.
6316.,27376.
6317.,27375.
6318.,27374.
6319.,27374.
6320.,27374.
6321.,27374.
6322.,27375.
6323.,27375.
6324.,27375.
6325.,27374.
6326.,27374.
6327.,27374.
6328.,27375.
6329.,27375.
6330.,27376.
6331.,27376.
6332.,27377.
6333.,27376.
6334.,27376.
6335.,27376.
6336.,27377.
6337.,27378.
6338.,27377.
6339.,27379.
6340.,27379.
6341.,27380.
6342.,27382.
6343.,27382.
6344.,27382.
6345.,27383.
6346.,27385.
6347.,27386.
6348.,27386.
6349.,27386.
6350.,27386.
6351.,27387.
6352.,27386.
6353.,27386.
6354.,27388.
6355.,27388.
6356.,27387.
6357.,27387.
6358.,27387.
6359.,27387.
6360.,27387.
6361.,27387.
6362.,27386.
6363.,27386.
6364.,27387.
6365.,27386.
6366.,27386.
6367.,27386.
6368.,27386.
6369.,27386.
6370.,27385.
6371.,27384.
6372.,27384.
6373.,27385.
6374.,27386.
6375.,27386.
6376.,27386.
6377.,27386.
6378.,27386.
6379.,27386.
6380.,27386.
6381.,27387.
6382.,27387.
6383.,27386.
6384.,27386.
6385.,27387.
6386.,27385.
6387.,27385.
6388.,27385.
6389.,27384.
6390.,27384.
6391.,27384.
6392.,27384.
6393.,27385.
6394.,27385.
6395.,27385.
6396.,27386.
6397.,27386.
6398.,27386.
6399.,27387.
6400.,27388.
6401.,27390.
6402.,27390.
6403.,27390.
6404.,27391.
6405.,27391.
6406.,27392.
6407.,27392.
6408.,27392.
6409.,27392.
6410.,27392.
6411.,27391.
6412.,27391.
6413.,27392.
6414.,27391.
6415.,27392.
6416.,27392.
6417.,27392.
6418.,27392.
6419.,27392.
6420.,27393.
6421.,27393.
6422.,27393.
6423.,27393.
6424.,27393.
6425.,27393.
6426.,27393.
6427.,27393.
6428.,27393.
6429.,27393.
6430.,27393.
6431.,27394.
6432.,27394.
6433.,27394.
6434.,27394.
6435.,27394.
6436.,27394.
6437.,27394.
6438.,27395.
6439.,27395.
6440.,27395.
6441.,27395.
6442.,27396.
6443.,27396.
6444.,27397.
6445.,27397.
6446.,27397.
6447.,27397.
6448.,27397.
6449.,27397.
6450.,27397.
6451.,27397.
6452.,27397.
6453.,27396.
6454.,27398.
6455.,27400.
6456.,27399.
6457.,27400.
6458.,27400.
6459.,27401.
6460.,27402.
6461.,27401.
6462.,27399.
6463.,27399.
6464.,27400.
6465.,27400.
6466.,27401.
6467.,27402.
6468.,27404.
6469.,27400.
6470.,27403.
6471.,27404.
6472.,27405.
6473.,27405.
6474.,27403.
6475.,27403.
6476.,27401.
6477.,27403.
6478.,27404.
6479.,27404.
6480.,27405.
6481.,27407.
6482.,27408.
6483.,27407.
6484.,27408.
6485.,27406.
6486.,27406.
6487.,27406.
6488.,27405.
6489.,27409.
6490.,27409.
6491.,27410.
6492.,27410.
6493.,27410.
6494.,27410.
6495.,27411.
6496.,27410.
6497.,27410.
6498.,27408.
6499.,27409.
6500.,27409.
6501.,27410.
6502.,27409.
6503.,27410.
6504.,27410.
6505.,27412.
6506.,27412.
6507.,27412.
6508.,27412.
6509.,27412.
6510.,27413.
6511.,27413.
6512.,27413.
6513.,27413.
6514.,27412.
6515.,27413.
6516.,27413.
6517.,27413.
6518.,27413.
6519.,27413.
6520.,27413.
6521.,27414.
6522.,27416.
6523.,27419.
6524.,27420.
6525.,27422.
6526.,27421.
6527.,27421.
6528.,27422.
6529.,27422.
6530.,27423.
6531.,27423.
6532.,27424.
6533.,27427.
6534.,27427.
6535.,27427.
6536.,27427.
6537.,27426.
6538.,27427.
6539.,27426.
6540.,27425.
6541.,27424.
6542.,27423.
6543.,27424.
6544.,27426.
6545.,27427.
6546.,27429.
6547.,27431.
6548.,27431.
6549.,27430.
6550.,27430.
6551.,27432.
6552.,27432.
6553.,27432.
6554.,27432.
6555.,27431.
6556.,27432.
6557.,27434.
6558.,27436.
6559.,27435.
6560.,27435.
6561.,27434.
6562.,27434.
6563.,27433.
6564.,27434.
6565.,27434.
6566.,27435.
6567.,27436.
6568.,27437.
6569.,27439.
6570.,27438.
6571.,27438.
6572.,27438.
6573.,27438.
6574.,27438.
6575.,27439.
6576.,27440.
6577.,27441.
6578.,27441.
6579.,27443.
6580.,27446.
6581.,27444.
6582.,27446.
6583.,27445.
6584.,27445.
6585.,27444.
6586.,27445.
6587.,27445.
6588.,27447.
6589.,27446.
6590.,27446.
6591.,27446.
6592.,27446.
6593.,27447.
6594.,27447.
6595.,27447.
6596.,27447.
6597.,27449.
6598.,27451.
6599.,27450.
6600.,27452.
6601.,27454.
6602.,27453.
6603.,27455.
6604.,27457.
6605.,27456.
6606.,27458.
6607.,27459.
6608.,27456.
6609.,27454.
6610.,27454.
6611.,27456.
6612.,27456.
6613.,27454.
6614.,27453.
6615.,27454.
6616.,27457.
6617.,27457.
6618.,27455.
6619.,27455.
6620.,27455.
6621.,27456.
6622.,27455.
6623.,27455.
6624.,27455.
6625.,27455.
6626.,27459.
6627.,27461.
6628.,27460.
6629.,27459.
6630.,27461.
6631.,27463.
6632.,27463.
6633.,27463.
6634.,27464.
6635.,27464.
6636.,27465.
6637.,27464.
6638.,27466.
6639.,27466.
6640.,27468.
6641.,27470.
6642.,27471.
6643.,27469.
6644.,27471.
6645.,27472.
6646.,27472.
6647.,27474.
6648.,27474.
6649.,27475.
6650.,27476.
6651.,27476.
6652.,27476.
6653.,27476.
6654.,27476.
6655.,27476.
6656.,27476.
6657.,27477.
6658.,27477.
6659.,27478.
6660.,27477.
6661.,27475.
6662.,27477.
6663.,27476.
6664.,27477.
6665.,27476.
6666.,27476.
6667.,27476.
6668.,27476.
6669.,27479.
6670.,27479.
6671.,27478.
6672.,27480.
6673.,27482.
6674.,27481.
6675.,27483.
6676.,27484.
6677.,27484.
6678.,27484.
6679.,27484.
6680.,27485.
6681.,27486.
6682.,27487.
6683.,27487.
6684.,27486.
6685.,27485.
6686.,27487.
6687.,27487.
6688.,27486.
6689.,27487.
6690.,27486.
6691.,27487.
6692.,27490.
6693.,27493.
6694.,27494.
6695.,27496.
6696.,27497.
6697.,27498.
6698.,27499.
6699.,27499.
6700.,27499.
6701.,27501.
6702.,27501.
6703.,27501.
6704.,27501.
6705.,27501.
6706.,27500.
6707.,27499.
6708.,27497.
6709.,27495.
6710.,27495.
6711.,27496.
6712.,27499.
6713.,27499.
6714.,27499.
6715.,27501.
6716.,27503.
6717.,27503.
6718.,27503.
6719.,27503.
6720.,27505.
6721.,27504.
6722.,27504.
6723.,27504.
6724.,27504.
6725.,27503.
6726.,27505.
6727.,27505.
6728.,27504.
6729.,27504.
6730.,27504.
6731.,27504.
6732.,27504.
6733.,27504.
6734.,27505.
6735.,27507.
6736.,27507.
6737.,27507.
6738.,27506.
6739.,27508.
6740.,27508.
6741.,27510.
6742.,27510.
6743.,27510.
6744.,27513.
6745.,27514.
6746.,27514.
6747.,27513.
6748.,27514.
6749.,27514.
6750.,27514.
6751.,27515.
6752.,27516.
6753.,27516.
6754.,27516.
6755.,27516.
6756.,27516.
6757.,27517.
6758.,27517.
6759.,27517.
6760.,27517.
6761.,27517.
6762.,27517.
6763.,27517.
6764.,27517.
6765.,27518.
6766.,27518.
6767.,27518.
6768.,27518.
6769.,27518.
6770.,27517.
6771.,27516.
6772.,27517.
6773.,27517.
6774.,27518.
6775.,27519.
6776.,27519.
6777.,27519.
6778.,27519.
6779.,27519.
6780.,27519.
6781.,27520.
6782.,27519.
6783.,27519.
6784.,27518.
6785.,27520.
6786.,27521.
6787.,27521.
6788.,27521.
6789.,27522.
6790.,27520.
6791.,27521.
6792.,27522.
6793.,27522.
6794.,27522.
6795.,27522.
6796.,27521.
6797.,27521.
6798.,27521.
6799.,27522.
6800.,27522.
6801.,27522.
6802.,27522.
6803.,27522.
6804.,27522.
6805.,27521.
6806.,27524.
6807.,27524.
6808.,27524.
6809.,27524.
6810.,27525.
6811.,27525.
6812.,27526.
6813.,27527.
6814.,27529.
6815.,27529.
6816.,27529.
6817.,27529.
6818.,27530.
6819.,27530.
6820.,27533.
6821.,27534.
6822.,27533.
6823.,27533.
6824.,27533.
6825.,27532.
6826.,27532.
6827.,27532.
6828.,27532.
6829.,27531.
6830.,27531.
6831.,27531.
6832.,27531.
6833.,27531.
6834.,27531.
6835.,27530.
6836.,27530.
6837.,27530.
6838.,27530.
6839.,27531.
6840.,27531.
6841.,27530.
6842.,27529.
6843.,27528.
6844.,27528.
6845.,27525.
6846.,27525.
6847.,27526.
6848.,27525.
6849.,27525.
6850.,27524.
6851.,27526.
6852.,27527.
6853.,27527.
6854.,27524.
6855.,27528.
6856.,27527.
6857.,27530.
6858.,27526.
6859.,27527.
6860.,27529.
6861.,27530.
6862.,27531.
6863.,27530.
6864.,27527.
6865.,27528.
6866.,27527.
6867.,27529.
6868.,27531.
6869.,27528.
6870.,27530.
6871.,27535.
6872.,27532.
6873.,27531.
6874.,27529.
6875.,27534.
6876.,27535.
6877.,27534.
6878.,27531.
6879.,27531.
6880.,27534.
6881.,27536.
6882.,27536.
6883.,27536.
6884.,27536.
6885.,27541.
6886.,27540.
6887.,27540.
6888.,27539.
6889.,27544.
6890.,27542.
6891.,27545.
6892.,27544.
6893.,27546.
6894.,27547.
6895.,27546.
6896.,27546.
6897.,27544.
6898.,27543.
6899.,27542.
6900.,27544.
6901.,27547.
6902.,27550.
6903.,27547.
6904.,27550.
6905.,27548.
6906.,27551.
6907.,27554.
6908.,27553.
6909.,27556.
6910.,27555.
6911.,27553.
6912.,27554.
6913.,27555.
6914.,27555.
6915.,27556.
6916.,27556.
6917.,27558.
6918.,27559.
6919.,27559.
6920.,27559.
6921.,27559.
6922.,27559.
6923.,27559.
6924.,27559.
6925.,27560.
6926.,27560.
6927.,27561.
6928.,27561.
6929.,27561.
6930.,27559.
6931.,27561.
6932.,27561.
6933.,27562.
6934.,27562.
6935.,27563.
6936.,27564.
6937.,27563.
6938.,27563.
6939.,27564.
6940.,27564.
6941.,27564.
6942.,27565.
6943.,27565.
6944.,27565.
6945.,27569.
6946.,27571.
6947.,27571.
6948.,27571.
6949.,27572.
6950.,27572.
6951.,27573.
6952.,27572.
6953.,27572.
6954.,27573.
6955.,27573.
6956.,27574.
6957.,27574.
6958.,27575.
6959.,27575.
6960.,27576.
6961.,27579.
6962.,27579.
6963.,27580.
6964.,27580.
6965.,27580.
6966.,27580.
6967.,27580.
6968.,27580.
6969.,27580.
6970.,27580.
6971.,27580.
6972.,27580.
6973.,27580.
6974.,27582.
6975.,27581.
6976.,27581.
6977.,27583.
6978.,27583.
6979.,27584.
6980.,27585.
6981.,27585.
6982.,27586.
6983.,27588.
6984.,27587.
6985.,27586.
6986.,27586.
6987.,27586.
6988.,27585.
6989.,27585.
6990.,27586.
6991.,27586.
6992.,27588.
6993.,27589.
6994.,27591.
6995.,27592.
6996.,27594.
6997.,27595.
6998.,27596.
6999.,27595.
7000.,27594.
7001.,27594.
7002.,27595.
7003.,27595.
7004.,27592.
7005.,27593.
7006.,27593.
7007.,27593.
7008.,27593.
7009.,27591.
7010.,27591.
7011.,27592.
7012.,27592.
7013.,27594.
7014.,27594.
7015.,27594.
7016.,27596.
7017.,27598.
7018.,27598.
7019.,27598.
7020.,27598.
7021.,27597.
7022.,27597.
7023.,27597.
7024.,27597.
7025.,27597.
7026.,27597.
7027.,27596.
7028.,27597.
7029.,27597.
7030.,27599.
7031.,27602.
7032.,27607.
7033.,27607.
7034.,27607.
7035.,27608.
7036.,27607.
7037.,27608.
7038.,27607.
7039.,27608.
7040.,27609.
7041.,27607.
7042.,27608.
7043.,27608.
7044.,27608.
7045.,27608.
7046.,27609.
7047.,27608.
7048.,27609.
7049.,27609.
7050.,27609.
7051.,27609.
7052.,27608.
7053.,27607.
7054.,27607.
7055.,27608.
7056.,27611.
7057.,27612.
7058.,27618.
7059.,27618.
7060.,27617.
7061.,27615.
7062.,27616.
7063.,27616.
7064.,27616.
7065.,27616.
7066.,27617.
7067.,27615.
7068.,27616.
7069.,27617.
7070.,27619.
7071.,27618.
7072.,27618.
7073.,27619.
7074.,27618.
7075.,27618.
7076.,27618.
7077.,27619.
7078.,27620.
7079.,27622.
7080.,27623.
7081.,27623.
7082.,27624.
7083.,27624.
7084.,27624.
7085.,27624.
7086.,27626.
7087.,27626.
7088.,27626.
7089.,27624.
7090.,27625.
7091.,27625.
7092.,27629.
7093.,27627.
7094.,27628.
7095.,27630.
7096.,27631.
7097.,27633.
7098.,27632.
7099.,27633.
7100.,27637.
7101.,27638.
7102.,27639.
7103.,27639.
7104.,27641.
7105.,27640.
7106.,27640.
7107.,27642.
7108.,27642.
7109.,27642.
7110.,27642.
7111.,27643.
7112.,27642.
7113.,27642.
7114.,27642.
7115.,27642.
7116.,27642.
7117.,27642.
7118.,27644.
7119.,27643.
7120.,27643.
7121.,27644.
7122.,27644.
7123.,27644.
7124.,27645.
7125.,27645.
7126.,27646.
7127.,27646.
7128.,27646.
7129.,27646.
7130.,27646.
7131.,27645.
7132.,27645.
7133.,27645.
7134.,27644.
7135.,27645.
7136.,27647.
7137.,27647.
7138.,27649.
7139.,27651.
7140.,27652.
7141.,27653.
7142.,27655.
7143.,27654.
7144.,27654.
7145.,27654.
7146.,27654.
7147.,27655.
7148.,27655.
7149.,27655.
7150.,27655.
7151.,27655.
7152.,27654.
7153.,27655.
7154.,27655.
7155.,27655.
7156.,27654.
7157.,27654.
7158.,27654.
7159.,27652.
7160.,27652.
7161.,27653.
7162.,27653.
7163.,27653.
7164.,27653.
7165.,27653.
7166.,27653.
7167.,27653.
7168.,27654.
7169.,27654.
7170.,27654.
7171.,27653.
7172.,27653.
7173.,27657.
7174.,27657.
7175.,27657.
7176.,27658.
7177.,27658.
7178.,27657.
7179.,27657.
7180.,27658.
7181.,27658.
7182.,27658.
7183.,27659.
7184.,27660.
7185.,27661.
7186.,27663.
7187.,27661.
7188.,27660.
7189.,27662.
7190.,27662.
7191.,27663.
7192.,27662.
7193.,27662.
7194.,27662.
7195.,27662.
7196.,27662.
7197.,27661.
7198.,27664.
7199.,27664.
7200.,27665.
7201.,27666.
7202.,27665.
7203.,27667.
7204.,27665.
7205.,27668.
7206.,27669.
7207.,27668.
7208.,27670.
7209.,27670.
7210.,27670.
7211.,27671.
7212.,27672.
7213.,27673.
7214.,27674.
7215.,27675.
7216.,27674.
7217.,27674.
7218.,27674.
7219.,27675.
7220.,27675.
7221.,27675.
7222.,27675.
7223.,27675.
7224.,27675.
7225.,27676.
7226.,27676.
7227.,27679.
7228.,27679.
7229.,27679.
7230.,27681.
7231.,27682.
7232.,27682.
7233.,27682.
7234.,27684.
7235.,27683.
7236.,27683.
7237.,27683.
7238.,27685.
7239.,27687.
7240.,27687.
7241.,27688.
7242.,27688.
7243.,27689.
7244.,27689.
7245.,27689.
7246.,27689.
7247.,27688.
7248.,27688.
7249.,27689.
7250.,27689.
7251.,27690.
7252.,27690.
7253.,27689.
7254.,27689.
7255.,27689.
7256.,27689.
7257.,27689.
7258.,27689.
7259.,27689.
7260.,27689.
7261.,27690.
7262.,27689.
7263.,27689.
7264.,27690.
7265.,27692.
7266.,27693.
7267.,27694.
7268.,27695.
7269.,27695.
7270.,27695.
7271.,27695.
7272.,27695.
7273.,27695.
7274.,27695.
7275.,27695.
7276.,27695.
7277.,27695.
7278.,27695.
7279.,27696.
7280.,27698.
7281.,27697.
7282.,27696.
7283.,27697.
7284.,27698.
7285.,27698.
7286.,27698.
7287.,27698.
7288.,27698.
7289.,27698.
7290.,27698.
7291.,27697.
7292.,27697.
7293.,27697.
7294.,27698.
7295.,27698.
7296.,27697.
7297.,27694.
7298.,27694.
7299.,27694.
7300.,27695.
7301.,27696.
7302.,27696.
7303.,27697.
7304.,27696.
7305.,27698.
7306.,27698.
7307.,27697.
7308.,27697.
7309.,27697.
7310.,27697.
7311.,27697.
7312.,27697.
7313.,27697.
7314.,27697.
7315.,27698.
7316.,27699.
7317.,27699.
7318.,27699.
7319.,27700.
7320.,27700.
7321.,27700.
7322.,27700.
7323.,27700.
7324.,27700.
7325.,27701.
7326.,27702.
7327.,27702.
7328.,27703.
7329.,27705.
7330.,27705.
7331.,27705.
7332.,27704.
7333.,27705.
7334.,27706.
7335.,27706.
7336.,27707.
7337.,27707.
7338.,27709.
7339.,27711.
7340.,27712.
7341.,27713.
7342.,27713.
7343.,27713.
7344.,27716.
7345.,27718.
7346.,27720.
7347.,27720.
7348.,27721.
7349.,27721.
7350.,27721.
7351.,27723.
7352.,27724.
7353.,27724.
7354.,27726.
7355.,27725.
7356.,27721.
7357.,27724.
7358.,27725.
7359.,27724.
7360.,27726.
7361.,27728.
7362.,27728.
7363.,27731.
7364.,27731.
7365.,27732.
7366.,27734.
7367.,27735.
7368.,27737.
7369.,27737.
7370.,27739.
7371.,27739.
7372.,27742.
7373.,27743.
7374.,27745.
7375.,27748.
7376.,27748.
7377.,27748.
7378.,27748.
7379.,27748.
7380.,27751.
7381.,27750.
7382.,27751.
7383.,27752.
7384.,27752.
7385.,27753.
7386.,27753.
7387.,27754.
7388.,27753.
7389.,27754.
7390.,27755.
7391.,27757.
7392.,27757.
7393.,27758.
7394.,27757.
7395.,27758.
7396.,27760.
7397.,27762.
7398.,27763.
7399.,27763.
7400.,27764.
7401.,27764.
7402.,27766.
7403.,27770.
7404.,27772.
7405.,27772.
7406.,27773.
7407.,27775.
7408.,27776.
7409.,27777.
7410.,27779.
7411.,27781.
7412.,27781.
7413.,27784.
7414.,27784.
7415.,27784.
7416.,27785.
7417.,27786.
7418.,27786.
7419.,27787.
7420.,27787.
7421.,27789.
7422.,27790.
7423.,27791.
7424.,27791.
7425.,27792.
7426.,27794.
7427.,27795.
7428.,27796.
7429.,27796.
7430.,27797.
7431.,27796.
7432.,27798.
7433.,27797.
7434.,27796.
7435.,27793.
7436.,27792.
7437.,27792.
7438.,27792.
7439.,27793.
7440.,27793.
7441.,27794.
7442.,27796.
7443.,27797.
7444.,27799.
7445.,27803.
7446.,27805.
7447.,27806.
7448.,27806.
7449.,27808.
7450.,27808.
7451.,27809.
7452.,27809.
7453.,27810.
7454.,27813.
7455.,27813.
7456.,27814.
7457.,27814.
7458.,27816.
7459.,27817.
7460.,27819.
7461.,27821.
7462.,27822.
7463.,27820.
7464.,27820.
7465.,27818.
7466.,27821.
7467.,27822.
7468.,27821.
7469.,27821.
7470.,27821.
7471.,27822.
7472.,27822.
7473.,27823.
7474.,27823.
7475.,27826.
7476.,27828.
7477.,27828.
7478.,27828.
7479.,27829.
7480.,27829.
7481.,27829.
7482.,27829.
7483.,27830.
7484.,27830.
7485.,27830.
7486.,27831.
7487.,27831.
7488.,27830.
7489.,27831.
7490.,27832.
7491.,27832.
7492.,27833.
7493.,27835.
7494.,27835.
7495.,27837.
7496.,27838.
7497.,27841.
7498.,27841.
7499.,27841.
7500.,27841.
7501.,27840.
7502.,27840.
7503.,27840.
7504.,27840.
7505.,27840.
7506.,27839.
7507.,27839.
7508.,27839.
7509.,27840.
7510.,27840.
7511.,27841.
7512.,27842.
7513.,27842.
7514.,27842.
7515.,27842.
7516.,27842.
7517.,27842.
7518.,27842.
7519.,27842.
7520.,27842.
7521.,27843.
7522.,27843.
7523.,27844.
7524.,27844.
7525.,27841.
7526.,27838.
7527.,27839.
7528.,27838.
7529.,27838.
7530.,27840.
7531.,27842.
7532.,27843.
7533.,27842.
7534.,27845.
7535.,27843.
7536.,27844.
7537.,27847.
7538.,27846.
7539.,27846.
7540.,27846.
7541.,27848.
7542.,27848.
7543.,27850.
7544.,27851.
7545.,27851.
7546.,27851.
7547.,27851.
7548.,27852.
7549.,27852.
7550.,27854.
7551.,27854.
7552.,27855.
7553.,27856.
7554.,27856.
7555.,27856.
7556.,27856.
7557.,27856.
7558.,27856.
7559.,27856.
7560.,27856.
7561.,27855.
7562.,27856.
7563.,27858.
7564.,27858.
7565.,27859.
7566.,27857.
7567.,27857.
7568.,27856.
7569.,27857.
7570.,27857.
7571.,27859.
7572.,27859.
7573.,27859.
7574.,27859.
7575.,27859.
7576.,27859.
7577.,27859.
7578.,27858.
7579.,27858.
7580.,27860.
7581.,27861.
7582.,27862.
7583.,27862.
7584.,27862.
7585.,27862.
7586.,27863.
7587.,27863.
7588.,27864.
7589.,27864.
7590.,27864.
7591.,27865.
7592.,27863.
7593.,27863.
7594.,27864.
7595.,27865.
7596.,27866.
7597.,27865.
7598.,27867.
7599.,27868.
7600.,27870.
7601.,27870.
7602.,27873.
7603.,27873.
7604.,27872.
7605.,27873.
7606.,27873.
7607.,27874.
7608.,27874.
7609.,27874.
7610.,27876.
7611.,27876.
7612.,27876.
7613.,27877.
7614.,27879.
7615.,27880.
7616.,27880.
7617.,27879.
7618.,27878.
7619.,27878.
7620.,27879.
7621.,27878.
7622.,27878.
7623.,27880.
7624.,27879.
7625.,27879.
7626.,27878.
7627.,27878.
7628.,27880.
7629.,27879.
7630.,27880.
7631.,27879.
7632.,27879.
7633.,27880.
7634.,27880.
7635.,27879.
7636.,27879.
7637.,27881.
7638.,27881.
7639.,27881.
7640.,27881.
7641.,27883.
7642.,27883.
7643.,27885.
7644.,27885.
7645.,27886.
7646.,27887.
7647.,27887.
7648.,27887.
7649.,27888.
7650.,27888.
7651.,27889.
7652.,27889.
7653.,27889.
7654.,27888.
7655.,27888.
7656.,27888.
7657.,27888.
7658.,27889.
7659.,27890.
7660.,27890.
7661.,27892.
7662.,27892.
7663.,27892.
7664.,27892.
7665.,27893.
7666.,27893.
7667.,27893.
7668.,27893.
7669.,27893.
7670.,27893.
7671.,27893.
7672.,27893.
7673.,27893.
7674.,27893.
7675.,27893.
7676.,27893.
7677.,27893.
7678.,27893.
7679.,27893.
7680.,27893.
7681.,27893.
7682.,27893.
7683.,27893.
7684.,27894.
7685.,27893.
7686.,27893.
7687.,27892.
7688.,27892.
7689.,27892.
7690.,27892.
7691.,27893.
7692.,27893.
7693.,27893.
7694.,27893.
7695.,27893.
7696.,27893.
7697.,27891.
7698.,27890.
7699.,27890.
7700.,27890.
7701.,27890.
7702.,27890.
7703.,27890.
7704.,27890.
7705.,27891.
7706.,27891.
7707.,27891.
7708.,27891.
7709.,27891.
7710.,27891.
7711.,27891.
7712.,27891.
7713.,27891.
7714.,27891.
7715.,27891.
7716.,27891.
7717.,27891.
7718.,27891.
7719.,27891.
7720.,27891.
7721.,27891.
7722.,27891.
7723.,27891.
7724.,27891.
7725.,27891.
7726.,27892.
7727.,27893.
7728.,27892.
7729.,27891.
7730.,27892.
7731.,27892.
7732.,27892.
7733.,27892.
7734.,27892.
7735.,27892.
7736.,27892.
7737.,27892.
7738.,27892.
7739.,27891.
7740.,27891.
7741.,27891.
7742.,27891.
7743.,27891.
7744.,27892.
7745.,27892.
7746.,27892.
7747.,27892.
7748.,27893.
7749.,27893.
7750.,27893.
7751.,27894.
7752.,27895.
7753.,27896.
7754.,27896.
7755.,27896.
7756.,27897.
7757.,27897.
7758.,27897.
7759.,27897.
7760.,27896.
7761.,27896.
7762.,27896.
7763.,27897.
7764.,27899.
7765.,27899.
7766.,27899.
7767.,27900.
7768.,27899.
7769.,27901.
7770.,27902.
7771.,27902.
7772.,27903.
7773.,27904.
7774.,27904.
7775.,27905.
7776.,27904.
7777.,27904.
7778.,27904.
7779.,27904.
7780.,27907.
7781.,27908.
7782.,27911.
7783.,27912.
7784.,27912.
7785.,27913.
7786.,27914.
7787.,27916.
7788.,27916.
7789.,27916.
7790.,27916.
7791.,27917.
7792.,27917.
7793.,27917.
7794.,27917.
7795.,27917.
7796.,27917.
7797.,27917.
7798.,27916.
7799.,27916.
7800.,27916.
7801.,27916.
7802.,27916.
7803.,27916.
7804.,27916.
7805.,27915.
7806.,27916.
7807.,27916.
7808.,27916.
7809.,27916.
7810.,27916.
7811.,27916.
7812.,27916.
7813.,27916.
7814.,27916.
7815.,27916.
7816.,27916.
7817.,27916.
7818.,27916.
7819.,27916.
7820.,27916.
7821.,27916.
7822.,27917.
7823.,27917.
7824.,27918.
7825.,27917.
7826.,27917.
7827.,27918.
7828.,27919.
7829.,27921.
7830.,27921.
7831.,27925.
7832.,27928.
7833.,27929.
7834.,27928.
7835.,27928.
7836.,27930.
7837.,27933.
7838.,27933.
7839.,27937.
7840.,27936.
7841.,27936.
7842.,27939.
7843.,27940.
7844.,27940.
7845.,27946.
7846.,27947.
7847.,27948.
7848.,27948.
7849.,27947.
7850.,27948.
7851.,27949.
7852.,27950.
7853.,27950.
7854.,27950.
7855.,27951.
7856.,27953.
7857.,27954.
7858.,27955.
7859.,27956.
7860.,27958.
7861.,27958.
7862.,27958.
7863.,27958.
7864.,27957.
7865.,27957.
7866.,27957.
7867.,27957.
7868.,27957.
7869.,27957.
7870.,27957.
7871.,27957.
7872.,27957.
7873.,27957.
7874.,27957.
7875.,27957.
7876.,27957.
7877.,27957.
7878.,27957.
7879.,27957.
7880.,27957.
7881.,27957.
7882.,27957.
7883.,27956.
7884.,27956.
7885.,27956.
7886.,27956.
7887.,27956.
7888.,27956.
7889.,27956.
7890.,27956.
7891.,27956.
7892.,27956.
7893.,27956.
7894.,27956.
7895.,27956.
7896.,27957.
7897.,27958.
7898.,27958.
7899.,27959.
7900.,27959.
7901.,27959.
7902.,27959.
7903.,27959.
7904.,27959.
7905.,27960.
7906.,27961.
7907.,27961.
7908.,27963.
7909.,27965.
7910.,27965.
7911.,27965.
7912.,27965.
7913.,27964.
7914.,27964.
7915.,27965.
7916.,27964.
7917.,27964.
7918.,27964.
7919.,27964.
7920.,27964.
7921.,27964.
7922.,27966.
7923.,27966.
7924.,27965.
7925.,27965.
7926.,27965.
7927.,27965.
7928.,27966.
7929.,27966.
7930.,27966.
7931.,27966.
7932.,27966.
7933.,27966.
7934.,27966.
7935.,27966.
7936.,27968.
7937.,27968.
7938.,27967.
7939.,27968.
7940.,27970.
7941.,27971.
7942.,27972.
7943.,27971.
7944.,27971.
7945.,27972.
7946.,27971.
7947.,27971.
7948.,27973.
7949.,27974.
7950.,27972.
7951.,27971.
7952.,27972.
7953.,27972.
7954.,27972.
7955.,27971.
7956.,27973.
7957.,27973.
7958.,27974.
7959.,27976.
7960.,27980.
7961.,27980.
7962.,27979.
7963.,27978.
7964.,27978.
7965.,27977.
7966.,27978.
7967.,27980.
7968.,27980.
7969.,27979.
7970.,27979.
7971.,27981.
7972.,27981.
7973.,27982.
7974.,27983.
7975.,27984.
7976.,27984.
7977.,27985.
7978.,27987.
7979.,27988.
7980.,27988.
7981.,27990.
7982.,27991.
7983.,27992.
7984.,27992.
7985.,27992.
7986.,27993.
7987.,27995.
7988.,27994.
7989.,27995.
7990.,27995.
7991.,27994.
7992.,27994.
7993.,27994.
7994.,27993.
7995.,27993.
7996.,27993.
7997.,27993.
7998.,27994.
7999.,27994.
8000.,27994.
8001.,27995.
8002.,27995.
8003.,27996.
8004.,27996.
8005.,27996.
8006.,27996.
8007.,27996.
8008.,27997.
8009.,27997.
8010.,27997.
8011.,27998.
8012.,27998.
8013.,27998.
8014.,27998.
8015.,27999.
8016.,27999.
8017.,27999.
8018.,27999.
8019.,27999.
8020.,27999.
8021.,27999.
8022.,28000.
8023.,28000.
8024.,28000.
8025.,28000.
8026.,27999.
8027.,27998.
8028.,27998.
8029.,27999.
8030.,28001.
8031.,28001.
8032.,28004.
8033.,28004.
8034.,28006.
8035.,28007.
8036.,28008.
8037.,28007.
8038.,28008.
8039.,28010.
8040.,28010.
8041.,28010.
8042.,28011.
8043.,28013.
8044.,28013.
8045.,28016.
8046.,28016.
8047.,28017.
8048.,28018.
8049.,28017.
8050.,28017.
8051.,28018.
8052.,28020.
8053.,28020.
8054.,28020.
8055.,28020.
8056.,28022.
8057.,28022.
8058.,28022.
8059.,28022.
8060.,28022.
8061.,28023.
8062.,28023.
8063.,28023.
8064.,28023.
8065.,28023.
8066.,28023.
8067.,28024.
8068.,28024.
8069.,28024.
8070.,28024.
8071.,28024.
8072.,28026.
8073.,28026.
8074.,28026.
8075.,28026.
8076.,28026.
8077.,28026.
8078.,28026.
8079.,28026.
8080.,28026.
8081.,28026.
8082.,28026.
8083.,28026.
8084.,28026.
8085.,28026.
8086.,28026.
8087.,28026.
8088.,28026.
8089.,28026.
8090.,28026.
8091.,28026.
8092.,28026.
8093.,28026.
8094.,28027.
8095.,28027.
8096.,28027.
8097.,28028.
8098.,28028.
8099.,28028.
8100.,28028.
8101.,28028.
8102.,28028.
8103.,28028.
8104.,28028.
8105.,28029.
8106.,28029.
8107.,28028.
8108.,28030.
8109.,28030.
8110.,28029.
8111.,28029.
8112.,28030.
8113.,28030.
8114.,28030.
8115.,28030.
8116.,28030.
8117.,28030.
8118.,28030.
8119.,28029.
8120.,28029.
8121.,28031.
8122.,28029.
8123.,28031.
8124.,28033.
8125.,28034.
8126.,28034.
8127.,28034.
8128.,28033.
8129.,28034.
8130.,28032.
8131.,28034.
8132.,28034.
8133.,28033.
8134.,28033.
8135.,28035.
8136.,28033.
8137.,28032.
8138.,28032.
8139.,28032.
8140.,28032.
8141.,28033.
8142.,28034.
8143.,28035.
8144.,28035.
8145.,28036.
8146.,28035.
8147.,28034.
8148.,28034.
8149.,28033.
8150.,28033.
8151.,28033.
8152.,28036.
8153.,28036.
8154.,28039.
8155.,28041.
8156.,28042.
8157.,28043.
8158.,28045.
8159.,28045.
8160.,28048.
8161.,28048.
8162.,28047.
8163.,28048.
8164.,28047.
8165.,28046.
8166.,28047.
8167.,28046.
8168.,28047.
8169.,28046.
8170.,28050.
8171.,28051.
8172.,28053.
8173.,28053.
8174.,28053.
8175.,28054.
8176.,28055.
8177.,28054.
8178.,28055.
8179.,28056.
8180.,28057.
8181.,28058.
8182.,28058.
8183.,28060.
8184.,28061.
8185.,28063.
8186.,28066.
8187.,28067.
8188.,28066.
8189.,28067.
8190.,28069.
8191.,28070.
8192.,28069.
8193.,28070.
8194.,28071.
8195.,28072.
8196.,28072.
8197.,28072.
8198.,28072.
8199.,28072.
8200.,28073.
8201.,28073.
8202.,28072.
8203.,28072.
8204.,28074.
8205.,28072.
8206.,28072.
8207.,28072.
8208.,28073.
8209.,28072.
8210.,28072.
8211.,28072.
8212.,28071.
8213.,28071.
8214.,28072.
8215.,28072.
8216.,28072.
8217.,28072.
8218.,28072.
8219.,28072.
8220.,28072.
8221.,28075.
8222.,28074.
8223.,28074.
8224.,28076.
8225.,28076.
8226.,28077.
8227.,28078.
8228.,28079.
8229.,28080.
8230.,28081.
8231.,28084.
8232.,28084.
8233.,28083.
8234.,28083.
8235.,28084.
8236.,28084.
8237.,28084.
8238.,28085.
8239.,28085.
8240.,28085.
8241.,28085.
8242.,28086.
8243.,28086.
8244.,28086.
8245.,28085.
8246.,28086.
8247.,28088.
8248.,28088.
8249.,28089.
8250.,28090.
8251.,28091.
8252.,28091.
8253.,28091.
8254.,28091.
8255.,28091.
8256.,28091.
8257.,28091.
8258.,28091.
8259.,28093.
8260.,28093.
8261.,28093.
8262.,28094.
8263.,28095.
8264.,28095.
8265.,28096.
8266.,28097.
8267.,28097.
8268.,28097.
8269.,28102.
8270.,28103.
8271.,28104.
8272.,28104.
8273.,28105.
8274.,28106.
8275.,28106.
8276.,28108.
8277.,28109.
8278.,28109.
8279.,28111.
8280.,28112.
8281.,28112.
8282.,28110.
8283.,28111.
8284.,28112.
8285.,28115.
8286.,28116.
8287.,28116.
8288.,28116.
8289.,28116.
8290.,28116.
8291.,28117.
8292.,28117.
8293.,28117.
8294.,28118.
8295.,28119.
8296.,28120.
8297.,28122.
8298.,28122.
8299.,28121.
8300.,28122.
8301.,28121.
8302.,28120.
8303.,28122.
8304.,28122.
8305.,28122.
8306.,28123.
8307.,28125.
8308.,28123.
8309.,28124.
8310.,28124.
8311.,28123.
8312.,28121.
8313.,28122.
8314.,28123.
8315.,28121.
8316.,28120.
8317.,28120.
8318.,28121.
8319.,28121.
8320.,28120.
8321.,28121.
8322.,28121.
8323.,28120.
8324.,28122.
8325.,28121.
8326.,28121.
8327.,28124.
8328.,28124.
8329.,28124.
8330.,28124.
8331.,28125.
8332.,28125.
8333.,28126.
8334.,28127.
8335.,28127.
8336.,28128.
8337.,28128.
8338.,28129.
8339.,28130.
8340.,28130.
8341.,28130.
8342.,28130.
8343.,28130.
8344.,28129.
8345.,28129.
8346.,28128.
8347.,28130.
8348.,28130.
8349.,28129.
8350.,28129.
8351.,28129.
8352.,28130.
8353.,28130.
8354.,28131.
8355.,28130.
8356.,28132.
8357.,28132.
8358.,28133.
8359.,28133.
8360.,28133.
8361.,28133.
8362.,28134.
8363.,28135.
8364.,28135.
8365.,28136.
8366.,28137.
8367.,28138.
8368.,28138.
8369.,28140.
8370.,28142.
8371.,28143.
8372.,28145.
8373.,28145.
8374.,28147.
8375.,28150.
8376.,28150.
8377.,28150.
8378.,28151.
8379.,28152.
8380.,28150.
8381.,28151.
8382.,28154.
8383.,28154.
8384.,28158.
8385.,28159.
8386.,28161.
8387.,28164.
8388.,28165.
8389.,28166.
8390.,28169.
8391.,28171.
8392.,28173.
8393.,28173.
8394.,28174.
8395.,28175.
8396.,28175.
8397.,28178.
8398.,28179.
8399.,28179.
8400.,28181.
8401.,28183.
8402.,28185.
8403.,28185.
8404.,28185.
8405.,28185.
8406.,28185.
8407.,28185.
8408.,28186.
8409.,28188.
8410.,28189.
8411.,28192.
8412.,28193.
8413.,28194.
8414.,28196.
8415.,28196.
8416.,28197.
8417.,28198.
8418.,28200.
8419.,28200.
8420.,28201.
8421.,28201.
8422.,28199.
8423.,28200.
8424.,28200.
8425.,28200.
8426.,28200.
8427.,28200.
8428.,28200.
8429.,28200.
8430.,28200.
8431.,28200.
8432.,28200.
8433.,28200.
8434.,28201.
8435.,28202.
8436.,28202.
8437.,28202.
8438.,28202.
8439.,28203.
8440.,28204.
8441.,28204.
8442.,28204.
8443.,28207.
8444.,28208.
8445.,28208.
8446.,28209.
8447.,28210.
8448.,28210.
8449.,28209.
8450.,28209.
8451.,28208.
8452.,28210.
8453.,28210.
8454.,28209.
8455.,28209.
8456.,28209.
8457.,28208.
8458.,28206.
8459.,28208.
8460.,28208.
8461.,28209.
8462.,28208.
8463.,28208.
8464.,28207.
8465.,28207.
8466.,28207.
8467.,28208.
8468.,28207.
8469.,28211.
8470.,28211.
8471.,28212.
8472.,28210.
8473.,28212.
8474.,28211.
8475.,28212.
8476.,28212.
8477.,28215.
8478.,28216.
8479.,28216.
8480.,28216.
8481.,28217.
8482.,28217.
8483.,28214.
8484.,28215.
8485.,28219.
8486.,28221.
8487.,28222.
8488.,28226.
8489.,28227.
8490.,28228.
8491.,28229.
8492.,28231.
8493.,28231.
8494.,28234.
8495.,28236.
8496.,28236.
8497.,28237.
8498.,28236.
8499.,28238.
8500.,28241.
8501.,28241.
8502.,28246.
8503.,28246.
8504.,28245.
8505.,28250.
8506.,28256.
8507.,28256.
8508.,28257.
8509.,28257.
8510.,28259.
8511.,28264.
8512.,28267.
8513.,28266.
8514.,28266.
8515.,28266.
8516.,28267.
8517.,28267.
8518.,28267.
8519.,28268.
8520.,28268.
8521.,28268.
8522.,28269.
8523.,28272.
8524.,28272.
8525.,28275.
8526.,28274.
8527.,28275.
8528.,28275.
8529.,28277.
8530.,28279.
8531.,28280.
8532.,28280.
8533.,28283.
8534.,28284.
8535.,28286.
8536.,28286.
8537.,28287.
8538.,28287.
8539.,28287.
8540.,28287.
8541.,28288.
8542.,28288.
8543.,28288.
8544.,28289.
8545.,28289.
8546.,28290.
8547.,28295.
8548.,28295.
8549.,28296.
8550.,28297.
8551.,28295.
8552.,28295.
8553.,28298.
8554.,28298.
8555.,28298.
8556.,28300.
8557.,28300.
8558.,28300.
8559.,28301.
8560.,28301.
8561.,28303.
8562.,28303.
8563.,28302.
8564.,28302.
8565.,28302.
8566.,28302.
8567.,28300.
8568.,28300.
8569.,28301.
8570.,28303.
8571.,28304.
8572.,28304.
8573.,28304.
8574.,28305.
8575.,28303.
8576.,28303.
8577.,28303.
8578.,28303.
8579.,28305.
8580.,28306.
8581.,28307.
8582.,28307.
8583.,28307.
8584.,28307.
8585.,28308.
8586.,28308.
8587.,28308.
8588.,28308.
8589.,28307.
8590.,28307.
8591.,28308.
8592.,28310.
8593.,28311.
8594.,28311.
8595.,28311.
8596.,28311.
8597.,28312.
8598.,28314.
8599.,28319.
8600.,28321.
8601.,28322.
8602.,28324.
8603.,28324.
8604.,28325.
8605.,28326.
8606.,28327.
8607.,28328.
8608.,28328.
8609.,28328.
8610.,28331.
8611.,28331.
8612.,28332.
8613.,28333.
8614.,28332.
8615.,28337.
8616.,28338.
8617.,28340.
8618.,28340.
8619.,28340.
8620.,28343.
8621.,28345.
8622.,28348.
8623.,28348.
8624.,28347.
8625.,28348.
8626.,28348.
8627.,28348.
8628.,28348.
8629.,28348.
8630.,28349.
8631.,28349.
8632.,28350.
8633.,28351.
8634.,28352.
8635.,28352.
8636.,28352.
8637.,28352.
8638.,28352.
8639.,28352.
8640.,28352.
8641.,28352.
8642.,28352.
8643.,28352.
8644.,28356.
8645.,28356.
8646.,28356.
8647.,28356.
8648.,28356.
8649.,28356.
8650.,28356.
8651.,28358.
8652.,28359.
8653.,28360.
8654.,28360.
8655.,28362.
8656.,28361.
8657.,28363.
8658.,28362.
8659.,28362.
8660.,28362.
8661.,28362.
8662.,28362.
8663.,28364.
8664.,28364.
8665.,28367.
8666.,28365.
8667.,28366.
8668.,28368.
8669.,28370.
8670.,28370.
8671.,28371.
8672.,28374.
8673.,28374.
8674.,28373.
8675.,28374.
8676.,28374.
8677.,28375.
8678.,28375.
8679.,28375.
8680.,28375.
8681.,28375.
8682.,28375.
8683.,28376.
8684.,28377.
8685.,28377.
8686.,28377.
8687.,28379.
8688.,28379.
8689.,28380.
8690.,28380.
8691.,28381.
8692.,28381.
8693.,28382.
8694.,28382.
8695.,28383.
8696.,28383.
8697.,28385.
8698.,28386.
8699.,28389.
8700.,28389.
8701.,28388.
8702.,28390.
8703.,28392.
8704.,28392.
8705.,28393.
8706.,28395.
8707.,28398.
8708.,28402.
8709.,28402.
8710.,28404.
8711.,28405.
8712.,28406.
8713.,28407.
8714.,28407.
8715.,28408.
8716.,28409.
8717.,28409.
8718.,28411.
8719.,28411.
8720.,28412.
8721.,28412.
8722.,28412.
8723.,28415.
8724.,28415.
8725.,28415.
8726.,28415.
8727.,28415.
8728.,28417.
8729.,28418.
8730.,28418.
8731.,28419.
8732.,28419.
8733.,28420.
8734.,28420.
8735.,28420.
8736.,28420.
8737.,28421.
8738.,28421.
8739.,28421.
8740.,28421.
8741.,28420.
8742.,28420.
8743.,28420.
8744.,28421.
8745.,28421.
8746.,28422.
8747.,28422.
8748.,28422.
8749.,28423.
8750.,28424.
8751.,28423.
8752.,28424.
8753.,28424.
8754.,28424.
8755.,28424.
8756.,28424.
8757.,28424.
8758.,28425.
8759.,28425.
8760.,28425.
8761.,28425.
8762.,28425.
8763.,28427.
8764.,28427.
8765.,28427.
8766.,28427.
8767.,28428.
8768.,28429.
8769.,28430.
8770.,28431.
8771.,28431.
8772.,28432.
8773.,28433.
8774.,28433.
8775.,28433.
8776.,28433.
8777.,28434.
8778.,28435.
8779.,28434.
8780.,28434.
8781.,28434.
8782.,28436.
8783.,28436.
8784.,28436.
8785.,28437.
8786.,28437.
8787.,28437.
8788.,28437.
8789.,28437.
8790.,28437.
8791.,28437.
8792.,28436.
8793.,28436.
8794.,28436.
8795.,28437.
8796.,28437.
8797.,28438.
8798.,28439.
8799.,28439.
8800.,28442.
8801.,28442.
8802.,28444.
8803.,28444.
8804.,28445.
8805.,28445.
8806.,28445.
8807.,28447.
8808.,28446.
8809.,28449.
8810.,28449.
8811.,28448.
8812.,28448.
8813.,28449.
8814.,28449.
8815.,28449.
8816.,28450.
8817.,28452.
8818.,28452.
8819.,28453.
8820.,28454.
8821.,28454.
8822.,28454.
8823.,28455.
8824.,28455.
8825.,28456.
8826.,28457.
8827.,28457.
8828.,28459.
8829.,28459.
8830.,28458.
8831.,28458.
8832.,28458.
8833.,28460.
8834.,28461.
8835.,28464.
8836.,28465.
8837.,28465.
8838.,28464.
8839.,28464.
8840.,28464.
8841.,28464.
8842.,28465.
8843.,28466.
8844.,28467.
8845.,28467.
8846.,28468.
8847.,28468.
8848.,28468.
8849.,28469.
8850.,28471.
8851.,28472.
8852.,28473.
8853.,28477.
8854.,28480.
8855.,28482.
8856.,28482.
8857.,28483.
8858.,28487.
8859.,28488.
8860.,28489.
8861.,28491.
8862.,28491.
8863.,28491.
8864.,28491.
8865.,28490.
8866.,28491.
8867.,28490.
8868.,28492.
8869.,28494.
8870.,28495.
8871.,28496.
8872.,28497.
8873.,28503.
8874.,28503.
8875.,28504.
8876.,28502.
8877.,28502.
8878.,28504.
8879.,28505.
8880.,28505.
8881.,28505.
8882.,28505.
8883.,28505.
8884.,28504.
8885.,28505.
8886.,28506.
8887.,28506.
8888.,28506.
8889.,28506.
8890.,28505.
8891.,28506.
8892.,28507.
8893.,28509.
8894.,28509.
8895.,28509.
8896.,28509.
8897.,28510.
8898.,28511.
8899.,28511.
8900.,28511.
8901.,28512.
8902.,28512.
8903.,28512.
8904.,28512.
8905.,28512.
8906.,28511.
8907.,28511.
8908.,28511.
8909.,28511.
8910.,28510.
8911.,28510.
8912.,28510.
8913.,28509.
8914.,28509.
8915.,28509.
8916.,28509.
8917.,28507.
8918.,28507.
8919.,28507.
8920.,28507.
8921.,28507.
8922.,28507.
8923.,28506.
8924.,28506.
8925.,28506.
8926.,28505.
8927.,28506.
8928.,28508.
8929.,28509.
8930.,28509.
8931.,28511.
8932.,28512.
8933.,28513.
8934.,28513.
8935.,28514.
8936.,28515.
8937.,28518.
8938.,28519.
8939.,28518.
8940.,28518.
8941.,28518.
8942.,28519.
8943.,28519.
8944.,28519.
8945.,28519.
8946.,28519.
8947.,28519.
8948.,28519.
8949.,28519.
8950.,28521.
8951.,28523.
8952.,28526.
8953.,28528.
8954.,28529.
8955.,28526.
8956.,28528.
8957.,28527.
8958.,28527.
8959.,28527.
8960.,28529.
8961.,28530.
8962.,28532.
8963.,28534.
8964.,28534.
8965.,28536.
8966.,28535.
8967.,28535.
8968.,28537.
8969.,28536.
8970.,28536.
8971.,28537.
8972.,28540.
8973.,28540.
8974.,28540.
8975.,28541.
8976.,28542.
8977.,28544.
8978.,28546.
8979.,28547.
8980.,28548.
8981.,28548.
8982.,28547.
8983.,28548.
8984.,28548.
8985.,28548.
8986.,28548.
8987.,28549.
8988.,28549.
8989.,28549.
8990.,28549.
8991.,28550.
8992.,28552.
8993.,28552.
8994.,28552.
8995.,28552.
8996.,28555.
8997.,28556.
8998.,28555.
8999.,28554.
9000.,28554.
9001.,28556.
9002.,28555.
9003.,28555.
9004.,28555.
9005.,28555.
9006.,28554.
9007.,28556.
9008.,28556.
9009.,28556.
9010.,28558.
9011.,28557.
9012.,28559.
9013.,28561.
9014.,28560.
9015.,28560.
9016.,28562.
9017.,28565.
9018.,28566.
9019.,28566.
9020.,28565.
9021.,28565.
9022.,28565.
9023.,28565.
9024.,28564.
9025.,28563.
9026.,28564.
9027.,28565.
9028.,28566.
9029.,28570.
9030.,28570.
9031.,28571.
9032.,28571.
9033.,28572.
9034.,28571.
9035.,28571.
9036.,28571.
9037.,28573.
9038.,28574.
9039.,28575.
9040.,28575.
9041.,28577.
9042.,28577.
9043.,28577.
9044.,28581.
9045.,28581.
9046.,28580.
9047.,28584.
9048.,28585.
9049.,28585.
9050.,28586.
9051.,28586.
9052.,28583.
9053.,28584.
9054.,28588.
9055.,28589.
9056.,28587.
9057.,28588.
9058.,28587.
9059.,28589.
9060.,28590.
9061.,28593.
9062.,28592.
9063.,28595.
9064.,28596.
9065.,28597.
9066.,28599.
9067.,28598.
9068.,28598.
9069.,28599.
9070.,28600.
9071.,28600.
9072.,28599.
9073.,28600.
9074.,28600.
9075.,28603.
9076.,28604.
9077.,28604.
9078.,28604.
9079.,28606.
9080.,28606.
9081.,28605.
9082.,28606.
9083.,28606.
9084.,28606.
9085.,28606.
9086.,28611.
9087.,28610.
9088.,28614.
9089.,28614.
9090.,28615.
9091.,28616.
9092.,28616.
9093.,28616.
9094.,28616.
9095.,28617.
9096.,28616.
9097.,28616.
9098.,28616.
9099.,28617.
9100.,28617.
9101.,28618.
9102.,28619.
9103.,28619.
9104.,28618.
9105.,28618.
9106.,28618.
9107.,28619.
9108.,28619.
9109.,28619.
9110.,28620.
9111.,28619.
9112.,28621.
9113.,28620.
9114.,28619.
9115.,28619.
9116.,28618.
9117.,28618.
9118.,28619.
9119.,28619.
9120.,28619.
9121.,28618.
9122.,28618.
9123.,28618.
9124.,28617.
9125.,28617.
9126.,28617.
9127.,28617.
9128.,28617.
9129.,28617.
9130.,28619.
9131.,28620.
9132.,28621.
9133.,28622.
9134.,28625.
9135.,28626.
9136.,28627.
9137.,28628.
9138.,28628.
9139.,28629.
9140.,28629.
9141.,28627.
9142.,28627.
9143.,28627.
9144.,28627.
9145.,28628.
9146.,28628.
9147.,28629.
9148.,28629.
9149.,28630.
9150.,28630.
9151.,28631.
9152.,28630.
9153.,28630.
9154.,28632.
9155.,28632.
9156.,28632.
9157.,28633.
9158.,28633.
9159.,28634.
9160.,28634.
9161.,28633.
9162.,28635.
9163.,28634.
9164.,28634.
9165.,28636.
9166.,28637.
9167.,28637.
9168.,28637.
9169.,28637.
9170.,28637.
9171.,28637.
9172.,28636.
9173.,28636.
9174.,28637.
9175.,28637.
9176.,28637.
9177.,28637.
9178.,28637.
9179.,28637.
9180.,28637.
9181.,28638.
9182.,28638.
9183.,28639.
9184.,28640.
9185.,28639.
9186.,28641.
9187.,28641.
9188.,28641.
9189.,28641.
9190.,28641.
9191.,28641.
9192.,28643.
9193.,28642.
9194.,28642.
9195.,28643.
9196.,28643.
9197.,28643.
9198.,28644.
9199.,28646.
9200.,28645.
9201.,28645.
9202.,28648.
9203.,28648.
9204.,28650.
9205.,28652.
9206.,28653.
9207.,28655.
9208.,28659.
9209.,28659.
9210.,28661.
9211.,28660.
9212.,28662.
9213.,28662.
9214.,28667.
9215.,28666.
9216.,28668.
9217.,28669.
9218.,28669.
9219.,28672.
9220.,28673.
9221.,28675.
9222.,28675.
9223.,28677.
9224.,28675.
9225.,28677.
9226.,28677.
9227.,28677.
9228.,28677.
9229.,28678.
9230.,28678.
9231.,28678.
9232.,28679.
9233.,28680.
9234.,28682.
9235.,28682.
9236.,28682.
9237.,28681.
9238.,28680.
9239.,28680.
9240.,28681.
9241.,28680.
9242.,28683.
9243.,28683.
9244.,28684.
9245.,28686.
9246.,28689.
9247.,28688.
9248.,28691.
9249.,28691.
9250.,28691.
9251.,28692.
9252.,28692.
9253.,28694.
9254.,28694.
9255.,28695.
9256.,28695.
9257.,28695.
9258.,28695.
9259.,28696.
9260.,28696.
9261.,28698.
9262.,28699.
9263.,28699.
9264.,28701.
9265.,28702.
9266.,28702.
9267.,28703.
9268.,28704.
9269.,28704.
9270.,28705.
9271.,28704.
9272.,28704.
9273.,28704.
9274.,28704.
9275.,28705.
9276.,28705.
9277.,28706.
9278.,28706.
9279.,28706.
9280.,28707.
9281.,28708.
9282.,28707.
9283.,28707.
9284.,28707.
9285.,28707.
9286.,28708.
9287.,28707.
9288.,28707.
9289.,28711.
9290.,28712.
9291.,28714.
9292.,28714.
9293.,28714.
9294.,28714.
9295.,28714.
9296.,28716.
9297.,28717.
9298.,28718.
9299.,28717.
9300.,28718.
9301.,28718.
9302.,28718.
9303.,28718.
9304.,28717.
9305.,28720.
9306.,28718.
9307.,28720.
9308.,28719.
9309.,28719.
9310.,28720.
9311.,28720.
9312.,28720.
9313.,28720.
9314.,28721.
9315.,28722.
9316.,28723.
9317.,28725.
9318.,28725.
9319.,28724.
9320.,28724.
9321.,28726.
9322.,28728.
9323.,28727.
9324.,28727.
9325.,28729.
9326.,28729.
9327.,28729.
9328.,28729.
9329.,28729.
9330.,28729.
9331.,28731.
9332.,28731.
9333.,28731.
9334.,28731.
9335.,28733.
9336.,28733.
9337.,28733.
9338.,28734.
9339.,28734.
9340.,28735.
9341.,28735.
9342.,28735.
9343.,28735.
9344.,28735.
9345.,28735.
9346.,28735.
9347.,28735.
9348.,28735.
9349.,28735.
9350.,28735.
9351.,28735.
9352.,28735.
9353.,28735.
9354.,28736.
9355.,28736.
9356.,28736.
9357.,28736.
9358.,28736.
9359.,28736.
9360.,28736.
9361.,28736.
9362.,28737.
9363.,28737.
9364.,28736.
9365.,28739.
9366.,28740.
9367.,28740.
9368.,28741.
9369.,28741.
9370.,28741.
9371.,28741.
9372.,28742.
9373.,28742.
9374.,28742.
9375.,28744.
9376.,28744.
9377.,28744.
9378.,28744.
9379.,28744.
9380.,28744.
9381.,28744.
9382.,28744.
9383.,28744.
9384.,28746.
9385.,28747.
9386.,28745.
9387.,28745.
9388.,28745.
9389.,28744.
9390.,28744.
9391.,28745.
9392.,28746.
9393.,28746.
9394.,28746.
9395.,28747.
9396.,28747.
9397.,28747.
9398.,28747.
9399.,28747.
9400.,28747.
9401.,28747.
9402.,28747.
9403.,28747.
9404.,28748.
9405.,28749.
9406.,28749.
9407.,28749.
9408.,28751.
9409.,28752.
9410.,28752.
9411.,28753.
9412.,28751.
9413.,28750.
9414.,28751.
9415.,28751.
9416.,28751.
9417.,28753.
9418.,28754.
9419.,28754.
9420.,28756.
9421.,28756.
9422.,28757.
9423.,28759.
9424.,28761.
9425.,28761.
9426.,28762.
9427.,28760.
9428.,28760.
9429.,28760.
9430.,28761.
9431.,28761.
9432.,28759.
9433.,28762.
9434.,28763.
9435.,28764.
9436.,28765.
9437.,28763.
9438.,28763.
9439.,28763.
9440.,28763.
9441.,28764.
9442.,28763.
9443.,28764.
9444.,28765.
9445.,28768.
9446.,28771.
9447.,28772.
9448.,28774.
9449.,28777.
9450.,28777.
9451.,28776.
9452.,28778.
9453.,28778.
9454.,28778.
9455.,28778.
9456.,28782.
9457.,28782.
9458.,28786.
9459.,28790.
9460.,28793.
9461.,28795.
9462.,28795.
9463.,28800.
9464.,28804.
9465.,28807.
9466.,28810.
9467.,28810.
9468.,28815.
9469.,28818.
9470.,28820.
9471.,28820.
9472.,28820.
9473.,28822.
9474.,28823.
9475.,28824.
9476.,28827.
9477.,28830.
9478.,28832.
9479.,28838.
9480.,28838.
9481.,28839.
9482.,28839.
9483.,28840.
9484.,28839.
9485.,28842.
9486.,28843.
9487.,28845.
9488.,28848.
9489.,28847.
9490.,28849.
9491.,28846.
9492.,28848.
9493.,28849.
9494.,28851.
9495.,28856.
9496.,28856.
9497.,28855.
9498.,28856.
9499.,28858.
9500.,28859.
9501.,28863.
9502.,28865.
9503.,28866.
9504.,28869.
9505.,28870.
9506.,28874.
9507.,28872.
9508.,28875.
9509.,28879.
9510.,28881.
9511.,28880.
9512.,28880.
9513.,28881.
9514.,28881.
9515.,28882.
9516.,28884.
9517.,28884.
9518.,28886.
9519.,28886.
9520.,28885.
9521.,28886.
9522.,28889.
9523.,28890.
9524.,28891.
9525.,28889.
9526.,28891.
9527.,28890.
9528.,28893.
9529.,28894.
9530.,28893.
9531.,28894.
9532.,28895.
9533.,28896.
9534.,28897.
9535.,28899.
9536.,28896.
9537.,28895.
9538.,28896.
9539.,28896.
9540.,28897.
9541.,28900.
9542.,28906.
9543.,28909.
9544.,28908.
9545.,28910.
9546.,28912.
9547.,28912.
9548.,28912.
9549.,28912.
9550.,28911.
9551.,28912.
9552.,28912.
9553.,28915.
9554.,28916.
9555.,28917.
9556.,28917.
9557.,28917.
9558.,28917.
9559.,28917.
9560.,28918.
9561.,28920.
9562.,28921.
9563.,28922.
9564.,28924.
9565.,28924.
9566.,28925.
9567.,28925.
9568.,28925.
9569.,28924.
9570.,28925.
9571.,28926.
9572.,28925.
9573.,28926.
9574.,28927.
9575.,28927.
9576.,28927.
9577.,28927.
9578.,28927.
9579.,28927.
9580.,28928.
9581.,28927.
9582.,28926.
9583.,28926.
9584.,28927.
9585.,28927.
9586.,28930.
9587.,28931.
9588.,28931.
9589.,28930.
9590.,28932.
9591.,28932.
9592.,28933.
9593.,28933.
9594.,28933.
9595.,28933.
9596.,28933.
9597.,28933.
9598.,28933.
9599.,28933.
9600.,28933.
9601.,28933.
9602.,28933.
9603.,28933.
9604.,28933.
9605.,28933.
9606.,28935.
9607.,28935.
9608.,28934.
9609.,28935.
9610.,28936.
9611.,28937.
9612.,28939.
9613.,28941.
9614.,28942.
9615.,28943.
9616.,28943.
9617.,28943.
9618.,28944.
9619.,28944.
9620.,28947.
9621.,28950.
9622.,28952.
9623.,28952.
9624.,28953.
9625.,28956.
9626.,28955.
9627.,28955.
9628.,28955.
9629.,28955.
9630.,28955.
9631.,28954.
9632.,28954.
9633.,28953.
9634.,28953.
9635.,28952.
9636.,28955.
9637.,28958.
9638.,28958.
9639.,28958.
9640.,28958.
9641.,28962.
9642.,28965.
9643.,28964.
9644.,28965.
9645.,28965.
9646.,28970.
9647.,28970.
9648.,28972.
9649.,28972.
9650.,28972.
9651.,28974.
9652.,28974.
9653.,28975.
9654.,28976.
9655.,28980.
9656.,28981.
9657.,28981.
9658.,28982.
9659.,28982.
9660.,28983.
9661.,28982.
9662.,28984.
9663.,28986.
9664.,28984.
9665.,28981.
9666.,28984.
9667.,28986.
9668.,28986.
9669.,28986.
9670.,28985.
9671.,28986.
9672.,28986.
9673.,28987.
9674.,28987.
9675.,28989.
9676.,28989.
9677.,28989.
9678.,28989.
9679.,28990.
9680.,28990.
9681.,28990.
9682.,28991.
9683.,28992.
9684.,28993.
9685.,28992.
9686.,28993.
9687.,28994.
9688.,28994.
9689.,28994.
9690.,28994.
9691.,28996.
9692.,28997.
9693.,28997.
9694.,28997.
9695.,28998.
9696.,28999.
9697.,28999.
9698.,29002.
9699.,29003.
9700.,29004.
9701.,29005.
9702.,29007.
9703.,29005.
9704.,29006.
9705.,29007.
9706.,29007.
9707.,29008.
9708.,29008.
9709.,29007.
9710.,29006.
9711.,29006.
9712.,29006.
9713.,29007.
9714.,29008.
9715.,29008.
9716.,29009.
9717.,29009.
9718.,29010.
9719.,29013.
9720.,29016.
9721.,29018.
9722.,29019.
9723.,29019.
9724.,29020.
9725.,29022.
9726.,29025.
9727.,29025.
9728.,29027.
9729.,29030.
9730.,29029.
9731.,29029.
9732.,29033.
9733.,29034.
9734.,29034.
9735.,29034.
9736.,29039.
9737.,29040.
9738.,29041.
9739.,29041.
9740.,29043.
9741.,29046.
9742.,29047.
9743.,29046.
9744.,29047.
9745.,29048.
9746.,29049.
9747.,29050.
9748.,29049.
9749.,29049.
9750.,29050.
9751.,29050.
9752.,29050.
9753.,29052.
9754.,29052.
9755.,29053.
9756.,29053.
9757.,29055.
9758.,29056.
9759.,29055.
9760.,29057.
9761.,29059.
9762.,29058.
9763.,29062.
9764.,29063.
9765.,29063.
9766.,29064.
9767.,29065.
9768.,29066.
9769.,29067.
9770.,29069.
9771.,29069.
9772.,29070.
9773.,29074.
9774.,29073.
9775.,29074.
9776.,29074.
9777.,29074.
9778.,29076.
9779.,29079.
9780.,29082.
9781.,29085.
9782.,29088.
9783.,29088.
9784.,29088.
9785.,29088.
9786.,29088.
9787.,29089.
9788.,29089.
9789.,29088.
9790.,29088.
9791.,29089.
9792.,29090.
9793.,29090.
9794.,29090.
9795.,29090.
9796.,29089.
9797.,29090.
9798.,29090.
9799.,29090.
9800.,29090.
9801.,29091.
9802.,29091.
9803.,29093.
9804.,29092.
9805.,29093.
9806.,29096.
9807.,29098.
9808.,29097.
9809.,29100.
9810.,29100.
9811.,29100.
9812.,29101.
9813.,29100.
9814.,29100.
9815.,29100.
9816.,29102.
9817.,29103.
9818.,29104.
9819.,29105.
9820.,29108.
9821.,29110.
9822.,29110.
9823.,29112.
9824.,29113.
9825.,29112.
9826.,29112.
9827.,29113.
9828.,29113.
9829.,29113.
9830.,29112.
9831.,29113.
9832.,29113.
9833.,29116.
9834.,29119.
9835.,29120.
9836.,29120.
9837.,29122.
9838.,29124.
9839.,29124.
9840.,29122.
9841.,29123.
9842.,29124.
9843.,29125.
9844.,29123.
9845.,29124.
9846.,29124.
9847.,29124.
9848.,29124.
9849.,29124.
9850.,29124.
9851.,29125.
9852.,29125.
9853.,29126.
9854.,29126.
9855.,29127.
9856.,29129.
9857.,29130.
9858.,29130.
9859.,29129.
9860.,29129.
9861.,29129.
9862.,29128.
9863.,29129.
9864.,29127.
9865.,29127.
9866.,29127.
9867.,29127.
9868.,29133.
9869.,29138.
9870.,29140.
9871.,29141.
9872.,29144.
9873.,29144.
9874.,29147.
9875.,29149.
9876.,29151.
9877.,29153.
9878.,29155.
9879.,29156.
9880.,29156.
9881.,29156.
9882.,29156.
9883.,29156.
9884.,29156.
9885.,29158.
9886.,29160.
9887.,29162.
9888.,29163.
9889.,29166.
9890.,29166.
9891.,29166.
9892.,29168.
9893.,29169.
9894.,29170.
9895.,29170.
9896.,29172.
9897.,29173.
9898.,29174.
9899.,29174.
9900.,29175.
9901.,29178.
9902.,29181.
9903.,29179.
9904.,29178.
9905.,29181.
9906.,29183.
9907.,29185.
9908.,29187.
9909.,29188.
9910.,29186.
9911.,29185.
9912.,29188.
9913.,29187.
9914.,29187.
9915.,29186.
9916.,29189.
9917.,29190.
9918.,29187.
9919.,29192.
9920.,29190.
9921.,29191.
9922.,29192.
9923.,29195.
9924.,29197.
9925.,29199.
9926.,29201.
9927.,29202.
9928.,29199.
9929.,29198.
9930.,29201.
9931.,29202.
9932.,29203.
9933.,29200.
9934.,29198.
9935.,29199.
9936.,29201.
9937.,29201.
9938.,29201.
9939.,29203.
9940.,29203.
9941.,29201.
9942.,29200.
9943.,29202.
9944.,29201.
9945.,29202.
9946.,29201.
9947.,29201.
9948.,29200.
9949.,29202.
9950.,29202.
9951.,29202.
9952.,29202.
9953.,29202.
9954.,29202.
9955.,29203.
9956.,29203.
9957.,29203.
9958.,29203.
9959.,29205.
9960.,29205.
9961.,29206.
9962.,29206.
9963.,29208.
9964.,29209.
9965.,29208.
9966.,29208.
9967.,29210.
9968.,29211.
9969.,29210.
9970.,29209.
9971.,29209.
9972.,29211.
9973.,29213.
9974.,29212.
9975.,29215.
9976.,29215.
9977.,29217.
9978.,29216.
9979.,29218.
9980.,29218.
9981.,29218.
9982.,29218.
9983.,29219.
9984.,29217.
9985.,29219.
9986.,29217.
9987.,29217.
9988.,29219.
9989.,29219.
9990.,29222.
9991.,29221.
9992.,29219.
9993.,29220.
9994.,29223.
9995.,29223.
9996.,29224.
9997.,29224.
9998.,29224.
9999.,29226.
