# vtk DataFile Version 5.1
vtk output
ASCII
DATASET STRUCTURED_POINTS
DIMENSIONS 100 100 1
SPACING 1 1 1
ORIGIN 0 0 0
POINT_DATA 10000
FIELD FieldData 7
CellType 1 10000 char
0 0 0 0 0 0 0 0 0 
0 0 0 0 0 0 0 0 0 
0 0 0 0 0 0 0 0 0 
0 0 0 0 0 0 0 0 0 
0 0 0 0 0 0 0 0 0 
0 0 0 0 0 0 0 0 0 
0 0 0 0 0 0 0 0 0 
0 0 0 0 0 0 0 0 0 
0 0 0 0 0 0 0 0 0 
0 0 0 0 0 0 0 0 0 
0 0 0 0 0 0 0 0 0 
0 0 0 0 0 0 0 0 0 
0 0 0 0 0 0 0 0 0 
0 0 0 0 0 0 0 0 0 
0 0 0 0 0 0 0 0 0 
0 0 0 0 0 0 0 0 0 
0 0 0 0 0 0 0 0 0 
0 0 0 0 0 0 0 0 0 
0 0 0 0 0 0 0 0 0 
0 0 0 0 0 0 0 0 0 
0 0 0 0 0 0 0 0 0 
0 0 0 0 0 0 0 0 0 
0 0 0 0 0 0 0 0 0 
0 0 0 0 0 0 0 0 0 
0 0 0 0 0 0 0 0 0 
0 0 0 0 0 0 0 0 0 
0 0 0 0 0 0 0 0 0 
0 0 0 0 0 0 0 0 0 
0 0 0 0 0 0 0 0 0 
0 0 0 0 0 0 0 0 0 
0 0 0 0 0 0 0 0 0 
0 0 0 0 0 0 0 0 0 
0 0 0 0 0 0 0 0 0 
0 0 0 0 0 0 0 0 0 
0 0 0 0 0 3 0 0 3 
0 0 0 0 0 0 0 0 0 
0 0 0 0 0 0 0 0 0 
0 0 0 0 3 3 3 3 0 
0 0 0 0 0 0 0 0 0 
0 0 0 0 0 0 0 0 0 
0 0 0 0 0 0 0 0 0 
0 0 0 0 0 0 0 0 0 
0 0 0 0 0 0 0 0 0 
0 0 0 0 0 0 0 0 0 
0 0 0 0 0 0 0 0 3 
3 3 3 0 0 3 3 3 3 
3 3 3 0 0 0 0 0 0 
0 0 0 3 3 3 0 0 3 
3 0 0 0 0 3 3 3 3 
3 0 0 0 0 0 0 0 0 
0 0 0 0 0 0 0 0 0 
0 0 0 3 3 3 0 0 0 
0 0 3 3 3 0 0 0 0 
0 0 0 3 3 0 0 0 0 
0 0 0 0 0 0 0 0 0 
0 0 0 0 0 0 0 0 3 
3 3 3 3 3 3 3 3 3 
3 3 3 3 3 3 3 3 3 
0 0 0 3 3 3 3 3 3 
3 3 3 3 3 0 3 3 0 
3 3 3 0 0 3 3 3 0 
3 3 3 3 3 3 0 0 0 
0 0 0 3 3 3 3 3 3 
3 0 0 3 3 3 3 3 0 
0 0 0 0 3 3 3 0 0 
3 3 0 0 3 3 3 0 3 
3 0 0 0 0 0 0 0 0 
0 3 3 3 3 3 3 3 0 
0 3 3 3 0 3 3 3 3 
3 3 3 3 3 3 3 3 3 
3 3 0 3 3 3 3 3 3 
0 0 3 3 0 0 3 3 3 
3 3 3 3 3 3 3 3 3 
3 3 0 0 3 3 3 0 3 
3 3 0 0 3 3 3 3 3 
0 0 0 0 3 3 3 3 3 
3 3 3 3 3 3 3 3 3 
3 3 3 0 0 0 0 0 0 
0 0 0 0 3 3 3 0 0 
0 0 0 3 3 0 0 0 0 
0 0 3 3 3 3 3 3 3 
3 0 0 0 0 0 0 3 3 
3 0 0 0 0 0 0 0 0 
0 3 3 3 3 3 3 3 3 
3 3 3 3 0 3 3 3 3 
0 0 0 0 0 3 3 3 3 
3 0 0 0 0 3 3 3 3 
3 3 3 3 3 3 3 3 3 
3 3 3 3 3 0 0 0 0 
0 3 3 0 0 0 3 3 3 
0 0 0 0 3 3 3 3 0 
0 0 0 0 0 3 3 0 0 
3 0 0 0 3 0 0 0 0 
3 3 0 0 0 0 3 3 3 
3 0 3 3 3 3 3 3 3 
3 3 3 3 3 3 3 3 3 
3 3 0 0 0 0 0 3 3 
3 3 0 0 3 0 0 3 3 
3 3 3 3 3 3 3 3 3 
3 3 3 3 3 3 0 0 0 
0 0 3 3 3 3 3 0 3 
3 3 0 3 3 3 0 3 3 
3 0 3 3 3 0 0 3 3 
0 0 0 0 3 3 3 3 3 
0 3 3 0 0 0 3 3 3 
3 3 3 3 3 3 3 3 3 
3 3 3 3 3 3 3 3 3 
0 3 3 3 0 0 0 3 3 
3 3 3 0 3 3 3 0 3 
3 3 3 3 3 3 3 3 3 
3 3 3 3 3 3 3 0 0 
0 0 0 0 0 3 3 3 0 
0 3 3 3 3 3 3 3 3 
3 3 0 3 3 3 3 3 3 
3 3 0 0 0 3 3 3 3 
3 3 3 3 3 0 0 3 3 
3 3 3 3 3 3 3 3 0 
3 3 3 3 3 3 3 3 3 
3 0 0 3 3 3 0 3 3 
3 3 3 3 3 3 3 3 3 
0 3 3 3 3 3 3 3 0 
0 3 3 3 3 3 3 0 0 
0 0 0 0 0 0 0 0 0 
0 0 0 0 3 3 3 3 3 
3 3 0 0 0 3 3 3 3 
3 3 3 0 0 0 3 3 3 
3 3 3 3 3 3 3 0 0 
0 3 3 3 3 3 3 3 3 
3 0 0 0 0 0 0 3 3 
3 3 0 0 3 3 3 3 3 
3 3 0 3 3 3 3 3 3 
3 3 3 3 3 3 3 3 3 
0 0 0 0 0 0 0 0 0 
0 0 0 0 0 0 0 0 3 
0 0 0 0 0 0 0 3 3 
3 3 3 0 0 0 3 3 0 
0 0 0 0 0 0 0 3 3 
3 3 3 3 3 3 3 3 3 
0 0 0 3 3 3 3 3 3 
3 3 0 0 0 3 0 0 0 
0 3 3 3 3 3 3 3 3 
3 3 3 3 3 3 3 3 3 
0 3 3 3 3 3 3 3 3 
3 3 0 0 0 3 3 0 0 
0 0 0 0 0 0 0 0 3 
3 3 0 3 3 3 0 0 3 
3 3 3 3 3 0 0 3 3 
0 0 0 0 0 0 3 3 3 
3 3 3 3 3 3 3 0 3 
3 3 0 0 3 3 3 3 3 
3 3 3 3 0 0 3 3 3 
3 0 3 3 3 3 3 3 3 
3 3 3 3 3 3 3 3 3 
3 3 3 3 3 3 3 3 3 
3 3 3 3 3 3 3 3 3 
3 3 0 0 0 0 0 0 0 
0 3 3 0 3 3 3 3 3 
3 3 0 0 3 3 3 3 3 
3 0 0 0 0 0 3 3 3 
3 3 3 3 3 3 3 3 3 
3 3 3 0 0 0 3 3 3 
3 3 3 3 3 3 0 0 3 
3 3 3 3 3 0 0 3 3 
3 3 3 3 3 3 3 3 3 
3 3 3 3 3 3 3 3 3 
3 3 3 3 3 3 3 0 0 
3 3 3 0 0 0 0 0 0 
0 0 3 3 3 0 3 3 3 
3 3 3 0 3 3 3 3 3 
3 3 0 0 0 0 3 3 3 
3 3 3 3 3 3 3 0 0 
3 3 0 0 0 0 0 0 3 
3 3 3 3 3 3 3 3 0 
0 0 0 3 3 3 3 3 0 
0 3 0 0 0 0 0 3 3 
3 3 3 3 3 3 3 3 3 
3 3 3 3 3 3 3 3 0 
0 0 0 0 0 0 0 0 0 
0 0 3 3 3 3 0 3 3 
3 3 3 3 0 3 3 3 3 
3 3 3 3 0 0 3 3 3 
3 3 3 3 3 3 3 3 3 
0 0 0 0 0 0 0 3 0 
0 3 3 3 3 3 3 3 3 
3 0 0 0 0 3 3 3 3 
3 0 0 0 0 0 0 0 3 
3 3 3 3 3 3 3 3 3 
3 3 3 3 3 3 3 3 3 
0 0 0 0 0 0 0 0 0 
0 0 0 3 3 3 3 3 3 
3 3 3 3 3 3 3 3 3 
3 3 3 3 3 3 3 3 3 
3 3 3 3 3 0 0 0 3 
3 3 3 3 3 3 0 3 3 
3 0 3 3 3 0 3 3 3 
3 3 3 3 0 3 3 3 0 
3 3 3 0 0 0 0 0 3 
3 3 0 3 3 3 0 3 0 
0 3 3 3 3 3 3 3 3 
3 3 0 0 0 0 0 0 0 
0 0 0 0 0 0 3 3 3 
3 3 0 0 0 3 3 3 3 
3 3 3 3 3 0 3 3 3 
3 0 3 3 3 0 0 0 0 
0 3 3 3 3 3 3 3 3 
3 3 0 0 3 3 0 0 3 
3 3 0 3 3 3 3 3 3 
3 3 3 3 0 0 0 0 0 
3 3 3 3 3 3 3 3 0 
0 0 0 0 0 3 3 3 3 
3 3 3 0 0 0 0 0 0 
0 0 0 0 0 3 3 0 0 
0 3 3 0 0 0 0 3 3 
3 3 3 3 0 0 0 0 0 
0 0 0 3 3 3 3 0 0 
3 3 3 3 3 3 3 0 3 
3 3 3 3 0 3 3 3 0 
0 0 0 0 0 0 3 0 0 
3 3 3 0 0 0 0 0 0 
0 0 0 0 3 3 3 3 3 
0 0 0 0 0 0 0 0 3 
3 3 3 3 0 0 0 0 0 
0 0 0 0 0 0 3 3 3 
3 3 3 3 0 0 0 0 3 
3 3 3 3 3 3 0 0 0 
3 0 0 0 3 3 3 3 3 
0 3 3 3 3 3 3 3 0 
0 3 3 3 3 3 0 3 3 
3 3 0 0 0 0 3 3 3 
0 0 3 3 0 0 0 0 0 
3 3 0 0 0 0 3 3 3 
3 3 0 0 0 0 3 0 0 
0 3 3 3 3 3 0 0 0 
0 0 0 0 0 0 0 0 3 
3 3 3 3 3 3 0 0 0 
0 3 3 3 3 3 3 0 0 
3 3 3 0 3 3 3 3 3 
3 3 3 3 3 3 3 3 3 
3 0 3 3 3 3 3 3 3 
3 3 3 3 3 3 0 3 3 
3 3 3 3 3 3 3 3 0 
3 3 3 3 3 0 0 0 3 
3 3 3 3 3 0 3 3 3 
0 0 3 3 3 3 3 3 0 
0 0 0 0 0 0 0 0 0 
3 3 3 0 3 3 3 3 0 
0 0 3 3 3 3 3 3 3 
0 0 3 3 3 3 3 3 3 
3 3 3 3 3 3 3 3 3 
3 3 0 0 3 3 3 3 3 
3 3 3 3 3 3 3 3 3 
3 3 3 3 0 0 3 3 3 
3 3 3 3 3 3 3 3 3 
3 3 3 0 3 3 3 3 3 
3 0 0 0 3 3 3 3 3 
0 0 0 0 0 0 0 0 0 
0 0 3 0 0 0 0 3 3 
0 0 0 3 3 3 3 3 3 
3 3 0 3 3 3 3 3 3 
3 3 3 3 3 3 3 3 3 
3 3 3 3 0 3 3 3 3 
3 3 3 3 3 3 0 3 3 
3 3 3 3 0 0 0 0 3 
3 3 3 3 3 3 3 3 3 
3 3 3 3 0 0 3 3 3 
3 3 3 0 0 0 3 3 3 
0 0 0 0 0 0 0 0 3 
3 0 0 0 0 0 0 0 3 
3 3 0 3 3 3 3 3 3 
3 3 3 3 3 3 3 3 3 
3 3 3 3 3 3 3 3 3 
3 3 3 3 3 3 3 3 3 
3 3 3 3 3 3 3 0 0 
3 3 3 3 3 3 3 3 3 
0 3 3 3 3 3 3 3 3 
0 0 3 3 3 3 3 0 0 
3 3 3 3 0 0 0 0 3 
3 0 0 0 0 0 0 0 0 
3 3 3 3 3 0 0 0 3 
0 3 3 3 3 3 3 3 3 
3 3 3 3 3 3 3 3 3 
3 3 3 3 3 3 3 3 3 
3 3 3 3 3 3 3 3 3 
3 3 3 3 3 3 3 3 0 
0 3 3 3 0 3 3 3 3 
3 3 3 3 3 3 3 3 3 
3 0 3 3 3 3 3 3 3 
3 0 3 3 3 0 0 0 0 
0 3 3 0 0 0 0 0 0 
0 0 0 3 3 3 0 0 3 
3 3 0 3 3 3 3 3 3 
3 3 3 3 3 3 3 3 3 
3 3 3 3 3 3 3 3 3 
3 3 4 3 3 3 0 0 3 
3 3 3 3 3 3 3 3 3 
0 0 0 3 0 0 3 3 3 
3 3 3 3 0 3 3 3 3 
3 3 3 3 3 3 3 3 3 
3 3 3 3 3 3 0 0 0 
0 3 3 3 0 0 0 0 0 
0 0 0 0 3 3 3 3 0 
0 3 3 3 3 3 3 3 3 
3 3 3 3 3 3 3 3 3 
3 3 3 3 3 3 3 3 3 
3 3 3 3 4 3 3 0 0 
4 4 3 3 3 3 3 3 3 
3 3 3 0 0 0 0 3 3 
3 3 3 3 0 0 0 3 3 
3 3 0 3 3 3 3 3 3 
3 3 3 3 3 3 0 0 0 
0 3 3 3 0 0 0 0 0 
0 0 0 0 0 3 3 3 3 
3 0 0 0 3 3 3 3 3 
3 3 3 3 3 3 3 3 3 
3 3 3 3 3 3 3 0 0 
3 4 4 3 3 4 4 3 0 
0 4 4 3 3 3 3 3 3 
3 3 3 3 3 0 0 0 3 
3 3 3 3 3 0 0 0 0 
3 3 3 3 3 3 0 0 0 
0 3 3 3 3 3 0 0 3 
3 0 3 3 3 0 0 0 0 
0 0 0 0 0 0 3 3 3 
3 3 3 0 0 3 3 3 3 
3 3 3 3 3 3 0 3 3 
3 3 3 3 3 3 3 3 3 
3 0 4 4 4 3 4 4 4 
0 0 4 4 3 3 3 3 3 
3 3 3 4 3 3 3 0 0 
3 3 3 3 3 3 3 0 0 
0 3 3 3 3 3 3 0 0 
0 0 3 3 0 3 3 3 0 
3 3 3 3 3 3 3 0 0 
0 0 0 0 0 0 3 3 3 
3 3 3 3 0 0 0 3 3 
3 3 3 3 3 3 0 0 0 
0 3 3 3 3 3 3 3 3 
3 3 2 2 4 4 4 3 4 
4 2 2 4 4 0 0 3 3 
3 3 3 3 4 4 3 3 4 
4 3 3 3 3 3 3 3 3 
3 3 3 3 3 3 3 3 0 
0 0 0 3 3 0 0 3 3 
0 0 3 3 3 3 3 3 3 
0 0 0 0 0 0 0 3 3 
0 0 3 3 0 0 0 0 0 
3 3 3 3 3 0 0 0 0 
0 0 0 3 3 3 3 3 3 
3 3 3 2 2 2 2 4 4 
2 2 2 2 4 2 2 0 5 
3 3 3 3 3 4 4 4 4 
4 1 1 1 3 3 3 3 3 
3 3 3 3 3 3 3 3 3 
0 0 0 0 3 3 0 0 0 
0 0 0 0 3 3 3 3 3 
3 0 0 0 0 0 0 0 3 
3 3 0 0 0 0 3 3 3 
0 0 3 3 3 3 3 0 0 
0 0 3 3 0 3 3 3 3 
3 3 3 3 2 2 2 2 2 
2 2 2 2 2 2 2 2 2 
5 5 3 4 4 3 4 4 4 
4 1 1 1 1 1 0 3 3 
3 3 3 0 0 3 3 3 3 
0 0 0 0 0 3 3 0 0 
0 0 0 0 0 3 3 3 3 
3 3 0 0 0 0 0 0 0 
0 3 3 3 0 0 3 3 3 
3 3 3 3 3 3 3 3 3 
0 0 0 3 3 3 0 3 3 
3 3 3 3 3 2 2 2 2 
2 2 2 2 2 2 2 2 2 
2 2 5 3 4 4 4 4 4 
4 4 1 1 1 1 1 3 3 
3 3 3 3 3 0 0 3 3 
3 3 3 3 3 3 3 3 3 
3 3 3 3 3 3 3 3 3 
3 3 3 0 0 0 0 0 0 
0 0 0 3 3 0 0 3 3 
3 3 3 3 3 3 3 3 3 
3 0 0 0 0 3 3 3 3 
3 3 3 3 3 3 2 2 2 
2 2 2 2 2 2 2 2 2 
2 2 5 5 4 4 4 4 4 
4 4 1 1 1 1 1 1 3 
3 3 3 3 3 3 0 0 3 
3 3 3 3 3 3 3 3 3 
3 3 3 3 3 3 3 3 3 
3 3 3 3 0 0 0 0 0 
0 0 0 0 0 0 0 0 0 
0 3 3 3 0 0 0 0 3 
3 3 0 0 0 3 3 3 3 
3 3 3 3 3 3 3 2 2 
2 2 2 2 2 2 2 2 2 
2 2 2 5 1 4 4 4 1 
1 1 1 1 1 1 1 1 4 
4 4 3 3 3 3 3 0 0 
3 3 3 3 3 3 3 3 3 
3 3 3 3 3 3 3 0 3 
3 3 3 3 0 0 0 0 0 
0 0 0 0 0 0 0 0 0 
0 0 3 3 3 0 0 0 0 
0 0 0 0 0 3 3 3 3 
3 3 3 3 3 3 3 4 4 
2 2 2 2 2 2 2 2 4 
3 3 4 4 5 1 1 4 4 
1 1 1 1 1 1 1 1 4 
4 3 3 4 4 4 3 3 0 
0 3 3 3 3 3 3 3 3 
0 3 3 3 3 3 0 0 0 
0 3 3 3 0 0 0 0 0 
0 0 0 0 0 0 3 3 0 
3 3 3 3 3 3 3 0 0 
0 3 0 0 0 0 0 3 3 
3 3 3 3 3 3 3 3 4 
4 2 2 2 2 2 2 2 4 
4 3 3 3 3 1 1 1 1 
1 1 1 1 1 1 1 1 1 
4 4 3 3 3 3 4 4 3 
3 0 3 3 3 3 3 3 3 
3 3 3 3 0 3 3 0 0 
3 3 0 3 3 3 0 0 0 
0 0 0 0 0 0 0 3 3 
3 3 3 3 3 3 3 3 3 
3 3 3 3 0 0 0 3 0 
3 3 3 3 3 3 3 3 3 
4 4 2 2 2 2 2 2 2 
4 4 4 4 3 3 4 1 1 
1 1 1 1 1 1 1 1 1 
1 4 4 3 3 3 3 3 3 
3 3 3 3 3 3 3 3 3 
3 3 3 3 3 3 3 3 0 
0 3 3 3 3 3 3 0 0 
0 0 0 0 0 0 0 0 0 
3 3 3 0 0 3 3 3 3 
3 3 3 3 3 0 0 0 3 
3 3 3 3 3 3 3 3 3 
3 4 4 2 2 2 2 2 2 
2 4 1 1 1 4 4 4 1 
1 1 1 1 1 1 1 1 1 
1 1 1 4 3 3 3 3 3 
3 3 3 3 3 3 3 3 3 
3 3 3 0 0 3 3 3 3 
0 3 3 3 3 3 3 3 0 
0 0 0 0 0 0 0 0 3 
3 3 3 3 3 0 0 0 3 
3 3 3 0 3 3 3 0 0 
0 3 3 3 3 3 3 4 3 
3 3 3 3 2 2 2 2 2 
2 2 4 1 1 1 1 4 4 
1 1 1 1 1 1 1 1 1 
1 1 1 1 1 4 4 3 3 
3 3 3 3 3 3 3 3 3 
3 3 3 3 0 0 3 3 3 
3 0 3 3 3 3 3 3 3 
0 0 0 0 0 0 0 0 0 
3 3 3 3 3 3 3 0 0 
3 3 3 3 3 3 3 3 3 
3 0 3 3 3 3 3 3 3 
4 3 3 3 3 4 4 2 2 
2 2 2 4 1 1 1 1 1 
1 1 1 1 1 1 1 1 1 
1 1 1 1 1 1 1 4 4 
3 3 3 3 3 3 3 3 3 
3 3 3 3 0 0 0 0 3 
3 3 3 0 3 3 3 3 3 
3 3 0 0 0 0 0 0 0 
0 0 3 3 3 3 3 3 3 
3 3 3 0 0 3 3 3 3 
3 3 3 3 3 3 3 3 3 
3 3 4 3 3 3 4 4 2 
2 2 2 4 4 1 1 1 1 
1 1 1 1 1 1 1 1 1 
1 1 1 1 1 1 1 1 4 
4 3 3 3 3 3 0 3 3 
3 3 3 3 3 0 0 0 0 
0 0 3 3 0 0 3 3 3 
3 3 3 0 0 0 0 0 0 
0 0 0 0 3 3 3 0 0 
3 3 3 3 0 0 0 0 3 
3 3 3 3 3 3 3 3 3 
3 3 3 3 4 3 3 3 4 
4 2 2 4 4 1 1 1 1 
1 1 1 1 1 1 1 1 1 
1 1 1 1 1 1 1 1 1 
1 4 4 3 3 3 3 3 0 
0 3 3 0 3 3 0 0 0 
0 0 0 0 0 0 0 3 3 
3 3 0 0 0 0 0 0 0 
0 0 0 0 3 3 3 0 0 
3 3 3 3 3 3 3 3 0 
0 0 3 3 3 3 3 3 3 
3 3 3 3 3 3 4 3 3 
4 4 4 4 4 1 1 1 1 
1 1 1 1 1 1 1 1 1 
1 1 1 1 1 1 1 1 1 
1 1 1 4 4 3 3 3 3 
3 0 0 0 0 3 3 3 3 
3 3 3 0 0 3 3 0 0 
0 3 3 3 0 0 0 0 0 
0 0 0 0 0 3 3 3 3 
3 3 3 3 3 3 3 3 3 
3 0 0 3 3 3 3 3 3 
0 3 3 3 0 3 3 3 4 
4 1 1 1 1 1 1 1 1 
1 1 1 1 1 1 1 1 1 
1 1 1 1 1 1 1 1 1 
1 1 1 1 1 4 3 3 3 
3 3 3 0 0 3 3 3 3 
3 3 3 3 3 3 3 3 3 
3 0 0 3 3 0 0 0 0 
0 0 0 0 0 0 3 3 3 
3 3 3 3 3 3 3 0 0 
3 3 3 0 3 3 3 3 3 
3 3 3 3 3 3 3 3 3 
4 1 1 1 1 1 1 1 1 
1 1 1 1 1 1 1 1 1 
1 1 1 1 1 1 1 1 1 
1 1 1 1 1 1 4 4 4 
4 3 3 3 0 0 3 3 3 
3 3 3 3 3 3 3 3 3 
3 3 3 0 0 0 0 0 0 
0 0 0 0 0 0 0 3 3 
3 3 3 3 3 3 0 0 0 
0 3 3 3 3 3 3 3 3 
3 3 3 3 3 3 3 3 3 
3 3 1 1 1 1 1 1 1 
1 1 1 1 1 1 1 1 1 
1 1 1 1 1 1 1 1 1 
1 1 1 1 1 1 1 4 4 
4 4 4 3 3 0 0 0 0 
3 3 3 3 3 3 0 0 0 
0 3 3 3 0 0 0 0 0 
0 0 0 0 0 0 3 0 3 
3 3 3 3 3 3 3 0 0 
0 0 3 3 3 3 3 3 0 
0 3 3 3 3 3 3 3 3 
3 3 3 1 1 1 1 1 1 
1 1 1 1 1 1 1 1 1 
1 1 1 1 1 1 1 1 1 
1 1 1 1 4 4 4 4 4 
3 3 3 4 3 3 3 0 0 
3 3 3 3 3 3 3 0 0 
0 0 3 3 3 3 0 0 0 
0 0 0 0 0 0 0 3 3 
3 3 3 3 3 3 3 0 0 
3 3 0 3 3 0 3 3 3 
0 3 3 3 3 3 3 3 3 
3 3 3 4 4 1 1 1 1 
1 1 1 1 1 1 1 1 1 
1 1 1 1 1 1 1 1 1 
1 1 1 1 1 4 4 4 4 
4 4 3 3 3 3 3 3 3 
3 3 3 3 3 3 3 3 3 
3 0 0 3 3 3 3 3 3 
0 0 0 0 0 0 0 0 0 
3 3 3 3 3 3 3 0 0 
0 3 3 3 3 3 0 0 3 
3 3 0 3 3 3 3 3 3 
3 4 3 4 4 4 1 1 1 
1 1 1 1 1 1 1 1 1 
1 1 1 1 1 1 1 1 1 
1 1 1 1 1 1 1 4 3 
3 4 3 3 3 3 3 3 3 
3 3 3 0 0 3 3 3 0 
3 3 0 0 3 3 3 3 3 
3 3 3 0 0 0 0 0 0 
0 0 0 3 3 3 3 0 0 
0 0 0 3 3 3 3 0 0 
0 3 0 0 0 3 3 3 3 
3 3 3 4 4 4 1 1 1 
1 1 1 1 1 1 1 1 1 
1 1 1 1 1 1 1 1 1 
1 1 1 1 1 1 1 1 4 
3 3 3 3 3 3 3 3 3 
3 3 3 3 3 0 0 3 3 
0 0 0 0 0 3 3 3 3 
3 0 3 3 0 0 0 0 0 
0 0 0 0 0 0 3 3 3 
0 0 0 0 3 3 3 3 3 
3 3 0 0 0 0 0 3 3 
3 3 3 3 4 4 1 1 1 
1 1 1 1 1 1 1 1 1 
1 1 1 1 1 1 1 1 1 
1 1 1 1 1 1 1 1 1 
4 4 3 3 3 3 3 3 3 
3 3 3 3 3 3 0 0 3 
3 3 3 0 0 0 3 3 0 
3 3 0 0 0 0 0 0 0 
0 0 0 0 3 3 3 0 3 
3 0 0 0 3 3 3 3 3 
3 3 3 3 3 0 0 0 0 
3 3 3 0 3 4 4 1 1 
1 1 1 1 1 1 1 1 1 
1 1 1 1 1 1 1 1 1 
1 1 1 1 1 1 1 1 1 
1 4 4 4 3 3 3 3 3 
3 3 3 3 3 3 3 3 3 
3 3 3 3 3 0 0 3 3 
0 3 3 0 0 0 0 0 0 
0 0 0 0 0 3 3 3 3 
3 3 0 0 0 3 3 3 3 
3 3 3 3 3 3 0 0 0 
0 0 3 3 3 3 3 4 4 
1 1 1 1 1 1 1 1 1 
1 1 1 1 1 1 1 1 1 
1 1 1 1 1 1 1 1 1 
1 4 4 4 3 3 3 3 3 
3 3 3 3 3 3 3 3 3 
3 3 3 3 3 3 0 0 3 
3 0 0 0 0 0 0 0 0 
0 0 0 0 0 0 0 0 0 
3 3 0 0 0 0 3 3 3 
3 3 3 3 3 3 3 0 0 
0 0 3 3 3 3 3 3 4 
4 1 1 1 1 1 1 1 1 
1 1 1 1 1 1 1 1 1 
1 1 1 1 1 1 1 1 1 
1 4 4 4 3 3 3 3 3 
3 3 3 3 3 3 3 3 0 
0 0 0 3 3 3 3 0 3 
3 3 0 0 0 0 0 0 0 
0 0 0 0 0 0 0 0 3 
3 3 0 0 0 0 0 3 3 
3 3 3 3 3 3 3 3 3 
0 0 0 3 3 3 3 3 3 
3 4 1 1 1 1 1 1 1 
1 1 1 1 1 1 1 1 1 
1 1 4 4 1 1 1 1 1 
1 1 4 4 3 3 3 3 3 
3 3 3 3 3 3 3 3 3 
0 0 0 0 0 3 3 0 0 
3 3 3 3 0 0 0 0 0 
0 0 0 0 0 0 0 3 3 
3 3 3 3 3 3 3 3 3 
3 3 3 3 3 3 3 3 3 
3 3 3 3 3 3 3 3 3 
3 3 4 4 1 1 1 1 1 
1 1 1 1 1 1 1 1 1 
1 1 1 4 4 4 1 1 1 
1 1 1 4 4 3 3 3 3 
3 3 3 3 3 3 3 3 3 
3 3 3 3 3 0 3 3 3 
0 0 3 3 3 3 3 3 0 
0 0 0 0 0 0 0 0 3 
3 3 3 0 3 3 3 3 3 
3 3 3 3 3 3 0 3 3 
3 3 3 3 3 3 3 3 3 
3 3 3 4 4 4 1 1 1 
1 1 1 1 1 1 1 1 1 
1 1 1 1 4 4 4 1 1 
1 1 1 4 4 4 3 3 3 
3 3 3 3 3 3 3 3 3 
3 3 3 3 3 3 3 3 3 
3 3 0 3 3 3 3 3 3 
3 0 0 0 0 0 0 0 0 
0 3 3 3 3 3 0 0 0 
0 3 3 3 3 3 3 0 0 
3 3 3 3 3 3 3 3 3 
3 3 3 3 3 4 1 1 1 
1 1 1 1 1 1 1 1 1 
1 1 1 1 1 1 1 1 1 
1 1 1 4 4 4 3 3 3 
3 3 3 3 3 3 3 3 3 
3 0 3 3 3 3 3 3 3 
3 3 3 3 3 3 3 0 0 
0 3 0 0 0 0 0 0 0 
0 0 3 3 3 3 3 0 0 
0 0 0 0 3 3 3 3 3 
0 0 3 3 3 3 3 3 3 
3 3 4 4 3 3 1 1 1 
1 1 1 1 1 1 1 1 1 
1 1 1 1 1 1 1 1 1 
1 1 1 1 4 4 4 3 3 
3 3 3 3 3 3 3 3 3 
3 3 3 0 3 3 3 3 3 
0 3 3 3 3 3 3 3 3 
0 0 0 0 0 0 0 0 0 
0 0 0 3 3 0 3 3 3 
0 0 0 3 0 0 3 3 3 
3 3 3 3 3 3 3 0 0 
3 3 3 4 4 4 4 1 1 
1 1 1 1 1 1 1 1 1 
1 1 1 1 1 1 1 1 1 
1 1 1 1 4 4 4 3 3 
3 3 3 3 3 3 3 3 3 
3 0 3 3 3 0 3 3 3 
0 0 0 3 3 3 3 3 3 
3 3 3 0 0 0 0 0 0 
0 0 0 0 3 3 0 0 3 
3 3 0 0 3 3 3 3 3 
3 0 3 3 3 3 3 3 0 
0 0 0 3 3 3 4 4 1 
1 1 1 1 1 1 1 1 1 
1 1 1 1 1 1 1 1 1 
1 1 1 1 4 4 3 3 3 
3 3 3 3 3 3 3 0 3 
3 3 0 0 3 3 0 0 3 
3 0 0 0 3 3 3 3 3 
3 3 3 3 0 0 0 0 0 
0 0 0 0 0 3 3 0 0 
0 3 3 0 0 0 3 3 3 
3 3 3 0 0 3 3 0 0 
0 0 0 0 0 3 3 3 3 
3 4 4 4 1 1 1 1 1 
1 1 1 1 1 1 1 1 1 
1 1 1 1 1 4 4 3 3 
3 3 3 3 3 3 3 3 0 
3 3 3 0 0 0 0 0 0 
3 3 0 0 0 0 3 3 3 
3 3 3 0 0 0 0 0 0 
0 0 0 0 3 3 3 3 0 
0 0 0 3 3 3 0 3 3 
3 3 3 3 3 0 3 3 3 
0 0 0 0 0 0 0 3 3 
3 3 3 3 4 4 1 1 1 
1 4 4 1 4 4 1 1 1 
1 1 1 1 1 1 4 4 3 
3 3 3 3 3 3 3 3 3 
0 0 3 3 3 3 0 0 0 
0 3 3 3 0 0 3 3 3 
3 3 3 3 0 0 0 0 0 
0 0 0 0 0 3 3 3 3 
3 3 3 3 3 3 3 3 3 
3 3 3 3 3 3 3 0 3 
3 3 3 3 3 3 0 0 3 
3 0 0 3 3 3 4 4 4 
4 4 4 4 4 4 4 1 1 
1 1 1 1 1 1 1 4 4 
3 3 3 3 3 3 3 3 3 
3 3 3 3 3 3 3 3 3 
3 0 3 3 3 3 3 0 3 
3 3 3 3 3 3 3 0 0 
0 0 0 0 0 0 0 0 3 
3 3 3 3 3 3 3 3 3 
3 3 3 3 3 0 3 3 3 
3 3 3 3 3 3 3 3 3 
3 3 0 0 3 3 3 3 3 
4 4 4 4 3 4 4 4 4 
1 1 1 1 1 1 1 1 3 
3 3 3 3 3 3 3 3 3 
3 3 3 3 3 3 3 3 3 
3 3 3 3 3 3 3 3 3 
3 3 3 3 3 0 3 3 3 
0 0 0 0 0 0 0 0 0 
0 0 0 3 3 3 3 3 3 
0 0 3 3 3 3 0 0 0 
3 3 3 3 3 0 0 0 3 
3 3 3 0 0 3 3 3 3 
3 3 3 3 3 3 3 3 4 
4 4 4 4 1 1 1 1 1 
3 3 3 3 3 0 3 3 3 
3 3 3 3 3 0 3 3 3 
0 0 0 0 3 3 0 0 0 
3 3 3 3 3 3 3 0 3 
3 0 0 0 0 0 0 0 0 
3 3 0 0 0 3 3 3 3 
3 0 0 0 3 3 3 3 0 
0 3 3 3 3 3 3 0 0 
0 0 3 3 3 3 3 3 3 
3 3 3 3 3 3 3 3 3 
4 4 3 4 4 4 1 1 1 
1 4 4 3 3 3 3 3 3 
3 3 3 3 3 3 3 0 3 
3 0 0 0 0 3 3 0 0 
0 0 0 3 3 3 3 3 3 
0 0 0 0 0 0 0 0 0 
0 3 3 3 0 0 3 3 0 
3 3 3 0 0 3 3 3 3 
3 3 3 3 3 3 3 3 0 
0 0 0 3 3 3 3 3 3 
3 3 3 3 3 3 3 3 3 
3 3 3 3 3 4 4 4 1 
1 1 4 4 3 3 3 3 3 
3 3 3 3 3 3 3 3 3 
3 3 3 0 0 0 3 3 3 
0 3 3 0 0 3 3 0 3 
3 3 0 0 0 0 0 0 0 
0 0 0 3 3 3 3 3 3 
0 0 3 3 3 0 3 3 3 
0 3 3 0 3 3 3 3 3 
0 0 0 0 3 3 3 3 3 
3 3 3 3 3 3 3 3 3 
3 3 3 3 3 3 3 3 4 
4 1 1 3 4 4 3 3 3 
3 3 3 0 3 3 3 3 3 
3 3 3 3 3 0 0 0 3 
3 3 3 3 0 0 0 3 0 
0 3 3 3 0 0 0 0 0 
0 0 0 0 0 0 3 3 3 
3 0 0 3 3 3 3 0 3 
3 0 0 0 0 0 3 3 3 
3 0 0 0 3 3 3 3 3 
3 0 3 3 3 3 3 3 3 
3 3 3 3 3 3 3 3 3 
3 3 3 3 3 4 4 4 3 
3 3 3 3 0 0 0 0 0 
0 0 0 0 0 3 3 0 0 
0 3 3 3 3 3 0 3 3 
3 3 0 3 0 0 0 0 0 
0 0 0 0 0 0 0 0 0 
3 3 0 0 3 3 3 3 3 
3 3 3 0 0 0 0 3 3 
3 3 0 0 0 3 3 3 3 
3 3 3 0 3 3 3 3 3 
3 3 3 3 3 3 3 3 3 
3 3 3 3 3 3 3 4 4 
3 3 3 3 3 3 0 0 0 
0 0 0 0 0 0 0 3 3 
0 3 3 3 3 3 3 3 3 
3 3 3 3 0 0 0 0 0 
0 0 0 0 0 0 0 3 0 
0 3 3 0 0 3 3 0 3 
3 3 3 3 3 0 3 3 3 
3 3 3 3 0 0 0 3 3 
3 3 3 3 3 0 3 3 3 
3 3 3 3 3 3 3 3 3 
3 3 3 3 3 3 3 3 3 
3 0 3 3 3 3 3 3 3 
0 0 0 0 0 3 3 3 3 
3 3 3 3 3 3 3 3 3 
3 3 0 3 3 3 0 0 0 
0 0 0 0 0 0 0 3 3 
3 0 3 3 3 3 3 3 0 
0 3 3 3 3 3 3 3 3 
3 3 3 3 3 0 0 0 3 
3 3 3 3 3 3 3 3 3 
3 3 3 3 3 3 3 3 3 
3 3 3 3 3 3 3 3 0 
3 3 0 0 3 3 3 3 3 
3 3 0 0 0 3 3 3 3 
3 3 3 3 3 0 3 3 3 
3 3 3 0 0 3 3 0 0 
0 0 0 0 0 0 0 0 0 
3 3 0 3 3 3 3 3 3 
0 0 3 3 0 0 3 3 3 
3 3 3 3 3 0 0 0 0 
0 3 3 3 3 3 3 3 0 
0 0 0 3 3 3 3 3 3 
3 3 3 3 3 3 3 3 3 
0 3 3 0 0 3 3 3 3 
3 3 3 3 0 0 3 3 3 
3 3 3 3 3 3 3 0 3 
3 3 3 3 0 0 0 0 0 
0 0 0 0 0 0 0 0 3 
3 0 3 3 3 3 0 3 3 
3 0 0 3 3 0 0 0 0 
0 0 3 3 3 3 0 0 0 
0 0 0 3 3 3 3 3 3 
0 0 0 0 3 3 3 3 3 
3 0 3 3 3 3 3 3 3 
3 3 3 3 0 0 0 3 0 
3 3 3 3 3 3 3 3 3 
3 3 3 3 0 3 3 3 3 
0 3 3 3 3 3 3 0 0 
0 0 0 0 0 0 0 0 0 
3 3 3 3 3 3 3 0 3 
3 3 0 0 3 3 0 0 3 
3 0 0 3 3 3 3 3 0 
0 0 0 0 0 3 3 3 3 
3 0 0 0 0 3 3 3 3 
3 3 0 0 0 0 3 3 3 
3 3 3 3 3 0 0 0 3 
0 0 3 3 3 3 3 3 3 
3 0 3 3 3 3 3 0 3 
3 3 0 3 3 3 3 3 3 
3 0 0 0 0 0 0 0 0 
0 0 3 3 3 3 3 3 0 
0 3 3 0 0 3 3 0 0 
3 3 3 3 3 3 3 3 3 
0 0 0 0 3 3 0 3 3 
3 0 0 0 0 0 3 3 3 
3 3 3 0 0 0 3 3 3 
3 3 3 3 3 3 0 0 3 
3 3 0 3 3 3 3 3 3 
3 0 0 0 3 3 3 3 3 
3 3 3 3 0 3 3 3 3 
3 3 3 0 0 0 0 0 0 
0 0 0 0 3 3 3 3 3 
0 0 0 0 0 0 3 3 0 
0 3 3 3 3 3 3 3 3 
0 0 0 0 0 3 3 3 3 
3 3 0 0 0 0 0 0 0 
3 3 3 3 0 0 0 3 3 
3 3 3 3 3 3 3 0 0 
3 3 3 3 0 0 3 3 3 
3 3 0 0 0 3 3 3 0 
3 3 3 3 3 3 0 3 3 
3 0 3 0 0 0 0 0 0 
0 0 3 3 3 0 3 3 3 
3 3 3 0 0 0 3 3 3 
0 0 3 3 3 0 3 3 3 
3 3 0 0 0 3 3 3 3 
3 3 3 3 0 0 0 0 0 
0 0 0 3 3 0 0 0 0 
0 3 3 3 3 3 3 3 3 
3 3 3 3 3 3 0 0 3 
3 3 3 3 3 0 0 3 3 
0 0 3 3 3 3 3 3 0 
3 3 3 0 0 0 0 0 0 
0 0 0 3 3 3 3 3 3 
3 3 3 3 3 3 3 3 3 
3 0 0 3 3 3 3 3 3 
3 3 3 3 0 3 3 3 3 
3 3 3 3 3 3 3 0 0 
0 0 0 3 3 3 0 3 3 
3 0 3 3 3 3 3 3 3 
3 3 3 3 3 3 3 3 3 
3 3 3 3 3 3 3 3 3 
3 3 0 3 3 3 0 3 3 
3 0 3 3 3 0 0 0 0 
0 0 0 0 0 0 3 3 3 
0 3 3 3 3 3 3 3 3 
3 3 3 3 3 3 0 3 3 
3 3 3 3 3 3 0 3 3 
3 3 3 3 3 3 3 3 3 
0 3 3 3 3 3 3 3 3 
3 3 3 0 3 3 3 3 3 
3 3 3 3 3 3 3 3 3 
3 3 3 3 0 0 3 3 3 
3 3 3 3 3 3 3 0 0 
3 3 3 0 3 3 0 0 0 
0 0 0 0 0 0 0 0 0 
0 0 0 3 3 3 0 0 3 
3 0 0 3 3 3 3 3 3 
0 0 3 3 3 3 3 3 3 
3 3 3 0 0 3 3 3 3 
3 3 0 3 3 3 3 3 3 
3 3 3 3 3 3 3 3 3 
3 3 3 3 0 0 3 3 3 
3 0 3 3 3 3 0 0 0 
3 3 0 0 3 3 3 3 3 
0 0 3 3 0 0 0 0 0 
0 0 0 0 0 0 0 0 0 
3 3 3 0 0 3 3 3 0 
0 3 3 0 0 3 3 3 3 
3 3 0 0 0 3 3 3 3 
3 3 3 3 3 0 3 3 3 
3 3 3 3 0 3 3 3 3 
3 3 3 3 3 3 3 3 3 
3 3 3 3 3 3 0 0 0 
3 3 0 3 3 3 3 3 0 
0 3 3 3 0 3 3 3 3 
3 3 3 0 0 0 0 0 0 
0 0 0 0 0 0 0 0 0 
3 3 3 3 3 3 0 3 3 
0 0 3 3 3 0 3 3 3 
0 3 3 3 0 0 3 3 3 
3 3 3 0 0 3 3 3 3 
3 3 3 3 3 3 3 3 3 
3 3 3 3 3 0 0 3 3 
0 0 3 3 0 3 3 3 0 
0 3 3 0 0 3 3 3 3 
3 3 0 3 3 3 3 3 3 
3 3 3 3 3 0 0 3 3 
0 0 0 0 0 0 0 0 0 
0 3 3 3 3 3 3 3 3 
3 3 0 0 3 3 3 3 3 
3 3 0 3 3 0 0 3 3 
3 3 3 3 0 0 0 3 3 
3 3 3 3 0 3 3 3 3 
3 3 3 3 3 0 0 0 3 
3 0 0 3 3 0 0 3 3 
0 0 3 3 0 0 3 3 3 
3 3 3 3 3 3 3 3 3 
3 3 3 3 3 3 3 3 3 
3 3 0 0 0 0 0 0 0 
3 3 3 3 3 3 3 3 3 
3 3 3 0 0 0 3 3 3 
3 3 3 3 0 0 0 3 3 
3 3 3 3 3 0 0 0 0 
3 3 3 3 3 0 0 0 0 
0 3 3 3 3 3 0 0 3 
3 3 0 0 3 3 0 0 0 
0 0 0 3 3 0 0 0 0 
0 0 3 3 3 3 3 3 3 
3 3 3 3 3 3 3 3 3 
3 3 3 0 0 0 0 0 0 
0 3 3 3 3 3 3 3 3 
3 3 3 3 0 0 3 3 3 
3 3 3 3 3 0 0 3 3 
3 3 0 3 3 3 0 0 0 
0 0 3 3 3 3 3 0 0 
0 0 3 3 3 3 0 0 3 
3 3 3 3 0 3 3 0 0 
3 0 0 3 3 3 3 3 0 
0 0 3 3 3 3 3 3 3 
3 3 3 3 3 3 3 3 3 
3 3 3 3 3 0 0 0 0 
0 0 0 3 3 3 3 3 3 
3 3 3 3 3 0 0 3 3 
3 3 3 3 3 3 3 0 3 
3 3 3 0 3 3 3 0 0 
3 3 3 3 3 3 3 3 3 
3 3 0 3 3 3 3 3 3 
3 3 3 3 3 3 3 3 0 
3 3 3 3 3 3 3 3 3 
3 3 3 3 3 3 3 3 3 
3 3 3 3 3 3 3 3 3 
3 3 0 0 3 0 0 0 0 
0 0 0 0 0 3 3 3 0 
0 3 3 3 3 3 0 0 0 
3 3 0 3 3 3 3 3 3 
3 3 3 3 3 0 3 0 0 
0 3 3 3 3 3 3 3 3 
3 3 3 3 3 3 0 0 3 
3 3 3 3 3 3 3 3 3 
3 3 3 3 3 0 3 3 3 
3 3 3 3 3 0 3 3 3 
3 3 3 0 3 3 0 0 3 
3 0 0 0 0 0 0 0 0 
0 0 0 0 0 0 0 0 0 
0 0 0 3 3 0 0 0 0 
0 3 3 3 0 0 0 0 0 
0 3 3 3 3 0 0 0 3 
0 0 3 3 0 3 3 3 3 
3 3 3 3 3 3 3 0 0 
0 0 3 3 3 3 3 3 3 
0 3 0 0 3 3 3 0 0 
3 3 3 3 3 3 3 0 0 
0 0 0 0 0 0 0 0 0 
0 0 0 0 0 0 0 0 0 
0 0 0 0 0 3 3 0 0 
0 3 3 0 3 3 3 0 0 
0 0 0 3 3 0 0 0 0 
0 0 0 3 3 3 0 0 3 
3 3 3 3 3 3 3 3 3 
3 3 3 3 3 3 3 3 0 
0 3 0 0 3 3 3 0 3 
3 0 0 0 0 0 3 3 3 
0 0 0 3 3 0 3 3 0 
0 0 0 0 0 3 0 0 0 
0 0 3 3 3 0 0 0 0 
0 0 0 0 0 0 3 3 3 
3 0 3 3 3 0 3 3 3 
3 3 3 3 3 3 3 3 0 
0 0 0 0 0 3 3 0 0 
3 3 0 3 3 3 3 3 3 
3 3 3 3 3 0 3 3 3 
0 3 3 3 0 0 3 3 0 
0 3 3 0 3 3 3 3 3 
3 3 0 0 3 3 0 3 3 
3 0 0 3 3 3 3 3 3 
0 3 3 3 3 3 3 3 3 
0 0 0 0 0 0 0 0 0 
3 3 3 3 3 3 3 0 0 
3 3 3 3 3 3 3 3 3 
3 3 0 0 3 3 3 3 0 
0 3 3 0 0 3 3 3 0 
3 3 0 3 3 3 0 0 3 
3 0 0 3 3 3 0 3 3 
3 0 3 3 3 3 3 3 3 
3 3 3 3 3 3 3 0 0 
3 3 0 0 3 3 3 0 3 
3 3 3 3 3 3 3 3 3 
3 0 0 0 0 0 0 0 0 
0 0 0 3 0 0 3 3 0 
0 0 0 0 0 0 3 3 3 
3 3 3 0 0 3 3 3 3 
3 0 3 3 0 0 0 3 3 
0 0 0 0 0 0 0 0 0 
0 0 0 0 0 3 3 3 0 
3 0 0 0 3 3 0 0 0 
3 3 3 0 3 3 3 3 0 
0 0 0 0 0 0 3 3 3 
0 3 3 3 0 0 3 3 3 
0 0 0 0 0 0 0 0 0 
0 0 0 0 0 0 0 0 0 
0 0 0 0 0 0 0 0 0 
0 0 0 0 0 0 0 0 3 
3 3 0 3 3 0 0 0 0 
0 0 0 0 0 0 0 0 0 
0 0 0 0 0 0 0 3 0 
0 0 0 0 0 0 0 0 0 
0 0 0 0 0 0 0 0 0 
0 0 0 0 0 0 0 0 3 
3 0 0 0 0 0 0 0 0 
0 0 0 0 0 0 0 0 0 
0 0 0 0 0 0 0 0 0 
0 0 0 0 0 0 0 0 0 
0 0 0 0 0 0 0 0 0 
0 0 0 0 0 0 0 0 0 
0 0 0 0 0 0 0 0 0 
0 0 0 0 0 0 0 0 0 
0 0 0 0 0 0 0 0 0 
0 0 0 0 0 0 0 0 0 
0 0 0 0 0 0 0 0 0 
0 0 0 0 0 0 0 0 0 
0 0 0 0 0 0 0 0 0 
0 0 0 0 0 0 0 0 0 
0 0 0 0 0 0 0 0 0 
0 0 0 0 0 0 0 0 0 
0 0 0 0 0 0 0 0 0 
0 0 0 0 0 0 0 0 0 
0 0 0 0 0 0 0 0 0 
0 0 0 0 0 0 0 0 0 
0 0 0 0 0 0 0 0 0 
0 0 0 0 0 0 0 0 0 
0 0 0 0 0 0 0 0 0 
0 0 0 0 0 0 0 0 0 
0 0 0 0 0 0 0 0 0 
0 0 0 0 0 0 0 0 0 
0 0 0 0 0 0 0 0 0 
0 0 0 0 0 0 0 0 0 
0 0 0 0 0 0 0 0 0 
0 0 0 0 0 0 0 0 0 
0 0 0 0 0 0 0 0 0 
0 0 0 0 0 0 0 0 0 
0 0 0 0 0 0 0 0 0 
0 0 0 0 0 0 0 0 0 
0 0 0 0 0 0 0 0 0 
0 
CellId 1 10000 long
0 0 0 0 0 0 0 0 0 
0 0 0 0 0 0 0 0 0 
0 0 0 0 0 0 0 0 0 
0 0 0 0 0 0 0 0 0 
0 0 0 0 0 0 0 0 0 
0 0 0 0 0 0 0 0 0 
0 0 0 0 0 0 0 0 0 
0 0 0 0 0 0 0 0 0 
0 0 0 0 0 0 0 0 0 
0 0 0 0 0 0 0 0 0 
0 0 0 0 0 0 0 0 0 
0 0 0 0 0 0 0 0 0 
0 0 0 0 0 0 0 0 0 
0 0 0 0 0 0 0 0 0 
0 0 0 0 0 0 0 0 0 
0 0 0 0 0 0 0 0 0 
0 0 0 0 0 0 0 0 0 
0 0 0 0 0 0 0 0 0 
0 0 0 0 0 0 0 0 0 
0 0 0 0 0 0 0 0 0 
0 0 0 0 0 0 0 0 0 
0 0 0 0 0 0 0 0 0 
0 0 0 0 0 0 0 0 0 
0 0 0 0 0 0 0 0 0 
0 0 0 0 0 0 0 0 0 
0 0 0 0 0 0 0 0 0 
0 0 0 0 0 0 0 0 0 
0 0 0 0 0 0 0 0 0 
0 0 0 0 0 0 0 0 0 
0 0 0 0 0 0 0 0 0 
0 0 0 0 0 0 0 0 0 
0 0 0 0 0 0 0 0 0 
0 0 0 0 0 0 0 0 0 
0 0 0 0 0 0 0 0 0 
0 0 0 0 0 47 0 0 70 
0 0 0 0 0 0 0 0 0 
0 0 0 0 0 0 0 0 0 
0 0 0 0 185 185 208 208 0 
0 0 0 0 0 0 0 0 0 
0 0 0 0 0 0 0 0 0 
0 0 0 0 0 0 0 0 0 
0 0 0 0 0 0 0 0 0 
0 0 0 0 0 0 0 0 0 
0 0 0 0 0 0 0 0 0 
0 0 0 0 0 0 0 0 1 
24 24 24 0 0 47 47 47 70 
70 70 70 0 0 0 0 0 0 
0 0 0 139 139 139 0 0 162 
162 0 0 0 0 185 185 208 208 
208 0 0 0 0 0 0 0 0 
0 0 0 0 0 0 0 0 0 
0 0 0 346 346 346 0 0 0 
0 0 392 392 392 0 0 0 0 
0 0 0 438 438 0 0 0 0 
0 0 0 0 0 0 0 0 0 
0 0 0 0 0 0 0 0 1 
1 1 24 24 24 24 24 47 47 
47 47 70 70 70 70 93 93 93 
0 0 0 116 116 139 139 139 139 
139 162 162 162 162 0 185 185 0 
208 208 208 0 0 231 231 231 0 
254 254 254 277 277 277 0 0 0 
0 0 0 323 323 346 346 346 346 
346 0 0 392 392 392 392 392 0 
0 0 0 0 438 438 438 0 0 
461 461 0 0 484 484 484 0 507 
507 0 0 0 0 0 0 0 0 
0 1 1 1 1 24 24 24 0 
0 47 47 47 0 70 70 93 93 
93 93 93 93 116 116 116 116 139 
139 139 0 162 162 162 162 185 185 
0 0 208 208 0 0 231 231 231 
231 231 254 254 254 277 277 277 277 
300 300 0 0 323 323 323 0 346 
346 346 0 0 369 369 369 392 392 
0 0 0 0 415 415 438 438 438 
438 461 461 461 461 461 484 484 484 
507 507 507 0 0 0 0 0 0 
0 0 0 0 1 1 1 0 0 
0 0 0 71 71 0 0 0 0 
0 0 93 93 117 117 116 116 116 
116 0 0 0 0 0 0 162 185 
185 0 0 0 0 0 0 0 0 
0 231 231 231 254 254 254 254 277 
277 277 300 300 0 324 324 323 323 
0 0 0 0 0 369 369 369 369 
369 0 0 0 0 415 415 415 415 
438 462 462 485 461 461 461 461 484 
484 484 507 507 507 0 0 0 0 
0 2 2 0 0 0 25 25 25 
0 0 0 0 71 71 71 71 0 
0 0 0 0 0 117 117 0 0 
116 0 0 0 163 0 0 0 0 
186 186 0 0 0 0 232 232 232 
232 0 255 255 278 278 278 254 301 
301 301 277 300 300 300 324 324 323 
323 323 0 0 0 0 0 393 369 
369 369 0 0 416 0 0 439 415 
415 415 462 462 462 485 485 485 508 
508 508 484 484 507 507 0 0 0 
0 0 2 2 2 2 2 0 25 
25 25 0 48 48 48 0 71 71 
71 0 94 94 94 0 0 117 117 
0 0 0 0 163 163 163 163 163 
0 186 186 0 0 0 209 209 232 
232 232 232 232 255 255 278 278 278 
278 301 301 301 301 300 300 324 324 
0 323 347 347 0 0 0 370 393 
393 393 393 0 416 416 416 0 439 
439 439 415 415 462 462 485 485 485 
485 508 508 508 508 508 507 0 0 
0 0 0 0 0 2 2 2 0 
0 25 25 25 25 48 48 48 48 
71 71 0 94 94 94 94 94 117 
117 117 0 0 0 140 140 163 163 
163 163 186 186 210 0 0 209 209 
209 209 209 232 232 255 255 255 0 
278 278 278 278 301 301 301 300 324 
324 0 0 347 347 347 0 370 370 
370 393 393 393 393 393 416 416 416 
0 439 439 439 439 439 462 462 0 
0 485 485 485 508 508 508 0 0 
0 0 0 0 0 0 0 0 0 
0 0 0 0 25 25 49 49 48 
48 48 0 0 0 95 95 94 94 
94 117 117 0 0 0 140 140 140 
140 140 163 186 186 210 210 0 0 
0 209 209 209 209 279 279 255 255 
255 0 0 0 0 0 0 301 300 
324 324 0 0 371 347 347 347 347 
370 370 0 394 394 393 393 393 416 
416 416 463 463 439 439 439 462 462 
0 0 0 0 0 0 0 0 0 
0 0 0 0 0 0 0 0 3 
0 0 0 0 0 0 0 49 49 
72 72 48 0 0 0 95 95 0 
0 0 0 0 0 0 0 164 164 
140 140 140 140 186 186 210 210 210 
0 0 0 256 256 256 256 279 279 
255 255 0 0 0 302 0 0 0 
0 325 325 348 348 371 371 371 347 
347 370 370 370 394 394 417 417 417 
0 416 440 440 463 463 463 463 486 
486 486 0 0 0 509 509 0 0 
0 0 0 0 0 0 0 0 3 
3 3 0 26 26 26 0 0 49 
49 72 72 72 72 0 0 95 95 
0 0 0 0 0 0 141 141 164 
164 164 164 187 187 187 187 0 210 
210 210 0 0 233 233 256 256 256 
256 256 279 279 0 0 302 302 302 
302 0 325 325 348 348 348 348 371 
371 371 371 370 370 394 394 417 417 
417 417 417 440 440 440 463 463 463 
463 486 486 486 486 509 509 509 509 
509 509 0 0 0 0 0 0 0 
0 3 3 0 26 26 26 26 26 
49 49 0 0 72 72 72 72 95 
95 0 0 0 0 0 118 141 141 
141 141 164 164 164 187 187 187 187 
187 210 210 0 0 0 233 233 233 
233 256 256 279 279 279 0 0 302 
302 302 302 325 325 0 0 348 348 
348 348 371 371 371 370 394 394 418 
441 441 417 417 417 440 440 440 487 
487 463 510 463 486 486 486 0 0 
509 509 509 0 0 0 0 0 0 
0 0 3 3 3 0 27 26 26 
26 49 49 0 73 96 96 72 72 
95 95 0 0 0 0 118 118 118 
118 141 141 141 164 164 188 0 0 
187 187 0 0 0 0 0 0 233 
233 233 233 280 280 279 279 303 0 
0 0 0 302 325 325 349 349 0 
0 348 0 0 0 0 0 394 394 
418 418 441 441 441 441 464 440 440 
440 487 487 487 510 510 510 486 0 
0 0 0 0 0 0 0 0 0 
0 0 4 4 3 3 0 27 27 
50 50 50 49 0 73 73 96 96 
96 95 119 119 0 0 142 142 142 
118 118 118 118 141 141 188 188 188 
0 0 0 0 0 0 0 234 0 
0 257 257 233 280 280 280 303 303 
303 0 0 0 0 325 325 349 349 
349 0 0 0 0 0 0 0 394 
394 418 418 418 441 441 441 441 464 
464 464 464 487 487 510 510 510 510 
0 0 0 0 0 0 0 0 0 
0 0 0 4 4 4 4 4 27 
27 50 50 50 50 50 73 73 73 
96 96 96 119 119 119 119 119 142 
142 142 142 118 118 0 0 0 188 
188 188 211 211 211 211 0 234 234 
234 0 257 257 257 0 280 280 280 
303 303 303 303 0 326 326 326 0 
349 349 349 0 0 0 0 0 395 
395 395 0 418 418 418 0 441 0 
0 464 464 464 464 464 488 487 510 
510 510 0 0 0 0 0 0 0 
0 0 0 0 0 0 4 4 4 
27 27 0 0 0 50 50 50 73 
73 97 96 96 96 0 119 119 119 
119 0 142 142 142 0 0 0 0 
0 188 188 188 211 211 211 211 211 
234 234 0 0 257 257 0 0 280 
280 280 0 303 303 303 326 326 326 
326 326 349 349 0 0 0 0 0 
395 395 395 395 395 395 418 418 0 
0 0 0 0 0 464 488 488 488 
487 487 487 0 0 0 0 0 0 
0 0 0 0 0 5 5 0 0 
0 27 27 0 0 0 0 74 74 
50 73 73 97 0 0 0 0 0 
0 0 0 166 166 166 142 0 0 
165 165 165 188 212 212 212 0 211 
211 234 234 234 0 257 257 257 0 
0 0 0 0 0 0 303 0 0 
326 326 326 0 0 0 0 0 0 
0 0 0 0 395 395 419 418 442 
0 0 0 0 0 0 0 0 488 
488 511 511 511 0 0 0 0 0 
0 0 0 0 0 0 5 5 5 
28 28 27 27 0 0 0 0 74 
74 74 74 73 97 97 0 0 0 
120 0 0 0 143 166 166 166 166 
0 189 165 165 165 165 212 212 0 
0 235 235 234 234 258 0 257 281 
281 281 0 0 0 0 327 327 327 
0 0 350 350 0 0 0 0 0 
372 372 0 0 0 0 419 419 419 
442 442 0 0 0 0 465 0 0 
0 488 488 511 511 511 0 0 0 
0 0 0 0 0 0 0 0 5 
5 28 28 28 28 28 0 0 0 
0 74 74 74 74 97 97 0 0 
120 120 120 0 143 143 143 166 166 
166 166 189 189 189 165 165 165 212 
212 0 235 235 235 258 258 258 258 
281 281 281 281 281 305 0 327 327 
327 327 327 327 350 350 350 350 0 
373 373 372 372 396 0 0 0 419 
419 442 442 442 442 0 465 465 465 
0 0 488 488 512 511 511 511 0 
0 0 0 0 0 0 0 0 0 
5 5 5 0 28 28 28 28 0 
0 0 51 51 51 51 74 97 97 
0 0 120 120 167 167 143 143 143 
190 190 190 213 189 189 189 189 189 
212 212 0 0 235 235 282 282 258 
258 258 258 283 281 281 305 305 304 
304 304 327 327 0 0 350 350 350 
350 373 373 372 372 372 396 396 396 
419 419 419 0 442 442 442 466 465 
465 0 0 0 488 512 512 511 511 
0 0 0 0 0 0 0 0 0 
0 0 5 0 0 0 0 52 52 
0 0 0 51 51 51 51 51 97 
97 97 0 120 120 120 167 167 143 
143 190 190 190 190 213 213 213 189 
189 216 212 212 0 237 237 235 282 
282 282 258 258 283 283 0 305 305 
328 304 304 304 0 0 0 0 374 
374 350 350 373 373 372 372 396 396 
396 396 419 419 0 0 442 442 466 
466 465 465 0 0 0 512 512 512 
0 0 0 0 0 0 0 0 6 
6 0 0 0 0 0 0 0 52 
52 52 0 75 75 75 98 98 98 
51 97 121 121 121 120 120 144 167 
167 143 143 167 167 190 190 213 213 
213 213 216 216 236 236 237 237 235 
259 282 282 282 282 283 283 0 0 
305 305 328 304 304 304 351 351 351 
0 374 374 374 373 373 373 372 372 
0 0 396 396 443 443 443 0 0 
466 466 465 465 0 0 0 0 512 
512 0 0 0 0 0 0 0 0 
6 6 6 6 6 0 0 0 29 
0 52 52 52 75 75 75 75 98 
98 98 98 98 121 121 121 121 144 
144 144 144 191 167 167 214 190 190 
213 213 213 216 216 236 236 237 237 
235 259 259 259 282 282 283 283 0 
0 305 305 305 0 304 304 351 351 
351 351 351 374 374 374 373 373 397 
397 0 420 420 420 443 443 443 443 
443 0 466 466 465 0 0 0 0 
0 512 512 0 0 0 0 0 0 
0 0 0 6 6 6 0 0 29 
29 29 0 52 52 52 99 99 75 
75 75 98 98 98 145 145 121 121 
121 144 144 144 191 191 191 214 214 
214 214 238 213 216 216 0 0 237 
237 236 236 259 259 259 259 283 283 
0 0 0 305 0 0 330 330 328 
328 351 351 351 0 374 374 374 397 
397 397 397 397 420 420 420 420 420 
443 443 443 466 466 466 0 0 0 
0 513 513 512 0 0 0 0 0 
0 0 0 0 30 30 30 6 0 
0 29 29 29 29 52 76 99 99 
99 99 75 122 122 145 145 145 145 
145 121 168 168 144 144 191 191 191 
214 214 214 214 238 216 216 0 0 
239 239 236 236 236 236 259 259 283 
284 306 306 0 0 0 0 330 330 
328 328 328 328 0 0 0 374 421 
421 421 0 397 397 397 397 420 420 
420 467 467 467 443 466 0 0 0 
0 489 513 513 0 0 0 0 0 
0 0 0 0 0 30 30 30 30 
30 0 0 0 29 29 29 76 76 
76 99 99 99 122 122 122 122 122 
145 145 145 192 168 168 168 0 0 
191 215 215 214 214 238 238 216 0 
0 239 239 260 260 260 260 236 259 
284 284 306 306 306 0 0 0 330 
330 352 352 328 328 0 0 0 0 
421 421 421 421 421 421 0 0 0 
0 444 444 467 467 467 0 0 490 
490 0 489 489 513 0 0 0 0 
0 0 0 0 0 0 7 7 7 
30 30 30 0 0 53 53 53 53 
76 76 76 76 99 99 0 122 122 
122 122 145 169 169 192 168 168 168 
168 0 215 215 215 191 238 238 238 
0 0 239 239 260 260 260 285 260 
260 284 284 565 306 306 306 0 0 
330 330 352 352 352 352 328 0 0 
0 398 398 398 421 421 421 0 0 
0 0 444 444 0 467 467 467 0 
490 490 490 489 489 489 513 0 0 
0 0 0 0 0 0 8 7 7 
7 7 7 7 0 0 0 53 53 
53 53 53 76 76 76 0 0 0 
0 146 146 146 169 169 169 192 192 
192 168 1736 1736 215 215 215 191 238 
238 2331 2331 239 239 0 0 285 285 
285 260 284 284 307 565 306 306 565 
565 330 330 329 329 329 352 352 352 
375 375 375 398 398 398 398 398 0 
0 0 0 444 444 0 0 467 467 
0 0 490 490 490 489 489 513 513 
0 0 0 0 0 0 0 8 8 
0 0 7 7 0 0 0 0 0 
100 100 100 53 53 0 0 0 0 
0 0 0 146 146 146 169 169 169 
192 192 192 1736 1736 1736 1736 215 215 
2331 2331 2331 2331 239 858 858 0 261 
285 285 285 284 284 307 307 565 565 
565 1992 1992 1992 329 329 329 329 329 
352 375 375 375 375 375 398 398 398 
0 0 0 0 444 444 0 0 0 
0 0 0 0 490 490 490 489 513 
513 0 0 0 0 0 0 0 8 
8 8 0 0 0 0 54 54 54 
0 0 100 100 100 100 100 0 0 
0 0 123 123 0 146 146 146 193 
193 169 192 192 1736 1736 1736 1736 1736 
1736 2331 2331 2331 2331 858 858 858 858 
261 261 285 308 308 284 307 307 307 
565 1992 1992 1992 1992 1992 0 329 329 
376 376 352 0 0 375 375 375 422 
0 0 0 0 0 444 444 0 0 
0 0 0 0 0 514 514 514 514 
489 513 0 0 0 0 0 0 0 
0 8 8 8 0 0 31 31 54 
54 54 54 54 77 77 100 100 100 
0 0 0 123 123 123 0 146 146 
193 193 193 193 169 1736 1736 1736 1736 
1736 1736 2331 2331 2331 858 858 858 858 
858 858 261 285 308 308 308 308 307 
307 307 1992 1992 1992 1992 1992 353 353 
376 376 376 376 376 0 0 399 399 
422 422 422 422 445 445 445 444 468 
468 468 468 491 491 491 491 491 514 
514 514 514 0 0 0 0 0 0 
0 0 0 8 8 0 0 31 31 
31 31 54 54 54 77 77 77 77 
77 0 0 0 0 123 123 123 123 
170 170 170 193 193 193 1736 1736 1736 
1736 1736 1736 2331 2331 2331 858 858 858 
858 858 261 261 558 558 558 308 308 
308 307 1992 1992 1992 1992 1992 1992 353 
353 353 353 376 376 376 0 0 399 
399 399 399 399 422 422 445 445 445 
445 468 468 468 468 468 491 491 491 
491 514 514 514 0 0 0 0 0 
0 0 0 0 0 0 0 0 0 
0 31 31 31 0 0 0 0 77 
77 77 0 0 0 124 171 171 123 
123 170 170 170 170 193 193 1736 1736 
1736 1736 1736 1736 2331 2331 2331 858 858 
858 858 858 261 1924 558 558 558 1119 
1119 1119 1119 1992 1992 1992 1992 1992 572 
573 573 353 353 353 377 377 0 0 
400 400 399 399 399 399 422 422 422 
445 445 445 469 469 468 468 0 515 
515 515 491 491 0 0 0 0 0 
0 0 0 0 0 0 0 0 0 
0 0 55 31 31 0 0 0 0 
0 0 0 0 0 124 124 124 171 
171 147 147 147 170 170 170 530 530 
579 579 579 579 579 579 2331 2331 537 
262 262 238 238 261 1924 1924 558 558 
1119 1119 1119 1119 1656 1656 1656 1656 572 
572 354 354 573 573 573 377 377 0 
0 400 400 423 423 446 399 446 446 
0 422 422 445 469 469 0 0 0 
0 515 515 515 0 0 0 0 0 
0 0 0 0 0 0 9 9 0 
32 32 32 55 55 55 55 0 0 
0 78 0 0 0 0 0 124 124 
124 171 171 147 147 147 147 147 530 
530 579 579 579 579 579 1651 1651 537 
537 262 262 262 262 1924 1924 1924 1924 
1119 1119 1119 1119 1119 1656 1656 1656 1656 
572 572 354 354 354 354 573 573 377 
377 0 400 400 423 423 423 423 446 
446 446 446 446 0 469 469 0 0 
492 492 0 515 515 515 0 0 0 
0 0 0 0 0 0 0 9 9 
9 32 32 32 32 32 55 55 55 
55 78 78 78 0 0 0 101 0 
124 124 124 171 171 171 147 147 147 
530 530 579 579 579 579 1651 1651 1651 
537 537 537 551 262 262 551 1924 1924 
1924 1924 1119 1119 1119 1119 1656 1656 1656 
1656 572 572 331 331 354 354 354 354 
377 377 377 400 400 447 447 423 423 
423 423 446 446 446 446 469 469 0 
0 492 492 492 492 515 515 0 0 
0 0 0 0 0 0 0 0 0 
9 9 9 0 0 32 32 32 56 
55 55 55 78 78 0 0 0 101 
101 101 124 148 148 171 171 194 194 
194 530 530 579 579 579 1651 1651 1651 
1651 537 1066 1066 1066 551 551 551 1924 
1924 1924 1924 1119 1119 1119 1119 1656 1656 
1656 901 901 572 331 331 331 331 331 
378 378 377 377 400 400 447 447 447 
447 423 423 0 0 470 470 469 469 
0 493 493 516 492 492 492 492 0 
0 0 0 0 0 0 0 0 10 
10 33 9 9 9 0 0 0 56 
56 79 79 0 78 78 78 0 0 
0 101 101 101 148 148 148 532 194 
194 194 194 194 579 579 1651 1651 1651 
1651 1651 537 1066 1066 1066 1066 551 551 
1924 1924 1924 1924 591 591 591 591 1656 
1656 901 901 901 901 332 332 331 331 
331 378 378 401 401 400 400 424 424 
447 447 447 447 0 0 470 470 470 
469 0 493 493 493 516 516 516 492 
0 0 0 0 0 0 0 0 0 
10 10 10 33 33 33 33 0 0 
56 56 79 79 79 79 78 78 102 
102 0 125 125 101 101 148 148 148 
532 195 195 194 194 531 531 1651 1651 
1651 1651 1651 544 1066 1066 1066 1066 2308 
2308 2308 587 587 587 591 591 591 591 
591 901 901 901 901 901 592 332 332 
355 355 378 378 401 401 401 401 424 
424 424 424 447 0 0 0 0 470 
470 470 470 0 493 493 517 516 516 
516 516 0 0 0 0 0 0 0 
0 0 10 10 10 10 33 33 33 
33 56 56 0 0 79 79 79 79 
102 102 102 102 125 125 125 101 148 
148 172 532 195 195 195 531 531 1651 
1651 1651 1651 544 544 1066 1066 1066 2308 
2308 2308 2308 587 587 587 587 591 591 
591 591 901 901 901 901 592 592 332 
332 355 355 355 355 402 0 401 401 
401 424 424 424 424 0 0 0 0 
0 0 470 470 0 0 493 493 517 
517 516 516 0 0 0 0 0 0 
0 0 0 0 11 10 10 0 0 
33 33 56 56 0 0 0 0 79 
79 103 103 102 102 102 125 125 125 
149 149 172 172 532 195 195 195 531 
531 1651 1651 544 544 580 580 1066 2308 
2308 2308 2308 587 587 587 587 587 591 
591 591 954 901 901 901 592 592 592 
592 332 332 355 355 355 402 402 0 
0 401 401 0 424 424 0 0 0 
0 0 0 0 0 0 0 493 493 
517 517 0 0 0 0 0 0 0 
0 0 0 0 11 11 34 0 0 
57 57 57 56 56 80 80 80 0 
0 0 103 103 126 126 102 102 125 
125 149 149 172 172 172 532 195 195 
531 531 544 544 544 1941 580 580 580 
2308 2308 2308 583 583 587 587 587 587 
591 591 954 954 954 901 901 592 592 
592 592 592 332 332 378 378 402 402 
402 0 0 0 0 448 448 448 471 
471 471 471 0 0 494 494 0 0 
0 517 517 517 0 0 0 0 0 
0 0 0 0 0 11 11 34 34 
34 57 57 57 57 57 57 80 80 
80 0 0 103 103 126 126 126 126 
0 125 149 149 0 172 172 172 532 
532 965 965 965 1941 1941 1941 580 580 
580 580 2308 583 583 583 583 587 587 
588 588 954 954 954 954 1454 1454 592 
592 592 592 592 592 333 378 378 379 
402 402 402 0 0 425 425 448 448 
448 448 471 471 471 471 494 494 494 
494 0 0 517 517 0 0 0 0 
0 0 0 0 0 0 11 11 35 
35 34 34 34 34 57 57 0 0 
80 80 80 0 103 103 150 150 126 
126 126 126 149 149 196 196 172 172 
532 965 965 965 965 1941 1941 1941 580 
580 580 580 583 583 583 583 583 588 
588 588 588 954 954 954 1454 1454 1454 
592 592 592 592 592 592 333 333 333 
333 379 402 402 0 0 425 425 425 
425 425 448 448 448 471 471 471 494 
494 494 494 0 0 0 0 0 0 
0 0 0 0 0 0 0 11 11 
35 35 35 34 34 34 0 0 0 
0 81 80 80 104 103 103 150 150 
150 150 126 126 149 149 196 196 196 
196 196 965 965 965 965 1941 1941 1941 
580 580 580 580 583 583 583 583 588 
588 588 588 588 954 954 954 1454 1454 
1454 1454 592 592 592 592 592 575 333 
333 333 333 379 379 0 0 0 0 
425 425 425 472 448 448 0 0 0 
0 495 495 494 0 0 0 0 0 
0 0 0 0 0 0 12 0 11 
11 36 35 35 58 58 58 0 0 
0 0 81 81 104 104 104 103 0 
0 150 150 150 150 173 173 173 173 
196 196 196 965 965 965 965 1941 1941 
1941 580 580 580 580 584 584 584 584 
588 588 588 588 588 954 954 1624 1454 
1454 1454 1454 1454 574 574 574 575 575 
356 356 356 333 379 379 379 0 0 
449 449 449 472 472 472 472 0 0 
0 0 495 495 518 518 0 0 0 
0 0 0 0 0 0 0 12 12 
12 11 36 36 35 35 58 0 0 
58 58 0 81 81 0 104 104 104 
0 127 127 127 150 150 174 173 173 
173 173 173 533 533 965 965 1707 1941 
1941 1941 581 580 580 584 584 584 584 
584 588 588 588 588 593 593 593 1624 
1624 1454 1454 594 594 574 574 574 575 
575 575 356 356 356 356 379 379 379 
426 449 449 449 449 449 472 472 472 
472 0 0 495 495 519 518 518 518 
0 0 0 0 0 0 0 0 0 
12 12 12 12 36 35 35 0 0 
0 58 58 58 81 81 0 0 104 
104 104 0 127 127 127 127 174 174 
174 197 173 533 533 533 1707 1707 1707 
1707 1941 581 581 581 584 584 584 584 
584 584 588 588 588 593 593 593 593 
1624 1624 1624 594 594 594 594 574 334 
334 575 380 380 380 356 356 403 403 
379 426 426 0 0 449 449 449 0 
472 472 0 0 495 495 519 519 518 
518 518 518 0 0 0 0 0 0 
0 0 0 12 12 36 36 0 0 
0 0 0 58 58 81 81 0 0 
0 104 0 0 0 151 127 127 127 
174 174 174 197 533 533 1707 1707 1707 
1707 1707 1707 581 581 581 584 584 584 
584 584 584 589 589 593 593 593 593 
1624 1624 1624 594 594 594 594 594 576 
334 334 334 357 380 380 380 380 403 
403 403 426 426 426 0 0 473 473 
0 0 0 0 0 495 495 519 519 
519 0 518 518 0 0 0 0 0 
0 0 0 0 0 0 36 36 36 
0 0 0 0 82 82 81 81 105 
105 105 0 0 0 0 0 151 151 
151 127 174 174 197 197 1104 1104 1104 
1707 1707 1707 581 581 581 581 585 585 
584 584 584 589 589 589 589 593 593 
593 1624 1624 1624 594 594 594 594 594 
576 576 334 334 357 357 357 380 380 
380 403 403 403 427 426 0 0 473 
473 473 473 0 0 0 496 496 0 
519 519 0 0 0 0 0 0 0 
0 0 0 0 13 13 13 0 36 
36 0 0 0 59 82 82 82 82 
105 105 105 105 105 0 0 0 0 
151 151 151 0 174 197 197 1104 1104 
1104 1104 1707 1707 581 581 581 585 585 
585 585 585 589 589 589 589 589 589 
2084 2084 2084 1624 1624 2081 594 594 594 
594 576 576 576 334 334 381 357 357 
404 357 357 403 427 427 426 426 450 
450 473 473 473 473 0 0 496 496 
0 519 519 0 0 0 0 0 0 
0 0 0 0 0 13 13 13 13 
13 13 0 0 0 59 59 59 82 
82 82 82 105 105 105 0 0 0 
0 0 151 151 198 151 174 197 197 
1104 1104 1104 1104 845 845 845 845 585 
585 585 585 585 589 589 589 589 589 
589 2084 2084 2084 2084 2081 2081 2081 594 
594 577 577 576 358 358 334 381 381 
404 404 404 357 357 427 427 426 426 
450 450 450 450 450 473 0 0 496 
496 0 0 0 0 0 0 0 0 
0 0 0 0 0 0 0 0 0 
13 13 0 0 0 0 83 59 59 
59 59 82 82 129 129 129 0 0 
0 0 128 128 198 198 198 198 197 
197 1104 1104 1104 1104 845 845 845 845 
585 585 585 585 585 1075 589 589 589 
589 589 2084 2084 2084 2084 2081 2081 2081 
2081 577 577 577 358 358 358 358 358 
381 381 404 404 404 404 427 427 0 
0 0 0 450 450 450 450 0 497 
496 496 0 0 0 0 0 0 0 
0 0 0 0 0 0 0 0 37 
37 37 0 0 0 0 0 83 83 
83 59 59 106 106 106 129 129 129 
0 0 0 128 128 128 198 198 198 
198 534 1104 1104 1104 1104 845 845 845 
845 585 585 585 585 1075 1075 1075 589 
589 589 550 550 2084 2084 2084 2081 2081 
2081 2081 577 577 335 335 335 382 382 
382 358 381 381 381 404 404 427 427 
0 0 0 0 0 474 474 0 0 
497 497 496 520 0 0 0 0 0 
0 0 0 0 0 0 0 14 14 
14 37 37 37 37 37 60 60 60 
83 83 83 83 106 106 106 106 106 
129 129 129 129 152 152 128 128 128 
128 198 534 534 1104 1104 1104 582 845 
845 845 585 585 585 1075 1075 1075 1075 
1075 590 590 550 550 550 2084 840 840 
2081 2081 2081 578 578 335 335 335 335 
382 382 382 358 381 381 381 428 428 
428 451 451 451 451 0 474 474 474 
0 0 497 497 520 520 520 520 0 
0 0 0 0 0 0 0 0 14 
14 14 14 0 37 37 37 60 60 
60 60 60 83 83 83 0 106 106 
106 153 153 129 129 152 152 152 175 
175 175 128 534 534 534 582 582 582 
845 845 845 586 586 586 1075 1075 1075 
1075 590 590 590 550 550 550 840 840 
840 840 2081 578 578 578 359 359 359 
335 335 382 382 382 405 405 429 428 
428 428 428 451 451 451 451 451 474 
474 474 0 497 497 497 520 520 520 
520 0 0 0 0 0 0 0 0 
0 15 14 14 14 14 0 0 0 
0 60 60 60 84 107 107 0 0 
130 130 130 153 153 153 153 152 152 
175 175 175 175 175 534 582 582 582 
582 1905 1905 1905 586 586 586 586 1075 
1075 590 590 590 590 819 819 840 840 
840 840 840 571 578 578 336 336 359 
359 359 359 335 406 382 405 405 429 
429 0 452 452 452 428 428 451 451 
451 474 474 474 521 497 497 0 0 
0 520 0 0 0 0 0 0 0 
0 0 15 15 38 38 38 0 0 
0 0 0 0 84 84 84 107 107 
0 0 130 130 130 153 153 153 153 
152 152 535 535 175 175 582 582 582 
582 582 1905 1905 1905 586 586 586 586 
586 590 590 590 590 590 819 819 819 
840 840 840 840 571 571 571 336 336 
336 336 359 359 359 406 406 405 405 
429 429 429 0 452 452 452 428 428 
0 475 498 498 498 521 521 521 521 
0 0 0 0 0 0 0 0 0 
0 0 0 15 15 0 38 38 38 
0 0 0 61 0 0 84 84 107 
107 107 107 107 130 130 130 0 0 
153 152 152 535 535 535 535 582 582 
582 582 582 1905 1905 1905 586 586 586 
586 586 590 590 590 590 590 819 819 
819 819 840 840 571 571 571 360 360 
360 336 336 336 383 383 406 406 405 
405 0 429 429 429 0 452 452 452 
0 0 0 475 475 498 498 498 521 
521 521 521 0 0 0 0 0 0 
0 0 0 0 15 15 0 0 38 
38 38 0 0 61 61 61 84 84 
84 0 107 107 107 107 130 130 0 
0 0 0 176 176 176 535 535 582 
582 582 582 1905 1905 1905 1905 1905 586 
586 586 586 590 590 590 590 590 819 
819 819 819 819 564 564 314 337 337 
360 360 360 360 336 383 383 0 406 
405 405 0 0 429 429 0 0 452 
452 0 0 0 475 475 475 475 498 
498 498 521 521 0 0 0 0 0 
0 0 0 0 0 15 15 0 0 
0 38 38 0 0 0 61 61 61 
84 84 108 0 0 131 131 0 0 
0 0 0 0 0 176 176 176 176 
176 222 222 222 1905 1905 1905 1905 1905 
586 586 586 586 590 590 590 1611 1611 
819 819 819 819 819 564 564 314 314 
314 337 337 360 360 360 383 383 0 
406 406 406 0 0 0 0 0 0 
453 453 0 0 0 0 499 475 475 
475 498 498 0 0 0 0 0 0 
0 0 0 0 16 16 15 15 0 
0 0 0 62 62 62 0 85 85 
85 61 61 108 108 0 131 131 131 
0 0 0 0 0 0 0 177 176 
176 176 199 199 222 222 1905 1905 1905 
1905 536 536 586 543 543 1611 1611 1611 
1611 1611 819 819 819 819 564 564 338 
314 314 314 337 337 337 337 383 383 
0 0 406 406 430 430 0 0 0 
0 453 453 476 0 0 500 500 499 
499 475 522 522 0 0 0 0 0 
0 0 0 0 0 16 16 16 16 
16 39 39 39 39 62 62 62 62 
85 85 85 61 108 108 108 0 131 
131 131 154 154 154 154 0 0 177 
177 0 0 199 199 223 222 222 222 
222 536 536 536 543 543 543 1611 1611 
1611 1611 1611 2277 2277 2277 2277 564 564 
338 338 314 314 361 361 337 337 383 
383 407 407 407 407 430 430 430 430 
430 0 453 453 476 476 476 0 500 
499 499 499 522 522 522 522 0 0 
0 0 0 0 0 0 0 0 16 
16 16 39 39 39 39 39 39 62 
62 62 85 85 85 0 108 108 108 
108 131 131 131 154 154 154 154 154 
177 177 0 0 199 199 223 223 223 
222 222 536 536 245 543 543 557 557 
1611 1611 1611 2277 2277 2277 2277 2277 315 
315 315 338 338 361 361 361 361 361 
384 384 384 407 407 407 407 407 430 
430 430 430 453 453 476 476 476 476 
476 500 499 499 499 0 522 522 522 
0 0 0 0 0 0 0 0 0 
0 0 0 16 40 40 63 63 39 
0 0 62 109 85 85 0 0 0 
108 155 155 131 131 0 0 0 154 
154 177 177 0 0 199 199 200 223 
223 223 223 223 245 245 246 246 557 
557 557 292 292 2277 2277 2277 2277 2277 
315 315 315 315 338 0 362 361 361 
361 408 384 384 384 0 407 407 407 
0 0 0 0 453 453 0 0 0 
476 476 500 500 499 499 523 0 522 
522 0 0 0 0 0 0 0 0 
17 17 0 0 0 40 40 63 63 
63 0 0 0 109 109 109 109 0 
0 132 155 155 155 155 155 0 0 
0 0 177 177 201 201 199 199 200 
200 200 200 223 223 245 245 246 246 
557 557 269 292 292 292 2277 2277 2277 
2277 291 291 315 315 338 338 362 362 
385 385 408 408 384 384 384 0 431 
431 0 0 0 0 454 453 0 0 
0 0 0 500 500 500 523 523 523 
0 0 0 0 0 0 0 0 0 
0 17 17 17 0 0 40 40 0 
63 63 63 0 0 86 86 109 109 
109 109 132 132 132 155 155 155 0 
0 0 0 177 177 201 201 201 201 
201 200 200 200 200 200 245 245 271 
246 246 269 269 269 292 292 292 2277 
2277 2277 291 291 339 339 338 338 362 
362 385 385 385 385 385 384 408 408 
408 431 431 0 0 0 454 454 454 
0 477 477 0 0 500 500 0 523 
523 523 0 0 0 0 0 0 0 
0 0 0 17 17 17 17 40 40 
0 0 63 63 63 0 86 86 86 
0 109 109 0 132 132 132 132 132 
0 0 0 0 178 178 178 178 201 
201 201 225 224 224 224 200 245 245 
271 271 246 246 269 269 268 268 292 
292 2277 2277 316 291 291 339 339 339 
339 339 339 0 385 385 385 385 408 
408 408 408 431 431 0 0 0 454 
454 454 477 477 0 0 0 524 0 
0 523 523 523 0 0 0 0 0 
0 0 0 0 0 0 17 17 40 
40 0 0 64 64 87 87 0 86 
86 0 0 0 0 0 156 156 132 
132 0 0 0 179 179 178 178 178 
178 0 201 225 225 224 224 224 224 
245 271 271 271 246 246 269 269 268 
268 293 293 293 316 291 291 291 316 
339 339 339 339 0 0 0 0 0 
0 0 0 0 0 431 431 0 0 
0 454 454 454 477 477 0 501 501 
524 524 0 523 0 0 0 0 0 
0 0 0 0 0 0 0 0 0 
41 41 0 0 64 64 87 87 87 
86 86 86 0 0 0 0 156 156 
156 156 0 0 0 179 179 202 202 
178 178 178 0 225 225 225 248 224 
224 224 247 271 271 270 270 269 269 
268 268 268 293 293 293 293 291 291 
316 316 316 316 386 386 0 0 0 
0 0 0 0 0 0 0 431 431 
0 478 478 478 454 477 477 477 501 
501 524 524 524 0 0 0 0 0 
0 0 0 0 0 0 0 18 0 
0 41 41 0 0 64 64 0 87 
87 87 86 110 110 0 133 133 133 
156 156 156 156 0 0 0 179 179 
202 202 202 202 202 0 225 225 248 
248 248 224 247 247 271 270 270 294 
294 294 268 268 317 317 293 293 340 
340 0 316 316 316 386 386 386 386 
0 0 0 0 0 432 432 432 455 
455 455 455 478 478 478 478 477 477 
501 501 0 524 524 524 0 0 0 
0 0 0 0 0 0 0 18 18 
18 0 41 41 65 65 64 64 0 
0 87 87 110 110 110 110 110 133 
133 133 133 133 156 0 0 0 179 
179 179 226 226 202 202 202 225 225 
225 248 248 248 247 247 247 271 270 
270 294 294 294 294 294 317 317 0 
340 340 0 0 362 362 363 363 386 
386 386 0 0 0 409 409 432 432 
432 432 455 455 455 0 478 478 478 
478 501 501 0 0 524 524 0 0 
0 0 0 0 0 0 0 0 0 
18 18 0 41 41 65 65 64 64 
0 0 88 87 0 0 110 110 110 
110 157 133 133 133 0 0 0 0 
0 179 179 226 226 226 226 202 0 
0 0 0 248 248 248 247 247 271 
270 270 270 318 318 294 294 317 317 
0 340 340 0 0 362 362 363 363 
363 386 386 410 0 0 409 409 409 
409 432 432 432 455 455 455 0 502 
502 502 501 501 0 0 0 0 0 
0 0 0 0 0 0 0 0 19 
19 0 18 18 41 42 0 65 65 
64 0 0 88 88 0 0 0 0 
0 0 157 157 157 157 0 0 0 
0 0 0 203 203 203 226 226 226 
0 0 0 0 272 272 272 272 247 
247 0 270 270 318 318 318 342 317 
317 317 340 340 0 0 0 362 0 
363 363 363 363 410 410 433 433 433 
409 409 409 456 0 432 455 479 479 
0 502 502 502 501 525 525 0 0 
0 0 0 0 0 0 0 0 0 
19 19 19 18 18 42 42 0 65 
65 65 0 0 88 88 0 0 111 
111 0 0 134 157 157 157 157 0 
0 0 0 0 0 203 203 203 226 
226 0 0 0 0 249 249 272 272 
272 272 0 0 0 0 318 318 318 
342 317 317 340 340 0 0 0 364 
0 0 387 363 363 410 410 410 433 
433 0 409 409 456 456 456 0 479 
479 479 0 502 502 502 525 525 525 
525 0 0 0 0 0 0 0 0 
0 0 19 19 19 18 42 42 0 
0 65 65 0 0 88 88 0 0 
111 111 111 111 134 134 134 157 157 
0 0 0 0 180 180 0 203 203 
203 0 0 0 0 0 249 249 249 
272 272 272 0 0 0 295 295 318 
318 342 342 317 341 341 0 0 364 
364 364 0 387 387 387 387 410 410 
410 0 0 0 433 433 456 456 456 
456 479 479 479 0 502 502 502 525 
525 525 525 0 0 0 0 0 0 
0 0 0 0 19 19 19 42 42 
0 0 0 0 0 0 88 88 0 
0 112 112 111 111 111 134 134 158 
0 0 0 0 0 180 180 180 180 
203 203 0 0 0 0 0 0 0 
249 249 249 249 0 0 0 295 295 
295 295 342 342 342 341 341 0 0 
388 364 364 364 0 0 387 387 387 
410 410 0 0 0 433 433 433 0 
456 456 456 479 479 503 0 526 526 
526 0 525 0 0 0 0 0 0 
0 0 20 20 20 0 43 43 42 
42 66 66 0 0 0 89 88 88 
0 0 112 112 135 0 111 134 134 
134 158 0 0 0 181 204 204 180 
180 180 227 227 0 0 0 0 0 
0 0 0 249 249 0 0 0 0 
0 295 295 295 342 342 341 341 365 
365 388 388 364 364 364 0 0 387 
387 387 434 434 434 0 0 433 457 
0 0 480 480 456 479 503 503 0 
526 526 526 0 0 0 0 0 0 
0 0 0 20 20 20 20 20 43 
43 43 66 66 66 66 89 89 89 
89 0 0 112 112 135 135 135 135 
134 134 158 158 0 181 181 181 204 
204 180 180 227 227 227 227 0 0 
0 0 0 273 273 273 0 296 296 
296 0 319 319 319 295 342 341 341 
365 365 365 388 388 364 388 388 388 
412 411 411 434 434 434 434 434 457 
457 457 0 480 480 480 0 503 503 
503 0 526 526 526 0 0 0 0 
0 0 0 0 0 0 20 20 20 
0 43 43 43 67 66 66 66 66 
89 89 89 89 112 112 0 135 135 
135 135 135 158 158 158 0 181 181 
181 204 204 204 204 204 227 227 227 
0 250 250 250 273 273 297 273 273 
296 296 296 0 319 319 319 295 341 
341 342 365 365 365 365 365 388 388 
388 412 411 411 0 0 434 434 434 
434 457 457 457 457 480 480 0 0 
503 503 503 0 526 526 0 0 0 
0 0 0 0 0 0 0 0 0 
0 0 0 43 43 67 0 0 66 
66 0 0 89 89 112 112 136 136 
0 0 135 135 159 159 158 158 182 
181 181 181 0 0 204 204 204 227 
227 227 0 250 250 250 297 297 297 
273 273 296 296 296 320 319 319 319 
341 343 366 366 0 0 365 365 389 
389 0 412 412 411 411 0 0 0 
458 458 0 0 457 457 480 480 480 
0 0 503 503 0 0 0 0 0 
0 0 0 0 0 0 0 0 0 
44 44 44 0 0 43 67 67 0 
0 90 90 0 0 113 113 112 136 
136 136 0 0 0 159 159 158 158 
182 182 181 205 205 0 228 228 228 
251 251 251 251 0 250 250 250 297 
297 297 273 273 296 296 320 320 319 
319 343 343 366 366 366 0 0 0 
389 389 0 412 412 411 411 411 0 
0 458 458 458 0 481 481 457 480 
480 504 504 0 0 0 0 0 0 
0 0 0 0 0 0 0 0 0 
21 21 44 44 44 44 0 67 67 
0 0 90 90 90 0 113 113 113 
0 136 136 136 0 0 159 159 183 
158 182 182 0 0 205 205 205 228 
228 228 251 251 251 251 251 250 274 
274 297 297 297 297 0 0 320 320 
0 0 343 343 0 366 366 366 0 
0 389 389 0 0 412 412 411 411 
435 435 0 458 458 458 481 481 481 
481 504 504 504 504 0 0 527 527 
0 0 0 0 0 0 0 0 0 
0 21 21 21 21 44 44 44 44 
67 67 0 0 90 90 90 137 113 
113 113 0 136 136 0 0 159 159 
183 183 182 182 0 0 0 205 205 
205 228 228 228 0 251 251 251 274 
274 274 274 274 274 0 0 0 320 
320 0 0 343 343 0 0 366 366 
0 0 389 389 0 0 412 412 412 
435 435 435 435 435 435 458 458 481 
481 481 481 528 504 504 504 504 527 
527 527 0 0 0 0 0 0 0 
22 22 45 45 21 21 21 68 68 
68 67 67 0 0 0 90 90 137 
137 113 113 113 0 0 0 160 159 
159 183 183 182 182 0 0 0 0 
205 205 205 228 228 0 0 0 0 
0 275 275 274 274 274 0 0 321 
320 320 0 0 343 343 0 0 0 
0 0 0 389 389 0 0 0 0 
0 0 459 459 435 435 435 482 482 
458 505 481 481 528 528 528 528 504 
504 527 527 0 0 0 0 0 0 
0 22 22 22 45 45 45 21 21 
68 68 68 67 0 0 91 91 114 
114 90 137 137 137 0 0 160 160 
160 159 0 183 183 182 0 0 0 
0 0 229 229 252 252 252 0 0 
0 0 275 275 298 298 0 0 321 
321 321 320 344 0 343 343 0 0 
367 0 0 390 389 413 413 413 0 
0 0 436 436 459 459 459 459 482 
482 482 482 505 505 505 528 528 528 
528 528 527 527 527 0 0 0 0 
0 0 0 22 22 22 45 45 45 
45 45 68 68 68 0 0 91 91 
114 114 114 114 114 137 137 0 161 
160 160 160 0 183 183 183 0 0 
206 206 206 229 229 229 252 252 252 
252 252 0 275 275 298 298 298 298 
298 321 321 321 344 344 344 344 0 
367 367 367 390 390 390 390 413 413 
413 413 413 436 436 436 436 436 459 
459 459 482 482 482 505 505 505 505 
505 528 0 0 527 0 0 0 0 
0 0 0 0 0 22 22 22 0 
0 45 45 45 68 68 0 0 0 
91 91 0 114 114 114 114 137 137 
161 161 160 160 160 0 183 0 0 
0 206 206 206 206 206 229 229 229 
252 252 252 252 275 275 0 0 298 
298 298 298 321 321 321 344 344 344 
344 344 367 367 367 0 390 390 390 
390 413 413 413 437 0 436 436 436 
436 459 459 0 482 482 0 0 505 
505 0 0 0 0 0 0 0 0 
0 0 0 0 0 0 0 0 0 
0 0 0 69 69 0 0 0 0 
0 91 91 91 0 0 0 0 0 
0 137 161 161 160 0 0 0 184 
0 0 230 230 0 206 206 206 229 
229 229 276 276 276 275 275 0 0 
0 0 298 322 322 321 321 345 345 
0 344 0 0 367 367 367 0 0 
390 390 414 414 437 437 437 0 0 
0 0 0 0 0 0 0 0 0 
0 0 0 0 0 0 0 0 0 
0 0 0 0 0 23 23 0 0 
0 46 46 0 69 69 69 0 0 
0 0 0 91 91 0 0 0 0 
0 0 0 161 161 161 0 0 184 
184 207 207 207 230 230 230 253 253 
253 253 229 229 276 276 276 275 0 
0 299 0 0 322 322 322 0 345 
345 0 0 0 0 0 367 391 391 
0 0 0 414 414 0 437 437 0 
0 0 0 0 0 483 0 0 0 
0 0 529 529 529 0 0 0 0 
0 0 0 0 0 0 23 23 23 
23 0 46 46 46 0 69 69 69 
69 92 92 92 115 115 115 115 0 
0 0 0 0 0 161 161 0 0 
184 184 0 207 207 207 230 230 230 
230 253 253 253 253 0 276 276 276 
0 299 299 299 0 0 322 322 0 
0 345 345 0 368 368 368 391 391 
391 391 0 0 414 414 0 437 437 
437 0 0 460 460 483 483 483 483 
0 506 506 506 529 529 529 529 529 
0 0 0 0 0 0 0 0 0 
23 23 23 23 46 46 46 0 0 
69 69 92 92 92 92 92 115 115 
115 115 0 0 138 138 138 161 0 
0 184 184 0 0 207 207 207 0 
230 230 0 253 253 253 0 0 276 
276 0 0 299 299 299 0 322 322 
322 0 345 345 345 368 368 368 368 
368 391 391 391 391 414 414 0 0 
437 437 0 0 460 460 460 0 483 
483 483 506 506 506 506 506 529 529 
529 0 0 0 0 0 0 0 0 
0 0 0 23 0 0 46 46 0 
0 0 0 0 0 0 92 92 92 
115 115 115 0 0 138 138 138 138 
138 0 184 184 0 0 0 207 207 
0 0 0 0 0 0 0 0 0 
0 0 0 0 0 299 299 299 0 
322 0 0 0 345 345 0 0 0 
368 368 368 0 391 391 414 414 0 
0 0 0 0 0 0 460 460 460 
0 483 483 483 0 0 506 506 506 
0 0 0 0 0 0 0 0 0 
0 0 0 0 0 0 0 0 0 
0 0 0 0 0 0 0 0 0 
0 0 0 0 0 0 0 0 138 
138 138 0 184 184 0 0 0 0 
0 0 0 0 0 0 0 0 0 
0 0 0 0 0 0 0 299 0 
0 0 0 0 0 0 0 0 0 
0 0 0 0 0 0 0 0 0 
0 0 0 0 0 0 0 0 460 
460 0 0 0 0 0 0 0 0 
0 0 0 0 0 0 0 0 0 
0 0 0 0 0 0 0 0 0 
0 0 0 0 0 0 0 0 0 
0 0 0 0 0 0 0 0 0 
0 0 0 0 0 0 0 0 0 
0 0 0 0 0 0 0 0 0 
0 0 0 0 0 0 0 0 0 
0 0 0 0 0 0 0 0 0 
0 0 0 0 0 0 0 0 0 
0 0 0 0 0 0 0 0 0 
0 0 0 0 0 0 0 0 0 
0 0 0 0 0 0 0 0 0 
0 0 0 0 0 0 0 0 0 
0 0 0 0 0 0 0 0 0 
0 0 0 0 0 0 0 0 0 
0 0 0 0 0 0 0 0 0 
0 0 0 0 0 0 0 0 0 
0 0 0 0 0 0 0 0 0 
0 0 0 0 0 0 0 0 0 
0 0 0 0 0 0 0 0 0 
0 0 0 0 0 0 0 0 0 
0 0 0 0 0 0 0 0 0 
0 0 0 0 0 0 0 0 0 
0 0 0 0 0 0 0 0 0 
0 0 0 0 0 0 0 0 0 
0 0 0 0 0 0 0 0 0 
0 0 0 0 0 0 0 0 0 
0 0 0 0 0 0 0 0 0 
0 0 0 0 0 0 0 0 0 
0 0 0 0 0 0 0 0 0 
0 0 0 0 0 0 0 0 0 
0 0 0 0 0 0 0 0 0 
0 0 0 0 0 0 0 0 0 
0 0 0 0 0 0 0 0 0 
0 
ClusterId 1 10000 long
0 0 0 0 0 0 0 0 0 
0 0 0 0 0 0 0 0 0 
0 0 0 0 0 0 0 0 0 
0 0 0 0 0 0 0 0 0 
0 0 0 0 0 0 0 0 0 
0 0 0 0 0 0 0 0 0 
0 0 0 0 0 0 0 0 0 
0 0 0 0 0 0 0 0 0 
0 0 0 0 0 0 0 0 0 
0 0 0 0 0 0 0 0 0 
0 0 0 0 0 0 0 0 0 
0 0 0 0 0 0 0 0 0 
0 0 0 0 0 0 0 0 0 
0 0 0 0 0 0 0 0 0 
0 0 0 0 0 0 0 0 0 
0 0 0 0 0 0 0 0 0 
0 0 0 0 0 0 0 0 0 
0 0 0 0 0 0 0 0 0 
0 0 0 0 0 0 0 0 0 
0 0 0 0 0 0 0 0 0 
0 0 0 0 0 0 0 0 0 
0 0 0 0 0 0 0 0 0 
0 0 0 0 0 0 0 0 0 
0 0 0 0 0 0 0 0 0 
0 0 0 0 0 0 0 0 0 
0 0 0 0 0 0 0 0 0 
0 0 0 0 0 0 0 0 0 
0 0 0 0 0 0 0 0 0 
0 0 0 0 0 0 0 0 0 
0 0 0 0 0 0 0 0 0 
0 0 0 0 0 0 0 0 0 
0 0 0 0 0 0 0 0 0 
0 0 0 0 0 0 0 0 0 
0 0 0 0 0 0 0 0 0 
0 0 0 0 0 47 0 0 70 
0 0 0 0 0 0 0 0 0 
0 0 0 0 0 0 0 0 0 
0 0 0 0 185 185 208 208 0 
0 0 0 0 0 0 0 0 0 
0 0 0 0 0 0 0 0 0 
0 0 0 0 0 0 0 0 0 
0 0 0 0 0 0 0 0 0 
0 0 0 0 0 0 0 0 0 
0 0 0 0 0 0 0 0 0 
0 0 0 0 0 0 0 0 1 
24 24 24 0 0 47 47 47 70 
70 70 70 0 0 0 0 0 0 
0 0 0 139 139 139 0 0 162 
162 0 0 0 0 185 185 208 208 
208 0 0 0 0 0 0 0 0 
0 0 0 0 0 0 0 0 0 
0 0 0 346 346 346 0 0 0 
0 0 392 392 392 0 0 0 0 
0 0 0 438 438 0 0 0 0 
0 0 0 0 0 0 0 0 0 
0 0 0 0 0 0 0 0 1 
1 1 24 24 24 24 24 47 47 
47 47 70 70 70 70 93 93 93 
0 0 0 116 116 139 139 139 139 
139 162 162 162 162 0 185 185 0 
208 208 208 0 0 231 231 231 0 
254 254 254 277 277 277 0 0 0 
0 0 0 323 323 346 346 346 346 
346 0 0 392 392 392 392 392 0 
0 0 0 0 438 438 438 0 0 
461 461 0 0 484 484 484 0 507 
507 0 0 0 0 0 0 0 0 
0 1 1 1 1 24 24 24 0 
0 47 47 47 0 70 70 93 93 
93 93 93 93 116 116 116 116 139 
139 139 0 162 162 162 162 185 185 
0 0 208 208 0 0 231 231 231 
231 231 254 254 254 277 277 277 277 
300 300 0 0 323 323 323 0 346 
346 346 0 0 369 369 369 392 392 
0 0 0 0 415 415 438 438 438 
438 461 461 461 461 461 484 484 484 
507 507 507 0 0 0 0 0 0 
0 0 0 0 1 1 1 0 0 
0 0 0 71 71 0 0 0 0 
0 0 93 93 117 117 116 116 116 
116 0 0 0 0 0 0 162 185 
185 0 0 0 0 0 0 0 0 
0 231 231 231 254 254 254 254 277 
277 277 300 300 0 324 324 323 323 
0 0 0 0 0 369 369 369 369 
369 0 0 0 0 415 415 415 415 
438 462 462 485 461 461 461 461 484 
484 484 507 507 507 0 0 0 0 
0 2 2 0 0 0 25 25 25 
0 0 0 0 71 71 71 71 0 
0 0 0 0 0 117 117 0 0 
116 0 0 0 163 0 0 0 0 
186 186 0 0 0 0 232 232 232 
232 0 255 255 278 278 278 254 301 
301 301 277 300 300 300 324 324 323 
323 323 0 0 0 0 0 393 369 
369 369 0 0 416 0 0 439 415 
415 415 462 462 462 485 485 485 508 
508 508 484 484 507 507 0 0 0 
0 0 2 2 2 2 2 0 25 
25 25 0 48 48 48 0 71 71 
71 0 94 94 94 0 0 117 117 
0 0 0 0 163 163 163 163 163 
0 186 186 0 0 0 209 209 232 
232 232 232 232 255 255 278 278 278 
278 301 301 301 301 300 300 324 324 
0 323 347 347 0 0 0 370 393 
393 393 393 0 416 416 416 0 439 
439 439 415 415 462 462 485 485 485 
485 508 508 508 508 508 507 0 0 
0 0 0 0 0 2 2 2 0 
0 25 25 25 25 48 48 48 48 
71 71 0 94 94 94 94 94 117 
117 117 0 0 0 140 140 163 163 
163 163 186 186 210 0 0 209 209 
209 209 209 232 232 255 255 255 0 
278 278 278 278 301 301 301 300 324 
324 0 0 347 347 347 0 370 370 
370 393 393 393 393 393 416 416 416 
0 439 439 439 439 439 462 462 0 
0 485 485 485 508 508 508 0 0 
0 0 0 0 0 0 0 0 0 
0 0 0 0 25 25 49 49 48 
48 48 0 0 0 95 95 94 94 
94 117 117 0 0 0 140 140 140 
140 140 163 186 186 210 210 0 0 
0 209 209 209 209 279 279 255 255 
255 0 0 0 0 0 0 301 300 
324 324 0 0 371 347 347 347 347 
370 370 0 394 394 393 393 393 416 
416 416 463 463 439 439 439 462 462 
0 0 0 0 0 0 0 0 0 
0 0 0 0 0 0 0 0 3 
0 0 0 0 0 0 0 49 49 
72 72 48 0 0 0 95 95 0 
0 0 0 0 0 0 0 164 164 
140 140 140 140 186 186 210 210 210 
0 0 0 256 256 256 256 279 279 
255 255 0 0 0 302 0 0 0 
0 325 325 348 348 371 371 371 347 
347 370 370 370 394 394 417 417 417 
0 416 440 440 463 463 463 463 486 
486 486 0 0 0 509 509 0 0 
0 0 0 0 0 0 0 0 3 
3 3 0 26 26 26 0 0 49 
49 72 72 72 72 0 0 95 95 
0 0 0 0 0 0 141 141 164 
164 164 164 187 187 187 187 0 210 
210 210 0 0 233 233 256 256 256 
256 256 279 279 0 0 302 302 302 
302 0 325 325 348 348 348 348 371 
371 371 371 370 370 394 394 417 417 
417 417 417 440 440 440 463 463 463 
463 486 486 486 486 509 509 509 509 
509 509 0 0 0 0 0 0 0 
0 3 3 0 26 26 26 26 26 
49 49 0 0 72 72 72 72 95 
95 0 0 0 0 0 118 141 141 
141 141 164 164 164 187 187 187 187 
187 210 210 0 0 0 233 233 233 
233 256 256 279 279 279 0 0 302 
302 302 302 325 325 0 0 348 348 
348 348 371 371 371 370 394 394 418 
441 441 417 417 417 440 440 440 487 
487 463 510 463 486 486 486 0 0 
509 509 509 0 0 0 0 0 0 
0 0 3 3 3 0 27 26 26 
26 49 49 0 73 96 96 72 72 
95 95 0 0 0 0 118 118 118 
118 141 141 141 164 164 188 0 0 
187 187 0 0 0 0 0 0 233 
233 233 233 280 280 279 279 303 0 
0 0 0 302 325 325 349 349 0 
0 348 0 0 0 0 0 394 394 
418 418 441 441 441 441 464 440 440 
440 487 487 487 510 510 510 486 0 
0 0 0 0 0 0 0 0 0 
0 0 4 4 3 3 0 27 27 
50 50 50 49 0 73 73 96 96 
96 95 119 119 0 0 142 142 142 
118 118 118 118 141 141 188 188 188 
0 0 0 0 0 0 0 234 0 
0 257 257 233 280 280 280 303 303 
303 0 0 0 0 325 325 349 349 
349 0 0 0 0 0 0 0 394 
394 418 418 418 441 441 441 441 464 
464 464 464 487 487 510 510 510 510 
0 0 0 0 0 0 0 0 0 
0 0 0 4 4 4 4 4 27 
27 50 50 50 50 50 73 73 73 
96 96 96 119 119 119 119 119 142 
142 142 142 118 118 0 0 0 188 
188 188 211 211 211 211 0 234 234 
234 0 257 257 257 0 280 280 280 
303 303 303 303 0 326 326 326 0 
349 349 349 0 0 0 0 0 395 
395 395 0 418 418 418 0 441 0 
0 464 464 464 464 464 488 487 510 
510 510 0 0 0 0 0 0 0 
0 0 0 0 0 0 4 4 4 
27 27 0 0 0 50 50 50 73 
73 97 96 96 96 0 119 119 119 
119 0 142 142 142 0 0 0 0 
0 188 188 188 211 211 211 211 211 
234 234 0 0 257 257 0 0 280 
280 280 0 303 303 303 326 326 326 
326 326 349 349 0 0 0 0 0 
395 395 395 395 395 395 418 418 0 
0 0 0 0 0 464 488 488 488 
487 487 487 0 0 0 0 0 0 
0 0 0 0 0 5 5 0 0 
0 27 27 0 0 0 0 74 74 
50 73 73 97 0 0 0 0 0 
0 0 0 166 166 166 142 0 0 
165 165 165 188 212 212 212 0 211 
211 234 234 234 0 257 257 257 0 
0 0 0 0 0 0 303 0 0 
326 326 326 0 0 0 0 0 0 
0 0 0 0 395 395 419 418 442 
0 0 0 0 0 0 0 0 488 
488 511 511 511 0 0 0 0 0 
0 0 0 0 0 0 5 5 5 
28 28 27 27 0 0 0 0 74 
74 74 74 73 97 97 0 0 0 
120 0 0 0 143 166 166 166 166 
0 189 165 165 165 165 212 212 0 
0 235 235 234 234 258 0 257 281 
281 281 0 0 0 0 327 327 327 
0 0 350 350 0 0 0 0 0 
372 372 0 0 0 0 419 419 419 
442 442 0 0 0 0 465 0 0 
0 488 488 511 511 511 0 0 0 
0 0 0 0 0 0 0 0 5 
5 28 28 28 28 28 0 0 0 
0 74 74 74 74 97 97 0 0 
120 120 120 0 143 143 143 166 166 
166 166 189 189 189 165 165 165 212 
212 0 235 235 235 258 258 258 258 
281 281 281 281 281 305 0 327 327 
327 327 327 327 350 350 350 350 0 
373 373 372 372 396 0 0 0 419 
419 442 442 442 442 0 465 465 465 
0 0 488 488 512 511 511 511 0 
0 0 0 0 0 0 0 0 0 
5 5 5 0 28 28 28 28 0 
0 0 51 51 51 51 74 97 97 
0 0 120 120 167 167 143 143 143 
190 190 190 213 189 189 189 189 189 
212 212 0 0 235 235 282 282 258 
258 258 258 283 281 281 305 305 304 
304 304 327 327 0 0 350 350 350 
350 373 373 372 372 372 396 396 396 
419 419 419 0 442 442 442 466 465 
465 0 0 0 488 512 512 511 511 
0 0 0 0 0 0 0 0 0 
0 0 5 0 0 0 0 52 52 
0 0 0 51 51 51 51 51 97 
97 97 0 120 120 120 167 167 143 
143 190 190 190 190 213 213 213 189 
189 216 212 212 0 237 237 235 282 
282 282 258 258 283 283 0 305 305 
328 304 304 304 0 0 0 0 374 
374 350 350 373 373 372 372 396 396 
396 396 419 419 0 0 442 442 466 
466 465 465 0 0 0 512 512 512 
0 0 0 0 0 0 0 0 6 
6 0 0 0 0 0 0 0 52 
52 52 0 75 75 75 98 98 98 
51 97 121 121 121 120 120 144 167 
167 143 143 167 167 190 190 213 213 
213 213 216 216 236 236 237 237 235 
259 282 282 282 282 283 283 0 0 
305 305 328 304 304 304 351 351 351 
0 374 374 374 373 373 373 372 372 
0 0 396 396 443 443 443 0 0 
466 466 465 465 0 0 0 0 512 
512 0 0 0 0 0 0 0 0 
6 6 6 6 6 0 0 0 29 
0 52 52 52 75 75 75 75 98 
98 98 98 98 121 121 121 121 144 
144 144 144 191 167 167 214 190 190 
213 213 213 216 216 236 236 237 237 
235 259 259 259 282 282 283 283 0 
0 305 305 305 0 304 304 351 351 
351 351 351 374 374 374 373 373 397 
397 0 420 420 420 443 443 443 443 
443 0 466 466 465 0 0 0 0 
0 512 512 0 0 0 0 0 0 
0 0 0 6 6 6 0 0 29 
29 29 0 52 52 52 99 99 75 
75 75 98 98 98 145 145 121 121 
121 144 144 144 191 191 191 214 214 
214 214 238 213 216 216 0 0 237 
237 236 236 259 259 259 259 283 283 
0 0 0 305 0 0 330 330 328 
328 351 351 351 0 374 374 374 397 
397 397 397 397 420 420 420 420 420 
443 443 443 466 466 466 0 0 0 
0 513 513 512 0 0 0 0 0 
0 0 0 0 30 30 30 6 0 
0 29 29 29 29 52 76 99 99 
99 99 75 122 122 145 145 145 145 
145 121 168 168 144 144 191 191 191 
214 214 214 214 238 216 216 0 0 
239 239 236 236 236 236 259 259 283 
284 306 306 0 0 0 0 330 330 
328 328 328 328 0 0 0 374 421 
421 421 0 397 397 397 397 420 420 
420 467 467 467 443 466 0 0 0 
0 489 513 513 0 0 0 0 0 
0 0 0 0 0 30 30 30 30 
30 0 0 0 29 29 29 76 76 
76 99 99 99 122 122 122 122 122 
145 145 145 192 168 168 168 0 0 
191 215 215 214 214 238 238 216 0 
0 239 239 260 260 260 260 236 259 
284 284 306 306 306 0 0 0 330 
330 352 352 328 328 0 0 0 0 
421 421 421 421 421 421 0 0 0 
0 444 444 467 467 467 0 0 490 
490 0 489 489 513 0 0 0 0 
0 0 0 0 0 0 7 7 7 
30 30 30 0 0 53 53 53 53 
76 76 76 76 99 99 0 122 122 
122 122 145 169 169 192 168 168 168 
168 0 215 215 215 191 238 238 238 
0 0 239 239 260 260 260 285 260 
260 284 284 565 306 306 306 0 0 
330 330 352 352 352 352 328 0 0 
0 398 398 398 421 421 421 0 0 
0 0 444 444 0 467 467 467 0 
490 490 490 489 489 489 513 0 0 
0 0 0 0 0 0 8 7 7 
7 7 7 7 0 0 0 53 53 
53 53 53 76 76 76 0 0 0 
0 146 146 146 169 169 169 192 192 
192 168 1736 1736 215 215 215 191 238 
238 2331 2331 239 239 0 0 285 285 
285 260 284 284 307 565 306 306 565 
565 330 330 329 329 329 352 352 352 
375 375 375 398 398 398 398 398 0 
0 0 0 444 444 0 0 467 467 
0 0 490 490 490 489 489 513 513 
0 0 0 0 0 0 0 8 8 
0 0 7 7 0 0 0 0 0 
100 100 100 53 53 0 0 0 0 
0 0 0 146 146 146 169 169 169 
192 192 192 1736 1736 1736 1736 215 215 
2331 2331 2331 2331 239 858 858 0 261 
285 285 285 284 284 307 307 565 565 
565 1992 1992 1992 329 329 329 329 329 
352 375 375 375 375 375 398 398 398 
0 0 0 0 444 444 0 0 0 
0 0 0 0 490 490 490 489 513 
513 0 0 0 0 0 0 0 8 
8 8 0 0 0 0 54 54 54 
0 0 100 100 100 100 100 0 0 
0 0 123 123 0 146 146 146 193 
193 169 192 192 1736 1736 1736 1736 1736 
1736 2331 2331 2331 2331 858 858 858 858 
261 261 285 308 308 284 307 307 307 
565 1992 1992 1992 1992 1992 0 329 329 
376 376 352 0 0 375 375 375 422 
0 0 0 0 0 444 444 0 0 
0 0 0 0 0 514 514 514 514 
489 513 0 0 0 0 0 0 0 
0 8 8 8 0 0 31 31 54 
54 54 54 54 77 77 100 100 100 
0 0 0 123 123 123 0 146 146 
193 193 193 193 169 1736 1736 1736 1736 
1736 1736 2331 2331 2331 858 858 858 858 
858 858 261 285 308 308 308 308 307 
307 307 1992 1992 1992 1992 1992 353 353 
376 376 376 376 376 0 0 399 399 
422 422 422 422 445 445 445 444 468 
468 468 468 491 491 491 491 491 514 
514 514 514 0 0 0 0 0 0 
0 0 0 8 8 0 0 31 31 
31 31 54 54 54 77 77 77 77 
77 0 0 0 0 123 123 123 123 
170 170 170 193 193 193 1736 1736 1736 
1736 1736 1736 2331 2331 2331 858 858 858 
858 858 261 261 558 558 558 308 308 
308 307 1992 1992 1992 1992 1992 1992 353 
353 353 353 376 376 376 0 0 399 
399 399 399 399 422 422 445 445 445 
445 468 468 468 468 468 491 491 491 
491 514 514 514 0 0 0 0 0 
0 0 0 0 0 0 0 0 0 
0 31 31 31 0 0 0 0 77 
77 77 0 0 0 124 171 171 123 
123 170 170 170 170 193 193 1736 1736 
1736 1736 1736 1736 2331 2331 2331 858 858 
858 858 858 261 1924 558 558 558 1119 
1119 1119 1119 1992 1992 1992 1992 1992 572 
573 573 353 353 353 377 377 0 0 
400 400 399 399 399 399 422 422 422 
445 445 445 469 469 468 468 0 515 
515 515 491 491 0 0 0 0 0 
0 0 0 0 0 0 0 0 0 
0 0 55 31 31 0 0 0 0 
0 0 0 0 0 124 124 124 171 
171 147 147 147 170 170 170 530 530 
579 579 579 579 579 579 2331 2331 537 
262 262 238 238 261 1924 1924 558 558 
1119 1119 1119 1119 1656 1656 1656 1656 572 
572 354 354 573 573 573 377 377 0 
0 400 400 423 423 446 399 446 446 
0 422 422 445 469 469 0 0 0 
0 515 515 515 0 0 0 0 0 
0 0 0 0 0 0 9 9 0 
32 32 32 55 55 55 55 0 0 
0 78 0 0 0 0 0 124 124 
124 171 171 147 147 147 147 147 530 
530 579 579 579 579 579 1651 1651 537 
537 262 262 262 262 1924 1924 1924 1924 
1119 1119 1119 1119 1119 1656 1656 1656 1656 
572 572 354 354 354 354 573 573 377 
377 0 400 400 423 423 423 423 446 
446 446 446 446 0 469 469 0 0 
492 492 0 515 515 515 0 0 0 
0 0 0 0 0 0 0 9 9 
9 32 32 32 32 32 55 55 55 
55 78 78 78 0 0 0 101 0 
124 124 124 171 171 171 147 147 147 
530 530 579 579 579 579 1651 1651 1651 
537 537 537 551 262 262 551 1924 1924 
1924 1924 1119 1119 1119 1119 1656 1656 1656 
1656 572 572 331 331 354 354 354 354 
377 377 377 400 400 447 447 423 423 
423 423 446 446 446 446 469 469 0 
0 492 492 492 492 515 515 0 0 
0 0 0 0 0 0 0 0 0 
9 9 9 0 0 32 32 32 56 
55 55 55 78 78 0 0 0 101 
101 101 124 148 148 171 171 194 194 
194 530 530 579 579 579 1651 1651 1651 
1651 537 1066 1066 1066 551 551 551 1924 
1924 1924 1924 1119 1119 1119 1119 1656 1656 
1656 901 901 572 331 331 331 331 331 
378 378 377 377 400 400 447 447 447 
447 423 423 0 0 470 470 469 469 
0 493 493 516 492 492 492 492 0 
0 0 0 0 0 0 0 0 10 
10 33 9 9 9 0 0 0 56 
56 79 79 0 78 78 78 0 0 
0 101 101 101 148 148 148 532 194 
194 194 194 194 579 579 1651 1651 1651 
1651 1651 537 1066 1066 1066 1066 551 551 
1924 1924 1924 1924 591 591 591 591 1656 
1656 901 901 901 901 332 332 331 331 
331 378 378 401 401 400 400 424 424 
447 447 447 447 0 0 470 470 470 
469 0 493 493 493 516 516 516 492 
0 0 0 0 0 0 0 0 0 
10 10 10 33 33 33 33 0 0 
56 56 79 79 79 79 78 78 102 
102 0 125 125 101 101 148 148 148 
532 195 195 194 194 531 531 1651 1651 
1651 1651 1651 544 1066 1066 1066 1066 2308 
2308 2308 587 587 587 591 591 591 591 
591 901 901 901 901 901 592 332 332 
355 355 378 378 401 401 401 401 424 
424 424 424 447 0 0 0 0 470 
470 470 470 0 493 493 517 516 516 
516 516 0 0 0 0 0 0 0 
0 0 10 10 10 10 33 33 33 
33 56 56 0 0 79 79 79 79 
102 102 102 102 125 125 125 101 148 
148 172 532 195 195 195 531 531 1651 
1651 1651 1651 544 544 1066 1066 1066 2308 
2308 2308 2308 587 587 587 587 591 591 
591 591 901 901 901 901 592 592 332 
332 355 355 355 355 402 0 401 401 
401 424 424 424 424 0 0 0 0 
0 0 470 470 0 0 493 493 517 
517 516 516 0 0 0 0 0 0 
0 0 0 0 11 10 10 0 0 
33 33 56 56 0 0 0 0 79 
79 103 103 102 102 102 125 125 125 
149 149 172 172 532 195 195 195 531 
531 1651 1651 544 544 580 580 1066 2308 
2308 2308 2308 587 587 587 587 587 591 
591 591 954 901 901 901 592 592 592 
592 332 332 355 355 355 402 402 0 
0 401 401 0 424 424 0 0 0 
0 0 0 0 0 0 0 493 493 
517 517 0 0 0 0 0 0 0 
0 0 0 0 11 11 34 0 0 
57 57 57 56 56 80 80 80 0 
0 0 103 103 126 126 102 102 125 
125 149 149 172 172 172 532 195 195 
531 531 544 544 544 1941 580 580 580 
2308 2308 2308 583 583 587 587 587 587 
591 591 954 954 954 901 901 592 592 
592 592 592 332 332 378 378 402 402 
402 0 0 0 0 448 448 448 471 
471 471 471 0 0 494 494 0 0 
0 517 517 517 0 0 0 0 0 
0 0 0 0 0 11 11 34 34 
34 57 57 57 57 57 57 80 80 
80 0 0 103 103 126 126 126 126 
0 125 149 149 0 172 172 172 532 
532 965 965 965 1941 1941 1941 580 580 
580 580 2308 583 583 583 583 587 587 
588 588 954 954 954 954 1454 1454 592 
592 592 592 592 592 333 378 378 379 
402 402 402 0 0 425 425 448 448 
448 448 471 471 471 471 494 494 494 
494 0 0 517 517 0 0 0 0 
0 0 0 0 0 0 11 11 35 
35 34 34 34 34 57 57 0 0 
80 80 80 0 103 103 150 150 126 
126 126 126 149 149 196 196 172 172 
532 965 965 965 965 1941 1941 1941 580 
580 580 580 583 583 583 583 583 588 
588 588 588 954 954 954 1454 1454 1454 
592 592 592 592 592 592 333 333 333 
333 379 402 402 0 0 425 425 425 
425 425 448 448 448 471 471 471 494 
494 494 494 0 0 0 0 0 0 
0 0 0 0 0 0 0 11 11 
35 35 35 34 34 34 0 0 0 
0 81 80 80 104 103 103 150 150 
150 150 126 126 149 149 196 196 196 
196 196 965 965 965 965 1941 1941 1941 
580 580 580 580 583 583 583 583 588 
588 588 588 588 954 954 954 1454 1454 
1454 1454 592 592 592 592 592 575 333 
333 333 333 379 379 0 0 0 0 
425 425 425 472 448 448 0 0 0 
0 495 495 494 0 0 0 0 0 
0 0 0 0 0 0 12 0 11 
11 36 35 35 58 58 58 0 0 
0 0 81 81 104 104 104 103 0 
0 150 150 150 150 173 173 173 173 
196 196 196 965 965 965 965 1941 1941 
1941 580 580 580 580 584 584 584 584 
588 588 588 588 588 954 954 1624 1454 
1454 1454 1454 1454 574 574 574 575 575 
356 356 356 333 379 379 379 0 0 
449 449 449 472 472 472 472 0 0 
0 0 495 495 518 518 0 0 0 
0 0 0 0 0 0 0 12 12 
12 11 36 36 35 35 58 0 0 
58 58 0 81 81 0 104 104 104 
0 127 127 127 150 150 174 173 173 
173 173 173 533 533 965 965 1707 1941 
1941 1941 581 580 580 584 584 584 584 
584 588 588 588 588 593 593 593 1624 
1624 1454 1454 594 594 574 574 574 575 
575 575 356 356 356 356 379 379 379 
426 449 449 449 449 449 472 472 472 
472 0 0 495 495 519 518 518 518 
0 0 0 0 0 0 0 0 0 
12 12 12 12 36 35 35 0 0 
0 58 58 58 81 81 0 0 104 
104 104 0 127 127 127 127 174 174 
174 197 173 533 533 533 1707 1707 1707 
1707 1941 581 581 581 584 584 584 584 
584 584 588 588 588 593 593 593 593 
1624 1624 1624 594 594 594 594 574 334 
334 575 380 380 380 356 356 403 403 
379 426 426 0 0 449 449 449 0 
472 472 0 0 495 495 519 519 518 
518 518 518 0 0 0 0 0 0 
0 0 0 12 12 36 36 0 0 
0 0 0 58 58 81 81 0 0 
0 104 0 0 0 151 127 127 127 
174 174 174 197 533 533 1707 1707 1707 
1707 1707 1707 581 581 581 584 584 584 
584 584 584 589 589 593 593 593 593 
1624 1624 1624 594 594 594 594 594 576 
334 334 334 357 380 380 380 380 403 
403 403 426 426 426 0 0 473 473 
0 0 0 0 0 495 495 519 519 
519 0 518 518 0 0 0 0 0 
0 0 0 0 0 0 36 36 36 
0 0 0 0 82 82 81 81 105 
105 105 0 0 0 0 0 151 151 
151 127 174 174 197 197 1104 1104 1104 
1707 1707 1707 581 581 581 581 585 585 
584 584 584 589 589 589 589 593 593 
593 1624 1624 1624 594 594 594 594 594 
576 576 334 334 357 357 357 380 380 
380 403 403 403 427 426 0 0 473 
473 473 473 0 0 0 496 496 0 
519 519 0 0 0 0 0 0 0 
0 0 0 0 13 13 13 0 36 
36 0 0 0 59 82 82 82 82 
105 105 105 105 105 0 0 0 0 
151 151 151 0 174 197 197 1104 1104 
1104 1104 1707 1707 581 581 581 585 585 
585 585 585 589 589 589 589 589 589 
2084 2084 2084 1624 1624 2081 594 594 594 
594 576 576 576 334 334 381 357 357 
404 357 357 403 427 427 426 426 450 
450 473 473 473 473 0 0 496 496 
0 519 519 0 0 0 0 0 0 
0 0 0 0 0 13 13 13 13 
13 13 0 0 0 59 59 59 82 
82 82 82 105 105 105 0 0 0 
0 0 151 151 198 151 174 197 197 
1104 1104 1104 1104 845 845 845 845 585 
585 585 585 585 589 589 589 589 589 
589 2084 2084 2084 2084 2081 2081 2081 594 
594 577 577 576 358 358 334 381 381 
404 404 404 357 357 427 427 426 426 
450 450 450 450 450 473 0 0 496 
496 0 0 0 0 0 0 0 0 
0 0 0 0 0 0 0 0 0 
13 13 0 0 0 0 83 59 59 
59 59 82 82 129 129 129 0 0 
0 0 128 128 198 198 198 198 197 
197 1104 1104 1104 1104 845 845 845 845 
585 585 585 585 585 1075 589 589 589 
589 589 2084 2084 2084 2084 2081 2081 2081 
2081 577 577 577 358 358 358 358 358 
381 381 404 404 404 404 427 427 0 
0 0 0 450 450 450 450 0 497 
496 496 0 0 0 0 0 0 0 
0 0 0 0 0 0 0 0 37 
37 37 0 0 0 0 0 83 83 
83 59 59 106 106 106 129 129 129 
0 0 0 128 128 128 198 198 198 
198 534 1104 1104 1104 1104 845 845 845 
845 585 585 585 585 1075 1075 1075 589 
589 589 550 550 2084 2084 2084 2081 2081 
2081 2081 577 577 335 335 335 382 382 
382 358 381 381 381 404 404 427 427 
0 0 0 0 0 474 474 0 0 
497 497 496 520 0 0 0 0 0 
0 0 0 0 0 0 0 14 14 
14 37 37 37 37 37 60 60 60 
83 83 83 83 106 106 106 106 106 
129 129 129 129 152 152 128 128 128 
128 198 534 534 1104 1104 1104 582 845 
845 845 585 585 585 1075 1075 1075 1075 
1075 590 590 550 550 550 2084 840 840 
2081 2081 2081 578 578 335 335 335 335 
382 382 382 358 381 381 381 428 428 
428 451 451 451 451 0 474 474 474 
0 0 497 497 520 520 520 520 0 
0 0 0 0 0 0 0 0 14 
14 14 14 0 37 37 37 60 60 
60 60 60 83 83 83 0 106 106 
106 153 153 129 129 152 152 152 175 
175 175 128 534 534 534 582 582 582 
845 845 845 586 586 586 1075 1075 1075 
1075 590 590 590 550 550 550 840 840 
840 840 2081 578 578 578 359 359 359 
335 335 382 382 382 405 405 429 428 
428 428 428 451 451 451 451 451 474 
474 474 0 497 497 497 520 520 520 
520 0 0 0 0 0 0 0 0 
0 15 14 14 14 14 0 0 0 
0 60 60 60 84 107 107 0 0 
130 130 130 153 153 153 153 152 152 
175 175 175 175 175 534 582 582 582 
582 1905 1905 1905 586 586 586 586 1075 
1075 590 590 590 590 819 819 840 840 
840 840 840 571 578 578 336 336 359 
359 359 359 335 406 382 405 405 429 
429 0 452 452 452 428 428 451 451 
451 474 474 474 521 497 497 0 0 
0 520 0 0 0 0 0 0 0 
0 0 15 15 38 38 38 0 0 
0 0 0 0 84 84 84 107 107 
0 0 130 130 130 153 153 153 153 
152 152 535 535 175 175 582 582 582 
582 582 1905 1905 1905 586 586 586 586 
586 590 590 590 590 590 819 819 819 
840 840 840 840 571 571 571 336 336 
336 336 359 359 359 406 406 405 405 
429 429 429 0 452 452 452 428 428 
0 475 498 498 498 521 521 521 521 
0 0 0 0 0 0 0 0 0 
0 0 0 15 15 0 38 38 38 
0 0 0 61 0 0 84 84 107 
107 107 107 107 130 130 130 0 0 
153 152 152 535 535 535 535 582 582 
582 582 582 1905 1905 1905 586 586 586 
586 586 590 590 590 590 590 819 819 
819 819 840 840 571 571 571 360 360 
360 336 336 336 383 383 406 406 405 
405 0 429 429 429 0 452 452 452 
0 0 0 475 475 498 498 498 521 
521 521 521 0 0 0 0 0 0 
0 0 0 0 15 15 0 0 38 
38 38 0 0 61 61 61 84 84 
84 0 107 107 107 107 130 130 0 
0 0 0 176 176 176 535 535 582 
582 582 582 1905 1905 1905 1905 1905 586 
586 586 586 590 590 590 590 590 819 
819 819 819 819 564 564 314 337 337 
360 360 360 360 336 383 383 0 406 
405 405 0 0 429 429 0 0 452 
452 0 0 0 475 475 475 475 498 
498 498 521 521 0 0 0 0 0 
0 0 0 0 0 15 15 0 0 
0 38 38 0 0 0 61 61 61 
84 84 108 0 0 131 131 0 0 
0 0 0 0 0 176 176 176 176 
176 222 222 222 1905 1905 1905 1905 1905 
586 586 586 586 590 590 590 1611 1611 
819 819 819 819 819 564 564 314 314 
314 337 337 360 360 360 383 383 0 
406 406 406 0 0 0 0 0 0 
453 453 0 0 0 0 499 475 475 
475 498 498 0 0 0 0 0 0 
0 0 0 0 16 16 15 15 0 
0 0 0 62 62 62 0 85 85 
85 61 61 108 108 0 131 131 131 
0 0 0 0 0 0 0 177 176 
176 176 199 199 222 222 1905 1905 1905 
1905 536 536 586 543 543 1611 1611 1611 
1611 1611 819 819 819 819 564 564 338 
314 314 314 337 337 337 337 383 383 
0 0 406 406 430 430 0 0 0 
0 453 453 476 0 0 500 500 499 
499 475 522 522 0 0 0 0 0 
0 0 0 0 0 16 16 16 16 
16 39 39 39 39 62 62 62 62 
85 85 85 61 108 108 108 0 131 
131 131 154 154 154 154 0 0 177 
177 0 0 199 199 223 222 222 222 
222 536 536 536 543 543 543 1611 1611 
1611 1611 1611 2277 2277 2277 2277 564 564 
338 338 314 314 361 361 337 337 383 
383 407 407 407 407 430 430 430 430 
430 0 453 453 476 476 476 0 500 
499 499 499 522 522 522 522 0 0 
0 0 0 0 0 0 0 0 16 
16 16 39 39 39 39 39 39 62 
62 62 85 85 85 0 108 108 108 
108 131 131 131 154 154 154 154 154 
177 177 0 0 199 199 223 223 223 
222 222 536 536 245 543 543 557 557 
1611 1611 1611 2277 2277 2277 2277 2277 315 
315 315 338 338 361 361 361 361 361 
384 384 384 407 407 407 407 407 430 
430 430 430 453 453 476 476 476 476 
476 500 499 499 499 0 522 522 522 
0 0 0 0 0 0 0 0 0 
0 0 0 16 40 40 63 63 39 
0 0 62 109 85 85 0 0 0 
108 155 155 131 131 0 0 0 154 
154 177 177 0 0 199 199 200 223 
223 223 223 223 245 245 246 246 557 
557 557 292 292 2277 2277 2277 2277 2277 
315 315 315 315 338 0 362 361 361 
361 408 384 384 384 0 407 407 407 
0 0 0 0 453 453 0 0 0 
476 476 500 500 499 499 523 0 522 
522 0 0 0 0 0 0 0 0 
17 17 0 0 0 40 40 63 63 
63 0 0 0 109 109 109 109 0 
0 132 155 155 155 155 155 0 0 
0 0 177 177 201 201 199 199 200 
200 200 200 223 223 245 245 246 246 
557 557 269 292 292 292 2277 2277 2277 
2277 291 291 315 315 338 338 362 362 
385 385 408 408 384 384 384 0 431 
431 0 0 0 0 454 453 0 0 
0 0 0 500 500 500 523 523 523 
0 0 0 0 0 0 0 0 0 
0 17 17 17 0 0 40 40 0 
63 63 63 0 0 86 86 109 109 
109 109 132 132 132 155 155 155 0 
0 0 0 177 177 201 201 201 201 
201 200 200 200 200 200 245 245 271 
246 246 269 269 269 292 292 292 2277 
2277 2277 291 291 339 339 338 338 362 
362 385 385 385 385 385 384 408 408 
408 431 431 0 0 0 454 454 454 
0 477 477 0 0 500 500 0 523 
523 523 0 0 0 0 0 0 0 
0 0 0 17 17 17 17 40 40 
0 0 63 63 63 0 86 86 86 
0 109 109 0 132 132 132 132 132 
0 0 0 0 178 178 178 178 201 
201 201 225 224 224 224 200 245 245 
271 271 246 246 269 269 268 268 292 
292 2277 2277 316 291 291 339 339 339 
339 339 339 0 385 385 385 385 408 
408 408 408 431 431 0 0 0 454 
454 454 477 477 0 0 0 524 0 
0 523 523 523 0 0 0 0 0 
0 0 0 0 0 0 17 17 40 
40 0 0 64 64 87 87 0 86 
86 0 0 0 0 0 156 156 132 
132 0 0 0 179 179 178 178 178 
178 0 201 225 225 224 224 224 224 
245 271 271 271 246 246 269 269 268 
268 293 293 293 316 291 291 291 316 
339 339 339 339 0 0 0 0 0 
0 0 0 0 0 431 431 0 0 
0 454 454 454 477 477 0 501 501 
524 524 0 523 0 0 0 0 0 
0 0 0 0 0 0 0 0 0 
41 41 0 0 64 64 87 87 87 
86 86 86 0 0 0 0 156 156 
156 156 0 0 0 179 179 202 202 
178 178 178 0 225 225 225 248 224 
224 224 247 271 271 270 270 269 269 
268 268 268 293 293 293 293 291 291 
316 316 316 316 386 386 0 0 0 
0 0 0 0 0 0 0 431 431 
0 478 478 478 454 477 477 477 501 
501 524 524 524 0 0 0 0 0 
0 0 0 0 0 0 0 18 0 
0 41 41 0 0 64 64 0 87 
87 87 86 110 110 0 133 133 133 
156 156 156 156 0 0 0 179 179 
202 202 202 202 202 0 225 225 248 
248 248 224 247 247 271 270 270 294 
294 294 268 268 317 317 293 293 340 
340 0 316 316 316 386 386 386 386 
0 0 0 0 0 432 432 432 455 
455 455 455 478 478 478 478 477 477 
501 501 0 524 524 524 0 0 0 
0 0 0 0 0 0 0 18 18 
18 0 41 41 65 65 64 64 0 
0 87 87 110 110 110 110 110 133 
133 133 133 133 156 0 0 0 179 
179 179 226 226 202 202 202 225 225 
225 248 248 248 247 247 247 271 270 
270 294 294 294 294 294 317 317 0 
340 340 0 0 362 362 363 363 386 
386 386 0 0 0 409 409 432 432 
432 432 455 455 455 0 478 478 478 
478 501 501 0 0 524 524 0 0 
0 0 0 0 0 0 0 0 0 
18 18 0 41 41 65 65 64 64 
0 0 88 87 0 0 110 110 110 
110 157 133 133 133 0 0 0 0 
0 179 179 226 226 226 226 202 0 
0 0 0 248 248 248 247 247 271 
270 270 270 318 318 294 294 317 317 
0 340 340 0 0 362 362 363 363 
363 386 386 410 0 0 409 409 409 
409 432 432 432 455 455 455 0 502 
502 502 501 501 0 0 0 0 0 
0 0 0 0 0 0 0 0 19 
19 0 18 18 41 42 0 65 65 
64 0 0 88 88 0 0 0 0 
0 0 157 157 157 157 0 0 0 
0 0 0 203 203 203 226 226 226 
0 0 0 0 272 272 272 272 247 
247 0 270 270 318 318 318 342 317 
317 317 340 340 0 0 0 362 0 
363 363 363 363 410 410 433 433 433 
409 409 409 456 0 432 455 479 479 
0 502 502 502 501 525 525 0 0 
0 0 0 0 0 0 0 0 0 
19 19 19 18 18 42 42 0 65 
65 65 0 0 88 88 0 0 111 
111 0 0 134 157 157 157 157 0 
0 0 0 0 0 203 203 203 226 
226 0 0 0 0 249 249 272 272 
272 272 0 0 0 0 318 318 318 
342 317 317 340 340 0 0 0 364 
0 0 387 363 363 410 410 410 433 
433 0 409 409 456 456 456 0 479 
479 479 0 502 502 502 525 525 525 
525 0 0 0 0 0 0 0 0 
0 0 19 19 19 18 42 42 0 
0 65 65 0 0 88 88 0 0 
111 111 111 111 134 134 134 157 157 
0 0 0 0 180 180 0 203 203 
203 0 0 0 0 0 249 249 249 
272 272 272 0 0 0 295 295 318 
318 342 342 317 341 341 0 0 364 
364 364 0 387 387 387 387 410 410 
410 0 0 0 433 433 456 456 456 
456 479 479 479 0 502 502 502 525 
525 525 525 0 0 0 0 0 0 
0 0 0 0 19 19 19 42 42 
0 0 0 0 0 0 88 88 0 
0 112 112 111 111 111 134 134 158 
0 0 0 0 0 180 180 180 180 
203 203 0 0 0 0 0 0 0 
249 249 249 249 0 0 0 295 295 
295 295 342 342 342 341 341 0 0 
388 364 364 364 0 0 387 387 387 
410 410 0 0 0 433 433 433 0 
456 456 456 479 479 503 0 526 526 
526 0 525 0 0 0 0 0 0 
0 0 20 20 20 0 43 43 42 
42 66 66 0 0 0 89 88 88 
0 0 112 112 135 0 111 134 134 
134 158 0 0 0 181 204 204 180 
180 180 227 227 0 0 0 0 0 
0 0 0 249 249 0 0 0 0 
0 295 295 295 342 342 341 341 365 
365 388 388 364 364 364 0 0 387 
387 387 434 434 434 0 0 433 457 
0 0 480 480 456 479 503 503 0 
526 526 526 0 0 0 0 0 0 
0 0 0 20 20 20 20 20 43 
43 43 66 66 66 66 89 89 89 
89 0 0 112 112 135 135 135 135 
134 134 158 158 0 181 181 181 204 
204 180 180 227 227 227 227 0 0 
0 0 0 273 273 273 0 296 296 
296 0 319 319 319 295 342 341 341 
365 365 365 388 388 364 388 388 388 
412 411 411 434 434 434 434 434 457 
457 457 0 480 480 480 0 503 503 
503 0 526 526 526 0 0 0 0 
0 0 0 0 0 0 20 20 20 
0 43 43 43 67 66 66 66 66 
89 89 89 89 112 112 0 135 135 
135 135 135 158 158 158 0 181 181 
181 204 204 204 204 204 227 227 227 
0 250 250 250 273 273 297 273 273 
296 296 296 0 319 319 319 295 341 
341 342 365 365 365 365 365 388 388 
388 412 411 411 0 0 434 434 434 
434 457 457 457 457 480 480 0 0 
503 503 503 0 526 526 0 0 0 
0 0 0 0 0 0 0 0 0 
0 0 0 43 43 67 0 0 66 
66 0 0 89 89 112 112 136 136 
0 0 135 135 159 159 158 158 182 
181 181 181 0 0 204 204 204 227 
227 227 0 250 250 250 297 297 297 
273 273 296 296 296 320 319 319 319 
341 343 366 366 0 0 365 365 389 
389 0 412 412 411 411 0 0 0 
458 458 0 0 457 457 480 480 480 
0 0 503 503 0 0 0 0 0 
0 0 0 0 0 0 0 0 0 
44 44 44 0 0 43 67 67 0 
0 90 90 0 0 113 113 112 136 
136 136 0 0 0 159 159 158 158 
182 182 181 205 205 0 228 228 228 
251 251 251 251 0 250 250 250 297 
297 297 273 273 296 296 320 320 319 
319 343 343 366 366 366 0 0 0 
389 389 0 412 412 411 411 411 0 
0 458 458 458 0 481 481 457 480 
480 504 504 0 0 0 0 0 0 
0 0 0 0 0 0 0 0 0 
21 21 44 44 44 44 0 67 67 
0 0 90 90 90 0 113 113 113 
0 136 136 136 0 0 159 159 183 
158 182 182 0 0 205 205 205 228 
228 228 251 251 251 251 251 250 274 
274 297 297 297 297 0 0 320 320 
0 0 343 343 0 366 366 366 0 
0 389 389 0 0 412 412 411 411 
435 435 0 458 458 458 481 481 481 
481 504 504 504 504 0 0 527 527 
0 0 0 0 0 0 0 0 0 
0 21 21 21 21 44 44 44 44 
67 67 0 0 90 90 90 137 113 
113 113 0 136 136 0 0 159 159 
183 183 182 182 0 0 0 205 205 
205 228 228 228 0 251 251 251 274 
274 274 274 274 274 0 0 0 320 
320 0 0 343 343 0 0 366 366 
0 0 389 389 0 0 412 412 412 
435 435 435 435 435 435 458 458 481 
481 481 481 528 504 504 504 504 527 
527 527 0 0 0 0 0 0 0 
22 22 45 45 21 21 21 68 68 
68 67 67 0 0 0 90 90 137 
137 113 113 113 0 0 0 160 159 
159 183 183 182 182 0 0 0 0 
205 205 205 228 228 0 0 0 0 
0 275 275 274 274 274 0 0 321 
320 320 0 0 343 343 0 0 0 
0 0 0 389 389 0 0 0 0 
0 0 459 459 435 435 435 482 482 
458 505 481 481 528 528 528 528 504 
504 527 527 0 0 0 0 0 0 
0 22 22 22 45 45 45 21 21 
68 68 68 67 0 0 91 91 114 
114 90 137 137 137 0 0 160 160 
160 159 0 183 183 182 0 0 0 
0 0 229 229 252 252 252 0 0 
0 0 275 275 298 298 0 0 321 
321 321 320 344 0 343 343 0 0 
367 0 0 390 389 413 413 413 0 
0 0 436 436 459 459 459 459 482 
482 482 482 505 505 505 528 528 528 
528 528 527 527 527 0 0 0 0 
0 0 0 22 22 22 45 45 45 
45 45 68 68 68 0 0 91 91 
114 114 114 114 114 137 137 0 161 
160 160 160 0 183 183 183 0 0 
206 206 206 229 229 229 252 252 252 
252 252 0 275 275 298 298 298 298 
298 321 321 321 344 344 344 344 0 
367 367 367 390 390 390 390 413 413 
413 413 413 436 436 436 436 436 459 
459 459 482 482 482 505 505 505 505 
505 528 0 0 527 0 0 0 0 
0 0 0 0 0 22 22 22 0 
0 45 45 45 68 68 0 0 0 
91 91 0 114 114 114 114 137 137 
161 161 160 160 160 0 183 0 0 
0 206 206 206 206 206 229 229 229 
252 252 252 252 275 275 0 0 298 
298 298 298 321 321 321 344 344 344 
344 344 367 367 367 0 390 390 390 
390 413 413 413 437 0 436 436 436 
436 459 459 0 482 482 0 0 505 
505 0 0 0 0 0 0 0 0 
0 0 0 0 0 0 0 0 0 
0 0 0 69 69 0 0 0 0 
0 91 91 91 0 0 0 0 0 
0 137 161 161 160 0 0 0 184 
0 0 230 230 0 206 206 206 229 
229 229 276 276 276 275 275 0 0 
0 0 298 322 322 321 321 345 345 
0 344 0 0 367 367 367 0 0 
390 390 414 414 437 437 437 0 0 
0 0 0 0 0 0 0 0 0 
0 0 0 0 0 0 0 0 0 
0 0 0 0 0 23 23 0 0 
0 46 46 0 69 69 69 0 0 
0 0 0 91 91 0 0 0 0 
0 0 0 161 161 161 0 0 184 
184 207 207 207 230 230 230 253 253 
253 253 229 229 276 276 276 275 0 
0 299 0 0 322 322 322 0 345 
345 0 0 0 0 0 367 391 391 
0 0 0 414 414 0 437 437 0 
0 0 0 0 0 483 0 0 0 
0 0 529 529 529 0 0 0 0 
0 0 0 0 0 0 23 23 23 
23 0 46 46 46 0 69 69 69 
69 92 92 92 115 115 115 115 0 
0 0 0 0 0 161 161 0 0 
184 184 0 207 207 207 230 230 230 
230 253 253 253 253 0 276 276 276 
0 299 299 299 0 0 322 322 0 
0 345 345 0 368 368 368 391 391 
391 391 0 0 414 414 0 437 437 
437 0 0 460 460 483 483 483 483 
0 506 506 506 529 529 529 529 529 
0 0 0 0 0 0 0 0 0 
23 23 23 23 46 46 46 0 0 
69 69 92 92 92 92 92 115 115 
115 115 0 0 138 138 138 161 0 
0 184 184 0 0 207 207 207 0 
230 230 0 253 253 253 0 0 276 
276 0 0 299 299 299 0 322 322 
322 0 345 345 345 368 368 368 368 
368 391 391 391 391 414 414 0 0 
437 437 0 0 460 460 460 0 483 
483 483 506 506 506 506 506 529 529 
529 0 0 0 0 0 0 0 0 
0 0 0 23 0 0 46 46 0 
0 0 0 0 0 0 92 92 92 
115 115 115 0 0 138 138 138 138 
138 0 184 184 0 0 0 207 207 
0 0 0 0 0 0 0 0 0 
0 0 0 0 0 299 299 299 0 
322 0 0 0 345 345 0 0 0 
368 368 368 0 391 391 414 414 0 
0 0 0 0 0 0 460 460 460 
0 483 483 483 0 0 506 506 506 
0 0 0 0 0 0 0 0 0 
0 0 0 0 0 0 0 0 0 
0 0 0 0 0 0 0 0 0 
0 0 0 0 0 0 0 0 138 
138 138 0 184 184 0 0 0 0 
0 0 0 0 0 0 0 0 0 
0 0 0 0 0 0 0 299 0 
0 0 0 0 0 0 0 0 0 
0 0 0 0 0 0 0 0 0 
0 0 0 0 0 0 0 0 460 
460 0 0 0 0 0 0 0 0 
0 0 0 0 0 0 0 0 0 
0 0 0 0 0 0 0 0 0 
0 0 0 0 0 0 0 0 0 
0 0 0 0 0 0 0 0 0 
0 0 0 0 0 0 0 0 0 
0 0 0 0 0 0 0 0 0 
0 0 0 0 0 0 0 0 0 
0 0 0 0 0 0 0 0 0 
0 0 0 0 0 0 0 0 0 
0 0 0 0 0 0 0 0 0 
0 0 0 0 0 0 0 0 0 
0 0 0 0 0 0 0 0 0 
0 0 0 0 0 0 0 0 0 
0 0 0 0 0 0 0 0 0 
0 0 0 0 0 0 0 0 0 
0 0 0 0 0 0 0 0 0 
0 0 0 0 0 0 0 0 0 
0 0 0 0 0 0 0 0 0 
0 0 0 0 0 0 0 0 0 
0 0 0 0 0 0 0 0 0 
0 0 0 0 0 0 0 0 0 
0 0 0 0 0 0 0 0 0 
0 0 0 0 0 0 0 0 0 
0 0 0 0 0 0 0 0 0 
0 0 0 0 0 0 0 0 0 
0 0 0 0 0 0 0 0 0 
0 0 0 0 0 0 0 0 0 
0 0 0 0 0 0 0 0 0 
0 0 0 0 0 0 0 0 0 
0 0 0 0 0 0 0 0 0 
0 0 0 0 0 0 0 0 0 
0 0 0 0 0 0 0 0 0 
0 0 0 0 0 0 0 0 0 
0 0 0 0 0 0 0 0 0 
0 
DRUG 1 10000 double
0 0 0 0 0 0 0 0 0 
0 0 0 0 0 0 0 0 0 
0 0 0 0 0 0 0 0 0 
0 0 0 0 0 0 0 0 0 
0 0 0 0 0 0 0 0 0 
0 0 0 0 0 0 0 0 0 
0 0 0 0 0 0 0 0 0 
0 0 0 0 0 0 0 0 0 
0 0 0 0 0 0 0 0 0 
0 0 0 0 0 0 0 0 0 
0 0 0 0 0 0 0 0 0 
0 0 0 0 0 0 0 0 0 
0 0 0 0 0 0 0 0 0 
0 0 0 0 0 0 0 0 0 
0 0 0 0 0 0 0 0 0 
0 0 0 0 0 0 0 0 0 
0 0 0 0 0 0 0 0 0 
0 0 0 0 0 0 0 0 0 
0 0 0 0 0 0 0 0 0 
0 0 0 0 0 0 0 0 0 
0 0 0 0 0 0 0 0 0 
0 0 0 0 0 0 0 0 0 
0 0 0 0 0 0 0 0 0 
0 0 0 0 0 0 0 0 0 
0 0 0 0 0 0 0 0 0 
0 0 0 0 0 0 0 0 0 
0 0 0 0 0 0 0 0 0 
0 0 0 0 0 0 0 0 0 
0 0 0 0 0 0 0 0 0 
0 0 0 0 0 0 0 0 0 
0 0 0 0 0 0 0 0 0 
0 0 0 0 0 0 0 0 0 
0 0 0 0 0 0 0 0 0 
0 0 0 0 0 0 0 0 0 
0 0 0 0 0 0 0 0 0 
0 0 0 0 0 0 0 0 0 
0 0 0 0 0 0 0 0 0 
0 0 0 0 0 0 0 0 0 
0 0 0 0 0 0 0 0 0 
0 0 0 0 0 0 0 0 0 
0 0 0 0 0 0 0 0 0 
0 0 0 0 0 0 0 0 0 
0 0 0 0 0 0 0 0 0 
0 0 0 0 0 0 0 0 0 
0 0 0 0 0 0 0 0 0 
0 0 0 0 0 0 0 0 0 
0 0 0 0 0 0 0 0 0 
0 0 0 0 0 0 0 0 0 
0 0 0 0 0 0 0 0 0 
0 0 0 0 0 0 0 0 0 
0 0 0 0 0 0 0 0 0 
0 0 0 0 0 0 0 0 0 
0 0 0 0 0 0 0 0 0 
0 0 0 0 0 0 0 0 0 
0 0 0 0 0 0 0 0 0 
0 0 0 0 0 0 0 0 0 
0 0 0 0 0 0 0 0 0 
0 0 0 0 0 0 0 0 0 
0 0 0 0 0 0 0 0 0 
0 0 0 0 0 0 0 0 0 
0 0 0 0 0 0 0 0 0 
0 0 0 0 0 0 0 0 0 
0 0 0 0 0 0 0 0 0 
0 0 0 0 0 0 0 0 0 
0 0 0 0 0 0 0 0 0 
0 0 0 0 0 0 0 0 0 
0 0 0 0 0 0 0 0 0 
0 0 0 0 0 0 0 0 0 
0 0 0 0 0 0 0 0 0 
0 0 0 0 0 0 0 0 0 
0 0 0 0 0 0 0 0 0 
0 0 0 0 0 0 0 0 0 
0 0 0 0 0 0 0 0 0 
0 0 0 0 0 0 0 0 0 
0 0 0 0 0 0 0 0 0 
0 0 0 0 0 0 0 0 0 
0 0 0 0 0 0 0 0 0 
0 0 0 0 0 0 0 0 0 
0 0 0 0 0 0 0 0 0 
0 0 0 0 0 0 0 0 0 
0 0 0 0 0 0 0 0 0 
0 0 0 0 0 0 0 0 0 
0 0 0 0 0 0 0 0 0 
0 0 0 0 0 0 0 0 0 
0 0 0 0 0 0 0 0 0 
0 0 0 0 0 0 0 0 0 
0 0 0 0 0 0 0 0 0 
0 0 0 0 0 0 0 0 0 
0 0 0 0 0 0 0 0 0 
0 0 0 0 0 0 0 0 0 
0 0 0 0 0 0 0 0 0 
0 0 0 0 0 0 0 0 0 
0 0 0 0 0 0 0 0 0 
0 0 0 0 0 0 0 0 0 
0 0 0 0 0 0 0 0 0 
0 0 0 0 0 0 0 0 0 
0 0 0 0 0 0 0 0 0 
0 0 0 0 0 0 0 0 0 
0 0 0 0 0 0 0 0 0 
0 0 0 0 0 0 0 0 0 
0 0 0 0 0 0 0 0 0 
0 0 0 0 0 0 0 0 0 
0 0 0 0 0 0 0 0 0 
0 0 0 0 0 0 0 0 0 
0 0 0 0 0 0 0 0 0 
0 0 0 0 0 0 0 0 0 
0 0 0 0 0 0 0 0 0 
0 0 0 0 0 0 0 0 0 
0 0 0 0 0 0 0 0 0 
0 0 0 0 0 0 0 0 0 
0 0 0 0 0 0 0 0 0 
0 0 0 0 0 0 0 0 0 
0 0 0 0 0 0 0 0 0 
0 0 0 0 0 0 0 0 0 
0 0 0 0 0 0 0 0 0 
0 0 0 0 0 0 0 0 0 
0 0 0 0 0 0 0 0 0 
0 0 0 0 0 0 0 0 0 
0 0 0 0 0 0 0 0 0 
0 0 0 0 0 0 0 0 0 
0 0 0 0 0 0 0 0 0 
0 0 0 0 0 0 0 0 0 
0 0 0 0 0 0 0 0 0 
0 0 0 0 0 0 0 0 0 
0 0 0 0 0 0 0 0 0 
0 0 0 0 0 0 0 0 0 
0 0 0 0 0 0 0 0 0 
0 0 0 0 0 0 0 0 0 
0 0 0 0 0 0 0 0 0 
0 0 0 0 0 0 0 0 0 
0 0 0 0 0 0 0 0 0 
0 0 0 0 0 0 0 0 0 
0 0 0 0 0 0 0 0 0 
0 0 0 0 0 0 0 0 0 
0 0 0 0 0 0 0 0 0 
0 0 0 0 0 0 0 0 0 
0 0 0 0 0 0 0 0 0 
0 0 0 0 0 0 0 0 0 
0 0 0 0 0 0 0 0 0 
0 0 0 0 0 0 0 0 0 
0 0 0 0 0 0 0 0 0 
0 0 0 0 0 0 0 0 0 
0 0 0 0 0 0 0 0 0 
0 0 0 0 0 0 0 0 0 
0 0 0 0 0 0 0 0 0 
0 0 0 0 0 0 0 0 0 
0 0 0 0 0 0 0 0 0 
0 0 0 0 0 0 0 0 0 
0 0 0 0 0 0 0 0 0 
0 0 0 0 0 0 0 0 0 
0 0 0 0 0 0 0 0 0 
0 0 0 0 0 0 0 0 0 
0 0 0 0 0 0 0 0 0 
0 0 0 0 0 0 0 0 0 
0 0 0 0 0 0 0 0 0 
0 0 0 0 0 0 0 0 0 
0 0 0 0 0 0 0 0 0 
0 0 0 0 0 0 0 0 0 
0 0 0 0 0 0 0 0 0 
0 0 0 0 0 0 0 0 0 
0 0 0 0 0 0 0 0 0 
0 0 0 0 0 0 0 0 0 
0 0 0 0 0 0 0 0 0 
0 0 0 0 0 0 0 0 0 
0 0 0 0 0 0 0 0 0 
0 0 0 0 0 0 0 0 0 
0 0 0 0 0 0 0 0 0 
0 0 0 0 0 0 0 0 0 
0 0 0 0 0 0 0 0 0 
0 0 0 0 0 0 0 0 0 
0 0 0 0 0 0 0 0 0 
0 0 0 0 0 0 0 0 0 
0 0 0 0 0 0 0 0 0 
0 0 0 0 0 0 0 0 0 
0 0 0 0 0 0 0 0 0 
0 0 0 0 0 0 0 0 0 
0 0 0 0 0 0 0 0 0 
0 0 0 0 0 0 0 0 0 
0 0 0 0 0 0 0 0 0 
0 0 0 0 0 0 0 0 0 
0 0 0 0 0 0 0 0 0 
0 0 0 0 0 0 0 0 0 
0 0 0 0 0 0 0 0 0 
0 0 0 0 0 0 0 0 0 
0 0 0 0 0 0 0 0 0 
0 0 0 0 0 0 0 0 0 
0 0 0 0 0 0 0 0 0 
0 0 0 0 0 0 0 0 0 
0 0 0 0 0 0 0 0 0 
0 0 0 0 0 0 0 0 0 
0 0 0 0 0 0 0 0 0 
0 0 0 0 0 0 0 0 0 
0 0 0 0 0 0 0 0 0 
0 0 0 0 0 0 0 0 0 
0 0 0 0 0 0 0 0 0 
0 0 0 0 0 0 0 0 0 
0 0 0 0 0 0 0 0 0 
0 0 0 0 0 0 0 0 0 
0 0 0 0 0 0 0 0 0 
0 0 0 0 0 0 0 0 0 
0 0 0 0 0 0 0 0 0 
0 0 0 0 0 0 0 0 0 
0 0 0 0 0 0 0 0 0 
0 0 0 0 0 0 0 0 0 
0 0 0 0 0 0 0 0 0 
0 0 0 0 0 0 0 0 0 
0 0 0 0 0 0 0 0 0 
0 0 0 0 0 0 0 0 0 
0 0 0 0 0 0 0 0 0 
0 0 0 0 0 0 0 0 0 
0 0 0 0 0 0 0 0 0 
0 0 0 0 0 0 0 0 0 
0 0 0 0 0 0 0 0 0 
0 0 0 0 0 0 0 0 0 
0 0 0 0 0 0 0 0 0 
0 0 0 0 0 0 0 0 0 
0 0 0 0 0 0 0 0 0 
0 0 0 0 0 0 0 0 0 
0 0 0 0 0 0 0 0 0 
0 0 0 0 0 0 0 0 0 
0 0 0 0 0 0 0 0 0 
0 0 0 0 0 0 0 0 0 
0 0 0 0 0 0 0 0 0 
0 0 0 0 0 0 0 0 0 
0 0 0 0 0 0 0 0 0 
0 0 0 0 0 0 0 0 0 
0 0 0 0 0 0 0 0 0 
0 0 0 0 0 0 0 0 0 
0 0 0 0 0 0 0 0 0 
0 0 0 0 0 0 0 0 0 
0 0 0 0 0 0 0 0 0 
0 0 0 0 0 0 0 0 0 
0 0 0 0 0 0 0 0 0 
0 0 0 0 0 0 0 0 0 
0 0 0 0 0 0 0 0 0 
0 0 0 0 0 0 0 0 0 
0 0 0 0 0 0 0 0 0 
0 0 0 0 0 0 0 0 0 
0 0 0 0 0 0 0 0 0 
0 0 0 0 0 0 0 0 0 
0 0 0 0 0 0 0 0 0 
0 0 0 0 0 0 0 0 0 
0 0 0 0 0 0 0 0 0 
0 0 0 0 0 0 0 0 0 
0 0 0 0 0 0 0 0 0 
0 0 0 0 0 0 0 0 0 
0 0 0 0 0 0 0 0 0 
0 0 0 0 0 0 0 0 0 
0 0 0 0 0 0 0 0 0 
0 0 0 0 0 0 0 0 0 
0 0 0 0 0 0 0 0 0 
0 0 0 0 0 0 0 0 0 
0 0 0 0 0 0 0 0 0 
0 0 0 0 0 0 0 0 0 
0 0 0 0 0 0 0 0 0 
0 0 0 0 0 0 0 0 0 
0 0 0 0 0 0 0 0 0 
0 0 0 0 0 0 0 0 0 
0 0 0 0 0 0 0 0 0 
0 0 0 0 0 0 0 0 0 
0 0 0 0 0 0 0 0 0 
0 0 0 0 0 0 0 0 0 
0 0 0 0 0 0 0 0 0 
0 0 0 0 0 0 0 0 0 
0 0 0 0 0 0 0 0 0 
0 0 0 0 0 0 0 0 0 
0 0 0 0 0 0 0 0 0 
0 0 0 0 0 0 0 0 0 
0 0 0 0 0 0 0 0 0 
0 0 0 0 0 0 0 0 0 
0 0 0 0 0 0 0 0 0 
0 0 0 0 0 0 0 0 0 
0 0 0 0 0 0 0 0 0 
0 0 0 0 0 0 0 0 0 
0 0 0 0 0 0 0 0 0 
0 0 0 0 0 0 0 0 0 
0 0 0 0 0 0 0 0 0 
0 0 0 0 0 0 0 0 0 
0 0 0 0 0 0 0 0 0 
0 0 0 0 0 0 0 0 0 
0 0 0 0 0 0 0 0 0 
0 0 0 0 0 0 0 0 0 
0 0 0 0 0 0 0 0 0 
0 0 0 0 0 0 0 0 0 
0 0 0 0 0 0 0 0 0 
0 0 0 0 0 0 0 0 0 
0 0 0 0 0 0 0 0 0 
0 0 0 0 0 0 0 0 0 
0 0 0 0 0 0 0 0 0 
0 0 0 0 0 0 0 0 0 
0 0 0 0 0 0 0 0 0 
0 0 0 0 0 0 0 0 0 
0 0 0 0 0 0 0 0 0 
0 0 0 0 0 0 0 0 0 
0 0 0 0 0 0 0 0 0 
0 0 0 0 0 0 0 0 0 
0 0 0 0 0 0 0 0 0 
0 0 0 0 0 0 0 0 0 
0 0 0 0 0 0 0 0 0 
0 0 0 0 0 0 0 0 0 
0 0 0 0 0 0 0 0 0 
0 0 0 0 0 0 0 0 0 
0 0 0 0 0 0 0 0 0 
0 0 0 0 0 0 0 0 0 
0 0 0 0 0 0 0 0 0 
0 0 0 0 0 0 0 0 0 
0 0 0 0 0 0 0 0 0 
0 0 0 0 0 0 0 0 0 
0 0 0 0 0 0 0 0 0 
0 0 0 0 0 0 0 0 0 
0 0 0 0 0 0 0 0 0 
0 0 0 0 0 0 0 0 0 
0 0 0 0 0 0 0 0 0 
0 0 0 0 0 0 0 0 0 
0 0 0 0 0 0 0 0 0 
0 0 0 0 0 0 0 0 0 
0 0 0 0 0 0 0 0 0 
0 0 0 0 0 0 0 0 0 
0 0 0 0 0 0 0 0 0 
0 0 0 0 0 0 0 0 0 
0 0 0 0 0 0 0 0 0 
0 0 0 0 0 0 0 0 0 
0 0 0 0 0 0 0 0 0 
0 0 0 0 0 0 0 0 0 
0 0 0 0 0 0 0 0 0 
0 0 0 0 0 0 0 0 0 
0 0 0 0 0 0 0 0 0 
0 0 0 0 0 0 0 0 0 
0 0 0 0 0 0 0 0 0 
0 0 0 0 0 0 0 0 0 
0 0 0 0 0 0 0 0 0 
0 0 0 0 0 0 0 0 0 
0 0 0 0 0 0 0 0 0 
0 0 0 0 0 0 0 0 0 
0 0 0 0 0 0 0 0 0 
0 0 0 0 0 0 0 0 0 
0 0 0 0 0 0 0 0 0 
0 0 0 0 0 0 0 0 0 
0 0 0 0 0 0 0 0 0 
0 0 0 0 0 0 0 0 0 
0 0 0 0 0 0 0 0 0 
0 0 0 0 0 0 0 0 0 
0 0 0 0 0 0 0 0 0 
0 0 0 0 0 0 0 0 0 
0 0 0 0 0 0 0 0 0 
0 0 0 0 0 0 0 0 0 
0 0 0 0 0 0 0 0 0 
0 0 0 0 0 0 0 0 0 
0 0 0 0 0 0 0 0 0 
0 0 0 0 0 0 0 0 0 
0 0 0 0 0 0 0 0 0 
0 0 0 0 0 0 0 0 0 
0 0 0 0 0 0 0 0 0 
0 0 0 0 0 0 0 0 0 
0 0 0 0 0 0 0 0 0 
0 0 0 0 0 0 0 0 0 
0 0 0 0 0 0 0 0 0 
0 0 0 0 0 0 0 0 0 
0 0 0 0 0 0 0 0 0 
0 0 0 0 0 0 0 0 0 
0 0 0 0 0 0 0 0 0 
0 0 0 0 0 0 0 0 0 
0 0 0 0 0 0 0 0 0 
0 0 0 0 0 0 0 0 0 
0 0 0 0 0 0 0 0 0 
0 0 0 0 0 0 0 0 0 
0 0 0 0 0 0 0 0 0 
0 0 0 0 0 0 0 0 0 
0 0 0 0 0 0 0 0 0 
0 0 0 0 0 0 0 0 0 
0 0 0 0 0 0 0 0 0 
0 0 0 0 0 0 0 0 0 
0 0 0 0 0 0 0 0 0 
0 0 0 0 0 0 0 0 0 
0 0 0 0 0 0 0 0 0 
0 0 0 0 0 0 0 0 0 
0 0 0 0 0 0 0 0 0 
0 0 0 0 0 0 0 0 0 
0 0 0 0 0 0 0 0 0 
0 0 0 0 0 0 0 0 0 
0 0 0 0 0 0 0 0 0 
0 0 0 0 0 0 0 0 0 
0 0 0 0 0 0 0 0 0 
0 0 0 0 0 0 0 0 0 
0 0 0 0 0 0 0 0 0 
0 0 0 0 0 0 0 0 0 
0 0 0 0 0 0 0 0 0 
0 0 0 0 0 0 0 0 0 
0 0 0 0 0 0 0 0 0 
0 0 0 0 0 0 0 0 0 
0 0 0 0 0 0 0 0 0 
0 0 0 0 0 0 0 0 0 
0 0 0 0 0 0 0 0 0 
0 0 0 0 0 0 0 0 0 
0 0 0 0 0 0 0 0 0 
0 0 0 0 0 0 0 0 0 
0 0 0 0 0 0 0 0 0 
0 0 0 0 0 0 0 0 0 
0 0 0 0 0 0 0 0 0 
0 0 0 0 0 0 0 0 0 
0 0 0 0 0 0 0 0 0 
0 0 0 0 0 0 0 0 0 
0 0 0 0 0 0 0 0 0 
0 0 0 0 0 0 0 0 0 
0 0 0 0 0 0 0 0 0 
0 0 0 0 0 0 0 0 0 
0 0 0 0 0 0 0 0 0 
0 0 0 0 0 0 0 0 0 
0 0 0 0 0 0 0 0 0 
0 0 0 0 0 0 0 0 0 
0 0 0 0 0 0 0 0 0 
0 0 0 0 0 0 0 0 0 
0 0 0 0 0 0 0 0 0 
0 0 0 0 0 0 0 0 0 
0 0 0 0 0 0 0 0 0 
0 0 0 0 0 0 0 0 0 
0 0 0 0 0 0 0 0 0 
0 0 0 0 0 0 0 0 0 
0 0 0 0 0 0 0 0 0 
0 0 0 0 0 0 0 0 0 
0 0 0 0 0 0 0 0 0 
0 0 0 0 0 0 0 0 0 
0 0 0 0 0 0 0 0 0 
0 0 0 0 0 0 0 0 0 
0 0 0 0 0 0 0 0 0 
0 0 0 0 0 0 0 0 0 
0 0 0 0 0 0 0 0 0 
0 0 0 0 0 0 0 0 0 
0 0 0 0 0 0 0 0 0 
0 0 0 0 0 0 0 0 0 
0 0 0 0 0 0 0 0 0 
0 0 0 0 0 0 0 0 0 
0 0 0 0 0 0 0 0 0 
0 0 0 0 0 0 0 0 0 
0 0 0 0 0 0 0 0 0 
0 0 0 0 0 0 0 0 0 
0 0 0 0 0 0 0 0 0 
0 0 0 0 0 0 0 0 0 
0 0 0 0 0 0 0 0 0 
0 0 0 0 0 0 0 0 0 
0 0 0 0 0 0 0 0 0 
0 0 0 0 0 0 0 0 0 
0 0 0 0 0 0 0 0 0 
0 0 0 0 0 0 0 0 0 
0 0 0 0 0 0 0 0 0 
0 0 0 0 0 0 0 0 0 
0 0 0 0 0 0 0 0 0 
0 0 0 0 0 0 0 0 0 
0 0 0 0 0 0 0 0 0 
0 0 0 0 0 0 0 0 0 
0 0 0 0 0 0 0 0 0 
0 0 0 0 0 0 0 0 0 
0 0 0 0 0 0 0 0 0 
0 0 0 0 0 0 0 0 0 
0 0 0 0 0 0 0 0 0 
0 0 0 0 0 0 0 0 0 
0 0 0 0 0 0 0 0 0 
0 0 0 0 0 0 0 0 0 
0 0 0 0 0 0 0 0 0 
0 0 0 0 0 0 0 0 0 
0 0 0 0 0 0 0 0 0 
0 0 0 0 0 0 0 0 0 
0 0 0 0 0 0 0 0 0 
0 0 0 0 0 0 0 0 0 
0 0 0 0 0 0 0 0 0 
0 0 0 0 0 0 0 0 0 
0 0 0 0 0 0 0 0 0 
0 0 0 0 0 0 0 0 0 
0 0 0 0 0 0 0 0 0 
0 0 0 0 0 0 0 0 0 
0 0 0 0 0 0 0 0 0 
0 0 0 0 0 0 0 0 0 
0 0 0 0 0 0 0 0 0 
0 0 0 0 0 0 0 0 0 
0 0 0 0 0 0 0 0 0 
0 0 0 0 0 0 0 0 0 
0 0 0 0 0 0 0 0 0 
0 0 0 0 0 0 0 0 0 
0 0 0 0 0 0 0 0 0 
0 0 0 0 0 0 0 0 0 
0 0 0 0 0 0 0 0 0 
0 0 0 0 0 0 0 0 0 
0 0 0 0 0 0 0 0 0 
0 0 0 0 0 0 0 0 0 
0 0 0 0 0 0 0 0 0 
0 0 0 0 0 0 0 0 0 
0 0 0 0 0 0 0 0 0 
0 0 0 0 0 0 0 0 0 
0 0 0 0 0 0 0 0 0 
0 0 0 0 0 0 0 0 0 
0 0 0 0 0 0 0 0 0 
0 0 0 0 0 0 0 0 0 
0 0 0 0 0 0 0 0 0 
0 0 0 0 0 0 0 0 0 
0 0 0 0 0 0 0 0 0 
0 0 0 0 0 0 0 0 0 
0 0 0 0 0 0 0 0 0 
0 0 0 0 0 0 0 0 0 
0 0 0 0 0 0 0 0 0 
0 0 0 0 0 0 0 0 0 
0 0 0 0 0 0 0 0 0 
0 0 0 0 0 0 0 0 0 
0 0 0 0 0 0 0 0 0 
0 0 0 0 0 0 0 0 0 
0 0 0 0 0 0 0 0 0 
0 0 0 0 0 0 0 0 0 
0 0 0 0 0 0 0 0 0 
0 0 0 0 0 0 0 0 0 
0 0 0 0 0 0 0 0 0 
0 0 0 0 0 0 0 0 0 
0 0 0 0 0 0 0 0 0 
0 0 0 0 0 0 0 0 0 
0 0 0 0 0 0 0 0 0 
0 0 0 0 0 0 0 0 0 
0 0 0 0 0 0 0 0 0 
0 0 0 0 0 0 0 0 0 
0 0 0 0 0 0 0 0 0 
0 0 0 0 0 0 0 0 0 
0 0 0 0 0 0 0 0 0 
0 0 0 0 0 0 0 0 0 
0 0 0 0 0 0 0 0 0 
0 0 0 0 0 0 0 0 0 
0 0 0 0 0 0 0 0 0 
0 0 0 0 0 0 0 0 0 
0 0 0 0 0 0 0 0 0 
0 0 0 0 0 0 0 0 0 
0 0 0 0 0 0 0 0 0 
0 0 0 0 0 0 0 0 0 
0 0 0 0 0 0 0 0 0 
0 0 0 0 0 0 0 0 0 
0 0 0 0 0 0 0 0 0 
0 0 0 0 0 0 0 0 0 
0 0 0 0 0 0 0 0 0 
0 0 0 0 0 0 0 0 0 
0 0 0 0 0 0 0 0 0 
0 0 0 0 0 0 0 0 0 
0 0 0 0 0 0 0 0 0 
0 0 0 0 0 0 0 0 0 
0 0 0 0 0 0 0 0 0 
0 0 0 0 0 0 0 0 0 
0 0 0 0 0 0 0 0 0 
0 0 0 0 0 0 0 0 0 
0 0 0 0 0 0 0 0 0 
0 0 0 0 0 0 0 0 0 
0 0 0 0 0 0 0 0 0 
0 0 0 0 0 0 0 0 0 
0 0 0 0 0 0 0 0 0 
0 0 0 0 0 0 0 0 0 
0 0 0 0 0 0 0 0 0 
0 0 0 0 0 0 0 0 0 
0 0 0 0 0 0 0 0 0 
0 0 0 0 0 0 0 0 0 
0 0 0 0 0 0 0 0 0 
0 0 0 0 0 0 0 0 0 
0 0 0 0 0 0 0 0 0 
0 0 0 0 0 0 0 0 0 
0 0 0 0 0 0 0 0 0 
0 0 0 0 0 0 0 0 0 
0 0 0 0 0 0 0 0 0 
0 0 0 0 0 0 0 0 0 
0 0 0 0 0 0 0 0 0 
0 0 0 0 0 0 0 0 0 
0 0 0 0 0 0 0 0 0 
0 0 0 0 0 0 0 0 0 
0 0 0 0 0 0 0 0 0 
0 0 0 0 0 0 0 0 0 
0 0 0 0 0 0 0 0 0 
0 0 0 0 0 0 0 0 0 
0 0 0 0 0 0 0 0 0 
0 0 0 0 0 0 0 0 0 
0 0 0 0 0 0 0 0 0 
0 0 0 0 0 0 0 0 0 
0 0 0 0 0 0 0 0 0 
0 0 0 0 0 0 0 0 0 
0 0 0 0 0 0 0 0 0 
0 0 0 0 0 0 0 0 0 
0 0 0 0 0 0 0 0 0 
0 0 0 0 0 0 0 0 0 
0 0 0 0 0 0 0 0 0 
0 0 0 0 0 0 0 0 0 
0 0 0 0 0 0 0 0 0 
0 0 0 0 0 0 0 0 0 
0 0 0 0 0 0 0 0 0 
0 0 0 0 0 0 0 0 0 
0 0 0 0 0 0 0 0 0 
0 0 0 0 0 0 0 0 0 
0 0 0 0 0 0 0 0 0 
0 0 0 0 0 0 0 0 0 
0 0 0 0 0 0 0 0 0 
0 0 0 0 0 0 0 0 0 
0 0 0 0 0 0 0 0 0 
0 0 0 0 0 0 0 0 0 
0 0 0 0 0 0 0 0 0 
0 0 0 0 0 0 0 0 0 
0 0 0 0 0 0 0 0 0 
0 0 0 0 0 0 0 0 0 
0 0 0 0 0 0 0 0 0 
0 0 0 0 0 0 0 0 0 
0 0 0 0 0 0 0 0 0 
0 0 0 0 0 0 0 0 0 
0 0 0 0 0 0 0 0 0 
0 0 0 0 0 0 0 0 0 
0 0 0 0 0 0 0 0 0 
0 0 0 0 0 0 0 0 0 
0 0 0 0 0 0 0 0 0 
0 0 0 0 0 0 0 0 0 
0 0 0 0 0 0 0 0 0 
0 0 0 0 0 0 0 0 0 
0 0 0 0 0 0 0 0 0 
0 0 0 0 0 0 0 0 0 
0 0 0 0 0 0 0 0 0 
0 0 0 0 0 0 0 0 0 
0 0 0 0 0 0 0 0 0 
0 0 0 0 0 0 0 0 0 
0 0 0 0 0 0 0 0 0 
0 0 0 0 0 0 0 0 0 
0 0 0 0 0 0 0 0 0 
0 0 0 0 0 0 0 0 0 
0 0 0 0 0 0 0 0 0 
0 0 0 0 0 0 0 0 0 
0 0 0 0 0 0 0 0 0 
0 0 0 0 0 0 0 0 0 
0 0 0 0 0 0 0 0 0 
0 0 0 0 0 0 0 0 0 
0 0 0 0 0 0 0 0 0 
0 0 0 0 0 0 0 0 0 
0 0 0 0 0 0 0 0 0 
0 0 0 0 0 0 0 0 0 
0 0 0 0 0 0 0 0 0 
0 0 0 0 0 0 0 0 0 
0 0 0 0 0 0 0 0 0 
0 0 0 0 0 0 0 0 0 
0 0 0 0 0 0 0 0 0 
0 0 0 0 0 0 0 0 0 
0 0 0 0 0 0 0 0 0 
0 0 0 0 0 0 0 0 0 
0 0 0 0 0 0 0 0 0 
0 0 0 0 0 0 0 0 0 
0 0 0 0 0 0 0 0 0 
0 0 0 0 0 0 0 0 0 
0 0 0 0 0 0 0 0 0 
0 0 0 0 0 0 0 0 0 
0 0 0 0 0 0 0 0 0 
0 0 0 0 0 0 0 0 0 
0 0 0 0 0 0 0 0 0 
0 0 0 0 0 0 0 0 0 
0 0 0 0 0 0 0 0 0 
0 0 0 0 0 0 0 0 0 
0 0 0 0 0 0 0 0 0 
0 0 0 0 0 0 0 0 0 
0 0 0 0 0 0 0 0 0 
0 0 0 0 0 0 0 0 0 
0 0 0 0 0 0 0 0 0 
0 0 0 0 0 0 0 0 0 
0 0 0 0 0 0 0 0 0 
0 0 0 0 0 0 0 0 0 
0 0 0 0 0 0 0 0 0 
0 0 0 0 0 0 0 0 0 
0 0 0 0 0 0 0 0 0 
0 0 0 0 0 0 0 0 0 
0 0 0 0 0 0 0 0 0 
0 0 0 0 0 0 0 0 0 
0 0 0 0 0 0 0 0 0 
0 0 0 0 0 0 0 0 0 
0 0 0 0 0 0 0 0 0 
0 0 0 0 0 0 0 0 0 
0 0 0 0 0 0 0 0 0 
0 0 0 0 0 0 0 0 0 
0 0 0 0 0 0 0 0 0 
0 0 0 0 0 0 0 0 0 
0 0 0 0 0 0 0 0 0 
0 0 0 0 0 0 0 0 0 
0 0 0 0 0 0 0 0 0 
0 0 0 0 0 0 0 0 0 
0 0 0 0 0 0 0 0 0 
0 0 0 0 0 0 0 0 0 
0 0 0 0 0 0 0 0 0 
0 0 0 0 0 0 0 0 0 
0 0 0 0 0 0 0 0 0 
0 0 0 0 0 0 0 0 0 
0 0 0 0 0 0 0 0 0 
0 0 0 0 0 0 0 0 0 
0 0 0 0 0 0 0 0 0 
0 0 0 0 0 0 0 0 0 
0 0 0 0 0 0 0 0 0 
0 0 0 0 0 0 0 0 0 
0 0 0 0 0 0 0 0 0 
0 0 0 0 0 0 0 0 0 
0 0 0 0 0 0 0 0 0 
0 0 0 0 0 0 0 0 0 
0 0 0 0 0 0 0 0 0 
0 0 0 0 0 0 0 0 0 
0 0 0 0 0 0 0 0 0 
0 0 0 0 0 0 0 0 0 
0 0 0 0 0 0 0 0 0 
0 0 0 0 0 0 0 0 0 
0 0 0 0 0 0 0 0 0 
0 0 0 0 0 0 0 0 0 
0 0 0 0 0 0 0 0 0 
0 0 0 0 0 0 0 0 0 
0 0 0 0 0 0 0 0 0 
0 0 0 0 0 0 0 0 0 
0 0 0 0 0 0 0 0 0 
0 0 0 0 0 0 0 0 0 
0 0 0 0 0 0 0 0 0 
0 0 0 0 0 0 0 0 0 
0 0 0 0 0 0 0 0 0 
0 0 0 0 0 0 0 0 0 
0 0 0 0 0 0 0 0 0 
0 0 0 0 0 0 0 0 0 
0 0 0 0 0 0 0 0 0 
0 0 0 0 0 0 0 0 0 
0 0 0 0 0 0 0 0 0 
0 0 0 0 0 0 0 0 0 
0 0 0 0 0 0 0 0 0 
0 0 0 0 0 0 0 0 0 
0 0 0 0 0 0 0 0 0 
0 0 0 0 0 0 0 0 0 
0 0 0 0 0 0 0 0 0 
0 0 0 0 0 0 0 0 0 
0 0 0 0 0 0 0 0 0 
0 0 0 0 0 0 0 0 0 
0 0 0 0 0 0 0 0 0 
0 0 0 0 0 0 0 0 0 
0 0 0 0 0 0 0 0 0 
0 0 0 0 0 0 0 0 0 
0 0 0 0 0 0 0 0 0 
0 0 0 0 0 0 0 0 0 
0 0 0 0 0 0 0 0 0 
0 0 0 0 0 0 0 0 0 
0 0 0 0 0 0 0 0 0 
0 0 0 0 0 0 0 0 0 
0 0 0 0 0 0 0 0 0 
0 0 0 0 0 0 0 0 0 
0 0 0 0 0 0 0 0 0 
0 0 0 0 0 0 0 0 0 
0 0 0 0 0 0 0 0 0 
0 0 0 0 0 0 0 0 0 
0 0 0 0 0 0 0 0 0 
0 0 0 0 0 0 0 0 0 
0 0 0 0 0 0 0 0 0 
0 0 0 0 0 0 0 0 0 
0 0 0 0 0 0 0 0 0 
0 0 0 0 0 0 0 0 0 
0 0 0 0 0 0 0 0 0 
0 0 0 0 0 0 0 0 0 
0 0 0 0 0 0 0 0 0 
0 0 0 0 0 0 0 0 0 
0 0 0 0 0 0 0 0 0 
0 0 0 0 0 0 0 0 0 
0 0 0 0 0 0 0 0 0 
0 0 0 0 0 0 0 0 0 
0 0 0 0 0 0 0 0 0 
0 0 0 0 0 0 0 0 0 
0 0 0 0 0 0 0 0 0 
0 0 0 0 0 0 0 0 0 
0 0 0 0 0 0 0 0 0 
0 0 0 0 0 0 0 0 0 
0 0 0 0 0 0 0 0 0 
0 0 0 0 0 0 0 0 0 
0 0 0 0 0 0 0 0 0 
0 0 0 0 0 0 0 0 0 
0 0 0 0 0 0 0 0 0 
0 0 0 0 0 0 0 0 0 
0 0 0 0 0 0 0 0 0 
0 0 0 0 0 0 0 0 0 
0 0 0 0 0 0 0 0 0 
0 0 0 0 0 0 0 0 0 
0 0 0 0 0 0 0 0 0 
0 0 0 0 0 0 0 0 0 
0 0 0 0 0 0 0 0 0 
0 0 0 0 0 0 0 0 0 
0 0 0 0 0 0 0 0 0 
0 0 0 0 0 0 0 0 0 
0 0 0 0 0 0 0 0 0 
0 0 0 0 0 0 0 0 0 
0 0 0 0 0 0 0 0 0 
0 0 0 0 0 0 0 0 0 
0 0 0 0 0 0 0 0 0 
0 0 0 0 0 0 0 0 0 
0 0 0 0 0 0 0 0 0 
0 0 0 0 0 0 0 0 0 
0 0 0 0 0 0 0 0 0 
0 0 0 0 0 0 0 0 0 
0 0 0 0 0 0 0 0 0 
0 0 0 0 0 0 0 0 0 
0 0 0 0 0 0 0 0 0 
0 0 0 0 0 0 0 0 0 
0 0 0 0 0 0 0 0 0 
0 0 0 0 0 0 0 0 0 
0 0 0 0 0 0 0 0 0 
0 0 0 0 0 0 0 0 0 
0 0 0 0 0 0 0 0 0 
0 0 0 0 0 0 0 0 0 
0 0 0 0 0 0 0 0 0 
0 0 0 0 0 0 0 0 0 
0 0 0 0 0 0 0 0 0 
0 0 0 0 0 0 0 0 0 
0 0 0 0 0 0 0 0 0 
0 0 0 0 0 0 0 0 0 
0 0 0 0 0 0 0 0 0 
0 0 0 0 0 0 0 0 0 
0 0 0 0 0 0 0 0 0 
0 0 0 0 0 0 0 0 0 
0 0 0 0 0 0 0 0 0 
0 0 0 0 0 0 0 0 0 
0 0 0 0 0 0 0 0 0 
0 0 0 0 0 0 0 0 0 
0 0 0 0 0 0 0 0 0 
0 0 0 0 0 0 0 0 0 
0 0 0 0 0 0 0 0 0 
0 0 0 0 0 0 0 0 0 
0 0 0 0 0 0 0 0 0 
0 0 0 0 0 0 0 0 0 
0 0 0 0 0 0 0 0 0 
0 0 0 0 0 0 0 0 0 
0 0 0 0 0 0 0 0 0 
0 0 0 0 0 0 0 0 0 
0 0 0 0 0 0 0 0 0 
0 0 0 0 0 0 0 0 0 
0 0 0 0 0 0 0 0 0 
0 0 0 0 0 0 0 0 0 
0 0 0 0 0 0 0 0 0 
0 0 0 0 0 0 0 0 0 
0 0 0 0 0 0 0 0 0 
0 0 0 0 0 0 0 0 0 
0 0 0 0 0 0 0 0 0 
0 0 0 0 0 0 0 0 0 
0 0 0 0 0 0 0 0 0 
0 0 0 0 0 0 0 0 0 
0 0 0 0 0 0 0 0 0 
0 0 0 0 0 0 0 0 0 
0 0 0 0 0 0 0 0 0 
0 0 0 0 0 0 0 0 0 
0 0 0 0 0 0 0 0 0 
0 0 0 0 0 0 0 0 0 
0 0 0 0 0 0 0 0 0 
0 0 0 0 0 0 0 0 0 
0 0 0 0 0 0 0 0 0 
0 0 0 0 0 0 0 0 0 
0 0 0 0 0 0 0 0 0 
0 0 0 0 0 0 0 0 0 
0 0 0 0 0 0 0 0 0 
0 0 0 0 0 0 0 0 0 
0 0 0 0 0 0 0 0 0 
0 0 0 0 0 0 0 0 0 
0 0 0 0 0 0 0 0 0 
0 0 0 0 0 0 0 0 0 
0 0 0 0 0 0 0 0 0 
0 0 0 0 0 0 0 0 0 
0 0 0 0 0 0 0 0 0 
0 0 0 0 0 0 0 0 0 
0 0 0 0 0 0 0 0 0 
0 0 0 0 0 0 0 0 0 
0 0 0 0 0 0 0 0 0 
0 0 0 0 0 0 0 0 0 
0 0 0 0 0 0 0 0 0 
0 0 0 0 0 0 0 0 0 
0 0 0 0 0 0 0 0 0 
0 0 0 0 0 0 0 0 0 
0 0 0 0 0 0 0 0 0 
0 0 0 0 0 0 0 0 0 
0 0 0 0 0 0 0 0 0 
0 0 0 0 0 0 0 0 0 
0 0 0 0 0 0 0 0 0 
0 0 0 0 0 0 0 0 0 
0 0 0 0 0 0 0 0 0 
0 0 0 0 0 0 0 0 0 
0 0 0 0 0 0 0 0 0 
0 0 0 0 0 0 0 0 0 
0 0 0 0 0 0 0 0 0 
0 0 0 0 0 0 0 0 0 
0 0 0 0 0 0 0 0 0 
0 0 0 0 0 0 0 0 0 
0 0 0 0 0 0 0 0 0 
0 0 0 0 0 0 0 0 0 
0 0 0 0 0 0 0 0 0 
0 0 0 0 0 0 0 0 0 
0 0 0 0 0 0 0 0 0 
0 0 0 0 0 0 0 0 0 
0 0 0 0 0 0 0 0 0 
0 0 0 0 0 0 0 0 0 
0 0 0 0 0 0 0 0 0 
0 0 0 0 0 0 0 0 0 
0 0 0 0 0 0 0 0 0 
0 0 0 0 0 0 0 0 0 
0 0 0 0 0 0 0 0 0 
0 0 0 0 0 0 0 0 0 
0 0 0 0 0 0 0 0 0 
0 0 0 0 0 0 0 0 0 
0 0 0 0 0 0 0 0 0 
0 0 0 0 0 0 0 0 0 
0 0 0 0 0 0 0 0 0 
0 0 0 0 0 0 0 0 0 
0 0 0 0 0 0 0 0 0 
0 0 0 0 0 0 0 0 0 
0 0 0 0 0 0 0 0 0 
0 0 0 0 0 0 0 0 0 
0 0 0 0 0 0 0 0 0 
0 0 0 0 0 0 0 0 0 
0 0 0 0 0 0 0 0 0 
0 0 0 0 0 0 0 0 0 
0 0 0 0 0 0 0 0 0 
0 0 0 0 0 0 0 0 0 
0 0 0 0 0 0 0 0 0 
0 0 0 0 0 0 0 0 0 
0 0 0 0 0 0 0 0 0 
0 0 0 0 0 0 0 0 0 
0 0 0 0 0 0 0 0 0 
0 0 0 0 0 0 0 0 0 
0 0 0 0 0 0 0 0 0 
0 0 0 0 0 0 0 0 0 
0 0 0 0 0 0 0 0 0 
0 0 0 0 0 0 0 0 0 
0 0 0 0 0 0 0 0 0 
0 0 0 0 0 0 0 0 0 
0 0 0 0 0 0 0 0 0 
0 0 0 0 0 0 0 0 0 
0 0 0 0 0 0 0 0 0 
0 0 0 0 0 0 0 0 0 
0 0 0 0 0 0 0 0 0 
0 0 0 0 0 0 0 0 0 
0 0 0 0 0 0 0 0 0 
0 0 0 0 0 0 0 0 0 
0 0 0 0 0 0 0 0 0 
0 0 0 0 0 0 0 0 0 
0 0 0 0 0 0 0 0 0 
0 0 0 0 0 0 0 0 0 
0 0 0 0 0 0 0 0 0 
0 0 0 0 0 0 0 0 0 
0 0 0 0 0 0 0 0 0 
0 0 0 0 0 0 0 0 0 
0 0 0 0 0 0 0 0 0 
0 0 0 0 0 0 0 0 0 
0 0 0 0 0 0 0 0 0 
0 0 0 0 0 0 0 0 0 
0 0 0 0 0 0 0 0 0 
0 0 0 0 0 0 0 0 0 
0 0 0 0 0 0 0 0 0 
0 0 0 0 0 0 0 0 0 
0 0 0 0 0 0 0 0 0 
0 0 0 0 0 0 0 0 0 
0 0 0 0 0 0 0 0 0 
0 0 0 0 0 0 0 0 0 
0 0 0 0 0 0 0 0 0 
0 0 0 0 0 0 0 0 0 
0 0 0 0 0 0 0 0 0 
0 0 0 0 0 0 0 0 0 
0 0 0 0 0 0 0 0 0 
0 0 0 0 0 0 0 0 0 
0 0 0 0 0 0 0 0 0 
0 0 0 0 0 0 0 0 0 
0 0 0 0 0 0 0 0 0 
0 0 0 0 0 0 0 0 0 
0 0 0 0 0 0 0 0 0 
0 0 0 0 0 0 0 0 0 
0 0 0 0 0 0 0 0 0 
0 0 0 0 0 0 0 0 0 
0 0 0 0 0 0 0 0 0 
0 0 0 0 0 0 0 0 0 
0 0 0 0 0 0 0 0 0 
0 0 0 0 0 0 0 0 0 
0 0 0 0 0 0 0 0 0 
0 0 0 0 0 0 0 0 0 
0 0 0 0 0 0 0 0 0 
0 0 0 0 0 0 0 0 0 
0 0 0 0 0 0 0 0 0 
0 0 0 0 0 0 0 0 0 
0 0 0 0 0 0 0 0 0 
0 0 0 0 0 0 0 0 0 
0 0 0 0 0 0 0 0 0 
0 0 0 0 0 0 0 0 0 
0 0 0 0 0 0 0 0 0 
0 0 0 0 0 0 0 0 0 
0 0 0 0 0 0 0 0 0 
0 0 0 0 0 0 0 0 0 
0 0 0 0 0 0 0 0 0 
0 0 0 0 0 0 0 0 0 
0 0 0 0 0 0 0 0 0 
0 0 0 0 0 0 0 0 0 
0 0 0 0 0 0 0 0 0 
0 0 0 0 0 0 0 0 0 
0 0 0 0 0 0 0 0 0 
0 0 0 0 0 0 0 0 0 
0 0 0 0 0 0 0 0 0 
0 0 0 0 0 0 0 0 0 
0 0 0 0 0 0 0 0 0 
0 0 0 0 0 0 0 0 0 
0 0 0 0 0 0 0 0 0 
0 0 0 0 0 0 0 0 0 
0 0 0 0 0 0 0 0 0 
0 0 0 0 0 0 0 0 0 
0 0 0 0 0 0 0 0 0 
0 0 0 0 0 0 0 0 0 
0 0 0 0 0 0 0 0 0 
0 0 0 0 0 0 0 0 0 
0 0 0 0 0 0 0 0 0 
0 0 0 0 0 0 0 0 0 
0 0 0 0 0 0 0 0 0 
0 0 0 0 0 0 0 0 0 
0 0 0 0 0 0 0 0 0 
0 0 0 0 0 0 0 0 0 
0 0 0 0 0 0 0 0 0 
0 0 0 0 0 0 0 0 0 
0 0 0 0 0 0 0 0 0 
0 0 0 0 0 0 0 0 0 
0 0 0 0 0 0 0 0 0 
0 0 0 0 0 0 0 0 0 
0 0 0 0 0 0 0 0 0 
0 0 0 0 0 0 0 0 0 
0 0 0 0 0 0 0 0 0 
0 0 0 0 0 0 0 0 0 
0 0 0 0 0 0 0 0 0 
0 0 0 0 0 0 0 0 0 
0 0 0 0 0 0 0 0 0 
0 0 0 0 0 0 0 0 0 
0 0 0 0 0 0 0 0 0 
0 0 0 0 0 0 0 0 0 
0 0 0 0 0 0 0 0 0 
0 0 0 0 0 0 0 0 0 
0 0 0 0 0 0 0 0 0 
0 0 0 0 0 0 0 0 0 
0 0 0 0 0 0 0 0 0 
0 0 0 0 0 0 0 0 0 
0 0 0 0 0 0 0 0 0 
0 0 0 0 0 0 0 0 0 
0 0 0 0 0 0 0 0 0 
0 0 0 0 0 0 0 0 0 
0 0 0 0 0 0 0 0 0 
0 0 0 0 0 0 0 0 0 
0 0 0 0 0 0 0 0 0 
0 0 0 0 0 0 0 0 0 
0 0 0 0 0 0 0 0 0 
0 0 0 0 0 0 0 0 0 
0 0 0 0 0 0 0 0 0 
0 0 0 0 0 0 0 0 0 
0 0 0 0 0 0 0 0 0 
0 0 0 0 0 0 0 0 0 
0 0 0 0 0 0 0 0 0 
0 0 0 0 0 0 0 0 0 
0 0 0 0 0 0 0 0 0 
0 0 0 0 0 0 0 0 0 
0 0 0 0 0 0 0 0 0 
0 0 0 0 0 0 0 0 0 
0 0 0 0 0 0 0 0 0 
0 0 0 0 0 0 0 0 0 
0 0 0 0 0 0 0 0 0 
0 0 0 0 0 0 0 0 0 
0 0 0 0 0 0 0 0 0 
0 0 0 0 0 0 0 0 0 
0 0 0 0 0 0 0 0 0 
0 0 0 0 0 0 0 0 0 
0 0 0 0 0 0 0 0 0 
0 0 0 0 0 0 0 0 0 
0 0 0 0 0 0 0 0 0 
0 0 0 0 0 0 0 0 0 
0 0 0 0 0 0 0 0 0 
0 0 0 0 0 0 0 0 0 
0 0 0 0 0 0 0 0 0 
0 0 0 0 0 0 0 0 0 
0 0 0 0 0 0 0 0 0 
0 0 0 0 0 0 0 0 0 
0 0 0 0 0 0 0 0 0 
0 0 0 0 0 0 0 0 0 
0 0 0 0 0 0 0 0 0 
0 0 0 0 0 0 0 0 0 
0 0 0 0 0 0 0 0 0 
0 0 0 0 0 0 0 0 0 
0 0 0 0 0 0 0 0 0 
0 0 0 0 0 0 0 0 0 
0 0 0 0 0 0 0 0 0 
0 0 0 0 0 0 0 0 0 
0 0 0 0 0 0 0 0 0 
0 0 0 0 0 0 0 0 0 
0 0 0 0 0 0 0 0 0 
0 0 0 0 0 0 0 0 0 
0 0 0 0 0 0 0 0 0 
0 0 0 0 0 0 0 0 0 
0 0 0 0 0 0 0 0 0 
0 0 0 0 0 0 0 0 0 
0 0 0 0 0 0 0 0 0 
0 0 0 0 0 0 0 0 0 
0 0 0 0 0 0 0 0 0 
0 0 0 0 0 0 0 0 0 
0 0 0 0 0 0 0 0 0 
0 0 0 0 0 0 0 0 0 
0 0 0 0 0 0 0 0 0 
0 0 0 0 0 0 0 0 0 
0 0 0 0 0 0 0 0 0 
0 0 0 0 0 0 0 0 0 
0 0 0 0 0 0 0 0 0 
0 0 0 0 0 0 0 0 0 
0 0 0 0 0 0 0 0 0 
0 0 0 0 0 0 0 0 0 
0 0 0 0 0 0 0 0 0 
0 0 0 0 0 0 0 0 0 
0 0 0 0 0 0 0 0 0 
0 0 0 0 0 0 0 0 0 
0 0 0 0 0 0 0 0 0 
0 0 0 0 0 0 0 0 0 
0 0 0 0 0 0 0 0 0 
0 0 0 0 0 0 0 0 0 
0 0 0 0 0 0 0 0 0 
0 0 0 0 0 0 0 0 0 
0 0 0 0 0 0 0 0 0 
0 0 0 0 0 0 0 0 0 
0 0 0 0 0 0 0 0 0 
0 0 0 0 0 0 0 0 0 
0 0 0 0 0 0 0 0 0 
0 0 0 0 0 0 0 0 0 
0 0 0 0 0 0 0 0 0 
0 
GF 1 10000 double
3.9216049852e-10 4.6684422994e-10 6.2708221948e-10 8.9566770667e-10 1.3094663132e-09 1.9227475168e-09 2.8118278816e-09 4.0811900526e-09 5.8712781303e-09 
8.3682003549e-09 1.1815599166e-08 1.6528973745e-08 2.2912781006e-08 3.1480610119e-08 4.2878784967e-08 5.791376978e-08 7.7583493407e-08 1.0311288179e-07 
1.3599334636e-07 1.7802572927e-07 2.3136539085e-07 2.985669596e-07 3.8262538737e-07 4.8700781008e-07 6.1566856857e-07 7.7303928947e-07 9.639838936e-07 
1.1937088402e-06 1.4676223827e-06 1.7911387431e-06 2.1694324914e-06 2.6071511456e-06 3.1081056022e-06 3.6749620449e-06 4.3089521569e-06 5.0096305131e-06 
5.7746879065e-06 6.599821063e-06 7.478671705e-06 8.4028106357e-06 9.3617782113e-06 1.0343171198e-05 1.1332782378e-05 1.2314806554e-05 1.3272140677e-05 
1.418674492e-05 1.504012107e-05 1.5813853679e-05 1.6490230337e-05 1.7052869225e-05 1.7487393052e-05 1.7782000214e-05 1.7928039597e-05 1.7920430764e-05 
1.7757962269e-05 1.7443451725e-05 1.6983691239e-05 1.6389254597e-05 1.5674093447e-05 1.485496432e-05 1.3950781977e-05 1.2981830878e-05 1.1968973013e-05 
1.0932870282e-05 9.8932623587e-06 8.8683482318e-06 7.8742841652e-06 6.9248367254e-06 6.0311504058e-06 5.2016675909e-06 4.4421635721e-06 3.7558857002e-06 
3.1437737107e-06 2.6047543997e-06 2.1360667688e-06 1.7336149085e-06 1.3923203142e-06 1.1064593082e-06 8.6997135895e-07 6.7672755222e-07 5.2075193935e-07 
3.9639445504e-07 2.984544949e-07 2.222590183e-07 1.6370071876e-07 1.1924319665e-07 8.589982059e-08 6.1194604939e-08 4.3110730985e-08 3.003326654e-08 
2.0690276159e-08 1.4096017686e-08 9.4985912469e-09 6.3334368861e-09 4.1834189446e-09 2.7455653306e-09 1.8041635963e-09 1.2096877944e-09 8.6292789581e-10 
7.0371419802e-10 4.9144721626e-10 5.8491811394e-10 7.8543205273e-10 1.1214392748e-09 1.6389335444e-09 2.4055808456e-09 3.5164655632e-09 5.1016479929e-09 
7.3357786512e-09 1.0450035504e-08 1.4746701638e-08 2.0616708341e-08 2.8560560139e-08 3.9212970648e-08 5.3371753239e-08 7.2031269838e-08 9.6420997409e-08 
1.2804935068e-07 1.6875286235e-07 2.2075008133e-07 2.8669890639e-07 3.6975421835e-07 4.7362144073e-07 6.0259799284e-07 7.6159358287e-07 9.5611608231e-07 
1.1922095382e-06 1.4763313629e-06 1.8151579297e-06 2.2153199097e-06 2.6830687148e-06 3.2238981476e-06 3.842148999e-06 4.540628197e-06 5.3202811614e-06 
6.1799464675e-06 7.1161898632e-06 8.1232419689e-06 9.1929978225e-06 1.0315071449e-05 1.1476878171e-05 1.2663741472e-05 1.3859028513e-05 1.504433385e-05 
1.6199743186e-05 1.7304189896e-05 1.8335940695e-05 1.9273176804e-05 2.0094714273e-05 2.0780744308e-05 2.1313613615e-05 2.1678621124e-05 2.186468555e-05 
2.1864952942e-05 2.1677240511e-05 2.1304254915e-05 2.0753639546e-05 2.0037763534e-05 1.9173248802e-05 1.8180320694e-05 1.7081963961e-05 1.5902951418e-05 
1.4668859876e-05 1.3405063328e-05 1.2135832549e-05 1.0883557479e-05 9.6681251307e-06 8.5064830273e-06 7.4123690865e-06 6.3962097556e-06 5.4651723076e-06 
4.6233344619e-06 3.8719563236e-06 3.2098344036e-06 2.6336949759e-06 2.1386222215e-06 1.7184838725e-06 1.366340598e-06 1.0748226487e-06 8.3645778659e-07 
6.4394532728e-07 4.9036901828e-07 3.6935190906e-07 2.7515548595e-07 2.0272922541e-07 1.4771934786e-07 1.0644518511e-07 7.58524763e-08 5.3451348236e-08 
3.7246646656e-08 2.5665977788e-08 1.7490066284e-08 1.1788405807e-08 7.8620292498e-09 5.1942836699e-09 3.4097837887e-09 2.2411756895e-09 1.5030862111e-09 
1.0724909849e-09 8.7476520472e-10 7.10603687e-10 8.4551510238e-10 1.1348608719e-09 1.6195491614e-09 2.3656718806e-09 3.4703790952e-09 5.0700399434e-09 
7.3509522913e-09 1.0562927422e-08 1.5036109247e-08 2.1201445932e-08 2.9615284447e-08 4.0988577865e-08 5.6221352907e-08 7.6443058106e-08 1.0305952713e-07 
1.3780748986e-07 1.8281711789e-07 2.4068330617e-07 3.1454501936e-07 4.0817124614e-07 5.2604946177e-07 6.7346923061e-07 8.5658740545e-07 1.0824616083e-06 
1.3590255321e-06 1.6949862811e-06 2.0996192234e-06 2.5824433578e-06 3.1527827105e-06 3.8192229113e-06 4.5890119509e-06 5.4674565035e-06 6.4573932832e-06 
7.5587786341e-06 8.7684657046e-06 1.0080157153e-05 1.1484515198e-05 1.2969369891e-05 1.4519967408e-05 1.6119172869e-05 1.774762859e-05 1.93838423e-05 
2.1004276277e-05 2.2583484679e-05 2.409438639e-05 2.5508703402e-05 2.6797608371e-05 2.7932575904e-05 2.8886384825e-05 2.963420593e-05 3.015474249e-05 
3.043131801e-05 3.0452816645e-05 3.0214483559e-05 2.9718426958e-05 2.8973805456e-05 2.7996626159e-05 2.6809215342e-05 2.5439294404e-05 2.3918759325e-05 
2.2282305508e-05 2.0565912564e-05 1.8805380023e-05 1.7035001292e-05 1.5286415874e-05 1.3587713511e-05 1.1962823919e-05 1.0431152077e-05 9.0074499894e-06 
7.7019067248e-06 6.5203967097e-06 5.4648703554e-06 4.5338324526e-06 3.7228965084e-06 3.0253652312e-06 2.4328187465e-06 1.9356796201e-06 1.5237326352e-06 
1.1865860188e-06 9.140545103e-07 6.9646318934e-07 5.2487007451e-07 3.9121056261e-07 2.8837345667e-07 2.1021774899e-07 1.5154412836e-07 1.0803214678e-07 
7.6155764361e-08 5.3086509411e-08 3.659326353e-08 2.4944565524e-08 1.6818098914e-08 1.1219962737e-08 7.4150983131e-09 4.8691704002e-09 3.201449994e-09 
2.1478543388e-09 1.5330712255e-09 1.250729964e-09 1.0940210959e-09 1.3013587985e-09 1.7459353963e-09 2.4903819007e-09 3.6358167588e-09 5.3307482872e-09 
7.7834076961e-09 1.127790128e-08 1.6194642072e-08 2.3035559238e-08 3.2454721577e-08 4.5295010409e-08 6.2631613673e-08 8.582341593e-08 1.1657325416e-07 
1.5699869493e-07 2.0971482684e-07 2.7793097956e-07 3.655627836e-07 4.7736000397e-07 6.1904825088e-07 7.9747769632e-07 1.0207671721e-06 1.2984201021e-06 
1.6413825961e-06 2.062001613e-06 2.5738359e-06 3.1912827581e-06 3.9289866436e-06 4.80103472e-06 5.8199930209e-06 6.9958555287e-06 8.335046914e-06 
9.8396121757e-06 1.150672324e-05 1.332858119e-05 1.5292698663e-05 1.7382501028e-05 1.9578052161e-05 2.1856769308e-05 2.4193930585e-05 2.6562916901e-05 
2.8935144655e-05 3.1279865652e-05 3.3563894249e-05 3.5751545511e-05 3.7804791646e-05 3.9683942305e-05 4.1348564991e-05 4.2758929339e-05 4.3877611461e-05 
4.4671327487e-05 4.5112767111e-05 4.518233618e-05 4.4869630074e-05 4.4174517825e-05 4.3107778765e-05 4.1690971557e-05 3.9955797547e-05 3.7942761992e-05 
3.5699242289e-05 3.3277323382e-05 3.0731320294e-05 2.8115444366e-05 2.5481638659e-05 2.2877775336e-05 2.0346282326e-05 1.7923208361e-05 1.5637742763e-05 
1.3512044461e-05 1.1561443898e-05 9.7948432085e-06 8.215321941e-06 6.8208601078e-06 5.605142178e-06 4.5584174586e-06 3.6683527469e-06 2.9208579235e-06 
2.3008544758e-06 1.7929507976e-06 1.3820184677e-06 1.0536480204e-06 7.9448886936e-07 5.9247275885e-07 4.3693711405e-07 3.186573565e-07 2.2981117809e-07 
1.638892968e-07 1.1557276736e-07 8.0590410789e-08 5.5569881141e-08 3.7892018412e-08 2.5555126015e-08 1.7053732648e-08 1.1273824541e-08 7.4052177723e-09 
4.8703894251e-09 3.2686127138e-09 2.3337820565e-09 1.9044041899e-09 1.7166600363e-09 2.0414672175e-09 2.7377726752e-09 3.9033363208e-09 5.6958957551e-09 
8.3469151591e-09 1.2180603193e-08 1.7638756233e-08 2.5312109742e-08 3.5978910518e-08 5.0651657091e-08 7.0632971472e-08 9.7581931868e-08 1.3359246509e-07 
1.8128601198e-07 2.4392136311e-07 3.255250931e-07 4.3104734004e-07 5.6654596392e-07 7.3940299217e-07 9.5856933058e-07 1.2348305063e-06 1.5810663854e-06 
2.0124689399e-06 2.5466520128e-06 3.2035736695e-06 4.0051832002e-06 4.974710464e-06 6.1355367507e-06 7.5096850196e-06 9.1160009106e-06 1.0968245988e-05 
1.3073354239e-05 1.5430152416e-05 1.8028820705e-05 2.0851208319e-05 2.3871993108e-05 2.7060421417e-05 3.0382310797e-05 3.3801818063e-05 3.7282632547e-05 
4.0788363549e-05 4.4282078306e-05 4.7725301556e-05 5.1076658565e-05 5.4290827393e-05 5.7317869505e-05 6.010346624e-05 6.2589933805e-05 6.4718144131e-05 
6.643000961e-05 6.7671600846e-05 6.839636626e-05 6.8568406277e-05 6.8165390985e-05 6.7180932092e-05 6.5626052674e-05 6.3529521867e-05 6.0937076341e-05 
5.7909357565e-05 5.451886318e-05 5.0846236263e-05 4.6976143494e-05 4.2993287934e-05 3.8978774683e-05 3.5007160477e-05 3.1144241802e-05 2.7445667001e-05 
2.3956239602e-05 2.0709827368e-05 1.7729766114e-05 1.5029582755e-05 1.2613972103e-05 1.0479938283e-05 8.6180252765e-06 7.0135911301e-06 5.6480821513e-06 
4.5002602747e-06 3.5473447042e-06 2.7660262276e-06 2.1333394216e-06 1.6273578467e-06 1.2277195083e-06 9.1598082008e-07 6.7581339636e-07 4.9306737537e-07 
3.5572438151e-07 2.5377028123e-07 1.7901209048e-07 1.2486414391e-07 8.6121964671e-08 5.8740333486e-08 3.9625678738e-08 2.6449995971e-08 1.748978562e-08 
1.1491056107e-08 7.5596178206e-09 5.0748178992e-09 3.6244045543e-09 2.9581441741e-09 2.694975576e-09 3.2041089781e-09 4.2953360868e-09 6.1213647484e-09 
8.9284410976e-09 1.3077607441e-08 1.9074050783e-08 2.7605375763e-08 3.9589735934e-08 5.6234984669e-08 7.9110158424e-08 1.1023085733e-07 1.5216082261e-07 
2.0813257606e-07 2.8219119486e-07 3.793673784e-07 5.0588732847e-07 6.6942914145e-07 8.7943493554e-07 1.1474871826e-06 1.4877471131e-06 1.9174394765e-06 
2.45734077e-06 3.1321926599e-06 3.9709175326e-06 5.0064804782e-06 6.2752110352e-06 7.815428944e-06 9.6652738648e-06 1.1859781807e-05 1.442743087e-05 
1.7386557374e-05 2.0742232664e-05 2.4484214009e-05 2.8586498956e-05 3.3008738683e-05 3.7699428503e-05 4.2600291636e-05 4.7651075874e-05 5.2793660871e-05 
5.7974797528e-05 6.3146682805e-05 6.8265668233e-05 7.3289171269e-05 7.8171935456e-05 8.2862316049e-05 8.7299573352e-05 9.1412628535e-05 9.5120725746e-05 
9.8335905932e-05 0.00010096697952 0.00010292480874 0.00010412825213 0.0001045103927 0.00010402434418 0.00010264831508 0.00010038891924 9.7282674687e-05 
9.3395115982e-05 8.8817723736e-05 8.3662795078e-05 7.8057077189e-05 7.2134593211e-05 6.6029700974e-05 5.9870821133e-05 5.3775493143e-05 4.7846762754e-05 
4.217107562e-05 3.6817400542e-05 3.1837371353e-05 2.7266192774e-05 2.3123970095e-05 1.9417382646e-05 1.6141535525e-05 1.3281849533e-05 1.0815996575e-05 
8.7157823145e-06 6.9489660746e-06 5.4809502217e-06 4.2762912926e-06 3.3000087569e-06 2.5186384391e-06 1.901042765e-06 1.4189638478e-06 1.0473373777e-06 
7.6440676366e-07 5.516649253e-07 3.9367017735e-07 2.7777471701e-07 1.9380141225e-07 1.3370083707e-07 9.1211930453e-08 6.1543559582e-08 4.1088444647e-08 
2.7174792194e-08 1.7857932022e-08 1.175073816e-08 7.8901667422e-09 5.6364037881e-09 4.6010293353e-09 4.2029486558e-09 4.9958108761e-09 6.6948144806e-09 
9.5369614428e-09 1.3904196017e-08 2.0356065278e-08 2.9674723123e-08 4.2923492316e-08 6.1520367467e-08 8.7328132281e-08 1.2276312589e-07 1.7092533255e-07 
2.3575350383e-07 3.2221086599e-07 4.3650953785e-07 5.8638602241e-07 7.8144319104e-07 1.0335803609e-06 1.3575330513e-06 1.7715411786e-06 2.2981473649e-06 
2.9651000659e-06 3.8062794374e-06 4.8624956435e-06 6.1819187067e-06 7.8198218034e-06 9.8372865978e-06 1.2298543879e-05 1.5266761693e-05 1.8798382371e-05 
2.2936486857e-05 2.7704027161e-05 3.3098101994e-05 3.9086622564e-05 4.5608314394e-05 5.2576750022e-05 5.9887934185e-05 6.7430410127e-05 7.5095951615e-05 
8.2788821601e-05 9.0431523859e-05 9.7966010799e-05 0.00010535027832 0.00011255100253 0.00011953418289 0.0001262556616 0.00013265323651 0.00013864191715 
0.00014411304437 0.00014893706248 0.00015297005302 0.00015606277157 0.00015807179443 0.00015887142217 0.00015836529201 0.00015649682609 0.00015325660934 
0.00014868620201 0.0001428778487 0.00013596957433 0.00012813651119 0.0001195797231 0.00011051353067 0.00010115310579 9.1703615908e-05 8.2351645688e-05 
7.3259237979e-05 6.4560757892e-05 5.6361954194e-05 4.8740766943e-05 4.1749222873e-05 3.5416134779e-05 2.9749984606e-05 2.4741964808e-05 2.0368988771e-05 
1.6596584828e-05 1.3381699318e-05 1.0675333215e-05 8.4250077634e-06 6.5769772846e-06 5.0781536629e-06 3.8776838664e-06 2.9281732168e-06 2.1865334929e-06 
1.6144816755e-06 1.1787332141e-06 8.5093171265e-07 6.07387733e-07 4.2867472416e-07 2.9914616562e-07 2.0641616061e-07 1.4084383793e-07 9.5047589355e-08 
6.3466984557e-08 4.1982037402e-08 2.759302653e-08 1.8159699522e-08 1.2195814136e-08 8.7138101179e-09 7.1140786595e-09 6.4944796208e-09 7.7179116431e-09 
1.0339052281e-08 1.4722386865e-08 2.1454960475e-08 3.1396076849e-08 4.5745704114e-08 6.6133267751e-08 9.4728910938e-08 1.3437960433e-07 1.8877351238e-07 
2.6263666086e-07 3.6196928477e-07 4.9433157301e-07 6.6919506025e-07 8.9838482609e-07 1.1966445754e-06 1.5823669628e-06 2.0785416837e-06 2.7139551548e-06 
3.5246625885e-06 4.5556803343e-06 5.8627456383e-06 7.5138627835e-06 9.5901477835e-06 1.2185373635e-05 1.5403493308e-05 1.9353510652e-05 2.4141359972e-05 
2.9858991184e-05 3.6571633245e-05 4.4304957555e-05 5.3034567827e-05 6.268035213e-05 7.3107912613e-05 8.4138024249e-05 9.556349687e-05 0.00010717099212 
0.00011876390636 0.00013018198661 0.00014131359058 0.00015209801495 0.00016251772468 0.00017258222215 0.00018230685964 0.00019169077859 0.00020069813763 
0.00020924501587 0.00021719430515 0.00022435834398 0.00023050916207 0.00023539456015 0.00023875884654 0.00024036568357 0.00024002125429 0.0002375949698 
0.00023303549096 0.00022637975053 0.00021775386995 0.00020736573788 0.00019549002172 0.00018244824605 0.00016858613526 0.00015425133461 0.00013977412891 
0.00012545238133 0.00011154181266 9.8251206509e-05 8.5741768999e-05 7.4129486165e-05 6.3489307649e-05 5.3860319895e-05 4.5251017582e-05 3.764444773e-05 
3.1002968171e-05 2.5272682251e-05 2.0387487893e-05 1.6272901121e-05 1.2849539416e-05 1.0036274034e-05 7.7530112321e-06 5.9229873841e-06 4.4745752348e-06 
3.3425592392e-06 2.4689099973e-06 1.8030938236e-06 1.3020006691e-06 9.2956696562e-07 6.5618678491e-07 4.5799089321e-07 3.1606899142e-07 2.1569202602e-07 
1.4557636518e-07 9.7218396888e-08 6.431531574e-08 4.227682382e-08 2.7827091742e-08 1.869096522e-08 1.3356481254e-08 1.0905556458e-08 9.9336929793e-09 
1.1802484323e-08 1.5805488474e-08 2.2497616214e-08 3.2772071279e-08 4.7935252212e-08 6.9809622971e-08 1.0086704805e-07 1.4439547158e-07 2.0470282891e-07 
2.8736295121e-07 3.9951163444e-07 5.5020467471e-07 7.5085779372e-07 1.0157996257e-06 1.3629867226e-06 1.8149446532e-06 2.4000282792e-06 3.1540910186e-06 
4.1226630856e-06 5.3636595112e-06 6.9505463216e-06 8.975685887e-06 1.1553283002e-05 1.4821058357e-05 1.8939415895e-05 2.4086773919e-05 3.044978439e-05 
3.8207843318e-05 4.7512265155e-05 5.8462064771e-05 7.107975398e-05 8.5291940195e-05 0.00010091970034 0.00011768313561 0.00013522189693 0.00015313032782 
0.00017100255354 0.00018847965111 0.00020528960158 0.00022127255215 0.00023638582206 0.00025068750256 0.00026430276921 0.00027737909113 0.00029003882082 
0.00030233745929 0.0003142330097 0.00032557101804 0.00033608532976 0.00034541409696 0.00035312838736 0.00035877109622 0.00036189999082 0.00036213328713 
0.00035919045331 0.00035292515531 0.00034334493103 0.00033061561408 0.00031504960498 0.00029708014335 0.00027722542291 0.00025604764232 0.00023411323491 
0.00021195768204 0.00019005962531 0.00016882417549 0.00014857579663 0.0001295589027 0.00011194339459 9.5833784144e-05 8.1278965808e-05 6.828198093e-05 
5.6808985391e-05 4.6796852985e-05 3.8159989344e-05 3.0796243664e-05 2.4592200134e-05 1.9428009182e-05 1.5181764866e-05 1.1733357496e-05 8.9677268988e-06 
6.7774562922e-06 5.0646426644e-06 3.7420556964e-06 2.73362798e-06 1.9743774828e-06 1.4098767451e-06 9.9539420262e-07 6.9483166953e-07 4.7956802973e-07 
3.2729610666e-07 2.2091795415e-07 1.4754327538e-07 9.7614815786e-08 6.4170535552e-08 4.2241282472e-08 2.8375421124e-08 2.0278987378e-08 1.6558994176e-08 
1.503496172e-08 1.7859772328e-08 2.3909437985e-08 3.4020004591e-08 4.9536375002e-08 7.2424022335e-08 1.0542210305e-07 1.5224156868e-07 2.1781254134e-07 
3.0858649325e-07 4.3290197027e-07 6.0142662051e-07 8.2769867049e-07 1.1288040014e-06 1.5262500028e-06 2.0471295556e-06 2.7257030979e-06 3.6055746477e-06 
4.7426551646e-06 6.2090889514e-06 8.0982272266e-06 1.0530505278e-05 1.3659697288e-05 1.7678497898e-05 2.2821728635e-05 2.9364882721e-05 3.7615394831e-05 
4.7894343879e-05 6.0507354647e-05 7.5705465861e-05 9.3639740953e-05 0.00011431617168 0.0001375599968 0.00016299914569 0.00019007505034 0.00021808434394 
0.00024624925572 0.00027380679967 0.00030010225601 0.00032466879929 0.00034727776074 0.00036794887274 0.00038691874943 0.00040457330761 0.00042135751573 
0.00043767888565 0.00045381989912 0.00046987246606 0.00048570122453 0.00050093862228 0.00051501020789 0.00052718527149 0.00053664774168 0.00054257846205 
0.0005442413385 0.00054106372409 0.00053270137869 0.00051907863235 0.00050040154019 0.00047713870299 0.00044997717487 0.00041975761997 0.00038740120362 
0.00035383671639 0.00031993872835 0.00028648079024 0.00025410749367 0.00022332399385 0.00019449886167 0.00016787732602 0.00014359898341 0.00012171691196 
0.00010221581761 8.5027466412e-05 7.00435412e-05 5.7125933381e-05 4.6115299483e-05 3.6838373489e-05 2.9114335121e-05 2.2760625143e-05 1.7598093109e-05 
1.3455434782e-05 1.0172774637e-05 7.6043306763e-06 5.6200769905e-06 4.106495453e-06 2.9664906833e-06 2.1186408503e-06 1.4959576902e-06 1.0443326346e-06 
7.2083241776e-07 4.9197393537e-07 3.3208115724e-07 2.2178996062e-07 1.467394668e-07 9.6466649779e-08 6.3502767489e-08 4.265961806e-08 3.0489029967e-08 
2.4897106599e-08 2.251459108e-08 2.67394622e-08 3.5785816976e-08 5.0900037962e-08 7.408592495e-08 1.0826947516e-07 1.5752448235e-07 2.2736385574e-07 
3.2510291703e-07 4.6030359613e-07 6.45313321e-07 8.9592214181e-07 1.2321783061e-06 1.6794322164e-06 2.2697217901e-06 3.0436744964e-06 4.0531735976e-06 
5.3651187955e-06 7.0666555985e-06 9.2722148111e-06 1.2132529264e-05 1.5845382222e-05 2.0667141143e-05 2.6923094993e-05 3.5013505112e-05 4.5411063184e-05 
5.8644931414e-05 7.526713307e-05 9.5798939583e-05 0.00012065882765 0.00015007899492 0.00018402266141 0.00022211915348 0.00026363518555 0.00030749730649 
0.00035237273551 0.0003968043311 0.00043938113959 0.00047891758732 0.00051460677059 0.00054611830274 0.00057361990912 0.00059771852102 0.00061933137476 
0.00063951150514 0.00065925897798 0.00067934620893 0.00070018490078 0.00072174565867 0.00074353948003 0.00076465576421 0.0007838520105 0.0007996817003 
0.00081064784899 0.00081536435755 0.00081270880764 0.00080194690963 0.00078281405149 0.00075554329669 0.0007208372117 0.00067978940206 0.00063377071638 
0.00058429705678 0.00053289934294 0.0004810122482 0.00042989230133 0.00038056945777 0.00033383155824 0.0002902331471 0.00025012224796 0.00021367520094 
0.00018093315884 0.00015183498908 0.00012624505325 0.0001039743147 8.479670214e-05 6.8461282353e-05 5.4701991758e-05 4.3245792767e-05 3.3819887904e-05 
2.6158273613e-05 2.0007448256e-05 1.5131145119e-05 1.1313973118e-05 8.363706911e-06 6.1123760133e-06 4.4161524784e-06 3.154294518e-06 2.2273668492e-06 
1.5549805994e-06 1.0733049294e-06 7.3252971333e-07 4.9444315664e-07 3.3021754575e-07 2.1846942388e-07 1.4361769729e-07 9.4539615247e-08 6.3508700521e-08 
4.5389970893e-08 3.7065280623e-08 3.3356197804e-08 3.960816386e-08 5.2992504607e-08 7.5347792006e-08 1.0962810393e-07 1.6014364235e-07 2.3288947659e-07 
3.3596970184e-07 4.801258342e-07 6.7938367465e-07 9.5184134352e-07 1.320640763e-06 1.8151937411e-06 2.4727905839e-06 3.3407993669e-06 4.4797752707e-06 
5.9679464357e-06 7.9076726252e-06 1.0434580872e-05 1.3730017599e-05 1.8037142581e-05 2.3680213417e-05 3.1085412047e-05 4.0799619455e-05 5.3501491493e-05 
6.9997076935e-05 9.119141032e-05 0.00011802795052 0.00015139220341 0.00019198207883 0.00024015751842 0.00029579197871 0.0003581563069 0.00042586858035 
0.00049693707842 0.00056891038548 0.00063912617043 0.00070502696326 0.00076449243352 0.00081612536451 0.00085943768499 0.00089489517268 0.00092381268041 
0.0009481171146 0.00097002298571 0.00099167530425 0.0010148184374 0.0010405336507 0.0010690784547 0.0010998342186 0.0011313650757 0.0011615715921 
0.0011879196391 0.0012077199062 0.0012184239458 0.0012179075275 0.0012047048658 0.0011781636858 0.0011385051766 0.0010867808014 0.001024735393 
0.00095460785087 0.00087889633141 0.00080012762919 0.00072065967834 0.00064253818709 0.0005674137501 0.00049651769223 0.00043068281957 0.00037039545714 
0.00031586145633 0.00026707362849 0.0002238721936 0.00018599319446 0.00015310477465 0.00012483287719 0.00010077877232 8.053163765e-05 6.3678358856e-05 
4.9811806093e-05 3.85384119e-05 2.9485017876e-05 2.2304786398e-05 1.668180812e-05 1.2334176972e-05 9.0153880592e-06 6.5141994128e-06 4.6531026783e-06 
3.2857778933e-06 2.293838179e-06 1.5832166582e-06 1.0804709518e-06 7.292374562e-07 4.8698353794e-07 3.2215558576e-07 2.117606499e-07 1.3938512211e-07 
9.3627924969e-08 6.6912583918e-08 5.4638753966e-08 4.88915326e-08 5.8045234397e-08 7.763815546e-08 1.1035393754e-07 1.6050192642e-07 2.3436463437e-07 
3.4067227261e-07 4.912135978e-07 7.015971164e-07 9.9218482319e-07 1.3892365587e-06 1.9263363811e-06 2.6462323603e-06 3.6033104607e-06 4.8670776778e-06 
6.5272315624e-06 8.7011421783e-06 1.1544826521e-05 1.5268677089e-05 2.0159097403e-05 2.6606627216e-05 3.5139859392e-05 4.6462111641e-05 6.1484686739e-05 
8.1346624938e-05 0.00010740742437 0.00014119727712 0.00018431110948 0.00023823943047 0.00030414067442 0.00038257738925 0.00047325523337 0.00057481974363 
0.00068476889282 0.00079953030217 0.00091472809436 0.0010256265523 0.0011276947334 0.0012172028655 0.0012917417334 0.0013505656971 0.0013946829131 
0.001426678733 0.0014502953272 0.0014698478626 0.0014895753702 0.001513031777 0.0015425937017 0.0015791471815 0.0016219709069 0.0016688206233 
0.001716186991 0.0017596986145 0.0017946177395 0.0018163735513 0.0018210742855 0.0018059343565 0.0017695639981 0.0017120860284 0.0016350690275 
0.001541296253 0.0014344165102 0.0013185349526 0.001197810634 0.0010761114536 0.0009567643865 0.00084241561126 0.00073499185964 0.00063574325759 
0.00054533965886 0.00046399183339 0.00039157379069 0.00032773031853 0.00027196269366 0.00022368990176 0.00018228986301 0.00014712492703 0.00011755770538 
9.2961789051e-05 7.2729824751e-05 5.6281191064e-05 4.3069241656e-05 3.2587879105e-05 2.4377057343e-05 1.8026496036e-05 1.317736951e-05 9.521989341e-06 
6.8016092882e-06 4.8027654884e-06 3.3526205243e-06 2.313756795e-06 1.5788350538e-06 1.0654482594e-06 7.1140033242e-07 4.7054470542e-07 3.0925514238e-07 
2.0352935337e-07 1.366969542e-07 9.7681308375e-08 7.9757711546e-08 7.0898174442e-08 8.4158578773e-08 1.1253681009e-07 1.5990889324e-07 2.3249533854e-07 
3.3935791066e-07 4.9307703875e-07 7.1062311235e-07 1.014442546e-06 1.4337928178e-06 2.0063916963e-06 2.7805022e-06 3.8176758608e-06 5.1965434977e-06 
7.0183073149e-06 9.4149272627e-06 1.256145606e-05 1.6694390069e-05 2.2138234272e-05 2.9342316338e-05 3.8928828872e-05 5.1750954299e-05 6.895592378e-05 
9.2042253527e-05 0.00012289405277 0.00016376897111 0.00021721361554 0.00028588273562 0.00037225024425 0.00047822046326 0.00060467701405 0.00075103744166 
0.00091490370687 0.0010919129709 0.0012758676894 0.0014591929503 0.0016336983535 0.0017915548524 0.0019263335271 0.0020339193288 0.002113125287 
0.0021658756305 0.0021969154477 0.0022130953148 0.0022223547567 0.0022325809114 0.0022505281959 0.00228093029 0.0023259157315 0.0023847634438 
0.0024540098384 0.0025278774556 0.0025989618152 0.0026590977795 0.0027002920397 0.0027156292927 0.0027000328992 0.0026507822331 0.002567736432 
0.0024532284588 0.0023116781376 0.0021489965729 0.0019718830008 0.0017871349119 0.0016010551481 0.0014190289658 0.0012452849187 0.0010828353697 
0.00093355664285 0.00079836079385 0.00067741051316 0.00057033455232 0.00047641678248 0.00039474366349 0.00032430875581 0.00026407890255 0.00021303207905 
0.00017017665959 0.00013456128363 0.00010528038547 8.1479665823e-05 6.2361788878e-05 4.7192610509e-05 3.5306686186e-05 2.6111345505e-05 1.9088412955e-05 
1.37933921e-05 9.8522796179e-06 6.9563120633e-06 4.855322004e-06 3.3502994938e-06 2.2857284421e-06 1.5421804846e-06 1.0295034372e-06 6.8080737492e-07 
4.473532158e-07 2.9435588544e-07 1.9766045511e-07 1.4122008452e-07 1.1529431987e-07 1.0171456211e-07 1.2072119659e-07 1.6139007641e-07 2.2926110432e-07 
3.3321978776e-07 4.8620057669e-07 7.0614373726e-07 1.0172258271e-06 1.4513940414e-06 2.0502584448e-06 2.8674487567e-06 3.9716396714e-06 5.4506181186e-06 
7.4170520747e-06 1.0017060049e-05 1.3443278476e-05 1.7954840587e-05 2.390748341e-05 3.1797448173e-05 4.2322582885e-05 5.6462384237e-05 7.5575015217e-05 
0.00010150271555 0.00013666755694 0.00018412913778 0.00024756524363 0.00033113147947 0.00043916149298 0.00057568732882 0.00074379402213 0.00094487180468 
0.0011778739281 0.001438737032 0.0017201252049 0.0020116399974 0.0023005735129 0.0025731720962 0.0028162682429 0.0030190329999 0.0031745370943 
0.0032808224205 0.0033412568737 0.0033640833572 0.0033612358384 0.0033466280438 0.0033342170063 0.0033361569513 0.0033612654079 0.0034139673226 
0.0034938009921 0.0035955263302 0.0037098042667 0.0038243557792 0.0039254263975 0.0039993990213 0.0040343464352 0.004021347966 0.0039553982206 
0.0038358005695 0.0036660125479 0.00345300138 0.0032062456012 0.0029365548398 0.0026549117174 0.00237147999 0.0020948937163 0.0018318631919 
0.0015870806528 0.0013633602066 0.0011619344587 0.00098282238469 0.00082519801799 0.00068771326914 0.00056874979055 0.00046659284271 0.00037954002619 
0.00030595727731 0.00024430252961 0.00019313114171 0.00015109482047 0.00011694004206 8.9509034296e-05 6.7742796091e-05 5.0685255701e-05 3.7486624933e-05 
2.7404441425e-05 1.9801847884e-05 1.4142741747e-05 9.9843146018e-06 6.9675788836e-06 4.8068150136e-06 3.2786649626e-06 2.211558467e-06 1.475969043e-06 
9.757936823e-07 6.4101578801e-07 4.2167343395e-07 2.8308119226e-07 2.0220196006e-07 1.6505507006e-07 1.443717963e-07 1.7132751395e-07 2.2899629926e-07 
3.2521367643e-07 4.7254036417e-07 6.8924691732e-07 1.0006526736e-06 1.4408451534e-06 2.0548263819e-06 2.901169637e-06 4.0553595682e-06 5.6141411733e-06 
7.7015019997e-06 1.0477355318e-05 1.4150741663e-05 1.9000317479e-05 2.5406117857e-05 3.389779522e-05 4.5225402573e-05 6.0458220105e-05 8.1114514614e-05 
0.00010931897123 0.00014797366748 0.00020091376791 0.00027300129295 0.00037009423249 0.00049882056192 0.0006660951185 0.00087834667647 0.001140480279 
0.0014546721941 0.0018191755516 0.0022273806389 0.0026673909742 0.0031223439146 0.0035715992562 0.0039927596226 0.0043643070385 0.0046684630215 
0.004893777892 0.0050369482487 0.0051034823991 0.0051070242189 0.0050674430095 0.005008039996 0.004952382762 0.0049213096499 0.0049304077402 
0.0049881748855 0.0050950129516 0.0052432296798 0.005418069195 0.0055996128358 0.0057652457617 0.0058923601173 0.0059609748423 0.0059559438378 
0.0058684991673 0.0056969216093 0.0054463115521 0.0051275347359 0.0047555803321 0.0043476298451 0.0039211567491 0.0034923038911 0.0030747284181 
0.0026789603289 0.0023122527637 0.0019788190257 0.0016803222243 0.0014164844761 0.0011856999481 0.0009855699027 0.00081332132686 0.00066609622445 
0.00054112623911 0.00043581903446 0.0003477865539 0.00027484167367 0.00021498237038 0.00016637632507 0.00012735027121 9.6385781944e-05 7.2118586104e-05 
5.3339190345e-05 3.8992253394e-05 2.8172777093e-05 2.0118830435e-05 1.4200760234e-05 9.907880667e-06 6.8335443757e-06 4.6597533583e-06 3.1421923268e-06 
2.0964021132e-06 1.3855293446e-06 9.0988396551e-07 5.9834707145e-07 4.0155856595e-07 2.8674443797e-07 2.3401989324e-07 2.0273972723e-07 2.4056700454e-07 
3.2148267337e-07 4.5645447244e-07 6.6305500468e-07 9.668264056e-07 1.4031337514e-06 2.0195459456e-06 2.8788042528e-06 4.0625186557e-06 5.6758499341e-06 
7.8537050285e-06 1.0769428627e-05 1.4647701391e-05 1.9784525648e-05 2.6578716643e-05 3.5581211705e-05 4.7570534662e-05 6.3663814217e-05 8.5472303908e-05 
0.00011530572374 0.0001564201666 0.00021328730509 0.0002918393875 0.00039961611037 0.00054571661167 0.00074044486973 0.00099455437157 0.0013180411188 
0.0017185271718 0.0021993822884 0.0027578647714 0.0033836462535 0.0040581286885 0.0047549065202 0.0054415650666 0.0060827904381 0.0066444803961 
0.00709825987 0.0074256560765 0.0076210987754 0.0076931007206 0.0076632541604 0.0075631858781 0.0074300970882 0.0073018595576 0.0072124982253 
0.0071883820929 0.0072451196611 0.0073854299262 0.0075986171141 0.0078619988635 0.0081440024078 0.0084082987159 0.0086182905361 0.0087414253503 
0.0087528126314 0.0086377346888 0.0083927577361 0.0080253696069 0.0075522847474 0.0069968104362 0.0063857533969 0.0057463822886 0.0051038549282 
0.0044793915004 0.0038892615121 0.0033445495646 0.0028515360318 0.0024124793708 0.002026587259 0.0016909997212 0.0014016538626 0.0011539612897 
0.00094327662373 0.00076517922571 0.00061560812173 0.00049089663662 0.00038775327266 0.00030322064413 0.00023463384423 0.00017958867829 0.00013592178584 
0.00010170033056 7.5216259575e-05 5.4981614085e-05 3.9721195208e-05 2.8361337172e-05 2.0014518668e-05 1.3960595425e-05 9.6259100246e-06 6.561718692e-06 
4.4231969696e-06 2.9499885841e-06 1.9489475562e-06 1.2794030226e-06 8.4102720166e-07 5.6421112049e-07 4.0274969137e-07 3.2861720456e-07 2.8168281574e-07 
3.3420963064e-07 4.4655399734e-07 6.3391019012e-07 9.2060969337e-07 1.3419939933e-06 1.946954626e-06 2.8011938866e-06 3.9912911234e-06 5.6297867559e-06 
7.8616767496e-06 1.0873126485e-05 1.4903917872e-05 2.026628863e-05 2.7374599085e-05 3.6792585888e-05 4.930806972e-05 6.6047723521e-05 8.8646505901e-05 
0.00011948516476 0.00016200257232 0.0002210742241 0.00030342274113 0.00041799028986 0.00057616119739 0.00079168588854 0.0010801409371 0.0014577836264 
0.0019397272263 0.0025375038385 0.0032562420238 0.0040918686427 0.0050288806669 0.006039283704 0.0070832059719 0.0081115160137 0.0090704169124 
0.0099076172337 0.010579265654 0.011056464165 0.011330098845 0.011412761174 0.011337140575 0.01115109399 0.010910658166 0.010672979057 
0.010490530171 0.010406251065 0.010448439978 0.010625882074 0.01092538517 0.011313320138 0.011740739457 0.012150460854 0.012484566309 
0.012691386044 0.012731231749 0.012580348179 0.012232637964 0.011699042283 0.011004876345 0.010185669176 0.0092823402956 0.0083364946768 
0.0073864590377 0.0064644850791 0.0055952160619 0.0047953301109 0.0040741246194 0.0034347099718 0.0028755050153 0.0023917583749 0.00197689794 
0.0016235957155 0.0013245120645 0.0010727441404 0.00086203648243 0.00068683043355 0.00054222013569 0.00042387071881 0.00032793366699 0.00025097856997 
0.00018994600396 0.00014211883536 0.00010510464926 7.6823314885e-05 5.549357229e-05 3.9615864807e-05 2.795032924e-05 1.9490536943e-05 1.34344873e-05 
9.1546380645e-06 6.1686873778e-06 4.1124626478e-06 2.7158262128e-06 1.7820760831e-06 1.170963742e-06 7.8521441083e-07 5.6028255813e-07 4.5702938678e-07 
3.8721859141e-07 4.5939475513e-07 6.1374720417e-07 8.7110993263e-07 1.2648287111e-06 1.8433058813e-06 2.6734453513e-06 3.8450693864e-06 5.4764350352e-06 
7.7211398093e-06 1.0777016541e-05 1.4898215341e-05 2.0412740923e-05 2.7749400033e-05 3.7480833271e-05 5.0392733101e-05 6.7593813583e-05 9.0685563919e-05 
0.00012201318168 0.00016501751088 0.00022469747637 0.00030816983781 0.00042527460027 0.00058912165696 0.00081641343422 0.0011273260461 0.0015447079204 
0.0020923940465 0.0027925395407 0.0036620739847 0.0047086123377 0.0059264097363 0.0072931344621 0.0087682716548 0.010293916799 0.011798382737 
0.013202729635 0.014429725707 0.015414167196 0.016112824902 0.016511822119 0.016629358754 0.016512548551 0.01622903347 0.015856146812 
0.015472121537 0.015151660889 0.01496244967 0.014957001433 0.015160432085 0.015561548993 0.016113106161 0.016740651801 0.017355386168 
0.017867134884 0.018195612356 0.018279237673 0.018081016839 0.017590971664 0.016825065017 0.015820959583 0.014631632715 0.013318031095 
0.011941991746 0.010560377501 0.0092209512368 0.0079601509497 0.0068025733344 0.0057618380524 0.0048423255794 0.0040413825773 0.0033515857067 
0.0027627723757 0.0022636645008 0.0018430186901 0.0014903277624 0.0011961559067 0.0009522154578 0.0007512900047 0.00058709364384 0.00045412025065 
0.00034751743078 0.00026299565798 0.00019676811644 0.00014551350614 0.00010634998034 7.6812000771e-05 5.482441702e-05 3.8671067159e-05 2.6958430681e-05 
1.8575619833e-05 1.2653134945e-05 8.522583812e-06 5.6792723626e-06 3.7488546241e-06 2.4588052838e-06 1.6148726445e-06 1.0823744105e-06 7.7197393011e-07 
6.2951812652e-07 5.2666871397e-07 6.2481217356e-07 8.3467574541e-07 1.1845362451e-06 1.7196298359e-06 2.505574912e-06 3.6329981867e-06 5.2234540817e-06 
7.4368181231e-06 1.0480561286e-05 1.4621756236e-05 2.0203555323e-05 2.7669402698e-05 3.7600773794e-05 5.0777973229e-05 6.8278743129e-05 9.163570212e-05 
0.00012307983707 0.00016590087034 0.00022495251324 0.00030731549487 0.0004230979248 0.0005862977705 0.00081557541853 0.0011347007239 0.0015723638935 
0.0021610178519 0.0029344714712 0.0039241244085 0.0051539917476 0.006635021884 0.0083594992757 0.010296587832 0.012390087359 0.014559385367 
0.016704246402 0.018713744357 0.020478930324 0.021907888353 0.022940460593 0.023558635265 0.02378875576 0.023693971336 0.023359108716 
0.022874312475 0.022327808663 0.021812420338 0.02143247053 0.021291045472 0.021457793191 0.021940220147 0.022677905858 0.023558942601 
0.024445500225 0.025197826326 0.025692727417 0.025836633518 0.025573669001 0.024888599291 0.023804651573 0.022376839072 0.020682260394 
0.018809236586 0.016847008839 0.014877398498 0.012969022617 0.011174239218 0.009528465569 0.0080513637513 0.0067492723465 0.0056182900444 
0.0046474956907 0.0038218840491 0.0031247579027 0.0025394610129 0.0020504530985 0.0016438433668 0.0013075206662 0.0010310462676 0.00080542970682 
0.00062288541812 0.0004766228376 0.00036068737973 0.00026985324803 0.00019955380412 0.00014583505981 0.00010531728913 7.5156356615e-05 5.2999708714e-05 
3.6936289689e-05 2.544200288e-05 1.7323538486e-05 1.1663411897e-05 7.7687573139e-06 5.1257088671e-06 3.3602350413e-06 2.2058100058e-06 1.4777026536e-06 
1.0534251942e-06 8.587510365e-07 7.0878951419e-07 8.4085939989e-07 1.1232448287e-06 1.5939368723e-06 2.3136853997e-06 3.3705539408e-06 4.8860692914e-06 
7.0230726124e-06 9.9955141195e-06 1.4080734218e-05 1.9635428544e-05 2.7117699574e-05 3.7119792978e-05 5.0419581385e-05 6.806422607e-05 9.1506633908e-05 
0.00012282402895 0.00016505656822 0.0002227085788 0.0003024507605 0.00041403927025 0.00057142158039 0.00079392071348 0.0011072847992 0.001544271945 
0.0021443504374 0.0029520599637 0.0040136803873 0.0053720888682 0.007060052827 0.0090926708654 0.011460018344 0.014121372253 0.017002312467 
0.019995907322 0.022968960926 0.025773979723 0.02826702036 0.030329525471 0.031889036298 0.032930508256 0.033491767943 0.033644217998 
0.033466123044 0.033020354807 0.032359104604 0.031567331403 0.030805518851 0.030290093273 0.03020895645 0.03063731268 0.031512159854 
0.032665301114 0.03387882188 0.034933175892 0.035638902336 0.035855267197 0.03549977392 0.034550424665 0.033040963113 0.031050203368 
0.028687478974 0.02607694082 0.023343168199 0.020599812269 0.017942026258 0.015442557633 0.01315095555 0.011095117778 0.0092844665051 
0.0077140089124 0.0063686757348 0.0052273804322 0.0042664171197 0.003461984219 0.0027918138076 0.0022360063158 0.0017772761639 0.0014008173021 
0.0010939851636 0.00084592890926 0.00064726540586 0.00048982503358 0.00036647499655 0.00027100369334 0.000198042384 0.00014300577459 0.00010203538113 
7.1938680776e-05 5.0121005188e-05 3.4512097045e-05 2.3490354579e-05 1.5808638636e-05 1.0525029211e-05 6.940944786e-06 4.5479855544e-06 2.9839695799e-06 
1.997947038e-06 1.4235808976e-06 1.1601023289e-06 9.4386638239e-07 1.1197566891e-06 1.49581183e-06 2.1225641831e-06 3.0807816529e-06 4.4874732339e-06 
6.5039798756e-06 9.3462731456e-06 1.3297775695e-05 1.8725399059e-05 2.6100415198e-05 3.6027387978e-05 4.9287358706e-05 6.6906264692e-05 9.0266737971e-05 
0.00012129126117 0.00016273619258 0.00021864775044 0.00029503670521 0.00040082176565 0.00054906087462 0.00075842492515 0.0010547628626 0.001472465694 
0.0020551860798 0.0028553525917 0.003931900952 0.0053457883187 0.0071532018483 0.0093968790025 0.012096533552 0.015239796601 0.01877534762 
0.022609751672 0.026609387249 0.030608901754 0.034427978098 0.037897460163 0.040891490877 0.043352842331 0.04529222101 0.046755056828 
0.047775622457 0.04834137857 0.048374801874 0.047773145139 0.046544205397 0.044943608344 0.043446358293 0.042535424232 0.042477179319 
0.043241601437 0.044572029263 0.046110607684 0.047500751913 0.048445042223 0.048730537295 0.048236653209 0.046932831407 0.044867958874 
0.042152754962 0.038938030601 0.035392560065 0.031683716923 0.027963001281 0.024356946349 0.020962705836 0.017847282812 0.015049478039 
0.012583617121 0.01044449769 0.0086128413677 0.0070606200024 0.0057556862012 0.0046653514728 0.0037587860133 0.0030083358288 0.0023899676744 
0.0018831552006 0.0014704569476 0.0011370036518 0.00087002106011 0.00065844989149 0.00049267528811 0.00036434660433 0.00026625685859 0.00019225325377 
0.00013715754903 9.6683143056e-05 6.7344000854e-05 4.6356988605e-05 3.1540996133e-05 2.1217936592e-05 1.4120156266e-05 9.3074404504e-06 6.0955958361e-06 
3.9973024286e-06 2.6750030884e-06 1.9050207811e-06 1.5518897953e-06 1.2437529904e-06 1.475599106e-06 1.9712665562e-06 2.7973010219e-06 4.0600220927e-06 
5.9133644754e-06 8.5694155132e-06 1.2311775208e-05 1.7512138584e-05 2.4650933483e-05 3.4344127926e-05 4.7380352044e-05 6.4776460931e-05 8.7865868409e-05 
0.00011844345863 0.00015900372819 0.00021312358149 0.00028605631087 0.00038560945541 0.00052336952649 0.00071629381273 0.00098860217258 0.0013737631962 
0.0019161844393 0.0026720252354 0.003708411241 0.0051003424451 0.0069247996435 0.009252066724 0.012134957127 0.015597335063 0.019623879343 
0.024153035134 0.029074935243 0.034235943109 0.039452273399 0.044536948204 0.049342680722 0.053810317069 0.057984884828 0.061952695251 
0.065713472664 0.069091506302 0.071745336056 0.073207013309 0.072990365326 0.070901982486 0.067384891212 0.063482858241 0.060353096575 
0.058723364025 0.05868241936 0.059826910496 0.06154192239 0.063222818077 0.064386025071 0.064702108502 0.063993431628 0.062218252569 
0.059446930885 0.055831998587 0.051575537771 0.046898506582 0.042015910149 0.037119906396 0.032370325178 0.027890786529 0.023768439889 
0.020056044683 0.016775744036 0.013924358413 0.011479594745 0.0094066066667 0.0076640220359 0.0062088728882 0.0050000664778 0.0040004183538 
0.0031774714589 0.0025034805294 0.0019549145363 0.0015117864823 0.0011569974013 0.00087580189575 0.00065541797085 0.0004847641685 0.00035428354749 
0.00025581702357 0.00018249449204 0.00012862430594 8.9574139565e-05 6.1642742367e-05 4.192760025e-05 2.8194494007e-05 1.8755115889e-05 1.2357065316e-05 
8.0889822129e-06 5.3018288781e-06 3.5461252992e-06 2.5241129151e-06 2.0555014544e-06 1.6218371002e-06 1.9243225324e-06 2.5709969123e-06 3.6486321733e-06 
5.2958125707e-06 7.7130762293e-06 1.1176490261e-05 1.6054829757e-05 2.28307199e-05 3.2126848964e-05 4.4739725126e-05 6.1686252593e-05 8.4273284301e-05 
0.00011420835654 0.00015378152602 0.00020616479742 0.00027589430101 0.00036961762817 0.00049719744129 0.00067324563861 0.00091910682386 0.0012651950819 
0.0017534085782 0.0024391124025 0.0033919503912 0.004694588948 0.0064385491423 0.0087166335434 0.01161214523 0.015186039731 0.019464064389 
0.024426516145 0.030003244057 0.036076169461 0.042492046952 0.049090828747 0.055759131908 0.062511965632 0.069565810263 0.077289111912 
0.085917659104 0.095159441233 0.10408598185 0.11143912375 0.11591690034 0.11635171622 0.1122309491 0.10441268981 0.09510204196 
0.086840808392 0.081327177584 0.078935228288 0.07900891453 0.080457471311 0.082221224904 0.083486780524 0.083728820086 0.082679837942 
0.080281928182 0.07663538307 0.071946531534 0.066477976739 0.060506824404 0.054294541478 0.048069763929 0.042021304369 0.03629713133 
0.031005462632 0.026216408238 0.021964570507 0.018253270537 0.01506063994 0.012346992269 0.010062332265 0.0081529226154 0.0065662348643 
0.0052540455945 0.0041738864966 0.0032892830204 0.0025692561176 0.0019875096623 0.0015215863241 0.0011521546403 0.00086248083971 0.00063806516118 
0.00046640163055 0.00033680649358 0.0002402747341 0.00016933784354 0.00011791060388 8.1126090663e-05 5.5164466175e-05 3.7083515053e-05 2.4658900657e-05 
1.6240159312e-05 1.0626141375e-05 6.961463896e-06 4.6538325478e-06 3.3109545257e-06 2.695350986e-06 2.0929130642e-06 2.4835596832e-06 3.3187138797e-06 
4.7104217629e-06 6.8375716182e-06 9.9588878584e-06 1.4430272131e-05 2.0726614821e-05 2.9468488719e-05 4.1454892198e-05 5.7705012296e-05 7.9515302787e-05 
0.00010854405991 0.00014694586571 0.00019759238057 0.00026443621027 0.00035309692612 0.00047176933731 0.00063256162684 0.00085334916366 0.0011601533042 
0.0015899144346 0.0021932928357 0.003036857117 0.0042037302628 0.0057916166261 0.0079072443768 0.010656777769 0.014132732525 0.018399205059 
0.023478498682 0.029343022034 0.035916611552 0.043089557439 0.050754155964 0.058873962611 0.067606396973 0.077474065125 0.089467905462 
0.10476082563 0.12377739698 0.14513671398 0.16571843624 0.18206442893 0.1914422065 0.19192287326 0.18280017376 0.16587415338 
0.14550359547 0.12674845755 0.1130817309 0.10542908311 0.10269808769 0.10294819623 0.10431087762 0.10539777577 0.10535297543 
0.10376366973 0.10054659098 0.095843493938 0.089928939939 0.083133518696 0.075787469745 0.068186670542 0.060579653829 0.053168863058 
0.046117097139 0.039551392198 0.033563073725 0.028206439689 0.023499350995 0.019427327439 0.015950845554 0.013014179654 0.01055397559 
0.0085061620921 0.0068106278777 0.0054136817344 0.0042688008398 0.0033362719696 0.0025823011529 0.0019780001603 0.0014984917361 0.0011222299654 
0.00083053065464 0.00060725933872 0.00043861215818 0.00031293637585 0.00022055249428 0.00015356228687 0.00010564104741 7.1819442383e-05 4.826674558e-05 
3.2085099519e-05 2.1123401893e-05 1.3815827515e-05 9.0472030934e-06 6.0453871811e-06 4.2990250222e-06 3.4986067021e-06 2.6729414913e-06 3.1723664051e-06 
4.2401043174e-06 6.0194465732e-06 8.7390963017e-06 1.2729667105e-05 1.8445616661e-05 2.6492696634e-05 3.766122245e-05 5.2966424846e-05 7.369917148e-05 
0.00010149415903 0.00013842988119 0.00018718648062 0.00025130464928 0.00033561207238 0.00044691038784 0.00059503945522 0.00079444173025 0.0010663187131 
0.0014413755853 0.0019629751332 0.0026902293321 0.0037002377212 0.0050883335061 0.0069650774822 0.0094489101321 0.012654155493 0.016675358638 
0.021570745856 0.027349406853 0.033968411386 0.041347540915 0.049412515014 0.05818554014 0.067956440151 0.079568527639 0.09477430582 
0.11635125428 0.14717110991 0.18768583238 0.23344317079 0.27595102787 0.30711206794 0.32230770588 0.31973209977 0.29925003648 
0.26465421915 0.22390526533 0.18607647717 0.1574139595 0.13977658749 0.13136087358 0.12880505621 0.12889128923 0.12928086519 
0.12857994437 0.12614488602 0.12185318023 0.11590510607 0.10866182297 0.10052607208 0.091867044568 0.082985810935 0.074114434421 
0.065435945988 0.057106871158 0.049266349524 0.042031694204 0.035488247871 0.02968166396 0.024616932496 0.020263981074 0.016567602754 
0.013458394445 0.010862343013 0.0087077245116 0.0069291400723 0.0054691461846 0.0042782761157 0.0033141914755 0.0025405585766 0.0019259972032 
0.0014432600001 0.0010686613386 0.00078169710469 0.00056478386978 0.00040304407594 0.0002840939851 0.00019781052833 0.00013607436267 9.2497975857e-05 
6.2152183091e-05 4.1305291234e-05 2.7185647923e-05 1.7774940716e-05 1.1635482224e-05 7.7717477325e-06 5.5244681789e-06 4.4946264097e-06 3.3786848235e-06 
4.0107970563e-06 5.3622916312e-06 7.6146693573e-06 1.1057552001e-05 1.6109446733e-05 2.3345244699e-05 3.3530410292e-05 4.7662022553e-05 6.7017870606e-05 
9.3216869573e-05 0.00012829859043 0.00017483800184 0.00023612438235 0.00031645380659 0.00042161039892 0.00055964186322 0.00074206019053 0.00098560145125 
0.0013146396959 0.0017642285675 0.0023835299071 0.0032390505075 0.0044167106971 0.0060214102268 0.0081726023927 0.010994723998 0.014602297917 
0.019081296399 0.024470716715 0.030751170591 0.037850484252 0.045681640506 0.054239761084 0.063808172941 0.075350947678 0.091136492789 
0.11539467424 0.15436433256 0.21398468316 0.29412099719 0.38344797492 0.46244245768 0.51449245214 0.53354126215 0.52097702026 
0.47848767042 0.41347262263 0.33941790462 0.27095657587 0.21775238216 0.18338495493 0.16511750221 0.15737965703 0.15485312045 
0.15373471379 0.15180885792 0.14808450639 0.14238545299 0.13500012457 0.12640173733 0.117064327 0.1073660776 0.097559921443 
0.087796278298 0.078178331256 0.068818442523 0.059856042266 0.051441956311 0.043710313737 0.036755181849 0.030619740486 0.025298198685 
0.020746354014 0.016895484179 0.013665473089 0.010974867269 0.0087471744046 0.0069139101543 0.0054153241217 0.0041997977532 0.0032227216288 
0.0024453520309 0.0018338864902 0.0013588148868 0.00099449278787 0.00071885279613 0.00051316601457 0.00036180150346 0.00025195261696 0.00017332793504 
0.00011781827925 7.915799506e-05 5.259878526e-05 3.4611370211e-05 2.2624382837e-05 1.4805550563e-05 9.8858827187e-06 7.0249384407e-06 5.7140409808e-06 
4.2272085921e-06 5.0193293646e-06 6.7130804382e-06 9.5362011052e-06 1.385203359e-05 2.0185421818e-05 2.9256920243e-05 4.2024985305e-05 5.9736128605e-05 
8.3983817603e-05 0.00011677932343 0.00016064236115 0.00021872854268 0.00029502497637 0.00039466790622 0.00052446429618 0.00069373275619 0.00091560545843 
0.0012089306256 0.0016008673701 0.0021301184315 0.0028504861984 0.0038340613246 0.0051728794351 0.0069774915464 0.0093707628548 0.012475643307 
0.016396865249 0.021198766306 0.026884417981 0.033385377377 0.040577430278 0.048350449651 0.056789707392 0.066584430635 0.079839400947 
0.10132802278 0.1394187659 0.20583800972 0.31117650867 0.4534958601 0.60922253132 0.74024665356 0.81672823429 0.83433586359 
0.80386811495 0.72777992487 0.61862516403 0.49817669392 0.38754764199 0.29768446088 0.23731563985 0.20354864001 0.18746851385 
0.18053726852 0.17679862678 0.17285685241 0.16723175347 0.15968964994 0.15066754818 0.140787974 0.13058722019 0.12040240318 
0.11035713553 0.10041576624 0.090497627854 0.08060926199 0.070875413716 0.061495311558 0.052679929882 0.044601995498 0.037369590253 
0.031022205949 0.025541804731 0.020870570093 0.016928760335 0.013629000634 0.010885749944 0.0086203915998 0.0067630917765 0.0052527170628 
0.0040358891711 0.0030658473261 0.0023014976177 0.0017067381414 0.0012500272132 0.00090409570839 0.00064570998074 0.00045541470172 0.00031722537824 
0.00021826761076 0.00014837765775 9.9690383649e-05 6.6238237196e-05 4.3581505452e-05 2.8483256756e-05 1.8635810193e-05 1.2440403225e-05 8.8379738372e-06 
7.1874601417e-06 5.235248409e-06 6.2181184148e-06 8.3199947767e-06 1.182397682e-05 1.7181679141e-05 2.5045290386e-05 3.6309756979e-05 5.2164450608e-05 
7.4153875175e-05 0.00010424762877 0.00014492217451 0.00019926179084 0.00027109580697 0.00036520414869 0.00048764742678 0.00064630823908 0.00085176434368 
0.0011186406482 0.001467581722 0.0019279252738 0.0025409874506 0.003363576252 0.0044709164649 0.0059576574713 0.0079351915047 0.010523399338 
0.013835486956 0.017955927178 0.022914171219 0.028660278767 0.035053860396 0.041886981577 0.048983663321 0.056475494057 0.065478637815 
0.079590179026 0.10740546882 0.16290766001 0.26437592506 0.42817854881 0.6488314271 0.88563418388 1.0760432482 1.1734880209 
1.1862120628 1.1415251493 1.03092134 0.87340456247 0.70488077402 0.55129748583 0.40715533495 0.30448231101 0.2461886853 
0.21741080284 0.2038180232 0.19608035684 0.18911896646 0.18078790605 0.17082057893 0.15993763506 0.14895695448 0.13846069574 
0.12866787612 0.11947773397 0.11050841212 0.10131379962 0.09169960767 0.081766776741 0.071796037257 0.062119867653 0.053031917661 
0.044740092009 0.037355855107 0.030906669796 0.025359055027 0.020642656833 0.01667002216 0.013350221328 0.010596655309 0.0083305574954 
0.0064817378297 0.0049880370498 0.0037943588104 0.0028517937753 0.0021170109976 0.0015518820146 0.0011232491815 0.00080272281775 0.00056643481366 
0.00039471019409 0.00027165916981 0.00018470967188 0.00012411559874 8.2471531641e-05 5.4261807236e-05 3.5461434891e-05 2.3199074349e-05 1.5484487449e-05 
1.0998875041e-05 8.9437862698e-06 6.4184437178e-06 7.6261080721e-06 1.020910895e-05 1.4516122064e-05 2.1103363906e-05 3.0773961043e-05 4.4629548938e-05 
6.4133098931e-05 9.1181791504e-05 0.00012818940741 0.00017817942717 0.00024489537464 0.00033294328023 0.0004479989002 0.00059713452356 0.00078935310012 
0.0010364515474 0.0013543611858 0.0017651004018 0.0022994058672 0.002999916207 0.0039244620129 0.0051485314034 0.0067654349841 0.0088822403923 
0.011609409936 0.015042708255 0.019237486646 0.024178117514 0.029749246314 0.035720739514 0.041768543422 0.047578915954 0.053154911846 
0.059648424387 0.071515507996 0.1031717658 0.17504654825 0.30877113342 0.52715390921 0.81822282076 1.1229127645 1.358648777 
1.4565650225 1.476557374 1.4603434801 1.3410863876 1.1576067209 0.98001289368 0.83023285866 0.58928865194 0.39936551452 
0.29513916373 0.24575287104 0.22240267694 0.20904673636 0.19789615273 0.18583464622 0.17261852324 0.15956716239 0.14766724408 
0.13765215874 0.12946619093 0.12277529389 0.11649938673 0.10950810462 0.10128513724 0.091935932636 0.081897057593 0.071692973375 
0.061793576926 0.05254778266 0.044168993831 0.036751776934 0.030302375555 0.024770746008 0.020076980814 0.016130002216 0.012838742696 
0.010117728263 0.0078890193254 0.0060822954401 0.004634253215 0.0034879625309 0.0025924323127 0.0019023924833 0.0013781866292 0.00098566117231 
0.00069596478716 0.00048522287398 0.0003340934054 0.00022723418078 0.00015272683231 0.00010150022717 6.6788918048e-05 4.3650681619e-05 2.8556903999e-05 
1.9060204068e-05 1.3538157873e-05 1.100818281e-05 7.7904778664e-06 9.2600066637e-06 1.2403684195e-05 1.7647058485e-05 2.5668983653e-05 3.7449644879e-05 
5.4333209846e-05 7.8103650594e-05 0.00011107172031 0.00015617116878 0.00021706384723 0.00029825771344 0.00040525040822 0.00054472754709 0.0007248679758 
0.0009558404563 0.0012506096391 0.0016261935234 0.0021054991521 0.0027197829913 0.0035115792416 0.0045375921763 0.0058705531992 0.0075984518044 
0.0098191145808 0.012627964839 0.016097486019 0.020248569548 0.025016533211 0.030218454078 0.035532798618 0.040509648621 0.044643539935 
0.047568637878 0.049365147948 0.050296720117 0.077299006283 0.16009891033 0.30627420545 0.5522595644 0.86871802807 1.1784967184 
1.4174609184 1.4339904785 1.5004384518 1.6601479053 1.5842795372 1.4348577261 1.3871580362 1.4978816509 0.98899769783 
0.57106405497 0.3609482348 0.27268499136 0.23437038064 0.21347387135 0.19690807164 0.17986305058 0.16212210059 0.14622667432 
0.13244430721 0.12373991311 0.11874847114 0.1178098321 0.11692883074 0.11416055262 0.10870950669 0.10086161643 0.091364726424 
0.081038743258 0.07059404254 0.060561701655 0.051285166293 0.042946383357 0.035606551915 0.029247447848 0.023805502802 0.019196059555 
0.015328382142 0.012113662437 0.0094684464857 0.0073156114668 0.0055843358859 0.0042098639533 0.0031334054656 0.0023021893576 0.001669585472 
0.0011951531051 0.00084454042371 0.00058919622097 0.00040590605931 0.00027620326728 0.00018570829707 0.00012345588766 8.125507884e-05 5.3114799812e-05 
3.4753251384e-05 2.3198357667e-05 1.6478670659e-05 1.3399764612e-05 9.3621210908e-06 1.1133157386e-05 1.4922686205e-05 2.1245379685e-05 3.0922401493e-05 
4.5139451686e-05 6.5522413934e-05 9.4228242233e-05 0.00013404812489 0.00018851929053 0.00026204279857 0.00036000786349 0.00048893154599 0.00065663730493 
0.00087251950754 0.0011479699751 0.0014970763586 0.0019377249992 0.0024932201486 0.0031944469083 0.0040824050084 0.0052105621435 0.0066460110247 
0.0084677897394 0.010760318488 0.013599803671 0.017032200471 0.021043010056 0.025521906093 0.030228801072 0.034771874547 0.038613885641 
0.041132874787 0.041784420609 0.040389589965 0.037199739367 0.054970864207 0.10811791569 0.2228089422 0.46312782168 0.72940039635 
0.89705365896 1.1295489073 1.2945889235 1.4516334534 1.6884201765 1.6038758755 1.561090827 1.9402257204 3.5042567253 
1.972669363 0.91647642851 0.4655469954 0.30087274313 0.23863278329 0.20794470608 0.18500097096 0.16174383461 0.13762690127 
0.11641347408 0.092529304326 0.085651792586 0.086086519063 0.10124994069 0.11095755547 0.11496654153 0.11370424181 0.10822142661 
0.099846348166 0.089811660349 0.079121544957 0.068516977131 0.058489449322 0.04932231456 0.041143808514 0.033978108317 0.027786988765 
0.022499648854 0.018031574786 0.014295071363 0.011204363778 0.0086776679382 0.0066379555501 0.0050133196637 0.0037373823579 0.0027497783303 
0.001996612642 0.0014307678211 0.0010119667277 0.00070656521711 0.0004870982666 0.00033164705383 0.00022309886117 0.00014837605704 9.7692376585e-05 
6.3879422669e-05 4.1807921662e-05 2.7914171369e-05 1.9832576072e-05 1.6129159121e-05 1.1140246897e-05 1.3254372789e-05 1.7779184418e-05 2.5331604775e-05 
3.6896122765e-05 5.3894545999e-05 7.8276614659e-05 0.00011262833868 0.00016029378457 0.00022550445283 0.00031351076905 0.00043071154505 0.00058478512801 
0.00078483793186 0.0010416080477 0.0013677908573 0.0017785805976 0.0022925487719 0.0029329538811 0.0037294996437 0.0047203451395 0.0059538353235 
0.0074889184907 0.0093926889822 0.011733036488 0.014564445242 0.017905633897 0.021709626541 0.025829454884 0.029986346141 0.033750932664 
0.036553118378 0.037744317204 0.036754403263 0.033376079053 0.027956256643 0.038139022887 0.071750290692 0.14521980286 0.27917143703 
0.45433750749 0.63538193703 0.83174014091 1.0291490555 1.2335383892 1.4331060648 1.5054180622 1.6259074211 2.2750456333 
4.4406137466 3.9368596077 1.4788143635 0.61195909977 0.33030939102 0.23429681361 0.19206891954 0.16301417351 0.13396684825 
0.1029272601 0.072704829276 0.060730855912 0.057798337191 0.060981225222 0.07316853106 0.10022763908 0.11299736053 0.11664892733 
0.11398392171 0.10711055994 0.09770590812 0.087064020336 0.076129302382 0.065539240837 0.055681452155 0.046757441014 0.038841765374 
0.031929902732 0.02597265318 0.020898366347 0.016625802964 0.013070935383 0.010150235146 0.0077824117616 0.0058895964175 0.0043984442018 
0.003241206985 0.002356670564 0.0016908270773 0.0011971787317 0.00083666690625 0.00057726592058 0.00039332488086 0.00026475894265 0.00017618216225 
0.00011605818145 7.592253678e-05 4.9710321036e-05 3.3203148632e-05 2.3598413463e-05 1.9196158974e-05 1.3126849808e-05 1.5626737877e-05 2.097876677e-05 
2.9915840059e-05 4.3607891712e-05 6.3745072111e-05 9.2645532277e-05 0.00013338384451 0.00018993411504 0.00026731941034 0.00037175795296 0.00051079777768 
0.00069343473297 0.00093022134388 0.0012333927443 0.0016170598101 0.0020975531079 0.0026940109674 0.0034293050412 0.0043312935159 0.0054342290387 
0.0067797997035 0.0084168491885 0.010398316197 0.012773558497 0.015574309975 0.018793281168 0.022356204689 0.026090843603 0.029699893668 
0.032748185098 0.03467842564 0.034874949604 0.032805517316 0.02825682424 0.021476784721 0.026003299281 0.045554488897 0.089338928461 
0.16787578166 0.28065165877 0.4173874557 0.5723439455 0.74594831467 0.95462960005 1.1972452402 1.3974375725 1.6664028168 
2.3996846676 3.98523283 4.486263752 1.775054574 0.71171218157 0.34485200047 0.21810206771 0.16579547524 0.13372975588 
0.10414454341 0.073535501957 0.048126872629 0.040209639817 0.04000082612 0.046138297766 0.061207048595 0.093462511897 0.11119474471 
0.11851114035 0.11833266914 0.11301439255 0.10445103049 0.09411803633 0.083107963204 0.072176963091 0.061806239188 0.052269659936 
0.04369667545 0.036123398691 0.029529780149 0.023864036426 0.019057381898 0.015032294206 0.011707090773 0.0089987702668 0.0068251951598 
0.0051070894115 0.0037698757369 0.0027452390641 0.0019722783472 0.001398144057 0.0009781686822 0.00067554786801 0.00046068843221 0.00031034465064 
0.00020666187629 0.00013622322876 8.9166445832e-05 5.8414156229e-05 3.9037498937e-05 2.7758558645e-05 2.2587615604e-05 1.5318122678e-05 1.82465119e-05 
2.4517967177e-05 3.4995511669e-05 5.105728269e-05 7.4695039075e-05 0.00010864156502 0.0001565219427 0.00022302096477 0.00031405533082 0.00043693688349 
0.00060051167384 0.00081526249414 0.0010933699086 0.0014487445587 0.0018970647361 0.0024558815639 0.0031448714435 0.0039863064885 0.0050057424232 
0.0062327580526 0.0077012893744 0.0094487173483 0.011512419209 0.013922204264 0.016687158495 0.019776251167 0.023093705997 0.026452826336 
0.029554998502 0.031983576715 0.033224664629 0.032728191465 0.030023979023 0.024882247671 0.017336897552 0.017993636429 0.02813824825 
0.052584461868 0.097687684 0.16714721918 0.26092746854 0.38040331006 0.53455632925 0.74163848162 1.0142982006 1.3188090324 
1.6875683069 2.4988632202 4.7671618462 4.5259442329 1.8033982515 0.72384959459 0.32845374942 0.18398560584 0.12754398584 
0.097455441952 0.07271168381 0.045277196914 0.03221007064 0.028375513852 0.0308987014 0.040141016245 0.058644495904 0.091235741973 
0.110465087 0.11969393492 0.12129957974 0.11738488078 0.10978107154 0.099990382791 0.089168347418 0.078144721687 0.067472971976 
0.057492382824 0.048388436437 0.040243186057 0.033072609454 0.026851808652 0.021530736238 0.017043597996 0.013314644806 0.010262199678 
0.0078020035289 0.00585028762 0.0043265395798 0.0031558508053 0.002270660596 0.0016118298518 0.0011290371185 0.00078060029773 0.00053286220646 
0.00035929330625 0.00023945828434 0.00015796402295 0.0001034726447 6.783389108e-05 4.5363631216e-05 3.2277355785e-05 2.6275893106e-05 1.7703641788e-05 
2.110209789e-05 2.8382866731e-05 4.0553240979e-05 5.9222453274e-05 8.6717416707e-05 0.00012623234943 0.00018200583872 0.00025951588759 0.00036567795905 
0.00050902750809 0.00069986458402 0.00095033878461 0.0012744565029 0.0016880074982 0.0022084265947 0.0028546322137 0.0036469032057 0.0046068490483 
0.0057574855164 0.0071232724003 0.0087297530845 0.01060208492 0.012761401013 0.015217721462 0.017958249897 0.020930713043 0.024022918195 
0.027042107657 0.029700424522 0.031615063548 0.032332971692 0.031388834119 0.028399666771 0.023155312985 0.015467717312 0.013394193724 
0.017693979666 0.030658053234 0.056213978678 0.098825871944 0.16346041858 0.25865182281 0.40147417784 0.61921876669 0.91327232122 
1.2729940414 1.6882897615 2.5167167187 4.4843177795 3.9112701416 1.5149128437 0.61785912514 0.26981779933 0.12186741084 
0.073742210865 0.052903842181 0.039249069989 0.0278429389 0.022100817412 0.021798515692 0.027406228706 0.041398677975 0.068049147725 
0.092738956213 0.11020739377 0.11986135691 0.1226195842 0.11995673925 0.11342129111 0.10440663993 0.094048343599 0.083201684058 
0.07246748358 0.062240216881 0.052760224789 0.044159241021 0.036495286971 0.029776940122 0.023979084566 0.019053019583 0.014933275059 
0.011542852037 0.0087978700176 0.0066118407995 0.0048995311372 0.0035802219063 0.0025801802985 0.0018342424883 0.0012865592726 0.00089060631581 
0.00060864636907 0.0004108234134 0.00027406902518 0.00018096143322 0.00011864028784 7.7843433246e-05 5.2101109759e-05 3.7100257032e-05 3.0218103348e-05 
2.026574839e-05 2.4173285055e-05 3.2547945011e-05 4.6555065637e-05 6.8057328463e-05 9.9749719084e-05 0.00014533393551 0.00020972453058 0.0002992747759 
0.00042200417374 0.0005878029624 0.00080858438741 0.0010983503889 0.0014731418341 0.0019508511759 0.002550892299 0.0032937529031 0.0042004673742 
0.005292062182 0.0065889880061 0.0081104496494 0.0098733687773 0.011890438385 0.014166448265 0.016691926867 0.019433239475 0.02231904678 
0.025224391371 0.027955660596 0.030242038891 0.031740918756 0.032065600157 0.030843481421 0.027812745422 0.022979281843 0.016879031435 
0.011425766163 0.012029883452 0.018611434847 0.033506285399 0.061080101877 0.10882320255 0.19117046893 0.33977657557 0.62453091145 
0.95965534449 1.3047465086 1.630614996 2.0830254555 3.2525532246 1.7948287725 0.81408685446 0.40245190263 0.18047437072 
0.078036360443 0.044065315276 0.03011175245 0.022438466549 0.017478382215 0.015706147999 0.018019575626 0.026697101071 0.047984190285 
0.071036010981 0.092181131244 0.10826168209 0.11806852371 0.12180517614 0.12041387707 0.11511813104 0.10713700205 0.097531296313 
0.087144345045 0.076602332294 0.066344693303 0.056664258242 0.047744866461 0.039691485465 0.032551940531 0.026331789792 0.021004552022 
0.016519324854 0.012807278894 0.0097875865176 0.0073730563745 0.005475205835 0.0040085529909 0.0028939049225 0.0020605528262 0.0014474204509 
0.0010033238214 0.00068654579809 0.00046395155368 0.00030985570629 0.00020480601233 0.00013440911425 8.8277636678e-05 5.9143363615e-05 4.2154133553e-05 
3.4356260585e-05 2.2979156711e-05 2.7430696719e-05 3.6975226976e-05 5.2949060773e-05 7.7489348769e-05 0.0001136902938 0.00016580497322 0.00023948351736 
0.00034203357063 0.00048268065439 0.00067279825453 0.00092606898397 0.0012585329823 0.0016884781653 0.0022361322772 0.0029231342487 0.0037717854138 
0.0048041031696 0.0060407267883 0.0074996966869 0.009195082821 0.011135297827 0.013320737518 0.015740178525 0.018365271389 0.021142598242 
0.023983350024 0.026751838624 0.029255671427 0.031242229044 0.032407417893 0.032423142344 0.030988704413 0.027909072116 0.023199951276 
0.017200186849 0.010485127568 0.009110217914 0.012262152508 0.021446855739 0.04072195664 0.078810654581 0.15578055382 0.32380414009 
0.54231655598 0.79920440912 1.0635640621 1.2730612755 1.4453878403 1.4739831686 0.88451200724 0.43501421809 0.20525889099 
0.094162024558 0.045515134931 0.025948408991 0.017503358424 0.013309371658 0.011276346631 0.011495249346 0.015058452263 0.024614509195 
0.046547964215 0.068147093058 0.087765544653 0.1032898277 0.11356538534 0.11845321208 0.11852148175 0.11470456421 0.1080346331 
0.099472671747 0.089827172458 0.079733796418 0.069668360054 0.059973396361 0.050886075944 0.042561858892 0.035092450678 0.028518885374 
0.022841405123 0.018027661368 0.014020294882 0.010744228028 0.0081136962399 0.0060386145487 0.0044299825095 0.0032040735241 0.002285300754 
0.0016078387853 0.0011161724105 0.00076482514851 0.00051752710715 0.00034606532427 0.00022901085322 0.0001504670945 9.8936856375e-05 6.6360415076e-05 
4.7349010856e-05 3.8618552935e-05 2.581082299e-05 3.0835588404e-05 4.1613882786e-05 5.9664522269e-05 8.741801139e-05 0.00012839588453 0.0001874423906 
0.00027099795989 0.00038739747833 0.00054716720479 0.00076328386785 0.0010513475863 0.0014296134468 0.001918823109 0.0025417716242 0.0033225766383 
0.0042856191285 0.0054541761056 0.0068487762474 0.0084853358567 0.010373100638 0.012512330897 0.014891578816 0.017484197393 0.020243737847 
0.023097934201 0.025941479951 0.028628641739 0.030968043953 0.03272311762 0.033622674644 0.033385775983 0.031762819737 0.028589854017 
0.02384503372 0.017674764618 0.010265365243 0.0077457125299 0.0088983587921 0.014645810239 0.0282447543 0.057174939662 0.1182378307 
0.25086775422 0.39172515273 0.49940618873 0.71265643835 0.83710092306 0.87638747692 0.80214744806 0.44155746698 0.21871671081 
0.10490870476 0.050430249423 0.025823634118 0.015088200569 0.010301763192 0.0081131123006 0.0074572218582 0.0084626516327 0.012109134346 
0.020717093721 0.039806317538 0.060125965625 0.07912376523 0.094843097031 0.10606597364 0.11243038625 0.11422944069 0.11215627193 
0.10706854612 0.099822036922 0.091179490089 0.081775940955 0.072116866708 0.062591530383 0.053490385413 0.045021377504 0.037323165685 
0.030475785956 0.024509737268 0.019414506853 0.015147108585 0.011640733108 0.0088131306693 0.0065743247978 0.0048331734724 0.0035024972167 
0.0025026709773 0.0017637502169 0.0012263553217 0.00084158818936 0.00057028257288 0.00038186233724 0.00025303158327 0.00016646271979 0.00010959441715 
7.3603478086e-05 5.2581050113e-05 4.2921619752e-05 2.8720160117e-05 3.4340013372e-05 4.6400298743e-05 6.6611915827e-05 9.771448822e-05 0.00014368056145 
0.00020997950924 0.00030388889718 0.00043483410263 0.00061472516973 0.00085824757116 0.0011830512667 0.0016097672051 0.002161778044 0.002864663722 
0.0037452627439 0.0048303049989 0.0061446172185 0.0077089397237 0.0095374258235 0.011634911411 0.013994014822 0.016592057422 0.019387703389 
0.022317219526 0.025290261954 0.028185484931 0.030846904963 0.033082634211 0.034668661654 0.035360559821 0.034915518016 0.033124420792 
0.029847238213 0.025035668164 0.018709769472 0.010789385997 0.0074513936415 0.0071581304073 0.010414428078 0.019398791716 0.039138223976 
0.080223038793 0.16390031576 0.22110491991 0.2771461606 0.36003601551 0.46674636006 0.47535163164 0.39851862192 0.21246524155 
0.10797641426 0.053650982678 0.026947882026 0.014429807663 0.0087140211836 0.0061190170236 0.0050438856706 0.0049896095879 0.0061034932733 
0.0090663665906 0.015242007561 0.027011740953 0.047262318432 0.066523201764 0.083106927574 0.095744788647 0.10391560197 0.10770753026 
0.10761436075 0.10433842987 0.098634272814 0.091215156019 0.082709535956 0.073647387326 0.064461365342 0.05549389869 0.047005552799 
0.039183199406 0.03214777261 0.025962255895 0.020640298724 0.016155563295 0.012451605871 0.0094515988603 0.0070673413575 0.0052069672383 
0.0037810278591 0.0027068161871 0.0019110281719 0.0013310069917 0.00091487559257 0.00062089780113 0.0004163691774 0.00027629209217 0.00018202111823 
0.00012000666175 8.0711331975e-05 5.7736851886e-05 4.7173929488e-05 3.165959788e-05 3.7887439248e-05 5.1258779422e-05 7.3683593655e-05 0.00010822230979 
0.00015931637608 0.00023308607342 0.00033768266439 0.00048367181444 0.00068441330222 0.00095638772473 0.0013194024796 0.0017965971492 0.002414155053 
0.0032006271649 0.0041857874021 0.0053989579901 0.0068667940795 0.008610567078 0.010643049143 0.012965129688 0.015562346205 0.01840146631 
0.021427236497 0.024559408426 0.027690164745 0.030682260171 0.033368695527 0.035554982722 0.037025835365 0.037558149546 0.036941483617 
0.035004992038 0.031643860042 0.026828086004 0.020542904735 0.012473974377 0.0083505939692 0.006557344459 0.007731304504 0.012958313338 
0.024903217331 0.048704303801 0.093210123479 0.1132337153 0.13795056939 0.16971352696 0.20455697179 0.22943517566 0.18745934963 
0.10100501031 0.052842807025 0.027173064649 0.014220826328 0.0079598724842 0.005006743595 0.0036599277519 0.0031752786599 0.0033417537343 
0.0042894147336 0.0064485445619 0.010608904995 0.017984552309 0.030337082222 0.050673022866 0.068826407194 0.083190903068 0.093374483287 
0.099330440164 0.10137674212 0.10007029027 0.096068166196 0.090033367276 0.082584552467 0.074272207916 0.065568782389 0.056865863502 
0.048474892974 0.040630176663 0.033493608236 0.027161329985 0.021672278643 0.017018187791 0.013154523447 0.010011445731 0.0075040310621 
0.0055410657078 0.0040320423432 0.0028921992052 0.002045721747 0.0014273549896 0.00098277302459 0.00066807086114 0.00044871287537 0.000298214145 
0.00019676283409 0.00012992486882 8.7517917564e-05 6.2698600232e-05 5.1279817853e-05 3.4575532482e-05 4.1413786676e-05 5.6102795497e-05 8.0755446106e-05 
0.00011875960627 0.00017503611161 0.00025637212093 0.00037181560765 0.00053310510702 0.00075509474846 0.001056119334 0.001458219951 0.0019871406257 
0.0026719826274 0.003544410225 0.0046372995712 0.0059827622026 0.0076095177792 0.0095396582037 0.011784926057 0.014342711307 0.017192024738 
0.020289745182 0.023567438126 0.026929032058 0.030249694362 0.033376198262 0.036129500717 0.038310147822 0.039707735181 0.040115371346 
0.039349999279 0.037278212607 0.03384514153 0.029103772715 0.023263605312 0.016845688224 0.011510933749 0.007001621183 0.0062449551187 
0.0086741717532 0.015232930891 0.027984084561 0.049346689135 0.054796226323 0.064425744116 0.075940281153 0.085956640542 0.088159054518 
0.071424134076 0.043984193355 0.02461937815 0.0133224288 0.0073402733542 0.0043322215788 0.0028671647888 0.0022020882461 0.0020137559623 
0.0022292356007 0.0029506878927 0.0044453241862 0.007179136388 0.011882082559 0.019652400166 0.032410573214 0.053354941308 0.06938880682 
0.081505380571 0.089634209871 0.093869499862 0.094598479569 0.092375010252 0.08781157434 0.081516191363 0.074057221413 0.0659429878 
0.057610049844 0.04941701889 0.041642710567 0.034488029778 0.028081292287 0.022486515343 0.017713911831 0.013731719926 0.01047820691 
0.0078729577363 0.005826656241 0.004248900339 0.0030539208092 0.0021642849315 0.0015128792729 0.0010435194708 0.0007105905097 0.00047807244118 
0.00031824858161 0.00021032380755 0.00013910791313 9.3860624474e-05 6.7349807068e-05 5.5144049838e-05 3.7409623474e-05 4.4848959078e-05 6.0836955527e-05 
8.7689513748e-05 0.00012912265083 0.00019053841243 0.00027939476422 0.00040564342635 0.00058220745996 0.00082545378245 0.0011555970414 0.0015969496453 
0.0021779085509 0.0029305585194 0.0038897583727 0.0050915908068 0.0065710921772 0.0083592180163 0.010479104705 0.01294176653 0.01574148424 
0.018851242959 0.022218644619 0.025762733072 0.029372243211 0.03290566057 0.036193583161 0.03904376924 0.041249360889 0.042600862682 
0.042902089655 0.041990529746 0.039761830121 0.036197975278 0.031400162727 0.025635369122 0.019410951063 0.013463026844 0.00778179802 
0.0056242132559 0.0062182308175 0.0097659043968 0.017593903467 0.025196606293 0.025826238096 0.029029667377 0.032707352191 0.03517139703 
0.034148026258 0.027651870623 0.018362501636 0.010981165804 0.0063284751959 0.0037167405244 0.0023380033672 0.00164252182 0.0013329033973 
0.0012834384106 0.0014814378228 0.0020031954627 0.0030178290326 0.0048155770637 0.0078749591485 0.013038552366 0.022055597976 0.039422303438 
0.055524263531 0.069079935551 0.079233057797 0.085604436696 0.088340319693 0.087880671024 0.084791898727 0.079674854875 0.073114924133 
0.065652251244 0.057762660086 0.049846075475 0.042220760137 0.035122681409 0.0287096221 0.023069102317 0.018229193985 0.014170982875 
0.01084143389 0.0081655401736 0.0060569173656 0.004426330328 0.0031880026218 0.0022637818474 0.0015854557278 0.001095606247 0.00074740342097 
0.00050372397527 0.00033590450766 0.00022237445228 0.00014733478019 9.9588491139e-05 7.1581023803e-05 5.8676447225e-05 4.0100454498e-05 4.8118799896e-05 
6.535956345e-05 9.4337658084e-05 0.00013909116387 0.00020549524925 0.00030166885699 0.00043845616165 0.00062995241024 0.00089402432786 0.0012527552899 
0.0017327187816 0.0023649600334 0.0031845478807 0.0042295479216 0.0055392817594 0.0071517615579 0.0091002732515 0.011409146711 0.014088893309 
0.01713101007 0.020502895117 0.024143412709 0.027959693223 0.031825818121 0.035583931953 0.039048187435 0.042012039572 0.04425888136 
0.045576155186 0.045772638172 0.044698253274 0.042265594006 0.038472559303 0.033430039883 0.027408257127 0.020908435807 0.014677981846 
0.0094244461507 0.0056827650405 0.0050358762965 0.0069938162342 0.0096131507307 0.010831112042 0.011583162472 0.012689807452 0.013734685257 
0.014131823555 0.013239121996 0.010744247586 0.0075048017316 0.0047861961648 0.0029584143776 0.0018688974669 0.0012620200869 0.00094562000595 
0.00081269216025 0.00082266441314 0.00098526547663 0.0013566107955 0.002047581831 0.0032465010881 0.0052692587487 0.0086766704917 0.014512239955 
0.02469282411 0.041467707604 0.05650838837 0.068684212863 0.077133327723 0.081770658493 0.082964092493 0.081262037158 0.077270396054 
0.07159268111 0.064795710146 0.057386912405 0.049799509346 0.042383950204 0.035405445844 0.029046915472 0.023416507989 0.018558496609 
0.014466156252 0.011095178314 0.0083764726296 0.0062273656949 0.0045606959611 0.0032915957272 0.0023420397192 0.0016434679274 0.0011378562776 
0.0007776694838 0.00052507821238 0.00035077478969 0.00023263641924 0.00015441555297 0.00010456958989 7.5295130955e-05 6.1796134105e-05 4.258554327e-05 
5.1147428167e-05 6.9565852755e-05 0.00010054609447 0.00014843481767 0.00021956156706 0.00032268126961 0.00046949891839 0.00067524280166 0.00095923308982 
0.001345366938 0.0018624176737 0.0025440123864 0.0034281350672 0.0045559932478 0.005970090162 0.0077113872394 0.0098155047745 0.012308035977 
0.01519913692 0.018477782607 0.022106170654 0.026014929637 0.030099855736 0.034220937639 0.038204293698 0.041847534478 0.044928885996 
0.0472198762 0.04850134626 0.048581637442 0.047315277159 0.044619344175 0.040485709906 0.034997463226 0.02838399075 0.021159643307 
0.014287848026 0.0092220846564 0.0059593762271 0.0045621851459 0.0044837673195 0.0044532031752 0.0047747227363 0.0050912504084 0.0054372772574 
0.005684944801 0.0056453230791 0.005158521235 0.0042101023719 0.0030701803043 0.0020857974887 0.0013877631864 0.00094640057068 0.00068722543074 
0.00054972036742 0.00050088349963 0.00053319655126 0.00066259852611 0.00093125243438 0.0014163800515 0.0022475207224 0.0036395213101 0.0059576458298 
0.0098328487948 0.016274305061 0.026772134006 0.043848499656 0.058552846313 0.06906785816 0.075411356986 0.078033469617 0.077530056238 
0.074530631304 0.06965598464 0.06349119544 0.056564707309 0.04933251068 0.042168069631 0.035358332098 0.029105691239 0.023534955457 
0.018704079092 0.014617143199 0.011238090694 0.0085038626567 0.0063360058703 0.0046501415782 0.0033630945254 0.0023977423552 0.0016858776798 
0.001169477473 0.00080079975305 0.00054170732619 0.00036255453597 0.0002408955479 0.00016020024486 0.00010869712423 7.8411743743e-05 6.4435247623e-05 
4.4803546189e-05 5.3859999753e-05 7.3351628089e-05 0.00010616073996 0.00015692142188 0.00023238729045 0.00034190848237 0.00049799762201 0.00071694870712 
0.0010194517672 0.0014311183477 0.0019828046206 0.0027105871122 0.0036552227102 0.004860911984 0.0063731991686 0.0082358708605 0.010486811399 
0.013152860105 0.016243914142 0.019746636972 0.023618390784 0.027782082558 0.032122790813 0.036487046629 0.040685433894 0.044499125332 
0.0476905182 0.050017721951 0.051252167672 0.051197554916 0.049706976861 0.046692609787 0.042122136801 0.03601142019 0.028466099873 
0.019794080406 0.01121274475 0.006712902803 0.004183488898 0.0028988418635 0.0023846644908 0.0021798501257 0.0021800296381 0.0022433614358 
0.0023218144197 0.0023522372358 0.0022722766735 0.0020454812329 0.0016877535963 0.0012832215289 0.0009281046805 0.0006643300876 0.00048810977023 
0.00038025365211 0.00032468882273 0.00031459430465 0.00035391404526 0.00045936487732 0.0006651225267 0.0010314377723 0.0016588995932 0.0027112797834 
0.0044509652071 0.0072895269841 0.011857897043 0.019145328552 0.030856898054 0.049768853933 0.062204051763 0.069825686514 0.073490358889 
0.073889322579 0.071673870087 0.06746841222 0.061861000955 0.055386546999 0.048511054367 0.041620250791 0.035014227033 0.028908265755 
0.023439081386 0.018675127998 0.014629398473 0.011273142882 0.0085491044447 0.0063832793385 0.0046945777722 0.0034021548927 0.0024304536637 
0.0017122513382 0.0011900842655 0.00081647507614 0.000553359685 0.00037105233059 0.00024700953509 0.00016458434402 0.00011189349607 8.0870377133e-05 
6.6541535489e-05 4.6696652134e-05 5.6185519497e-05 7.6617361628e-05 0.00011103323777 0.00016432574193 0.00024363092962 0.0003588370746 0.00052318919916 
0.00075395073509 0.0010730613722 0.0015077004209 0.002090633614 0.0028601884842 0.003859674558 0.0051360549405 0.0067376852967 0.0087109738961 
0.01109590847 0.013920509256 0.017194457352 0.02090231888 0.024996992201 0.0293942485 0.033969197422 0.038555730134 0.04294963181 
0.046916089952 0.050201587379 0.052549898624 0.053721208125 0.0535120368 0.05177174136 0.048406928778 0.043362170458 0.036573749036 
0.027862783521 0.016441259533 0.0094847008586 0.0054912655614 0.003257378703 0.002060825238 0.0014634630643 0.0011779464548 0.0010618857341 
0.0010240064003 0.0010133379837 0.00099315191619 0.00093827093951 0.00083890219685 0.00070367724402 0.00055796530796 0.00042850949103 0.00032840014319 
0.00025856978027 0.00021554603882 0.00019703658472 0.00020469356969 0.00024616374867 0.00033826430445 0.00051267346134 0.00082569156075 0.0013740045251 
0.0023174567614 0.0039032374043 0.0064649609849 0.010378659703 0.016454344615 0.026461148635 0.044915337116 0.057522956282 0.065516784787 
0.069652043283 0.07056889683 0.068877235055 0.065170742571 0.060017392039 0.053941246122 0.047404397279 0.040793575346 0.034413021058 
0.028483984992 0.023149987683 0.01848645322 0.014513035305 0.011207041331 0.0085164941847 0.0063718282618 0.004695547279 0.0034096108284 
0.0024405738804 0.0017227368662 0.0011996894609 0.00082464393927 0.00055996078299 0.00037619200884 0.00025091049611 0.00016751111252 0.00011411219748 
8.2632017438e-05 6.8079905759e-05 4.8213001719e-05 5.8059940784e-05 7.9272336734e-05 0.00011502729467 0.00017043940898 0.00025297419052 0.00037298561074 
0.00054435466882 0.00078518950613 0.0011185227195 0.0015729092993 0.0021827961318 0.0029884974938 0.0040355832316 0.0053734676912 0.0070530073717 
0.0091229500249 0.011625162326 0.01458873041 0.018023151904 0.021911112592 0.026201538742 0.030803762376 0.035583872348 0.040364209563 
0.044926900417 0.049022067338 0.052380733192 0.054732117802 0.055824141949 0.055445101112 0.053441867232 0.049725871533 0.04425143823 
0.036949608475 0.027592079714 0.0154633075 0.0087364027277 0.0049089887179 0.0027809080202 0.0016314125387 0.0010308192577 0.00072535529034 
0.00057627563365 0.00050522445235 0.00046857664711 0.00044068088755 0.00040727716987 0.0003631694417 0.00031050603138 0.00025627069408 0.00020781510102 
0.00016935721214 0.00014228122018 0.00012715956836 0.00012560798496 0.00014190273941 0.00018517235003 0.0002732652938 0.00043991534039 0.00074801198207 
0.0013136881171 0.0023470325395 0.0042022131383 0.0073614581488 0.011718752794 0.017799602821 0.027048217133 0.043623011559 0.055102150887 
0.062598749995 0.066634401679 0.06768296659 0.066250368953 0.062864594162 0.058051314205 0.052307549864 0.046078708023 0.03974211961 
0.033597778529 0.027866298333 0.022693052888 0.018156861886 0.0142816687 0.011049406603 0.0084126666188 0.0063061113469 0.0046559642069 
0.0033873117063 0.0024292364251 0.0017180021387 0.0011986665195 0.00082550151274 0.0005616012495 0.00037800689461 0.00025260221446 0.00016897048044 
0.00011533768702 8.3679442469e-05 6.9032859756e-05 4.9309051974e-05 5.9429003159e-05 8.123893349e-05 0.00011802496738 0.00017508034944 0.00026013713796 
0.00038392774877 0.00056085293181 0.00080971507123 0.0011544491863 0.0016247514868 0.0022564698011 0.0030915816315 0.0041775554419 0.0055658742785 
0.0073095131665 0.0094592059031 0.01205842942 0.015137184411 0.018704833463 0.02274248004 0.027195647359 0.031968157738 0.03691829741 
0.04185834527 0.046558387578 0.050754960626 0.054164752364 0.056502789259 0.057504199445 0.056947808713 0.0546781905 0.050619851798 
0.044770874083 0.037152700126 0.027658274397 0.015667647123 0.0086141899228 0.004670928698 0.0025308127515 0.0014002656098 0.00081393623259 
0.00051337183686 0.00036068528425 0.00028279263643 0.00024097139249 0.00021448565531 0.00019263688591 0.00017087825108 0.00014849794388 0.00012687416165 
0.00010791503883 9.3115690106e-05 8.3622522652e-05 8.0880970927e-05 8.7551714387e-05 0.00010887672397 0.00015508882643 0.00024599762401 0.00042003550334 
0.00075260689482 0.0013945657993 0.0026557473466 0.0052108103409 0.010696976446 0.017176296562 0.024923030287 0.03428516537 0.045320771635 
0.05445349589 0.060828626156 0.064347058535 0.065224871039 0.063830189407 0.060607437044 0.056027330458 0.050549205393 0.044592481107 
0.038516912609 0.032611317933 0.027090007439 0.022095743567 0.017707468942 0.013951136731 0.010811839253 0.0082459235564 0.0061919335276 
0.0045797931962 0.0033379043452 0.0023981658742 0.0016991414595 0.0011876916979 0.00081945251441 0.00055851548677 0.00037662679097 0.00025215250207 
0.00016899494221 0.0001155831269 8.4015977336e-05 6.9399618951e-05 4.9951639085e-05 6.0250898969e-05 8.245632489e-05 0.00011993251974 0.0001781022147 
0.00026489217998 0.00039131368976 0.00057215418201 0.00082673673751 0.0011796789477 0.0016615474597 0.0023092660122 0.0031660993118 0.0042809941806 
0.0057070567273 0.0074989353307 0.0097089493647 0.012381874025 0.015548476018 0.019218051806 0.023370508105 0.02794871293 0.032852124423 
0.037932816893 0.042994968593 0.047798790038 0.052069488913 0.055511273444 0.057826027274 0.058735657483 0.058006837964 0.055476319045 
0.051074240357 0.044842425734 0.036946494132 0.027701707557 0.017715252936 0.008788112551 0.0045049497858 0.0023507825099 0.0012543550692 
0.00069569249172 0.00041056360351 0.00026436764165 0.00018831777561 0.00014716565784 0.00012280911324 0.00010611557082 9.2815098469e-05 8.1300880993e-05 
7.1353417297e-05 6.3367384428e-05 5.7984834712e-05 5.6125245465e-05 5.9357498685e-05 7.0672365837e-05 9.5923474873e-05 0.00014651105448 0.00024454868981 
0.00043325006845 0.00079841574188 0.0015143067576 0.0029450496659 0.0058986241929 0.012356753461 0.020408855751 0.029073745012 0.038098748773 
0.047002013773 0.054446935654 0.059708181769 0.062564611435 0.063104264438 0.061598327011 0.058419637382 0.053985301405 0.048713982105 
0.04299434647 0.037163373083 0.031493689865 0.026188924909 0.021385636181 0.017160102725 0.013538245112 0.010506963357 0.0080255204812 
0.0060359295458 0.004471688997 0.0032645796891 0.0023495040368 0.0016675615916 0.0011676684953 0.0008070647018 0.00055105157662 0.00037225996493 
0.00024968286743 0.00016765340115 0.000114886745 8.3663231635e-05 6.9194553362e-05 5.0119760999e-05 6.0498485254e-05 8.2883838331e-05 0.0001206855959 
0.00017940218095 0.00026707650977 0.0003948895901 0.00057786877733 0.00083566649118 0.0011933397036 0.0016820249148 0.002339361934 0.0032094826456 
0.0043423478492 0.0057921907865 0.0076148430817 0.0098637659103 0.012584704906 0.015809046105 0.019546147436 0.02377519384 0.02843731828 
0.033429063857 0.038598235697 0.043743405491 0.048617821187 0.052938397974 0.056399766356 0.058692708611 0.059525996447 0.0586505346 
0.055884480476 0.051139269024 0.04445091635 0.036035310477 0.026421992108 0.016671117395 0.0081660794094 0.0041501093656 0.0021548981313 
0.0011443558615 0.00062902696664 0.00036466363235 0.00022768342751 0.0001552276517 0.00011533527868 9.1810448794e-05 7.6550801168e-05 6.5657848609e-05 
5.7432116591e-05 5.1318835176e-05 4.7358847951e-05 4.5953740482e-05 4.7896104661e-05 5.4725373047e-05 6.9597386755e-05 9.8980875919e-05 0.0001556853822 
0.00026436327607 0.0004723801685 0.00087160523981 0.0016419232124 0.0031373440288 0.0060441005044 0.011660383083 0.022055178881 0.03156516701 
0.040386233479 0.048240318894 0.05454236269 0.058872491121 0.061073150486 0.061210703105 0.05951090157 0.056298494339 0.051946554333 
0.04683567211 0.041322916746 0.035720035434 0.030280472711 0.025194179267 0.02058885619 0.016535937786 0.013059659861 0.010147543624 
0.0077610006556 0.0058450689539 0.0043366290629 0.0031708206516 0.002285636263 0.001624863944 0.0011396509362 0.00078901753295 0.00053963938262 
0.00036517312401 0.00024535562261 0.00016504325322 0.00011330704001 8.2658065367e-05 6.8444911449e-05 4.9805767048e-05 6.0160895373e-05 8.2503349404e-05 
0.00012025293836 0.00017892722099 0.00026660214644 0.00039451284101 0.00057777081383 0.0008361543878 0.0011949010659 0.0016853959532 0.0023456083145 
0.0032200920396 0.0043593216687 0.0058181290515 0.0076530072838 0.0099180946127 0.012659768574 0.015909900889 0.01967808418 0.023943366483 
0.028646256775 0.033682063222 0.038896717131 0.044086199254 0.049000419676 0.053352106363 0.056830458343 0.059118684381 0.059914279729 
0.0589501746 0.05601509288 0.050971679389 0.043776005507 0.034532155842 0.023670731112 0.012940592133 0.0069051813334 0.0036735672038 
0.0019656005315 0.0010713085067 0.0006044919719 0.00036029168405 0.00023104190768 0.0001607164013 0.00012048939243 9.572498675e-05 7.9145203927e-05 
6.7287452111e-05 5.8676767367e-05 5.2882096497e-05 5.0028986152e-05 5.056556256e-05 5.5246240663e-05 6.5482614446e-05 8.4410843556e-05 0.00011915483628 
0.00018456073303 0.00030885144952 0.00054471311159 0.00099117739592 0.0018352795159 0.0034308719914 0.0064479415305 0.01218854636 0.023482732475 
0.033364467323 0.041955780238 0.049112170935 0.054570902139 0.058128844947 0.059725731611 0.059452228248 0.057521920651 0.054231531918 
0.049920808524 0.044937226921 0.039607696235 0.034218300134 0.029001912102 0.024133073166 0.019728893414 0.015854438767 0.012530996464 
0.0097457543015 0.0074616144411 0.0056262165308 0.0041795945726 0.0030601639301 0.0022090252023 0.001572729554 0.0011047642911 0.00076605146751 
0.00052475713892 0.00035566979204 0.00023936065554 0.00016128228162 0.00011091769557 8.1049125583e-05 6.7188106186e-05 4.9015972763e-05 5.924432844e-05 
8.1320496975e-05 0.00011863870895 0.00017667780048 0.00026346195955 0.00039016190567 0.00057181384182 0.0008281127084 0.0011842097156 0.0016714073718 
0.0023276074789 0.0031973214354 0.004331022501 0.0057835970074 0.0076116602868 0.0098695550114 0.01260394603 0.015847077593 0.019609007984 
0.023869318888 0.02856913209 0.033604476601 0.038822103292 0.044018965214 0.048946037889 0.053316954523 0.056821066886 0.059139605612 
0.05996356532 0.059010639787 0.056038163602 0.050845839083 0.043255168945 0.033003378659 0.019291955978 0.010993524455 0.0061310362071 
0.0033864765428 0.0018813685747 0.0010691703064 0.00063449161826 0.00040153771988 0.00027460567071 0.00020265878993 0.00015903500025 0.00013013472199 
0.00010927837138 9.3445400125e-05 8.1572397903e-05 7.3666124081e-05 7.0312009484e-05 7.2349263064e-05 8.0661811808e-05 9.6312469395e-05 0.00012167992827 
0.00016415766731 0.00024203049543 0.00038968463195 0.00066893635085 0.0011926279403 0.0021674323361 0.0039693601429 0.0072792447172 0.013381524943 
0.025155648589 0.035035707057 0.043251994997 0.049778435379 0.054515972733 0.05739589408 0.058437716216 0.057765252888 0.055594038218 
0.052204620093 0.047911513597 0.043033774942 0.03787048161 0.032682750374 0.02768262662 0.023028496653 0.0188259352 0.015132666565 
0.011966183782 0.0093126371503 0.007135879714 0.005385784898 0.0040053059347 0.0029360123444 0.0021220732015 0.0015128222294 0.001064140466 
0.00073892239016 0.00050690124044 0.00034407121711 0.00023190304637 0.0001565006678 0.00010780242883 7.8893506725e-05 6.5469110268e-05 4.7770605306e-05 
5.7772089349e-05 7.9365046986e-05 0.00011588292546 0.00017270889657 0.00025773147354 0.00038193989894 0.00056013657013 0.00081172515638 0.0011615046533 
0.0016403656919 0.0022857435979 0.0031416465063 0.0042580291629 0.0056892870925 0.0074916197918 0.0097191017121 0.012418348342 0.015621888451 
0.019340490922 0.023554993793 0.028208499774 0.033199839294 0.038379587233 0.043549634516 0.04846701771 0.052852340043 0.056401945651 
0.058802634478 0.059746731073 0.058945443481 0.056137833744 0.051091037691 0.043581802398 0.033301565796 0.019431276247 0.010973807424 
0.0061482014135 0.003457872197 0.0019814264961 0.0011783615919 0.00074297067476 0.00050508492859 0.00037149770651 0.00029210440698 0.00024056070833 
0.00020344086806 0.0001743100147 0.00015056454868 0.00013178963854 0.00011890725 0.00011365827231 0.00011810522847 0.000133964626 0.0001617121452 
0.00019998855714 0.00025401852326 0.00034885120112 0.0005304327351 0.00087652861839 0.0015264127869 0.0027322920505 0.0049403761514 0.0088899880648 
0.015759663656 0.027508702129 0.036932259798 0.044534109533 0.05036623776 0.05440242961 0.05664499104 0.057164225727 0.056109450758 
0.053700096905 0.050205271691 0.045918803662 0.041134789586 0.036126680672 0.031131781638 0.026341760531 0.021898776293 0.017896516249 
0.014384891838 0.011377085932 0.0088577475399 0.0067912843078 0.00512949517 0.0038180341944 0.0028014869895 0.0020270159002 0.0014467131114 
0.0010188634042 0.00070836546365 0.00048656237777 0.00033069992787 0.00022319259006 0.00015083434118 0.00010405058129 7.6253490988e-05 6.333788042e-05 
4.6102988563e-05 5.5783653806e-05 7.6689619164e-05 0.00011206005001 0.00016712807701 0.00024956659763 0.00037007109495 0.00054305855883 0.00078744161874 
0.001127411495 0.0015931283124 0.0022211777978 0.0030546155758 0.0041423803195 0.0055378437974 0.0072962697595 0.0094710011035 0.012108284049 
0.015240841545 0.018880408257 0.023009844124 0.027575580403 0.032481435686 0.037584938109 0.042697113007 0.047586549073 0.051987398416 
0.055610790849 0.058157537133 0.059330251068 0.058843251318 0.056430581957 0.051855456084 0.044932685792 0.035608500242 0.024215800688 
0.012691310607 0.0069626020268 0.0039418502711 0.0023175857496 0.0014403427485 0.00096372462576 0.00070010725176 0.00054809625726 0.00045352100278 
0.00038793112617 0.00033686190727 0.00029358806205 0.00025588666904 0.00022442669433 0.0002020013053 0.00019307457842 0.00020324721118 0.00023812826839 
0.0002989146742 0.00036786322016 0.00043835732504 0.00055252178572 0.00077942869393 0.0012216077885 0.002062343061 0.0036436247174 0.0065924818628 
0.012033168226 0.021484270692 0.0309450645 0.03919493407 0.04590338096 0.05093537271 0.054247133434 0.05586348474 0.0558796525 
0.054458778352 0.051820527762 0.048222869635 0.043940801173 0.039245471358 0.034386407584 0.029578391463 0.024993440136 0.020757868886 
0.016953563318 0.013622511178 0.010773366317 0.0083890091628 0.0064341397956 0.0048622456379 0.003621493699 0.0026593422517 0.0019258548273 
0.0013758294517 0.00096993293846 0.00067506911 0.00046420717263 0.00031586783007 0.00021343545814 0.00014441923122 9.9753386166e-05 7.3194030847e-05 
6.0847229179e-05 4.4058098865e-05 5.3333002143e-05 7.3367460573e-05 0.00010727567133 0.00016009082901 0.00023919648083 0.00035489114816 0.00052106595831 
0.00075595773524 0.0010829126695 0.0015310643939 0.0021357906517 0.0029387769755 0.0039874752983 0.0053337360732 0.0070313918404 0.0091326143593 
0.011682980694 0.014715303667 0.018242532387 0.022250251845 0.026689559221 0.031471386552 0.036463297904 0.041489761323 0.046336438507 
0.050757989287 0.054488319904 0.057250816375 0.058766301721 0.058757677674 0.05695342645 0.053097337484 0.046977445483 0.038492675871 
0.02775413543 0.01497749798 0.0084012849256 0.0048569967039 0.0029412230942 0.0019083295483 0.0013472393621 0.0010343588656 0.00085001211846 
0.00073080055881 0.00064333138289 0.00057041528635 0.00050417764578 0.00044273192179 0.0003886934428 0.00034871674143 0.00033351712045 0.00035844618105 
0.00044450332643 0.00061056908453 0.00076150026871 0.00084414414596 0.00096790818498 0.001247750246 0.0018144749338 0.0029089031741 0.0050022229552 
0.0090715782717 0.017463279888 0.026154696941 0.03439604491 0.041557449847 0.047302015126 0.051479045302 0.054045382887 0.055038418621 
0.054565437138 0.052794285119 0.049940072 0.046247918159 0.041974052787 0.037367638201 0.032655503601 0.028030997142 0.023647403345 
0.019615810364 0.016006672755 0.012854214758 0.010162563063 0.0079127317294 0.0060695675202 0.0045880842954 0.0034188048448 0.0025119313505 
0.0018203289947 0.0013014312135 0.00091824511765 0.0006396601093 0.00044026703108 0.00029986791196 0.00020282869809 0.00013738762937 9.5001225418e-05 
6.9780689955e-05 5.8051184169e-05 4.1690567741e-05 5.0486109103e-05 6.9489033194e-05 0.00010166155698 0.00015179302136 0.00022691264166 0.00033683035872 
0.00049478746951 0.00071818032302 0.00102929899 0.0014559855917 0.0020320890471 0.002797547495 0.0037979020271 0.0050830282271 0.0067048720084 
0.0087140314281 0.011155105196 0.014060907066 0.017445793375 0.021298678592 0.025576543063 0.030199375004 0.035047702491 0.039963517338 
0.044754963368 0.049204010516 0.05307533592 0.056123185903 0.058093506843 0.058720249683 0.057719495147 0.054791785777 0.049646794796 
0.042056769133 0.031866218895 0.018593706191 0.01076172106 0.0063462541439 0.0039482600987 0.002667740453 0.0019757593982 0.0015877137193 
0.0013551602606 0.0012003986631 0.0010816337308 0.00097624672344 0.0008736368618 0.00077220919775 0.00067828927422 0.00060652149841 0.0005812595482 
0.00064129376551 0.00085855170619 0.0013965400867 0.001785091823 0.0018045576289 0.0018759870436 0.0022134264 0.0029284604825 0.0043176836334 
0.0069613591768 0.011942791753 0.021800260991 0.0303302221 0.037745304406 0.043908957392 0.048679359257 0.051974982023 0.053782507777 
0.054154664278 0.053205169737 0.051100179553 0.048045624048 0.044271297753 0.040013805032 0.035500552505 0.030936453491 0.026494381949 
0.022309817374 0.018479367718 0.015062609687 0.012086334638 0.0095503246412 0.0074337637052 0.005701594986 0.0043102591299 0.0032125220168 
0.0023612177465 0.001711914083 0.0012246061815 0.00086458731676 0.00060269847745 0.00041513401084 0.00028297069366 0.00019155714836 0.00012986577349 
8.988189802e-05 6.6078187956e-05 5.5003696616e-05 3.9062149881e-05 4.7317906137e-05 6.5157786594e-05 9.5369447081e-05 0.00014246156206 0.00021305453265 
0.00031639292138 0.00046496297 0.00067518214928 0.00096810399555 0.0013700540876 0.0019130761502 0.0026350372937 0.0035791983828 0.0047930632718 
0.0063262879848 0.0082275262102 0.010540122166 0.013296752237 0.016513302922 0.020182522014 0.024268241599 0.028701180592 0.033377360553 
0.038159944117 0.04288456589 0.047366939485 0.051410183311 0.054807666689 0.057337399572 0.058746635914 0.058731712401 0.0569283925 
0.052938587964 0.046426050365 0.037319011986 0.026122722775 0.014752283692 0.0086071640253 0.0054752221331 0.0038566051517 0.0029889470898 
0.0024972923566 0.0021981522441 0.001996000763 0.0018357497174 0.0016840216704 0.0015242894879 0.0013553863391 0.0011910132598 0.0010622378904 
0.0010206332663 0.0011464387644 0.0015841713175 0.0026671963278 0.0035823734943 0.0041462518275 0.0039347587153 0.0043831835501 0.0052932775579 
0.0070384414867 0.010385656729 0.016382018104 0.026716416702 0.034705240279 0.041172910482 0.046279162169 0.050027936697 0.052409444004 
0.053443834186 0.053197000176 0.051783602685 0.049362301826 0.046125270426 0.042284090072 0.038054421544 0.033641703427 0.029229374602 
0.024970671162 0.020984152332 0.017352776602 0.014125882648 0.011323304847 0.008940756321 0.006955738645 0.0053333193064 0.0040313312784 
0.0030047050677 0.0022088156547 0.0016018487513 0.0011462847469 0.00080964487279 0.00056467991089 0.0003891607048 0.00026542358682 0.00017979263794 
0.00012197282194 8.4479623183e-05 6.2149563746e-05 5.1757848269e-05 3.6238994653e-05 4.390893082e-05 6.0485355789e-05 8.8563778263e-05 0.00013234349899 
0.00019799324218 0.0002941316634 0.00043240736704 0.00062814785633 0.0009010269423 0.0012756719952 0.0017820997164 0.0024558396544 0.0033375706989 
0.0044720894657 0.0059064221568 0.0076869502664 0.0098554911092 0.012444437481 0.015471233986 0.018932763487 0.02280041948 0.027016898617 
0.031495720148 0.036124177277 0.040769618005 0.045287244022 0.04952596128 0.053326770663 0.056508067995 0.058835167438 0.059979435056 
0.059485506266 0.056782953441 0.051300752908 0.042768880725 0.03180726245 0.020541850477 0.011612910777 0.0076743094251 0.0057128509507 
0.0046361419372 0.0040044300258 0.0036145159975 0.0033534828108 0.0031434996054 0.002927923575 0.0026776853483 0.0023934689816 0.0021037489641 
0.0018734679325 0.0018082191236 0.0020560699049 0.0028502729256 0.004720766563 0.0065856268629 0.008193815127 0.0084682591259 0.0095029147342 
0.010777235962 0.012967539951 0.017630185932 0.026061816141 0.033564694226 0.039839856327 0.044897507876 0.048737313598 0.051360007375 
0.052775155753 0.053016107529 0.052150785923 0.050286501646 0.047567784786 0.044168185443 0.040277924389 0.036090109497 0.031787712127 
0.027533026412 0.023460332304 0.019672129303 0.016238559037 0.013199438341 0.010568185709 0.0083368197083 0.0064813680947 0.0049671237357 
0.003753321711 0.0027970166411 0.0020560589619 0.0014911763137 0.0010672644712 0.00075401511276 0.00052604358643 0.00036266457755 0.00024745252449 
0.00016769433569 0.00011382079538 7.8874698374e-05 5.8055687987e-05 4.836529115e-05 3.3288735722e-05 4.0341710701e-05 5.5586562667e-05 8.1414305896e-05 
0.00012169455294 0.00018211409042 0.00027062243316 0.00039797066711 0.00057831668528 0.00082984962501 0.0011753648287 0.0016426853836 0.0022648035083 
0.0030795820057 0.0041288500652 0.0054567242041 0.0071070375852 0.0091198300943 0.011527021416 0.014347544871 0.017582515255 0.021211253479 
0.025189165026 0.029448524117 0.033902816474 0.038454212248 0.043002039194 0.047447644174 0.05168870464 0.055595200509 0.058961879462 
0.061440389603 0.062467545271 0.061226524413 0.056710995734 0.048042178154 0.035262778401 0.021664183587 0.014613636769 0.010892198421 
0.0087311072275 0.0073870932683 0.0065406723879 0.0060195913538 0.0056927828118 0.0054351501167 0.00513422722 0.0047356747091 0.0042499802075 
0.0037330165505 0.0033196138684 0.003230112372 0.0037358913105 0.0051306337118 0.0076570720412 0.011090229265 0.015029200353 0.018703492358 
0.021750491112 0.023910382763 0.026541918516 0.034038752317 0.038531612605 0.042416922748 0.046016991138 0.049072455615 0.051338538527 
0.052683547139 0.053062357008 0.052484631538 0.051001176238 0.048700418323 0.045705098659 0.042164932936 0.038245521486 0.034115664661 
0.029935337603 0.025845840573 0.02196316421 0.018374590203 0.015138281509 0.012285285629 0.009823186323 0.0077407299541 0.0060127465986 
0.0046048960648 0.0034778683912 0.0025908334646 0.0019040701445 0.0013807892101 0.00098823953886 0.00069822638761 0.00048718310427 0.0003359336406 
0.00022926506063 0.00015541022003 0.00010551501327 7.314344839e-05 5.385501936e-05 4.4876014726e-05 3.027772982e-05 3.6697369069e-05 5.0574566558e-05 
7.4088726251e-05 0.00011076797091 0.00016579931253 0.00024643741199 0.00036249990808 0.00052692554891 0.00075635360554 0.00107166206 0.0014983717119 
0.0020668036304 0.0028118449263 0.0037721695844 0.0049887746572 0.0065027191304 0.0083520384505 0.010567960329 0.013170722872 0.016165554523 
0.019539678469 0.023261347786 0.027282007039 0.031542152166 0.035980403423 0.04054318741 0.045189641416 0.049883209169 0.054560050368 
0.059065859765 0.063059486449 0.065891817212 0.066481001675 0.063228547573 0.05400633812 0.035967867821 0.025894032791 0.020220363513 
0.016647996381 0.014030076563 0.012127422728 0.010873441584 0.01014728006 0.0097692348063 0.0095028020442 0.009089814499 0.0084307258949 
0.0075841583312 0.0066409944557 0.0058739990927 0.005763258785 0.0068664839491 0.0097679682076 0.014967188239 0.02258840017 0.032085157931 
0.041934411973 0.049994554371 0.054903946817 0.057317130268 0.061335191131 0.057787831873 0.054905097932 0.053889013827 0.053930319846 
0.054143551737 0.053998243064 0.053253848106 0.051830608398 0.049732018262 0.047012500465 0.043764326721 0.040108039975 0.036181427538 
0.032127387822 0.028082320467 0.024166801944 0.020479165018 0.017092304304 0.01405326277 0.011385076679 0.0090901209041 0.0071543259546 
0.0055516278371 0.0042482358404 0.0032063755207 0.0023873471655 0.0017538332613 0.0012714789482 0.00090983079281 0.00064275495242 0.00044845699449 
0.00030923262239 0.000211053557 0.00014307847596 9.7154705145e-05 6.7358385422e-05 4.9603466323e-05 4.1338007577e-05 2.7268526537e-05 3.3052467188e-05 
4.5556356781e-05 6.6745880758e-05 9.9804048659e-05 0.00014941232803 0.00022212161275 0.00032680266304 0.00047515588813 0.00068224332063 0.00096698716516 
0.0013525551185 0.001866528648 0.0025407283101 0.0034105628729 0.0045137712732 0.0058884662576 0.0075704744086 0.0095900930464 0.011968573555 
0.014714920893 0.017823845148 0.021275954321 0.025041289628 0.029086798429 0.033387254924 0.037936825305 0.042755246162 0.047879155725 
0.053326815367 0.059025067836 0.064692221582 0.069676823914 0.072757922113 0.071928724647 0.06418697536 0.045104328543 0.036444552243 
0.031577937305 0.027647225186 0.023633984849 0.020404616371 0.018336405978 0.017294753343 0.016958657652 0.016846183687 0.016283130273 
0.015110754408 0.013615578413 0.011840338819 0.010302904993 0.010077126324 0.01228118781 0.018108794466 0.028744807467 0.044884815812 
0.065882958472 0.08888476342 0.10945726186 0.12606024742 0.13326147199 0.11327828467 0.090191088617 0.073801152408 0.064546525478 
0.059832684696 0.057235423476 0.05529788509 0.053323671222 0.051029786468 0.048325326294 0.045210517943 0.041737511754 0.037992510945 
0.034082703292 0.03012374416 0.026228195056 0.022496225312 0.019009236246 0.01582659781 0.012985114008 0.010500579141 0.0083707999438 
0.0065793669783 0.005099653732 0.0038986201398 0.0029401308857 0.0021876499522 0.0016062497161 0.0011639709119 0.00083260942483 0.00058804103173 
0.00041019753553 0.00028280782863 0.00019299783162 0.000130828892 8.8833323389e-05 6.1588092649e-05 4.5354179747e-05 3.7797006371e-05 2.4317745556e-05 
2.9476390409e-05 4.0629005525e-05 5.953010259e-05 8.9021457825e-05 0.0001332842221 0.00019817204156 0.00029161662678 0.00042408838635 0.00060907972511 
0.00086356373504 0.0012083557667 0.0016682913993 0.0022721053101 0.0030518991407 0.0040420810692 0.0052777081728 0.0067922272719 0.0086147449911 
0.010767156258 0.013261700049 0.016099793836 0.019273294136 0.022769263014 0.026579046622 0.030711090192 0.035204853863 0.040139578283 
0.045628007501 0.051782395691 0.058640215546 0.066041126847 0.073452286422 0.079742267728 0.082908265293 0.079631753266 0.063720226288 
0.057938817888 0.054285466671 0.049205955118 0.04108260572 0.034820172936 0.031223049387 0.029763031751 0.029790747911 0.030411517248 
0.029621945694 0.027267761528 0.024688407779 0.021244931966 0.017833625898 0.017024718225 0.020829316229 0.031406328082 0.051204416901 
0.082101337612 0.12362935394 0.17118211091 0.21902683377 0.28037077188 0.25824472308 0.19929498434 0.14227169752 0.10247942805 
0.079425938427 0.067273102701 0.060728281736 0.056573987007 0.053238082677 0.050052795559 0.046761531383 0.043283265084 0.039619181305 
0.035816431046 0.031949486583 0.028106024489 0.024374840781 0.020836284384 0.017555674538 0.014579804614 0.011936126277 0.0096339927986 
0.0076672849245 0.0060177426785 0.0046585146338 0.0035575260408 0.0026803966612 0.0019927953836 0.0014621799346 0.0010589539306 0.00075711501995 
0.00053449894767 0.00037271701149 0.00025689057657 0.00017526658485 0.00011878332589 8.0638783402e-05 5.5897166021e-05 4.1157229134e-05 3.4296146623e-05 
2.1474443201e-05 2.6029281798e-05 3.5876761103e-05 5.2566789236e-05 7.8610348282e-05 0.0001177032027 0.0001750219526 0.00025758560514 0.00037466717185 
0.00053822918562 0.00076334015466 0.0010685130255 0.0014758858597 0.0020111498889 0.0027031255886 0.0035828871187 0.0046823774464 0.0060325269587 
0.0076610008255 0.0095899058506 0.011834014207 0.014400374144 0.017290430143 0.020505843684 0.024058848619 0.027986859903 0.032368794084 
0.037337251008 0.043076768517 0.049795374274 0.057657055557 0.06666752696 0.076516486704 0.086399026215 0.094892188907 0.10013820231 
0.10095217079 0.10197919607 0.10091809183 0.093640640378 0.07245850563 0.059450816363 0.053462803364 0.05163307488 0.052816532552 
0.056402888149 0.055149551481 0.049293920398 0.045676544309 0.038852676749 0.030378162861 0.027599804103 0.033111076802 0.050098273903 
0.082884460688 0.13537201285 0.20769841969 0.29243770242 0.37883883715 0.4876652956 0.4390771091 0.32700812817 0.21966186166 
0.14415794611 0.099990971386 0.07676935941 0.064736671746 0.057809088379 0.052955269814 0.04886617139 0.045020647347 0.041221465915 
0.03740702197 0.033581465483 0.029785422608 0.026078635827 0.022526776418 0.019191289321 0.016122449189 0.013355494477 0.010909479111 
0.0087881293148 0.0069820382632 0.0054715853184 0.0042300373316 0.0032264960464 0.0024284545798 0.0018038317794 0.0013224671129 0.00095709325979 
0.00068386353087 0.0004825219512 0.00033631001133 0.00023169808264 0.00015801773407 0.00010705545719 7.2652976087e-05 5.0345657655e-05 3.7059136957e-05 
3.0875504308e-05 1.8779022867e-05 2.2760708816e-05 3.13691271e-05 4.5959470299e-05 6.8727837061e-05 0.00010290763748 0.00015303006512 0.00022524299857 
0.00032767560333 0.00047082622768 0.00066793791484 0.00093531043967 0.0012924814364 0.0017621966545 0.0023700799793 0.0031439254526 0.004112564493 
0.0053043169901 0.0067451698706 0.0084569826722 0.010456276126 0.012754439376 0.0153604839 0.018287558109 0.021564176306 0.025250123814 
0.029454860836 0.034353148192 0.040188718587 0.047253862023 0.055832725018 0.066101789474 0.077993668616 0.091053061187 0.10435976833 
0.11667665094 0.12703844905 0.13548272848 0.14016737044 0.13811743259 0.12571080029 0.10036849231 0.092107348144 0.090315423906 
0.093809001148 0.10949452966 0.10686779022 0.087963066995 0.088088586926 0.074382595718 0.050464168191 0.042871534824 0.049405157566 
0.073281913996 0.1210494712 0.19954459369 0.3102838099 0.44268092513 0.57888621092 0.74619185925 0.67086428404 0.49498924613 
0.32312762737 0.19987921417 0.12685474753 0.088531702757 0.069266676903 0.058947205544 0.052420262247 0.047433383763 0.043084006757 
0.039019152522 0.035102736205 0.031293317676 0.02759787254 0.024049239233 0.020691232756 0.017567727715 0.014715202153 0.012158502825 
0.0099092749879 0.0079664355144 0.0063179456629 0.0049432986416 0.0038162050769 0.0029071539175 0.0021856189705 0.0016218096716 0.0011879390804 
0.00085903261788 0.00061334786005 0.00043248181464 0.00030125273042 0.00020743247296 0.00014139740961 9.5749994216e-05 6.4950916567e-05 4.4988450099e-05 
3.3102300222e-05 2.7571511964e-05 1.626273297e-05 1.9709026674e-05 2.7159876481e-05 3.9788330469e-05 5.9495727328e-05 8.9082488557e-05 0.00013247494644 
0.00019500379858 0.00028372387169 0.00040775656817 0.0005786246038 0.00081053742906 0.0011205688352 0.0015286605339 0.0020573760848 0.0027313402388 
0.0035763224587 0.0046179895289 0.0058804457076 0.0073848613538 0.0091486936435 0.011186306365 0.013512080535 0.016147213057 0.019131271169 
0.022538676858 0.026498399675 0.031212378293 0.03696430847 0.044107537717 0.053020320833 0.064021296799 0.077249914408 0.092535242438 
0.10930453986 0.12661077082 0.1433223933 0.1582545042 0.16957561672 0.17518697679 0.17376789451 0.16674251854 0.16269908845 
0.16138589382 0.16219690442 0.16408884525 0.15840654075 0.14513038099 0.13158807158 0.11039256305 0.077373683453 0.064110130072 
0.070589236915 0.099732071161 0.16013590991 0.26254466176 0.41087698936 0.59270733595 0.78441482782 1.015435338 0.92139977217 
0.68408495188 0.44334545732 0.26570513844 0.15846849978 0.10193358362 0.074032582343 0.05984127894 0.05155460909 0.045715581626 
0.040936678648 0.036675397307 0.03271297738 0.028962129727 0.025397986174 0.022028617561 0.018877957016 0.0159740448 0.013341083191 
0.010994774289 0.0089404033497 0.0071729086339 0.0056782513857 0.0044354996644 0.0034191189334 0.0026011730079 0.0019532123115 0.0014477641089 
0.0010593972402 0.00076538516441 0.00054603110766 0.00038472373853 0.00026779895416 0.00018427801842 0.00012553780107 8.4961095126e-05 5.7599758293e-05 
3.9874372305e-05 2.9324288334e-05 2.4416383894e-05 1.3947651496e-05 1.6901329218e-05 2.3287047952e-05 3.4110100387e-05 5.1000290114e-05 7.6358919614e-05 
0.00011355443712 0.00016716320533 0.00024324716651 0.00034965309897 0.00049630890135 0.00069548084866 0.00096194562502 0.0013130190782 0.0017683809856 
0.0023496395443 0.003079605056 0.0039812945761 0.0050767795183 0.0063861440867 0.0079270200804 0.0097154304385 0.011768973432 0.014113502577 
0.016794396564 0.019892785698 0.02354554832 0.027965253219 0.033452913165 0.040393229574 0.049221020192 0.06035092473 0.074071362615 
0.09041903168 0.10906773061 0.12927721441 0.14992722869 0.16957713664 0.18646638095 0.1988825947 0.20590768754 0.20839938521 
0.20921137929 0.20925189555 0.20837506652 0.20537392795 0.19741258025 0.18420644104 0.16754969954 0.146642223 0.12200543284 
0.096726059914 0.10181523114 0.13290514052 0.19646057487 0.31140086055 0.4847625792 0.70576941967 0.95282226801 1.2356125116 
1.1381715536 0.85776549578 0.55900019407 0.33089515567 0.19003085792 0.11501108855 0.078271649778 0.060199204832 0.050246547908 
0.043672997504 0.038570165634 0.03419617936 0.030250204727 0.02660263516 0.023200485855 0.020030297339 0.017098773271 0.014420257881 
0.012008372694 0.0098710544407 0.0080082993954 0.0064118904993 0.0050664022565 0.0039509073831 0.0030409123283 0.0023102164268 0.0017325219233 
0.0012826835737 0.00093759369338 0.00067671725992 0.00048233536654 0.00033955828985 0.00023617470288 0.00016239719116 0.00011055457435 7.4770483479e-05 
5.0657381507e-05 3.5045286495e-05 2.575715007e-05 2.1437526811e-05 1.1847113456e-05 1.4354008272e-05 1.9773682652e-05 2.8959215342e-05 4.3293970521e-05 
6.4816857048e-05 9.6389441751e-05 0.00014190214279 0.00020651311206 0.00029690715019 0.00042155545088 0.00059094553581 0.00081774423597 0.0011168452911 
0.0015052512754 0.0020017444622 0.0026263187174 0.0033993958496 0.0043409229256 0.0054695806466 0.0068025179207 0.0083562638611 0.010149732232 
0.012210423127 0.014584851451 0.017353745177 0.020651219413 0.024684892967 0.029750922695 0.036234952509 0.044588342309 0.055271055549 
0.068659387529 0.084928303957 0.10393222421 0.12511774898 0.14749869704 0.16970126331 0.19009138644 0.20709384978 0.21968396008 
0.22784423828 0.23246885836 0.23415108025 0.23298788071 0.22851379216 0.21991078556 0.20730495453 0.19179743528 0.17462162673 
0.15866586566 0.14994928241 0.16068199277 0.19402767718 0.23681770265 0.34192726016 0.51639711857 0.75202423334 1.0342614651 
1.3507678509 1.2668704987 0.97176831961 0.64047110081 0.37888932228 0.21360993385 0.1244270727 0.08072039485 0.059581577778 
0.048356402665 0.041270509362 0.035986032337 0.031596183777 0.027733322233 0.024234106764 0.02102323994 0.018069976941 0.015366998501 
0.012917373329 0.010726007633 0.0087944949046 0.0071186218411 0.0056878179312 0.0044858516194 0.0034921958577 0.002683639992 0.0020358555485 
0.0015247412957 0.0011274680728 0.00082320184447 0.00059352820972 0.00042262722855 0.0002972522052 0.00020657181449 0.00014192660456 9.654401947e-05 
6.5245680162e-05 4.417125092e-05 3.0535284168e-05 2.2426831492e-05 1.8657039618e-05 9.9665239759e-06 1.2073724974e-05 1.6629184756e-05 2.4349825253e-05 
3.639849092e-05 5.4489690228e-05 8.1030993897e-05 0.00011929788889 0.00017363741063 0.00024969031801 0.00035461614607 0.00049729709281 0.00068848970113 
0.00094088492915 0.0012690362055 0.001689115772 0.0022184792906 0.0028750542551 0.0036766338162 0.0046402728185 0.0057821283117 0.0071183154359 
0.0086675547063 0.010456612334 0.012529476546 0.014960892498 0.017873767763 0.021458188072 0.025987077504 0.031820937991 0.03939210996 
0.049159999937 0.061533413827 0.076765477657 0.094838231802 0.1153645888 0.13753944635 0.16016671062 0.18178530037 0.20091898739 
0.21641270816 0.22771210968 0.23485441506 0.23807401955 0.23757058382 0.23342190683 0.22573488951 0.21508561075 0.20265448093 
0.19027629495 0.18122521043 0.18110397458 0.19796438515 0.23852948844 0.30214372277 0.36619219184 0.51006621122 0.72742551565 
1.0023798943 1.3305729628 1.268610239 0.9884570837 0.65957522392 0.39264851809 0.2206055671 0.1264629513 0.079975828528 
0.057525187731 0.045757971704 0.038491688669 0.033200796694 0.028900330886 0.025187769905 0.021879844368 0.01888653636 0.016164764762 
0.013696704991 0.011476754211 0.0095030246302 0.0077721900307 0.0062768813223 0.0050049358979 0.0039398451336 0.0030618272722 0.0023491599131 
0.0017794823507 0.0013309074566 0.00098288536537 0.00071678578388 0.00051622960018 0.00036720442586 0.00025801890297 0.00017914187629 0.00012297286594 
8.3580554929e-05 5.6438373576e-05 3.8177389797e-05 2.637003854e-05 1.9352737581e-05 1.6091373254e-05 8.3044023995e-06 1.0058713997e-05 1.3851185031e-05 
2.0278570446e-05 3.0309040085e-05 4.5370623411e-05 6.7469671194e-05 9.9337928987e-05 0.00014460433158 0.0002079840342 0.00029547154554 0.00041451989091 
0.0005741789937 0.00078516401118 0.0010598173831 0.0014119351981 0.0018564380007 0.0024088986684 0.0030849913601 0.0039000192191 0.0048688016832 
0.0060063856654 0.0073302425444 0.0088647743687 0.010649004951 0.012748032808 0.015268046409 0.018373221159 0.02230065316 0.027367098257 
0.033959452063 0.042500976473 0.053388692439 0.066904217005 0.083110563457 0.10175720602 0.12222249061 0.14352190495 0.16440340877 
0.18353435397 0.19974561036 0.2122464478 0.22069825232 0.22511231899 0.22572149336 0.22289903462 0.2171869576 0.2094181031 
0.20080247521 0.19311450422 0.18923720717 0.19382463396 0.21353003383 0.25580087304 0.32555955648 0.41519939899 0.49525231123 
0.66466778517 0.89821004868 1.1853240728 1.136174798 0.894490242 0.60403174162 0.36384007335 0.20648889244 0.11908054352 
0.075273878872 0.053804151714 0.042417991906 0.035361107439 0.030251437798 0.026144534349 0.022644970566 0.019566284493 0.016812108457 
0.014332231134 0.012101903558 0.010109424591 0.0083479927853 0.0068107279949 0.0054880911484 0.0043670251034 0.0034312075004 0.0026618968695 
0.0020390169229 0.0015422281576 0.0011518434621 0.00084953027545 0.00061877357075 0.00044512696331 0.00031628363649 0.00022201087268 0.00015399142285 
0.000105609819 7.1715010563e-05 4.8383419198e-05 3.2699790609e-05 2.2566446205e-05 1.6547506675e-05 1.3751184269e-05 6.8535855462e-06 8.3002514657e-06 
1.1427597201e-05 1.6727675757e-05 2.4999000743e-05 3.7419842556e-05 5.5646611145e-05 8.1936326751e-05 0.00011929040193 0.00017161389405 0.00024387992744 
0.00034228511504 0.00047437477042 0.00064911384834 0.0008768751868 0.0011693203123 0.0015391547931 0.0019997679628 0.0025648016017 0.0032477735076 
0.0040619708598 0.0050209839828 0.0061404109001 0.007441401016 0.0089567760006 0.010740263388 0.012878810056 0.015506780706 0.018819170073 
0.023078968748 0.028612062335 0.035782873631 0.044946018606 0.056374505162 0.070173040032 0.086193978786 0.10397977382 0.12275741249 
0.14150299132 0.1590782851 0.17441485822 0.18669307232 0.19545279443 0.20060607791 0.2023871392 0.20128409564 0.1979919374 
0.19339321554 0.18856775761 0.18493254483 0.18463243544 0.19110390544 0.20951749384 0.24662078917 0.30930563807 0.40079644322 
0.5130931139 0.6105697751 0.85070306063 0.9706466794 0.90824407339 0.71687704325 0.48995494843 0.30062714219 0.17485697567 
0.10371951759 0.067177839577 0.048660188913 0.038463391364 0.031960684806 0.027197776362 0.023374775425 0.020140847191 0.017321549356 
0.01482191775 0.012589419261 0.010595722124 0.0088254073635 0.0072684865445 0.0059157744981 0.0047564441338 0.0037771547213 0.0029621655121 
0.0022940048948 0.0017543497961 0.0013248971663 0.00098811357748 0.00072779617039 0.00052943697665 0.00038040746585 0.00026999288821 0.00018931512022 
0.00013117920025 8.9876979473e-05 6.0973798099e-05 4.1098424845e-05 2.7750260415e-05 1.9132612579e-05 1.4017082322e-05 1.1641400306e-05 5.6024750847e-06 
6.7842033786e-06 9.3387934612e-06 1.3668196516e-05 2.0424895411e-05 3.0572100513e-05 4.5464705181e-05 6.6950429755e-05 9.7489013569e-05 0.00014028520673 
0.00019942759536 0.00028002195177 0.0003883028694 0.00053170433966 0.00071886618389 0.00095955649158 0.0012644944945 0.0016450766707 0.0021130426321 
0.0026801649947 0.0033581354655 0.0041589178145 0.0050959838554 0.0061869523488 0.0074582211673 0.0089520569891 0.01073620189 0.01291519776 
0.015641363338 0.019121754915 0.023616014048 0.029419586062 0.036828007549 0.046081844717 0.057297900319 0.070399612188 0.085065320134 
0.10071514547 0.11655193567 0.13165919483 0.14514093101 0.15626943111 0.16460043192 0.17002671957 0.17276823521 0.17331579328 
0.17235162854 0.17066809535 0.16911937296 0.16868467629 0.17071975768 0.17738492787 0.19210018218 0.2197458744 0.26618367434 
0.33644846082 0.4312787056 0.53898584843 0.65363794565 0.70020157099 0.64463609457 0.51083546877 0.35499963164 0.22417061031 
0.13590808213 0.084721319377 0.057381842285 0.042737714946 0.034158073366 0.02841957286 0.024116942659 0.020643550903 0.017713338137 
0.015173676424 0.012936819345 0.010951840319 0.0091896411031 0.007633135654 0.0062706395984 0.0050917337649 0.004085063003 0.0032375024166 
0.0025342127774 0.0019591588061 0.0014958250104 0.0011279227911 0.00083999353228 0.00061785482103 0.00044888071716 0.00032213306986 0.00022836786229 
0.00015995150898 0.00011071576591 7.5779527833e-05 5.1359183999e-05 3.4584139939e-05 2.3328813768e-05 1.6068224795e-05 1.1761004316e-05 9.7615265986e-06 
4.5362717174e-06 5.4925335462e-06 7.5597299656e-06 1.1063196325e-05 1.6531201254e-05 2.474395842e-05 3.6799658119e-05 5.4197244026e-05 7.8934419435e-05 
0.00011361770157 0.00016157852951 0.0002269865945 0.00031494820723 0.0004315735423 0.00058399571571 0.00078032416059 0.0010295192478 0.0013411882101 
0.0017253246624 0.0021920544095 0.002751505468 0.0034140089992 0.0041909283027 0.0050965133123 0.0061512319371 0.0073869545013 0.0088540911674 
0.010630181059 0.012828500941 0.015604047105 0.019153144211 0.023702407256 0.029483539984 0.036693044007 0.045440424234 0.055693920702 
0.067237667739 0.079656273127 0.09235958755 0.10465159267 0.11583458632 0.12532661855 0.13276320696 0.13805778325 0.14140741527 
0.14324621856 0.14416009188 0.14478629827 0.14573606849 0.14759781957 0.15107478201 0.15726356208 0.1679983139 0.18608354032 
0.21512104571 0.25845950842 0.31662362814 0.38247478008 0.43798539042 0.45383512974 0.41384732723 0.33081561327 0.23573441803 
0.15533104539 0.099928446114 0.066575244069 0.047682445496 0.036736175418 0.029792457819 0.024878850207 0.021090652794 0.01800417155 
0.015399240889 0.013148617931 0.011175222695 0.0094325384125 0.0078928386793 0.0065389899537 0.0053588105366 0.0043415161781 0.0034758260008 
0.0027492342051 0.0021480307914 0.0016577211209 0.0012636050815 0.00095134763978 0.00070746027632 0.00051965209423 0.00037704079296 0.00027024146402 
0.00019135359616 0.00013387453509 9.2565140221e-05 6.3289968239e-05 4.2850697355e-05 2.8825583286e-05 1.9424544007e-05 1.3365222912e-05 9.7730053312e-06 
8.1061525634e-06 3.6381090922e-06 4.4046978473e-06 6.0619022406e-06 8.8706456154e-06 1.3254754776e-05 1.9840501409e-05 2.9510007153e-05 4.346840069e-05 
6.332371413e-05 9.1177163995e-05 0.00012971936667 0.00018232592265 0.00025314252707 0.00034714769572 0.00047017930774 0.00062891049311 0.00083076400915 
0.0010837622685 0.0013963270467 0.0017770688282 0.0022346519399 0.0027778712101 0.003416162217 0.0041608274914 0.0050273020752 0.0060387644917 
0.007231188938 0.0086595481262 0.010404207744 0.012575705536 0.015315254219 0.018787829205 0.023165175691 0.028597677127 0.035177253187 
0.042897321284 0.051619820297 0.061060898006 0.070805281401 0.080353714526 0.089198157191 0.096910528839 0.10322399437 0.1080853641 
0.11166417599 0.11431431025 0.11649680138 0.11868362129 0.12127461284 0.1245681569 0.12882193923 0.13441328704 0.14205898345 
0.1529878974 0.1688811034 0.1912856549 0.22012366354 0.25114926696 0.2741496861 0.27601492405 0.24999898672 0.20274332166 
0.14971892536 0.1044229269 0.072214521468 0.051721926779 0.039135988802 0.031116472557 0.025586685166 0.021458998322 0.018192898482 
0.015505099669 0.01323112566 0.011268392205 0.0095519442111 0.0080413557589 0.006711714901 0.0055469917133 0.0045353877358 0.0036664076615 
0.0029292996041 0.0023124618456 0.0018034664681 0.0013894028962 0.0010573486798 0.00079482968431 0.00059020082699 0.0004329176154 0.00031369325006 
0.00022455363069 0.00015881101717 0.00011097880633 7.6649099356e-05 5.2351362683e-05 3.5407523683e-05 2.3793816581e-05 1.6016951122e-05 1.1008803995e-05 
8.0417803474e-06 6.6656334639e-06 2.8900572033e-06 3.4988729567e-06 4.8150559451e-06 7.0459827839e-06 1.0528625353e-05 1.5761184841e-05 2.3445914849e-05 
3.4543143556e-05 5.0335842388e-05 7.250305498e-05 0.00010319898865 0.00014513265342 0.0002016408398 0.00027674512239 0.00037518196041 0.0005023945705 
0.00066447729478 0.00086806743639 0.0011201932793 0.0014281024924 0.0017991269706 0.0022406785283 0.0027605243959 0.0033675385639 0.0040731597692 
0.0048937755637 0.0058541311882 0.0069915959612 0.0083606764674 0.010036602616 0.012116142549 0.014713537879 0.017949521542 0.021932579577 
0.026733640581 0.032358087599 0.038721911609 0.045640178025 0.052835259587 0.059968426824 0.066692359746 0.072714775801 0.07785858959 
0.082101754844 0.085584565997 0.08857883513 0.091424256563 0.094447351992 0.097886949778 0.10185444355 0.10635291785 0.11136264354 
0.11697199941 0.12349334359 0.1314612627 0.14136482775 0.15295384824 0.16416072845 0.17048330605 0.16657994688 0.1500261873 
0.12407499552 0.095756061375 0.071211561561 0.052952259779 0.040440157056 0.031986616552 0.026061400771 0.021669533104 0.018248304725 
0.01548324246 0.013185962103 0.01123496145 0.0095496736467 0.0080773793161 0.0067844688892 0.0056496388279 0.004658669699 0.0038007318508 
0.0030660619959 0.0024447466712 0.0019262717105 0.0014995674137 0.0011532973731 0.00087624258595 0.00065767072374 0.000487635436 0.00035718409345 
0.00025847082725 0.00018478713173 0.00013052718714 9.1106747277e-05 6.2853039708e-05 4.2881634727e-05 2.8971660868e-05 1.9448199964e-05 1.3077549738e-05 
8.9786008175e-06 6.5519097916e-06 5.4268834901e-06 2.2739650376e-06 2.7529831641e-06 3.7886240989e-06 5.5442246776e-06 8.2853048298e-06 1.2404659174e-05 
1.8456405087e-05 2.7199061151e-05 3.964730422e-05 5.7131193898e-05 8.1360551121e-05 0.00011449073645 0.00015918446297 0.00021866238967 0.00029673438985 
0.00039780183579 0.00052682380192 0.00068924203515 0.00089086644584 0.0011377386982 0.0014360059286 0.0017918675439 0.0022116934415 0.0027024412993 
0.0032725366764 0.0039333617315 0.0047014397569 0.0056012319401 0.0066681671888 0.0079511739314 0.0095135197043 0.011430537328 0.013782875612 
0.016644572839 0.020066576079 0.024058206007 0.028570897877 0.033489845693 0.038638617843 0.043799739331 0.0487498492 0.053303208202 
0.057353332639 0.060900785029 0.064057357609 0.067022047937 0.070032052696 0.073299698532 0.076952777803 0.08099719137 0.085318259895 
0.089725986123 0.094033621252 0.098137103021 0.10204335302 0.10578063875 0.10913510621 0.11126001924 0.11049894989 0.10501724482 
0.094194360077 0.079592108727 0.064198225737 0.050601266325 0.039903208613 0.031943548471 0.026054605842 0.021593267098 0.018106695265 
0.015306198969 0.013004912063 0.011075450107 0.0094286771491 0.0080029675737 0.0067570796236 0.0056642065756 0.0047069084831 0.0038731056266 
0.0031532559078 0.0025385932531 0.0020202214364 0.0015888091875 0.0012346567819 0.00094794644974 0.00071905809455 0.00053886277601 0.00039895676309 
0.00029181817081 0.00021088609356 0.00015057361452 0.00010622863192 7.4058509199e-05 5.1033166528e-05 3.4778753616e-05 2.347157897e-05 1.5738987713e-05 
1.0571707207e-05 7.2500101851e-06 5.2848672567e-06 4.3742347771e-06 1.7721342829e-06 2.1455221031e-06 2.952858722e-06 4.3216432459e-06 6.4592290983e-06 
9.6725616459e-06 1.439501284e-05 2.1220461349e-05 3.0944422178e-05 4.4611377234e-05 6.3566767494e-05 8.9510787802e-05 0.00012455003161 0.00017124172882 
0.00023262391915 0.00031222467078 0.00041404375224 0.00054250168614 0.00070235709427 0.00089859915897 0.0011363371741 0.0014207249042 0.0017569807824 
0.0021505902987 0.0026077930816 0.0031364564784 0.0037474026904 0.0044561452232 0.0052848351188 0.0062639396638 0.0074329567142 0.0088392291218 
0.010533982888 0.012565081939 0.014966811985 0.01774819009 0.020882545039 0.024301897734 0.027899665758 0.031543660909 0.035098757595 
0.03845525533 0.041556131095 0.044414971024 0.047117557377 0.0498037301 0.052631445229 0.055730648339 0.059158969671 0.062872119248 
0.066719859838 0.070471517742 0.073865607381 0.076666839421 0.078704379499 0.079861752689 0.07999958843 0.078834183514 0.075891584158 
0.070720121264 0.063340321183 0.0545344688 0.045552697033 0.037456192076 0.0307273902 0.025351088494 0.021090134978 0.017686029896 
0.014930789359 0.012669178657 0.010784947313 0.0091906106099 0.0078216716647 0.0066324099898 0.0055917613208 0.00467918301 0.0038809380494 
0.0031871304382 0.002589620417 0.0020807532128 0.0016527286498 0.0012974169804 0.0010064486414 0.00077143526869 0.00058422738221 0.00043714858475 
0.00032317562727 0.00023605556635 0.00017035867495 0.00012147953385 8.5596373538e-05 5.9602964029e-05 4.102434832e-05 2.7926313123e-05 1.8826143787e-05 
1.2610055819e-05 8.4605489974e-06 5.7955435295e-06 4.2200385906e-06 3.4903023334e-06 1.3678240975e-06 1.6561634766e-06 2.2796789381e-06 3.3370047277e-06 
4.9886293709e-06 7.472287507e-06 1.1123937838e-05 1.6404492271e-05 2.3932216209e-05 3.4520264308e-05 4.9218240747e-05 6.9355795858e-05 9.6585325082e-05 
0.00013291979849 0.00018076092238 0.00024291199225 0.00032257018029 0.0004232939682 0.00054894440109 0.00070360355312 0.00089148181723 0.0011168379569 
0.0013839467429 0.0016971717123 0.0020612035878 0.0024815350771 0.0029652158264 0.003521877341 0.0041649127379 0.0049125365913 0.0057883206755 
0.0068206191063 0.0080403573811 0.0094768330455 0.011151688173 0.01307189092 0.015223429538 0.017567843199 0.02004385367 0.022575384006 
0.025085620582 0.027514724061 0.029836760834 0.032070469111 0.034279182553 0.036557532847 0.039006203413 0.041699733585 0.044655453414 
0.04781229794 0.051026556641 0.054087676108 0.056751310825 0.058780770749 0.059983335435 0.060227103531 0.05943011865 0.057529721409 
0.054469227791 0.050254251808 0.045071128756 0.039348904043 0.033642075956 0.028406985104 0.023872185498 0.020066618919 0.016915012151 
0.014311902225 0.012154918164 0.010354350321 0.0088351434097 0.0075372685678 0.0064151883125 0.0054361689836 0.0045777121559 0.0038246775512 
0.003166613169 0.0025956470054 0.0021050120704 0.0016881744377 0.0013384260237 0.0010488015832 0.00081218435662 0.00062150036683 0.00046992892749 
0.00035108817974 0.00025917310268 0.00018904068565 0.00013624454732 9.7027361335e-05 6.8281551648e-05 4.748884021e-05 3.2648084016e-05 2.2199094019e-05 
1.4948483113e-05 1.0001564988e-05 6.7027963269e-06 4.5861288527e-06 3.335704605e-06 2.7568107726e-06 1.0456035398e-06 1.2661863593e-06 1.743249527e-06 
2.5524136618e-06 3.8167877392e-06 5.7188717619e-06 8.5168112491e-06 1.2565194083e-05 1.8340351744e-05 2.6469870136e-05 3.7765512388e-05 5.3258208936e-05 
7.4232935731e-05 0.00010226058657 0.00013922329526 0.00018732876924 0.0002491097257 0.00032740426832 0.00042531569488 0.00054615229601 0.00069335335866 
0.00087041466031 0.0010808350053 0.0013281162828 0.0016158575891 0.0019479844486 0.0023291476537 0.0027652876452 0.0032643103041 0.0038367225789 
0.0044959886 0.0052582849748 0.0061413226649 0.0071620349772 0.0083331791684 0.0096593508497 0.011133371852 0.012734324671 0.014428591356 
0.016174664721 0.017931610346 0.019669653848 0.021380195394 0.02308185026 0.02481951192 0.026654936373 0.028649589047 0.030843073502 
0.033232346177 0.035757500678 0.038298752159 0.040686972439 0.042726200074 0.044223386794 0.045017629862 0.045001234859 0.04412728548 
0.042405094951 0.039893668145 0.036707725376 0.033034842461 0.029133507982 0.025281995535 0.021702261642 0.018518058583 0.015764668584 
0.013422102667 0.011444103904 0.0097755342722 0.0083617335185 0.007153798826 0.006111360155 0.0052033551037 0.0044072736055 0.0037074768916 
0.0030932126101 0.0025567708071 0.0020920326933 0.0016934829764 0.0013556457125 0.0010728489142 0.00083921576152 0.00064877799014 0.00049564515939 
0.00037417680142 0.00027912750375 0.00020575181406 0.00014986512542 0.00010786458733 7.6716656622e-05 5.3920542996e-05 3.745552749e-05 2.5720019039e-05 
1.7468310034e-05 1.1749593796e-05 7.8524335549e-06 5.2564610087e-06 3.592297162e-06 2.609913281e-06 2.1553285023e-06 7.9156541233e-07 9.5873087957e-07 
1.320327442e-06 1.9338110633e-06 2.8927727271e-06 4.3360641939e-06 6.4602922976e-06 9.5358491308e-06 1.3926511201e-05 2.0112436687e-05 2.8716009183e-05 
4.052964141e-05 5.6543933169e-05 7.7974131273e-05 0.00010628221207 0.00014319136972 0.00019068960682 0.00025101934443 0.00032665091567 0.00042023946298 
0.000534568273 0.00067248527193 0.00083684525453 0.0010304766474 0.0012561968761 0.0015169035178 0.0018157595769 0.0021564811468 0.0025436973665 
0.0029833046719 0.0034826898482 0.0040506338701 0.0046967221424 0.0054301279597 0.0062577961944 0.0071822972968 0.0081998808309 0.0092994635925 
0.010463307612 0.011669876985 0.012898744084 0.014136698097 0.015383385122 0.016654452309 0.017980359495 0.019399905577 0.020948948339 
0.022646456957 0.024481104687 0.026402164251 0.028317786753 0.030102152377 0.031610764563 0.03270111233 0.033254127949 0.033191733062 
0.032486710697 0.031164078042 0.029296278954 0.026996476576 0.024410938844 0.02170496434 0.01903745532 0.016532776877 0.014266421087 
0.012268543243 0.010536685586 0.0090488335118 0.0077735497616 0.0066771307029 0.0057283267379 0.0049009425566 0.0041746841744 0.0035347498488 
0.0029707232025 0.0024752370082 0.0020427471027 0.0016685796436 0.0013483047951 0.0010774009861 0.00085114396643 0.0006646438851 0.00051296124002 
0.00039125230978 0.00029490728048 0.00021966391068 0.0001616855152 0.00011760406051 8.4531093307e-05 6.0043155827e-05 4.2148600187e-05 2.9242673918e-05 
2.0056717403e-05 1.3606269022e-05 9.141512237e-06 6.1024820752e-06 4.0803060983e-06 2.7851920095e-06 2.0212321488e-06 1.6678901602e-06 5.9342710301e-07 
7.1891690823e-07 9.9041778867e-07 1.451190883e-06 2.1717478376e-06 3.2567863855e-06 4.8547140068e-06 7.1698987085e-06 1.0477720934e-05 1.5142322809e-05 
2.1636735255e-05 3.0564715416e-05 4.2683248466e-05 5.8924189943e-05 8.0413068645e-05 0.00010848269449 0.00014467908477 0.00019075717137 0.00024866408785 
0.00032050957088 0.00040852371603 0.0005150064826 0.00064227444818 0.00079261697829 0.0009682746022 0.0011714565335 0.0014044091804 0.0016695456579 
0.0019696175586 0.0023078974336 0.002688303357 0.0031153680757 0.0035939556547 0.0041286563501 0.0047228657641 0.0053776940331 0.0060909870081 
0.0068568615243 0.0076661715284 0.0085081616417 0.0093732476234 0.010256409645 0.01116022747 0.01209638454 0.013084552251 0.014148085378 
0.015306835994 0.016568385065 0.017919687554 0.019321488217 0.020707428455 0.021988866851 0.023065065965 0.023837056011 0.024222388864 
0.02416777797 0.023657007143 0.022712903097 0.021393673494 0.019785173237 0.01799056679 0.016117732972 0.014265072532 0.012509238906 
0.010899377055 0.0094585912302 0.0081896614283 0.0070819091052 0.0061174156144 0.0052759544924 0.0045383796096 0.0038885080721 0.0033137474675 
0.0028048458043 0.0023551688064 0.0019598351792 0.001614934532 0.0013169366866 0.0010623203125 0.00084739807062 0.00066828675335 0.00052097142907 
0.00040141592035 0.0003056852147 0.00023005611729 0.00017110427143 0.00012576204608 9.1347923444e-05 6.5570922743e-05 4.6515306167e-05 3.2611522329e-05 
2.259836765e-05 1.5481264199e-05 1.0490198292e-05 7.039920547e-06 4.6941900109e-06 3.1350236895e-06 2.1373873551e-06 1.5493413912e-06 1.2774942206e-06 
4.4053987835e-07 5.338508231e-07 7.3577734838e-07 1.0785965969e-06 1.6149510884e-06 2.4230755571e-06 3.6139915665e-06 5.3407902669e-06 7.8100874816e-06 
1.1295605873e-05 1.6153691831e-05 2.2840311431e-05 3.192881195e-05 4.4127365982e-05 6.0294663854e-05 8.14521336e-05 0.00010879079491 0.0001436706807 
0.00018761122192 0.00024227144604 0.00030941981822 0.00039089529309 0.00048856349895 0.00060427299468 0.00073982076719 0.0008969354094 0.0010772872483 
0.0012825316517 0.0015143770725 0.0017746689264 0.0020654469263 0.0023889378645 0.0027474246453 0.0031429599039 0.003576926887 0.00404951768 
0.0045592812821 0.00510294782 0.0056757493876 0.0062723653391 0.0068884580396 0.0075224987231 0.0081773335114 0.0088608320802 0.0095849763602 
0.010363100097 0.011205445044 0.012113802135 0.013076471165 0.014064919204 0.015033391304 0.015922080725 0.01666370593 0.017192495987 
0.017453864217 0.01741284132 0.017059568316 0.016410779208 0.015507217497 0.01440771576 0.013181172311 0.011897635646 0.010619864799 
0.009397001937 0.0082617495209 0.0072310515679 0.0063090873882 0.0054912040941 0.0047677741386 0.0041273725219 0.0035589842591 0.0030532372184 
0.0026027983986 0.0022022160701 0.0018474626122 0.0015353984199 0.001263299142 0.0010285122553 0.00082825968275 0.0006595653831 0.00051927630557 
0.00040413686656 0.00031088976539 0.00023637646518 0.00017762454809 0.00013191404287 9.6819268947e-05 7.0228474215e-05 5.0343965995e-05 3.5667446355e-05 
2.4974931875e-05 1.7285541617e-05 1.1827662092e-05 8.0052277553e-06 5.3661360653e-06 3.5740238218e-06 2.3841278107e-06 1.6234882878e-06 1.1754734714e-06 
9.6846190445e-07 3.2382902759e-07 3.9255053252e-07 5.4130299532e-07 7.9394737895e-07 1.1894270529e-06 1.7856725663e-06 2.6649865958e-06 3.9410188037e-06 
5.7674042182e-06 8.3480617832e-06 1.1949041436e-05 1.6911624698e-05 2.3666178095e-05 3.2746018405e-05 4.4800264732e-05 6.0604408645e-05 8.1067199062e-05 
0.00010723229934 0.00014027327416 0.00018148092204 0.00023224236793 0.000294012425 0.00036827899748 0.00045652556582 0.00056019530166 0.00068066210952 
0.00081921491073 0.00097705773078 0.0011553271906 0.0013551182346 0.0015775059583 0.0018235391472 0.0020941824187 0.002390185371 0.0027118881699 
0.0030589888338 0.0034303565044 0.0038239911664 0.0042372415774 0.0046673421748 0.0051122419536 0.0055715618655 0.0060473703779 0.006544417236 
0.0070694745518 0.007629616186 0.0082295527682 0.0088684484363 0.0095369629562 0.010215315036 0.010873137973 0.011471502483 0.01196704153 
0.012317573652 0.012488202192 0.012456688099 0.012216974981 0.011780196801 0.011172968894 0.010433442891 0.0096059385687 0.008735191077 
0.0078612249345 0.0070157446899 0.0062205404975 0.0054878280498 0.0048219226301 0.0042215515859 0.0036821903195 0.0031980148051 0.0027632552665 
0.0023729493842 0.0020231744274 0.0017109471373 0.0014339477057 0.0011902048718 0.00097782711964 0.00079482264118 0.00063901068643 0.00050801213365 
0.00039929588092 0.00031025416683 0.00023828967824 0.0001808971283 0.00013573103934 0.00010065513197 7.3772622272e-05 5.343849989e-05 3.825730164e-05 
2.7069610951e-05 1.8931003069e-05 1.3086590116e-05 8.9439581643e-06 6.0464772105e-06 4.0485001591e-06 2.6933457775e-06 1.7945474156e-06 1.2205346138e-06 
8.8269598564e-07 7.2666927053e-07 2.3568637175e-07 2.8581203537e-07 3.9434294763e-07 5.787558166e-07 8.6759462192e-07 1.3033612731e-06 1.9465126115e-06 
2.8806518912e-06 4.2189844862e-06 6.1120549617e-06 8.7567050286e-06 1.2406061614e-05 1.7380234567e-05 2.4077171474e-05 3.2983010897e-05 4.4680946303e-05 
5.985763346e-05 7.930592983e-05 0.0001039228664 0.00013470189879 0.00017271889374 0.0002191116655 0.00027505392791 0.00034172539017 0.00042027965537 
0.00051181472372 0.00061734771589 0.00073779828381 0.00087398040341 0.0010266019963 0.0011962646386 0.001383455703 0.0015885201283 0.0018116036663 
0.002052570926 0.0023109125905 0.0025856797583 0.002875498496 0.0031787129119 0.0034936885349 0.0038192535285 0.0041551874019 0.0045025935397 
0.0048639564775 0.0052426997572 0.005642154254 0.0060640010051 0.0065064365044 0.0069624846801 0.0074189044535 0.007856159471 0.0082496693358 
0.0085723120719 0.0087978448719 0.0089046107605 0.0088788438588 0.008716837503 0.0084255896509 0.0080217458308 0.0075291483663 0.0069754919969 
0.0063887918368 0.0057942881249 0.0052123097703 0.0046573234722 0.0041380859911 0.0036585833877 0.0032193677034 0.0028189239092 0.0024548128713 
0.002124463208 0.0018256048206 0.0015563992783 0.0013153773034 0.0011012811447 0.00091289094416 0.00074888701783 0.00060776883038 0.00048783171223 
0.00038719095755 0.00030383700505 0.00023570572375 0.00018075073604 0.00013700818818 0.00010264848243 7.6012773206e-05 5.5634161981e-05 4.0245206037e-05 
2.8774311431e-05 2.0333851353e-05 1.4202789316e-05 9.80625191e-06 6.6941497607e-06 4.5202973524e-06 3.0231731216e-06 2.0089232748e-06 1.3369545968e-06 
9.0821049525e-07 6.5606013777e-07 5.3966448377e-07 1.6983088358e-07 2.060389761e-07 2.8446001465e-07 4.177749986e-07 6.2671102796e-07 9.4216215984e-07 
1.4081283553e-06 2.0855447929e-06 3.0570620311e-06 4.4328044169e-06 6.3570746534e-06 9.0158955572e-06 1.2645167772e-05 1.7539065084e-05 2.4058228519e-05 
3.263702456e-05 4.3789179472e-05 5.8110908867e-05 7.6280652138e-05 9.9054654129e-05 0.0001272578229 0.00016176955251 0.00020350478007 0.00025339104468 
0.00031234277412 0.00038123462582 0.00046087650117 0.00055199163035 0.00065519922646 0.00077100243652 0.00089977774769 0.0010417647427 0.0011970505584 
0.0013655427611 0.0015469392529 0.0017406936968 0.001946002827 0.0021618325263 0.002387010958 0.0026203980669 0.0028611179441 0.0031088059768 
0.0033637809101 0.0036270422861 0.0038999926765 0.0041838390753 0.0044787130319 0.0047826422378 0.0050906133838 0.0053939791396 0.0056804697961 
0.005934943445 0.0061408658512 0.0062823239714 0.0063462238759 0.0063242474571 0.0062141562812 0.006020180881 0.0057524186559 0.0054253670387 
0.0050559416413 0.0046613775194 0.0042573981918 0.0038569504395 0.003469618503 0.003101678798 0.0027566053905 0.0024358120281 0.0021394148935 
0.001866874285 0.0016174312914 0.0013903463259 0.0011849672301 0.001000692253 0.0008368876297 0.00069279951276 0.00056749541545 0.00045983996824 
0.00036850597826 0.00029201366124 0.00022878522577 0.00017720588949 0.00013568242139 0.00010269322956 7.6827527664e-05 5.6811637478e-05 4.1523679101e-05 
2.9997749152e-05 2.1419820769e-05 1.5117580915e-05 1.0546358681e-05 7.2729671956e-06 4.9590148592e-06 3.3447818168e-06 2.234444537e-06 1.4831098269e-06 
9.8586542663e-07 6.6890174821e-07 4.8263075314e-07 3.9668788077e-07 1.2115422976e-07 1.470541946e-07 2.0316812765e-07 2.9861058692e-07 4.4829118906e-07 
6.744560892e-07 1.008829372e-06 1.495411766e-06 2.1939863473e-06 3.1843624129e-06 4.5713459258e-06 6.4903715611e-06 9.1136516858e-06 1.265660012e-05 
1.7384185412e-05 2.3616774342e-05 3.1734885852e-05 4.2182247853e-05 5.5466513004e-05 7.215696678e-05 9.287881403e-05 0.00011830351286 0.00014913543419 
0.0001860948978 0.00022989831632 0.00028123674565 0.000340753817 0.0004090249422 0.00048653816339 0.00057367846603 0.00067071407102 0.00077778473496 
0.0008948900504 0.0010218765819 0.0011584248859 0.0013040410122 0.0014580587158 0.0016196649522 0.0017879572697 0.0019620384555 0.0021411380731 
0.0023247371428 0.0025126466062 0.0027049907949 0.002902043052 0.0031038930174 0.0033099639695 0.0035184549633 0.0037258362863 0.0039265388623 
0.0041129798628 0.0042760008946 0.0044057243504 0.0044927024283 0.0045291897841 0.0045102653094 0.0044346032664 0.0043047014624 0.0041265473701 
0.0039087869227 0.0036615822464 0.0033954021055 0.0031199632213 0.002843487775 0.0025723427534 0.0023110373877 0.0020624794997 0.0018283624668 
0.0016095680185 0.0014065071009 0.0012193488656 0.0010481413919 0.00089284573914 0.00075331673725 0.00062926323153 0.00052021286683 0.00042549477075 
0.00034424627665 0.00027543937904 0.00021792277403 0.00017047146684 0.00013183697592 0.00010079326603 7.6175259892e-05 5.6907436374e-05 4.2022860725e-05 
3.0672999856e-05 2.2129763238e-05 1.5781441107e-05 1.1124238881e-05 7.7510649135e-06 5.3389267123e-06 3.6360718241e-06 2.4496737296e-06 1.6346241409e-06 
1.0837442233e-06 7.1955435033e-07 4.8762296956e-07 3.5142494426e-07 2.8861578016e-07 8.5561339347e-08 1.0390611749e-07 1.4366534629e-07 2.1132784411e-07 
3.1751676488e-07 4.7809965054e-07 7.1573407467e-07 1.0618933857e-06 1.5594138176e-06 2.2655915473e-06 3.2558305065e-06 4.6278041737e-06 6.5060371526e-06 
9.0467528935e-06 1.2442740626e-05 1.6927948309e-05 2.2781377993e-05 3.0329836591e-05 3.9949103666e-05 5.2062961913e-05 6.713969924e-05 8.5685795057e-05 
0.00010823660705 0.00013534427853 0.00016756285913 0.00020543191931 0.00024945859332 0.0003000998986 0.00035774541902 0.0004227020836 0.00049518031301 
0.00057528237812 0.00066299288301 0.00075817009201 0.00086054042913 0.00096969667356 0.001085104188 0.001206119312 0.0013320241123 0.0014620786533 
0.0015955850249 0.001731949742 0.0018707211129 0.0020115743391 0.0021542208269 0.0022982303053 0.0024427745957 0.0025863375049 0.0027264510281 
0.0028595421463 0.0029809572734 0.0030852181371 0.0031665007118 0.0032192836516 0.0032390605193 0.0032229751814 0.0031702574342 0.0030823650304 
0.0029628032353 0.0028166677803 0.0026500087697 0.0024691494182 0.0022800879087 0.0020880643278 0.0018973390106 0.0017111632042 0.0015318930382 
0.001361176488 0.0012001525611 0.0010496177711 0.00091013708152 0.00078210205538 0.0006657455815 0.0005611332017 0.00046814829693 0.00038648454938 
0.00031565054087 0.00025498933974 0.00020370939455 0.00016092396982 0.00012569256069 9.706109995e-05 7.4097311881e-05 5.5919321312e-05 4.1716575652e-05 
3.0763218092e-05 2.242455048e-05 1.6157717255e-05 1.1507997442e-05 8.1018952187e-06 5.6383737501e-06 3.8791322368e-06 2.6388320293e-06 1.7758009108e-06 
1.1836266367e-06 7.8384687185e-07 5.1983175808e-07 3.5185269098e-07 2.5328318998e-07 2.0784882793e-07 5.9815384645e-08 7.2680585106e-08 1.0057421918e-07 
1.4807147863e-07 2.2266880251e-07 3.3557594747e-07 5.0282073971e-07 7.4670145978e-07 1.0976200429e-06 1.5963183841e-06 2.2965300559e-06 3.2680211461e-06 
4.5999672693e-06 6.4045621002e-06 8.8207007138e-06 1.2017509107e-05 1.6197458535e-05 2.1598731109e-05 2.849647899e-05 3.7202618842e-05 4.8063826398e-05 
6.145745283e-05 7.7785254689e-05 9.7464755527e-05 0.00012091869576 0.00014856259804 0.0001807911176 0.00021796379588 0.00026039095246 0.0003083201882 
0.00036192429252 0.00042129072244 0.00048641327885 0.00055718491785 0.00063339486951 0.00071472773561 0.00080076861195 0.00089101481717 0.00098489655647 
0.0010818055598 0.0011811278528 0.0012822777499 0.0013847140362 0.0014879330993 0.0015914215473 0.0016945640091 0.0017965151928 0.0018960540183 
0.0019914512523 0.0020804000087 0.0021600383334 0.0022270944901 0.0022781540174 0.0023100173566 0.0023200905416 0.0023067370057 0.002269522287 
0.0022092985455 0.0021281128284 0.0020289607346 0.0019154439215 0.0017913940828 0.0016605377896 0.0015262489906 0.0013914082665 0.0012583662756 
0.0011289824033 0.0010047034593 0.00088665162912 0.00077569822315 0.00067251105793 0.00057757919421 0.00049121852499 0.00041356944712 0.00034459575545 
0.00028408915387 0.00023168396729 0.0001868801337 0.00014907300647 0.0001175865109 9.1706904641e-05 7.0713656896e-05 5.3906103858e-05 4.0624465328e-05 
3.0264829547e-05 2.2288399123e-05 1.6225643776e-05 1.1676231225e-05 8.3057720985e-06 5.8403247749e-06 4.0596287363e-06 2.7897185646e-06 1.895574087e-06 
1.2741900264e-06 8.4833828851e-07 5.6117272607e-07 3.7172833345e-07 2.5130668746e-07 1.8069589203e-07 1.4816454552e-07 4.1392915762e-08 5.0325684953e-08 
6.9700881511e-08 1.0271315176e-07 1.5460136638e-07 2.3320824027e-07 3.4976250163e-07 5.1991042938e-07 7.6502084312e-07 1.1137864249e-06 1.6041281015e-06 
2.2853946575e-06 3.220824965e-06 4.4902012633e-06 6.1925888986e-06 8.4490184236e-06 1.1404906218e-05 1.5232005353e-05 2.0129597033e-05 2.632468204e-05 
3.4070904803e-05 4.3646006816e-05 5.5347594753e-05 6.9487257861e-05 8.6383013695e-05 0.00010635031504 0.00012969189265 0.0001566868159 0.00018757949874 
0.00022256864759 0.00026179733686 0.00030534403049 0.00035321526229 0.00040533984429 0.00046156594181 0.00052166025853 0.00058531062678 0.00065213342896 
0.00072168459883 0.00079347536666 0.00086699030362 0.00094170426019 0.0010170919122 0.0010926242685 0.0011677469593 0.0012418355327 0.0013141339878 
0.0013836851576 0.0014492698247 0.0015093777329 0.0015622277278 0.0016058511101 0.0016382391332 0.0016575362533 0.0016622541007 0.0016514622839 
0.0016249243636 0.001583146397 0.0015273342142 0.0014592641965 0.0013811009703 0.0012951934477 0.0012038912391 0.0011093980866 0.0010136859491 
0.000918456004 0.00082514254609 0.00073493731907 0.00064881995786 0.00056758522987 0.00049185892567 0.00042210597894 0.00035863209632 0.00030158512527 
0.00025095968158 0.00020660719019 0.00016825275088 0.00013551715529 0.00010794251284 8.5019084509e-05 6.6211454396e-05 5.0981874665e-05 3.880992881e-05 
2.9207652915e-05 2.173019675e-05 1.5982075638e-05 1.1619773431e-05 8.351264114e-06 5.9332860474e-06 4.1670614337e-06 2.8931306133e-06 1.9858266569e-06 
1.3478149867e-06 9.0498070904e-07 6.0185635675e-07 3.9768136162e-07 2.6312719115e-07 1.7767554539e-07 1.2760669676e-07 1.0455035238e-07 2.8353232651e-08 
3.4493670142e-08 4.7817795945e-08 7.0534476038e-08 1.0626919078e-07 1.6045551376e-07 2.408836508e-07 3.5842543866e-07 5.279550237e-07 7.6948236938e-07 
1.1095081618e-06 1.5825979744e-06 2.2331544187e-06 3.117345841e-06 4.3051204557e-06 5.8822047322e-06 7.9519541032e-06 1.0636899788e-05 1.4079797438e-05 
1.8443994122e-05 2.3912913093e-05 3.0688490369e-05 3.8988415326e-05 4.9042137107e-05 6.1085593188e-05 7.5354801083e-05 9.2078495072e-05 0.00011147001351 
0.00013371888781 0.00015898245329 0.00018737772189 0.00021897429542 0.00025378816645 0.00029177687247 0.00033283644007 0.00037680039532 0.00042344068061 
0.00047247114708 0.0005235542194 0.00057630857918 0.00063031952595 0.0006851478247 0.00074033514829 0.00079540454317 0.00084985006833 0.00090311799431 
0.00095457909629 0.0010034983279 0.0010490089189 0.0010901050409 0.0011256563012 0.0011544580339 0.0011753122089 0.0011871331371 0.0011890616734 
0.0011805690592 0.0011615318945 0.0011322607752 0.0010934802704 0.0010462634964 0.00099193595815 0.00093196681701 0.00086786516476 0.0008010964375 
0.00073302484816 0.00066488084849 0.00059774919646 0.00053256825777 0.00047013539006 0.00041111040628 0.00035601883428 0.00030525191687 0.00025906722294 
0.00021759149968 0.00018082739552 0.00014866465062 0.00012089580559 9.7235126304e-05 7.7339333075e-05 6.0828468122e-05 4.7305613407e-05 3.6374163756e-05 
2.7652062272e-05 2.0782588763e-05 1.5441732103e-05 1.1342436665e-05 8.2361266323e-06 5.9120911828e-06 4.1952598622e-06 2.942924084e-06 2.0408597265e-06 
1.3992403183e-06 9.4862724609e-07 6.3624679569e-07 4.2267137701e-07 2.7897462473e-07 1.8437452809e-07 1.2435130259e-07 8.9207418341e-08 7.303163585e-08 
1.9223662662e-08 2.3402373373e-08 3.2473646883e-08 4.7949761495e-08 7.2315032185e-08 1.0929709759e-07 1.6424765192e-07 2.4464713988e-07 3.6074760601e-07 
5.2636710279e-07 7.5984331716e-07 1.0851475736e-06 1.533147497e-06 2.1429902972e-06 2.9635639294e-06 4.0549653022e-06 5.4898869166e-06 7.3548126238e-06 
9.750891877e-06 1.2794346731e-05 1.6616288121e-05 2.1361774998e-05 2.7188058084e-05 3.4261902329e-05 4.2755960749e-05 5.2844305173e-05 6.4697160269e-05 
7.8475051851e-05 9.4322538644e-05 0.0001123619586 0.00013268720068 0.00015535810962 0.00018039542192 0.0002077769168 0.00023743450583 0.00026925295242 
0.00030306962435 0.00033867632737 0.00037582224468 0.00041421875358 0.00045354411122 0.00049344915897 0.00053356034914 0.00057348172413 0.00061279063812 
0.00065103132511 0.00068770424696 0.00072225363692 0.0007540602237 0.00078244099859 0.00080666225404 0.00082596950233 0.00083963281941 0.00084700464504 
0.0008475818322 0.00084106205031 0.00082738470519 0.0008067478775 0.00077960023191 0.00074660719838 0.00070860155392 0.00066652405076 0.00062136491761 
0.00057411473244 0.00052572530694 0.00047708395869 0.00042899645632 0.00038217796828 0.00033724680543 0.00029472020105 0.0002550111094 0.00021842621209 
0.0001851660345 0.0001553283073 0.00012891492224 0.00010584196571 8.5953150119e-05 6.9035086199e-05 5.4833177273e-05 4.3067539082e-05 3.3447373426e-05 
2.5683624699e-05 1.9499064365e-05 1.4635866137e-05 1.0860690963e-05 7.9674737208e-06 5.7783072407e-06 4.1427847464e-06 2.9362570331e-06 2.0573502297e-06 
1.4251022549e-06 9.7597296644e-07 6.6093974738e-07 4.4281122769e-07 2.9384946743e-07 1.9373645443e-07 1.2789635662e-07 8.6158848944e-08 6.1738958834e-08 
5.0504443294e-08 1.2901423929e-08 1.571670083e-08 2.1830903307e-08 3.2269209527e-08 4.8717257783e-08 7.3707234094e-08 1.1087963259e-07 1.653309738e-07 
2.4405812837e-07 3.5650950281e-07 5.1524926903e-07 7.3673714951e-07 1.0422173773e-06 1.4587006945e-06 2.0200088784e-06 2.7678383958e-06 3.7527820496e-06 
5.0352346079e-06 6.6860848165e-06 8.787110346e-06 1.1430955965e-05 1.4720595573e-05 1.8768238078e-05 2.3693535695e-05 2.9621161957e-05 3.6677713069e-05 
4.4988024456e-05 5.4670996178e-05 6.5835061832e-05 7.8573604696e-05 9.2960319307e-05 0.0001090448859 0.00012684910325 0.00014636370179 0.00016754597891 
0.00019031809643 0.00021456682589 0.00024014381052 0.00026686716592 0.00029452363378 0.00032287155045 0.00035164380097 0.00038055004552 0.00040927834925 
0.00043749503675 0.00046484271297 0.00049093726557 0.0005153651 0.00053768220823 0.00055741786491 0.0005740847555 0.00058719801018 0.00059630093165 
0.00060099753318 0.00060098682297 0.00059609324671 0.00058628956322 0.00057170772925 0.00055263459217 0.00052949582459 0.00050282891607 0.0004732508387 
0.00044142460683 0.00040802839794 0.00037372988299 0.00033916521352 0.0003049239167 0.00027153681731 0.00023946727742 0.00020910461899 0.00018075920525 
0.00015466025798 0.00013095600298 0.000109716937 9.0941750386e-05 7.4566080002e-05 6.0472935729e-05 4.8504512961e-05 3.8474216126e-05 3.0178242014e-05 
2.3406104447e-05 1.7949552785e-05 1.3609718735e-05 1.0202355952e-05 7.5612774708e-06 5.5401737882e-06 4.0130789785e-06 2.8737786124e-06 2.0344550649e-06 
1.4238516997e-06 9.851763707e-07 6.7394682901e-07 4.5590775244e-07 3.0511711202e-07 2.0225884612e-07 1.3320602932e-07 8.7838827767e-08 5.9105172312e-08 
4.23056008e-08 3.4580491359e-08 8.5715994302e-09 1.0449561216e-08 1.4529971004e-08 2.1501039171e-08 3.2495378832e-08 4.9216410503e-08 7.4116528026e-08 
1.1063437455e-07 1.6349892462e-07 2.3910780556e-07 3.4598551224e-07 4.9532326329e-07 7.0159831012e-07 9.8326211173e-07 1.3634793277e-06 1.8708863081e-06 
2.5403339805e-06 3.413556442e-06 4.5397091526e-06 5.9757048803e-06 7.7862778198e-06 1.0043691873e-05 1.2827062164e-05 1.6221196347e-05 2.0314972062e-05 
2.5199231459e-05 3.0964238249e-05 3.7696754589e-05 4.5476823288e-05 5.4374464526e-05 6.4446277975e-05 7.5732248661e-05 8.8252774731e-05 0.00010200622637 
0.00011696687579 0.00013308356574 0.00015027896734 0.00016844946367 0.00018746573187 0.00020717391453 0.00022739700216 0.00024793672492 0.0002685750369 
0.00028907560045 0.00030918460106 0.00032863114029 0.00034712758497 0.00036437006202 0.00038004037924 0.00039381065289 0.00040535122389 0.00041434267769 
0.00042049144395 0.00042354877223 0.00042332947487 0.00041972970939 0.0004127396096 0.00040244954289 0.00038904920802 0.00037281835102 0.00035411282443 
0.00033334587351 0.00031096825842 0.0002874484635 0.00026325532235 0.00023884215625 0.00021463385201 0.00019101634098 0.00016832789697 0.00014685283531 
0.00012681708904 0.00010838624439 9.1665824584e-05 7.6704178355e-05 6.3497391238e-05 5.1996121329e-05 4.2113599193e-05 3.3734428143e-05 2.6723422707e-05 
2.0933928681e-05 1.6215311916e-05 1.241924565e-05 9.404661796e-06 7.0413266258e-06 5.21215361e-06 3.8143614347e-06 2.7596947803e-06 1.9739227355e-06 
1.3958125464e-06 9.7578526947e-07 6.744072607e-07 4.6085099825e-07 3.1141919976e-07 2.0819656754e-07 1.3786521436e-07 9.0699757038e-08 5.9743342717e-08 
4.0154148451e-08 2.8709116862e-08 2.3448681219e-08 5.63996716e-09 6.8807812781e-09 9.5780805509e-09 1.4189549979e-08 2.1469107381e-08 3.2551977114e-08 
4.907483131e-08 7.3336124728e-08 1.0850227028e-07 1.5886486437e-07 2.3015351758e-07 3.2990595855e-07 4.678950063e-07 6.5660583459e-07 9.1175166972e-07 
1.2528103071e-06 1.7035533801e-06 2.292534873e-06 3.053495675e-06 4.0256372813e-06 5.2537161537e-06 6.7878995651e-06 8.6833515525e-06 1.0999493497e-05 
1.3798936379e-05 1.7146063328e-05 2.110530113e-05 2.5739091143e-05 3.1105661037e-05 3.7256661017e-05 4.4234722736e-05 5.2071154641e-05 6.0783735535e-05 
7.0374793722e-05 8.0829682702e-05 9.2115478765e-05 0.00010418038437 0.00011695327703 0.00013034390577 0.00014424331312 0.00015852463548 0.00017304414359 
0.00018764231936 0.0002021449618 0.00021636442398 0.00023010054429 0.00024314207258 0.00025526841637 0.00026625240571 0.00027586432407 0.00028387803468 
0.000290078955 0.00029427389381 0.00029630213976 0.00029604695737 0.00029344536597 0.00028849573573 0.00028126157122 0.00027187130763 0.00026051324676 
0.00024742772803 0.00023289576347 0.00021722701786 0.00020074678469 0.00018378371897 0.0001666584285 0.00014967337484 0.00013310431677 0.00011719325266 
0.00010214311624 8.8114473328e-05 7.5223855674e-05 6.3544372097e-05 5.310792767e-05 4.3909109081e-05 3.5910397855e-05 2.9048123906e-05 2.3238841095e-05 
1.8385673684e-05 1.4384256247e-05 1.1127956896e-05 8.5122464952e-06 6.4380888034e-06 4.814373824e-06 3.5594359815e-06 2.601787628e-06 1.8802035129e-06 
1.343307531e-06 9.4881556834e-07 6.6256149012e-07 4.5742410748e-07 3.1224058716e-07 2.1077188705e-07 1.4076152866e-07 9.3112781485e-08 6.1192722001e-08 
4.0263135048e-08 2.703048807e-08 1.9304707166e-08 1.5755370342e-08 3.67914188e-09 4.4920791531e-09 6.2601168693e-09 9.28512911e-09 1.4064839959e-08 
2.1349606527e-08 3.2222775559e-08 4.8208164571e-08 7.1408628344e-08 1.0467957168e-07 1.5184059521e-07 2.1792727978e-07 3.0948251606e-07 4.3488466872e-07 
6.0470432572e-07 8.3207862644e-07 1.1330854477e-06 1.5270932181e-06 2.0370607672e-06 2.6897519092e-06 3.5158323044e-06 4.5498081818e-06 5.8297782743e-06 
7.3969754339e-06 9.2950622275e-06 1.1569194612e-05 1.4264855963e-05 1.7426475097e-05 2.1095884222e-05 2.531066275e-05 3.0102424716e-05 3.549514804e-05 
4.150357563e-05 4.8131780204e-05 5.5371969211e-05 6.3203486206e-05 7.1592185122e-05 8.0489990069e-05 8.9834829851e-05 9.9550743471e-05 0.00010954832396 
0.00011972527864 0.00012996712758 0.00014014808403 0.00015013215307 0.00015977413568 0.00016892126587 0.00017741507327 0.00018509392976 0.00019179652736 
0.00019736627291 0.00020165681781 0.00020453859179 0.00020590552595 0.00020568197942 0.00020382890943 0.00020034823683 0.00019528518897 0.00018872828514 
0.00018080651353 0.00017168441263 0.00016155527555 0.00015063320461 0.00013914445299 0.00012731891184 0.00011538172839 0.00010354605183 9.2006317573e-05 
8.093296492e-05 7.0468486228e-05 6.0724905779e-05 5.1782772061e-05 4.3691630708e-05 3.6471876228e-05 3.0117655115e-05 2.4600742108e-05 1.9874862119e-05 
1.588025043e-05 1.2548161976e-05 9.8050104498e-06 7.5759949141e-06 5.7881065914e-06 4.3724276111e-06 3.2657633255e-06 2.4116350232e-06 1.7607367226e-06 
1.2709442672e-06 9.0699154498e-07 6.3991592469e-07 4.4636266239e-07 3.0782811677e-07 2.0990030691e-07 1.4153920347e-07 9.4426241048e-08 6.2396949829e-08 
4.0963183068e-08 2.6923190788e-08 1.8054210571e-08 1.2879751488e-08 1.0503621972e-08 2.386263187e-09 2.9159354931e-09 4.0684975389e-09 6.0420131121e-09 
9.163356296e-09 1.3925937736e-08 2.1043154774e-08 3.1520098531e-08 4.6746233551e-08 6.8611790027e-08 9.9650314667e-08 1.4320883679e-07 2.0364599607e-07 
2.8655585993e-07 3.9901365767e-07 5.4983513564e-07 7.4983859122e-07 1.012094117e-06 1.3521421351e-06 1.7881574195e-06 2.3410364065e-06 3.0343803701e-06 
3.8943553591e-06 4.9493996812e-06 6.2297776822e-06 7.7669592429e-06 9.5928407973e-06 1.1738809008e-05 1.4234685295e-05 1.7107575331e-05 2.0380683054e-05 
2.4072098313e-05 2.8193671824e-05 3.2749940146e-05 3.7737212551e-05 4.3142841605e-05 4.8944610171e-05 5.5110373069e-05 6.1597878812e-05 6.8354747782e-05 
7.5318588642e-05 8.2417464e-05 8.9570203272e-05 9.6687123005e-05 0.00010367085633 0.00011041726248 0.00011681688193 0.00012275650806 0.0001281213772 
0.00013279782434 0.00013667662279 0.00013965675316 0.00014164976892 0.00014258430747 0.00014241025201 0.00014110287884 0.00013866521476 0.00013512973965 
0.00013055838645 0.00012504066399 0.00011869055015 0.00011164218449 0.0001040444622 9.6055140602e-05 8.7834872829e-05 7.9541350715e-05 7.1323753218e-05 
6.3318155298e-05 5.5643471569e-05 4.8398749641e-05 4.166130384e-05 3.5486140405e-05 2.9906383133e-05 2.4934699468e-05 2.0565499653e-05 1.6777712517e-05 
1.3537915038e-05 1.0803563782e-05 8.5261353888e-06 6.6540214902e-06 5.1350270951e-06 3.9184133129e-06 2.956456683e-06 2.2055344289e-06 1.6267716774e-06 
1.1863185136e-06 8.5532548155e-07 6.096951779e-07 4.2967849367e-07 2.9938254897e-07 2.0623933494e-07 1.4047760999e-07 9.4625313807e-08 6.3061406763e-08 
4.1627018277e-08 2.7298614924e-08 1.7922276996e-08 1.2004521821e-08 8.5543527817e-09 6.9707626338e-09 1.5504375561e-09 1.896265811e-09 2.6491957517e-09 
3.9395020579e-09 5.9824030174e-09 9.1031848726e-09 1.3772886831e-08 2.0656258926e-08 3.0673945162e-08 4.5080810196e-08 6.5562247187e-08 9.4349559276e-08 
1.3435492008e-07 1.8932485091e-07 2.6400948627e-07 3.6434283857e-07 4.9762689969e-07 6.727087225e-07 9.001398098e-07 1.1923000329e-06 1.5634723241e-06 
2.0298475647e-06 2.6094476198e-06 3.3219437228e-06 4.1883704398e-06 5.2307159422e-06 6.4714026848e-06 7.9326500781e-06 9.6357580333e-06 1.1600302969e-05 
1.3843301531e-05 1.6378371583e-05 1.9214894564e-05 2.2357244234e-05 2.5804100005e-05 2.9547860322e-05 3.3574175177e-05 3.7861605961e-05 4.2381416279e-05 
4.7097484639e-05 5.1966362662e-05 5.6937449699e-05 6.1953265686e-05 6.6949942266e-05 7.1857808507e-05 7.6602205809e-05 8.1104590208e-05 8.5283820226e-05 
8.9057917648e-05 9.2346046586e-05 9.5071045507e-05 9.716203931e-05 9.8557538877e-05 9.9208373285e-05 9.9080614746e-05 9.8158052424e-05 9.6443880466e-05 
9.396171663e-05 9.0755551355e-05 8.6888503574e-05 8.2440805272e-05 7.7506731031e-05 7.2190981882e-05 6.660456711e-05 6.0860529629e-05 5.5069773225e-05 
4.9337129894e-05 4.3757980166e-05 3.8415419112e-05 3.3378280932e-05 2.8699936593e-05 2.4417893655e-05 2.0554225557e-05 1.7116642994e-05 1.4100131921e-05 
1.148895899e-05 9.258920727e-06 7.3796281868e-06 5.8167224779e-06 4.5338806558e-06 3.494544444e-06 2.6633174457e-06 2.0070253868e-06 1.4954375729e-06 
1.1016891222e-06 8.0244808487e-07 5.7787781316e-07 4.1144548391e-07 2.8963052046e-07 2.0157402503e-07 1.3870538851e-07 9.4373206139e-08 6.3500017689e-08 
4.2272574774e-08 2.7873978681e-08 1.8259406431e-08 1.1974170988e-08 8.0109217038e-09 5.7019513555e-09 4.6426666955e-09 1.0283098817e-09 1.2588815546e-09 
1.7611707648e-09 2.6227184868e-09 3.9882999125e-09 6.0770317667e-09 9.2067153901e-09 1.3826639389e-08 2.0560225522e-08 3.0258924255e-08 4.4068706018e-08 
6.3510078974e-08 9.0572136457e-08 1.2781991643e-07 1.7851381529e-07 2.4673755661e-07 3.3753002526e-07 4.5701432327e-07 6.1251500938e-07 8.1265397966e-07 
1.0674123132e-06 1.3881456198e-06 1.7875436242e-06 2.2795165933e-06 2.8790084343e-06 3.6017211187e-06 4.4637622523e-06 5.481203516e-06 6.6695797614e-06 
8.0433219409e-06 9.6151597972e-06 1.139550659e-05 1.3391857465e-05 1.5608202375e-05 1.8044509488e-05 2.0696259526e-05 2.3554064683e-05 2.6603378501e-05 
2.9824297599e-05 3.3191427065e-05 3.667389683e-05 4.0235405322e-05 4.3834472308e-05 4.7424688091e-05 5.0955230108e-05 5.4371492297e-05 5.7615907281e-05 
6.0629019572e-05 6.3350824348e-05 6.5722342697e-05 6.7687462433e-05 6.9194924436e-05 7.0200519986e-05 7.0669171691e-05 7.0576992584e-05 6.9912915933e-05 
6.86798885e-05 6.6895561758e-05 6.4592102717e-05 6.1815437221e-05 5.862371836e-05 5.5085158237e-05 5.1275434089e-05 4.7274701501e-05 4.3164483941e-05 
3.9024660509e-05 3.4930544643e-05 3.0950483051e-05 2.714376933e-05 2.3559259716e-05 2.023453635e-05 1.7195690816e-05 1.4457694306e-05 1.2025217075e-05 
9.8938653537e-06 8.0516765593e-06 6.4807422859e-06 5.1588804126e-06 4.0612048906e-06 3.1615682019e-06 2.4337734885e-06 1.8525580572e-06 1.3943249542e-06 
1.0376362525e-06 7.6349436995e-07 5.554415452e-07 3.9951868303e-07 2.8411773201e-07 1.997657364e-07 1.3886972283e-07 9.5448363879e-08 6.4868160621e-08 
4.3598269883e-08 2.8991449241e-08 1.909526226e-08 1.249458137e-08 8.184123601e-09 5.4686291051e-09 3.8877829844e-09 3.1628977215e-09 7.2631117787e-10 
8.9002144543e-10 1.2468638344e-09 1.8594765727e-09 2.8315596534e-09 4.3202716959e-09 6.5539063066e-09 9.8557650929e-09 1.4675270776e-08 2.1627425184e-08 
3.1541635082e-08 4.5520692993e-08 6.5010404171e-08 9.1879492459e-08 1.2850887288e-07 1.7788815398e-07 2.4371561835e-07 3.3049749959e-07 4.4363972052e-07 
5.8952434756e-07 7.7556302358e-07 1.0102169199e-06 1.3029747379e-06 1.664278102e-06 2.1053924684e-06 2.6382112992e-06 3.2749985621e-06 4.0280674511e-06 
4.9094082897e-06 5.930261068e-06 7.1006670623e-06 8.4289958977e-06 9.9214730653e-06 1.1581731997e-05 1.34103866e-05 1.5404657461e-05 1.7558048057e-05 
1.9860090106e-05 2.2296151656e-05 2.484730976e-05 2.7490310458e-05 3.0197601518e-05 3.2937470678e-05 3.5674274841e-05 3.836880569e-05 4.0978800826e-05 
4.3459647713e-05 4.5765227696e-05 4.7849003749e-05 4.9665319239e-05 5.1170805818e-05 5.2326009609e-05 5.3097010095e-05 5.3457089962e-05 5.3388190281e-05 
5.2882183809e-05 5.1941744459e-05 5.0580780226e-05 4.8824331316e-05 4.6707911679e-05 4.4276359404e-05 4.1582166887e-05 3.8683447201e-05 3.5641667637e-05 
3.251923772e-05 2.9377182727e-05 2.6272909963e-05 2.3258333385e-05 2.0378325644e-05 1.766967398e-05 1.5160462681e-05 1.2869966667e-05 1.0808956176e-05 
8.9803870651e-06 7.3803689702e-06 5.9993240029e-06 4.8232591325e-06 3.8350240175e-06 3.0155235891e-06 2.3447951207e-06 1.8029235207e-06 1.3707710877e-06 
1.0305165006e-06 7.6601349974e-07 5.6298972595e-07 4.0910978782e-07 2.9393373779e-07 2.0879772933e-07 1.4664526304e-07 1.0183076427e-07 6.9914790402e-08 
4.7464162378e-08 3.1867010364e-08 2.1168114372e-08 1.3927628828e-08 9.1034380034e-09 5.9562279553e-09 3.9753125236e-09 2.8229312221e-09 2.2947646006e-09 
5.8840132766e-10 7.2151873365e-10 1.0117959803e-09 1.5104425488e-09 2.3023001283e-09 3.5160654388e-09 5.3388902188e-09 8.0361228783e-09 1.197709576e-08 
1.7667879604e-08 2.5791916158e-08 3.7259244579e-08 5.3264706423e-08 7.5355082174e-08 1.0550422758e-07 1.4619476474e-07 2.0050315186e-07 2.7218473519e-07 
3.6575303852e-07 4.8654732154e-07 6.4078119522e-07 8.355637533e-07 1.0788860436e-06 1.3795645373e-06 1.7471371621e-06 2.1917044251e-06 2.7237174436e-06 
3.3537107811e-06 4.091989922e-06 4.9482746363e-06 5.9313110796e-06 7.0484752541e-06 8.3053628259e-06 9.7053980426e-06 1.1249458112e-05 1.2935544873e-05 
1.4758486031e-05 1.6709702322e-05 1.8777020159e-05 2.0944542484e-05 2.3192613298e-05 2.5497802199e-05 2.7833026252e-05 3.0167742807e-05 3.2468269637e-05 
3.4698226955e-05 3.6819146771e-05 3.8791258703e-05 4.0574424929e-05 4.2129260692e-05 4.3418429414e-05 4.4408010581e-05 4.5068907639e-05 4.5378259529e-05 
4.532073217e-05 4.4889518904e-05 4.4087119022e-05 4.2925665184e-05 4.1426817916e-05 3.9621198084e-05 3.7547371903e-05 3.5250424844e-05 3.2780219044e-05 
3.0189394238e-05 2.7531379601e-05 2.4858292818e-05 2.221910654e-05 1.9657991288e-05 1.7213045794e-05 1.4915378415e-05 1.2788633285e-05 1.0848903003e-05 
9.1050269475e-06 7.5591869972e-06 6.2077656366e-06 5.042345947e-06 4.0507984522e-06 3.2183659187e-06 2.5286906293e-06 1.9647288809e-06 1.5095221215e-06 
1.146811087e-06 8.6148423861e-07 6.3987533849e-07 4.6992391844e-07 3.4122192005e-07 2.4497319373e-07 1.738879547e-07 1.2203625488e-07 8.4679783185e-08 
5.8096826905e-08 3.9412554997e-08 2.6442206646e-08 1.7552034492e-08 1.1540123523e-08 7.5373982611e-09 4.9278590097e-09 3.2863520794e-09 2.3318813547e-09 
1.8945620628e-09 
I 1 10000 double
9.1748386232e-14 1.2893241433e-13 2.1619588986e-13 3.8298522882e-13 6.8338244135e-13 1.2102608412e-12 2.1182064349e-12 3.6592165929e-12 6.2368300628e-12 
1.0486321013e-11 1.7390866525e-11 2.8445919231e-11 4.5886253131e-11 7.2991369893e-11 1.144849146e-10 1.7704070154e-10 2.6990137902e-10 4.0560371728e-10 
6.0078625408e-10 8.7702983764e-10 1.2616503398e-09 1.7883253767e-09 2.4974058377e-09 3.4357250378e-09 4.6557118161e-09 6.2136327195e-09 8.1668041219e-09 
1.056975929e-08 1.3469429128e-08 1.6899603494e-08 2.087505635e-08 2.5386036384e-08 3.0393643158e-08 3.5826975164e-08 4.158258804e-08 4.752679672e-08 
5.3500929909e-08 5.9329334334e-08 6.4829713153e-08 6.9824764637e-08 7.4154058893e-08 7.7685108124e-08 8.0321981955e-08 8.2011219149e-08 8.2743653707e-08 
8.2552631397e-08 8.1508403582e-08 7.9710041234e-08 7.7275245758e-08 7.4329818744e-08 7.0997749901e-08 6.7392932124e-08 6.3613285306e-08 5.9737672586e-08 
5.5825410072e-08 5.1918139121e-08 4.8043350631e-08 4.4218889883e-08 4.0457496908e-08 3.6770870793e-08 3.3172714353e-08 2.9680407465e-08 2.6315310819e-08 
2.3101939917e-08 2.0066181605e-08 1.723308074e-08 1.4624547795e-08 1.2257395099e-08 1.0141889106e-08 8.2810549529e-09 6.6706604684e-09 5.2998623268e-09 
4.1523291472e-09 3.207662358e-09 2.442922753e-09 1.8341014263e-09 1.3574030788e-09 9.902723086e-10 7.1212558073e-10 5.0479637137e-10 3.527276804e-10 
2.429606516e-10 1.6497476996e-10 1.1043285036e-10 7.2877537338e-11 4.7415488202e-11 3.041549998e-11 1.9236919349e-11 1.1996643262e-11 7.3771050033e-12 
4.4733518105e-12 2.6749915217e-12 1.577552108e-12 9.1764736001e-13 5.2669966912e-13 2.9866498272e-13 1.6803759447e-13 9.5206611692e-14 5.6972194974e-14 
4.0642802437e-14 1.2848859617e-13 1.8051415939e-13 3.0259678769e-13 5.3591088815e-13 9.560805923e-13 1.6929825597e-12 2.9628222618e-12 5.1181142657e-12 
8.7235184354e-12 1.466827354e-11 2.4329213991e-11 3.9801689722e-11 6.4218942664e-11 1.0218238061e-10 1.6032521144e-10 2.4802801479e-10 3.7829586685e-10 
5.6878884935e-10 8.4297374636e-10 1.2313273734e-09 1.7724756107e-09 2.5141027038e-09 3.5134113396e-09 4.8368624661e-09 6.5589205178e-09 8.7595264375e-09 
1.1520095988e-08 1.4917986846e-08 1.901954505e-08 2.3872132715e-08 2.9495708986e-08 3.5874940352e-08 4.2952734702e-08 5.0626308479e-08 5.8746717713e-08 
6.7122364555e-08 7.5526799037e-08 8.3710361309e-08 9.1414975145e-08 9.8390700032e-08 1.0441259235e-07 1.0929599625e-07 1.1290890001e-07 1.1517961696e-07 
1.1609934347e-07 1.1571925995e-07 1.1414243062e-07 1.1151207957e-07 1.0799708861e-07 1.0377706161e-07 9.9028248712e-08 9.3911971533e-08 8.8566380896e-08 
8.3102150938e-08 7.7601889359e-08 7.212291564e-08 6.670229169e-08 6.1363230941e-08 5.6121631786e-08 5.0991868505e-08 4.5991125575e-08 4.1141852591e-08 
3.6472297182e-08 3.2015361029e-08 2.780609698e-08 2.3878655497e-08 2.0263049905e-08 1.6982346196e-08 1.4050653974e-08 1.1472083727e-08 9.2407210772e-09 
7.3414945234e-09 5.7517306473e-09 4.4431214263e-09 3.3838387647e-09 2.5405815229e-09 1.8803547608e-09 1.3718916003e-09 9.8666641524e-10 6.9951056059e-10 
4.8887566217e-10 3.3681621381e-10 2.2876547878e-10 1.5318109281e-10 1.0112356091e-10 6.5818551997e-11 4.2238625791e-11 2.6727219396e-11 1.6676219433e-11 
1.0260267462e-11 6.2252273648e-12 3.724839881e-12 2.1980861142e-12 1.2794548407e-12 7.3487320829e-13 4.1701145033e-13 2.3480322504e-13 1.3314645068e-13 
7.9748233299e-14 5.6933184024e-14 2.1450681129e-13 3.0126874845e-13 5.0484475541e-13 8.9386083171e-13 1.5943710111e-12 2.8228929611e-12 4.9399481901e-12 
8.5335514696e-12 1.4545992882e-11 2.4462046971e-11 4.0582179978e-11 6.6410252297e-11 1.0719061055e-10 1.7063346569e-10 2.6786733942e-10 4.1465195166e-10 
6.3286981211e-10 9.5228602781e-10 1.4125232095e-09 2.0651356181e-09 2.9755879982e-09 4.224848027e-09 5.9102136518e-09 8.144901642e-09 1.1055903748e-08 
1.4779604207e-08 1.9454830635e-08 2.5213196864e-08 3.2166987296e-08 4.0395267575e-08 4.9929340662e-08 6.0739274943e-08 7.2722990296e-08 8.5700079921e-08 
9.9411579413e-08 1.1352684481e-07 1.2765751478e-07 1.4137799553e-07 1.5425106881e-07 1.6585588014e-07 1.7581663769e-07 1.8382789335e-07 1.896749211e-07 
1.9324613731e-07 1.9453659661e-07 1.9364244963e-07 1.907467464e-07 1.8609895847e-07 1.7999030888e-07 1.7272817843e-07 1.6461258667e-07 1.5591658098e-07 
1.4687256567e-07 1.3766542395e-07 1.2843167951e-07 1.1926441346e-07 1.1022211055e-07 1.0133945239e-07 9.263858658e-08 8.4139102796e-08 7.5865415283e-08 
6.7851097185e-08 6.0139875302e-08 5.2783754256e-08 4.5838945084e-08 3.9360685378e-08 3.3397800081e-08 2.7987926643e-08 2.3154139939e-08 1.8903083543e-08 
1.5224907557e-08 1.2094664825e-08 9.4748608959e-09 7.3187020888e-09 5.5736117943e-09 4.1845971133e-09 3.097194945e-09 2.2598201088e-09 1.6254319002e-09 
1.1525448373e-09 8.0565532024e-10 5.5520588127e-10 3.772119006e-10 2.5267229975e-10 1.6687305704e-10 1.0866431366e-10 6.9771147193e-11 4.417426841e-11 
2.757932771e-11 1.697990186e-11 1.0309581314e-11 6.1733422194e-12 3.6458665947e-12 2.1239290708e-12 1.2209613745e-12 6.9347311097e-13 3.9084306538e-13 
2.2186214725e-13 1.3303568587e-13 9.5063930686e-14 3.7835636317e-13 5.3125852242e-13 8.9000546299e-13 1.5755058933e-12 2.8098831855e-12 4.9747614882e-12 
8.7057973677e-12 1.504022254e-11 2.5641152396e-11 4.3131019589e-11 7.1576355953e-11 1.1717711523e-10 1.8922376166e-10 3.0139304941e-10 4.7345521947e-10 
7.3345468588e-10 1.1204031036e-09 1.6874713848e-09 2.5055908459e-09 3.6672580528e-09 5.290190952e-09 7.5203070438e-09 1.0533308448e-08 1.4533994452e-08 
1.9752347313e-08 2.6435456491e-08 3.4834609863e-08 4.5187313447e-08 5.7694769851e-08 7.2496121106e-08 8.9641787326e-08 1.0906889258e-07 1.3058217974e-07 
1.5384387098e-07 1.7837477628e-07 2.0356851849e-07 2.2871851968e-07 2.5305629947e-07 2.7579815765e-07 2.9619585007e-07 3.1358703723e-07 3.2744020473e-07 
3.3738928096e-07 3.4325483966e-07 3.450484769e-07 3.4296181184e-07 3.3733965665e-07 3.2864258515e-07 3.1740191275e-07 3.0417399444e-07 2.8949827424e-07 
2.7386238344e-07 2.5767863576e-07 2.4127197662e-07 2.2487965623e-07 2.0866018247e-07 1.9270954965e-07 1.7708104849e-07 1.6180554496e-07 1.4690958494e-07 
1.3242869557e-07 1.1841547121e-07 1.0494135694e-07 9.2093479509e-08 7.9967485078e-08 6.8658252417e-08 5.8250130053e-08 4.8808427522e-08 4.0373201671e-08 
3.2955945528e-08 2.6539341391e-08 2.1079658907e-08 1.6511235046e-08 1.2752155776e-08 9.7104191354e-09 7.2898500569e-09 5.3952562418e-09 3.9365279925e-09 
2.8315483291e-09 2.007937594e-09 1.4037886409e-09 9.6758812074e-10 6.5755240142e-10 4.4059131343e-10 2.9108662702e-10 1.8962909021e-10 1.218145862e-10 
7.716508682e-11 4.8204180231e-11 2.9696561182e-11 1.8042678462e-11 1.0811528756e-11 6.3898539238e-12 3.7253668032e-12 2.1433117867e-12 1.2183850933e-12 
6.8731034319e-13 3.9054054587e-13 2.3443362052e-13 1.676680035e-13 6.7227625376e-13 9.4378292074e-13 1.5808011367e-12 2.7980449988e-12 4.9900678208e-12 
8.8349778882e-12 1.5462799444e-11 2.6718554452e-11 4.5562751488e-11 7.6667693027e-11 1.2728620935e-10 2.0848966997e-10 3.3689173673e-10 5.3698928637e-10 
8.4425738622e-10 1.3091209228e-09 2.0018797731e-09 3.0185813849e-09 4.4876835581e-09 6.5771450508e-09 9.5013028556e-09 1.3526528342e-08 1.8974329663e-08 
2.6220197569e-08 3.5686344546e-08 4.7826500094e-08 6.3101460057e-08 8.1945046304e-08 1.0472131606e-07 1.3167607449e-07 1.6288721838e-07 1.9821953856e-07 
2.3729135989e-07 2.7945822012e-07 3.2381916526e-07 3.6924643609e-07 4.1443882992e-07 4.5799424697e-07 4.984960924e-07 5.346049079e-07 5.6514835478e-07 
5.8919960111e-07 6.0613717778e-07 6.1567970988e-07 6.1789120309e-07 6.1315773792e-07 6.0213699271e-07 5.8568809891e-07 5.6479012756e-07 5.4045870002e-07 
5.1367049991e-07 4.8530193908e-07 4.5608774712e-07 4.2660118993e-07 3.9725469492e-07 3.6831724515e-07 3.3994470527e-07 3.1221594554e-07 2.8516998896e-07 
2.58839151e-07 2.3327305598e-07 2.0855343053e-07 1.8479796893e-07 1.6215417986e-07 1.4078688082e-07 1.2086114509e-07 1.0252478688e-07 8.5892665425e-08 
7.1035429983e-08 5.7973402079e-08 4.66759289e-08 3.7065667868e-08 2.9026470116e-08 2.2413470191e-08 1.706406394e-08 1.2808360594e-08 9.4783434434e-09 
6.9150751791e-09 4.9738306807e-09 3.5271428001e-09 2.4660629094e-09 1.6999949226e-09 1.1554937007e-09 7.7442435797e-10 5.1179599447e-10 3.3353100837e-10 
2.1434409803e-10 1.3584303127e-10 8.4903896413e-11 5.2335510925e-11 3.1816924095e-11 1.9077852145e-11 1.1283276397e-11 6.5831099252e-12 3.7903608203e-12 
2.156403528e-12 1.2175080822e-12 6.9245927352e-13 4.1609437792e-13 2.9784096196e-13 1.1855675946e-12 1.6641621891e-12 2.7870986768e-12 4.9330348834e-12 
8.7980187372e-12 1.5578904486e-11 2.7271395212e-11 4.7136444054e-11 8.0411413639e-11 1.3537115873e-10 2.2487750551e-10 3.6859360009e-10 5.9607724312e-10 
9.5099772501e-10 1.4967360684e-09 2.3236059743e-09 3.5578622271e-09 5.3725091043e-09 7.999652496e-09 1.1743755302e-08 1.6994610164e-08 2.4238170582e-08 
3.4062626497e-08 4.7156525795e-08 6.4295200275e-08 8.6311956693e-08 1.1405149536e-07 1.4830482087e-07 1.8972770022e-07 2.3874892463e-07 2.9547732083e-07 
3.5961957678e-07 4.3042228981e-07 5.0664903029e-07 5.8659998103e-07 6.6817642619e-07 7.4898622415e-07 8.2648131183e-07 8.9811726411e-07 9.6151700291e-07 
1.014628765e-06 1.0558612757e-06 1.0841839639e-06 1.0991827821e-06 1.1010631624e-06 1.0906014722e-06 1.0690504268e-06 1.0380085769e-06 9.9927285646e-07 
9.546866977e-07 9.0600633484e-07 8.5479354084e-07 8.0234468669e-07 7.4965839758e-07 6.9744032771e-07 6.461373232e-07 5.9599318547e-07 5.4711489383e-07 
4.9954024917e-07 4.5329701948e-07 4.0844753357e-07 3.6511499957e-07 3.2349049661e-07 2.8382260098e-07 2.4639436447e-07 2.1149257634e-07 1.79375931e-07 
1.5024643574e-07 1.2422886186e-07 1.0135940443e-07 8.1584445866e-08 6.4767995411e-08 5.0705590837e-08 3.9142356911e-08 2.9792300182e-08 2.2356834606e-08 
1.6540914416e-08 1.2065711985e-08 8.6775546748e-09 6.1532352547e-09 4.3021364249e-09 2.9658819845e-09 2.0161718961e-09 1.3515130126e-09 8.9340157494e-10 
5.8240007261e-10 3.7441913459e-10 2.3739413213e-10 1.4844651897e-10 9.1552605774e-11 5.5690993483e-11 3.3413952161e-11 1.9775294249e-11 1.1545814652e-11 
6.6526671325e-12 3.7877795518e-12 2.140372081e-12 1.2184557833e-12 7.3289155777e-13 5.2503135303e-13 2.066149335e-12 2.9000254888e-12 4.856734806e-12 
8.5965956576e-12 1.5333958062e-11 2.7158183688e-11 4.7555997335e-11 8.2230125487e-11 1.4035039797e-10 2.3642471314e-10 3.9303948984e-10 6.4478911099e-10 
1.0437873899e-09 1.6672155878e-09 2.627398521e-09 4.0848782135e-09 6.2648304322e-09 9.4769134762e-09 1.4138157312e-08 2.0797717326e-08 3.0161437792e-08 
4.311255708e-08 6.0723735373e-08 8.4254025978e-08 1.1512344145e-07 1.5485819915e-07 2.0500142739e-07 2.6698830879e-07 3.4198998833e-07 4.307397603e-07 
5.3335918437e-07 6.4920988052e-07 7.7679612787e-07 9.1373811983e-07 1.056828637e-06 1.2021716884e-06 1.3453925476e-06 1.4818984937e-06 1.6071683149e-06 
1.7170424371e-06 1.8079916799e-06 1.8773455395e-06 1.9234541924e-06 1.9457725102e-06 1.9448530111e-06 1.9222488845e-06 1.880333798e-06 1.8220644051e-06 
1.7507117036e-06 1.66959137e-06 1.5818276324e-06 1.4901689838e-06 1.3968690382e-06 1.3036371911e-06 1.211654876e-06 1.1216412759e-06 1.033956778e-06 
9.4872251566e-07 8.6594207005e-07 7.8560685779e-07 7.07776735e-07 6.3262689309e-07 5.6046121699e-07 4.9169346994e-07 4.2680608203e-07 3.662947563e-07 
3.1061031791e-07 2.6010681609e-07 2.1500419223e-07 1.75367461e-07 1.4110436553e-07 1.1197824534e-07 8.7632670898e-08 6.7623268762e-08 5.1451603866e-08 
3.85977863e-08 2.8548583941e-08 2.0819513225e-08 1.4970298778e-08 1.0613959489e-08 7.4203865275e-09 5.1155635283e-09 3.4777152269e-09 2.3315434028e-09 
1.5415457799e-09 1.0051862676e-09 6.4643757014e-10 4.1002359841e-10 2.565101187e-10 1.5827948674e-10 9.6334162869e-11 5.7834258216e-11 3.4250040304e-11 
2.0010642449e-11 1.1538449883e-11 6.5746084792e-12 3.7181941553e-12 2.1185848215e-12 1.2755675422e-12 9.1453027876e-13 3.5539709196e-12 4.9882975355e-12 
8.3544482096e-12 1.4789700714e-11 2.6386776444e-11 4.6749167038e-11 8.1896336934e-11 1.4168531626e-10 2.4198887338e-10 4.0796202527e-10 6.7884453614e-10 
1.1148740819e-09 1.8070303032e-09 2.8904532101e-09 4.5624659606e-09 7.1061321272e-09 1.0920069293e-08 1.6554812632e-08 2.4755152594e-08 3.6506449419e-08 
5.3081045337e-08 7.607810204e-08 1.0744738432e-07 1.494844355e-07 2.0478299234e-07 2.761302369e-07 3.6633511513e-07 4.7798789637e-07 6.131604664e-07 
7.730757261e-07 9.5778375453e-07 1.1658970607e-06 1.3944329567e-06 1.6388001995e-06 1.8929495127e-06 2.1496703084e-06 2.4010128072e-06 2.638775868e-06 
2.8550293791e-06 3.042614253e-06 3.195588306e-06 3.3095946037e-06 3.3821138459e-06 3.4125810089e-06 3.4023510125e-06 3.3545002225e-06 3.2734988054e-06 
3.1647753076e-06 3.0342323498e-06 2.8877732348e-06 2.730892902e-06 2.5683605145e-06 2.4040305107e-06 2.2407741653e-06 2.0805171062e-06 1.9243741463e-06 
1.7728326611e-06 1.6259693894e-06 1.4836653008e-06 1.3457928389e-06 1.2123587112e-06 1.0835882449e-06 9.5994926141e-07 8.4212109641e-07 7.3091945296e-07 
6.2719607286e-07 5.3173351944e-07 4.4515132913e-07 3.6783669088e-07 2.9990786743e-07 2.4120902253e-07 1.9133304363e-07 1.496651123e-07 1.1543816214e-07 
8.7792457748e-08 6.5832026053e-08 4.8673470587e-08 3.5483953553e-08 2.5507624457e-08 1.8081001585e-08 1.2638826874e-08 8.7124485404e-09 5.9229665617e-09 
3.971182938e-09 2.6260076336e-09 1.7126975393e-09 1.1017569079e-09 6.9907202249e-10 4.3752107493e-10 2.7010094161e-10 1.6447980478e-10 9.8803007442e-11 
5.854895041e-11 3.423030262e-11 1.9751807828e-11 1.1263105032e-11 6.3749110157e-12 3.6356165474e-12 2.1910912754e-12 1.5721794526e-12 6.0314331654e-12 
8.4661843508e-12 1.4181316711e-11 2.5110831817e-11 4.4816081401e-11 7.943546515e-11 1.3923528996e-10 2.4105187291e-10 4.1204367696e-10 6.9533978575e-10 
1.158377283e-09 1.9049639643e-09 3.0923756889e-09 4.9550505921e-09 7.8366602096e-09 1.2232359126e-08 1.8842763794e-08 2.8640442906e-08 4.2948155254e-08 
6.3525504856e-08 9.265679779e-08 1.332277435e-07 1.887724892e-07 2.6346648951e-07 3.6203687159e-07 4.8956161436e-07 6.5113846404e-07 8.5141937234e-07 
1.0940344737e-06 1.3809614074e-06 1.7119225504e-06 2.0839177068e-06 2.4909816148e-06 2.9242421533e-06 3.3722917578e-06 3.8218295231e-06 4.2584993025e-06 
4.6678110266e-06 5.0360554269e-06 5.3511444094e-06 5.603324098e-06 5.7857328102e-06 5.894773949e-06 5.930259249e-06 5.8952996369e-06 5.7959291553e-06 
5.6404992392e-06 5.4388938224e-06 5.2016725931e-06 4.9392410801e-06 4.6611444304e-06 4.3755494517e-06 4.088939022e-06 3.8060313727e-06 3.5298810417e-06 
3.2621283026e-06 3.0033374969e-06 2.7533769753e-06 2.5117949463e-06 2.2781487132e-06 2.0522545583e-06 1.8343419015e-06 1.6251003672e-06 1.4256257828e-06 
1.237286483e-06 1.0615420933e-06 8.9975048922e-07 7.529952768e-07 6.2196062345e-07 5.0686446684e-07 4.0744896523e-07 3.2302182262e-07 2.5253291369e-07 
1.946714292e-07 1.4796924575e-07 1.1089830565e-07 8.1954091513e-08 5.9720420609e-08 4.2914056309e-08 3.0410252094e-08 2.1252215987e-08 1.4647763003e-08 
9.957237701e-09 6.676099229e-09 4.4150652023e-09 2.8800102303e-09 1.8531224333e-09 1.1761872587e-09 7.3640921139e-10 4.5482009825e-10 2.7710547745e-10 
1.6655025969e-10 9.8754858457e-11 5.7774254131e-11 3.3360605944e-11 1.9037460844e-11 1.0783864253e-11 6.1555218388e-12 3.7133776956e-12 2.666584618e-12 
1.0097777649e-11 1.4176029274e-11 2.3751514644e-11 4.2071342937e-11 7.5120167031e-11 1.3322545844e-10 2.3368509905e-10 4.0491707209e-10 6.9285777116e-10 
1.1706350334e-09 1.9529144968e-09 3.2167790653e-09 5.2315121124e-09 8.4001872125e-09 1.3316439507e-08 2.083995021e-08 3.2193877786e-08 4.9086231968e-08 
7.3854366178e-08 1.0962699548e-07 1.6049075668e-07 2.3163785556e-07 3.294591977e-07 4.6153476774e-07 6.3646456283e-07 8.6348313744e-07 1.1518187648e-06 
1.5097914456e-06 1.9437015908e-06 2.4566245429e-06 3.0472913295e-06 3.7092661387e-06 4.4306102609e-06 5.1941588026e-06 5.9784115365e-06 6.7589126047e-06 
7.509918305e-06 8.2061078501e-06 8.8241731646e-06 9.3441622084e-06 9.750549907e-06 1.0033031685e-05 1.0186998225e-05 1.0213685528e-05 1.0119897524e-05 
9.917319403e-06 9.6214052974e-06 9.250002222e-06 8.8218221208e-06 8.3550257841e-06 7.8660023064e-06 7.3685400821e-06 6.8733638727e-06 6.3880584094e-06 
5.9173153204e-06 5.463391517e-06 5.0267185543e-06 4.6065615606e-06 4.2016672523e-06 3.8108300942e-06 3.4333395433e-06 3.0692613109e-06 2.7195367238e-06 
2.3858981422e-06 2.0706308987e-06 1.7762413336e-06 1.5050959519e-06 1.2591032146e-06 1.0394810488e-06 8.4663679445e-07 6.8015293664e-07 5.3886333262e-07 
4.2098992026e-07 3.2431231034e-07 2.4634698548e-07 1.8451360972e-07 1.362763129e-07 9.9252723373e-08 7.1288035031e-08 5.0497060755e-08 3.527877368e-08 
2.4309708024e-08 1.6522808011e-08 1.1077503359e-08 7.3260131295e-09 4.7793919933e-09 3.0758557923e-09 1.9527885975e-09 1.2230563229e-09 7.5569223101e-10 
4.6063400316e-10 2.7700455818e-10 1.6434408001e-10 9.6206709266e-11 5.5590521769e-11 3.1746289625e-11 1.7997089929e-11 1.0281928087e-11 6.2086369032e-12 
4.4619416668e-12 1.6676425865e-11 2.3416877812e-11 3.9248364975e-11 6.9553439397e-11 1.2426311369e-10 2.205390176e-10 3.8717631878e-10 6.715799028e-10 
1.150566864e-09 1.9467751855e-09 3.2531410898e-09 5.3687552182e-09 8.7503915225e-09 1.4085085986e-08 2.2390127086e-08 3.5147408539e-08 5.4478821454e-08 
8.3367275749e-08 1.2592319365e-07 1.8768729149e-07 2.759460358e-07 4.0001589241e-07 5.7142773358e-07 8.0391583879e-07 1.1131003248e-06 1.5157472717e-06 
2.0285290248e-06 2.6662769415e-06 3.4398308344e-06 4.3537370402e-06 5.404157946e-06 6.5774383984e-06 7.8497105278e-06 9.1877573141e-06 1.0551089872e-05 
1.1894889212e-05 1.317332044e-05 1.4342701434e-05 1.5364163119e-05 1.6205687643e-05 1.6843545382e-05 1.7263268091e-05 1.7460137315e-05 1.7439231669e-05 
1.7214868421e-05 1.6809317458e-05 1.6250878616e-05 1.557145697e-05 1.4803903468e-05 1.3979578398e-05 1.3126315025e-05 1.2267076272e-05 1.1419310795e-05 
1.0594952073e-05 9.800938642e-06 9.0400844783e-06 8.3121294665e-06 7.6148644439e-06 6.9452180469e-06 6.300233963e-06 5.6778703765e-06 5.077541573e-06 
4.5003484956e-06 3.9489659684e-06 3.427216825e-06 2.9394534522e-06 2.4898629363e-06 2.0818554276e-06 1.7176312213e-06 1.3979653204e-06 1.1221934528e-06 
8.8836117129e-07 6.9347288445e-07 5.3379289966e-07 4.0515286059e-07 3.0323445799e-07 2.2380531561e-07 1.6289885707e-07 1.1693590096e-07 8.2791643763e-08 
5.7817512555e-08 3.9828112364e-08 2.7064340102e-08 1.8142591429e-08 1.1997998151e-08 7.8277393456e-09 5.0383666128e-09 3.1994469296e-09 2.0044528259e-09 
1.2389549386e-09 7.5553918677e-10 4.5457471121e-10 2.6984509072e-10 1.5806315978e-10 9.1392941826e-11 5.222926952e-11 2.9631939263e-11 1.6943673894e-11 
1.0240965194e-11 7.3655526123e-12 2.716645485e-11 3.8158733118e-11 6.3987259935e-11 1.1346126816e-10 2.0285438607e-10 3.6033556694e-10 6.3326510702e-10 
1.0998014721e-09 1.8869579232e-09 3.1981826076e-09 5.3547699608e-09 8.8569622747e-09 1.4472512966e-08 2.3362588308e-08 3.7257013474e-08 5.8692442906e-08 
9.1326889162e-08 1.4034124263e-07 2.1292946428e-07 3.1886321494e-07 4.7108812851e-07 6.8627025485e-07 9.8515965874e-07 1.3925870235e-06 1.9368685571e-06 
2.6483953661e-06 3.5572425077e-06 4.6897903303e-06 6.0645720623e-06 7.6878513937e-06 9.5497125585e-06 1.1621553313e-05 1.3855782527e-05 1.618814531e-05 
1.8542446924e-05 2.0836818294e-05 2.2990290745e-05 2.4928580387e-05 2.6588411856e-05 2.7920268622e-05 2.888994095e-05 2.9479257137e-05 2.968634908e-05 
2.9525335776e-05 2.9025250115e-05 2.8227846997e-05 2.7184280043e-05 2.595094702e-05 2.4584951461e-05 2.3139875339e-05 2.1662459403e-05 2.0190469513e-05 
1.875183807e-05 1.7364936866e-05 1.6039626644e-05 1.477884598e-05 1.3580382074e-05 1.243871975e-05 1.134681861e-05 1.0297795598e-05 9.2863792815e-06 
8.3100285337e-06 7.3695255196e-06 6.4688838393e-06 5.6146063798e-06 4.8144515858e-06 4.0760460251e-06 3.4056615732e-06 2.8073718568e-06 2.2826754957e-06 
1.8305194089e-06 1.4476128172e-06 1.1289039321e-06 8.6812099198e-07 6.583038612e-07 4.9227702448e-07 3.6303757156e-07 2.6404583764e-07 1.8941851465e-07 
1.3403264632e-07 9.3556010938e-08 6.4421513457e-08 4.3763247248e-08 2.9330848861e-08 1.9394979844e-08 1.2653577741e-08 8.1452231626e-09 5.173232509e-09 
3.2418476792e-09 2.0044503835e-09 1.222842716e-09 7.3607364648e-10 4.3717873766e-10 2.5622878819e-10 1.4824687311e-10 8.4778593867e-11 4.8134919661e-11 
2.7547041037e-11 1.6665261185e-11 1.199520084e-11 4.3651297854e-11 6.1338441271e-11 1.0291836827e-10 1.8262565071e-10 3.2679445261e-10 5.8109483891e-10 
1.0224925351e-09 1.7783569062e-09 3.0563491737e-09 5.1903570331e-09 8.7099571999e-09 1.4443751972e-08 2.3670509108e-08 3.8336253283e-08 6.1359727965e-08 
9.7052470949e-08 1.5168053835e-07 2.3419075035e-07 3.5710891666e-07 5.375886758e-07 7.9853413126e-07 1.1696464526e-06 1.6881406282e-06 2.3987756776e-06 
3.3527608139e-06 4.605084996e-06 6.2099552451e-06 8.214286936e-06 1.0649696378e-05 1.3523993402e-05 1.6813752154e-05 2.0459870939e-05 2.4367795049e-05 
2.8413254768e-05 3.2452880987e-05 3.6337471101e-05 3.9925165765e-05 4.3091851694e-05 4.5737739129e-05 4.779027222e-05 4.9204631068e-05 4.9963025958e-05 
5.007391519e-05 4.9570939154e-05 4.8511043133e-05 4.6970970288e-05 4.5041862904e-05 4.2822175601e-05 4.0409995563e-05 3.7895944843e-05 3.5357643355e-05 
3.2856449252e-05 3.0436469387e-05 2.812542516e-05 2.5936753445e-05 2.3872380552e-05 2.1925567125e-05 2.0083773052e-05 1.8331478714e-05 1.6653013517e-05 
1.5035371689e-05 1.3470698832e-05 1.1957892639e-05 1.050281935e-05 9.1169458756e-06 7.8147995737e-06 6.610969649e-06 5.5175055422e-06 4.5422298172e-06 
3.6880915104e-06 2.9533659927e-06 2.3323925689e-06 1.816545705e-06 1.395238769e-06 1.0568491007e-06 7.8950171201e-07 5.8168728856e-07 4.2271670964e-07 
3.0301424658e-07 2.1427013053e-07 1.4947721638e-07 1.0287963192e-07 6.9862991836e-08 4.6810772147e-08 3.0948385188e-08 2.0189824923e-08 1.2996730803e-08 
8.2555269287e-09 5.1744497576e-09 3.200300247e-09 1.953089912e-09 1.1761401852e-09 6.9889272147e-10 4.0984382554e-10 2.3726801079e-10 1.3577748648e-10 
7.7147031818e-11 4.4186661274e-11 2.6756100807e-11 1.9272670265e-11 6.9179210971e-11 9.7258243126e-11 1.6330600761e-10 2.900313878e-10 5.1951548619e-10 
9.2489577108e-10 1.6297538874e-09 2.8392495022e-09 4.8890971271e-09 8.3213631541e-09 1.3999978954e-08 2.3284103534e-08 3.8284188264e-08 6.2233688425e-08 
1.000182408e-07 1.5891210126e-07 2.495754643e-07 3.8736050101e-07 5.9394790242e-07 8.9928272473e-07 1.343677468e-06 1.9798053472e-06 2.8741133065e-06 
4.1069661165e-06 5.7706879488e-06 7.964606084e-06 1.0786438907e-05 1.4319894944e-05 1.8619250113e-05 2.3692868126e-05 2.9488819564e-05 3.5886641854e-05 
4.2699037294e-05 4.9685324484e-05 5.6575110648e-05 6.3096747908e-05 6.9003726821e-05 7.4093208241e-05 7.8215001849e-05 8.1272235548e-05 8.3216997155e-05 
8.4045117546e-05 8.3792299847e-05 8.2531711087e-05 8.0371413787e-05 7.7449396485e-05 7.3925126344e-05 6.9968002208e-05 6.5744461608e-05 6.140601181e-05 
5.7080174884e-05 5.2865623729e-05 4.8831196182e-05 4.5018154196e-05 4.1444181988e-05 3.8107922592e-05 3.4993237932e-05 3.2073228795e-05 2.9314292988e-05 
2.6680998417e-05 2.4141781978e-05 2.1674899472e-05 1.9272936697e-05 1.6944264644e-05 1.4710510186e-05 1.2600866285e-05 1.0645168913e-05 8.8679889814e-06 
7.2850584729e-06 5.9022586356e-06 4.7164917305e-06 3.7175589114e-06 2.8902886697e-06 2.216495659e-06 1.6766106228e-06 1.2509520957e-06 9.2066994739e-07 
6.6840919999e-07 4.787209491e-07 3.382621685e-07 2.3582224173e-07 1.6221946453e-07 1.1011094614e-07 7.3753902541e-08 4.8750447235e-08 3.1799402223e-08 
2.0469595796e-08 1.300317809e-08 8.1514910377e-09 5.0427551024e-09 3.0784874649e-09 1.854569831e-09 1.1025345081e-09 6.4688088219e-10 3.7470920811e-10 
2.1456451893e-10 1.2199859178e-10 6.993144952e-11 4.2382580084e-11 3.0550728614e-11 1.0812989393e-10 1.5210814552e-10 2.556223011e-10 4.5443823704e-10 
8.1495482585e-10 1.4528539483e-09 2.5641830881e-09 4.4755394946e-09 7.7235284834e-09 1.3178621749e-08 2.2235523645e-08 3.7101536066e-08 6.1226828052e-08 
9.9936109166e-08 1.6133820679e-07 2.576077236e-07 4.0674242996e-07 6.3489335389e-07 9.7932388599e-07 1.4919538671e-06 2.243269364e-06 3.3260985219e-06 
4.8583915486e-06 6.9837310548e-06 9.8679684015e-06 1.3690278138e-05 1.8627246391e-05 2.4829520044e-05 3.2392224966e-05 4.1322615289e-05 5.1511367928e-05 
6.2716091634e-05 7.4566007243e-05 8.659260493e-05 9.8282565887e-05 0.00010913983715 0.00011873914627 0.00012675898324 0.00013299073908 0.00013732914522 
0.0001397531305 0.0001403070346 0.00013908953406 0.00013624961139 0.00013198509987 0.00012653731392 0.00012017940026 0.00011319790065 0.00010587122961 
9.8449665529e-05 9.1140689619e-05 8.4101506218e-05 7.7438991866e-05 7.1214475611e-05 6.5451102273e-05 6.0140730056e-05 5.5249282013e-05 5.0721078878e-05 
4.6483921324e-05 4.2457293603e-05 3.8564710849e-05 3.4748718463e-05 3.0983715988e-05 2.7281608709e-05 2.3687020075e-05 2.0263647457e-05 1.7077227312e-05 
1.4181250663e-05 1.1609035028e-05 9.3724092949e-06 7.4648710324e-06 5.8666414589e-06 4.5496503844e-06 3.4815880099e-06 2.6288325898e-06 1.9584467736e-06 
1.4394996697e-06 1.0439119933e-06 7.4693372198e-07 5.2733611255e-07 3.6737100118e-07 2.5255656055e-07 1.7134449593e-07 1.1472450012e-07 7.5810255851e-08 
4.9441513994e-08 3.1823599755e-08 2.0216150531e-08 1.2674600924e-08 7.8424244876e-09 4.7889399113e-09 2.8860025481e-09 1.7164323296e-09 1.0075510426e-09 
5.8394450386e-10 3.3457697723e-10 1.9036404397e-10 1.0920318816e-10 6.6240048169e-11 4.7781521795e-11 1.6667930924e-10 2.3463009313e-10 3.9468806001e-10 
7.0245920192e-10 1.2613848854e-09 2.2521640108e-09 3.9820209352e-09 6.9647181355e-09 1.2048098519e-08 2.0614471907e-08 3.4891264988e-08 5.8426184779e-08 
9.6803731253e-08 1.5870867287e-07 2.5747581844e-07 4.1329960254e-07 6.5630160861e-07 1.0306481499e-06 1.5998442677e-06 2.4531625513e-06 3.7128422719e-06 
5.5412033362e-06 8.146129403e-06 1.1782637557e-05 1.6747564587e-05 2.3364107619e-05 3.1953284633e-05 4.2790765292e-05 5.6050226704e-05 7.17388466e-05 
8.963720029e-05 0.00010926284449 0.0001298791758 0.0001505639957 0.00017032936739 0.00018826022279 0.0002036265505 0.0002159413707 0.00022496083693 
0.00023064199195 0.00023308036907 0.00023245514603 0.00022900057957 0.00022300278943 0.0002148077765 0.00020482292166 0.00019350324874 0.00018132323748 
0.00016874111316 0.0001561652025 0.00014392986486 0.00013228441821 0.00012139503087 0.00011135503155 0.00010219721298 9.3903166999e-05 8.640714077e-05 
7.9596786236e-05 7.3316681664e-05 6.7382083216e-05 6.1607010139e-05 5.5842734582e-05 5.0014357839e-05 4.4139498641e-05 3.8318914449e-05 3.2702278986e-05 
2.7444259104e-05 2.2668373276e-05 1.8448616174e-05 1.4808802007e-05 1.1732927305e-05 9.1790407168e-06 7.0915862125e-06 5.4101883507e-06 4.0750464905e-06 
3.0298892852e-06 2.2234803509e-06 1.6103256257e-06 1.1509397382e-06 8.1180587586e-07 5.6510037894e-07 3.8823134219e-07 2.6324778446e-07 1.7618235404e-07 
1.163840011e-07 7.5886049444e-08 4.8839169153e-08 3.1024722347e-08 1.945243433e-08 1.2038080754e-08 7.3527246514e-09 4.4324091064e-09 2.6371447248e-09 
1.5486970595e-09 8.9802776326e-10 5.148257376e-10 2.9310728844e-10 1.6826560978e-10 1.0214966373e-10 7.3734449102e-11 2.533689647e-10 3.5693395462e-10 
6.0107990807e-10 1.0711344034e-09 1.9261796602e-09 3.4449119113e-09 6.1028266884e-09 1.0698332886e-08 1.8555230241e-08 3.1843399029e-08 5.4080409484e-08 
9.0906368655e-08 1.5126461506e-07 2.4917363817e-07 4.0633887011e-07 6.5592053033e-07 1.0478261174e-06 1.6558999505e-06 2.5872832339e-06 3.993937753e-06 
6.085775567e-06 9.1439815151e-06 1.3531906916e-05 1.9699595214e-05 2.8176658816e-05 3.9547419874e-05 5.4402011301e-05 7.3258532211e-05 9.6454743471e-05 
0.00012401645654 0.00015552526747 0.00019002889167 0.00022605065897 0.00026174023515 0.00029515125789 0.00032456038753 0.00034871287062 0.00036692488356 
0.00037904648343 0.00038532484905 0.00038622174179 0.00038226004108 0.00037395383697 0.00036181966425 0.0003464249603 0.00032842127257 0.00030853794306 
0.00028753955849 0.00026616523974 0.0002450721222 0.00022479447944 0.00020572789072 0.00018813509087 0.00017216609558 0.00015787831217 0.00014524556173 
0.00013415129797 0.0001243729057 0.00011557439575 0.00010732837109 9.9180993857e-05 9.0751876996e-05 8.183598402e-05 7.2461371019e-05 6.2871084083e-05 
5.343498924e-05 4.4533622713e-05 3.6464352888e-05 2.9397537219e-05 2.3380653147e-05 1.8370121325e-05 1.4269528037e-05 1.0960821783e-05 8.3241657194e-06 
6.2480776251e-06 4.633244771e-06 3.3931605685e-06 2.4535302146e-06 1.7513626744e-06 1.2340241256e-06 8.5826889062e-07 5.8922182689e-07 3.9930006324e-07 
2.6711262535e-07 1.7638865302e-07 1.1498212871e-07 7.3989660621e-08 4.6998771097e-08 2.946912403e-08 1.8239038724e-08 1.1142402556e-08 6.7187486685e-09 
3.9988070633e-09 2.3493025303e-09 1.3629040119e-09 7.8174694496e-10 4.4534334553e-10 2.5583912766e-10 1.5543524801e-10 1.1227038049e-10 3.7977521128e-10 
5.3545962109e-10 9.0279594911e-10 1.6109940049e-09 2.9015150282e-09 5.1986694949e-09 9.2290690645e-09 1.621804202e-08 2.8207281844e-08 4.8562093014e-08 
8.2772025678e-08 1.3969962254e-07 2.3350308709e-07 3.8655284129e-07 6.3377825654e-07 1.0290085584e-06 1.6539810304e-06 2.6307222925e-06 4.1378702917e-06 
6.4310625021e-06 9.8666396298e-06 1.4926485164e-05 2.223987758e-05 3.2595966331e-05 4.6938072046e-05 6.6328662797e-05 9.1871574114e-05 0.00012457637058 
0.00016515195603 0.0002137311385 0.00026956497459 0.00033078610431 0.00039439025568 0.00045656369184 0.00051333860029 0.00056135765044 0.00059843651252 
0.00062375148991 0.00063768553082 0.0006414342788 0.00063649669755 0.00062424811767 0.00060576782562 0.00058191746939 0.00055353075732 0.00052155921003 
0.00048710443662 0.00045135128312 0.00041545977001 0.00038046806003 0.00034722482087 0.00031636279891 0.00028831185773 0.00026333611459 0.00024156479049 
0.00022299095872 0.00020742847119 0.00019444411737 0.00018331035972 0.00017303597997 0.00016251583293 0.00015078649449 0.00013730350474 0.00012211318244 
0.00010582066898 8.936116501e-05 7.3691116995e-05 5.9542038798e-05 4.7314089898e-05 3.7099394831e-05 2.8775417377e-05 2.2108542908e-05 1.6833135305e-05 
1.2697382772e-05 9.482430869e-06 7.0056066761e-06 5.1166589401e-06 3.692349992e-06 2.6316613457e-06 1.8521112679e-06 1.286948077e-06 8.8285446509e-07 
5.9792273532e-07 3.9978783661e-07 2.6390264907e-07 1.7198337332e-07 1.106502836e-07 7.0280243847e-08 4.4067370197e-08 2.727662185e-08 1.6666314551e-08 
1.0052001009e-08 5.9844955658e-09 3.5171976442e-09 2.0413173374e-09 1.1714579307e-09 6.677323694e-10 3.8385028489e-10 2.333831739e-10 1.6867669761e-10 
5.612588172e-10 7.9205703107e-10 1.337133404e-09 2.3895205814e-09 4.3108401293e-09 7.7385857722e-09 1.376863068e-08 2.425726997e-08 4.2313278215e-08 
7.3090127728e-08 1.2504750657e-07 2.1193784505e-07 3.5589536651e-07 5.9217023818e-07 9.7625911621e-07 1.5944168581e-06 2.5787546747e-06 4.1282278289e-06 
6.5366657509e-06 1.0228349311e-05 1.5800360416e-05 2.4068780476e-05 3.6112964153e-05 5.3308700444e-05 7.7336771938e-05 0.00011014763732 0.00015385315055 
0.00021050278156 0.00028169274447 0.00036797640496 0.00046813450172 0.00057852838654 0.00069293333218 0.00080323370639 0.00090099929366 0.00097938219551 
0.001034475863 0.0010656683007 0.0010751561495 0.0010668775067 0.0010451254202 0.0010133731412 0.00097383529646 0.00092778151156 0.00087617238751 
0.00082016218221 0.00076125358464 0.00070117152063 0.00064165628282 0.00058430072386 0.00053044222295 0.00048111233627 0.00043705411372 0.00039878429379 
0.0003666372213 0.00034072741983 0.0003208060516 0.00030604976928 0.00029489313602 0.00028505266528 0.00027386241709 0.00025891000405 0.000238772991 
0.00021351480973 0.00018464513414 0.00015453193919 0.00012558419257 9.9607954326e-05 7.7547352703e-05 5.9572357713e-05 4.5341421355e-05 3.4275784856e-05 
2.5757517506e-05 1.9235156287e-05 1.4259351701e-05 1.0479530829e-05 7.6256710599e-06 5.4886709222e-06 3.9047249629e-06 2.7443477393e-06 1.9049736011e-06 
1.3057888282e-06 8.8380909347e-07 5.9065109781e-07 3.8974710037e-07 2.5392617431e-07 1.6334132624e-07 1.0373786097e-07 6.5045504982e-08 4.0264342971e-08 
2.4605439464e-08 1.4843474894e-08 8.8395548659e-09 5.1969251125e-09 3.0174043264e-09 1.7324074397e-09 9.8800145842e-10 5.6831472861e-10 3.4578462316e-10 
2.5006244297e-10 8.1775064498e-10 1.1551206658e-09 1.9526651407e-09 3.4948119954e-09 6.3157541419e-09 1.1360290486e-08 2.0258939415e-08 3.5786150931e-08 
6.2612215856e-08 1.0852355103e-07 1.8638259291e-07 3.1724229643e-07 5.3523507404e-07 8.9513844159e-07 1.4838824427e-06 2.4376861347e-06 3.9669262151e-06 
6.3911070356e-06 1.0186197869e-05 1.6045834855e-05 2.4956207199e-05 3.8281876186e-05 5.7856239437e-05 8.6066174845e-05 0.00012591382256 0.00018102428294 
0.00025553733576 0.00035377129097 0.00047949206783 0.00063463882543 0.00081755407155 0.0010212144116 0.0012324899435 0.0014335613232 0.0016057534376 
0.0017343894579 0.0018122228794 0.0018400887493 0.001825460582 0.001779668266 0.0017142398283 0.0016377472784 0.0015546875075 0.0014665019698 
0.0013735232642 0.001276507508 0.0011771142017 0.0010775852716 0.00098030711524 0.0008875784697 0.00080147112021 0.00072371767601 0.00065569602884 
0.00059851194965 0.0005530519993 0.00051985459868 0.00049872061936 0.00048814454931 0.00048481745762 0.0004835689324 0.00047807674855 0.00046239048243 
0.00043283350533 0.00038940415834 0.00033580404124 0.00027795290225 0.00022185158741 0.00017191606457 0.00013035448501 9.7451993497e-05 7.22826735e-05 
5.3415609727e-05 3.9399630623e-05 2.9002590964e-05 2.1274683604e-05 1.5519757653e-05 1.1236162209e-05 8.059710126e-06 5.7205170378e-06 4.0141108002e-06 
2.7832109026e-06 1.9062006231e-06 1.2893842722e-06 8.6128790144e-07 5.6812649518e-07 3.7004770093e-07 2.3799783833e-07 1.5113884899e-07 9.4765653103e-08 
5.8665122538e-08 3.5854657909e-08 2.1633802305e-08 1.2886563816e-08 7.5785901998e-09 4.401856657e-09 2.5283624083e-09 1.4426622119e-09 8.3033402376e-10 
5.0554876951e-10 3.6580596885e-10 1.1745032724e-09 1.6606763742e-09 2.8111357686e-09 5.0390984718e-09 9.1226217691e-09 1.6442356809e-08 2.9390353262e-08 
5.2055252553e-08 9.1354493748e-08 1.5888591065e-07 2.7392607649e-07 4.6823546995e-07 7.9366867567e-07 1.3340569467e-06 2.2234489734e-06 3.673530955e-06 
6.0138240769e-06 9.7488655229e-06 1.563675869e-05 2.4792858312e-05 3.8820977352e-05 5.9972386225e-05 9.133106505e-05 0.00013702106662 0.00020242328173 
0.00029435794568 0.00042110634968 0.00059199356474 0.00081606273307 0.0010993299074 0.0014405188849 0.0018263036618 0.0022286318708 0.0026073916815 
0.0029197677504 0.0031329735648 0.0032332534902 0.0032267512288 0.0031351521611 0.0029885843396 0.0028164326213 0.0026392929722 0.0024662078358 
0.0022976063192 0.0021307864226 0.0019642207772 0.0017987708561 0.0016366717173 0.0014805287356 0.0013331795344 0.0011976909591 0.0010770839872 
0.00097410765011 0.00089126004605 0.00083083071513 0.00079457095126 0.00078276754357 0.00079284567619 0.00081803230569 0.00084694137331 0.0008649409283 
0.00085762923118 0.00081559794489 0.00073832069756 0.00063462310936 0.00051900366088 0.00040612622979 0.00030658647302 0.00022544823878 0.00016309999046 
0.00011711807747 8.4026447439e-05 6.0447626311e-05 4.3628213461e-05 3.1540108466e-05 2.2774049285e-05 1.6374766346e-05 1.1692476619e-05 8.2745136751e-06 
5.7951006056e-06 4.0129284571e-06 2.7460125693e-06 1.8562932382e-06 1.2394183386e-06 8.1728649093e-07 5.3221771168e-07 3.4224959222e-07 2.1732834909e-07 
1.3626703321e-07 8.4361992947e-08 5.15662677e-08 3.1119409272e-08 1.8541213009e-08 1.0907259984e-08 6.3374310244e-09 3.6415988003e-09 2.0788468724e-09 
1.1971647007e-09 7.2936184869e-10 5.2803633688e-10 1.6627084154e-09 2.3532675808e-09 3.9890037939e-09 7.1615930963e-09 1.2987937836e-08 2.3456379949e-08 
4.2025110503e-08 7.4631024916e-08 1.3136802579e-07 2.2925129883e-07 3.9672758589e-07 6.8096107952e-07 1.1594654552e-06 1.9584178972e-06 3.2810105495e-06 
5.4504494074e-06 8.973615877e-06 1.4632721104e-05 2.3613201847e-05 3.7676709326e-05 5.9388490627e-05 9.2410664365e-05 0.00014187880151 0.00021488673519 
0.00032109898166 0.00047344720224 0.00068866909714 0.00098704162519 0.0013901101192 0.0019149064319 0.0025639031082 0.0033125921618 0.0041008135304 
0.0048369411379 0.005420582369 0.0057766730897 0.0058798282407 0.0057534151711 0.0054555800743 0.0050614750944 0.0046418281272 0.0042440658435 
0.0038860142231 0.003563486971 0.0032645049505 0.002980577061 0.0027093414683 0.0024511863012 0.0022068647668 0.0019783123862 0.0017695592251 
0.001586069935 0.0014336651657 0.0013181148097 0.0012450790964 0.0012194201117 0.0012432105141 0.0013125552796 0.0014142572181 0.0015241878573 
0.0016095155152 0.001636159257 0.0015803196002 0.0014390893048 0.0012328414014 0.00099625566509 0.00076431845082 0.00056181394029 0.00040002391324 
0.00027917564148 0.00019315587997 0.00013374483387 9.3249531346e-05 6.5610402089e-05 4.652743155e-05 3.3140815503e-05 2.3611035431e-05 1.6759882783e-05 
1.1816337974e-05 8.2563492469e-06 5.7089146139e-06 3.9029214349e-06 2.6367531518e-06 1.7598051727e-06 1.1601209735e-06 7.553406931e-07 4.8568443844e-07 
3.0839933629e-07 1.9337433343e-07 1.197262236e-07 7.3192190087e-08 4.4178271708e-08 2.6327839464e-08 1.5492222616e-08 9.0043856815e-09 5.1760609132e-09 
2.9561371129e-09 1.7032848465e-09 1.0383468529e-09 7.5211770145e-10 2.3198454269e-09 3.2864480026e-09 5.5782711783e-09 1.0029991948e-08 1.8221072651e-08 
3.2972099717e-08 5.920676216e-08 1.0541331363e-07 1.8609064512e-07 3.2580365428e-07 5.6584673302e-07 9.7508382169e-07 1.667383458e-06 2.8292743082e-06 
4.7630892368e-06 7.9529590948e-06 1.3163459698e-05 2.1583384296e-05 3.5029992432e-05 5.6232678617e-05 8.92220487e-05 0.00013986538397 0.00021661813662 
0.00033160115709 0.00050212827045 0.00075269531226 0.0011170107173 0.001638676622 0.0023676904384 0.0033487791661 0.0045986142941 0.0060745920055 
0.0076487371698 0.0091110821813 0.01022364106 0.010813111439 0.010839183815 0.010379232466 0.009581557475 0.0086220502853 0.0076593738049 
0.006796120666 0.006066203583 0.005451973062 0.0049178618938 0.0044382433407 0.0040025152266 0.0036044812296 0.0032366011292 0.0028947077226 
0.0025825412013 0.0023102567066 0.0020906000864 0.0019368416397 0.0018623345532 0.0018793044146 0.0019949912094 0.0022049446125 0.0024852242786 
0.002787176054 0.0030398373492 0.00316459639 0.00310203759 0.0028404537588 0.0024254149757 0.0019379630685 0.0014594034292 0.0010459566256 
0.00072181160795 0.00048587628407 0.00032329279929 0.00021524286421 0.00014472084877 9.873554518e-05 6.8355358962e-05 4.7850819101e-05 3.3693100704e-05 
2.3736656658e-05 1.665730997e-05 1.1606167391e-05 8.0117733887e-06 5.4718616411e-06 3.6945323245e-06 2.4649223178e-06 1.6246302721e-06 1.0576663954e-06 
6.8005635967e-07 4.3183013076e-07 2.7078681342e-07 1.6767401689e-07 1.0251962124e-07 6.1891988423e-08 3.6892849664e-08 2.1715024445e-08 1.2625243961e-08 
7.2601520351e-09 4.148186239e-09 2.3913497849e-09 1.4586586383e-09 1.0570870845e-09 3.189612352e-09 4.5226467016e-09 7.6861814691e-09 1.3839804858e-08 
2.5182844254e-08 4.5654331871e-08 8.2153981396e-08 1.4662279568e-07 2.5954489047e-07 4.5578792651e-07 7.9425808508e-07 1.3737078461e-06 2.3583252187e-06 
4.0185968828e-06 6.7955093073e-06 1.139952019e-05 1.8959925001e-05 3.1245352147e-05 5.0982973335e-05 8.2314974861e-05 0.00013145331468 0.0002076394303 
0.00032460037619 0.00050281314179 0.00077297404641 0.0011809028219 0.0017932470655 0.0027012741193 0.0040165847167 0.0058490945958 0.0082579962909 
0.01117685996 0.01433969941 0.017269229516 0.019399471581 0.020329693332 0.020026059821 0.018731700256 0.016810221598 0.014645126648 
0.01256242767 0.010766264051 0.0093181431293 0.0081685204059 0.0072278305888 0.0064323707484 0.0057539502159 0.00516959792 0.0046475264244 
0.0041635325179 0.0037165549584 0.0033256912138 0.0030189012177 0.002825952135 0.0027768097352 0.0028999617789 0.0032157807145 0.0037234898191 
0.0043840724975 0.0051054963842 0.005741070956 0.0061145843938 0.0060797929764 0.005595842842 0.0047620800324 0.003764266381 0.0027862524148 
0.00195109169 0.0013081274228 0.00085106585175 0.00054509658366 0.00034865183989 0.00022544739477 0.00014855837799 9.9990131275e-05 6.8547524279e-05 
4.7578432714e-05 3.3210682886e-05 2.317453982e-05 1.6093676095e-05 1.1088599422e-05 7.5653974818e-06 5.1052406889e-06 3.4051859075e-06 2.2441029159e-06 
1.4609310028e-06 9.393887126e-07 5.9655701534e-07 3.7412823417e-07 2.3170017016e-07 1.416929365e-07 8.5559747731e-08 5.1013511637e-08 3.0034900789e-08 
1.7468069657e-08 1.0048690768e-08 5.7438773737e-09 3.3128837451e-09 2.0219228514e-09 1.4659827796e-09 4.321282443e-09 6.1321721034e-09 1.0433347519e-08 
1.8810649038e-08 3.4278166083e-08 6.2248510346e-08 1.1223207252e-07 2.0074556062e-07 3.5623139638e-07 6.2730481432e-07 1.0964602097e-06 1.9026369955e-06 
3.2779519188e-06 5.6067051446e-06 9.5186705948e-06 1.6033965949e-05 2.6783745852e-05 4.4340238674e-05 7.2704111517e-05 0.00011802279187 0.00018966780044 
0.00030190841062 0.00047662178986 0.0007477767067 0.0011686991202 0.0018229506677 0.0028381380253 0.0043978779577 0.0067397095263 0.010117543861 
0.014703252353 0.020417176187 0.026730515063 0.032579746097 0.036618448794 0.037908762693 0.036562796682 0.033316418529 0.029026396573 
0.024461800233 0.020221410319 0.016669899225 0.013912852854 0.011837485246 0.010238340124 0.0089691253379 0.0079660294577 0.0071704839356 
0.0064942925237 0.005863526836 0.005261644721 0.0047244061716 0.0043113622814 0.0040863812901 0.0041130925529 0.0044535021298 0.005158262793 
0.0062436419539 0.0076567730866 0.0092379394919 0.010700061917 0.011660885066 0.011765413918 0.010881653056 0.0092229042202 0.0072106663138 
0.005249611102 0.0035979347304 0.0023497289512 0.0014820585493 0.00091626023641 0.00056393834529 0.00035066108103 0.00022277726384 0.00014537769312 
9.7327130788e-05 6.6441942181e-05 4.5881544793e-05 3.1807627238e-05 2.2005935534e-05 1.5130966858e-05 1.0312445738e-05 6.9555603659e-06 4.638514838e-06 
3.056875812e-06 1.9902270196e-06 1.2799098386e-06 8.1294530219e-07 5.0993520517e-07 3.1587418903e-07 1.9321339551e-07 1.1669933286e-07 6.9599089159e-08 
4.0989757366e-08 2.3847242403e-08 1.3723453485e-08 7.847693162e-09 4.5285273309e-09 2.7654081247e-09 2.0059804928e-09 5.7683524624e-09 8.1911544214e-09 
1.3949937205e-08 2.5178801266e-08 4.5941334292e-08 8.3551782382e-08 1.5089663918e-07 2.7042383977e-07 4.8091783356e-07 8.489071206e-07 1.487709028e-06 
2.5889266908e-06 4.4739699661e-06 7.6772212196e-06 1.3078264601e-05 2.2108602934e-05 3.7069359678e-05 6.1612590798e-05 0.00010146614659 0.00016553448222 
0.00026761982008 0.00042923609726 0.0006844101008 0.0010880104965 0.0017298329622 0.0027566745412 0.0044023315422 0.0070182858035 0.011083386838 
0.017149684951 0.025663204491 0.036608569324 0.049015194178 0.060595642775 0.068145528436 0.069368213415 0.065121106803 0.057542107999 
0.04855267331 0.039539337158 0.031444851309 0.024828050286 0.019849639386 0.016303876415 0.013752329163 0.011865826324 0.010504084639 
0.0095425015315 0.008784910664 0.008058026433 0.0073118787259 0.0066117187962 0.0060774227604 0.0058378200047 0.0060197678395 0.0067494227551 
0.0081413257867 0.010262547061 0.013068335131 0.01631532982 0.019481418654 0.021770566702 0.022332236171 0.020752135664 0.017486646771 
0.013500072062 0.0096619119868 0.0064858831465 0.0041338442825 0.002535058884 0.0015179604525 0.00090186222224 0.00054038426606 0.00033116486156 
0.00020935226348 0.00013667010353 9.163186769e-05 6.2533639721e-05 4.3042491598e-05 2.9658203857e-05 2.0348992621e-05 1.3854629287e-05 9.3410126283e-06 
6.2289659581e-06 4.1055050133e-06 2.6735103802e-06 1.7197603484e-06 1.0926166851e-06 6.8555698363e-07 4.2478325213e-07 2.5990684094e-07 1.5702894984e-07 
9.3680924351e-08 5.5190785275e-08 3.2120556881e-08 1.8491640219e-08 1.0578913745e-08 6.1076175228e-09 3.7317975377e-09 2.7082447396e-09 7.5864097226e-09 
1.0778307136e-08 1.8369687993e-08 3.3185497017e-08 6.0613075448e-08 1.1036796366e-07 1.9960580744e-07 3.5828617229e-07 6.3831259922e-07 1.1289762369e-06 
1.9828314635e-06 3.4586500988e-06 5.9919452724e-06 1.0309296158e-05 1.7610953364e-05 2.9858023481e-05 5.0217426178e-05 8.3744322183e-05 0.00013842905173 
0.00022683176212 0.00036873354111 0.00059565715492 0.00095890380908 0.0015440098941 0.0024960336741 0.0040607391857 0.0066439281218 0.010880242102 
0.017678022385 0.02816475369 0.043404985219 0.063731491566 0.087616555393 0.11043498665 0.12457378954 0.12382464111 0.11212629825 
0.095394708216 0.077638305724 0.060998223722 0.046624369919 0.0351389274 0.026650728658 0.020954182371 0.017215268686 0.014700582251 
0.013088151813 0.012139124796 0.011485784315 0.010793731548 0.0099630570039 0.0091035189107 0.008437866345 0.0082074757665 0.0086481589824 
0.0099992146716 0.012498405762 0.016336191446 0.021551663056 0.027856446803 0.034403961152 0.039635270834 0.04153874144 0.038791853935 
0.032371863723 0.02457890287 0.017250366509 0.011333314702 0.0070545980707 0.0042146551423 0.0024517802522 0.0014112505596 0.0008176448755 
0.00048455345677 0.00029710395029 0.00018917342823 0.0001245370222 8.3969360276e-05 5.7376520999e-05 3.937479778e-05 2.6960336982e-05 1.8339713279e-05 
1.236193566e-05 8.2442438725e-06 5.4352244661e-06 3.5406460484e-06 2.2784079192e-06 1.4480951904e-06 9.0894354798e-07 5.6340610399e-07 3.4484992284e-07 
2.0842468018e-07 1.2438800923e-07 7.3308662252e-08 4.268148146e-08 2.4581613189e-08 1.406927197e-08 8.1268956009e-09 4.9684327763e-09 3.607398158e-09 
9.8302335161e-09 1.3970534951e-08 2.3821804973e-08 4.306122392e-08 7.8709575746e-08 1.4344701071e-07 2.5970254569e-07 4.6671971177e-07 8.3262716544e-07 
1.4748870854e-06 2.5946471851e-06 4.5339224926e-06 7.8697548815e-06 1.3567323549e-05 2.3225444238e-05 3.9464539441e-05 6.6532069468e-05 0.00011124101729 
0.00018443350564 0.00030332047027 0.00049539247993 0.00080531078856 0.0013075399911 0.0021297070198 0.0034945693333 0.005790675059 0.0096795205027 
0.016233231872 0.027061011642 0.04431289807 0.070336982608 0.10661853105 0.15153053403 0.19676989317 0.22458048165 0.21547113359 
0.18573023379 0.15068773925 0.11770724505 0.089243911207 0.065976113081 0.047834798694 0.03400259465 0.02510035038 0.01995526813 
0.01699494943 0.015438426286 0.014831844717 0.014567407779 0.014098863117 0.013306538574 0.012322976254 0.011517918669 0.011312189512 
0.012114542536 0.014347033575 0.018462896347 0.024910060689 0.033998712897 0.045606046915 0.058653842658 0.070474267006 0.076294213533 
0.07166210562 0.058743808419 0.043494287878 0.029768895358 0.01908778213 0.011594232172 0.0067531783134 0.0038247648627 0.0021399636753 
0.0012035868131 0.00069238134893 0.00041300922749 0.00025700964034 0.00016633808264 0.00011089274631 7.5261566963e-05 5.1459392125e-05 3.5173572542e-05 
2.3911774406e-05 1.61174612e-05 1.0751939044e-05 7.091581665e-06 4.6219311116e-06 2.9757313769e-06 1.8922431764e-06 1.1883012121e-06 7.3690677027e-07 
4.5124724579e-07 2.7284832527e-07 1.6290513827e-07 9.6049532772e-08 5.5945644561e-08 3.2235281111e-08 1.8458726103e-08 1.0668128603e-08 6.5259042614e-09 
4.7405217529e-09 1.255027815e-08 1.7837605171e-08 3.0421176689e-08 5.5006612598e-08 1.0058522548e-07 1.8341219743e-07 3.3227320273e-07 5.9759810256e-07 
1.0670563597e-06 1.8920209186e-06 3.3321045976e-06 5.8294240262e-06 1.0131122508e-05 1.748903378e-05 2.9980699765e-05 5.1018570957e-05 8.614903345e-05 
0.00014430181182 0.0002397638018 0.00039539267891 0.00064811040647 0.0010588131845 0.0017309376271 0.0028454707935 0.0047251908109 0.0079458337277 
0.013512324542 0.023105159402 0.039361253381 0.066064290702 0.10794776678 0.16948613524 0.25141063333 0.34259617329 0.4048319757 
0.36637222767 0.29496017098 0.22576014698 0.16876631975 0.12460026145 0.091891154647 0.067242771387 0.04482685402 0.029887408018 
0.022286931053 0.018850805238 0.017631616443 0.017674062401 0.017999993637 0.01783545129 0.017335219309 0.01637102291 0.015436329879 
0.015238642693 0.01645351015 0.019774373621 0.02599080652 0.03601417318 0.05079562217 0.071003586054 0.096342243254 0.12466926128 
0.14237479866 0.13365963101 0.10574062914 0.075139611959 0.049639426172 0.030888643116 0.018258608878 0.010360573418 0.0057183820754 
0.0031179394573 0.0017089619068 0.00095867773052 0.00055881444132 0.00034112471621 0.00021765450947 0.00014375010505 9.7028249002e-05 6.6156178946e-05 
4.5166707423e-05 3.0698472983e-05 2.0697651053e-05 1.3814564227e-05 9.1172832981e-06 5.9460899138e-06 3.8307571231e-06 2.4374753593e-06 1.5316114741e-06 
9.5034084779e-07 5.822556659e-07 3.5224309158e-07 2.1041206821e-07 1.2411996408e-07 7.2330706757e-08 4.1696800679e-08 2.3889100476e-08 1.381451753e-08 
8.4559026448e-09 6.1456262301e-09 1.5788808483e-08 2.2436326574e-08 3.8257702784e-08 6.9171832706e-08 1.2649226733e-07 2.306818061e-07 4.1799654582e-07 
7.5199221783e-07 1.3432288597e-06 2.3827331006e-06 4.1983557821e-06 7.3488249654e-06 1.2779057215e-05 2.207352918e-05 3.7864312617e-05 6.4479761932e-05 
0.00010896634194 0.0001826955413 0.00030392530607 0.00050202116836 0.00082477473188 0.0013518002816 0.0022199645173 0.0036719571799 0.0061467215419 
0.010439278558 0.017963085324 0.031141623855 0.053924072534 0.092345431447 0.15490280092 0.25218486786 0.39417186379 0.57932811975 
0.75288057327 0.60697215796 0.44508445263 0.31877756119 0.22896254063 0.16888080537 0.1329549104 0.1078389287 0.070091843605 
0.041280627251 0.027251642197 0.021905072033 0.020544392988 0.02097675018 0.021440925077 0.020943053067 0.021474841982 0.021172165871 
0.020268602297 0.020024077967 0.021579584107 0.026012443006 0.0345688425 0.048858817667 0.071038618684 0.1040886268 0.1542519331 
0.24624785781 0.30033060908 0.2613376379 0.19157528877 0.12742507458 0.080058790743 0.047939427197 0.027447400615 0.015138574876 
0.0081409243867 0.0043334402144 0.0023230989464 0.0012771856273 0.00073154678103 0.00044035442988 0.00027816693182 0.0001825622312 0.00012280586816 
8.3608116256e-05 5.7063294662e-05 3.8796504668e-05 2.617426253e-05 1.7483600459e-05 1.1548348084e-05 7.5378056863e-06 4.860091849e-06 3.0947710457e-06 
1.9460151179e-06 1.2082800822e-06 7.4075705925e-07 4.4839845259e-07 2.6800378805e-07 1.5818052645e-07 9.2229932136e-08 5.3197517502e-08 3.0495627357e-08 
1.764588653e-08 1.0808319573e-08 7.8595601138e-09 1.9576127386e-08 2.7804885505e-08 4.7385938728e-08 8.5636706615e-08 1.565423986e-07 2.8539508889e-07 
5.1700266113e-07 9.2990416078e-07 1.6607092448e-06 2.9454263313e-06 5.1890542636e-06 9.0816993179e-06 1.5790299585e-05 2.7271415092e-05 4.6775123337e-05 
7.9646808445e-05 0.00013459206093 0.00022567153792 0.00037549383705 0.00062050571432 0.0010202210397 0.0016742114676 0.0027545343619 0.0045680282637 
0.0076732388698 0.013089799322 0.022650182247 0.039547581226 0.069122448564 0.11990705132 0.20495308936 0.34365940094 0.56520420313 
0.92043316364 1.5482468605 0.95031023026 0.62081611156 0.41821423173 0.29281902313 0.22305393219 0.19839093089 0.18585838377 
0.12320362777 0.067894376814 0.040230136365 0.029470618814 0.02597742714 0.025204192847 0.023585511371 0.019340874627 0.023324148729 
0.026033537462 0.025937646627 0.025627005845 0.02727310732 0.032519806176 0.043130025268 0.061524104327 0.091596849263 0.14177985489 
0.25316187739 0.7134231329 0.86501646042 0.55692213774 0.34699013829 0.21040323377 0.1242203638 0.071043841541 0.039195340127 
0.020948905498 0.010966688395 0.0057072299533 0.0030035770033 0.0016273779329 0.00092199194478 0.00055082963081 0.00034636986675 0.00022681080736 
0.00015246313706 0.00010382220353 7.0910551585e-05 4.8257177696e-05 3.259114601e-05 2.1793086489e-05 1.4409863979e-05 9.4149454526e-06 6.0761258283e-06 
3.8725370359e-06 2.4371011023e-06 1.5143714336e-06 9.2908965144e-07 5.6278901184e-07 3.3659520682e-07 1.9879030333e-07 1.1597992966e-07 6.693764476e-08 
3.8396546387e-08 2.2232725883e-08 1.3627653672e-08 9.9154338074e-09 2.3927363202e-08 3.3958059475e-08 5.7816574639e-08 1.043945872e-07 1.906760474e-07 
3.4735444387e-07 6.287650649e-07 1.1300671758e-06 2.0166353352e-06 3.5739062696e-06 6.291223599e-06 1.1001569874e-05 1.91120198e-05 3.2979343814e-05 
5.6514501921e-05 9.6143849078e-05 0.00016232463531 0.00027193402639 0.00045209011296 0.0007464758819 0.0012263504323 0.0020107727032 0.0033051210921 
0.0054750246927 0.0091853393242 0.015650248155 0.027057781816 0.047243956476 0.082693956792 0.14394967258 0.24754776061 0.41881394386 
0.69633239508 1.1413475275 1.8776774406 1.1721743345 0.75450730324 0.49913740158 0.34789523482 0.27383694053 0.26368129253 
0.26637458801 0.1837836355 0.10468267649 0.062914513052 0.044602517039 0.036303043365 0.03143805638 0.023254727945 0.0021592087578 
0.0175267905 0.029254781082 0.032085105777 0.031883470714 0.033194191754 0.038580995053 0.050258945674 0.071188107133 0.10644298047 
0.16661158204 0.27887263894 0.51490819454 0.82847887278 1.1261235476 0.57818084955 0.32336708903 0.18130408227 0.099204957485 
0.052640657872 0.02721600607 0.013869613409 0.0070733507164 0.0036718368065 0.0019739314448 0.0011148635531 0.00066613208037 0.00041963774129 
0.00027544901241 0.00018559684395 0.00012665289978 8.666406211e-05 5.9074409364e-05 3.9955393731e-05 2.675340329e-05 1.7711745386e-05 1.1585724678e-05 
7.4851818681e-06 4.7754065235e-06 3.0081453133e-06 1.870863457e-06 1.1487578604e-06 6.9639821731e-07 4.1681616381e-07 2.4634488227e-07 1.4382496261e-07 
8.3065700096e-08 4.7681400162e-08 2.7629488031e-08 1.6948906278e-08 1.2339647526e-08 2.8840329236e-08 4.0884188479e-08 6.9511159495e-08 1.2534285077e-07 
2.2864524851e-07 4.1599520273e-07 7.5204826544e-07 1.3498608951e-06 2.4055843824e-06 4.2571850827e-06 7.4830068115e-06 1.3065675375e-05 2.2661852199e-05 
3.9040944102e-05 6.6789682023e-05 0.00011342996004 0.00019117655756 0.00031969830161 0.00053051137365 0.00087419711053 0.0014328510733 0.0023427188862 
0.0038369048852 0.0063267806545 0.010554281995 0.017865406349 0.030674712732 0.053205572069 0.092597045004 0.16047106683 0.27507787943 
0.46421182156 0.76906734705 1.2500303984 2.0146050453 1.281368494 0.82885855436 0.54811769724 0.3807707727 0.29317834973 
0.26463630795 0.25304886699 0.1889320761 0.12725017965 0.090053483844 0.069127395749 0.055217694491 0.043943006545 0.029469037428 
0.0012542675249 0.0017240063753 0.030254043639 0.038519129157 0.038561593741 0.038937170058 0.043529078364 0.05478714034 0.075520716608 
0.11018201709 0.16689738631 0.2612349093 0.41791000962 0.62680709362 0.75136590004 0.6945284605 0.43190741539 0.24105255306 
0.12758655846 0.065282389522 0.032712481916 0.016284350306 0.0081833237782 0.0042218449526 0.0022723285947 0.0012916020351 0.00077851949027 
0.00049471016973 0.00032707501668 0.00022158345382 0.00015181032359 0.00010418275633 7.1177018981e-05 4.8230554967e-05 3.2346062653e-05 2.1444986487e-05 
1.4046126125e-05 9.0857811301e-06 5.8031100707e-06 3.6593837649e-06 2.2781462121e-06 1.4001456066e-06 8.4954371005e-07 5.0890605507e-07 3.0101392667e-07 
1.75880146e-07 1.0165734921e-07 5.8398857306e-08 3.3867504357e-08 2.0793267552e-08 1.5148732047e-08 3.4294899365e-08 4.8544425368e-08 8.2381369282e-08 
1.482824814e-07 2.7001513558e-07 4.9039255146e-07 8.8493112571e-07 1.5853729565e-06 2.8197289339e-06 4.9798509281e-06 8.734504263e-06 1.5216820429e-05 
2.6331839763e-05 4.5255128498e-05 7.7230906754e-05 0.00013083381054 0.0002199439914 0.00036683029612 0.00060701201437 0.0009971432155 0.0016283928417 
0.0026503412519 0.0043153469451 0.0070619713515 0.0116694225 0.019532604143 0.033125992864 0.056738398969 0.097565881908 0.16725291312 
0.28400045633 0.47544267774 0.78248751163 1.2651565075 2.0306510925 1.2975150347 0.84461957216 0.56335347891 0.3943913877 
0.29995214939 0.25468122959 0.22965052724 0.18973055482 0.15263742208 0.1274960041 0.11115070432 0.092350825667 0.068947635591 
0.043774716556 0.0066774049774 0.0015063649043 0.03625029698 0.046958182007 0.045786011964 0.044191751629 0.046990014613 0.056436080486 
0.074673585594 0.10484537482 0.15219397843 0.22557407618 0.33829939365 0.50255006552 0.73140478134 1.2124054432 0.58807933331 
0.29528477788 0.14755998552 0.072782754898 0.03561572358 0.017498087138 0.0087655102834 0.0045498502441 0.0024820789695 0.0014358522603 
0.00088109017815 0.00056851492263 0.00038023083471 0.00025968029513 0.00017888963339 0.00012323372357 8.4426355897e-05 5.7332705182e-05 3.8520149246e-05 
2.5578927307e-05 1.6777916244e-05 1.0867269339e-05 6.9495458774e-06 4.3874024414e-06 2.7343585316e-06 1.6822683619e-06 1.0217230511e-06 6.1261960127e-07 
3.6268491499e-07 2.1209824297e-07 1.2269578065e-07 7.0545326025e-08 4.094830075e-08 2.5163950923e-08 1.8346312913e-08 4.0254057865e-08 5.6874718268e-08 
9.6293369722e-08 1.7292806831e-07 3.1418593949e-07 5.6931008885e-07 1.0249109437e-06 1.8316210344e-06 3.2493014714e-06 5.7230299717e-06 1.0009742255e-05 
1.7387337721e-05 2.999634853e-05 5.139159839e-05 8.7421489297e-05 0.00014761131024 0.0002473158529 0.00041105182027 0.00067768932786 0.0011087256717 
0.0018020153511 0.0029156883247 0.0047115124762 0.007634779904 0.012459692545 0.020544348285 0.034254290164 0.057622183114 0.097310505807 
0.16394624114 0.27395135164 0.45221832395 0.73651832342 1.1870068312 1.9265133142 1.2216130495 0.8028537631 0.54599267244 
0.39119163156 0.3020644784 0.25424745679 0.2272785008 0.20361833274 0.18672458827 0.18479439616 0.19726608694 0.17720091343 
0.12121097744 0.070745438337 0.0026894055773 0.0017634290271 0.049339309335 0.059798587114 0.054328862578 0.048995058984 0.048984333873 
0.055640365928 0.070038616657 0.09397238493 0.13059136271 0.1855315119 0.26914313436 0.40164524317 0.63431483507 1.1547814608 
0.55933910608 0.28151860833 0.140963763 0.069688990712 0.034270118922 0.017006617039 0.0086638303474 0.0046049002558 0.0025847048964 
0.001539867837 0.00097008439479 0.00063900178066 0.00043370513595 0.00029913405888 0.00020740853506 0.00014350407582 9.8618875199e-05 6.7130094976e-05 
4.5191172831e-05 3.0060020435e-05 1.9747636543e-05 1.2809041436e-05 8.2022243078e-06 5.1847500799e-06 3.2351265418e-06 1.9926017103e-06 1.2115035588e-06 
7.2715744182e-07 4.3091952762e-07 2.5224315436e-07 1.4605602416e-07 8.4055663763e-08 4.8838082023e-08 3.0042677679e-08 2.1920477877e-08 4.666662079e-08 
6.5790374038e-08 1.1107719189e-07 1.989275944e-07 3.6043508089e-07 6.5128807591e-07 1.1690851807e-06 2.082922947e-06 3.6833423565e-06 6.4658779593e-06 
1.1269612514e-05 1.9504823285e-05 3.3523079765e-05 5.7211800595e-05 9.6937015769e-05 0.00016301807773 0.00027200637851 0.00045017912635 0.00073890620843 
0.0012030305807 0.0019444023492 0.0031247246079 0.0050056884065 0.0080208452418 0.012903152034 0.02090331167 0.034142658114 0.05614342913 
0.092562817037 0.15213358402 0.24782918394 0.39849340916 0.63211578131 0.9977568984 1.632379055 1.0365350246 0.70534330606 
0.50040447712 0.3734613657 0.29801252484 0.25585627556 0.23302511871 0.22122679651 0.22791197896 0.2810215652 0.40854477882 
0.39212337136 0.22805324197 0.12437581271 0.004314627964 0.0070682931691 0.076857760549 0.080208323896 0.065218709409 0.053716402501 
0.049911800772 0.053243562579 0.063323393464 0.080653242767 0.10672510415 0.1445094347 0.19939832389 0.27974292636 0.39206025004 
0.50707083941 0.34677284956 0.20278023183 0.10993324965 0.057186983526 0.029261559248 0.015075732954 0.0079899942502 0.0044303373434 
0.0025953212753 0.0016079235356 0.0010459815385 0.00070553389378 0.0004866864183 0.00033924620948 0.00023683684412 0.00016461472842 0.00011349284614 
7.7446333307e-05 5.2242521633e-05 3.4812466765e-05 2.2906793674e-05 1.4880552044e-05 9.5421937658e-06 6.0398460846e-06 3.7734830585e-06 2.3270158636e-06 
1.4164739923e-06 8.5113305204e-07 5.049317906e-07 2.9587556583e-07 1.7149577047e-07 9.8797379167e-08 5.7464035308e-08 3.5387273556e-08 2.584192238e-08 
5.3471207906e-08 7.5192602367e-08 1.2653987369e-07 2.2589006221e-07 4.079744258e-07 7.3476024909e-07 1.3143898059e-06 2.3333752779e-06 4.1106418394e-06 
7.1874173955e-06 1.2475416042e-05 2.1498881324e-05 3.678574285e-05 6.2492414145e-05 0.00010538841161 0.00017638682039 0.0002928909671 0.00048235600116 
0.00078767928062 0.0012754367199 0.0020487913862 0.0032685075421 0.0051884646527 0.0082169780508 0.013021958061 0.0207047984 0.033069673926 
0.053003080189 0.084940195084 0.13531678915 0.2127596736 0.32744896412 0.48810181022 0.69082432985 0.87753927708 0.73712861538 
0.57224750519 0.4403128624 0.34770521522 0.28837037086 0.25358313322 0.23544456065 0.23233363032 0.26417094469 0.41539666057 
0.99251681566 0.96107637882 0.39910024405 0.24706321955 0.019477143884 0.11833034456 0.13558119535 0.10918013752 0.077956430614 
0.058358952403 0.050245720893 0.050185754895 0.056135486811 0.067478097975 0.084504723549 0.10826038569 0.14044772089 0.18216697872 
0.22849522531 0.25391742587 0.19871741533 0.12989765406 0.076638124883 0.042639199644 0.023134721443 0.012604346499 0.007064551115 
0.0041403239593 0.0025538501795 0.001653204672 0.0011124655139 0.00076857581735 0.0005386894336 0.00037936930312 0.0002666094806 0.00018613394059 
0.00012873856758 8.806725964e-05 5.9529815189e-05 3.9740869397e-05 2.6193429221e-05 1.7042206309e-05 1.0944542737e-05 6.9372581493e-06 4.3400073082e-06 
2.6798456929e-06 1.6332769519e-06 9.8258465187e-07 5.8359148625e-07 3.4235330304e-07 1.9865433387e-07 1.1456940996e-07 6.6713248259e-08 4.1130739703e-08 
3.0063151968e-08 6.0600768848e-08 8.4976015557e-08 1.4248057312e-07 2.5341665832e-07 4.5601495913e-07 8.1818592435e-07 1.4578621403e-06 2.5773688321e-06 
4.5207489165e-06 7.8684715845e-06 1.3592514733e-05 2.3307911761e-05 3.967658995e-05 6.7047971243e-05 0.00011246198119 0.000187196958 0.00030912441434 
0.00050624692813 0.00082197616575 0.0013230282348 0.0021114319097 0.0033433376811 0.0052594654262 0.0082354489714 0.012864674442 0.020089520141 
0.031394131482 0.049054097384 0.076391592622 0.1178894043 0.17883591354 0.26382571459 0.37278282642 0.49215620756 0.57896542549 
0.55361169577 0.47487649322 0.39153599739 0.32390150428 0.27646103501 0.24671514332 0.23026019335 0.22596597672 0.24547502398 
0.34483996034 0.79373145103 0.49896341562 0.37343716621 0.61901479959 0.20679408312 0.22000969946 0.18985849619 0.13218985498 
0.086925283074 0.061348803341 0.049986563623 0.047135543078 0.049634002149 0.056167054921 0.066369354725 0.080313637853 0.098033227026 
0.1183603406 0.13634307683 0.14017514884 0.11603850126 0.081955470145 0.052046455443 0.030967270955 0.017897387967 0.010375865735 
0.0061867572367 0.0038477298804 0.0025020102039 0.0016903502401 0.0011739977635 0.00082892150385 0.00058932986576 0.00041885892279 0.00029612975777 
0.00020759187464 0.0001440121996 9.8751414043e-05 6.6888103902e-05 4.4734897529e-05 2.9535078284e-05 1.9247196178e-05 1.2379506188e-05 7.8583416325e-06 
4.9231985031e-06 3.0440996852e-06 1.8577246692e-06 1.1190386431e-06 6.6545811706e-07 3.9084804371e-07 2.2706102243e-07 1.3110617658e-07 7.6434623963e-08 
4.7182162177e-08 3.4518972569e-08 6.7986825059e-08 9.5035744607e-08 1.5870500647e-07 2.8113109352e-07 5.0382851668e-07 9.0017465482e-07 1.5968892058e-06 
2.8100755571e-06 4.9048944675e-06 8.4934063125e-06 1.4593541891e-05 2.4884979211e-05 4.211675332e-05 7.0749032602e-05 0.00011795054888 0.00019512647123 
0.00032022423693 0.00052116432926 0.00084089220036 0.001344792312 0.0021316576749 0.0033502466977 0.0052249436267 0.0080962851644 0.012484780513 
0.019187713042 0.029414582998 0.044950362295 0.068296790123 0.10266683996 0.15157699585 0.21758577228 0.29959100485 0.38852196932 
0.46282115579 0.48757821321 0.43371266127 0.36536541581 0.30709594488 0.26452645659 0.23648095131 0.2194839716 0.2112044245 
0.21423706412 0.23904143274 0.30531212687 0.28173786402 0.26349577308 0.30392253399 0.26051223278 0.24705962837 0.19192065299 
0.13076704741 0.086498364806 0.061123028398 0.048907596618 0.044394712895 0.044386141002 0.047415871173 0.052934482694 0.060738299042 
0.070433229208 0.080607198179 0.087826624513 0.086706675589 0.073702029884 0.054811112583 0.036836121231 0.023181952536 0.014171337709 
0.0087035754696 0.0055019492283 0.0036165970378 0.0024664693046 0.0017294808058 0.0012337146327 0.00088698253967 0.00063810893334 0.00045702807256 
0.00032477712375 0.00022849980451 0.00015895359684 0.00010924364324 7.4141382356e-05 4.9675672926e-05 3.2852891309e-05 2.1444078811e-05 1.3814059457e-05 
8.7822209025e-06 5.5100558711e-06 3.4118031635e-06 2.0849938664e-06 1.2576207382e-06 7.4884121659e-07 4.4037889779e-07 2.5615332788e-07 1.4808719584e-07 
8.6443975533e-08 5.3429484836e-08 3.9128330798e-08 7.556250381e-08 1.0527278249e-07 1.7503670335e-07 3.0870327805e-07 5.5079777894e-07 9.7958684364e-07 
1.729403948e-06 3.0278217764e-06 5.2566970226e-06 9.0514076874e-06 1.5460705981e-05 2.6201772926e-05 4.406305743e-05 7.3533294199e-05 0.0001217711324 
0.00020007892454 0.00032610908966 0.00052711734315 0.00084469828289 0.0013416246511 0.0021117290016 0.0032943454571 0.0050958110951 0.0078219827265 
0.011927384883 0.01808716543 0.02729498595 0.040979169309 0.061105720699 0.090194821358 0.13111397624 0.18647366762 0.25774309039 
0.34539434314 0.4507522881 0.56010180712 0.45178464055 0.35933917761 0.29517322779 0.25180643797 0.22336927056 0.20520289242 
0.19386446476 0.18830880523 0.189671278 0.19696950912 0.19481313229 0.19362723827 0.20975811779 0.21612358093 0.19944854081 
0.15759882331 0.11268378794 0.078733205795 0.058009199798 0.04707916081 0.042068265378 0.04049095884 0.041147358716 0.043589551002 
0.047663167119 0.053033526987 0.058566179127 0.061890870333 0.060049239546 0.051787968725 0.039763782173 0.027774035931 0.01822866872 
0.011669392698 0.0075380853377 0.0050189644098 0.0034613294993 0.0024562000763 0.0017745072255 0.0012926273048 0.00094247807283 0.00068432471016 
0.00049314426724 0.00035192925134 0.00024837546516 0.0001732075616 0.00011929082393 8.1113634224e-05 5.4443218687e-05 3.6066521716e-05 2.3579936169e-05 
1.5213894585e-05 9.6870026027e-06 6.0868201217e-06 3.774435072e-06 2.3098857582e-06 1.3952027302e-06 8.3188569988e-07 4.8985992862e-07 2.8530260465e-07 
1.651510928e-07 9.6531607596e-08 5.9743932468e-08 4.3797399485e-08 8.3263593353e-08 1.1559633606e-07 1.9132255602e-07 3.358622962e-07 5.9644315797e-07 
1.0555888821e-06 1.8539951725e-06 3.2282957818e-06 5.5725286074e-06 9.5371196949e-06 1.6186797438e-05 2.7250176572e-05 4.5510169002e-05 7.5408090197e-05 
0.0001239667472 0.00020218183636 0.0003270880261 0.00052477989811 0.0008347654948 0.0013161703246 0.0020565302111 0.0031843001489 0.0048868395388 
0.0074365870096 0.011229197495 0.016837881878 0.025086697191 0.037140134722 0.054595705122 0.079549558461 0.11459299922 0.16280278563 
0.22865353525 0.32437458634 0.49855619669 0.95352381468 0.51170015335 0.35446667671 0.27928632498 0.23505207896 0.2068772763 
0.18842291832 0.17578646541 0.16676945984 0.16058635712 0.15626889467 0.15152862668 0.14902469516 0.15345199406 0.15639646351 
0.14472769201 0.11942721158 0.091251134872 0.068618632853 0.053742922843 0.045044660568 0.040259134024 0.037811521441 0.036921441555 
0.037325624377 0.038980670273 0.041701536626 0.044687461108 0.04626666382 0.044501658529 0.038688901812 0.03031051904 0.02178229019 
0.014821234159 0.0099105043337 0.006719163619 0.0046913200058 0.003370664781 0.0024689245038 0.0018246955005 0.0013499716297 0.00099452934228 
0.0007271245704 0.00052647368284 0.00037700030953 0.00026677333517 0.00018644651573 0.00012865822646 8.7640175479e-05 5.8924109908e-05 3.9099199057e-05 
2.5603672839e-05 1.6545547624e-05 1.0551107152e-05 6.6397888077e-06 4.1234256969e-06 2.5271192499e-06 1.5285770587e-06 9.1267025937e-07 5.3815597312e-07 
3.1384601584e-07 1.8191329332e-07 1.0647233495e-07 6.5985908293e-08 4.8423718368e-08 9.1027303029e-08 1.2592252574e-07 2.0743209461e-07 3.6239615042e-07 
6.4042490067e-07 1.1276588339e-06 1.9699152745e-06 3.4105560189e-06 5.8515101955e-06 9.9505523394e-06 1.6774876713e-05 2.8041276892e-05 4.6487988584e-05 
7.644433208e-05 0.00012469301873 0.00020175841928 0.00032380386256 0.00051538343541 0.00081337272422 0.0012725065462 0.001973103499 0.0030318053905 
0.0046165478416 0.0069675650448 0.010426882654 0.015479099005 0.022805539891 0.033351190388 0.048398260027 0.06962954253 0.099142983556 
0.13937345147 0.1931167841 0.26470631361 0.36177507043 0.4754165113 0.37916371226 0.30029606819 0.24732372165 0.21137619019 
0.18681040406 0.16986295581 0.15759186447 0.14794111252 0.13979712129 0.13254399598 0.12579154968 0.12050814927 0.11794234812 
0.11507026851 0.10615651309 0.091020934284 0.074244394898 0.060105431825 0.050028249621 0.043380647898 0.039024345577 0.036117605865 
0.034238044173 0.03326465562 0.033215895295 0.034010618925 0.0351337865 0.03546423465 0.033709391952 0.029394969344 0.023413697258 
0.017320966348 0.01227168832 0.0086133144796 0.0061381026171 0.0044781300239 0.0033290765714 0.0024983373005 0.0018770772731 0.0014040379319 
0.0010419697501 0.00076563947368 0.00055635219906 0.00039948479389 0.00028331429348 0.00019839144079 0.00013714414672 9.3577800726e-05 6.3018458604e-05 
4.1882434743e-05 2.7469091947e-05 1.7778367692e-05 1.1354526578e-05 7.1561053119e-06 4.4506400627e-06 2.7316243632e-06 1.6546315464e-06 9.8931116099e-07 
5.8414224213e-07 3.4112019875e-07 1.979852442e-07 1.1603637518e-07 7.2011602015e-08 5.2900961833e-08 9.8788440539e-08 1.3616950412e-07 2.2324913118e-07 
3.8813794845e-07 6.8251796392e-07 1.1955384025e-06 2.0769887215e-06 3.5748414575e-06 6.0951206251e-06 1.0296292203e-05 1.7236623535e-05 2.860202585e-05 
4.7054938477e-05 7.6763084508e-05 0.00012419186532 0.00019927746325 0.00031714016222 0.00050054985331 0.00078341929475 0.0012156758457 0.0018699610373 
0.0028507441748 0.0043066442013 0.0064470358193 0.0095643047243 0.014063155279 0.020497642457 0.029614340514 0.042395114899 0.060081254691 
0.08413041383 0.11599364132 0.15655183792 0.20514221489 0.25748181343 0.29677054286 0.27553471923 0.24095134437 0.20921902359 
0.18383856118 0.16478082538 0.15070454776 0.13994173706 0.13107053936 0.12315762043 0.11571227014 0.10858073086 0.10209055245 
0.096596941352 0.09110635519 0.083604738116 0.073833934963 0.063535451889 0.054541695863 0.047540474683 0.042292363942 0.038291171193 
0.035145282745 0.032655406743 0.030773200095 0.029525760561 0.028879238293 0.028533510864 0.027813140303 0.025932611898 0.022595297545 
0.018317181617 0.014024132863 0.010413112119 0.007696876768 0.0057515641674 0.0043552666903 0.0033234318253 0.0025375497062 0.0019280764973 
0.0014528962784 0.0010836629663 0.00079912814545 0.00058225594694 0.0004189965257 0.00029771009577 0.00020882769604 0.00014459088561 9.8812452052e-05 
6.6645210609e-05 4.4359625463e-05 2.913735625e-05 1.8886168618e-05 1.207988953e-05 7.6244382399e-06 4.7488051678e-06 2.9188061035e-06 1.7705066284e-06 
1.0600567748e-06 6.267608228e-07 3.6649407775e-07 2.1299319997e-07 1.2500035496e-07 7.7679693788e-08 5.7123855868e-08 1.0647414683e-07 1.4624964706e-07 
2.3865874255e-07 4.1294080688e-07 7.2256324302e-07 1.2591395944e-06 2.1754296995e-06 3.7222248466e-06 6.3065199356e-06 1.0582173672e-05 1.75897585e-05 
2.8970258427e-05 4.7288409405e-05 7.6517339039e-05 0.00012275736663 0.00019529026758 0.00030810659518 0.00048208746011 0.00074807310011 0.0011511017801 
0.0017561592394 0.002655827906 0.0039802780375 0.0059100771323 0.0086922552437 0.012659734115 0.01825321652 0.026042275131 0.036737281829 
0.051173638552 0.070226937532 0.094573013484 0.1241568476 0.15725542605 0.18906712532 0.20972929895 0.20617973804 0.19082771242 
0.17286865413 0.15650840104 0.14304967225 0.13233235478 0.12363374233 0.11616589874 0.10931383073 0.10270742327 0.09620783478 
0.089901506901 0.083922922611 0.078027941287 0.071635201573 0.06465023011 0.057680353522 0.051405649632 0.046095512807 0.041659921408 
0.037895705551 0.034639794379 0.031805966049 0.029373072088 0.027354868129 0.025733342394 0.02435073629 0.022849725559 0.020813107491 
0.01808263734 0.014931041747 0.011850216426 0.0092110279948 0.007126478944 0.0055300132371 0.0043020374142 0.0033413027413 0.0025798762217 
0.0019743291195 0.0014948761091 0.0011187361088 0.00082708132686 0.00060384819517 0.0004352912365 0.00030977517599 0.00021761322569 0.00015089042427 
0.00010326342453 6.9745183282e-05 4.6488254156e-05 3.057853246e-05 1.9848266675e-05 1.2713186152e-05 8.0354593592e-06 5.0118183026e-06 3.0847406833e-06 
1.87372234e-06 1.1233637451e-06 6.6506657959e-07 3.8939663227e-07 2.2659479271e-07 1.3315721503e-07 8.2857731343e-08 6.0992874751e-08 1.1399758648e-07 
1.5606038062e-07 2.5353043043e-07 4.3664604732e-07 7.6040674912e-07 1.3184256886e-06 2.2656113288e-06 3.8541611502e-06 6.4896844378e-06 1.081762457e-05 
1.7854938051e-05 2.9188806366e-05 4.7273748351e-05 7.5871808804e-05 0.00012069879449 0.00019036371668 0.00029771975824 0.00046178203775 0.00071040791227 
0.0010839694878 0.0016402661568 0.0024609076791 0.0036593182012 0.0053903595544 0.0078612556681 0.011342925951 0.016179701313 0.022793261334 
0.031672839075 0.043338362128 0.058258641511 0.076712995768 0.098606847227 0.12317662686 0.14792981744 0.16551184654 0.16346806288 
0.15355709195 0.14250311255 0.13230769336 0.12343149632 0.11584919691 0.10929875076 0.10342086852 0.097878448665 0.092433206737 
0.086972571909 0.081507019699 0.076106056571 0.070758789778 0.065354436636 0.059896975756 0.054595895112 0.04968265444 0.045251701027 
0.041272997856 0.0376743339 0.034394804388 0.031399089843 0.028675146401 0.026224432513 0.02403437905 0.022030161694 0.020046833903 
0.01789331995 0.015500275418 0.012999500148 0.010624191724 0.0085494797677 0.0068286429159 0.0054297307506 0.0042942836881 0.0033703150693 
0.0026194183156 0.0020131920464 0.0015288431896 0.0011467008153 0.00084926746786 0.00062099302886 0.00044826889643 0.00031942670466 0.00022467765666 
0.00015598426398 0.00010688348266 7.2281538451e-05 4.8240435717e-05 3.1772087823e-05 2.0649929866e-05 1.3244080037e-05 8.382082342e-06 5.2349232647e-06 
3.2262980767e-06 1.9622566469e-06 1.1779504803e-06 6.9826074878e-07 4.0933753098e-07 2.3849182185e-07 1.4032407591e-07 8.7427260098e-08 6.4418216539e-08 
1.2125235571e-07 1.6547546977e-07 2.6770172212e-07 4.5905062507e-07 7.9583429624e-07 1.3732832258e-06 2.34781578e-06 3.972007562e-06 6.6484944909e-06 
1.101196267e-05 1.8052531232e-05 2.9299641028e-05 4.7093635658e-05 7.4983727245e-05 0.00011830650328 0.00018502032617 0.00028689822648 0.000441213866 
0.00067308801226 0.0010186838917 0.0015294273617 0.0022773568053 0.0033615296707 0.0049151093699 0.0071122706868 0.010173381306 0.01436591614 
0.019997172058 0.027393635362 0.036864854395 0.048674799502 0.063136637211 0.081116765738 0.10499491543 0.1375182569 0.16898493469 
0.15134581923 0.13203597069 0.12021484226 0.11272386461 0.10693219304 0.10187338293 0.097249560058 0.09288970381 0.088632516563 
0.084346354008 0.07995852083 0.075464710593 0.07090882957 0.066333666444 0.061758361757 0.057222593576 0.052813451737 0.048616904765 
0.044672988355 0.040979970247 0.037519618869 0.034273926169 0.031230151653 0.028381248936 0.025724053383 0.023250311613 0.020928701386 
0.018693968654 0.016472637653 0.01424270682 0.012065053917 0.01004111208 0.0082464665174 0.0067044063471 0.0054008904845 0.0043084956706 
0.0034000326414 0.002651858842 0.0020430549048 0.0015543017071 0.0011674715206 0.00086571945576 0.00063373526791 0.00045795619371 0.00032667140476 
0.00023001371301 0.00015985763457 0.0001096555352 7.4237774243e-05 4.960181468e-05 3.2706342608e-05 2.1282112357e-05 1.3665842744e-05 8.6594636741e-06 
5.4147335504e-06 3.3411713503e-06 2.0345767098e-06 1.2228208561e-06 7.2570890097e-07 4.259197226e-07 2.4843865276e-07 1.4634797196e-07 9.128768852e-08 
6.732287261e-08 1.2810863836e-07 1.7433859512e-07 2.8096505389e-07 4.7988004326e-07 8.2851545358e-07 1.423408321e-06 2.4220121304e-06 4.0765958147e-06 
6.7859114097e-06 1.1172845007e-05 1.8199836632e-05 2.9338789318e-05 4.6819081035e-05 7.3987168435e-05 0.00011582484876 0.00017969195324 0.00027638438041 
0.00042162678437 0.00063814816531 0.00095849804347 0.0014287309023 0.0021129697561 0.0030986100901 0.00450152345 0.0064700418152 0.0091858077794 
0.012858911417 0.017714366317 0.023968964815 0.031812306494 0.041476797312 0.053734011948 0.071743443608 0.10551775992 0.17559924722 
0.28519588709 0.18784287572 0.1295107305 0.10655108839 0.098077528179 0.09385035187 0.090597316623 0.087528862059 0.084466286004 
0.081328071654 0.078049406409 0.074592262506 0.070956811309 0.067176967859 0.063301309943 0.059377491474 0.055454928428 0.051588699222 
0.047826819122 0.044198930264 0.040718149394 0.037388436496 0.034209795296 0.031180404127 0.028297938406 0.025560470298 0.022964881733 
0.020501641557 0.018151396886 0.015894029289 0.013729421422 0.011687703431 0.0098125366494 0.0081359772012 0.006668345537 0.0054034697823 
0.0043273945339 0.0034236181527 0.0026748420205 0.0020633544773 0.0015713273315 0.0011812921148 0.00087667547632 0.00064225617098 0.0004644744331 
0.00033158285078 0.00023366170353 0.00016252977366 0.000111586196 7.5613817899e-05 5.0569207815e-05 3.3377094951e-05 2.1740705051e-05 1.3974935428e-05 
8.8647957455e-06 5.549135949e-06 3.4278389194e-06 2.0896247861e-06 1.2572619426e-06 7.4694372643e-07 4.3884355705e-07 2.5624586897e-07 1.5110863671e-07 
9.4358647118e-08 6.9644542577e-08 1.3441265878e-07 1.8246115019e-07 2.9306173133e-07 4.9877212405e-07 8.5796756366e-07 1.468228902e-06 2.4876908356e-06 
4.1678990783e-06 6.9033530963e-06 1.1305115549e-05 1.8308937797e-05 2.9332584745e-05 4.6502955229e-05 7.2982242273e-05 0.00011343459482 0.00017469203158 
0.00026670162333 0.00040386381443 0.00060689769452 0.00090537167853 0.0013409967069 0.0019716278184 0.0028756288812 0.0041557773948 0.0059412685223 
0.0083857644349 0.01165903639 0.015930360183 0.021346259862 0.028028694913 0.036229379475 0.047202061862 0.066731870174 0.11703743041 
0.27369725704 0.77723687887 0.28462541103 0.13851480186 0.098032273352 0.087309733033 0.083913132548 0.081921756268 0.080022715032 
0.077973589301 0.07572093606 0.073236048222 0.070505321026 0.067538194358 0.064367353916 0.061040189117 0.057608697563 0.054124221206 
0.050634883344 0.047181185335 0.043793018907 0.040490522981 0.037286553532 0.034188821912 0.031201517209 0.028326911852 0.025567037985 
0.022924372926 0.020401015878 0.017997888848 0.015717277303 0.013568703085 0.011571117677 0.0097462628037 0.0081095891073 0.0066663972102 
0.0054133408703 0.0043413708918 0.0034378392156 0.0026876931079 0.0020743231289 0.0015803885181 0.0011886149878 0.00088249484543 0.00064681511139 
0.00046799945994 0.00033427440212 0.00023569155019 0.000164041674 0.00011269817333 7.6421136328e-05 5.114760279e-05 3.3785814594e-05 2.2025440558e-05 
1.4170400391e-05 8.9969498731e-06 5.637103186e-06 3.4854674595e-06 2.1267737793e-06 1.280825245e-06 7.6165713381e-07 4.4790436959e-07 2.6178028634e-07 
1.5451935553e-07 9.6580926368e-08 7.1336707208e-08 1.3998989346e-07 1.8962545312e-07 3.0368366311e-07 5.1527604228e-07 8.8354448735e-07 1.506871854e-06 
2.5437882414e-06 4.2448668864e-06 7.000340247e-06 1.1410112165e-05 1.8385479052e-05 2.929555194e-05 4.6176544856e-05 7.2029804869e-05 0.00011124566663 
0.00017020675295 0.0002581467852 0.00038836835301 0.00057994795498 0.00086005800404 0.0012669825228 0.0018537376309 0.0026918812655 0.0038745899219 
0.0055174389854 0.0077547775581 0.01072945632 0.014574605972 0.019390406087 0.025236666203 0.032239958644 0.041221950203 0.056398682296 
0.095929779112 0.23153145611 0.71688878536 0.24149015546 0.11555854976 0.085132718086 0.078245915473 0.076527811587 0.075604587793 
0.074559763074 0.073239386082 0.071621708572 0.069701433182 0.067483142018 0.064987272024 0.062250632793 0.059321217239 0.056251078844 
0.053090713918 0.049885421991 0.046673011035 0.043482851237 0.040336549282 0.037249464542 0.034232318401 0.031292892992 0.028437715024 
0.025673625991 0.023008793592 0.020452929661 0.018016912043 0.015713004395 0.013555581681 0.01156068407 0.0097429864109 0.0081123188138 
0.0066720535979 0.005419428926 0.0043466431089 0.0034419670701 0.0026907890569 0.0020766276866 0.0015821290435 0.0011899642413 0.00088356999913 
0.00064769084565 0.00046872190433 0.00033487248584 0.00023618462728 0.00016444419452 0.00011302220082 7.6677672041e-05 5.13469422e-05 3.3937656553e-05 
2.2138725399e-05 1.4253138033e-05 9.0560915851e-06 5.6784756453e-06 3.5137950363e-06 2.1457626644e-06 1.2932938489e-06 7.6968564144e-07 4.5298580176e-07 
2.6496215355e-07 1.5652599927e-07 9.791631328e-08 7.2368720794e-08 1.4465230436e-07 1.9559342945e-07 3.124853265e-07 5.2886809954e-07 9.0445740852e-07 
1.538184506e-06 2.5887006814e-06 4.3054160415e-06 7.0744426921e-06 1.1485529285e-05 1.8428372641e-05 2.9229937354e-05 4.5849028538e-05 7.1151342127e-05 
0.00010929875134 0.00016630245955 0.0002508116595 0.00037523708306 0.00055733229965 0.00082235847367 0.0012058998691 0.0017572219949 0.002542728791 
0.0036485460587 0.0051806340925 0.0072603323497 0.010013258085 0.013550580479 0.017944831401 0.023212036118 0.029346141964 0.03656854853 
0.046301651746 0.064284913242 0.10748531669 0.19479124248 0.11686305702 0.082807309926 0.07350191474 0.071750573814 0.071602299809 
0.071460105479 0.070984378457 0.070132300258 0.06891091913 0.067334316671 0.065424740314 0.063216254115 0.060753703117 0.058088030666 
0.055270623416 0.052348807454 0.049363095313 0.046346120536 0.04332292825 0.040312137455 0.037327695638 0.034380704165 0.031481176615 
0.028639527038 0.025867704302 0.023179756477 0.020591767505 0.018121208996 0.015786122531 0.013604262844 0.011591858231 0.0097618447617 
0.0081222485751 0.0066754422151 0.0054182540625 0.0043426239863 0.00343650789 0.0026849228889 0.0020710302051 0.0015771782491 0.0011858221842 
0.00088025390869 0.00064513366669 0.00046681490494 0.00033349444857 0.00023521897674 0.00016378815053 0.00011259070016 7.6403550338e-05 5.1179406e-05 
3.3839751268e-05 2.2084574084e-05 1.4225304767e-05 9.0433040896e-06 5.6737453633e-06 3.5130074139e-06 2.1466328235e-06 1.2946493371e-06 7.7099196005e-07 
4.5405070637e-07 2.6576077516e-07 1.571052195e-07 9.8346802702e-08 7.2725384825e-08 1.4820962235e-07 2.0012062407e-07 3.191039184e-07 5.3898236274e-07 
9.1982150252e-07 1.5608077319e-06 2.6203915695e-06 4.3465879571e-06 7.1215122261e-06 1.1525768059e-05 1.8430353521e-05 2.9126662412e-05 4.5509292249e-05 
7.0332825999e-05 0.00010757373821 0.00016294360103 0.00024462168221 0.00036430195905 0.00053867371753 0.00079145695781 0.0011560568819 0.0016787255881 
0.0024217874743 0.0034659507219 0.0049101435579 0.0068668406457 0.0094509720802 0.012761628255 0.016858320683 0.021738555282 0.027335671708 
0.033588111401 0.040696229786 0.04972775653 0.063265070319 0.080810457468 0.072470963001 0.067923627794 0.067443586886 0.068221181631 
0.068970926106 0.069307804108 0.069166615605 0.068562366068 0.067524552345 0.066089041531 0.064300239086 0.062210649252 0.05987713486 
0.057355571538 0.054696202278 0.051940694451 0.049121167511 0.046260938048 0.04337631911 0.040478918701 0.037578191608 0.034683652222 
0.031806658953 0.028961446136 0.026165513322 0.02343932353 0.020805450156 0.018287301064 0.01590770483 0.013687471859 0.011644030921 
0.0097901625559 0.0081331199035 0.0066743185744 0.0054095974192 0.0043299058452 0.0034222593531 0.0026708452497 0.0020581511781 0.001566019957 
0.001176550868 0.00087281153537 0.00063933379715 0.00046241344535 0.00033023470314 0.00023285968928 0.0001621178817 0.00011143334268 7.5618299888e-05 
5.0657581596e-05 3.3500047721e-05 2.1867885152e-05 1.4089857359e-05 8.960314517e-06 5.6238991419e-06 3.4836509712e-06 2.129676659e-06 1.2850421172e-06 
7.6565015661e-07 4.5113324632e-07 2.6419064625e-07 1.5626201844e-07 9.7873382288e-08 7.2406187712e-08 1.5048279067e-07 2.0297413528e-07 3.2318669696e-07 
5.450547178e-07 9.2872744517e-07 1.5732892962e-06 2.636575573e-06 4.3648437895e-06 7.1361478149e-06 1.1522681234e-05 1.8379227186e-05 2.896744445e-05 
4.5129625505e-05 6.9531350164e-05 0.00010600198584 0.000160016265 0.00023938095546 0.00035521699465 0.00052335084183 0.00076623272616 0.0011154421372 
0.0016146798152 0.0023228174541 0.0033160829917 0.0046878918074 0.0065444195643 0.0089941825718 0.012130979449 0.016011798754 0.020634489134 
0.025924405083 0.031746551394 0.037967514247 0.044566567987 0.051628503948 0.058470323682 0.061073772609 0.063219979405 0.065349146724 
0.067131750286 0.068358778954 0.068975351751 0.068996362388 0.068461328745 0.067423313856 0.065947458148 0.064108259976 0.061983358115 
0.059646245092 0.057159926742 0.054573129863 0.051919408143 0.049218699336 0.046480499208 0.043707747012 0.040900960565 0.038061972708 
0.035196881741 0.032317772508 0.029443122447 0.026596985757 0.023807404563 0.021104408428 0.018517870456 0.016075503081 0.013801190071 
0.011713739485 0.0098259737715 0.0081443162635 0.0066688861698 0.0053940084763 0.0043091005646 0.0033997707069 0.0026490080636 0.0020383484662 
0.0015489275102 0.0011623589089 0.00086140068015 0.00063041067915 0.00045560687431 0.00032515983912 0.0002291558194 0.00015946896747 0.00010957550694 
7.4339724961e-05 4.9793718063e-05 3.2926782296e-05 2.1494115572e-05 1.3850319192e-05 8.8093675004e-06 5.5303330555e-06 3.4265783597e-06 2.095405307e-06 
1.2647727772e-06 7.5383400144e-07 4.4433264179e-07 2.6030761546e-07 1.5402801523e-07 9.6514874315e-08 7.1424480552e-08 1.5131904263e-07 2.0395221156e-07 
3.2442139286e-07 5.4657294868e-07 9.3032537052e-07 1.5742243704e-06 2.6349534892e-06 4.3564509724e-06 7.1123345151e-06 1.1466626347e-05 1.8259559511e-05 
2.8727592507e-05 4.4670396164e-05 6.8682973506e-05 0.00010447981913 0.00015735144552 0.00023481296375 0.00034752939246 0.00051062431885 0.00074548338307 
0.0010821128963 0.001561964862 0.0022408440709 0.0031910527032 0.0045014200732 0.0062735020183 0.0086124055088 0.011611745693 0.015334201045 
0.019791450351 0.024929024279 0.030622040853 0.036686882377 0.042905084789 0.049022391438 0.054641634226 0.059098832309 0.062763914466 
0.065741635859 0.068005613983 0.069526717067 0.0703022331 0.070357374847 0.069746337831 0.068551301956 0.066875942051 0.064833901823 
0.062535487115 0.060075961053 0.057527925819 0.05493862927 0.052331492305 0.049710609019 0.047066912055 0.044384818524 0.041648842394 
0.038849394768 0.035987064242 0.033074442297 0.030135439709 0.02720269002 0.024314077571 0.02150910534 0.018825476989 0.016296382993 
0.013948787935 0.011802539229 0.0098700234666 0.0081562558189 0.0066594057716 0.0053716544062 0.0042803175747 0.0033691199496 0.0026194734965 
0.0020116781816 0.0015259599313 0.0011433061445 0.00084608001634 0.00061841926072 0.00044644493028 0.00031831261003 0.00022414294654 0.00015586992959 
0.00010703936277 7.2584494774e-05 4.8600028094e-05 3.2128704333e-05 2.0969346224e-05 1.3510834833e-05 8.5932224465e-06 5.3948456298e-06 3.3429396353e-06 
2.0445409064e-06 1.2342862874e-06 7.3581338711e-07 4.3380978809e-07 2.5420689553e-07 1.504599112e-07 9.4306940923e-08 6.9806702641e-08 1.5060612668e-07 
2.0290372049e-07 3.2256718896e-07 5.4312931752e-07 9.2391428552e-07 1.5624099206e-06 2.6134671316e-06 4.3179111344e-06 7.04415379e-06 1.1347639884e-05 
1.8054644897e-05 2.8379205105e-05 4.4085241825e-05 6.7711131123e-05 0.00010288176418 0.00015474573593 0.00023059255909 0.00034072823473 0.00049970723921 
0.00072802469367 0.0010543294484 0.0015180882765 0.0021723685786 0.0030860183761 0.0043440600857 0.0060448539443 0.0082927653566 0.011186092161 
0.014801622368 0.019178686664 0.024305136874 0.030104620382 0.036421269178 0.043001264334 0.049485445023 0.055448759347 0.060537405312 
0.064723439515 0.068064600229 0.070587359369 0.072274841368 0.073103174567 0.073081366718 0.072271831334 0.070788651705 0.068780779839 
0.066408641636 0.06382188946 0.061142425984 0.058455251157 0.055806804448 0.053208958358 0.050646565855 0.048086687922 0.045488592237 
0.042813956738 0.040036376566 0.037148222327 0.034162960947 0.031112613156 0.028042232618 0.025003697723 0.022049861029 0.019229022786 
0.01658100076 0.014135577716 0.011912624352 0.0099228527397 0.0081686899066 0.006645326037 0.0053419303149 0.0042430199683 0.0033298837952 
0.002581939334 0.0019779452123 0.0014970045304 0.0011193405371 0.00082683860091 0.00060337298783 0.00043495345744 0.00030972337117 0.0002178507566 
0.00015134723799 0.00010384697816 7.0370166213e-05 4.7089924919e-05 3.1115705497e-05 2.0300676624e-05 1.3076361938e-05 8.3152572188e-06 5.2196942306e-06 
3.2342086342e-06 1.9780252387e-06 1.1941747289e-06 7.1195341889e-07 4.1978643139e-07 2.4602178428e-07 1.4563849504e-07 9.1301281202e-08 6.7591663822e-08 
1.4828466988e-07 1.9974471854e-07 3.1748180618e-07 5.3446677839e-07 9.0902346983e-07 1.5369835182e-06 2.570546485e-06 4.2463857426e-06 6.9265129241e-06 
1.115665691e-05 1.7748518076e-05 2.7894458981e-05 4.33262976e-05 6.6534703365e-05 0.00010107275739 0.00015197882021 0.00022636905487 0.00033427096787 
0.00048978772247 0.00071268848842 0.0010304872412 0.0014809604036 0.0021148414817 0.002998104319 0.0042128935456 0.0058560105972 0.0080341743305 
0.010856380686 0.014425017871 0.018827641383 0.024127362296 0.030340436846 0.037380985916 0.044965960085 0.052535407245 0.059339404106 
0.064825505018 0.06905310601 0.072310656309 0.074761487544 0.076391391456 0.077117227018 0.076897151768 0.075781069696 0.073906831443 
0.071468308568 0.068675987422 0.065722860396 0.062761299312 0.059891570359 0.057160984725 0.054569557309 0.052079662681 0.049627766013 
0.047138106078 0.044538680464 0.041777629405 0.03883542493 0.035728052258 0.032500769943 0.029217582196 0.025951739401 0.022777166218 
0.019758719951 0.016945270821 0.014368569478 0.012046066113 0.009984113276 0.0081802969798 0.0066251070239 0.0053034364246 0.0041960808448 
0.0032812275458 0.0025358304847 0.0019367809873 0.0014618471032 0.0010903548682 0.00080363766756 0.0005852743634 0.00042115655378 0.0002994252427 
0.00021031354845 0.00014593213564 0.00010002479394 6.7717926868e-05 4.5279673941e-05 2.9899869332e-05 1.9496817913e-05 1.2553021406e-05 7.9796682257e-06 
5.0076869229e-06 3.1022289022e-06 1.8970453084e-06 1.1451865021e-06 6.8271765485e-07 4.0254556666e-07 2.3592340881e-07 1.3966791812e-07 8.7564899331e-08 
6.4829933422e-08 1.4435647699e-07 1.944704735e-07 3.091413987e-07 5.2051541388e-07 8.8547818677e-07 1.4975443037e-06 2.5053232093e-06 4.1400680857e-06 
6.7557871262e-06 1.0886622476e-05 1.7327807655e-05 2.7248670449e-05 4.2349132855e-05 6.5075670136e-05 9.8919386801e-05 0.00014882883988 0.00022178447398 
0.00032759929309 0.00048002778203 0.00069827167317 0.0010089459829 0.0014484823914 0.0020657838322 0.0029246991035 0.0041056773625 0.0057060248218 
0.0078388461843 0.010632252321 0.01423189044 0.018808428198 0.024561511353 0.031688537449 0.0402597785 0.049955103546 0.059756584466 
0.068004973233 0.073429256678 0.076681278646 0.078853771091 0.080498404801 0.081611119211 0.081967666745 0.081393927336 0.079873636365 
0.077540494502 0.074621059 0.071371726692 0.06802880764 0.064777113497 0.061735704541 0.058956187218 0.056428223848 0.054088566452 
0.05183308199 0.049534536898 0.047068469226 0.044343277812 0.041322790086 0.038029689342 0.034530837089 0.03091862984 0.027299897745 
0.023785224184 0.020469669253 0.01741703786 0.014659276232 0.012205826119 0.010052914731 0.008188828826 0.0065963431261 0.0052541061305 
0.0041379155591 0.0032220343128 0.0024804151617 0.001887745806 0.0014202517923 0.0010562466923 0.00077645713463 0.00056414824212 0.00040510014514 
0.00028747008764 0.00020158097323 0.00013966789993 9.5608287666e-05 6.4655556343e-05 4.3190266297e-05 2.8496562663e-05 1.8568727683e-05 1.1948433894e-05 
7.5916441347e-06 4.762284334e-06 2.9492600788e-06 1.803049031e-06 1.088233148e-06 6.4867077754e-07 3.8243146605e-07 2.2411971656e-07 1.3267488441e-07 
8.3179358512e-08 6.1582980493e-08 1.3888846695e-07 1.8716130512e-07 2.9765195109e-07 5.0141380825e-07 8.5344174749e-07 1.4442340444e-06 2.4177825253e-06 
3.9984720388e-06 6.530342489e-06 1.0533412933e-05 1.6783364117e-05 2.6423043892e-05 4.1117215005e-05 6.3266234065e-05 9.6300536825e-05 0.00014508725144 
0.00021649204427 0.00032015677425 0.00046956745791 0.0006834967644 0.00098788784817 0.0014181856532 0.0020220095757 0.0028619191144 0.0040180054493 
0.0055904751644 0.0077037694864 0.010516346432 0.014242859557 0.019192896783 0.025811694562 0.034659616649 0.04619243741 0.060167305171 
0.074698157609 0.085795879364 0.089750893414 0.089519582689 0.088421441615 0.087809696794 0.087580032647 0.087142691016 0.086014069617 
0.084005430341 0.081190675497 0.077801816165 0.0741282776 0.070444718003 0.066969305277 0.063844904304 0.061134580523 0.058822236955 
0.05681540072 0.054952606559 0.053025849164 0.05082526803 0.048196896911 0.045083712786 0.041524279863 0.037617854774 0.033494640142 
0.029312957078 0.025251103565 0.021464983001 0.018047913909 0.015028974041 0.012397849932 0.010128603317 0.008191453293 0.0065559740178 
0.0051913824864 0.0040666474961 0.003151049139 0.002414928982 0.0018304259283 0.0013720374554 0.0010169785237 0.00074533803854 0.00054007279687 
0.00038687326014 0.00027394338395 0.00019172771135 0.00013261607091 9.0645786258e-05 6.1219754571e-05 4.0848753997e-05 2.6925230486e-05 1.7530051991e-05 
1.1271979929e-05 7.1574991125e-06 4.4876560423e-06 2.7780074561e-06 1.6977598989e-06 1.0243941233e-06 6.104772865e-07 3.5984777469e-07 2.1085381263e-07 
1.2480705891e-07 7.8239430934e-08 5.7922221686e-08 1.320112375e-07 1.7798176088e-07 2.8324990353e-07 4.7751450438e-07 8.1343051761e-07 1.3777720369e-06 
2.3088446142e-06 3.8225989556e-06 6.2508843257e-06 1.0096513506e-05 1.6111491277e-05 2.5406890927e-05 3.9605827624e-05 6.1055208789e-05 9.3117712822e-05 
0.00014057423687 0.00021017798281 0.00031141680665 0.0004575541825 0.0006670296425 0.0009652916342 0.0013870990369 0.0019792669918 0.0028038073797 
0.0039416518994 0.0054981228895 0.0076138759032 0.010489808396 0.014440122992 0.019987087697 0.027985811234 0.039686635137 0.056477006525 
0.078809805214 0.10375508666 0.12183449417 0.12004260719 0.11047217995 0.10186400265 0.09657138586 0.093778759241 0.091988548636 
0.090082019567 0.087531015277 0.084269084036 0.080494396389 0.076509609818 0.072619706392 0.069077566266 0.066059447825 0.063653275371 
0.061846956611 0.060513153672 0.059402838349 0.058174267411 0.056476335973 0.054061371833 0.050855409354 0.046932861209 0.042433891445 
0.037525143474 0.032438080758 0.027476660907 0.022920941934 0.018926098943 0.015514347702 0.012633236125 0.010211565532 0.008185070008 
0.0065004760399 0.0051123825833 0.0039802547544 0.0030670089182 0.0023386806715 0.001764518558 0.0013171433238 0.00097262300551 0.00071041600313 
0.00051320204511 0.00036662360071 0.0002589742362 0.00018086013733 0.00012486030755 8.5201092588e-05 5.7457698858e-05 3.828917761e-05 2.5209876185e-05 
1.639738548e-05 1.0534903595e-05 6.6847151174e-06 4.1886933104e-06 2.5916142476e-06 1.5831652718e-06 9.5490554486e-07 5.6889473399e-07 3.3525219578e-07 
1.9640017968e-07 1.162304315e-07 7.2851356947e-08 5.3927472266e-08 1.2391268456e-07 1.6717289952e-07 2.6629189165e-07 4.4937010557e-07 7.6629851264e-07 
1.2994439658e-06 2.1803682557e-06 3.6149915559e-06 5.9206013248e-06 9.5793720902e-06 1.5314742996e-05 2.4199194741e-05 3.7804973545e-05 5.8413410443e-05 
8.9304259745e-05 0.00013515455066 0.0002025871072 0.00030092260567 0.00044320308371 0.00064756680513 0.00093905359972 0.001351905521 0.001932417741 
0.0027424856089 0.0038645174354 0.0054100281559 0.007538353093 0.010499930009 0.014730134048 0.021027607843 0.030833750963 0.046542476863 
0.071524366736 0.10894460976 0.15703120828 0.19620460272 0.1744043082 0.14241364598 0.11920629442 0.10603433102 0.099356986582 
0.095706269145 0.092867329717 0.089786954224 0.08618144691 0.082178458571 0.078074656427 0.07419846952 0.070843368769 0.068236656487 
0.066515162587 0.065686993301 0.065578095615 0.065795406699 0.065769553185 0.064919106662 0.062871165574 0.059570234269 0.055173188448 
0.049857288599 0.043787553906 0.037285685539 0.030877824873 0.025081265718 0.020173434168 0.016165973619 0.01292749308 0.010302885436 
0.0081662498415 0.0064259329811 0.0050140251406 0.0038767002989 0.002968759276 0.0022511465941 0.0016899021575 0.0012556763832 0.00092339707771 
0.00067194312578 0.00048378008069 0.00034456598223 0.00024274036696 0.00016911882267 0.00011650819215 7.935402391e-05 5.342723307e-05 3.5552526242e-05 
2.3378979677e-05 1.5190132217e-05 9.7502033896e-06 6.1818532231e-06 3.8709431465e-06 2.3936149773e-06 1.4614830661e-06 8.8113790753e-07 5.2475752454e-07 
3.0914668514e-07 1.8105838251e-07 1.0712553689e-07 6.7130230264e-08 4.9685006331e-08 1.1482703854e-07 1.550386628e-07 2.4723547654e-07 4.1770525172e-07 
7.1319561812e-07 1.2110434682e-06 2.0350764771e-06 3.3796416119e-06 5.5451027947e-06 8.9894247139e-06 1.440215874e-05 2.2809392249e-05 3.5721222957e-05 
5.5337473896e-05 8.4832994617e-05 0.00012875167886 0.00019354879623 0.00028833336546 0.00042587789358 0.00062397459988 0.00090722274035 0.0013093361631 
0.0018760865787 0.0026691905223 0.0037722010165 0.0053017186001 0.0074328170158 0.010458927602 0.014925279655 0.021898249164 0.033449079841 
0.053419575095 0.088455609977 0.14884661138 0.24551264942 0.36291080713 0.26455798745 0.18401761353 0.13749094307 0.1140485853 
0.10295610875 0.097388371825 0.093686111271 0.090205453336 0.086434684694 0.082423426211 0.078455261886 0.074882671237 0.072054505348 
0.070279613137 0.069781348109 0.070610187948 0.072517417371 0.074861623347 0.076685294509 0.077045291662 0.075439400971 0.071953982115 
0.066945046186 0.060596097261 0.052940413356 0.044385530055 0.035818479955 0.028158763424 0.021894713864 0.017025310546 0.013291197829 
0.010400971398 0.0081301713362 0.0063278172165 0.0048930761404 0.0037540481426 0.0028553598095 0.0021520475857 0.0016066879034 0.0011879439699 
0.00086968019605 0.00063029624289 0.00045214404236 0.00032098250813 0.00022546711261 0.00015667728439 0.00010768936772 7.3199145845e-05 4.9195776228e-05 
3.2685918995e-05 2.1464846213e-05 1.3930081877e-05 8.9323239081e-06 5.6583376136e-06 3.5404591472e-06 2.1878422558e-06 1.3351022972e-06 8.0455890838e-07 
4.7895520083e-07 2.8206343927e-07 1.6514476897e-07 9.7682224975e-08 6.1196665513e-08 4.528497044e-08 1.0502100167e-07 1.4192788456e-07 2.2661251364e-07 
3.8337472574e-07 6.5550335648e-07 1.1147739087e-06 1.8764120568e-06 3.1217975902e-06 5.1321603678e-06 8.337795407e-06 1.3389008927e-05 2.1257292246e-05 
3.337823e-05 5.1851759054e-05 7.972100866e-05 0.00012135857833 0.00018299880321 0.00027346733259 0.00040517334128 0.00059544283431 0.00086828268832 
0.0012566752266 0.0018055550754 0.0025758570991 0.0036508727353 0.0051486627199 0.0072504323907 0.010267687961 0.014793644659 0.022018263116 
0.0343365632 0.056498106569 0.098007135093 0.17936050892 0.35474562645 0.81925225258 0.38002714515 0.21872605383 0.14833034575 
0.11687298864 0.10290677845 0.096216104925 0.092056274414 0.088439136744 0.084741085768 0.08097551018 0.077426090837 0.074481971562 
0.072574369609 0.072138778865 0.073536366224 0.076882570982 0.081793747842 0.087199002504 0.091494008899 0.093195542693 0.091748587787 
0.087703160942 0.081898935139 0.074440978467 0.064874827862 0.053666006774 0.042244642973 0.032114442438 0.024062521756 0.018072187901 
0.013708771206 0.010493886657 0.0080681946129 0.0062003950588 0.0047461199574 0.0036105648614 0.0027261851355 0.0020414211322 0.0015152608976 
0.0011144730961 0.00081201753346 0.00058597483439 0.0004187184386 0.00029621622525 0.00020742115157 0.00014373662998 9.8551601695e-05 6.6842549131e-05 
4.4837986934e-05 2.9740926038e-05 1.9502513169e-05 1.2640630302e-05 8.0966519818e-06 5.1241340771e-06 3.2035998174e-06 1.9782942218e-06 1.2065009969e-06 
7.2668348139e-07 4.3240115133e-07 2.5454679076e-07 1.4898174072e-07 8.8093294437e-08 5.517273749e-08 4.0818438407e-08 9.4777611537e-08 1.2821347184e-07 
2.0499732045e-07 3.4731294818e-07 5.9475308944e-07 1.0131197996e-06 1.7083388002e-06 2.8476615626e-06 4.6912728067e-06 7.6386877481e-06 1.2295972738e-05 
1.9572104065e-05 3.081574323e-05 4.8007786972e-05 7.4030584074e-05 0.0001130419696 0.00017099191609 0.00025633157929 0.00038097807555 0.00056161225075 
0.00082139822189 0.0011922257254 0.0017176307738 0.0024567639921 0.003490552539 0.004933451768 0.0069596567191 0.0098638860509 0.014195444994 
0.021027972922 0.032447148114 0.052348498255 0.087634563446 0.14963059127 0.25224894285 0.38450396061 0.30451771617 0.20459872484 
0.14222188294 0.11188816279 0.098364196718 0.091906003654 0.087888732553 0.084462031722 0.081085592508 0.077808484435 0.074942171574 
0.072935156524 0.072338014841 0.073769107461 0.077786326408 0.084583893418 0.093537151814 0.10286862403 0.10995160788 0.112538822 
0.11024517566 0.10476816446 0.098051808774 0.089874573052 0.078327462077 0.064059503376 0.049364779145 0.036449842155 0.026404293254 
0.019171724096 0.014116507024 0.010551303625 0.0079653551802 0.0060361498035 0.0045695714653 0.0034448495135 0.0025810394436 0.0019196911016 
0.0014163109008 0.0010360160377 0.00075111543993 0.00053958868375 0.00038400178892 0.00027065855102 0.00018890020147 0.00013051732094 8.9254492195e-05 
6.0397404013e-05 4.0432660171e-05 2.6771453122e-05 1.7528249373e-05 1.1345812709e-05 7.2588736657e-06 4.5893343668e-06 2.8667675451e-06 1.768974812e-06 
1.078149694e-06 6.4901479391e-07 3.8599833374e-07 2.2713309988e-07 1.3288580192e-07 7.8547479632e-08 4.9177618422e-08 3.6374132151e-08 8.4379905729e-08 
1.142707049e-07 1.829735794e-07 3.1047974858e-07 5.3253705801e-07 9.0870065605e-07 1.5351073444e-06 2.5640190415e-06 4.2330893848e-06 6.9085190262e-06 
1.114789211e-05 1.7790662241e-05 2.8087188184e-05 4.388117668e-05 6.7865657911e-05 0.00010393970297 0.00015770217578 0.00023713012342 0.0003535025171 
0.00052264274564 0.0007665635203 0.0011156101245 0.0016112284502 0.0023096445948 0.0032873004675 0.0046505425125 0.0065560112707 0.009255872108 
0.013193256222 0.019182326272 0.028700139374 0.044285271317 0.070016972721 0.11204855144 0.17823922634 0.26904177666 0.33762517571 
0.21335051954 0.13664218783 0.10358428955 0.090711534023 0.085064195096 0.081576108932 0.07858697325 0.07572453469 0.073118016124 
0.071129821241 0.070291653275 0.071311920881 0.075047455728 0.082308493555 0.093370653689 0.10723263025 0.12107513845 0.1307952106 
0.13312777877 0.12825717032 0.12023575604 0.1132773459 0.10600842535 0.092268377542 0.074200607836 0.05594323203 0.040322702378 
0.028445996344 0.020089322701 0.014406999573 0.010525727645 0.0078008351848 0.0058261505328 0.0043599810451 0.0032560541295 0.0024202901404 
0.0017877324717 0.0013108543353 0.00095354719087 0.00068782409653 0.00049183779629 0.00034854735713 0.00024473282974 0.00017021977692 0.00011724921205 
7.996209024e-05 5.3978699725e-05 3.6058987462e-05 2.3831193175e-05 1.5577907106e-05 1.0069213204e-05 6.434288025e-06 4.0637228267e-06 2.5361350708e-06 
1.5637259594e-06 9.5240773135e-07 5.7298342426e-07 3.4060298049e-07 2.0032935311e-07 1.1715531656e-07 6.9222210186e-08 4.3323090892e-08 3.2035103459e-08 
7.4095588332e-08 1.0045683041e-07 1.6110193712e-07 2.7380667689e-07 4.7041837092e-07 8.0412212355e-07 1.3610084579e-06 2.2778406219e-06 3.7687698295e-06 
6.1649052441e-06 9.9721683e-06 1.5954970877e-05 2.525601667e-05 3.9566293708e-05 6.1364320572e-05 9.4250302936e-05 0.00014340941561 0.00021624876535 
0.00032326433575 0.00047920626821 0.0007046184619 0.0010278330883 0.0014875141205 0.00213591801 0.0030433675274 0.0043054027483 0.0060564270243 
0.0084979310632 0.011954611167 0.01697262004 0.024464290589 0.035909645259 0.053836625069 0.083828672767 0.14225886762 0.28362444043 
0.71338063478 0.26968824863 0.13524262607 0.094008028507 0.08133456111 0.076613873243 0.073793046176 0.071357503533 0.069107659161 
0.067259632051 0.066235281527 0.066664077342 0.069437600672 0.075689472258 0.086523666978 0.10230793059 0.12157975882 0.14023461938 
0.15232042968 0.15332190692 0.14449822903 0.13405002654 0.13048058748 0.12899772823 0.11032933742 0.084793955088 0.061446230859 
0.043088771403 0.02976026386 0.020596329123 0.014470162801 0.010367196985 0.0075530852191 0.0055619245395 0.0041148047894 0.0030442336574 
0.0022450254764 0.0016469308175 0.001200241968 0.00086824625032 0.00062311271904 0.00044348687516 0.00031293995562 0.00021887547337 0.00015169853577 
0.00010416059376 7.0835070801e-05 4.7697689297e-05 3.179282794e-05 2.0971101549e-05 1.3685227714e-05 8.8328770289e-06 5.637103186e-06 3.5563366509e-06 
2.2173744583e-06 1.3660629747e-06 8.3142600715e-07 4.9988835826e-07 2.9699029369e-07 1.7459301205e-07 1.0205889822e-07 6.0276825309e-08 3.7709309453e-08 
2.7875678654e-08 6.4163877767e-08 8.7093305012e-08 1.3989168224e-07 2.3814862971e-07 4.0984772909e-07 7.0183199341e-07 1.1901294101e-06 1.9958702069e-06 
3.3093108414e-06 5.4255542636e-06 8.7969820015e-06 1.4109358744e-05 2.2391155653e-05 3.516913057e-05 5.4687749071e-05 8.4216204414e-05 0.00012847424659 
0.00019421751495 0.00029103370616 0.00043240986997 0.0006371375639 0.00093112146715 0.0013496482279 0.001940186834 0.0027659160551 0.0039106165059 
0.0054866862483 0.0076499516144 0.010626671836 0.014756047167 0.020542621613 0.028720328584 0.04048121348 0.058593340218 0.09082172066 
0.15320749581 0.24714806676 0.15393358469 0.098549060524 0.077303826809 0.070219114423 0.067282661796 0.065245844424 0.063389763236 
0.061760295182 0.060656715184 0.060554787517 0.062178246677 0.066599011421 0.075229592621 0.089488118887 0.1098915413 0.13461638987 
0.15837104619 0.17334158719 0.17363698781 0.16195346415 0.15293249488 0.16363118589 0.18304400146 0.14630013704 0.10099326819 
0.067078761756 0.044764623046 0.030175538734 0.020562011749 0.014231555164 0.010038530454 0.0072058173828 0.0052378601395 0.0038333982229 
0.0028107538819 0.0020572042558 0.0014992186334 0.0010861457558 0.00078146799933 0.00055803672876 0.00039533470408 0.00027777109062 0.00019351634546 
0.00013364369806 9.1467547463e-05 6.2023231294e-05 4.1656734538e-05 2.7703179512e-05 1.8237073164e-05 1.1880348211e-05 7.6563383118e-06 4.8798233365e-06 
3.0750827591e-06 1.9154242636e-06 1.1790316421e-06 7.1705994742e-07 4.3084628487e-07 2.5582446028e-07 1.5031523048e-07 8.7825533512e-08 5.184687879e-08 
3.2421297647e-08 2.3958834916e-08 5.4785601833e-08 7.445194683e-08 1.1977805059e-07 2.0424455727e-07 3.5209393445e-07 6.0399918311e-07 1.0261435364e-06 
1.7242628019e-06 2.8649128581e-06 4.7071976041e-06 7.6494943642e-06 1.2297477042e-05 1.9562090529e-05 3.0799241358e-05 4.8007164878e-05 7.410262333e-05 
0.00011330398411 0.00017165720055 0.00025774937239 0.00038366232184 0.00056622206466 0.00082859408576 0.0012022542069 0.0017293364508 0.0024653589353 
0.0034824421164 0.0048735011369 0.0067585362121 0.0092943292111 0.012686604634 0.017197094858 0.023137604818 0.03090310283 0.041300363839 
0.056457743049 0.079387553036 0.10287564993 0.084866538644 0.069120913744 0.062172602862 0.059498649091 0.0579764992 0.056588731706 
0.055248916149 0.054174736142 0.053714353591 0.054376155138 0.056951191276 0.062649801373 0.073115065694 0.090067781508 0.11429334432 
0.14397361875 0.17324945331 0.19301341474 0.19598276913 0.18592132628 0.18632939458 0.2353117615 0.33582159877 0.22322323918 
0.12989367545 0.074797675014 0.045743461698 0.029699774459 0.019936112687 0.013651957735 0.0095185991377 0.0067508425564 0.0048529063351 
0.0035178407561 0.0025586206466 0.0018597474555 0.0013470656704 0.00097051641205 0.00069469510345 0.00049369386397 0.00034817977576 0.00024361284159 
0.00016905964003 0.00011633720715 7.9364435805e-05 5.3658910474e-05 3.5944878618e-05 2.3849263016e-05 1.5668036212e-05 1.0188564374e-05 6.5558492679e-06 
4.1727712414e-06 2.6264399366e-06 1.6343054767e-06 1.0050995343e-06 6.108058983e-07 3.6675422166e-07 2.1763715097e-07 1.2780789405e-07 7.4637362957e-08 
4.4039889957e-08 2.7526331436e-08 2.0334335105e-08 4.6116799268e-08 6.2746025264e-08 1.0110687754e-07 1.7268938279e-07 2.9819261727e-07 5.1241960364e-07 
8.7213896904e-07 1.468277901e-06 2.4444461815e-06 4.0246482058e-06 6.55420763e-06 1.0559484508e-05 1.6834039343e-05 2.6561665436e-05 4.149027518e-05 
6.417518307e-05 9.8316086223e-05 0.0001492187148 0.00022441887995 0.00033451273339 0.00049423833843 0.00072384387022 0.0010507543338 0.0015114991693 
0.0021538008004 0.0030386713333 0.0042423764244 0.0058581675403 0.0079974466935 0.010788535699 0.014367536642 0.018853688613 0.024319849908 
0.030832577497 0.038629949093 0.047840505838 0.055760279298 0.054309979081 0.05182357505 0.050626318902 0.049964983016 0.049211177975 
0.048281896859 0.047363545746 0.046738963574 0.046764858067 0.047951199114 0.051108084619 0.05750413239 0.068909160793 0.087280407548 
0.11379210651 0.14715154469 0.18193675578 0.20881156623 0.21906207502 0.21536538005 0.22964382172 0.35424387455 0.83909213543 
0.34930938482 0.16541999578 0.082635588944 0.045653972775 0.02827568166 0.018700238317 0.01272068359 0.0088040968403 0.0061904499307 
0.0044120051898 0.0031735566445 0.0022926556412 0.0016565235564 0.0011934052454 0.00085550546646 0.00060947122984 0.00043117589667 0.00030278481427 
0.00021099259902 0.00014586668112 0.00010002433555 6.8016110163e-05 4.5851898903e-05 3.0634564609e-05 2.0278408556e-05 1.3294611563e-05 8.6294976427e-06 
5.5438576965e-06 3.5237633256e-06 2.2152698875e-06 1.3770098803e-06 8.4608808493e-07 5.1376139254e-07 3.0826618058e-07 1.828139915e-07 1.0729635136e-07 
6.2625424846e-08 3.6932945591e-08 2.3072493249e-08 1.7037656619e-08 3.826607653e-08 5.2126004846e-08 8.4126639877e-08 1.4391845582e-07 2.4891556905e-07 
4.2845704229e-07 7.3050586025e-07 1.2320665519e-06 2.055050345e-06 3.3900694234e-06 5.5316500038e-06 8.9296945589e-06 1.4263844605e-05 2.2549689675e-05 
3.52888419e-05 5.4678635934e-05 8.3901977632e-05 0.00012752294424 0.00019201938994 0.00028648707666 0.00042355066398 0.000620504783 0.00090068537975 
0.00129501638 0.0018435957609 0.0025970730931 0.0036174433772 0.0049777263775 0.0067597175948 0.0090482495725 0.011918869801 0.015414936468 
0.019515797496 0.024118261412 0.029060067609 0.03406983614 0.038286942989 0.040143698454 0.041034065187 0.041517157108 0.041562959552 
0.041196901351 0.040594734251 0.040006928146 0.03971453011 0.040051873773 0.041497338563 0.044820796698 0.051246035844 0.062521852553 
0.080696858466 0.10732901841 0.14201667905 0.18069975078 0.21506628394 0.23523135483 0.23824684322 0.24471972883 0.33488276601 
0.77727437019 0.31931948662 0.15702098608 0.078316181898 0.041994150728 0.025547480211 0.016852669418 0.011466069147 0.0079168444499 
0.0055407108739 0.0039272620343 0.0028095566668 0.0020194007084 0.0014521789271 0.0010414805729 0.00074334669625 0.00052731990581 0.00037151237484 
0.0002598403662 0.00018037014524 0.00012424131273 8.4904364485e-05 5.7552362705e-05 3.8686044718e-05 2.5779536372e-05 1.7024813133e-05 1.1138396985e-05 
7.2166772043e-06 4.6287709665e-06 2.937983254e-06 1.8447407228e-06 1.1454576452e-06 7.031505902e-07 4.2661275756e-07 2.5578694363e-07 1.5159147893e-07 
8.8917637697e-08 5.1868841666e-08 3.0572255838e-08 1.9088410852e-08 1.4089818201e-08 3.1295478209e-08 4.2680191825e-08 6.8988121882e-08 1.1820466028e-07 
2.0476163343e-07 3.5301889056e-07 6.0288135728e-07 1.0185522115e-06 1.7018934386e-06 2.8125000426e-06 4.5974547902e-06 7.4348736234e-06 1.1896833712e-05 
1.8839262339e-05 2.9528800951e-05 4.5819691877e-05 7.0397523814e-05 0.00010711040522 0.00016141236119 0.00024094546097 0.0003562863858 0.00052187190158 
0.0007570956368 0.0010875167791 0.0015460476279 0.0021738614887 0.003020619275 0.0041434173472 0.0056036477908 0.0074606416747 0.0097605651245 
0.012519147247 0.015699340031 0.019192483276 0.022817907855 0.026330880821 0.029382435605 0.031571820378 0.033036511391 0.033873852342 
0.034152906388 0.034012552351 0.033657286316 0.033320929855 0.033251821995 0.033742118627 0.035210259259 0.038331508636 0.044185440987 
0.054340433329 0.070722170174 0.095058448613 0.12777209282 0.16652116179 0.20518510044 0.23497001827 0.24995066226 0.2562084794 
0.27124783397 0.2923476994 0.18664398789 0.1070850268 0.057586949319 0.033144049346 0.021301593632 0.014472179115 0.0099676111713 
0.0069068670273 0.0048319008201 0.003417509608 0.0024378569797 0.0017466407735 0.0012517933501 0.0008946134476 0.0006362098502 0.00044965179404 
0.00031561564538 0.00021993204427 0.00015211841674 0.0001044189994 7.1124653914e-05 4.8064575822e-05 3.2217580156e-05 2.1414098228e-05 1.4109227777e-05 
9.2118516477e-06 5.9575272644e-06 3.814981028e-06 2.4180130822e-06 1.5163606122e-06 9.405236483e-07 5.7679187648e-07 3.4964926954e-07 2.0948115775e-07 
1.2406266592e-07 7.27240419e-08 4.2396969491e-08 2.4974529111e-08 1.5584173951e-08 1.1498087815e-08 2.5224236921e-08 3.4439231911e-08 5.5750472683e-08 
9.5666415234e-08 1.6596634111e-07 2.8656671702e-07 4.9015375225e-07 8.2941608071e-07 1.3881028735e-06 2.2976644232e-06 3.7619427076e-06 6.0933243731e-06 
9.7649917734e-06 1.5485489712e-05 2.4303753889e-05 3.7755216908e-05 5.8062199969e-05 8.8404907729e-05 0.00013328169007 0.00019897821767 0.00029416350299 
0.00043061969336 0.00062409433303 0.0008952190401 0.0012703768443 0.0017822942464 0.0024700067006 0.0033776811324 0.0045516421087 0.0060348194093 
0.0078578945249 0.010026888922 0.012508496642 0.015217679553 0.018015462905 0.020721165463 0.023131510243 0.025061003864 0.026449369267 
0.027295874432 0.027661984786 0.027675466612 0.027509581298 0.027357384562 0.027423100546 0.027946598828 0.029269007966 0.031935937703 
0.03681524843 0.045172709972 0.05860054493 0.078658558428 0.10613173246 0.14001128078 0.17677718401 0.2115971297 0.24441677332 
0.2895988822 0.35071003437 0.22569087148 0.12853585184 0.069976724684 0.039345171303 0.024834673852 0.017092071474 0.012002782896 
0.0083861397579 0.0058491243981 0.0041041811928 0.0029056407511 0.002071965253 0.0014825433027 0.0010603907285 0.00075592601206 0.00053604040295 
0.00037767618778 0.00026423091185 0.0001835138246 0.00012650972349 8.6560263298e-05 5.8777972299e-05 3.960513277e-05 2.6475268896e-05 1.7553556972e-05 
1.1539477782e-05 7.5187581388e-06 4.8537367547e-06 3.1031440813e-06 1.9640315259e-06 1.2301114793e-06 7.6212700151e-07 4.6692514388e-07 2.8279890785e-07 
1.692955891e-07 1.0019095953e-07 5.8691497884e-08 3.4194396648e-08 2.0129917289e-08 1.2553197593e-08 9.2573788635e-09 2.0034777393e-08 2.7383753931e-08 
4.4392393761e-08 7.6284905504e-08 1.3252846998e-07 2.2915484976e-07 3.9251781914e-07 6.6516906827e-07 1.1148530348e-06 1.8480579911e-06 3.0301339393e-06 
4.9147542995e-06 7.8864668467e-06 1.2521342796e-05 1.9672186681e-05 3.0586656067e-05 4.706854088e-05 7.1694477811e-05 0.00010809990636 0.00016134814359 
0.00023839381174 0.00034864342888 0.00050459831255 0.00072253256803 0.001023107674 0.0014317445457 0.0019784772303 0.0026968910825 0.0036216557492 
0.0047841398045 0.006205751095 0.00788914226 0.0098084434867 0.011901361868 0.014067589305 0.016177333891 0.018089771271 0.019679730758 
0.020871892571 0.021647162735 0.02204731293 0.022168386728 0.022142453119 0.022118365392 0.022254932672 0.022737981752 0.023827239871 
0.025929750875 0.029682513326 0.036004360765 0.046047497541 0.060960050672 0.081408411264 0.10697582364 0.13605861366 0.16853995621 
0.21916164458 0.36654350162 0.74358278513 0.26952767372 0.11036818475 0.051141340286 0.028526287526 0.018974587321 0.013564310968 
0.0097049344331 0.0068526444957 0.0048157065175 0.0033978722058 0.0024143499322 0.0017248297809 0.0012346300064 0.00088241306366 0.00062806531787 
0.00044441624777 0.00031232464244 0.00021789815219 0.00015088988584 0.00010370858217 7.0748872531e-05 4.7903038649e-05 3.2188825571e-05 2.146209772e-05 
1.419572618e-05 9.3116605058e-06 6.0551442402e-06 3.901922355e-06 2.4906364615e-06 1.5741217112e-06 9.8465488918e-07 6.0936417867e-07 3.7295731659e-07 
2.2568170266e-07 1.3499202112e-07 7.9829739263e-08 4.6731187808e-08 2.7207834208e-08 1.6006204362e-08 9.9748884708e-09 7.3522214983e-09 1.5680036825e-08 
2.1453976373e-08 3.482677613e-08 5.9927629081e-08 1.0424803776e-07 1.8049132677e-07 3.0956994124e-07 5.2529787808e-07 8.8158134304e-07 1.463257945e-06 
2.4021951504e-06 3.9008523345e-06 6.2662825258e-06 9.9584949567e-06 1.5658224584e-05 2.4360475436e-05 3.7501580664e-05 5.7128774642e-05 8.6122076027e-05 
0.00012847778271 0.00018966008793 0.00027702035732 0.00040026873467 0.00057195936097 0.00080791057553 0.0011274245335 0.0015531019308 0.0021099636797 
0.0028235414065 0.0037165991962 0.0048043159768 0.0060881311074 0.0075491690077 0.0091430721804 0.01079890877 0.01242461428 0.013919602148 
0.015192671679 0.016181373969 0.016864556819 0.017267340794 0.017456058413 0.017525326461 0.017584122717 0.017749987543 0.018159305677 
0.018997576088 0.020546765998 0.023236662149 0.027672227472 0.034591276199 0.044697649777 0.058343593031 0.075150720775 0.094034053385 
0.11617435515 0.17372901738 0.52613258362 0.29465994239 0.14603938162 0.068642355502 0.034575741738 0.02088117972 0.014570759609 
0.010607040487 0.007653974928 0.005448423326 0.00386184128 0.002745838603 0.0019623271655 0.0014069919707 0.0010088864947 0.00072128372267 
0.00051298912149 0.00036244260264 0.00025420272141 0.00017693176051 0.00012220836652 8.377188351e-05 5.6994813349e-05 3.848828419e-05 2.5796454793e-05 
1.7158232367e-05 1.1323259969e-05 7.4118943303e-06 4.8105266615e-06 3.094496833e-06 1.9721474018e-06 1.2446705568e-06 7.7758937778e-07 4.8067283842e-07 
2.9389167366e-07 1.7767321481e-07 1.0618579438e-07 6.2745677099e-08 3.670348292e-08 2.1354345847e-08 1.2553664774e-08 7.8176913831e-09 5.7590492375e-09 
1.209140521e-08 1.6560237626e-08 2.6917090779e-08 4.6375394192e-08 8.0771151545e-08 1.4001221871e-07 2.4042930136e-07 4.0845964122e-07 6.8629583438e-07 
1.1404044926e-06 1.8741733356e-06 3.0464136671e-06 4.8980186875e-06 7.7897957453e-06 1.2255305592e-05 1.9073479052e-05 2.9366668969e-05 4.4730561058e-05 
6.7402601417e-05 0.0001004749065 0.00014815479517 0.00021607043163 0.00031160761137 0.0004442462232 0.00062583643012 0.0008707154775 0.0011955195805 
0.0016184923006 0.0021580650937 0.0028304983862 0.0036464969162 0.0046069938689 0.0056987358257 0.0068908715621 0.0081341955811 0.0093645695597 
0.010511136614 0.011508227326 0.012308321893 0.012892116793 0.013272912242 0.013493827544 0.013619391248 0.013725905679 0.013896545395 
0.014226535335 0.014840860851 0.015922153369 0.017739294097 0.020657964051 0.025104176253 0.031448353082 0.039797283709 0.049748055637 
0.060313005 0.070661701262 0.084441095591 0.12611155212 0.10564018786 0.067565359175 0.03817794472 0.02264932543 0.015202642418 
0.011026064865 0.0081004025415 0.0058786161244 0.0042211152613 0.0030229031108 0.0021698670462 0.0015621077036 0.0011254923884 0.00080923119094 
0.00057915935759 0.00041185354348 0.00029070526944 0.00020357417816 0.00014141923748 9.7466421721e-05 6.6656095441e-05 4.524142787e-05 3.0478160625e-05 
2.0379895432e-05 1.3524965652e-05 8.9065497377e-06 5.8183900364e-06 3.7693596369e-06 2.4206581202e-06 1.5403410316e-06 9.7079646366e-07 6.0572784832e-07 
3.7400880615e-07 2.2843883585e-07 1.379730179e-07 8.2387416001e-08 4.8643734374e-08 2.8432674881e-08 1.6530005809e-08 9.7102352825e-09 6.0423666071e-09 
4.4486241357e-09 9.1864897911e-09 1.2593408094e-08 2.0493915898e-08 3.5350065986e-08 6.1637223325e-08 1.0696102493e-07 1.8387062539e-07 3.1270153045e-07 
5.2593662758e-07 8.7478258592e-07 1.438930326e-06 2.340817673e-06 3.7661470742e-06 5.992921615e-06 9.4318602351e-06 1.4681669199e-05 2.2603215257e-05 
3.4417043935e-05 5.1828588767e-05 7.718463894e-05 0.00011366203398 0.00016548518033 0.00023816026805 0.00033870147308 0.00047580449609 0.00065989751602 
0.00090296857525 0.0012180387275 0.0016181360697 0.0021146449726 0.0027149929665 0.0034198213834 0.0042200768366 0.0050947768614 0.0060104955919 
0.006923507899 0.0077850348316 0.0085490066558 0.0091807115823 0.0096639525145 0.010004535317 0.010229047388 0.01037967205 0.010507744737 
0.010669762269 0.010929275304 0.011366195977 0.01209182851 0.013263345696 0.015085834078 0.017784798518 0.021531589329 0.026317412034 
0.031808525324 0.037282668054 0.041833918542 0.045114893466 0.048375032842 0.044771410525 0.032878320664 0.021982170641 0.015076717362 
0.010928425938 0.0081211579964 0.0060111233033 0.0043978840113 0.0031939800829 0.002315659076 0.0016803208273 0.0012196721509 0.00088364025578 
0.00063741445774 0.00045689751278 0.00032501271926 0.00022928373073 0.0001603787241 0.00011123934382 7.6526433986e-05 5.2230814617e-05 3.5376218875e-05 
2.3781372875e-05 1.5868285118e-05 1.0509170352e-05 6.9069078563e-06 4.5036672418e-06 2.912551281e-06 1.8674028297e-06 1.1865232636e-06 7.4678666806e-07 
4.6537789444e-07 2.8702257282e-07 1.7512618911e-07 1.0567152486e-07 6.3043088971e-08 3.7191217217e-08 2.172126834e-08 1.2618315282e-08 7.4065074074e-09 
4.605124726e-09 3.3883731376e-09 6.8761654148e-09 9.434470094e-09 1.5370288153e-08 2.6540682541e-08 4.6323872738e-08 8.0465866859e-08 1.3845566116e-07 
2.3568190954e-07 3.9674208097e-07 6.604307714e-07 1.0871387985e-06 1.7696504528e-06 2.8486465453e-06 4.5345796025e-06 7.13801046e-06 1.1110878404e-05 
1.7101538106e-05 2.60265424e-05 3.916186688e-05 5.8255569456e-05 8.566154429e-05 0.00012449079077 0.00017877020582 0.00025358999847 0.00035520730307 
0.00049105763901 0.00066960696131 0.00089995947201 0.0011911330512 0.0015509300865 0.0019843913615 0.0024919421412 0.0030675139278 0.0036971189547 
0.0043585132807 0.0050225299783 0.0056563755497 0.0062285782769 0.0067146010697 0.0071016792208 0.0073914402165 0.0075995181687 0.0077525037341 
0.0078837471083 0.0080302441493 0.0082327360287 0.0085399672389 0.0090160742402 0.0097472695634 0.010840832256 0.012407043949 0.014515555464 
0.017126090825 0.020013282076 0.022735191509 0.024718921632 0.025500826538 0.024952180684 0.02257408388 0.017974991351 0.013500977308 
0.010128419846 0.007672009524 0.0058000604622 0.0043398523703 0.0032152491622 0.0023686727509 0.0017410138389 0.0012777856318 0.00093532336177 
0.0006814719527 0.00049326830776 0.00035420246422 0.0002521117276 0.00017781455244 0.00012427716865 8.6094987637e-05 5.9140245867e-05 4.0296530642e-05 
2.724386286e-05 1.82802778e-05 1.2174668882e-05 8.0479730968e-06 5.2797813623e-06 3.4367369608e-06 2.2189205993e-06 1.4204931631e-06 9.0127355179e-07 
5.6650259239e-07 3.5259796505e-07 2.1721962185e-07 1.3239738905e-07 7.9811158571e-08 4.757155736e-08 2.8039892186e-08 1.6362976751e-08 9.4978398479e-09 
5.570259809e-09 3.4604734633e-09 2.5444959473e-09 5.070520892e-09 6.9626415744e-09 1.1354901908e-08 1.9626241965e-08 3.4286699702e-08 5.960863092e-08 
1.0265225825e-07 1.7487427328e-07 2.9459576467e-07 4.907208222e-07 8.0824634097e-07 1.3162924688e-06 2.1196037778e-06 3.3747351154e-06 5.3124017541e-06 
8.2677352111e-06 1.2720365703e-05 1.9346247427e-05 2.9082919355e-05 4.320896187e-05 6.3436986238e-05 9.2016518465e-05 0.00013183912961 0.00018653125153 
0.00026051266468 0.00035898663918 0.000487819314 0.00065325357718 0.0008614071412 0.0011175138643 0.0014249122469 0.0017838556087 0.0021903268062 
0.0026351541746 0.0031038033776 0.0035772104748 0.0040338169783 0.0044526574202 0.0048169149086 0.0051170815714 0.0053528156132 0.0055329510942 
0.0056737614796 0.0057962802239 0.0059239813127 0.0060820765793 0.0062990658917 0.0066099809483 0.0070591722615 0.0076988288201 0.008578418754 
0.009721330367 0.011090011336 0.012550989166 0.013864002191 0.014725546353 0.014876976609 0.014216597192 0.012773640454 0.010681299493 
0.0085630901158 0.0067428620532 0.0052495328709 0.004036734812 0.0030670287088 0.0023091668263 0.0017283589114 0.0012881577713 0.00095585198142 
0.00070525245974 0.00051659083692 0.00037515949225 0.00026988089667 0.00019223912386 0.000135587572 9.4714734587e-05 6.555597065e-05 4.4978583901e-05 
3.0604987842e-05 2.0660221708e-05 1.3840528482e-05 9.2026039056e-06 6.0732345446e-06 3.9777614802e-06 2.5851061309e-06 1.6665219391e-06 1.0653172922e-06 
6.7499894385e-07 4.2373270048e-07 2.6342061688e-07 1.6209997966e-07 9.8698059503e-08 5.9438232114e-08 3.5395384401e-08 2.0844513671e-08 1.2153654083e-08 
7.0485834947e-09 4.1302365972e-09 2.5635948919e-09 1.8837251758e-09 3.6834815198e-09 5.0617763314e-09 8.2626474551e-09 1.4294064599e-08 2.4991766878e-08 
4.3482110357e-08 7.4934234817e-08 1.2773976721e-07 2.153220322e-07 3.5886048977e-07 5.9132315755e-07 9.6333326383e-07 1.5515528276e-06 2.4704443149e-06 
3.8884454625e-06 6.0497491177e-06 9.3029702839e-06 1.4137905055e-05 2.1231337087e-05 3.1502084312e-05 4.6174380259e-05 6.6846478148e-05 9.5558534667e-05 
0.00013484935334 0.0001877866016 0.00025794800604 0.00034932635026 0.00046612534788 0.00061241706135 0.00079164095223 0.0010059531778 0.0012554774294 
0.0015375755029 0.0018463106826 0.0021723371465 0.0025034155697 0.0028256606311 0.0031254335772 0.0033915466629 0.003617270384 0.0038015914615 
0.0039493613876 0.0040703248233 0.0041774362326 0.004285201896 0.0044087609276 0.0045641558245 0.0047695082612 0.005046047736 0.0054169893265 
0.005901962053 0.0065054749139 0.0072006746195 0.0079144947231 0.0085254730657 0.0088863838464 0.0088737113401 0.0084415143356 0.0076367366128 
0.0065779099241 0.0054660122842 0.0044322917238 0.0035272641107 0.0027632850688 0.0021374428179 0.0016373882536 0.0012447927147 0.00093976227799 
0.00070421415148 0.00052324758144 0.00038509102887 0.00028049972025 0.00020213432435 0.00014410199947 0.00010165505955 7.0991292887e-05 4.9105266953e-05 
3.3661712223e-05 2.2879710741e-05 1.5426094251e-05 1.0320229194e-05 6.8522385845e-06 4.5155497901e-06 2.9532134249e-06 1.9164922378e-06 1.2337527551e-06 
7.8760109545e-07 4.9838683935e-07 3.1247839161e-07 1.9403077545e-07 1.1926819354e-07 7.2543258511e-08 4.3644011072e-08 2.5965471551e-08 1.5277375809e-08 
8.8998319825e-09 5.1569868376e-09 3.0190918654e-09 1.8721828532e-09 1.3746885852e-09 2.6360824634e-09 3.6249270252e-09 5.9222271531e-09 1.0253324412e-08 
1.7939758123e-08 3.1233160058e-08 5.3857743154e-08 9.1861110718e-08 1.5491825422e-07 2.5829365313e-07 4.2574171744e-07 6.9371878908e-07 1.1173881376e-06 
1.7790177935e-06 2.7994801712e-06 4.3536620069e-06 6.6906036409e-06 1.015912494e-05 1.523940773e-05 2.2580485165e-05 3.3042641007e-05 4.7742312745e-05 
6.809491606e-05 9.5848416095e-05 0.00013309696806 0.00018226029351 0.0002460112446 0.00032713299152 0.00042828859296 0.00055169500411 0.00069871114101 
0.00086937402375 0.0010619581444 0.0012726627756 0.0014955573715 0.0017229078803 0.0019459342584 0.0021559586748 0.0023457459174 0.0025107490364 
0.0026499298401 0.0027659174521 0.0028644688427 0.0029534273781 0.0030415693764 0.0031377647538 0.0032507306896 0.0033893047366 0.0035627263132 
0.0037799801212 0.0040471279062 0.0043620481156 0.0047074072063 0.0050448719412 0.005315550603 0.005451284349 0.0053965770639 0.0051319287159 
0.0046831038781 0.0041108815931 0.0034944133367 0.0028955247253 0.0023503839038 0.0018761081155 0.0014772496652 0.0011501306435 0.00088651967235 
0.0006766798324 0.00051126937615 0.00038212392246 0.00028235794161 0.00020620580472 0.00014883303083 0.00010619466048 7.4938398029e-05 5.2330015023e-05 
3.6183555494e-05 2.478854185e-05 1.6834941562e-05 1.1339517187e-05 7.5779453255e-06 5.025486189e-06 3.3075955344e-06 2.1604168978e-06 1.4001867612e-06 
9.0021706001e-07 5.7395345721e-07 3.6274744275e-07 2.2716648118e-07 1.4089724232e-07 8.6513836095e-08 5.2566331732e-08 3.1593955896e-08 1.8778518296e-08 
1.1038583381e-08 6.4247211995e-09 3.71942388e-09 2.1754489321e-09 1.3477274852e-09 9.8885599709e-10 1.8584598305e-09 2.557188683e-09 4.1810159779e-09 
7.243793565e-09 1.2682027872e-08 2.2091807494e-08 3.8113707745e-08 6.5036175556e-08 1.0971980657e-07 1.8298658233e-07 3.0167066711e-07 4.9159115179e-07 
7.9177971202e-07 1.2603734376e-06 1.9826527478e-06 3.0817550396e-06 4.7325902415e-06 7.1793938332e-06 1.0757157725e-05 1.5916719349e-05 2.3252665414e-05 
3.3532167436e-05 4.7721448936e-05 6.7004955781e-05 9.2789938208e-05 0.00012668764975 0.00017045992718 0.00022592082678 0.00029478405486 0.00037845369661 
0.00047776650172 0.0005927097518 0.00072215980617 0.00086370494682 0.0010136261117 0.0011671030661 0.00131867663 0.0014629355865 0.0015953235561 
0.0017128949985 0.0018148309318 0.001902566175 0.001979485387 0.0020502822008 0.0021201828495 0.002194280969 0.0022771623917 0.0023728297092 
0.0024847162422 0.0026153582148 0.0027652487624 0.0029306504875 0.0031008054502 0.0032559218816 0.0033680240158 0.0034063456114 0.0033467691392 
0.003181430744 0.002922744723 0.0025991145521 0.0022457526065 0.0018934933469 0.0015639193589 0.0012694601901 0.0010152384639 0.00080127769616 
0.00062462122878 0.00048099138075 0.00036581317545 0.00027470468194 0.00020365325327 0.00014905910939 0.00010774206021 7.6943157183e-05 5.4321069911e-05 
3.7937446905e-05 2.6228031857e-05 1.7961605408e-05 1.2191637325e-05 8.2059759734e-06 5.479142601e-06 3.6300814372e-06 2.3866630272e-06 1.5571504264e-06 
1.0080392485e-06 6.4733717409e-07 4.1224214442e-07 2.602429845e-07 1.6279037141e-07 1.0085800284e-07 6.1863104861e-08 3.7549792609e-08 2.254614806e-08 
1.3387873921e-08 7.8624227129e-09 4.5718939745e-09 2.6443169876e-09 1.5451345758e-09 9.562818315e-10 7.0109884565e-10 1.2907565017e-09 1.777041847e-09 
2.9074689323e-09 5.0404307395e-09 8.8292377853e-09 1.5387538355e-08 2.6557966493e-08 4.5333052867e-08 7.649948941e-08 1.2760540358e-07 2.1038630393e-07 
3.4282757611e-07 5.5209096672e-07 8.7858012421e-07 1.3814646991e-06 2.1460052722e-06 3.2930086036e-06 4.9906620916e-06 7.4688291534e-06 1.1035589523e-05 
1.6095302271e-05 2.3166810934e-05 3.2899482903e-05 4.6083707275e-05 6.3651110395e-05 8.6658954388e-05 0.00011625191837 0.00015359553799 0.00019977659394 
0.00025567045668 0.00032178187394 0.00039807564463 0.00048382434761 0.00057751085842 0.00067682756344 0.00077880820027 0.00088010827312 0.00097741628997 
0.0010679311818 0.0011498162057 0.0012225107057 0.0012868179474 0.0013447318925 0.0013990415027 0.0014528230531 0.0015089545632 0.0015697726049 
0.0016369016375 0.0017111930065 0.0017925816355 0.001879667514 0.001968921395 0.0020537152886 0.0021237672772 0.0021658265032 0.002166177379 
0.0021146154031 0.0020083126146 0.0018534173723 0.0016633374617 0.0014547848841 0.0012434754753 0.0010415707948 0.00085699354531 0.00069387059193 
0.00055346620502 0.00043518285383 0.00033737468766 0.00025788825587 0.00019437907031 0.00014448937145 0.00010595677304 7.6689044363e-05 5.4816362535e-05 
3.8721864257e-05 2.7051150028e-05 1.8703020032e-05 1.2806483937e-05 8.689693459e-06 5.8459795582e-06 3.900856882e-06 2.5824322165e-06 1.6963808775e-06 
1.1057248912e-06 7.1507656685e-07 4.5871976795e-07 2.9181143191e-07 1.8401766511e-07 1.1498535457e-07 7.116457823e-08 4.3604750033e-08 2.6440416079e-08 
1.5859967561e-08 9.4085041979e-09 5.5201692106e-09 3.2068827593e-09 1.8530468271e-09 1.0816997298e-09 6.6877314797e-10 4.8991749546e-10 8.8316076674e-10 
1.216501011e-09 1.9915691318e-09 3.4544727079e-09 6.0538942748e-09 1.0554733088e-08 1.822258433e-08 3.1112588061e-08 5.2511154536e-08 8.7598436949e-08 
1.4442321117e-07 2.3531042359e-07 3.788532581e-07 6.0267154822e-07 9.4714584975e-07 1.4703439319e-06 2.2543422347e-06 3.4130780477e-06 5.1017436817e-06 
7.5275120253e-06 1.0961064618e-05 1.5747908037e-05 2.2317899493e-05 3.119073881e-05 4.29744141e-05 5.8353052736e-05 7.8060409578e-05 0.00010283548909 
0.00013335853873 0.00017016785569 0.00021356274374 0.00026350299595 0.00031952158315 0.00038067309652 0.0004455402086 0.00051231880207 0.00057898828527 
0.00064355536597 0.0007043366204 0.00076022354187 0.00081086886348 0.00085674074944 0.00089901930187 0.00093935499899 0.00097954180092 0.0010211843764 
0.001065432094 0.0011128154583 0.0011631771922 0.001215621829 0.0012684058165 0.0013187214499 0.0013624507701 0.0013941194629 0.0014073579805 
0.0013960525393 0.0013560048537 0.0012864599703 0.001190711977 0.0010753967799 0.00094884360442 0.00081926112762 0.00069346721284 0.00057635136181 
0.00047090125736 0.00037853536196 0.00029952303157 0.00023336215236 0.00017906434368 0.00013535865583 0.00010083793313 7.4069073889e-05 5.3676849348e-05 
3.8403715735e-05 2.7146692446e-05 1.8973474653e-05 1.3121533811e-05 8.9852683232e-06 6.0961415329e-06 4.0999934754e-06 2.7345950002e-06 1.8092890741e-06 
1.1876701365e-06 7.7351592154e-07 4.9979286132e-07 3.2031297792e-07 2.035642126e-07 1.2823903717e-07 8.0049723294e-08 4.9492289378e-08 3.0294707187e-08 
1.8351251185e-08 1.0996903832e-08 6.5172742758e-09 3.8201486419e-09 2.2171486869e-09 1.2798970772e-09 7.4636635761e-10 4.6096071404e-10 3.3740252259e-10 
5.9531984897e-10 8.2038853488e-10 1.3438081758e-09 2.3319837172e-09 4.0883052499e-09 7.1299770532e-09 1.2312672659e-08 2.1025570618e-08 3.5489318151e-08 
5.9202314162e-08 9.7596434045e-08 1.5898189076e-07 2.5588087738e-07 4.0686902025e-07 6.3905849856e-07 9.9135854725e-07 1.5186352584e-06 2.2968415578e-06 
3.4290962958e-06 5.0525445658e-06 7.3456008067e-06 1.0534884495e-05 1.4900781025e-05 2.0780154955e-05 2.85643182e-05 3.8690133806e-05 5.1621980674e-05 
6.7822773417e-05 8.7713291578e-05 0.0001116207859 0.00013972035958 0.00017197606212 0.00020809158741 0.00024748381111 0.00028929137625 0.0003324294521 
0.00037569267442 0.00041789989336 0.00045805881382 0.00049552024575 0.00053008570103 0.00056203856366 0.00059208081802 0.00062118546339 0.0006503899931 
0.00068057724275 0.00071228772867 0.00074559345376 0.00078004039824 0.00081463891547 0.0008478667587 0.00087766343495 0.00090143777197 0.00091616617283 
0.00091868528398 0.00090622965945 0.00087712443201 0.00083138118498 0.00077090936247 0.00069920223905 0.00062063097721 0.00053964235121 0.00046013508108 
0.00038512406172 0.00031666501309 0.0002559433633 0.00020343475626 0.00015907567285 0.0001224164298 9.275071352e-05 6.9224130129e-05 5.0923812523e-05 
3.6948971683e-05 2.646194298e-05 1.8720265871e-05 1.3092044355e-05 9.0579897005e-06 6.2042140598e-06 4.2096112338e-06 2.8309125355e-06 1.8876492049e-06 
1.2484051695e-06 8.1903789351e-07 5.3307388725e-07 3.4417243455e-07 2.2039156988e-07 1.3993648906e-07 8.8072596327e-08 5.4923706472e-08 3.392426251e-08 
2.0744835183e-08 1.2553927675e-08 7.5154922285e-09 4.4496846208e-09 2.6056865554e-09 1.5108274631e-09 8.7129309323e-10 5.0756071568e-10 3.1313249216e-10 
2.2900398244e-10 3.9535791307e-10 5.4504822877e-10 8.9322094166e-10 1.550670703e-09 2.7193949315e-09 4.7437151984e-09 8.1931741391e-09 1.3992128345e-08 
2.3617529266e-08 3.9394723927e-08 6.4931420241e-08 1.0574164833e-07 1.7012440878e-07 2.7037316386e-07 4.2440075276e-07 6.5786372261e-07 1.0068573602e-06 
1.5212164044e-06 2.2683930183e-06 3.3377798445e-06 4.8452047849e-06 6.9371199061e-06 9.7937900136e-06 1.3630540707e-05 1.8695887775e-05 2.5265242584e-05 
3.3628966776e-05 4.407374945e-05 5.6857195887e-05 7.2176357207e-05 9.0132729383e-05 0.0001106982163 0.00013368755754 0.00015874530072 0.00018535384152 
0.00021286813717 0.00024057803967 0.00026779342443 0.00029393969453 0.00031864628545 0.00034180789953 0.00036360038212 0.00038444221718 0.00040490354877 
0.0004255787062 0.00044694606913 0.00046924315393 0.00049237813801 0.00051588920178 0.00053894799203 0.00056039378978 0.00057878607186 0.00059247924946 
0.00059973646421 0.0005989135243 0.00058871885994 0.00056850753026 0.00053851178382 0.00049990176922 0.00045463294373 0.00040512502892 0.00035389050026 
0.00030322140083 0.00025499024196 0.00021056932746 0.00017083513376 0.0001362234616 0.00010680677224 8.2378282968e-05 6.2533945311e-05 4.6747907618e-05 
3.4437915019e-05 2.5017883672e-05 1.7936234144e-05 1.270032044e-05 8.8886181402e-06 6.1533455664e-06 4.2164292609e-06 2.861560688e-06 1.9244857867e-06 
1.2831087588e-06 8.483638112e-07 5.5635410945e-07 3.6190871811e-07 2.3350894196e-07 1.4941632287e-07 9.4793279004e-08 5.9608247227e-08 3.7138686793e-08 
2.2917435061e-08 1.4000610449e-08 8.464356327e-09 5.0622990244e-09 2.9943019175e-09 1.7517194362e-09 1.0146827822e-09 5.8457749752e-10 3.4017627604e-10 
2.0963428216e-10 1.5317881685e-10 2.5868876485e-10 3.567613982e-10 5.8490051691e-10 1.0157538144e-09 1.7817588516e-09 3.1086291319e-09 5.3696158631e-09 
9.1702583305e-09 1.5477583659e-08 2.5813077897e-08 4.2535276634e-08 6.924530993e-08 1.1135656308e-07 1.7687652587e-07 2.7745360853e-07 4.2973954351e-07 
6.5710963781e-07 9.917546322e-07 1.4771186443e-06 2.1705893687e-06 3.1462466268e-06 4.4973621698e-06 6.3382053668e-06 8.804542631e-06 1.2052145394e-05 
1.6252512069e-05 2.158508687e-05 2.8225544156e-05 3.6330100556e-05 4.6016499255e-05 5.7343375374e-05 7.0290661824e-05 8.4744497144e-05 0.00010049109551 
0.00011722309864 0.0001345614437 0.00015209279081 0.00016941915965 0.00018621313211 0.00020226789638 0.00021753142937 0.00023211397638 0.00024626395316 
0.00026031266316 0.00027459629928 0.00028936876333 0.0003047217906 0.0003205272078 0.00033640954643 0.00035175244557 0.00036573340185 0.00037738005631 
0.00038564484566 0.00038949766895 0.00038804140058 0.0003806441091 0.00036706891842 0.00034756195964 0.00032286284841 0.00029412066215 0.00026273832191 
0.00023018932552 0.00019785383483 0.00016690148914 0.00013822864275 0.00011244123016 8.9870474767e-05 7.060932694e-05 5.4559935961e-05 4.1485214751e-05 
3.1059204048e-05 2.2911819542e-05 1.6665419025e-05 1.1961566088e-05 8.4782714111e-06 5.9388494265e-06 4.1142302507e-06 2.8207236937e-06 1.9150620574e-06 
1.2881989733e-06 8.5890457058e-07 5.6781220792e-07 3.7226101313e-07 2.4205152727e-07 1.5608856074e-07 9.9811032328e-08 6.3275145123e-08 3.9756372416e-08 
2.4748471716e-08 1.5257809238e-08 9.3124770117e-09 5.6246625135e-09 3.3606992744e-09 1.9858843459e-09 1.1606384742e-09 6.7163263839e-10 3.8654512924e-10 
2.2469470728e-10 1.3831209789e-10 1.0097416653e-10 1.6677548231e-10 2.3007562522e-10 3.773387991e-10 6.5548061423e-10 1.1500161934e-09 2.0066555084e-09 
3.4662699377e-09 5.919453816e-09 9.9896029226e-09 1.6656818147e-08 2.7439057249e-08 4.4651567777e-08 7.1770422494e-08 1.1393010624e-07 1.7858745593e-07 
2.7638236588e-07 4.2221893182e-07 6.3657256533e-07 9.47001638e-07 1.3897976032e-06 2.0116460746e-06 2.8711033337e-06 4.0395971155e-06 5.6015883274e-06 
7.653470675e-06 1.0300740541e-05 1.3653063434e-05 1.7817001208e-05 2.2886455554e-05 2.8931357519e-05 3.5985591239e-05 4.4035870815e-05 5.3013565775e-05 
6.279192894e-05 7.3190800322e-05 8.3990118583e-05 9.4952163636e-05 0.00010585039126 0.00011650086526 0.00012679041538 0.00013669522014 0.00014628408826 
0.00015570304822 0.00016514226445 0.00017478859809 0.00018477291451 0.00019512056315 0.00020571495406 0.00021628041577 0.00022638800147 0.00023548190075 
0.00024292391026 0.00024805046269 0.00025023895432 0.00024897957337 0.00024394699722 0.00023506037542 0.00022251791961 0.00020679117006 0.0001885767997 
0.00016871438129 0.0001480904175 0.00012754832278 0.00010781890887 8.9477231086e-05 7.2924529377e-05 5.8391047787e-05 4.5953991503e-05 3.5565160942e-05 
2.7083116947e-05 2.0305729777e-05 1.4999617633e-05 1.0924348317e-05 7.8503080658e-06 5.5703008002e-06 3.9056371861e-06 2.707912472e-06 1.8577811716e-06 
1.2619200334e-06 8.4912437615e-07 5.6623508726e-07 3.7432252498e-07 2.453623722e-07 1.5948604926e-07 1.027975145e-07 6.5695587637e-08 4.1619244939e-08 
2.6129805875e-08 1.625242696e-08 1.0011076412e-08 6.1045879463e-09 3.683651606e-09 2.1988455501e-09 1.2980653219e-09 7.5790074217e-10 4.3814032957e-10 
2.5190313724e-10 1.4626838629e-10 8.993298467e-11 6.5595778809e-11 1.059441701e-10 1.4619686017e-10 2.3984730868e-10 4.1673875462e-10 7.31257499e-10 
1.2760462687e-09 2.2041908299e-09 3.7638043793e-09 6.350620918e-09 1.0586324706e-08 1.7432871147e-08 2.8355877646e-08 4.5553047556e-08 7.2265990525e-08 
1.1319490767e-07 1.7503418803e-07 2.6714198498e-07 4.0234547782e-07 5.9786481188e-07 8.7631229917e-07 1.2666853308e-06 1.8052259065e-06 2.5359713618e-06 
3.5107736949e-06 4.7885282584e-06 6.4333639784e-06 8.5115643742e-06 1.1087132407e-05 1.4216062482e-05 1.7939673853e-05 2.2277645257e-05 2.7221743949e-05 
3.2731441024e-05 3.8732800022e-05 4.5121651056e-05 5.1771865401e-05 5.8548394009e-05 6.5323867602e-05 7.199634274e-05 7.8504934208e-05 8.4839724877e-05 
9.1042900749e-05 9.719911759e-05 0.00010341559391 0.00010979403305 0.0001163989582 0.00012322804832 0.00013018985919 0.00013709369523 0.00014365368406 
0.00014950719196 0.00015424533922 0.0001574523485 0.00015874943347 0.00015783950221 0.00015454745153 0.00014885001292 0.0001408894459 0.00013096553448 
0.00011950646876 0.00010702287545 9.405460878e-05 8.1119556853e-05 6.8672045018e-05 5.707492528e-05 4.6585904784e-05 3.7356821849e-05 2.9443061067e-05 
2.2819920559e-05 1.7402453523e-05 1.3066007341e-05 9.6649964689e-06 7.0484188655e-06 5.0713811106e-06 3.6026399357e-06 2.5286369691e-06 1.7547801008e-06 
1.2047867131e-06 8.1884809333e-07 5.5121847709e-07 3.6766635958e-07 2.4307070134e-07 1.5931335895e-07 1.0352786006e-07 6.6703137236e-08 4.2606426831e-08 
2.6975017775e-08 1.6923618062e-08 1.0517991811e-08 6.4733254312e-09 3.9438057264e-09 2.377581243e-09 1.4178764829e-09 8.3621715108e-10 4.8776099826e-10 
2.816902267e-10 1.617856682e-10 9.3837410065e-11 5.7628721239e-11 4.1994900613e-11 6.6318950331e-11 9.1539241465e-11 1.5021797695e-10 2.6105573259e-10 
4.5812470484e-10 7.9944478815e-10 1.3808467703e-09 2.3575608132e-09 3.9770009508e-09 6.6275283039e-09 1.0909485759e-08 1.7736539348e-08 2.8477019853e-08 
4.5146361316e-08 7.0662252938e-08 1.0917297999e-07 1.6646615109e-07 2.5045756047e-07 3.717488255e-07 5.4422446283e-07 7.8563800798e-07 1.1181075479e-06 
1.5684159962e-06 2.1679784368e-06 2.9523325793e-06 3.9600013224e-06 5.2306145335e-06 6.8022436608e-06 8.7080179583e-06 1.0972251403e-05 1.3606455468e-05 
1.6605848941e-05 1.9947032342e-05 2.3587577743e-05 2.7468155167e-05 3.1517429306e-05 3.565964289e-05 3.9824084524e-05 4.395495489e-05 4.801995965e-05 
5.2015526308e-05 5.5966891523e-05 5.9922211221e-05 6.3940678956e-05 6.8076071329e-05 7.2358117905e-05 7.6775082562e-05 8.1260601291e-05 8.5687795945e-05 
8.9872155513e-05 9.3583439593e-05 9.656540351e-05 9.8561235063e-05 9.9341385067e-05 9.8730968602e-05 9.6632982604e-05 9.3044167443e-05 8.8060449343e-05 
8.1870486611e-05 7.4737698014e-05 6.6973727371e-05 5.8907753555e-05 5.0856746384e-05 4.3100546463e-05 3.5864450183e-05 2.9310080208e-05 2.3534134016e-05 
1.857357347e-05 1.4415347323e-05 1.1008521142e-05 8.2769647634e-06 6.1310324782e-06 4.4772505134e-06 3.2255775295e-06 2.2941758289e-06 1.6120181954e-06 
1.1197663525e-06 7.6943535987e-07 5.2330221934e-07 3.5244087826e-07 2.3515481473e-07 1.5548722843e-07 1.0190683497e-07 6.6210752436e-08 4.2645623921e-08 
2.7227224919e-08 1.7228227733e-08 1.0801404215e-08 6.7079946042e-09 4.1250727278e-09 2.5109689883e-09 1.5123953201e-09 9.0107143969e-10 5.3090970509e-10 
3.0937186146e-10 1.7848739153e-10 1.0240494563e-10 5.9329610669e-11 3.6393454222e-11 2.6495760447e-11 4.0911111304e-11 5.6481697791e-11 9.270955531e-11 
1.611396433e-10 2.8280125464e-10 4.934909148e-10 8.5230433822e-10 1.454908638e-09 2.4536732646e-09 4.0875631768e-09 6.7256178404e-09 1.0928849825e-08 
1.7536399e-08 2.7782524725e-08 4.3451247933e-08 6.7074779508e-08 1.0217932811e-07 1.5357798588e-07 2.2770247199e-07 3.3295566482e-07 4.8005358622e-07 
6.8230855277e-07 9.5579025583e-07 1.3192857296e-06 1.7939723875e-06 2.4027210657e-06 3.1689703519e-06 4.1151520236e-06 5.2607183534e-06 6.6199177127e-06 
8.1995458459e-06 9.9970120573e-06 1.1999122762e-05 1.4181972801e-05 1.6512276488e-05 1.8950258891e-05 2.1453995942e-05 2.398469951e-05 2.6512218028e-05 
2.9019638532e-05 3.1505966035e-05 3.3985896152e-05 3.6486198951e-05 3.9038724935e-05 4.167086081e-05 4.4394811994e-05 4.7197492677e-05 5.0033013395e-05 
5.2819377743e-05 5.5440417782e-05 5.7753266447e-05 5.9600570239e-05 6.0826252593e-05 6.129265239e-05 6.0897007643e-05 5.9584985138e-05 5.7359382481e-05 
5.42824273e-05 5.0471197028e-05 4.6086657676e-05 4.131800597e-05 3.6364745029e-05 3.1419211155e-05 2.6651687222e-05 2.2199872546e-05 1.8163127606e-05 
1.4601472685e-05 1.1538531908e-05 8.9673112598e-06 6.8575027399e-06 5.1631773204e-06 3.8298990148e-06 2.8006636512e-06 2.0203647182e-06 1.4387570673e-06 
1.0121028708e-06 7.0375625683e-07 4.8399959951e-07 3.2940883443e-07 2.2197609439e-07 1.4816178862e-07 9.7986088576e-08 6.4222497542e-08 4.1721193611e-08 
2.6864722003e-08 1.7144795805e-08 1.0842732934e-08 6.7936460901e-09 4.2160137603e-09 2.5905753098e-09 1.5755641236e-09 9.4813534801e-10 5.6436383344e-10 
3.3220287632e-10 1.9339094215e-10 1.1146126383e-10 6.3882260593e-11 3.6969368539e-11 2.265050994e-11 1.6474877018e-11 2.487235938e-11 3.434554724e-11 
5.6386645353e-11 9.801841977e-11 1.7202926583e-10 3.0017899277e-10 5.18372123e-10 8.8469515047e-10 1.4915935154e-09 2.4839241775e-09 4.0851704242e-09 
6.6346892424e-09 1.0639444881e-08 1.6844087014e-08 2.6323323965e-08 4.0600070861e-08 6.1791290307e-08 9.2780936711e-08 1.374147871e-07 2.0070598339e-07 
2.8903235716e-07 4.1029659315e-07 5.7401229014e-07 7.9126976971e-07 1.074533543e-06 1.4372233181e-06 1.8930531951e-06 2.4551131901e-06 3.1347396998e-06 
3.9402493712e-06 4.8756855904e-06 5.9397607401e-06 7.1252229645e-06 8.4188559413e-06 9.8022901511e-06 1.1253675439e-05 1.275012437e-05 1.4270643078e-05 
1.579912896e-05 1.7326816305e-05 1.885362326e-05 2.038785351e-05 2.1943982574e-05 2.3538637834e-05 2.5185097911e-05 2.6887217246e-05 2.8633705369e-05 
3.0393915949e-05 3.2116055081e-05 3.3728509152e-05 3.5144355934e-05 3.6268793338e-05 3.700857269e-05 3.7282283301e-05 3.7030120438e-05 3.622175791e-05 
3.4861124732e-05 3.2987500163e-05 3.0672435969e-05 2.801321898e-05 2.5123545129e-05 2.2123051167e-05 1.9127053747e-05 1.6237790987e-05 1.3538121493e-05 
1.1088050087e-05 8.9240711532e-06 7.060855296e-06 5.4946558521e-06 4.2076321733e-06 3.1724491691e-06 2.3565262381e-06 1.7256135152e-06 1.2464902284e-06 
8.887735703e-07 6.259368206e-07 4.3569085051e-07 2.9991059591e-07 2.0427087577e-07 1.3773077967e-07 9.1968935578e-08 6.0838068805e-08 3.9877825486e-08 
2.5903862166e-08 1.6675858916e-08 1.0638405712e-08 6.7246230806e-09 4.2108561082e-09 2.6113680107e-09 1.6033470107e-09 9.743281737e-10 5.8580840179e-10 
3.4837191465e-10 2.0486724817e-10 1.1914579046e-10 6.8600507219e-11 3.9275787483e-11 2.2703627173e-11 1.3893498331e-11 1.009585731e-11 1.4903753578e-11 
2.0583909577e-11 3.3799657517e-11 5.8760690758e-11 1.0313045556e-10 1.799430327e-10 3.106934432e-10 5.3013377022e-10 8.9352936161e-10 1.4874012022e-09 
2.4450985681e-09 3.9688838882e-09 6.3605436473e-09 1.0062754185e-08 1.5713469637e-08 2.4215275118e-08 3.6820694049e-08 5.5232927565e-08 8.1718823708e-08 
1.1922725207e-07 1.7150158271e-07 2.4316960889e-07 3.3978909642e-07 4.6782329832e-07 6.3451813048e-07 8.4765702013e-07 1.1151769286e-06 1.4446443402e-06 
1.8426136421e-06 2.3139195946e-06 2.8609836136e-06 3.4832403344e-06 4.1768121264e-06 4.9345394473e-06 5.7464581005e-06 6.6007510213e-06 7.4851004683e-06 
8.3882987383e-06 9.3018470579e-06 1.0221246157e-05 1.1146644283e-05 1.2082572539e-05 1.3036633391e-05 1.4017176909e-05 1.5030209397e-05 1.6075984604e-05 
1.7145830498e-05 1.8219823687e-05 1.9265897208e-05 2.0240691811e-05 2.1092277166e-05 2.1764513804e-05 2.2202644686e-05 2.2359288778e-05 2.2200129024e-05 
2.1708425265e-05 2.0887715436e-05 1.9762243028e-05 1.8375099899e-05 1.6784286345e-05 1.505727414e-05 1.3264894733e-05 1.1475363863e-05 9.749187484e-06 
8.1354710346e-06 6.6698607952e-06 5.3741600823e-06 4.2572833081e-06 3.3172382246e-06 2.5436579563e-06 1.920498562e-06 1.4285413954e-06 1.0475068848e-06 
7.5766223517e-07 5.4090503454e-07 3.8138460923e-07 2.6574457479e-07 1.830937606e-07 1.2480155931e-07 8.4199157868e-08 5.6248303792e-08 3.7218828908e-08 
2.4398650211e-08 1.5848078405e-08 1.0200295719e-08 6.5050893561e-09 4.1100074455e-09 2.5721433872e-09 1.5940486708e-09 9.7799079946e-10 5.9382354589e-10 
3.5672137466e-10 2.1194311584e-10 1.2451920051e-10 7.2346434399e-11 4.1612765317e-11 2.3799318419e-11 1.3741732578e-11 8.3991520336e-12 6.0974953385e-12 
8.8025784578e-12 1.2159467877e-11 1.9969607565e-11 3.4719952607e-11 6.0936415636e-11 1.0631331232e-10 1.8353261966e-10 3.1308408643e-10 5.2752657798e-10 
8.7778756486e-10 1.4422788519e-09 2.339802796e-09 3.7474028325e-09 5.924432056e-09 9.2441228006e-09 1.4233719092e-08 2.162370194e-08 3.2405690575e-08 
4.7897071198e-08 6.9808365311e-08 1.003066501e-07 1.4206557353e-07 1.9828952702e-07 2.7269715019e-07 3.6944942394e-07 4.9300820137e-07 6.4791754539e-07 
8.385086403e-07 1.0685414509e-06 1.3408129007e-06 1.6567780676e-06 2.0162428882e-06 2.4171970381e-06 2.8558438316e-06 3.3268777315e-06 3.8240104914e-06 
4.3407139856e-06 4.8710862757e-06 5.4106990319e-06 5.9572585087e-06 6.5109097704e-06 7.074037967e-06 7.6504920798e-06 8.2442729763e-06 8.8578071882e-06 
9.4900669865e-06 1.0134834156e-05 1.077946763e-05 1.1404459656e-05 1.1983987861e-05 1.2487529602e-05 1.2882396732e-05 1.3136955204e-05 1.3224082977e-05 
1.3124407815e-05 1.2828866602e-05 1.2340186913e-05 1.1673088011e-05 1.0853132153e-05 9.9144181149e-06 8.8964379756e-06 7.8405537352e-06 6.7865557867e-06 
5.7697384364e-06 4.8187666835e-06 3.954499789e-06 3.1897513963e-06 2.5298359105e-06 1.9737117327e-06 1.5154357698e-06 1.1457202618e-06 8.5338820099e-07 
6.2660325284e-07 4.5381105451e-07 3.2438117614e-07 2.2897843621e-07 1.5971487244e-07 1.1014101631e-07 7.513263256e-08 5.0720458944e-08 3.3898643892e-08 
2.2436863034e-08 1.4710296981e-08 9.5547685319e-09 6.1486451486e-09 3.9199710145e-09 2.4755997252e-09 1.5484338256e-09 9.5899510555e-10 5.8793714341e-10 
3.5670127962e-10 2.1409311823e-10 1.2708642472e-10 7.4594393162e-11 4.3297528757e-11 2.4879053678e-11 1.4213853185e-11 8.1977436991e-12 5.0045345472e-12 
3.6296258967e-12 5.1250097916e-12 7.0805557598e-12 1.1630191601e-11 2.0222082689e-11 3.5490829026e-11 6.1913384142e-11 1.0686461438e-10 1.8225178311e-10 
3.0698102393e-10 5.1059817485e-10 8.3854911903e-10 1.3596138659e-09 2.1761676905e-09 3.4379887826e-09 5.3603255168e-09 8.2467979112e-09 1.251742443e-08 
1.8741449281e-08 2.7673856096e-08 4.0293230086e-08 5.7837166167e-08 8.182984601e-08 1.1409476031e-07 1.567445338e-07 2.1213948287e-07 2.8280786069e-07 
3.7132309672e-07 4.8014027243e-07 6.1139871832e-07 7.667074442e-07 9.4694161135e-07 1.1520783119e-06 1.381111133e-06 1.6320738041e-06 1.9021949811e-06 
2.1881871817e-06 2.4866453714e-06 2.7945061447e-06 3.1094903079e-06 3.4304352994e-06 3.7574311591e-06 4.0916802391e-06 4.4350481403e-06 4.7893308874e-06 
5.15530337e-06 5.531700026e-06 5.9142835198e-06 6.2951962718e-06 6.6627612796e-06 7.0018409133e-06 7.2947641456e-06 7.5227953857e-06 7.6679525591e-06 
7.7149588833e-06 7.6530686783e-06 7.4774811765e-06 7.1901572483e-06 6.799888979e-06 6.3216252784e-06 5.7751358327e-06 5.1832171266e-06 4.56968246e-06 
3.9574179027e-06 3.3667170101e-06 2.8140734685e-06 2.3115112526e-06 1.8664471781e-06 1.4819979697e-06 1.1576272527e-06 8.8997211378e-07 6.7372934609e-07 
5.0248758043e-07 3.69433792e-07 2.6789675189e-07 1.9172094312e-07 1.3548579147e-07 9.4598625822e-08 6.5294464946e-08 4.4574349545e-08 3.0109593041e-08 
2.013272038e-08 1.3329444215e-08 8.7404252724e-09 5.6770890211e-09 3.6527112446e-09 2.3280353201e-09 1.4696144301e-09 9.1871954488e-10 5.6863197484e-10 
3.4836414309e-10 2.1118531923e-10 1.2664631843e-10 7.5110188902e-11 4.4045187636e-11 2.5540713641e-11 1.4661074438e-11 8.3672721529e-12 4.8202700512e-12 
2.9391018699e-12 2.1295755957e-12 2.9416586354e-12 4.0647125422e-12 6.6774441879e-12 1.1611153011e-11 2.0377689119e-11 3.5544980154e-11 6.13407658e-11 
1.0458642286e-10 1.7610439496e-10 2.9279267899e-10 4.8061726821e-10 7.7883416383e-10 1.2458056808e-09 1.9668104922e-09 3.0642401949e-09 4.7104977696e-09 
7.1437260551e-09 1.0686190599e-08 1.5764648253e-08 2.2931368804e-08 3.2883690437e-08 4.6479115667e-08 6.4741996653e-08 8.8857532887e-08 1.2014851336e-07 
1.6003090764e-07 2.0994654903e-07 2.7127330782e-07 3.4521795556e-07 4.3270088668e-07 5.3424679436e-07 6.4989842485e-07 7.791732628e-07 9.2107887895e-07 
1.0741974847e-06 1.2368417401e-06 1.4072656995e-06 1.5839033267e-06 1.7655959255e-06 1.951756758e-06 2.1424259558e-06 2.3381785468e-06 2.5398701382e-06 
2.7482294627e-06 2.9633426948e-06 3.1841095733e-06 3.4077502278e-06 3.6294754864e-06 3.8424054765e-06 4.037792678e-06 4.2055562517e-06 4.3351165004e-06 
4.4164062274e-06 4.4409594011e-06 4.402916602e-06 4.2998008212e-06 4.1329521991e-06 3.9075480345e-06 3.6322110191e-06 3.3182468542e-06 2.9786335745e-06 
2.6268951387e-06 2.2760125375e-06 1.9374906515e-06 1.6206865894e-06 1.3324328165e-06 1.076958938e-06 8.5606416178e-07 6.6947660571e-07 5.1531714007e-07 
3.9059733581e-07 2.9168825222e-07 2.1472079936e-07 1.558953926e-07 1.1169625225e-07 7.9019031318e-08 5.5226735185e-08 3.8152034421e-08 2.6064350678e-08 
1.761677737e-08 1.1784724308e-08 7.8047364127e-09 5.1184860794e-09 3.3245439734e-09 2.1387334126e-09 1.3627211581e-09 8.5988999254e-10 5.3727400307e-10 
3.3233366059e-10 2.0345550245e-10 1.2324262444e-10 7.3845589366e-11 4.3756619855e-11 2.56352925e-11 1.4850879207e-11 8.5162415314e-12 4.8551935042e-12 
2.7938213808e-12 1.7014331567e-12 1.2316069388e-12 1.6648211672e-12 2.300746399e-12 3.7801441664e-12 6.5735216749e-12 1.1536290152e-11 2.0120736674e-11 
3.4716514385e-11 5.9176732958e-11 9.9609820392e-11 1.655451054e-10 2.7161156657e-10 4.3990233678e-10 7.0322614398e-10 1.1094652974e-09 1.7272523412e-09 
2.653135045e-09 4.0202916551e-09 6.0086908782e-09 8.8563121281e-09 1.2870684074e-08 1.8439576976e-08 2.6039179701e-08 3.6237643997e-08 4.9691703197e-08 
6.7133811399e-08 8.9347977905e-08 1.1713328973e-07 1.5125544905e-07 1.9238942173e-07 2.4105798957e-07 2.975740756e-07 3.619957738e-07 4.3410415174e-07 
5.1341265817e-07 5.9921256934e-07 6.9065470143e-07 7.8685945937e-07 8.8703927759e-07 9.9061230685e-07 1.0972828477e-06 1.207059654e-06 1.3202001128e-06 
1.4370650661e-06 1.5578979173e-06 1.6825492821e-06 1.8101884507e-06 1.9390483885e-06 2.0662637326e-06 2.1878399821e-06 2.2987933335e-06 2.3934542241e-06 
2.4659307201e-06 2.5106701287e-06 2.5230524443e-06 2.4999380912e-06 2.4400833354e-06 2.344371751e-06 2.2158119464e-06 2.0593108729e-06 1.8812488634e-06 
1.6889167682e-06 1.4898926111e-06 1.2914389345e-06 1.0999912092e-06 9.2078482794e-07 7.5764847907e-07 6.1296020704e-07 4.8774194283e-07 3.8185783069e-07 
2.9427036452e-07 2.2331643379e-07 1.6696840532e-07 1.2305764585e-07 8.9448377594e-08 6.4159216606e-08 4.5436131302e-08 3.1785436505e-08 2.1976497067e-08 
1.5024378186e-08 1.0160773556e-08 6.7999970099e-09 4.5047734432e-09 2.9547273517e-09 1.9191364053e-09 1.2344326672e-09 7.8631562372e-10 4.9597370655e-10 
3.0973412724e-10 1.9147060326e-10 1.1713705006e-10 7.0900729732e-11 4.2447510784e-11 2.5129676118e-11 1.4708838314e-11 8.5128085137e-12 4.8767738979e-12 
2.7773590719e-12 1.5963515232e-12 9.7099487738e-13 7.0218516331e-13 9.2932931316e-13 1.2845019102e-12 2.1107364988e-12 3.6707026307e-12 6.4417915446e-12 
1.1234149895e-11 1.9380091282e-11 3.30264531e-11 5.5574104346e-11 9.2324016487e-11 1.5140633192e-10 2.4508692298e-10 3.9156083931e-10 6.1735155876e-10 
9.6043029085e-10 1.4741443621e-09 2.2319861515e-09 3.3331362115e-09 4.9085722154e-09 7.1273320579e-09 1.0202294121e-08 1.4394582415e-08 2.0015461288e-08 
2.7424457372e-08 3.7022459765e-08 4.9238749966e-08 6.4511532116e-08 8.326220069e-08 1.0586504118e-07 1.3261494303e-07 1.636971092e-07 1.9916399197e-07 
2.3892394552e-07 2.8274649821e-07 3.3028626945e-07 3.8112489165e-07 4.3482768319e-07 4.9100498245e-07 5.4936856486e-07 6.0976856275e-07 6.7219929178e-07 
7.3676375223e-07 8.0359421872e-07 8.7273303961e-07 9.4398745887e-07 1.0167791515e-06 1.0900154166e-06 1.1620106761e-06 1.2304792563e-06 1.2926175259e-06 
1.3452799976e-06 1.3852298935e-06 1.4094468952e-06 1.4154468317e-06 1.4015754459e-06 1.3672289469e-06 1.3129711078e-06 1.2405274674e-06 1.1526569779e-06 
1.0529147403e-06 9.4534465234e-07 8.3413880247e-07 7.2330851708e-07 6.1640656668e-07 5.1632412124e-07 4.2517785914e-07 3.4428632034e-07 2.7422123594e-07 
2.149152607e-07 1.6580180784e-07 1.2596633781e-07 9.4289660524e-08 6.9571314043e-08 5.0625924786e-08 3.6351021748e-08 2.576832614e-08 1.8042744188e-08 
1.2484692391e-08 8.5410309936e-09 5.7793592134e-09 3.8693848126e-09 2.5640427559e-09 1.6820035365e-09 1.0924743332e-09 7.0260164353e-10 4.4742345939e-10 
2.8210322967e-10 1.7608330072e-10 1.087847798e-10 6.6505835561e-11 4.0223817332e-11 2.4061599935e-11 1.4232334061e-11 8.3227244541e-12 4.8121719283e-12 
2.7540049234e-12 1.5667671154e-12 8.9950659768e-13 5.4646597577e-13 3.9479671702e-13 5.1222925641e-13 7.0810149194e-13 1.1637436891e-12 2.0239552222e-12 
3.5518185615e-12 6.1936033559e-12 1.0682820947e-11 1.8200671872e-11 3.0616949948e-11 5.0843732002e-11 8.3343207335e-11 1.3484076355e-10 2.1530213723e-10 
3.3923838738e-10 5.2739923539e-10 8.0890172338e-10 1.2238082769e-09 1.8261191448e-09 2.6870590197e-09 3.8984446782e-09 5.575780726e-09 7.8606179343e-09 
1.0921563209e-08 1.4953299043e-08 2.0172919335e-08 2.6813102849e-08 3.5111870744e-08 4.5299120899e-08 5.758079169e-08 7.2122098516e-08 8.9031900075e-08 
1.0835081099e-07 1.3004540733e-07 1.5401111852e-07 1.8008438474e-07 2.0806400869e-07 2.3773941393e-07 2.6892112714e-07 3.014679919e-07 3.3530380961e-07 
3.7041752421e-07 4.0684241753e-07 4.4461256721e-07 4.8369963679e-07 5.2393710348e-07 5.6494366163e-07 6.0605862018e-07 6.4630518182e-07 6.8439135248e-07 
7.1876041829e-07 7.476867836e-07 7.6941438465e-07 7.8232096712e-07 7.8508941215e-07 7.768618957e-07 7.5735567862e-07 7.2692222375e-07 6.8654026109e-07 
6.3774314185e-07 5.8249003132e-07 5.2299850495e-07 4.6156083044e-07 4.0036715632e-07 3.413556442e-07 2.8610384106e-07 2.35767871e-07 1.9106951754e-07 
1.5232403427e-07 1.1949801149e-07 9.2285006303e-08 7.018734749e-08 5.2594014477e-08 3.8847865369e-08 2.8298460464e-08 2.0339465223e-08 1.443158304e-08 
1.0113459403e-08 7.0032926125e-09 4.7941774994e-09 3.2457108112e-09 2.1739121614e-09 1.4409081706e-09 9.4534235995e-10 6.1399524354e-10 3.9481751202e-10 
2.5135307724e-10 1.5841632173e-10 9.8830069128e-11 6.1020473396e-11 3.7279151988e-11 2.2529724614e-11 1.346591328e-11 7.9579788939e-12 4.6493039453e-12 
2.6856056441e-12 1.5354180601e-12 8.7257577466e-13 5.0038282979e-13 3.0361745561e-13 2.1913326459e-13 2.7983735121e-13 3.8690811622e-13 6.3597250296e-13 
1.1061541223e-12 1.9411683632e-12 3.3846966029e-12 5.8370595683e-12 9.9425051525e-12 1.6720121815e-11 2.7755775109e-11 4.5477340643e-11 7.3540541712e-11 
1.1735687422e-10 1.8479734409e-10 2.8710417377e-10 4.400348419e-10 6.6524474818e-10 9.9188934843e-10 1.4583818597e-09 2.1141890461e-09 3.0214837299e-09 
4.2563996772e-09 5.909582601e-09 8.0856841222e-09 1.0901463732e-08 1.448223319e-08 1.8956532344e-08 2.4449162694e-08 3.107299662e-08 3.8920337175e-08 
4.8054914714e-08 5.8505776224e-08 7.0264370322e-08 8.3285932817e-08 9.7495622242e-08 1.1279913537e-07 1.2909659119e-07 1.4629745237e-07 1.6433313021e-07 
1.8316436012e-07 2.0277977342e-07 2.2318373283e-07 2.4437287038e-07 2.6630274874e-07 2.8884909398e-07 3.1176872994e-07 3.3466815808e-07 3.5698676015e-07 
3.7800089103e-07 3.9685249931e-07 4.1260287276e-07 4.2430701797e-07 4.3110171077e-07 4.3229553626e-07 4.2744991902e-07 4.1643860982e-07 3.9947693153e-07 
3.7711598111e-07 3.5020249811e-07 3.198082652e-07 2.8714049449e-07 2.5344328947e-07 2.1990319965e-07 1.8756925613e-07 1.5729523284e-07 1.297073311e-07 
1.0519714522e-07 8.3936598116e-08 6.5908935198e-08 5.0949271468e-08 3.8788535051e-08 2.9095421183e-08 2.1512807535e-08 1.5686417498e-08 1.12852927e-08 
8.0144415548e-09 5.6209707999e-09 3.8951641912e-09 2.6681064025e-09 1.8072300323e-09 1.2108913872e-09 8.0278944603e-10 5.2674198336e-10 3.421043171e-10 
2.1994661648e-10 1.3998366355e-10 8.8188886749e-11 5.4989058446e-11 3.3930708937e-11 2.0714551602e-11 1.2509051087e-11 7.4702449088e-12 4.4107105121e-12 
2.5744248313e-12 1.485604066e-12 8.4847233406e-13 4.8165876669e-13 2.7588323878e-13 1.6718645511e-13 1.2054297989e-13 1.5363980975e-13 2.1246435058e-13 
3.4929784759e-13 6.0759790211e-13 1.0662743475e-12 1.8590704063e-12 3.2055848861e-12 5.459006077e-12 9.1776187344e-12 1.5229494749e-11 2.4942419657e-11 
4.0313755806e-11 6.4297074609e-11 1.011837697e-10 1.570963637e-10 2.4060659021e-10 3.6348135612e-10 5.4154541962e-10 7.9562673116e-10 1.1525214116e-09 
1.6458818752e-09 2.3168951202e-09 3.214586819e-09 4.3955705742e-09 5.9230660376e-09 7.8650543855e-09 1.0291514307e-08 1.3270804011e-08 1.6865422836e-08 
2.1127554817e-08 2.6094930661e-08 3.1787667609e-08 3.8206778186e-08 4.5334790144e-08 5.3138798251e-08 6.1575669008e-08 7.0598829893e-08 8.0165357019e-08 
9.0241925932e-08 1.0080766799e-07 1.1185270665e-07 1.2337102362e-07 1.3534773302e-07 1.477416447e-07 1.6046510609e-07 1.7336452629e-07 1.8620492881e-07 
1.9866278933e-07 2.1033004316e-07 2.2073082562e-07 2.2935140009e-07 2.356806732e-07 2.3925741743e-07 2.3971790597e-07 2.3683863049e-07 2.305665987e-07 
2.2103399999e-07 2.0855381422e-07 1.9359704595e-07 1.7675432673e-07 1.5868729974e-07 1.4007548543e-07 1.2156567664e-07 1.0372907155e-07 8.7030372242e-08 
7.1810497104e-08 5.8282861204e-08 4.6541519083e-08 3.657774883e-08 2.8302034494e-08 2.1567775121e-08 1.6194070085e-08 1.1985513915e-08 8.7478664312e-09 
6.2992979721e-09 4.4774219887e-09 3.1427411784e-09 2.1793442606e-09 1.4936895054e-09 1.0122245264e-09 6.7845323803e-10 4.4989387216e-10 2.9521660116e-10 
1.9172398391e-10 1.2324002929e-10 7.8410167248e-11 4.9376044919e-11 3.0770670734e-11 1.897437589e-11 1.1575088978e-11 6.9841354922e-12 4.1670898503e-12 
2.4580515574e-12 1.4332619293e-12 8.2621371767e-13 4.7135841237e-13 2.6727041804e-13 1.5289497641e-13 9.2531119214e-14 6.6644023741e-14 8.8893126258e-14 
1.2295381185e-13 2.0218292914e-13 3.5173789879e-13 6.1728562799e-13 1.0761949058e-12 1.8554350764e-12 3.1590888759e-12 5.3095154141e-12 8.8075441038e-12 
1.4418546218e-11 2.3292728857e-11 3.7129199021e-11 5.8393984093e-11 9.060147077e-11 1.3866637005e-10 2.0932802713e-10 3.1164018588e-10 4.5750736533e-10 
6.622326576e-10 9.4502217163e-10 1.3293730561e-09 1.843254438e-09 2.518982356e-09 3.3926921272e-09 4.5033359264e-09 5.8911830969e-09 7.5958475065e-09 
9.6539949368e-09 1.2096909252e-08 1.4948263072e-08 1.8222383602e-08 2.1923419524e-08 2.6045618995e-08 3.0574874188e-08 3.5491353856e-08 4.0772921039e-08 
4.6398628939e-08 5.2351467161e-08 5.8619466614e-08 6.5194335264e-08 7.2067187773e-08 7.9221223359e-08 8.6622144124e-08 9.4207258883e-08 1.0187520871e-07 
1.0947837126e-07 1.1681976986e-07 1.2365642021e-07 1.2970977536e-07 1.3468330451e-07 1.3828568513e-07 1.4025756911e-07 1.403980292e-07 1.3858819159e-07 
1.3480762107e-07 1.2914168224e-07 1.2177832787e-07 1.129943854e-07 1.0313374332e-07 9.2579227839e-08 8.172259669e-08 7.0935847418e-08 6.0547051817e-08 
5.082289789e-08 4.1959051345e-08 3.4078045275e-08 2.7233925337e-08 2.142175326e-08 1.6590080421e-08 1.2654513881e-08 9.5107237641e-09 7.0458154866e-09 
5.1473656448e-09 3.7099361361e-09 2.6391793195e-09 1.8538881541e-09 1.286457163e-09 8.8222384953e-10 5.9812688136e-10 4.0103212418e-10 2.6598298564e-10 
1.7454565571e-10 1.1334664457e-10 7.2843078791e-11 4.6329266812e-11 2.9160247134e-11 1.8161553858e-11 1.119124151e-11 6.8216344032e-12 4.1123853455e-12 
2.4513167104e-12 1.4444948059e-12 8.4136847879e-13 4.8447151239e-13 2.7607126654e-13 1.563458564e-13 8.9320281586e-14 5.3979058365e-14 3.8832886153e-14 
6.168703108e-14 8.5338860815e-14 1.4035590724e-13 2.4420539918e-13 4.2858728719e-13 7.4719061233e-13 1.2880882342e-12 2.1927735235e-12 3.6846172814e-12 
6.1104298704e-12 9.9998386308e-12 1.614814879e-11 2.5729252062e-11 4.0445421318e-11 6.2720495464e-11 9.5941130041e-11 1.4474726973e-10 2.1536726569e-10 
3.1598462735e-10 4.5711254226e-10 6.5193994647e-10 9.1659918544e-10 1.2702956464e-09 1.7352331794e-09 2.3362720647e-09 3.1002724832e-09 4.0551064728e-09 
5.228363964e-09 6.6458381021e-09 8.3299305231e-09 1.0298175646e-08 1.256209714e-08 1.5126635944e-08 1.799028837e-08 2.1146050244e-08 2.4583030722e-08 
2.8288527076e-08 3.225009948e-08 3.6457127095e-08 4.0901223741e-08 4.5575056618e-08 5.0469264323e-08 5.5567454638e-08 6.0839752791e-08 6.6235791962e-08 
7.167808036e-08 7.705740046e-08 8.2231409237e-08 8.702751586e-08 9.1250434764e-08 9.4694641462e-08 9.7160381074e-08 9.8471808485e-08 9.8494894019e-08 
9.7153076695e-08 9.443807869e-08 9.0414275178e-08 8.5216193213e-08 7.9038748879e-08 7.2122006145e-08 6.4731942473e-08 5.7139921239e-08 4.960306299e-08 
4.2347831908e-08 3.5558226585e-08 2.9369131127e-08 2.3865048604e-08 1.9083239877e-08 1.5020244604e-08 1.1640469921e-08 8.885478131e-09 6.6829626277e-09 
4.9545807457e-09 3.6222165267e-09 2.6125015484e-09 1.8596895135e-09 1.3071075333e-09 9.0750423842e-10 6.2261823475e-10 4.2226605546e-10 2.8319036005e-10 
1.8785106803e-10 1.2327699972e-10 8.004736457e-11 5.1433329817e-11 3.2702708597e-11 2.0575378207e-11 1.2808471297e-11 7.8881111712e-12 4.8050730062e-12 
2.8946268125e-12 1.7240894042e-12 1.0151163764e-12 5.9075379137e-13 3.3985366062e-13 1.9347759885e-13 1.0946063121e-13 6.2466457246e-14 3.7706240853e-14 
2.7100483722e-14 
MMP 1 10000 double
3.1769093996e-34 1.3057202068e-33 6.188650088e-33 2.8835073321e-32 1.3109543231e-31 5.8113516075e-31 2.5106300504e-30 1.0565648666e-29 4.3291540791e-29 
1.7261645461e-28 6.6943023381e-28 2.5236923768e-27 9.2433759678e-27 3.2872588885e-26 1.1344408998e-25 3.796634202e-25 1.231390771e-24 3.8678579879e-24 
1.1757201864e-23 3.4558895008e-23 9.8148294157e-23 2.6908870941e-22 7.1153840012e-22 1.8128687002e-21 4.4457888309e-21 1.0482573944e-20 2.373654706e-20 
5.1554348332e-20 1.072634504e-19 2.1349814661e-19 4.0596589823e-19 7.3641227448e-19 1.2725198685e-18 2.0917034023e-18 3.2660546131e-18 4.8379730213e-18 
6.7904919118e-18 9.0218256762e-18 1.1337228288e-17 1.3469340083e-17 1.5129032488e-17 1.6075090535e-17 1.6179427788e-17 1.5462703912e-17 1.4085994131e-17 
1.2302309835e-17 1.0387983114e-17 8.5794751272e-18 7.0346218618e-18 5.8242882944e-18 4.9477750437e-18 4.359188475e-18 3.9925067541e-18 3.7783583789e-18 
3.651782788e-18 3.5545878252e-18 3.4369474393e-18 3.2609047934e-18 3.0052902677e-18 2.6692390448e-18 2.2714877997e-18 1.8445664439e-18 1.4256075286e-18 
1.0470605222e-18 7.3032934335e-19 4.8374783673e-19 3.0440122465e-19 1.8210170513e-19 1.0366477529e-19 5.6217650122e-20 2.9077253225e-20 1.436189592e-20 
6.7825934484e-21 3.0665685571e-21 1.3289924777e-21 5.5275486153e-22 2.208986987e-22 8.4917228754e-23 3.1434848051e-23 1.1217331493e-23 3.8624112978e-24 
1.2844740102e-24 4.129299804e-25 1.2843353186e-25 3.8679403253e-26 1.1287837656e-26 3.1943720577e-27 8.7720947475e-28 2.3391011398e-28 6.0603063023e-29 
1.526512236e-29 3.740377133e-30 8.920285901e-31 2.071670085e-31 4.6877245343e-32 1.0339905449e-32 2.2243058591e-33 4.6698758464e-34 9.6364306254e-35 
2.2878179337e-35 1.287958028e-33 5.2842743257e-33 2.5006276631e-32 1.1633377409e-31 5.280877338e-31 2.337393028e-30 1.0082709695e-29 4.2367798586e-29 
1.7333858204e-28 6.9013865109e-28 2.6725941097e-27 1.006124523e-26 3.6800241051e-26 1.3070092764e-25 4.5047901993e-25 1.5057956425e-24 4.8782890166e-24 
1.5306638909e-23 4.6482290932e-23 1.3650781057e-22 3.8737995463e-22 1.0613337143e-21 2.80481739e-21 7.1428499922e-21 1.75106914e-20 4.127833205e-20 
9.3459175993e-20 2.0298740813e-19 4.2237879009e-19 8.408828077e-19 1.599419682e-18 2.9024284973e-18 5.0176895899e-18 8.2520844854e-18 1.289234521e-17 
1.9108773777e-17 2.6837567263e-17 3.5679347153e-17 4.4865710633e-17 5.3338435621e-17 5.9950060479e-17 6.3740102784e-17 6.4194648456e-17 6.1389162839e-17 
5.5956988347e-17 4.8898130093e-17 4.1307642859e-17 3.4124869641e-17 2.7979417307e-17 2.3157113154e-17 1.9660127705e-17 1.731053441e-17 1.5848969134e-17 
1.5000875741e-17 1.4507315267e-17 1.4134787861e-17 1.3682268781e-17 1.2995899951e-17 1.1989238516e-17 1.0657705205e-17 9.0758637312e-18 7.374095958e-18 
5.7015979708e-18 4.1889650447e-18 2.9225296066e-18 1.9361638754e-18 1.2185394059e-18 7.2907678511e-19 4.1510766571e-19 2.2515610704e-19 1.1648339291e-19 
5.7550031293e-20 2.7188269974e-20 1.2297694167e-20 5.3323123823e-21 2.2191533215e-21 8.8746574158e-22 3.4142960207e-22 1.2650504167e-22 4.5187754409e-23 
1.5576429338e-23 5.1862670193e-24 1.6694227492e-24 5.1995602131e-25 1.5682000128e-25 4.5835132791e-26 1.2991777981e-26 3.5736161675e-27 9.5454865834e-28 
2.47746741e-28 6.2516516552e-29 1.5346336418e-29 3.6666881193e-30 8.5315912966e-31 1.9341573469e-31 4.2743543051e-32 9.2124395935e-33 1.9378178657e-33 
4.0065081092e-34 9.5325612354e-35 6.0346966949e-33 2.4719505968e-32 1.1680883838e-31 5.4264547902e-31 2.4598058124e-30 1.087205434e-29 4.6832182438e-29 
1.9651423595e-28 8.0287816039e-28 3.1922313865e-27 1.234536964e-26 4.6413882443e-26 1.6954558493e-25 6.0141138249e-25 2.0703581488e-24 6.9125546096e-24 
2.2370156252e-23 7.0119826381e-23 2.1273647482e-22 6.2422697221e-22 1.7700804808e-21 4.8464277829e-21 1.2800688642e-20 3.2584159749e-20 7.9853308612e-20 
1.8819822011e-19 4.2605741737e-19 9.2537108717e-19 1.9257304396e-18 3.8345834995e-18 7.2958008315e-18 1.3244433811e-17 2.2906816573e-17 3.7690808866e-17 
5.8915727371e-17 8.7371918348e-17 1.2278095942e-16 1.6332764575e-16 2.0550185294e-16 2.4445569381e-16 2.7491957787e-16 2.9246930644e-16 2.9472164646e-16 
2.8199680284e-16 2.5717974334e-16 2.2484645757e-16 1.9001884505e-16 1.5701343864e-16 1.2873350993e-16 1.0650959547e-16 9.0371758322e-17 7.9520710403e-17 
7.2777361996e-17 6.8885113254e-17 6.6651235909e-17 6.4993658606e-17 6.2975748193e-17 5.9877381081e-17 5.5290853182e-17 4.9189572292e-17 4.1916133461e-17 
3.4074166778e-17 2.6356219284e-17 1.9369560663e-17 1.3516532392e-17 8.9560805339e-18 5.637295018e-18 3.3732925824e-18 1.92084904e-18 1.0420230957e-18 
5.3918119038e-19 2.6644958361e-19 1.2591469946e-19 5.6973796599e-20 2.4714862618e-20 1.0291028318e-20 4.1180479977e-21 1.5854429033e-21 5.8790700834e-22 
2.1019140759e-22 7.2526457987e-23 2.4174514645e-23 7.7907918777e-24 2.4295744422e-24 7.3374758181e-25 2.1476111986e-25 6.096286877e-26 1.6794560553e-26 
4.4930786193e-27 1.1680385705e-27 2.9523138637e-28 7.259442045e-29 1.7374530234e-29 4.0496446186e-30 9.1966831791e-31 2.0359421097e-31 4.395681779e-32 
9.2623569611e-33 1.9184222089e-33 4.5734531672e-34 2.7825350122e-32 1.1379477682e-31 5.3694056984e-31 2.490835854e-30 1.1274760273e-29 4.9761720495e-29 
2.1404559105e-28 8.9688419728e-28 3.6591178274e-27 1.4528190906e-26 5.6107411409e-26 2.1065593702e-25 7.6848566342e-25 2.7224581832e-24 9.3604168198e-24 
3.121562045e-23 1.0090511059e-22 3.159559834e-22 9.5764351453e-22 2.8074938121e-21 7.9547237245e-21 2.1764792433e-20 5.7453205925e-20 1.4617916398e-19 
3.5811422357e-19 8.4381319842e-19 1.9100896949e-18 4.1486586014e-18 8.6346050607e-18 1.719751176e-17 3.2731090161e-17 5.9442045851e-17 1.028544961e-16 
1.693208009e-16 2.6481010729e-16 3.9292680518e-16 5.524757046e-16 7.3534127701e-16 9.2575311888e-16 1.1018697975e-15 1.2398914869e-15 1.3197765406e-15 
1.3306604904e-15 1.2738751899e-15 1.1623525027e-15 1.0166893055e-15 8.5953510062e-16 7.1039393325e-16 5.8242303091e-16 4.8170525482e-16 4.0846313644e-16 
3.5916693064e-16 3.2854891306e-16 3.1095815632e-16 3.0099752532e-16 2.9374009409e-16 2.8489759952e-16 2.711557605e-16 2.5062275541e-16 2.2314987704e-16 
1.9028194143e-16 1.547645397e-16 1.197576209e-16 8.8037262728e-17 6.1447144891e-17 4.0720877329e-17 2.5633964878e-17 1.5340416839e-17 8.7360496638e-18 
4.7396539201e-18 2.4528275035e-18 1.2123611939e-18 5.7306710946e-19 2.5938696044e-19 1.1256701583e-19 4.6895437709e-20 1.8776881967e-20 7.2341185484e-21 
2.6846647612e-21 9.6069687324e-22 3.3181867616e-22 1.1072261077e-22 3.5725137504e-23 1.1155100623e-23 3.3734575594e-24 9.8878271329e-25 2.8109648269e-25 
7.7558289707e-26 2.0782346414e-26 5.4114914392e-27 1.3700819105e-27 3.374609393e-28 8.0905632699e-29 1.8890116729e-29 4.2973955695e-30 9.5301163835e-31 
2.0611891423e-31 4.350826384e-32 9.0274469047e-33 2.1563606326e-33 1.2530090344e-31 5.1158346398e-31 2.4103052751e-30 1.1164819765e-29 5.0462975662e-29 
2.2239141587e-28 9.5518026706e-28 3.996435983e-27 1.6280699333e-26 6.454657758e-26 2.489167263e-25 9.3323231164e-25 3.3997495045e-24 1.202772909e-23 
4.1299862904e-23 1.3755616253e-22 4.4412343898e-22 1.3890929249e-21 4.2058983753e-21 1.2318677413e-20 3.4874257743e-20 9.534919322e-20 2.5154228971e-19 
6.396922168e-19 1.5665805083e-18 3.6904683709e-18 8.3531725737e-18 1.8143672378e-17 3.7768861628e-17 7.5245298367e-17 1.4326412191e-16 2.6029446877e-16 
4.5061877508e-16 7.4220192624e-16 1.1613844499e-15 1.7241824686e-15 2.4255802767e-15 3.2301686147e-15 4.068822712e-15 4.8455540422e-15 5.45550035e-15 
5.8100958703e-15 5.8610305025e-15 5.6136981524e-15 5.1246687625e-15 4.4844215452e-15 3.7926128912e-15 3.1351927161e-15 2.570296491e-15 2.1250184704e-15 
1.8007031074e-15 1.5821533604e-15 1.4464289302e-15 1.3687659616e-15 1.3253658992e-15 1.2943632228e-15 1.256614776e-15 1.1972410486e-15 1.1076675262e-15 
9.8709471552e-16 8.4230226824e-16 6.8546241842e-16 5.3063538357e-16 3.9020110609e-16 2.7240227536e-16 1.8054381539e-16 1.1366253063e-16 6.8024402048e-17 
3.874076907e-17 2.1020024213e-17 1.0879345768e-17 5.3782344578e-18 2.5428086241e-18 1.1513059589e-18 4.9983427659e-19 2.0833348936e-19 8.3465981163e-20 
3.2179157904e-20 1.1951666907e-20 4.2807562013e-21 1.4800478552e-21 4.9441999861e-22 1.5972031407e-22 4.9937340769e-23 1.5122676546e-23 4.4390354874e-24 
1.2638825712e-24 3.4927585718e-25 9.3744538354e-26 2.4451068854e-26 6.2011435165e-27 1.5300476295e-27 3.6747285007e-28 8.5951244152e-29 1.9588334042e-29 
4.3517737501e-30 9.4289082007e-31 1.9938361371e-31 4.1444610038e-32 9.9196529945e-33 5.5069728619e-31 2.2445957424e-30 1.0559120816e-29 4.883707551e-29 
2.2039894505e-28 9.6981752723e-28 4.1590179815e-27 1.7374444193e-26 7.0671663427e-26 2.7975825412e-25 1.0772272342e-24 4.0326959961e-24 1.4669559575e-23 
5.182436863e-23 1.7770466401e-22 5.9109052279e-22 1.9060301187e-21 5.9544648901e-21 1.8009159808e-20 5.2694445555e-20 1.4904581009e-19 4.0719110781e-19 
1.0735341275e-18 2.7287300813e-18 6.680225841e-18 1.5733855371e-17 3.5611270188e-17 7.73586191e-17 1.6107398224e-16 3.2101937249e-16 6.1149150759e-16 
1.1115907711e-15 1.925425956e-15 3.1730298896e-15 4.9676500299e-15 7.3785023095e-15 1.0384911078e-14 1.3836120563e-14 1.7436767836e-14 2.0775673459e-14 
2.3402537774e-14 2.4935880861e-14 2.5166363608e-14 2.4115221132e-14 2.2023925584e-14 1.9280045361e-14 1.6311091543e-14 1.3486184148e-14 1.1055545178e-14 
9.1366284587e-15 7.7366464743e-15 6.7918383964e-15 6.2049051268e-15 5.8701793053e-15 5.6854875828e-15 5.556343434e-15 5.3994974961e-15 5.1498235235e-15 
4.7694006981e-15 4.2540844877e-15 3.6327964088e-15 2.9580931617e-15 2.2909361311e-15 1.6851391202e-15 1.1766342193e-15 7.7994015572e-16 4.9104384601e-16 
2.9388631315e-16 1.6737585443e-16 9.0818680699e-17 4.7008723842e-17 2.3241975268e-17 1.0990940705e-17 4.9777810204e-18 2.1618998102e-18 9.0152429729e-19 
3.6139616605e-19 1.3942895659e-19 5.1827534423e-20 1.8580415263e-20 6.4307529019e-21 2.1507002888e-21 6.9564198198e-22 2.1778801189e-22 6.6047764254e-23 
1.9416591603e-23 5.5370210046e-24 1.5326732182e-24 4.1206031055e-25 1.0766263933e-25 2.735307088e-26 6.7611057219e-27 1.6267648461e-27 3.8119197128e-28 
8.7032984835e-29 1.9370812292e-29 4.2047139526e-30 8.9074974628e-31 1.8549666435e-31 4.4489058122e-32 2.3613180056e-30 9.6078159958e-30 4.5126413369e-29 
2.0838971258e-28 9.3897616659e-28 4.1252337036e-27 1.7662777476e-26 7.366934103e-26 2.9917722394e-25 1.1824301189e-24 4.5458393653e-24 1.6991196151e-23 
6.1713282813e-23 2.176927175e-22 7.4537823579e-22 2.4758485086e-21 7.9729976306e-21 2.4876608739e-20 7.5151762644e-20 2.1966189587e-19 6.2073535681e-19 
1.6944970624e-18 4.4645613589e-18 1.1342641358e-17 2.7759420351e-17 6.5372957313e-17 1.4796983992e-16 3.2150927517e-16 6.6969733532e-16 1.3353931811e-15 
2.5452524796e-15 4.6298092449e-15 8.0244259181e-15 1.3231269582e-14 2.0724285664e-14 3.0793686286e-14 4.3354954501e-14 5.7781551896e-14 7.2843518869e-14 
8.6825281665e-14 9.7843398151e-14 1.0429730132e-13 1.0530350192e-13 1.0094371492e-13 9.222311093e-14 8.0760478329e-14 6.8343083742e-14 5.6515186817e-14 
4.6325177174e-14 3.8268071031e-14 3.2379453936e-14 2.8398578655e-14 2.592363478e-14 2.4515813506e-14 2.3748333893e-14 2.3223852786e-14 2.2589896059e-14 
2.1568740243e-14 1.9996784312e-14 1.7853272571e-14 1.5258031383e-14 1.2431945766e-14 9.6324485118e-15 7.0874634829e-15 4.9496480387e-15 3.2811885855e-15 
2.065853219e-15 1.236382547e-15 7.0413705968e-16 3.8206575168e-16 1.9776837596e-16 9.7789517009e-17 4.6251704689e-17 2.0952744651e-17 9.1032566444e-18 
3.7978893539e-18 1.5233597009e-18 5.8813653076e-19 2.187987846e-19 7.8514775284e-20 2.7203262623e-20 9.1086010971e-21 2.9499647674e-21 9.2484234993e-22 
2.8088862967e-22 8.2704063707e-23 2.3623219201e-23 6.5501073391e-24 1.7640799441e-24 4.6174217872e-25 1.1752554537e-25 2.910357788e-26 7.015575764e-27 
1.6470107995e-27 3.7674926016e-28 8.4010087324e-29 1.8269740087e-29 3.8775763197e-30 8.0901978698e-31 1.9443836776e-31 9.874530962e-30 4.0106498034e-29 
1.8807036926e-28 8.6710354255e-28 3.9007465389e-27 1.7109356114e-26 7.3135873843e-26 3.0453753379e-25 1.2347051701e-24 4.8718239071e-24 1.8698841775e-23 
6.9777561723e-23 2.5303020244e-22 8.9115685331e-22 3.0466552339e-21 1.0104907833e-20 3.2495454322e-20 1.012563937e-19 3.0552422573e-19 8.9204801279e-19 
2.5184134135e-18 6.8693594473e-18 1.8087779784e-17 4.5934143435e-17 1.123925106e-16 2.6468310529e-16 5.9923764076e-16 1.3025962772e-15 2.7149779769e-15 
5.4178692172e-15 1.0335047095e-14 1.8814854866e-14 3.2633543491e-14 5.3838264549e-14 8.4357237721e-14 1.2536659536e-13 1.765183865e-13 2.3526834777e-13 
2.966270079e-13 3.536277716e-13 3.9860383874e-13 4.2501809364e-13 4.2924255188e-13 4.1158461188e-13 3.7612567141e-13 3.2945651415e-13 2.788569885e-13 
2.3061725598e-13 1.8901111958e-13 1.5606499383e-13 1.319418343e-13 1.1560212152e-13 1.0543059074e-13 9.9654822155e-14 9.6541237461e-14 9.4464902209e-14 
9.1973757982e-14 8.7914477944e-14 8.1598722462e-14 7.2926006325e-14 6.2378054111e-14 5.0857914749e-14 3.9423993177e-14 2.9016553564e-14 2.0267443526e-14 
1.3436262567e-14 8.4593519255e-15 5.0624757919e-15 2.8829374106e-15 1.564197109e-15 8.096622242e-16 4.0036910135e-16 1.8938814962e-16 8.5815316636e-17 
3.7296422385e-17 1.5567211565e-17 6.2477505877e-18 2.4138393793e-18 8.9875396602e-19 3.2282669864e-19 1.1197374639e-19 3.7538470786e-20 1.2173648579e-20 
3.8220494126e-21 1.1625960905e-21 3.4286626293e-22 9.8100747933e-23 2.7248606196e-23 7.3519004356e-24 1.9279003217e-24 4.9162620196e-25 1.2197670535e-25 
2.9459677705e-26 6.9294458657e-27 1.5881525507e-27 3.5481903292e-28 7.7310655753e-29 1.6439700389e-29 3.43658952e-30 8.2770036705e-31 4.0256061541e-29 
1.6320805813e-28 7.6406590534e-28 3.5169753382e-27 1.5795220157e-26 6.9164421408e-26 2.951505574e-25 1.2269094494e-24 4.9658084009e-24 1.9560156399e-23 
7.4946525472e-23 2.791994071e-22 1.0107476617e-21 3.5539479784e-21 1.2130736969e-20 4.0172601598e-20 1.2899941106e-19 4.0141805922e-19 1.2097061509e-18 
3.5281126689e-18 9.951110982e-18 2.7122686494e-17 7.1378381204e-17 1.8121174058e-16 4.433759287e-16 1.0443996708e-15 2.3657486221e-15 5.1466522321e-15 
1.0738015396e-14 2.1453211725e-14 4.0972945387e-14 7.467279155e-14 1.2962806555e-13 2.1396873531e-13 3.3530667934e-13 4.9822044277e-13 7.0123827535e-13 
9.3424736263e-13 1.1775401617e-12 1.4036119272e-12 1.582122996e-12 1.6871086776e-12 1.70408067e-12 1.634177277e-12 1.493562652e-12 1.3083899198e-12 
1.1075411421e-12 9.1595307727e-13 7.5056313161e-13 6.1941960892e-13 5.2321889226e-13 4.5791685331e-13 4.1719373182e-13 3.9408916668e-13 3.8176005326e-13 
3.7374844972e-13 3.6423796379e-13 3.4856625507e-13 3.2391000689e-13 2.8979829604e-13 2.4810803911e-13 2.024288262e-13 1.5699553745e-13 1.1558495046e-13 
8.074442536e-14 5.3529805642e-14 3.3699260017e-14 2.0164664548e-14 1.1481598516e-14 6.2288206785e-15 3.2239289465e-15 1.5941889574e-15 7.541691783e-16 
3.4179370255e-16 1.4859419584e-16 6.2049358846e-17 2.4917313793e-17 9.6338119437e-18 3.5900804909e-18 1.2908245483e-18 4.4823619755e-19 1.5045829854e-19 
4.8860922242e-20 1.5363374151e-20 4.6807113561e-21 1.3827339739e-21 3.9632371878e-22 1.1028431965e-22 2.9811479593e-23 7.8325068424e-24 2.0012280983e-24 
4.9749991235e-25 1.2039363408e-25 2.8374984716e-26 6.5161266626e-27 1.4586829695e-27 3.1845215519e-28 6.7848947123e-29 1.4211127105e-29 3.4301523249e-30 
1.5992777813e-28 6.4719070222e-28 3.0247590667e-27 1.3899578157e-26 6.2318988458e-26 2.7241423026e-25 1.1604703021e-24 4.8154767559e-24 1.9455750658e-23 
7.6499634823e-23 2.9259610805e-22 1.0880941986e-21 3.9322356863e-21 1.3802823608e-20 4.7035538194e-20 1.5551789092e-19 4.9864081006e-19 1.5495113262e-18 
4.663744796e-18 1.3587095861e-17 3.8288764496e-17 1.0429184484e-16 2.7436024495e-16 6.9648761102e-16 1.7046007609e-15 4.017930855e-15 9.1107287323e-15 
1.9847664162e-14 4.1478966258e-14 8.3019393226e-14 1.5883743431e-13 2.8991942853e-13 5.0381416703e-13 8.3196915069e-13 1.3034510537e-12 1.9351983124e-12 
2.7206889085e-12 3.6204791335e-12 4.5588238046e-12 5.4303185212e-12 6.1184252109e-12 6.5229570877e-12 6.5876969678e-12 6.3168155602e-12 5.7727611753e-12 
5.0566755644e-12 4.2801417792e-12 3.5393348408e-12 2.8994649563e-12 2.3915027944e-12 2.0182115527e-12 1.764225376e-12 1.6054766024e-12 1.5153977248e-12 
1.4677574477e-12 1.4376319146e-12 1.4023805988e-12 1.3436685575e-12 1.2502087039e-12 1.1198610398e-12 9.5970453806e-13 7.8360283757e-13 6.0804090712e-13 
4.4778680004e-13 3.1284171217e-13 2.0738922732e-13 1.305405301e-13 7.8095495836e-14 4.445702568e-14 2.4113256015e-14 1.2478720619e-14 6.1701132485e-15 
2.919004497e-15 1.3231047448e-15 5.7537910492e-16 2.4036640403e-16 9.65800069e-17 3.7368013212e-17 1.3937622745e-17 5.0164868693e-18 1.744016023e-18 
5.8617916294e-19 1.90634784e-19 6.0034881853e-20 1.8321071522e-20 5.4217440159e-21 1.5568455974e-21 4.3404252868e-22 1.1755664532e-22 3.0947593913e-23 
7.923137494e-24 1.9736761451e-24 4.7859998835e-25 1.1302924775e-25 2.6009264817e-26 5.83414601e-27 1.2762353888e-27 2.7245307588e-28 5.7180107732e-29 
1.383201231e-29 6.1888627279e-28 2.499802564e-27 1.1663306173e-26 5.3504681949e-26 2.3947403661e-25 1.0449705146e-24 4.4435907647e-24 1.840587619e-23 
7.4229431977e-23 2.913367074e-22 1.1122750952e-21 4.1287916521e-21 1.4894265808e-20 5.2190030171e-20 1.7754581403e-19 5.8608884516e-19 1.8763541676e-18 
5.8226868728e-18 1.7504036771e-17 5.0944267217e-17 1.4345514107e-16 3.905750182e-16 1.027408084e-15 2.6090742946e-15 6.3907712604e-15 1.5083850916e-14 
3.4266135123e-14 7.4821239157e-14 1.5678165146e-13 3.1467100518e-13 6.036325953e-13 1.1041401083e-12 1.9212541714e-12 3.1734155234e-12 4.967468277e-12 
7.3617787213e-12 1.03257446e-11 1.3707876848e-11 1.7225228188e-11 2.0486690469e-11 2.3058733742e-11 2.456638365e-11 2.479780617e-11 2.3768209623e-11 
2.1712926596e-11 1.9013179919e-11 1.6088734511e-11 1.3300283618e-11 1.0891513386e-11 8.9776857823e-12 7.5688890919e-12 6.6079910641e-12 6.0057410434e-12 
5.6636171447e-12 5.4840277285e-12 5.3736399011e-12 5.246881922e-12 5.0336458092e-12 4.6899576236e-12 4.2063830717e-12 3.6087092516e-12 2.948933632e-12 
2.2894659259e-12 1.6865149685e-12 1.1783208957e-12 7.8103387473e-13 4.914989314e-13 2.9394667039e-13 1.6727862585e-13 9.0703479612e-14 4.6928007135e-14 
2.3200015585e-14 1.0975208338e-14 4.9752322454e-15 2.1641079821e-15 9.0442684097e-16 3.6360821555e-16 1.4078825784e-16 5.2559052813e-17 1.8937467981e-17 
6.5917998199e-18 2.2185993189e-18 7.2261050747e-19 2.2793589919e-19 6.9680887008e-20 2.0658373741e-20 5.9433488428e-21 1.6602530694e-21 4.5057523571e-22 
1.1886149699e-22 3.0494166131e-23 7.612135393e-24 1.8497640435e-24 4.3776978049e-25 1.0094608654e-25 2.2690160291e-26 4.973709074e-27 1.0639478347e-27 
2.2374698166e-28 5.4246067814e-29 2.3318341246e-27 9.4009339855e-27 4.3786063508e-26 2.0051907438e-25 8.9589897626e-25 3.902371047e-24 1.6564222031e-23 
6.8485079394e-23 2.7568386426e-22 1.0799955633e-21 4.1155814e-21 1.5248938883e-20 5.4909237801e-20 1.9206304058e-19 6.5226825725e-19 2.1497123379e-18 
6.8720825258e-18 2.1297417577e-17 6.3953627878e-17 1.8597900082e-16 5.2344857371e-16 1.4250578655e-15 3.7502371034e-15 9.5333380337e-15 2.3390696254e-14 
5.5340524914e-14 1.2610870464e-13 2.7639050987e-13 5.8155899801e-13 1.1721798662e-12 2.2573221504e-12 4.141410305e-12 7.2180078754e-12 1.1921280803e-11 
1.8626097192e-11 2.7511817477e-11 3.8427427906e-11 5.0797466927e-11 6.3596787558e-11 7.5426026536e-11 8.4728599137e-11 9.0145627074e-11 9.0902348149e-11 
8.7053718401e-11 7.9464809732e-11 6.9536369718e-11 5.880584214e-11 4.8588234131e-11 3.9766610144e-11 3.2754833568e-11 2.7585917925e-11 2.4051502109e-11 
2.1829139191e-11 2.0563845765e-11 1.9903507661e-11 1.9509309099e-11 1.9067518398e-11 1.8317602643e-11 1.7092629395e-11 1.5352183066e-11 1.3186782395e-11 
1.0785624997e-11 8.3784168839e-12 6.1734146441e-12 4.3130820096e-12 2.8582032574e-12 1.7979813602e-12 1.0748261005e-12 6.1137753931e-13 3.3136411367e-13 
1.7137865833e-13 8.4703538671e-14 4.0065627411e-14 1.816287836e-14 7.9019703649e-15 3.3036402525e-15 1.3289105203e-15 5.1493451616e-16 1.9241385718e-16 
6.9405026048e-17 2.4189480881e-17 8.1531032261e-18 2.65969793e-18 8.4038913597e-19 2.573769374e-19 7.6450785173e-20 2.2038459969e-20 6.1690164771e-21 
1.6777281686e-21 4.435297612e-22 1.140340469e-22 2.8527567449e-23 6.9472818444e-24 1.6477099444e-24 3.8076205692e-25 8.5767188613e-26 1.8839605413e-26 
4.0383788854e-27 8.5102385715e-28 2.0679374259e-28 8.5502152919e-27 3.4405283994e-26 1.5996848074e-25 7.3130512054e-25 3.261614438e-24 1.4181396669e-23 
6.0085010796e-23 2.4796225706e-22 9.9629482112e-22 3.8956701027e-21 1.4817551269e-20 5.4799636369e-20 1.9696632168e-19 6.8773977817e-19 2.3317315705e-18 
7.6728686322e-18 2.4494194366e-17 7.582192928e-17 2.2748403875e-16 6.611920128e-16 1.860877175e-15 5.0688259979e-15 1.3355798672e-14 3.4021376482e-14 
8.3724443123e-14 1.9887822671e-13 4.5545484701e-13 1.0039977747e-12 2.12581233e-12 4.311608362e-12 8.3494235831e-12 1.5381905819e-11 2.6863029162e-11 
4.4340614513e-11 6.905086225e-11 1.0142761631e-10 1.4070257459e-10 1.8470311391e-10 2.2984013304e-10 2.7131899505e-10 3.0377486637e-10 3.2245192627e-10 
3.2459815391e-10 3.1040650605e-10 2.8297925114e-10 2.4733426418e-10 2.0895575548e-10 1.725021237e-10 1.4107301438e-10 1.1609806866e-10 9.7667568477e-11 
8.5034056185e-11 7.7061239334e-11 7.2506452231e-11 7.0138270192e-11 6.8765944328e-11 6.7274845417e-11 6.4724794968e-11 6.049832163e-11 5.4427080898e-11 
4.6815728377e-11 3.8331199326e-11 2.9794892248e-11 2.1958317109e-11 1.533927152e-11 1.0161167914e-11 6.3885147172e-12 3.8166509883e-12 2.1695889443e-12 
1.1752086934e-12 6.0749891445e-13 3.0013952478e-13 1.4193615901e-13 6.4340087349e-14 2.7995700986e-14 1.1708347542e-14 4.712325077e-15 1.8273338233e-15 
6.8346506179e-16 2.4681367472e-16 8.6135501708e-17 2.9075630142e-17 9.5006846687e-18 3.0073067272e-18 9.227670192e-19 2.7464505647e-19 7.9336475825e-20 
2.2255438168e-20 6.0658228684e-21 1.6071332713e-21 4.1412526757e-22 1.038321632e-22 2.5342486324e-23 6.0238751898e-24 1.3950828601e-24 3.1492446533e-25 
6.9323703518e-26 1.4891114685e-26 3.1446541761e-27 7.6588778692e-28 3.049482345e-26 1.2247582011e-25 5.6846657894e-25 2.5942605947e-24 1.1549893162e-23 
5.0128049471e-23 2.1199810102e-22 8.7326412483e-22 3.5021579094e-21 1.3668345367e-20 5.1891983425e-20 1.9155935221e-19 6.8729201496e-19 2.3956964133e-18 
8.1095132893e-18 2.664733392e-17 8.4964194108e-17 2.6276875789e-16 7.8796409883e-16 2.2902383877e-15 6.4498573142e-15 1.7594278695e-14 4.6472371172e-14 
1.1880721287e-13 2.9381553614e-13 7.0231640599e-13 1.6205825744e-12 3.6031106484e-12 7.6985215078e-12 1.5752787963e-11 3.0740347767e-11 5.6945746729e-11 
9.9693524269e-11 1.643429004e-10 2.5460600295e-10 3.7082922844e-10 5.0907567051e-10 6.6115568575e-10 8.1500584059e-10 9.5509056219e-10 1.0638234738e-09 
1.1251800602e-09 1.1296513724e-09 1.0778684612e-09 9.8067276522e-10 8.5560147856e-10 7.2171019161e-10 5.9503263428e-10 4.8609272163e-10 3.9962141929e-10 
3.3577782221e-10 2.9191468687e-10 2.6411972609e-10 2.4816468325e-10 2.3987914433e-10 2.3521751213e-10 2.3034853192e-10 2.2198058669e-10 2.0788923361e-10 
1.8739122754e-10 1.6146214921e-10 1.3237147489e-10 1.0296904995e-10 7.5899390939e-11 5.3004559075e-11 3.5089896266e-11 2.204397255e-11 1.3158063181e-11 
7.47323297e-12 4.0447836053e-12 2.089408941e-12 1.0317246189e-12 4.8772466101e-13 2.2105140797e-13 9.6189766222e-14 4.0240072152e-14 1.620412314e-14 
6.2883340604e-15 2.3542829724e-15 8.5119383779e-16 2.9747066542e-16 1.0057086881e-16 3.2919174489e-17 1.0439594221e-17 3.2096799796e-18 9.5729974182e-19 
2.7713370689e-19 7.791454589e-20 2.1284140721e-20 5.652139262e-21 1.4597957636e-21 3.6685195109e-22 8.9743157917e-23 2.1380209969e-23 4.9625811709e-24 
1.1227182788e-24 2.4767725325e-25 5.3315657317e-26 1.128293732e-26 2.7543600433e-27 1.0573142156e-25 4.2384978748e-25 1.963895256e-24 8.9470174179e-24 
3.976308613e-23 1.7226883177e-22 7.272276697e-22 2.9901171564e-21 1.1969564381e-20 4.6629431288e-20 1.7670746648e-19 6.5115936994e-19 2.332308529e-18 
8.1168090224e-18 2.7436383161e-17 9.0045346235e-17 2.8684783994e-16 8.8669822962e-16 2.6590752847e-15 7.7345331271e-15 2.1818550588e-14 5.9684489339e-14 
1.5830537564e-13 4.070505326e-13 1.0142556283e-12 2.4470588316e-12 5.7083712757e-12 1.2845185852e-11 2.778820056e-11 5.7535507608e-11 1.1340735295e-10 
2.1156634777e-10 3.7145941878e-10 6.110644768e-10 9.3973906434e-10 1.3524300568e-09 1.8292277693e-09 2.339220373e-09 2.8439057775e-09 3.296839024e-09 
3.6440959139e-09 3.8339544872e-09 3.83429688e-09 3.6468439379e-09 3.3084570639e-09 2.8789559625e-09 2.4228845596e-09 1.9938566354e-09 1.6263830283e-09 
1.3353658179e-09 1.1205703032e-09 9.7270502764e-10 8.7858015307e-10 8.2420120728e-10 7.9590239954e-10 7.8042367013e-10 7.6505463076e-10 7.386344314e-10 
6.9336553166e-10 6.2654631483e-10 5.4109489112e-10 4.4440623403e-10 3.460371989e-10 2.5509103163e-10 1.7803264418e-10 1.1773641784e-10 7.3871922468e-11 
4.4038182823e-11 2.4981567162e-11 1.3506100752e-11 6.9702598728e-12 3.4392384773e-12 1.6249532102e-12 7.3626071602e-13 3.2036900259e-13 1.3405353487e-13 
5.4007993011e-14 2.0974607617e-14 7.8605106433e-15 2.8454820372e-15 9.9586404763e-16 3.3724108575e-16 1.1058689444e-16 3.5138923589e-17 1.0826038941e-17 
3.2359502018e-18 9.3890655372e-19 2.6457857861e-19 7.2445466787e-20 1.9283919449e-20 4.9923358999e-21 1.2575580808e-21 3.08358281e-22 7.3632775453e-23 
1.7129964673e-23 3.8841104947e-24 8.5873573902e-25 1.8525136182e-25 3.9287901589e-26 9.6132485025e-27 3.5616258823e-25 1.4251296845e-24 6.5921350871e-24 
2.9981378144e-23 1.3301669085e-22 5.7527266257e-22 2.4242036405e-21 9.9497759254e-21 3.9758487841e-20 1.5461264514e-19 5.8491114676e-19 2.1517995214e-18 
7.6953083879e-18 2.6743538334e-17 9.0292249722e-17 2.9607999614e-16 9.427714931e-16 2.9146291483e-15 8.7481545852e-15 2.5493074381e-14 7.2136937537e-14 
1.9824837301e-13 5.2925464575e-13 1.3726309585e-12 3.4574912378e-12 8.450870212e-12 2.0007072388e-11 4.5739363685e-11 1.0053498312e-10 2.1125272365e-10 
4.2155212654e-10 7.9315493062e-10 1.3973985302e-09 2.2924602217e-09 3.4921545655e-09 4.9478230402e-09 6.5616783118e-09 8.2168281068e-09 9.7986632142e-09 
1.1186253701e-08 1.2230374047e-08 1.2772258806e-08 1.2704959751e-08 1.2030783481e-08 1.0871218592e-08 9.4254772876e-09 7.9068662728e-09 6.4895946394e-09 
5.2827680008e-09 4.3306584985e-09 3.6289169447e-09 3.1451179439e-09 2.8355955362e-09 2.6552386956e-09 2.5607616028e-09 2.5103668033e-09 2.4635080642e-09 
2.3836597141e-09 2.2443085168e-09 2.0350496843e-09 1.7636637706e-09 1.4527328229e-09 1.1329244209e-09 8.3510492965e-10 5.8206683917e-10 3.84183102e-10 
2.4054622183e-10 1.431167268e-10 8.1042977884e-11 4.3748577677e-11 2.2549025147e-11 1.1114685561e-11 5.2474699933e-12 2.3765108804e-12 1.0339224052e-12 
4.3269034189e-13 1.7440129202e-13 6.778057255e-14 2.5427441186e-14 9.2163723756e-15 3.2304115014e-15 1.0958267468e-15 3.6002021045e-16 1.1463027901e-16 
3.5393410667e-17 1.0603249424e-17 3.0837272556e-18 8.7105758097e-19 2.3908657819e-19 6.3796466302e-20 1.6556218677e-20 4.1805627379e-21 1.0275430026e-21 
2.4594494409e-22 5.7349203311e-23 1.3033055005e-23 2.8878590436e-24 6.2433548318e-25 1.326936889e-25 3.2544478215e-26 1.1648565659e-24 4.6526306215e-24 
2.1486067214e-23 9.7559728191e-23 4.3211846537e-22 1.8656891099e-21 7.84870405e-21 3.2159182785e-20 1.2828935406e-19 4.9807031394e-19 1.8812585215e-18 
6.9106307967e-18 2.4681166963e-17 8.5679685486e-17 2.8904305817e-16 9.474550559e-16 3.0174750417e-15 9.3377869253e-15 2.8082989425e-14 8.2108751493e-14 
2.3350212822e-13 6.4624212015e-13 1.7415578528e-12 4.5714087897e-12 1.168485881e-11 2.9050059233e-11 7.0072496416e-11 1.6333753794e-10 3.6588465591e-10 
7.8219342114e-10 1.5832875011e-09 3.008969518e-09 5.3242943387e-09 8.7093123824e-09 1.3119271891e-08 1.8238658583e-08 2.3607947597e-08 2.878540073e-08 
3.3460253235e-08 3.7408675269e-08 4.0293041792e-08 4.1655717098e-08 4.1140644669e-08 3.8732139274e-08 3.4815453631e-08 3.0038037835e-08 2.5088471745e-08 
2.0517195054e-08 1.6656070301e-08 1.3627230899e-08 1.1401237288e-08 9.8653512026e-09 8.8771674456e-09 8.2947817504e-09 7.9858306634e-09 7.8242372581e-09 
7.6864488108e-09 7.4579054044e-09 7.0518364481e-09 6.4294303215e-09 5.6063194087e-09 4.6430383982e-09 3.6311096352e-09 2.6752344784e-09 1.8591613804e-09 
1.2222571844e-09 7.6229189627e-10 4.5200307386e-10 2.5524821146e-10 1.3748129024e-10 7.0735084456e-11 3.4817690397e-11 1.6421218552e-11 7.4319335408e-12 
3.2322935561e-12 1.3527405108e-12 5.4544590415e-13 2.1213669113e-13 7.9662926917e-14 2.8912111014e-14 1.0149720521e-14 3.4491429369e-15 1.1354057377e-15 
3.622818943e-16 1.1211080597e-16 3.3665403898e-17 9.8145616608e-18 2.7791477736e-18 7.647160686e-19 2.0456168794e-19 5.3219049315e-20 1.3471276856e-20 
3.3191549022e-21 7.9634354752e-22 1.8612463715e-22 4.2394896504e-23 9.4147748582e-24 2.0398325844e-24 4.344722926e-25 1.0680787157e-25 3.696261414e-24 
1.4738010613e-23 6.7953721621e-23 3.0806825787e-22 1.3623614202e-21 5.8726923512e-21 2.4666325534e-20 1.0090826053e-19 4.0192323393e-19 1.558122173e-18 
5.8770752388e-18 2.1562418121e-17 7.6931893166e-17 2.6687718532e-16 9.0006049201e-16 2.9511614676e-15 9.4089266814e-15 2.91776965e-14 8.8053770818e-14 
2.5878759313e-13 7.4135673728e-13 2.0721644886e-12 5.6559570395e-12 1.5081765697e-11 3.9270392493e-11 9.9673554133e-11 2.4576482516e-10 5.8567073413e-10 
1.3398806509e-09 2.9194802131e-09 6.005180353e-09 1.1549659895e-08 2.0561810032e-08 3.356409195e-08 4.9945338532e-08 6.7940540305e-08 8.5524540339e-08 
1.010350914e-07 1.1370221387e-07 1.2366369617e-07 1.3056363457e-07 1.3319061054e-07 1.3033327662e-07 1.2180142051e-07 1.0875279344e-07 9.3236870669e-08 
7.7426591361e-08 6.3014951479e-08 5.0971191712e-08 4.1599051315e-08 3.4743496968e-08 3.0013971752e-08 2.6951415322e-08 2.5119076597e-08 2.4126864062e-08 
2.36138753e-08 2.3225084078e-08 2.2621614804e-08 2.1535690564e-08 1.9828938491e-08 1.7499539595e-08 1.4654418123e-08 1.1525071564e-08 8.4776754505e-09 
5.8520517321e-09 3.8144083447e-09 2.3599553423e-09 1.390353388e-09 7.8136280779e-10 4.1937056605e-10 2.1520629723e-10 1.0572490799e-10 4.9793138363e-11 
2.251403057e-11 9.7867157087e-12 4.095392428e-12 1.6518104159e-12 6.4285713254e-13 2.4165465093e-13 8.7820226894e-14 3.0879050266e-14 1.0512805429e-14 
3.4677048169e-15 1.1088966769e-15 3.4395379539e-16 1.0353454444e-16 3.0258630767e-17 8.5898190207e-18 2.3695947291e-18 6.3547576703e-19 1.6574292897e-19 
4.2058770496e-20 1.038813399e-20 2.4983407127e-21 5.8529192813e-22 1.3362084471e-22 2.9739664852e-23 6.4574398486e-24 1.3783472746e-24 3.3963084932e-25 
1.1370371297e-23 4.5262566822e-23 2.083855977e-22 9.4332799889e-22 4.1655030424e-21 1.7929710079e-20 7.5198472499e-20 3.0719644888e-19 1.2219265037e-18 
4.7310690261e-18 1.7825374932e-17 6.534110755e-17 2.3298917058e-16 8.0808917814e-16 2.7263517236e-15 8.9494282482e-15 2.8594033201e-14 8.8981576827e-14 
2.6993614592e-13 7.9921160835e-13 2.3125264724e-12 6.5482242025e-12 1.816458442e-11 4.9376138594e-11 1.3139450639e-10 3.4139652216e-10 8.6221907392e-10 
2.103650143e-09 4.9212802722e-09 1.0946496154e-08 2.2936204047e-08 4.4791363507e-08 8.0513395062e-08 1.3144811817e-07 1.9314678923e-07 2.564265742e-07 
3.1323369853e-07 3.5732696801e-07 3.8647218048e-07 4.055326599e-07 4.1700562292e-07 4.1806350737e-07 4.0434440507e-07 3.7445980183e-07 3.3160122825e-07 
2.8204971159e-07 2.3250787251e-07 1.8805263835e-07 1.5139659126e-07 1.231764486e-07 1.0267822859e-07 8.8556440403e-08 7.9344161463e-08 7.3721913907e-08 
7.0584249556e-08 6.8965917421e-08 6.7932184322e-08 6.6575118751e-08 6.4157255508e-08 6.022372645e-08 5.4480782552e-08 4.6687507194e-08 3.7135503561e-08 
2.7205418363e-08 1.8501150834e-08 1.1836230662e-08 7.1993166983e-09 4.1861136779e-09 2.3310244845e-09 1.2433977181e-09 6.3542437978e-10 3.112781144e-10 
1.4631315604e-10 6.6068470139e-11 2.8697466278e-11 1.2005571884e-11 4.8431432476e-12 1.8860154324e-12 7.0967016985e-13 2.5824665757e-13 9.0951782238e-14 
3.1022812086e-14 1.0254365513e-14 3.2864933411e-15 1.0218103609e-15 3.0833523939e-16 9.0340060761e-17 2.5711218584e-17 7.1109028036e-18 1.9118675129e-18 
4.9990965342e-19 1.2717302212e-19 3.1487473353e-20 7.5908474577e-21 1.7824772848e-21 4.0786022261e-22 9.0976816466e-23 1.9796363442e-23 4.2345158035e-24 
1.0457947756e-24 3.3879051524e-23 1.3465757202e-22 6.1909839183e-22 2.7987686318e-21 1.2342078384e-20 5.3054240041e-20 2.2222840466e-19 9.0673129585e-19 
3.602654877e-18 1.3935248736e-17 5.2463996526e-17 1.9222091896e-16 6.8535034537e-16 2.3781129738e-15 8.0327954507e-15 2.6424917349e-14 8.4719706836e-14 
2.6498573301e-13 8.0967399669e-13 2.4207606406e-12 7.0942999739e-12 2.0411628984e-11 5.771485373e-11 1.6035187067e-10 4.3698142327e-10 1.1637628639e-09 
3.0124915895e-09 7.5287962531e-09 1.8030444693e-08 4.1045314703e-08 8.7999858067e-08 1.7557145782e-07 3.2068194855e-07 5.2582987564e-07 7.628880212e-07 
9.8557245565e-07 1.1677732346e-06 1.2855171008e-06 1.3249187987e-06 1.3260853393e-06 1.3162090227e-06 1.2898004798e-06 1.2293368172e-06 1.1261432746e-06 
9.8757561773e-07 8.3203349277e-07 6.796933576e-07 5.454248253e-07 4.3648495307e-07 3.537624309e-07 2.9426371384e-07 2.5339903686e-07 2.2651363452e-07 
2.0967925707e-07 1.9989481359e-07 1.9482980917e-07 1.9239969618e-07 1.9066683876e-07 1.8814620262e-07 1.8359409637e-07 1.7448184053e-07 1.5630553207e-07 
1.2694539464e-07 9.2213007008e-08 6.0882030084e-08 3.7510307749e-08 2.2030246072e-08 1.246843695e-08 6.8164687228e-09 3.5938600984e-09 1.8234234123e-09 
8.8923451935e-10 4.1677056251e-10 1.8784696021e-10 8.150352615e-11 3.4080412104e-11 1.3748994998e-11 5.3569588002e-12 2.0176371424e-12 7.3518204328e-13 
2.5934701435e-13 8.8628526718e-14 2.9357142124e-14 9.4301880554e-15 2.9389529699e-15 8.8903011133e-16 2.6113644599e-16 7.4510067151e-17 2.0659697721e-17 
5.5687511101e-18 1.4597542681e-18 3.7226637913e-19 9.2394394212e-20 2.2326598319e-20 5.2547738934e-21 1.2050668471e-21 2.693839832e-22 5.8740823368e-23 
1.259101443e-23 3.1165748664e-24 9.7683251187e-23 3.8771145291e-22 1.7802964441e-21 8.038442642e-21 3.5406073484e-20 1.5202433238e-19 6.360999265e-19 
2.5928685608e-18 1.0293478556e-17 3.9790345462e-17 1.4974995907e-16 5.4866929735e-16 1.9572525837e-15 6.799644652e-15 2.3016202659e-14 7.5964936923e-14 
2.4473199617e-13 7.7070983059e-13 2.3767964593e-12 7.192498333e-12 2.140127485e-11 6.2715450888e-11 1.8111932787e-10 5.150283533e-10 1.4380966418e-09 
3.9252658901e-09 1.0412115614e-08 2.6669320974e-08 6.5537228977e-08 1.5347043814e-07 3.3942612276e-07 6.9888938015e-07 1.3097476312e-06 2.1704038318e-06 
3.1102449611e-06 3.8965795284e-06 4.4884272938e-06 4.7848529903e-06 4.6502200348e-06 4.3631971494e-06 4.1219504965e-06 3.916517926e-06 3.6641836232e-06 
3.3136864204e-06 2.8737508728e-06 2.3944544409e-06 1.9349656668e-06 1.5378735725e-06 1.2215917877e-06 9.8544580851e-07 8.178300277e-07 7.0333072699e-07 
6.2728003059e-07 5.7810524368e-07 5.4805570926e-07 5.3252074395e-07 5.2873269851e-07 5.3550922985e-07 5.5360834494e-07 5.8141500858e-07 6.0231809584e-07 
5.7919100982e-07 4.8544626452e-07 3.4796633486e-07 2.1916589787e-07 1.2665998383e-07 6.9781890488e-08 3.7490693217e-08 1.9765291626e-08 1.0187204857e-08 
5.1003650192e-09 2.4682849098e-09 1.151652218e-09 5.176811757e-10 2.2426432933e-10 9.3705265769e-11 3.7799301883e-11 1.4733965784e-11 5.5543603571e-12 
2.0264965921e-12 7.160333524e-13 2.4515488923e-13 8.1373845379e-14 2.6197666879e-14 8.1837943201e-15 2.4815964713e-15 7.307256886e-16 2.0901751613e-16 
5.8099518482e-17 1.5699275913e-17 4.1253585779e-18 1.0545759751e-18 2.6235547902e-19 6.3542360295e-20 1.4988730804e-20 3.444805374e-21 7.7168499256e-22 
1.6861489117e-22 3.6215420867e-23 8.9837270601e-24 2.7226485274e-22 1.0792701646e-21 4.9502829746e-21 2.2328011958e-20 9.8246593648e-20 4.2144867719e-19 
1.7619426812e-18 7.1769788181e-18 2.847741974e-17 1.100539519e-16 4.1422417809e-16 1.5185300688e-15 5.4234388824e-15 1.8879397083e-14 6.4103433119e-14 
2.1252853535e-13 6.8901232376e-13 2.1883484608e-12 6.8239988313e-12 2.0941663334e-11 6.3380085902e-11 1.8943412117e-10 5.5916832276e-10 1.6272575509e-09 
4.6522581343e-09 1.3002998678e-08 3.534012194e-08 9.294218728e-08 2.3555091389e-07 5.7255709862e-07 1.3225281918e-06 2.8482804737e-06 5.5401642385e-06 
9.3461130746e-06 1.3249334188e-05 1.6058831534e-05 1.809603782e-05 1.8856944735e-05 1.7094684154e-05 1.4668286894e-05 1.2895351574e-05 1.1727329365e-05 
1.0707788533e-05 9.5377645266e-06 8.1697135101e-06 6.7217615651e-06 5.3640987971e-06 4.2157835196e-06 3.3191815874e-06 2.662680572e-06 2.2046222057e-06 
1.8944597286e-06 1.6863759811e-06 1.5465224124e-06 1.4561292119e-06 1.410742243e-06 1.4179819345e-06 1.4990949921e-06 1.6881818965e-06 1.997956133e-06 
2.332403028e-06 2.4434407351e-06 2.1239532089e-06 1.5008710079e-06 8.9444614559e-07 4.7555408855e-07 2.3840507879e-07 1.1747409445e-07 5.7992899372e-08 
2.8637328953e-08 1.3983588509e-08 6.674720332e-09 3.0911087023e-09 1.3838091784e-09 5.9814442288e-10 2.4965440826e-10 1.0067831291e-10 3.9257007367e-11 
1.4811334451e-11 5.4105921132e-12 1.9147504762e-12 6.5676408539e-13 2.1843741009e-13 7.0475614548e-14 2.2065187947e-14 6.7063884421e-15 1.9793963543e-15 
5.6752975647e-16 1.5812662522e-16 4.2828411107e-17 1.1280327361e-17 2.8902108329e-18 7.2063323561e-19 1.7491947681e-19 4.1349175546e-20 9.5228925682e-21 
2.1375716238e-21 4.6798101614e-22 1.0070893034e-22 2.5034606535e-23 7.3275216991e-22 2.9014292987e-21 1.3295219056e-20 5.9914281505e-20 2.6341719118e-19 
1.1291721567e-18 4.7179569726e-18 1.9210053771e-17 7.6210876222e-17 2.9457172162e-16 1.1093662508e-15 4.0715632871e-15 1.4569068337e-14 5.0860737063e-14 
1.7340118328e-13 5.7815861473e-13 1.888682136e-12 6.0583426297e-12 1.9129961504e-11 5.9608727676e-11 1.836511776e-10 5.5995080794e-10 1.6883953124e-09 
5.0222159764e-09 1.4679921279e-08 4.1980420917e-08 1.1702334746e-07 3.1736206552e-07 8.3671409357e-07 2.1381085844e-06 5.2329005484e-06 1.1939141586e-05 
2.4326682251e-05 4.2037128878e-05 5.9157766373e-05 6.9416979386e-05 7.7260447142e-05 7.9786259448e-05 6.7174463766e-05 5.1374816394e-05 4.072367301e-05 
3.4729124309e-05 3.0673098081e-05 2.6831336072e-05 2.2671036277e-05 1.8379960238e-05 1.4458935766e-05 1.1228674339e-05 8.7550670287e-06 6.9795860327e-06 
5.7664701671e-06 4.9561522246e-06 4.4074486141e-06 4.0219033508e-06 3.7583029098e-06 3.6388059925e-06 3.7558309032e-06 4.2961505642e-06 5.5360737861e-06 
7.6302840171e-06 1.0077997104e-05 1.14115619e-05 1.0262880096e-05 7.1805152402e-06 4.0803888623e-06 2.0018089799e-06 9.0302660283e-07 3.969354907e-07 
1.7712265787e-07 8.1282522046e-08 3.7939315689e-08 1.7665344743e-08 8.0762250221e-09 3.5918747976e-09 1.5474511672e-09 6.4488414608e-10 2.5993926456e-10 
1.0138198614e-10 3.828042397e-11 1.4000444901e-11 4.9619956581e-12 1.7048988089e-12 5.6810909059e-13 1.8365730215e-13 5.7620188731e-14 1.7549889086e-14 
5.1909808544e-15 1.4915640337e-15 4.1648107091e-16 1.1304598329e-16 2.983802266e-17 7.6611185316e-18 1.914155908e-18 4.6557038767e-19 1.1027568676e-19 
2.5446479636e-20 5.7227452665e-21 1.2552089162e-21 2.7061607034e-22 6.7404775405e-23 1.9019071403e-21 7.5236866928e-21 3.4448366356e-20 1.5513052483e-19 
6.8162712023e-19 2.9204771647e-18 1.219864756e-17 4.9664605575e-17 1.9707105609e-16 7.6216749866e-16 2.8734559355e-15 1.0564341455e-14 3.7898995059e-14 
1.327875391e-13 4.549780149e-13 1.5271079757e-12 5.0318286864e-12 1.6317123e-11 5.2211825141e-11 1.6524906443e-10 5.1814635915e-10 1.6100222267e-09 
4.9509139011e-09 1.5023678301e-08 4.4830056112e-08 1.3116984121e-07 3.7611422954e-07 1.0592927993e-06 2.9384698337e-06 7.9996680142e-06 2.0977788154e-05 
5.1032420743e-05 0.00010926093819 0.00019403467013 0.00027238181792 0.00031026793295 0.00034364414751 0.00035575471702 0.00028051121626 0.00018929917132 
0.00013119439245 0.00010205894796 8.6053354607e-05 7.3635397712e-05 6.1254460888e-05 4.8705758672e-05 3.767873568e-05 2.8968439437e-05 2.2400645321e-05 
1.7750551706e-05 1.4643414033e-05 1.2608928046e-05 1.1222346075e-05 1.0199366443e-05 9.4652514235e-06 9.2157733889e-06 1.0014931831e-05 1.29827813e-05 
1.9803383111e-05 3.1611984014e-05 4.6073320846e-05 5.5361939303e-05 5.1333248848e-05 3.578254109e-05 1.967470962e-05 9.0806888693e-06 3.7419954424e-06 
1.4649037894e-06 5.7749940652e-07 2.3823848494e-07 1.0330320066e-07 4.6086586991e-08 2.0608435847e-08 9.0673513142e-09 3.8867487007e-09 1.6162226002e-09 
6.5102240265e-10 2.5396351688e-10 9.596616557e-11 3.5138135457e-11 1.2470964365e-11 4.2916330212e-12 1.4324627639e-12 4.6389151201e-13 1.4579994384e-13 
4.4488003369e-14 1.31829184e-14 3.7949261382e-15 1.0615977219e-15 2.8868563673e-16 7.6338937016e-17 1.9636864078e-17 4.9153772743e-18 1.1977264043e-18 
2.8420736775e-19 6.5698445336e-20 1.4800964036e-20 3.251963845e-21 7.0230562257e-22 1.7525577471e-22 4.7546814169e-21 1.8794071814e-20 8.599748988e-20 
3.8706893128e-19 1.7000599554e-18 7.28224665e-18 3.0416228526e-17 1.2386150876e-16 4.9176181231e-16 1.9037681706e-15 7.1885678765e-15 2.6488905606e-14 
9.5328862263e-14 3.354426654e-13 1.1558853917e-12 3.9081507128e-12 1.2996328839e-11 4.2619813928e-11 1.3819161093e-10 4.4397899246e-10 1.4149770244e-09 
4.472166637e-09 1.3992663916e-08 4.3224581248e-08 1.3152485678e-07 3.941875093e-07 1.1680502894e-06 3.4459576455e-06 1.0166221728e-05 2.9737939258e-05 
8.3786195319e-05 0.00021686032414 0.00048657105071 0.0008888966986 0.001250629779 0.00138239027 0.0015212050639 0.0015830353368 0.001189082046 
0.00071885657962 0.00043073040433 0.00029753908166 0.00023550579499 0.0001961949456 0.00016009445244 0.00012343221169 9.345181752e-05 7.1729256888e-05 
5.5431053624e-05 4.3787655159e-05 3.6126999476e-05 3.1242427212e-05 2.7910997233e-05 2.532319013e-05 2.3406699256e-05 2.3189528292e-05 2.7443282306e-05 
4.1803603381e-05 7.5043542893e-05 0.00013397145085 0.00020915271307 0.00026313913986 0.00025161245139 0.0001756138081 9.4523435109e-05 4.1850336856e-05 
1.6157133359e-05 5.7588813434e-06 2.0144541395e-06 7.3304812531e-07 2.8672167218e-07 1.1963636837e-07 5.1593172401e-08 2.2307112602e-08 9.4880014956e-09 
3.9331049528e-09 1.5828656164e-09 6.1761545878e-10 2.3357205059e-10 8.5620337209e-11 3.0427466102e-11 1.048546406e-11 3.5047431537e-12 1.1365671859e-12 
3.57714753e-13 1.0930011507e-13 3.2433162601e-14 9.3494852973e-15 2.6191546219e-15 7.1327368645e-16 1.8889477939e-16 4.8663270356e-17 1.2199766736e-17 
2.9773168805e-18 7.0758663279e-19 1.6382375363e-19 3.6964672398e-20 8.1341702186e-21 1.759424472e-21 4.3980613578e-22 1.1432691852e-20 4.5162342461e-20 
2.0655677003e-19 9.2938208596e-19 4.0811697624e-18 1.7481514297e-17 7.3031954953e-17 2.9755409816e-16 1.1824125722e-15 4.5837281114e-15 1.7341905228e-14 
6.4075481032e-14 2.3143330785e-13 8.1823697123e-13 2.8366805432e-12 9.664054279e-12 3.2435030356e-11 1.0752966573e-10 3.5299560497e-10 1.1495229213e-09 
3.7159106903e-09 1.1915466835e-08 3.7833380873e-08 1.187223333e-07 3.6812750182e-07 1.1321427564e-06 3.4839306409e-06 1.0842023585e-05 3.4201497328e-05 
0.00010746697808 0.00032336389995 0.00088375143241 0.0020688436925 0.0038925709669 0.005512422882 0.0058608413674 0.0063160392456 0.0065606227145 
0.0047696414404 0.0026619785931 0.0014028905425 0.00084887671983 0.00061997352168 0.00050106557319 0.00039905833546 0.00029129872564 0.00021359410312 
0.00016723165754 0.00013177607616 0.00010465058585 8.6635809566e-05 7.5494797784e-05 6.7961169407e-05 6.1786624428e-05 5.7191929955e-05 5.8591209381e-05 
7.7821372543e-05 0.00013971092994 0.00028447282966 0.00054756482132 0.00089818815468 0.0011781221256 0.0011672554538 0.00081797916209 0.00043362699216 
0.00018648497644 6.8848799856e-05 2.2957581677e-05 7.301523965e-06 2.3578993478e-06 8.1834014054e-07 3.1173064485e-07 1.2734469124e-07 5.3600555106e-08 
2.2533670929e-08 9.3002610058e-09 3.7388638852e-09 1.4594276898e-09 5.5248777775e-10 2.0277374224e-10 7.2151049024e-11 2.4892790954e-11 8.3291724212e-12 
2.7036591282e-12 8.5166053897e-13 2.6043544491e-13 7.7341379015e-14 2.2313187336e-14 6.2561396086e-15 1.7052982925e-15 4.5205846639e-16 1.165840002e-16 
2.9260571183e-17 7.1495271751e-18 1.7012792196e-18 3.9439759641e-19 8.9108367529e-20 1.9634876673e-20 4.252903883e-21 1.0647484597e-21 2.6401535586e-20 
1.0424436395e-19 4.7662881018e-19 2.1441749841e-18 9.4155487585e-18 4.033881253e-17 1.6859703771e-16 6.8743859922e-16 2.7348906627e-15 1.0619559533e-14 
4.0268400322e-14 1.4923137595e-13 5.4110275288e-13 1.9225170501e-12 6.7058090851e-12 2.3014657888e-11 7.7915743302e-11 2.6086657834e-10 8.6564566626e-10 
2.8510720451e-09 9.322847383e-09 3.0240276061e-08 9.7162235591e-08 3.0905582094e-07 9.7571921742e-07 3.0823182442e-06 9.874830539e-06 3.2465210097e-05 
0.00010917084728 0.00036532231024 0.0011614817195 0.0033252572175 0.0081038028002 0.015769764781 0.02261367254 0.022652998567 0.023226482794 
0.023697862402 0.016832064837 0.008933252655 0.0042873439379 0.0022797749843 0.0015123168705 0.0011899152305 0.00092522340128 0.00061592180282 
0.00042865378782 0.0003577688185 0.00029840003117 0.00024185601796 0.00020192448574 0.00017795652093 0.00016211130423 0.00014834698231 0.00013841142936 
0.00014872368774 0.00022379941947 0.00045986368787 0.001019377145 0.0020648869686 0.0035311386455 0.0048459805548 0.0050213835202 0.0035332511179 
0.0018467813497 0.00077610497829 0.00027745595435 8.8354463514e-05 2.62539088e-05 7.7019558375e-06 2.3827853965e-06 8.1710197719e-07 3.1079545693e-07 
1.2597618593e-07 5.209813736e-08 2.1378172121e-08 8.5848492759e-09 3.3535774158e-09 1.2713111675e-09 4.6727260949e-10 1.6647437595e-10 5.7490907868e-11 
1.9249421501e-11 6.2509199206e-12 1.969472762e-12 6.0231447651e-13 1.7887748845e-13 5.1610188427e-14 1.4472442206e-14 3.945881809e-15 1.0464116917e-15 
2.7000398098e-16 6.7810235062e-17 1.6581533519e-17 3.9491653851e-18 9.1640341535e-19 2.0726525022e-19 4.5721274217e-20 9.9149010538e-21 2.4856419959e-21 
5.8464091719e-20 2.3076384876e-19 1.054920289e-18 4.7455645391e-18 2.0841918992e-17 8.9324898392e-17 3.7356998475e-16 1.5246504112e-15 6.0738492245e-15 
2.3628082319e-14 8.9812543253e-14 3.3387358091e-13 1.2153350158e-12 4.3387819379e-12 1.5221044911e-11 5.2590733851e-11 1.7939860708e-10 6.0560950699e-10 
2.0270065626e-09 6.7340395482e-09 2.2206034345e-08 7.2625191194e-08 2.3538700589e-07 7.5685414913e-07 2.4275891519e-06 7.8622433648e-06 2.6143919968e-05 
9.0212874056e-05 0.00031977394246 0.001124470029 0.0037361662835 0.011145943776 0.028337141499 0.057615675032 0.084829688072 0.077291846275 
0.071935668588 0.070108637214 0.048741534352 0.025180744007 0.011436642148 0.0054155308753 0.0031704190187 0.0024722975213 0.0019248735625 
0.0011328958208 0.00072997860843 0.00069821911165 0.00064392521745 0.00054018822266 0.0004569394514 0.00040849973448 0.00037791774957 0.00034930813126 
0.00032992052729 0.00037301974953 0.00062489329139 0.0014103038702 0.0033019057009 0.0069531062618 0.01240350958 0.017996834591 0.019803585485 
0.013949504122 0.0071575827897 0.0029427271802 0.0010254186345 0.00031587973353 8.9527326054e-05 2.4491990189e-05 6.8911867857e-06 2.1323767214e-06 
7.4794269267e-07 2.8932419127e-07 1.1719850335e-07 4.7763556665e-08 1.916566994e-08 7.4979746856e-09 2.8482061154e-09 1.0488033775e-09 3.7416716947e-10 
1.2931955506e-10 4.3310417752e-11 1.4061441247e-11 4.4279250405e-12 1.3531540255e-12 4.0152823015e-13 1.1575515665e-13 3.2436608331e-14 8.8388608024e-15 
2.3431404657e-15 6.0450692685e-16 1.5182864409e-16 3.7136184265e-17 8.8485222389e-18 2.0545356958e-18 4.6502191522e-19 1.0266759614e-19 2.2285363688e-20 
5.593333102e-21 1.2394398043e-19 4.8911360226e-19 2.23580633e-18 1.0058689957e-17 4.4188375443e-17 1.8947612193e-16 7.9301305047e-16 3.2399878441e-15 
1.2926086999e-14 5.0379849354e-14 1.9196298197e-13 7.1576772287e-13 2.6150422973e-12 9.3764830969e-12 3.305951693e-11 1.1486706725e-10 3.9420400277e-10 
1.3390043518e-09 4.5089039169e-09 1.5063825742e-08 4.9926768497e-08 1.6405468273e-07 5.3439526937e-07 1.7300162654e-06 5.6103731367e-06 1.8502068997e-05 
6.3195810071e-05 0.00022551021539 0.00082824728452 0.0030138702132 0.01036167331 0.032131440938 0.085814982653 0.18596771359 0.29106724262 
0.22853039205 0.17998659611 0.15944878757 0.10775034875 0.055315922946 0.024949835613 0.011395045556 0.0052972068079 0.0041032475419 
0.0034477293957 0.0018662404036 0.0011412282474 0.0013223867863 0.0013524323003 0.0011653604452 0.0010010099504 0.00090949400328 0.00085650756955 
0.00079980696319 0.00076316454215 0.00089582870714 0.0016104162205 0.0038436912 0.0093248179182 0.020322823897 0.038081292063 0.059679843485 
0.071574516594 0.050165012479 0.024906909093 0.0099741965532 0.0033961674199 0.0010194380302 0.00027926629991 7.2732800618e-05 1.9066073946e-05 
5.4097126849e-06 1.754503387e-06 6.4592734361e-07 2.558951735e-07 1.036110433e-07 4.1590311639e-08 1.6314851692e-08 6.2160356862e-09 2.294582524e-09 
8.1991785583e-10 2.8357358128e-10 9.4956743857e-11 3.0803058021e-11 9.6866186947e-12 2.9551998869e-12 8.7530519942e-13 2.5187813532e-13 7.0460849069e-14 
1.9171880947e-14 5.0762231366e-15 1.3084205816e-15 3.2842418745e-16 8.0304593073e-17 1.91333824e-17 4.4434004244e-18 1.0061077407e-18 2.2225363367e-19 
4.8277957012e-20 1.2128568851e-20 2.5113849632e-19 9.9092618469e-19 4.5297378145e-18 2.0382315937e-17 8.9571477623e-17 3.8428818085e-16 1.6096529203e-15 
6.583730448e-15 2.6303918692e-14 1.0270777962e-13 3.922332023e-13 1.4664917501e-12 5.3748980093e-12 1.9342154614e-11 6.8467953529e-11 2.3889015766e-10 
8.2323542427e-10 2.8070723523e-09 9.4832222075e-09 3.176004526e-08 1.0542824214e-07 3.4672024185e-07 1.130101964e-06 3.6629592159e-06 1.1914195056e-05 
3.952231782e-05 0.00013623631094 0.00049188203411 0.0018310756423 0.006772454828 0.023821016774 0.076557770371 0.21683487296 0.51763415337 
0.93581438065 0.58156460524 0.35569646955 0.26290246844 0.16916532815 0.089226953685 0.045799713582 0.032817192376 0.010535583831 
0.0057371081784 0.0053070657887 0.003010164015 0.0019969388377 0.0026315501891 0.0028020069003 0.0023534847423 0.0020974858198 0.0019535685424 
0.0018789451569 0.0017625628971 0.0016796253622 0.0019871387631 0.0036589922383 0.008943753317 0.02219154872 0.05002405867 0.099994979799 
0.18564674258 0.25064122677 0.16872663796 0.077831014991 0.029874317348 0.0099165467545 0.0029088365845 0.00077556690667 0.00019486360543 
4.8574245739e-05 1.2918925677e-05 3.9318028939e-06 1.3873800526e-06 5.3967710301e-07 2.1775100834e-07 8.7651010006e-08 3.4539716864e-08 1.3216387096e-08 
4.8945367759e-09 1.7523449358e-09 6.0644317346e-10 2.0296403447e-10 6.5741828648e-11 2.0628471153e-11 6.276663217e-12 1.853747841e-12 5.3188969071e-13 
1.4838212039e-13 4.0273265679e-14 1.0640508352e-14 2.7378438431e-15 6.8629600472e-16 1.6764951225e-16 3.9920656187e-17 9.2684611563e-18 2.0986821183e-18 
4.6373156517e-19 1.0078053221e-19 2.533715447e-20 4.8552875658e-19 1.9156224993e-18 8.7572544388e-18 3.9412747438e-17 1.7326556568e-16 7.4377592521e-16 
3.1178539517e-15 1.2765658112e-14 5.1069439205e-14 1.9973095172e-13 7.6422982526e-13 2.8637081855e-12 1.0522085807e-11 3.7965915134e-11 1.3475531802e-10 
4.7135667591e-10 1.6277222903e-09 5.5578213143e-09 1.8783586242e-08 6.2859740524e-08 2.082501851e-07 6.8270298925e-07 2.2157169042e-06 7.1426898103e-06 
2.3068603696e-05 7.5794741861e-05 0.00025796456612 0.00091762049124 0.0033693863079 0.012362970971 0.043609775603 0.14318418503 0.42890220881 
1.1685261726 2.9932363033 1.2340335846 0.56313991547 0.31894540787 0.19014057517 0.11296757311 0.09706249088 0.16964888573 
0.051813196391 0.015155293047 0.0094835469499 0.0052582612261 0.0037195761688 0.005161060486 0.0054396484047 0.0036624514032 0.0039837136865 
0.0040280977264 0.0040090852417 0.0037225261331 0.0034599518403 0.0039553162642 0.0070686056279 0.017130792141 0.042873371392 0.099834449589 
0.22634793818 0.8799701333 1.1940820217 0.58108520508 0.22388707101 0.079300232232 0.025395253673 0.0072558647953 0.0018828114262 
0.00045877025696 0.00011024327978 2.8091330023e-05 8.2123560787e-06 2.8274916986e-06 1.0921695548e-06 4.4206669259e-07 1.7915181161e-07 7.1091783127e-08 
2.736130611e-08 1.0174759701e-08 3.6512490809e-09 1.2644038039e-09 4.228103978e-10 1.3667050824e-10 4.2757485053e-11 1.2963523484e-11 3.8137743831e-12 
1.0899507208e-12 3.0290757424e-13 8.1925826258e-14 2.1578557355e-14 5.5377510608e-15 1.3852260352e-15 3.378409439e-16 8.0354865802e-17 1.8642801431e-17 
4.2198929142e-18 9.3241969996e-19 2.0269057954e-19 5.0986540541e-20 8.9411296579e-19 3.5274517516e-18 1.6126738038e-17 7.2593489672e-17 3.1924047095e-16 
1.3710785733e-15 5.7513350771e-15 2.3568586725e-14 9.438822201e-14 3.6962056679e-13 1.4163398102e-12 5.3157239895e-12 1.9563461962e-11 7.0698447097e-11 
2.5125515557e-10 8.7952756189e-10 3.0371827275e-09 1.0359210378e-08 3.4927719383e-08 1.1643997766e-07 3.8369151412e-07 1.2490670542e-06 4.0178078962e-06 
1.2801598132e-05 4.0682589315e-05 0.00013060738274 0.00043048904627 0.0014718145831 0.0051818452775 0.018288649619 0.062415413558 0.19929310679 
0.58148747683 1.5317491293 3.6702299118 1.5989899635 0.70833539963 0.35952103138 0.2122233361 0.15665312111 0.24118714035 
0.63046187162 0.20126363635 0.060267813504 0.030454834923 0.01483484637 0.0083421710879 0.0097401654348 0.0092669185251 0.00018640515918 
0.005461695604 0.0078989034519 0.0084777241573 0.0076025114395 0.0066416189075 0.0069835553877 0.011373389512 0.02618566528 0.064411439002 
0.15096998215 0.34315437078 0.82804447412 1.9678131342 2.0759365559 0.58451455832 0.18730293214 0.05744747445 0.01582050696 
0.0039558964781 0.00093071151059 0.0002169162326 5.4014297348e-05 1.5624304069e-05 5.3966823543e-06 2.1082287276e-06 8.6457447424e-07 3.5456997693e-07 
1.4207716958e-07 5.5083148709e-08 2.0584570493e-08 7.4065522604e-09 2.5664812497e-09 8.5727619448e-10 2.7641228195e-10 8.6165463653e-11 2.6011205342e-11 
7.6159833648e-12 2.1659850562e-12 5.9908583086e-13 1.6131297958e-13 4.2319670175e-14 1.0823451375e-14 2.6997574301e-15 6.5697421224e-16 1.5600116809e-16 
3.6152070947e-17 8.1776878611e-18 1.8064294885e-18 3.9271206082e-19 9.882717104e-20 1.5657564296e-18 6.1766854333e-18 2.8239092462e-17 1.2713265736e-16 
5.5921898683e-16 2.4026134018e-15 1.0083319067e-14 4.1346385273e-14 1.6570741361e-13 6.494418176e-13 2.4907484929e-12 9.3559222869e-12 3.4455840958e-11 
1.2456015386e-10 4.4259121368e-10 1.5477913395e-09 5.3339244133e-09 1.8131757429e-08 6.0834793203e-08 2.0147453483e-07 6.5835604346e-07 2.1211956209e-06 
6.7369733188e-06 2.1120957172e-05 6.567688979e-05 0.00020455363847 0.00064699468203 0.002102302853 0.0070086163469 0.023504184559 0.076775923371 
0.2362613827 0.6670653224 1.7001365423 3.9199295044 1.7804727554 0.81116706133 0.41456931829 0.25632438064 0.19379395247 
0.19977024198 0.30440101027 0.20591215789 0.13892400265 0.097739011049 0.049090761691 0.021567901596 0.017290754244 0.016076287255 
0.00017304791254 0.00020093943749 0.014411117882 0.017866073176 0.015140832402 0.011959818192 0.011079864576 0.015414755791 0.031773198396 
0.073082737625 0.15940231085 0.31951141357 0.59792685509 1.0050011873 0.98867696524 0.88416200876 0.36514562368 0.11385368556 
0.029941795394 0.0070803416893 0.0015890728682 0.00036014217767 8.9683810074e-05 2.6683355827e-05 9.5869736469e-06 3.8728890104e-06 1.6267925957e-06 
6.7851942731e-07 2.7518254342e-07 1.0759193714e-07 4.0426478165e-08 1.4587462793e-08 5.0579020971e-09 1.6873310527e-09 5.4251714232e-10 1.6844081685e-10 
5.060166175e-11 1.4736649401e-11 4.1678396845e-12 1.146468879e-12 3.0711083633e-13 8.0192200536e-14 2.0425952189e-14 5.0775864362e-15 1.2322333561e-15 
2.9199179162e-16 6.7567613062e-17 1.5269843443e-17 3.3715418547e-18 7.3293056788e-19 1.8450874901e-19 2.6033297072e-18 1.0268180891e-17 4.6942010071e-17 
2.1133677175e-16 9.2969372791e-16 3.9949851559e-15 1.6770208811e-14 6.8785966777e-14 2.7576747309e-13 1.0811134973e-12 4.1471591786e-12 1.5578004164e-11 
5.7351547122e-11 2.0715273941e-10 7.3488265473e-10 2.5632724832e-09 8.7992306774e-09 2.9750566455e-08 9.9111005625e-08 3.2531519878e-07 1.0515196891e-06 
3.3442340737e-06 1.0457675671e-05 3.2164472941e-05 9.7574367828e-05 0.0002939645492 0.00088952173246 0.0027366152499 0.0085991546512 0.027290053666 
0.085191510618 0.2533261776 0.69772398472 1.7474771738 3.9813165665 1.8471978903 0.87424480915 0.47161611915 0.31265980005 
0.24741777778 0.2257796973 0.24196563661 0.24770608544 0.24090568721 0.20761248469 0.11338489503 0.048441682011 0.026443822309 
0.025854518637 0.0012736839708 0.00027618571767 0.02634056285 0.035045184195 0.028070069849 0.019981732592 0.016198065132 0.01863524504 
0.032733473927 0.068950131536 0.14111341536 0.26208338141 0.44164320827 0.69283413887 1.0921934843 2.5074565411 0.74651259184 
0.19637866318 0.046073533595 0.010038552806 0.002143566031 0.00048293609871 0.0001263225422 4.0984734369e-05 1.595480353e-05 6.7957489591e-06 
2.9465438729e-06 1.2536233953e-06 5.1517412203e-07 2.0321168392e-07 7.6777986635e-08 2.7782821377e-08 9.6383638848e-09 3.2109974679e-09 1.0293912389e-09 
3.1827901426e-10 9.5132665634e-11 2.7549908535e-11 7.745990481e-12 2.1182916532e-12 5.6428424216e-13 1.4659614126e-13 3.7173213184e-14 9.2059538703e-15 
2.2273442856e-15 5.2657587229e-16 1.2165140128e-16 2.7464037463e-17 6.0609227474e-18 1.3175062929e-18 3.318012464e-19 4.1039213652e-18 1.6182597545e-17 
7.3966291851e-17 3.3295459611e-16 1.4645476003e-15 6.2927907243e-15 2.6414012647e-14 1.0833143464e-13 4.3423912469e-13 1.70189687e-12 6.5252222028e-12 
2.44902848e-11 9.0043465739e-11 3.2458402632e-10 1.1481289253e-09 3.9884398007e-09 1.361694224e-08 4.5714003249e-08 1.5094228445e-07 4.9010975545e-07 
1.5639988078e-06 4.9002355809e-06 1.5057939891e-05 4.5355496695e-05 0.00013404291531 0.0003902791068 0.0011288656387 0.0032814566512 0.0096752336249 
0.028880994767 0.085758753121 0.24631217122 0.66560041904 1.6613169909 3.8376815319 1.7788879871 0.87346303463 0.50467163324 
0.35967290401 0.29855188727 0.27160283923 0.26877179742 0.28474166989 0.29966819286 0.2724250555 0.17735061049 0.10611299425 
0.041486065835 0.039844527841 0.00041600115946 0.00042386556743 0.04194316268 0.053882829845 0.04205814749 0.028852120042 0.021735044196 
0.021172212437 0.030413895845 0.056477554142 0.1076477617 0.18920181692 0.30435860157 0.48361033201 0.91468930244 2.3995668888 
0.69489830732 0.17752851546 0.040737662464 0.0088681671768 0.0019747186452 0.00049576361198 0.00015328267182 5.8546549553e-05 2.5400764571e-05 
1.1480780813e-05 5.142603186e-06 2.231239705e-06 9.2867441026e-07 3.6940045334e-07 1.4028985618e-07 5.0895941683e-08 1.7664246954e-08 5.876777287e-09 
1.8786556755e-09 5.7853888347e-10 1.7208003078e-10 4.9561476451e-11 1.3854728996e-11 3.7670270549e-12 9.9794554131e-13 2.5794237623e-13 6.5115651044e-14 
1.606520296e-14 3.8751884392e-15 9.140676641e-16 2.1083945753e-16 4.7554616724e-17 1.049062961e-17 2.2806614395e-18 5.7469893001e-19 6.1269553349e-18 
2.4149700111e-17 1.1034207545e-16 4.9652610794e-16 2.1832678674e-15 9.3773823274e-15 3.93444805e-14 1.6127759393e-13 6.4603183914e-13 2.5296893486e-12 
9.687218909e-12 3.6297225642e-11 1.3315130942e-10 4.7850917673e-10 1.6857230056e-09 5.8249680635e-09 1.9752745217e-08 6.5754818479e-08 2.1489370283e-07 
6.8928932251e-07 2.1685859792e-06 6.6848429014e-06 2.0163333829e-05 5.9433215938e-05 0.00017110342742 0.00048178050201 0.0013330481015 0.0036561919842 
0.010045453906 0.027809944004 0.077075317502 0.20969623327 0.54693001509 1.3497925997 3.2268621922 1.4806941748 0.77727276087 
0.49596041441 0.3827727735 0.33223411441 0.30736500025 0.30052545667 0.31314456463 0.33273118734 0.33406716585 0.39926669002 
0.38998872042 0.11041012406 0.039095833898 0.00037968490506 0.0014921533875 0.056581549346 0.056322131306 0.044380508363 0.033395811915 
0.026247538626 0.023449940607 0.027487587184 0.042630948126 0.072922706604 0.11901112646 0.17769697309 0.25374493003 0.38981565833 
0.63149958849 0.26735383272 0.081313855946 0.021186772734 0.0053138281219 0.0014398819767 0.00046601545182 0.00018429711054 8.3314662334e-05 
3.9611782995e-05 1.8773573174e-05 8.6365262177e-06 3.8101156861e-06 1.6034349528e-06 6.4246592046e-07 2.4508355523e-07 8.9108667112e-08 3.093619938e-08 
1.0279442186e-08 3.2777600634e-09 1.0058028854e-09 2.9786506595e-10 8.5370883973e-11 2.3742076014e-11 6.421883858e-12 1.6927933664e-12 4.3554379938e-13 
1.0951003694e-13 2.6928197221e-14 6.4786034949e-15 1.5252799684e-15 3.5140215314e-16 7.9212979363e-17 1.7473990262e-17 3.8005487396e-18 9.5860420565e-19 
8.6569918768e-18 3.4100888021e-17 1.5572082666e-16 7.0031037659e-16 3.0773448128e-15 1.3208002434e-14 5.5370147351e-14 2.2674199215e-13 9.071529335e-13 
3.5467444953e-12 1.3555686088e-11 5.0666915108e-11 1.8527979151e-10 6.6317829006e-10 2.3244675074e-09 7.9813506915e-09 2.6854310775e-08 8.8551324495e-08 
2.8614587677e-07 9.0581869472e-07 2.8071240195e-06 8.5072151705e-06 2.5176317649e-05 7.2633265518e-05 0.00020394506282 0.00055686966516 0.0014800420031 
0.0038436481263 0.0098187411204 0.024830712005 0.062123764306 0.15151003003 0.3490421474 0.72186464071 1.2030272484 0.86647826433 
0.59689438343 0.45357957482 0.38154625893 0.34228700399 0.31991919875 0.31114676595 0.31869733334 0.34482654929 0.48038935661 
1.6559898853 1.7926191092 0.35623043776 0.1350388974 0.0032554995269 0.093910545111 0.11315249652 0.068220049143 0.047216657549 
0.037272315472 0.030470982194 0.026165246964 0.026129744947 0.032701287419 0.047418046743 0.069204457104 0.093760684133 0.11756303906 
0.14467263222 0.17008030415 0.085366792977 0.030626602471 0.00964039471 0.0030959718861 0.0011355427559 0.00049052981194 0.0002372705203 
0.00011995837122 6.0443435359e-05 2.9580649425e-05 1.3879285689e-05 6.2037634052e-06 2.6341633657e-06 1.0617366115e-06 4.0649476318e-07 1.480579499e-07 
5.1415327107e-08 1.7067343094e-08 5.4312199183e-09 1.6618748599e-09 4.9045306705e-10 1.4002195237e-10 3.8781172718e-11 1.0446723347e-11 2.7429911641e-12 
7.0326660077e-13 1.7629334678e-13 4.3246388594e-14 1.0386533993e-14 2.4427058005e-15 5.6250563349e-16 1.2681214803e-16 2.7990263299e-17 6.0939359392e-18 
1.5393773297e-18 1.1576151136e-17 4.5560191623e-17 2.0787668186e-16 9.3404038335e-16 4.1004013708e-15 1.7579503052e-14 7.36021148e-14 3.0095026406e-13 
1.2018916678e-12 4.6889432441e-12 1.7873985278e-11 6.6591926418e-11 2.425512291e-10 8.639632898e-10 3.0103155524e-09 1.0262215078e-08 3.4231590007e-08 
1.1172638636e-07 3.5672925947e-07 1.113766757e-06 3.3980261378e-06 1.0120484149e-05 2.9384744266e-05 8.3028207882e-05 0.00022783713939 0.00060594116803 
0.0015595427249 0.0038836859167 0.0093724867329 0.021971883252 0.05000750348 0.10937724262 0.22375920415 0.40680113435 0.59842568636 
0.5833247304 0.50095289946 0.42574566603 0.37066745758 0.33269643784 0.30815804005 0.29486021399 0.29263579845 0.29839065671 
0.33651396632 0.94009131193 0.57426702976 0.29021993279 0.790769279 0.11730018258 0.43305948377 0.21642750502 0.091371722519 
0.053489062935 0.041358962655 0.034420344979 0.029396725819 0.026970248669 0.02820815891 0.033502150327 0.041774522513 0.050494261086 
0.057817246765 0.064430221915 0.065358936787 0.037421219051 0.015702364966 0.0059660128318 0.0024302231614 0.001138002146 0.00059042393696 
0.00031839142321 0.00017082811974 8.9040499006e-05 4.4506523409e-05 2.1181027478e-05 9.5613158919e-06 4.087661182e-06 1.6551574618e-06 6.3549123297e-07 
2.3180216147e-07 8.052408873e-08 2.6714968016e-08 8.4903648556e-09 2.5931112813e-09 7.6354639278e-10 2.1743980227e-10 6.0066160379e-11 1.613940058e-11 
4.2279526234e-12 1.0818887019e-12 2.7080610974e-13 6.6368724481e-14 1.5933670602e-14 3.7478438118e-15 8.6360874676e-16 1.9490254586e-16 4.3081088314e-17 
9.3960198514e-18 2.3788109687e-18 1.4665660798e-17 5.7651127033e-17 2.6274138814e-16 1.1791048027e-15 5.1691371452e-15 2.2127236499e-14 9.2479104615e-14 
3.7736358634e-13 1.5034615263e-12 5.8489550009e-12 2.2221514559e-11 8.2460781259e-11 2.9893212905e-10 1.0588047106e-09 3.6645904089e-09 1.2394203885e-08 
4.0960898673e-08 1.3225094619e-07 4.1702725184e-07 1.2836688938e-06 3.8545013012e-06 1.128014901e-05 3.2134874346e-05 8.8980210421e-05 0.00023903211695 
0.00062164972769 0.0015618763864 0.0037848325446 0.0088396854699 0.019900277257 0.043148044497 0.089581653476 0.17516131699 0.31213438511 
0.4799233377 0.58636838198 0.52518928051 0.43495646119 0.36218237877 0.31199923158 0.28017088771 0.26110586524 0.25031352043 
0.2412289381 0.22581814229 0.23928333819 0.23866394162 0.18253350258 0.26273813844 0.43976849318 0.48993045092 0.25287050009 
0.10719922185 0.058844745159 0.044374998659 0.037499975413 0.032592587173 0.029292337596 0.027899652719 0.028402213007 0.030309274793 
0.033418141305 0.04006922245 0.054242387414 0.06510412693 0.040869019926 0.017452819273 0.0065434868447 0.0027158600278 0.0013549623545 
0.0007510430878 0.00042461263365 0.00023493201297 0.00012497685384 6.335604121e-05 3.045412268e-05 1.3845186004e-05 5.9487001636e-06 2.4169478365e-06 
9.3003359325e-07 3.3968004232e-07 1.1806913847e-07 3.9173286837e-08 1.2445547704e-08 3.7987719637e-09 1.1177022641e-09 3.1804162082e-10 8.7794174708e-11 
2.357755137e-11 6.1750903869e-12 1.5803621432e-12 3.9579667668e-13 9.7095989831e-14 2.3342908349e-14 5.5002372421e-15 1.2700250016e-15 2.8728610008e-16 
6.3659859647e-17 1.3921426548e-17 3.5353513265e-18 1.7651594212e-17 6.9277918166e-17 3.1523853144e-16 1.4123357482e-15 6.1801963287e-15 2.6400665101e-14 
1.1008247536e-13 4.480016347e-13 1.7794487672e-12 6.898262777e-12 2.6101162898e-11 9.6398722338e-11 3.475353616e-10 1.2230894075e-09 4.2018606372e-09 
1.4089907907e-08 4.6107668794e-08 1.4719753949e-07 4.5824529593e-07 1.3903287481e-06 4.1082244024e-06 1.1812603589e-05 3.3019172406e-05 8.9622633823e-05 
0.00023590019555 0.00060128374025 0.0014821726363 0.0035306005739 0.0081299925223 0.018133191392 0.039293192327 0.0828640908 0.16938062012 
0.33037874103 0.5943993926 0.91647744179 0.67612278461 0.47944405675 0.35744091868 0.2860737741 0.24539527297 0.22227297723 
0.20799539983 0.19568899274 0.17767454684 0.15732118487 0.14874835312 0.12907277048 0.14436671138 0.22604928911 0.25863420963 
0.15298625827 0.080470465124 0.053756065667 0.044251773506 0.038952596486 0.034902069718 0.031764887273 0.029506266117 0.028007643297 
0.027309862897 0.028911277652 0.038455698639 0.062889672816 0.084624610841 0.054319884628 0.022792246193 0.0081987390295 0.0033009191975 
0.0016584033147 0.00094237207668 0.00054531981004 0.00030706077814 0.00016544028767 8.4643754235e-05 4.0957915189e-05 1.8709893993e-05 8.0666923168e-06 
3.2856919461e-06 1.2666364455e-06 4.6325166636e-07 1.6119359714e-07 5.3529696231e-08 1.7021198673e-08 5.2001127848e-09 1.5316196089e-09 4.3637671254e-10 
1.206488659e-10 3.2462716543e-11 8.5215298359e-12 2.1866391076e-12 5.4926782523e-13 1.3518454748e-13 3.2612733586e-14 7.7122459962e-15 1.7873453978e-15 
4.0579805315e-16 9.0249084129e-17 1.9807938263e-17 5.0500133267e-18 2.0294255944e-17 7.9477769803e-17 3.6089434845e-16 1.6132733509e-15 7.0421925364e-15 
3.0001436041e-14 1.2471836443e-13 5.0584178773e-13 2.0014857827e-12 7.7253039035e-12 2.9086134543e-11 1.0681971974e-10 3.8264560964e-10 1.3368871565e-09 
4.5550647698e-09 1.5132497921e-08 4.9001876334e-08 1.5460332747e-07 4.7500037681e-07 1.4202114471e-06 4.1292523747e-06 1.166536731e-05 3.1994393794e-05 
8.5123218014e-05 0.00021953888063 0.00054859661032 0.0013282608707 0.0031193180475 0.0071254880168 0.015916958451 0.035037212074 0.076620645821 
0.16729535162 0.3654024601 0.81914037466 2.1565401554 0.90373897552 0.50932353735 0.33815652132 0.25299930573 0.20894567668 
0.18594734371 0.17271140218 0.16231842339 0.14977864921 0.13412021101 0.121162422 0.10591624677 0.098911687732 0.11112458259 
0.11783617735 0.084259293973 0.059284094721 0.048048343509 0.042486041784 0.038702730089 0.035709187388 0.03323142603 0.031043278053 
0.028936641291 0.026959022507 0.026241192594 0.030612906441 0.04471404478 0.057521551847 0.037489343435 0.01683277823 0.0069752112031 
0.0033384307753 0.0018778539961 0.001120826113 0.00066261185566 0.00037752810749 0.00020498863887 0.00010545076657 5.1227514632e-05 2.3469789085e-05 
1.014202735e-05 4.1388816499e-06 1.598299832e-06 5.8555053783e-07 2.0411897594e-07 6.7922357516e-08 2.164841284e-08 6.6318928127e-09 1.959580942e-09 
5.6037430252e-10 1.5558414279e-10 4.2059355998e-11 1.109721863e-11 2.8630821672e-12 7.2325397624e-13 1.7902686441e-13 4.3435490393e-14 1.0328602021e-14 
2.4064392379e-15 5.4911436023e-16 1.227025427e-16 2.7052784769e-17 6.9294189636e-18 2.2499312661e-17 8.7856083704e-17 3.9781479409e-16 1.7730089417e-15 
7.7143661196e-15 3.2748302903e-14 1.3560437766e-13 5.476089417e-13 2.1562964088e-12 8.2780657329e-12 3.0980003285e-11 1.1301101027e-10 4.0178951832e-10 
1.392050919e-09 4.6990282776e-09 1.5450462243e-08 4.9464663476e-08 1.5411907839e-07 4.6704542456e-07 1.3755825421e-06 3.9344763536e-06 1.0919353372e-05 
2.938160651e-05 7.6604090282e-05 0.00019345807959 0.0004733283713 0.0011231026147 0.0025903154165 0.0058307698928 0.012885710225 0.028139775619 
0.060935281217 0.13013863564 0.26838806272 0.51170575619 0.82595181465 0.5855306983 0.39186754823 0.27423962951 0.2078832835 
0.17257924378 0.1550527364 0.14602136612 0.13941204548 0.1316190511 0.12124908715 0.10963602364 0.096578732133 0.085033915937 
0.078125923872 0.072390548885 0.059609364718 0.049640201032 0.043601278216 0.039709154516 0.036963440478 0.034912139177 0.03319741413 
0.031463917345 0.029431983829 0.027032690123 0.024718686938 0.024038175121 0.026917925104 0.029476745054 0.019991137087 0.01064477209 
0.0056695500389 0.0033201179467 0.0020520747639 0.0012659343192 0.00075758487219 0.00043417880079 0.00023657562269 0.00012198595505 5.9363883338e-05 
2.7238056646e-05 1.1787828953e-05 4.8184333536e-06 1.8643468138e-06 6.8463782554e-07 2.3935066906e-07 7.9925413843e-08 2.5581083918e-08 7.8754522903e-09 
2.3403592397e-09 6.7360900191e-10 1.883672246e-10 5.1316909055e-11 1.365036556e-11 3.5512725573e-12 9.0460223947e-13 2.2574254748e-13 5.5196346354e-14 
1.3221156856e-14 3.1011875197e-15 7.1202240703e-16 1.6000080473e-16 3.5459459385e-17 9.1301408415e-18 2.4412091727e-17 9.4952313978e-17 4.2833130007e-16 
1.9014669938e-15 8.2379891821e-15 3.480914084e-14 1.4340925095e-13 5.7592006251e-13 2.253972833e-12 8.5950378759e-12 3.1928532734e-11 1.1552263313e-10 
4.0703918014e-10 1.3963755707e-09 4.6629664574e-09 1.5152515687e-08 4.7895696298e-08 1.471886435e-07 4.3948006123e-07 1.2739685644e-06 3.5822793052e-06 
9.7623378679e-06 2.5762152291e-05 6.5792082751e-05 0.00016256578965 0.00038879943895 0.00090124644339 0.0020300073083 0.0044605797157 0.0096071008593 
0.020355446264 0.042365930974 0.08557651937 0.16300474107 0.27732953429 0.38095444441 0.3346927166 0.25948020816 0.19954162836 
0.16088044643 0.13983206451 0.13049507141 0.12687648833 0.12436839938 0.12020538747 0.1132299006 0.10369774699 0.092291921377 
0.080498151481 0.069788694382 0.060445640236 0.051441404969 0.044442631304 0.039566636086 0.03632369265 0.034254275262 0.032917879522 
0.03185486421 0.030634542927 0.028939727694 0.026641825214 0.023881880566 0.021189462394 0.019262930378 0.017323976383 0.012493936345 
0.0080736521631 0.0051903040148 0.0033714405727 0.0021660409402 0.0013523092493 0.00081209291238 0.00046580674825 0.00025380184525 0.0001308429928 
6.3675019192e-05 2.9229362553e-05 1.2662797417e-05 5.1851147873e-06 2.0113154733e-06 7.4113262372e-07 2.6023525379e-07 8.7369130597e-08 2.8144926389e-08 
8.7304625751e-09 2.6168627265e-09 7.6042117048e-10 2.1485002666e-10 5.9170626732e-11 1.5915255225e-11 4.1865321973e-12 1.0779140167e-12 2.7173730388e-13 
6.7071253607e-14 1.6204118058e-14 3.8303685378e-15 8.8552207144e-16 2.0021009401e-16 4.4616295826e-17 1.1550268655e-17 2.6455322139e-17 1.0238168628e-16 
4.5961691196e-16 2.0300245724e-15 8.7471415338e-15 3.6743448995e-14 1.5041396947e-13 5.9986163172e-13 2.3299075343e-12 8.8111011542e-12 3.2434999131e-11 
1.1619432499e-10 4.049875435e-10 1.3730296899e-09 4.526730546e-09 1.4508404256e-08 4.5187313447e-08 1.3669819054e-07 4.0141515001e-07 1.1433781992e-06 
3.1563415632e-06 8.4368894022e-06 2.1817540983e-05 5.4544772865e-05 0.00013179052621 0.00030783857801 0.00069591921056 0.001525838743 0.0032542790286 
0.006771760527 0.013763631694 0.027210615575 0.051605775952 0.091292850673 0.14370633662 0.18712741137 0.18468080461 0.16179925203 
0.13808876276 0.12152875215 0.11355320364 0.11199319363 0.11329057068 0.11422608048 0.11271588504 0.10786907375 0.099808886647 
0.089335314929 0.077701322734 0.066213600338 0.055852457881 0.047085992992 0.040387690067 0.035737846047 0.032825183123 0.031206293032 
0.030367089435 0.029780250043 0.028980987146 0.0276417844 0.025619100779 0.022965209559 0.019919006154 0.016819935292 0.013739521615 
0.010304645635 0.0073067308404 0.005026482977 0.0033641252667 0.0021803895943 0.0013619755628 0.00081601989223 0.0004666261375 0.00025350929354 
0.00013039837359 6.3375795435e-05 2.9086057111e-05 1.2613159015e-05 5.1763727242e-06 2.015059863e-06 7.4616502843e-07 2.6366208772e-07 8.9208462839e-08 
2.9002446666e-08 9.0917895434e-09 2.7573960892e-09 8.1153572751e-10 2.3239063451e-10 6.4886464257e-11 1.7692611265e-11 4.7159463834e-12 1.2294386429e-12 
3.1351364647e-13 7.8189624914e-14 1.9065490221e-14 4.5435088695e-15 1.0578683417e-15 2.406595039e-16 5.3924982776e-17 1.4034124944e-17 2.9286508258e-17 
1.1266317733e-16 5.0288282551e-16 2.2078053531e-15 9.4519559551e-15 3.9428282552e-14 1.6018993586e-13 6.3362336211e-13 2.4391049076e-12 9.1343148323e-12 
3.3267406191e-11 1.1779306697e-10 4.0536490831e-10 1.355407786e-09 4.4021284396e-09 1.3883142636e-08 4.2500197139e-08 1.2623789303e-07 3.636334327e-07 
1.0151915149e-06 2.7449571007e-06 7.1827912507e-06 1.8175946025e-05 4.445176819e-05 0.00010503933299 0.00023987445456 0.0005298339529 0.0011334004812 
0.0023512083571 0.0047321971506 0.0092237852514 0.017306376249 0.030863409862 0.051194451749 0.076551303267 0.099084801972 0.10454621911 
0.10126902163 0.095973215997 0.093121342361 0.094233497977 0.098318763077 0.10314293206 0.10645825416 0.10669754446 0.10317481309 
0.096039250493 0.086108118296 0.074628129601 0.062964089215 0.05229909718 0.043427996337 0.036748792976 0.032245576382 0.029602997005 
0.028326569125 0.027842327952 0.027585525066 0.027081685141 0.026010068133 0.024233764037 0.021790994331 0.018858494237 0.015693224967 
0.012529530562 0.0095078926533 0.0068967682309 0.0048090810888 0.0032290711533 0.0020873420872 0.0012968921801 0.00077214126941 0.00043882714817 
0.00023715895077 0.00012151697592 5.8927565988e-05 2.7031817808e-05 1.173808414e-05 4.832583727e-06 1.8907140884e-06 7.0495912041e-07 2.5128639436e-07 
8.5920682125e-08 2.8276431863e-08 8.9862428609e-09 2.766171292e-09 8.269596119e-10 2.4062629667e-10 6.8261160613e-11 1.8900025642e-11 5.1107737833e-12 
1.3500614472e-12 3.4837662811e-13 8.7798231142e-14 2.1604527385e-14 5.1892952588e-15 1.2164311095e-15 2.7834529674e-16 6.268760479e-17 1.6394124171e-17 
3.3676772668e-17 1.2874589778e-16 5.7122869641e-16 2.4920806216e-15 1.0596733689e-14 4.3879860818e-14 1.7685778243e-13 6.934888319e-13 2.6442658826e-12 
9.7998692494e-12 3.528503878e-11 1.2337578181e-10 4.1875716783e-10 1.3791799924e-09 4.4060453064e-09 1.3648839392e-08 4.0983920258e-08 1.1924818466e-07 
3.3608804983e-07 9.1717333817e-07 2.4225930702e-06 6.1915161496e-06 1.5308276488e-05 3.6620665924e-05 8.4810773842e-05 0.00019035382138 0.00041457155021 
0.00087669334607 0.001798049896 0.0035616678651 0.0067623839714 0.012180710211 0.020598746836 0.032663490623 0.050317134708 0.077692970634 
0.069171540439 0.06824605912 0.070349037647 0.07440303266 0.08051802218 0.087792418897 0.094583831728 0.099209435284 0.1004390493 
0.097722187638 0.091231994331 0.081778988242 0.070611014962 0.059128250927 0.048585608602 0.03986832127 0.033402726054 0.029179973528 
0.026862964034 0.025916416198 0.025728518143 0.025715155527 0.025403857231 0.024490065873 0.02285646461 0.020554430783 0.017759231851 
0.014714755118 0.011674646288 0.0088531114161 0.0064238375053 0.004468025174 0.0029832045548 0.0019132865127 0.0011779761408 0.00069483806146 
0.00039152352838 0.00021010487399 0.00010711274081 5.1799750509e-05 2.3754171707e-05 1.033667013e-05 4.2750170905e-06 1.6842067225e-06 6.3379189896e-07 
2.2851413917e-07 7.9189341307e-08 2.6458158331e-08 8.5478228939e-09 2.6771516115e-09 8.1459528012e-10 2.4120147546e-10 6.9581222728e-11 1.9569960236e-11 
5.3681872315e-12 1.436300189e-12 3.748106968e-13 9.5381507055e-14 2.3666561332e-14 5.7249902349e-15 1.350104767e-15 3.10520055e-16 7.0246467254e-17 
1.8449016175e-17 4.0335292049e-17 1.5333165112e-16 6.7661219467e-16 2.9349244812e-15 1.2402666378e-14 5.1013799305e-14 2.0410990877e-13 7.9395761883e-13 
3.0008129228e-12 1.1013872106e-11 3.92332139e-11 1.3556211709e-10 4.5410716853e-10 1.4739739429e-09 4.6336374737e-09 1.4101395607e-08 4.1527759009e-08 
1.1830626789e-07 3.2596042843e-07 8.6849223635e-07 2.2380454539e-06 5.580924153e-06 1.3483217117e-05 3.1626856071e-05 7.2258982982e-05 0.00016143813264 
0.00035383790964 0.00076086248737 0.0015958761796 0.0032241784502 0.0061657433398 0.010974390432 0.018211951479 0.031186396256 0.07516258955 
0.23176912963 0.08739631623 0.056139238179 0.056419860572 0.062541790307 0.070496022701 0.078899510205 0.08630771935 0.091334573925 
0.092956103384 0.090708866715 0.084770523012 0.075917944312 0.065358452499 0.054463483393 0.044477384537 0.036289226264 0.030327800661 
0.026580585167 0.024696374312 0.024119472131 0.024220483378 0.024408783764 0.024219898507 0.023370012641 0.02176983282 0.019499011338 
0.016754131764 0.013788685203 0.010858012363 0.0081756608561 0.0058881789446 0.0040602958761 0.0026840090286 0.0017022945685 0.0010358319851 
0.00060401519295 0.00033686027746 0.0001792753028 9.0872003057e-05 4.3820389692e-05 2.0098483219e-05 8.7740017989e-06 3.6511753478e-06 1.45140325e-06 
5.5253866549e-07 2.0199878747e-07 7.1113227307e-08 2.4171983526e-08 7.9516970786e-09 2.5366251322e-09 7.8592626851e-10 2.367724905e-10 6.9411684733e-11 
1.9809685142e-11 5.5050092089e-12 1.4897168785e-12 3.9256757025e-13 1.0073590047e-13 2.5172075999e-14 6.1255635506e-15 1.4518653994e-15 3.353575227e-16 
7.6148797971e-17 2.0070528403e-17 4.9715444095e-17 1.8813619522e-16 8.2658202496e-16 3.5690139808e-15 1.5007704348e-14 6.1397576205e-14 2.442194667e-13 
9.4389253358e-13 3.5423521755e-12 1.2900179189e-11 4.5555208911e-11 1.558908419e-10 5.1659054812e-10 1.6566260586e-09 5.1377768706e-09 1.5400646092e-08 
4.4595232396e-08 1.2469500632e-07 3.3661569887e-07 8.7742432697e-07 2.2100643946e-06 5.3888861657e-06 1.2763937775e-05 2.9535181966e-05 6.7305998527e-05 
0.00015238359629 0.00034462407348 0.00077597174095 0.0017140030395 0.0036264702212 0.0071564395912 0.012928726152 0.022210327908 0.049624357373 
0.22794649005 1.3963147402 0.23455819488 0.065495535731 0.050417598337 0.054987546057 0.062629446387 0.070686988533 0.077690660954 
0.082410626113 0.083965830505 0.081963606179 0.076577879488 0.068526059389 0.058924764395 0.049047555774 0.040054127574 0.032774537802 
0.02760543488 0.024522574618 0.023173777387 0.023005889729 0.023393511772 0.023753203452 0.023634495214 0.022776730359 0.021122407168 
0.01878705807 0.015999732539 0.013034922071 0.01015334297 0.0075600757264 0.0053825699724 0.0036673259456 0.0023937546648 0.0014982917346 
0.00089963641949 0.00051797903143 0.00028566163382 0.00015068383073 7.5927113357e-05 3.6517751141e-05 1.6763255189e-05 7.349417956e-06 3.0815233458e-06 
1.2379094869e-06 4.7747386134e-07 1.7722548762e-07 6.344176029e-08 2.1946828355e-08 7.3496679853e-09 2.3859996201e-09 7.5169259706e-10 2.2998758453e-10 
6.8372474349e-11 1.9756528011e-11 5.5498470403e-12 1.5158510298e-12 4.0262007595e-13 1.0400727046e-13 2.6136221415e-14 6.3904841163e-15 1.5207743884e-15 
3.5248876406e-16 8.0282378311e-17 2.1222417111e-17 6.1840472581e-17 2.3323467778e-16 1.0214217845e-15 4.3954043117e-15 1.8415665179e-14 7.5044598357e-14 
2.9723269744e-13 1.1434485086e-12 4.2693895294e-12 1.5460363892e-11 5.4255499399e-11 1.8437214255e-10 6.0621402342e-10 1.9270207652e-09 5.9174207756e-09 
1.7540260799e-08 5.0153779796e-08 1.3826350198e-07 3.6740635778e-07 9.4136316875e-07 2.3287072963e-06 5.579214303e-06 1.3024060536e-05 2.9920594898e-05 
6.8574074248e-05 0.00015889565111 0.0003741311084 0.00088584871264 0.0020563697908 0.0045305527747 0.0091793006286 0.016672234982 0.026968292892 
0.043596800417 0.13229930401 0.99140322208 0.13364747167 0.050974689424 0.04580835253 0.049723610282 0.056022886187 0.062838971615 
0.068761624396 0.072677776217 0.07383928448 0.071935079992 0.067139916122 0.060092948377 0.051774512976 0.043296996504 0.035669635981 
0.029610704631 0.025455461815 0.023163966835 0.022398453206 0.022633081302 0.023270284757 0.023750666529 0.023645950481 0.022720620036 
0.020948309451 0.018480461091 0.015580676496 0.012548422441 0.0096539100632 0.0070961341262 0.0049861869775 0.0033520581201 0.0021583426278 
0.0013324646279 0.00078929227311 0.00044869980775 0.00024471996585 0.00012796693773 6.4114188717e-05 3.076604844e-05 1.4141090105e-05 6.2293647716e-06 
2.6327625164e-06 1.0690384897e-06 4.1771355086e-07 1.5731743019e-07 5.7195489234e-08 2.0101669662e-08 6.8373879891e-09 2.2528743315e-09 7.1958083936e-10 
2.2291986312e-10 6.7006740434e-11 1.9549124472e-11 5.5372724635e-12 1.5231436988e-12 4.0699000702e-13 1.0567141238e-13 2.6669088148e-14 6.5447957316e-15 
1.562433904e-15 3.6314536498e-16 8.2915340523e-17 2.1972625259e-17 7.6184743932e-17 2.8662570555e-16 1.2522941668e-15 5.3757619389e-15 2.2464696119e-14 
9.1290405682e-14 3.6049844208e-13 1.3823531078e-12 5.1432924759e-12 1.8553469525e-11 6.483531767e-11 2.1929495719e-10 7.1728722961e-10 2.2668067423e-09 
6.915144013e-09 2.0345666485e-08 5.76866519e-08 1.575176185e-07 4.140900387e-07 1.0483843198e-06 2.5604181246e-06 6.0560359998e-06 1.398191489e-05 
3.1928306271e-05 7.3407318268e-05 0.00017270700482 0.00041727672215 0.001018299954 0.0024304098915 0.0054700747132 0.011235322803 0.020505141467 
0.032610550523 0.045190412551 0.060945618898 0.12164916843 0.05801442638 0.045625589788 0.043683588505 0.045860826969 0.0503568165 
0.05554093793 0.06003979221 0.06287150085 0.063445501029 0.061557907611 0.057397108525 0.051513291895 0.044716063887 0.03790718317 
0.031894382089 0.027244098485 0.024209422991 0.022734601051 0.022512594238 0.023069547489 0.023860681802 0.024369621649 0.02420062013 
0.023145200685 0.021204244345 0.018558768556 0.015501309186 0.012353532948 0.0093957101926 0.0068236310035 0.0047356691211 0.0031438304577 
0.0019987400156 0.001218408579 0.00071288080653 0.00040062033804 0.00021631240088 0.00011222121975 5.5933836848e-05 2.6783798603e-05 1.2324007912e-05 
5.4515130614e-06 2.319972964e-06 9.5071021633e-07 3.7553772358e-07 1.4313431507e-07 5.2690914742e-08 1.8749897635e-08 6.4542873268e-09 2.1505355274e-09 
6.9392486202e-10 2.169367741e-10 6.5731947663e-11 1.9310865407e-11 5.5026022801e-12 1.5213900018e-12 4.0831197473e-13 1.0641583236e-13 2.69448465e-14 
6.6313591106e-15 1.5870960094e-15 3.6971291435e-16 8.4592492228e-17 2.2465444578e-17 9.1644842225e-17 3.4413918973e-16 1.5009049013e-15 6.4312382595e-15 
2.6823961346e-14 1.0878500385e-13 4.2866358792e-13 1.6399925038e-12 6.087028017e-12 2.1900349589e-11 7.6314413122e-11 2.5732591058e-10 8.3883944235e-10 
2.6410569287e-09 8.0234183741e-09 2.3496701473e-08 6.627150384e-08 1.7988173795e-07 4.6967033995e-07 1.1798720152e-06 2.8560718874e-06 6.6883376348e-06 
1.5276331396e-05 3.4512402635e-05 7.8635384853e-05 0.00018401035049 0.00044419869664 0.0010868614772 0.002604637295 0.0058845281601 0.012118363753 
0.022136997432 0.035116214305 0.047713737935 0.055752769113 0.059065710753 0.050862759352 0.044806037098 0.04206186533 0.042762592435 
0.045697223395 0.049299191684 0.052321590483 0.053982090205 0.053893949836 0.051992256194 0.048494253308 0.043857447803 0.038699876517 
0.033681407571 0.029375882819 0.026173064485 0.024232244119 0.023485068232 0.023670770228 0.024390298873 0.025175401941 0.025572011247 
0.025228146464 0.023964542896 0.021803805605 0.018946403638 0.015703123063 0.012409985065 0.0093541033566 0.0067291338928 0.0046241958626 
0.0030389181338 0.0019123201491 0.0011538267136 0.00066835794132 0.00037207696005 0.00019923443324 0.00010267041216 5.093735308e-05 2.4336741262e-05 
1.1200877452e-05 4.9677705647e-06 2.1241389732e-06 8.760650303e-07 3.4870365084e-07 1.3402258503e-07 4.9765063181e-08 1.7860903867e-08 6.1987699418e-09 
2.0811754542e-09 6.762124749e-10 2.1271477635e-10 6.4807305356e-11 1.9131148055e-11 5.4744008805e-12 1.519177362e-12 4.090379565e-13 1.0690976099e-13 
2.7138871256e-14 6.6944410424e-15 1.6055489398e-15 3.7473656088e-16 8.5901025783e-17 2.2857587746e-17 1.066291727e-16 3.9979155723e-16 1.7411273627e-15 
7.4497487918e-15 3.1025376902e-14 1.2562748151e-13 4.9422678406e-13 1.8876241716e-12 6.9937410897e-12 2.5115881597e-11 8.7348288325e-11 2.9392216438e-10 
9.560274794e-10 3.0029134734e-09 9.0994261015e-09 2.6573394152e-08 7.4717270593e-08 2.0209849083e-07 5.255482165e-07 1.3138578652e-06 3.1610509268e-06 
7.3424935181e-06 1.6579766452e-05 3.6849629396e-05 8.2096339611e-05 0.00018687681586 0.00043832691154 0.0010460979538 0.0024613277055 0.005494417157 
0.011234339327 0.020444773138 0.032385729253 0.043987981975 0.051071211696 0.05164238438 0.04730398953 0.042546413839 0.040136925876 
0.04048910737 0.042513132095 0.04484827444 0.046518802643 0.0470350869 0.046270873398 0.044333517551 0.041484612972 0.038089808077 
0.034565981477 0.03131602332 0.028664445505 0.026812944561 0.025822883472 0.025618065149 0.025997187942 0.026654984802 0.027220567688 
0.027320256457 0.026657372713 0.0250848867 0.022641936317 0.019537556916 0.016088105738 0.012633185834 0.0094604371116 0.0067597776651 
0.0046127503738 0.003009460168 0.00187972188 0.0011256288271 0.00064716569614 0.00035771218245 0.00019030545081 9.7537842521e-05 4.8195764975e-05 
2.2971438739e-05 1.056531346e-05 4.6905529416e-06 2.0105910608e-06 8.3230014525e-07 3.3280198863e-07 1.2856824583e-07 4.799743536e-08 1.7319681689e-08 
6.0424021342e-09 2.0386901056e-09 6.6543198729e-10 2.1019511132e-10 6.4280678003e-11 1.903993456e-11 5.4648802844e-12 1.5206906914e-12 4.104607008e-13 
1.0752394119e-13 2.7351401986e-14 6.7598404562e-15 1.6241506304e-15 3.7972307031e-16 8.7188462923e-17 2.324130856e-17 1.1927817378e-16 4.4662565001e-16 
1.9427194042e-15 8.302128211e-15 3.4531917121e-14 1.3964694743e-13 5.4866094307e-13 2.0927285512e-12 7.7431177789e-12 2.7768572164e-11 9.643816995e-11 
3.2404631756e-10 1.0524857652e-09 3.3010267853e-09 9.9877395243e-09 2.91224449e-08 8.1751807102e-08 2.2073761841e-07 5.7285933508e-07 1.4284742065e-06 
3.4242464153e-06 7.9071687651e-06 1.7674441551e-05 3.8596372178e-05 8.3549959527e-05 0.00018247075786 0.00040710743633 0.0009245268302 0.0020877420902 
0.0045257876627 0.0090850060806 0.016376949847 0.025892172009 0.035370800644 0.041687052697 0.043273821473 0.04154888168 0.039442978799 
0.038884494454 0.039981570095 0.041760202497 0.043172512203 0.043619114906 0.042988523841 0.041479278356 0.039411444217 0.037109017372 
0.034848175943 0.032839477062 0.031221972778 0.030064985156 0.029378302395 0.029124585912 0.029223224148 0.029540941119 0.029879631475 
0.029982173815 0.029571393505 0.028418103233 0.026412820444 0.023608695716 0.02021445334 0.016539800912 0.012916145846 0.0096228988841 
0.006841622293 0.004645162262 0.0030149987433 0.001873189467 0.0011156275868 0.00063791824505 0.00035072962055 0.00018567059305 9.475339175e-05 
4.6659886721e-05 2.218706868e-05 1.0192367881e-05 4.5247847993e-06 1.9414881081e-06 8.052135172e-07 3.227985701e-07 1.2508256475e-07 4.6850804125e-08 
1.6963783267e-08 5.9383942208e-09 2.010207556e-09 6.5819155681e-10 2.0851875782e-10 6.3942087736e-11 1.898745744e-11 5.4625180247e-12 1.5233053534e-12 
4.1198592931e-13 1.0812349822e-13 2.7551538931e-14 6.8203821361e-15 1.6412143209e-15 3.8427356953e-16 8.8359360241e-17 2.3589381199e-17 1.2779326365e-16 
4.779486637e-16 2.0767337807e-15 8.8653441345e-15 3.683464395e-14 1.4879635339e-13 5.8396679419e-13 2.2249554629e-12 8.2234410254e-12 2.9459795714e-11 
1.0220636837e-10 3.4309077801e-10 1.1133144406e-09 3.4888669731e-09 1.0548188989e-08 3.0737073331e-08 8.6239865027e-08 2.3276049887e-07 6.0383791833e-07 
1.5049380409e-06 3.6034782624e-06 8.2984479377e-06 1.8433373043e-05 3.9727074181e-05 8.3889528469e-05 0.00017590126663 0.00037095809239 0.00079004227882 
0.0016795081319 0.0034710003529 0.0067480821162 0.011964404024 0.018884668127 0.02617768757 0.0319452025 0.035201340914 0.036738984287 
0.038165584207 0.040338896215 0.042910702527 0.044929187745 0.045620653778 0.044791098684 0.042791187763 0.040241528302 0.037745688111 
0.035720452666 0.034353446215 0.033637829125 0.033437747508 0.033559899777 0.033817686141 0.034072134644 0.034236680716 0.034247010946 
0.034017343074 0.033414401114 0.032271366566 0.030440513045 0.027859732509 0.024598881602 0.020861683413 0.016941320151 0.013149253093 
0.0097459824756 0.0068970434368 0.004662329331 0.003013181733 0.0018640316557 0.0011053840863 0.00062934827292 0.00034457765287 0.00018170644762 
9.2413720267e-05 4.5381235395e-05 2.15356431e-05 9.881535334e-06 4.3853679017e-06 1.8825327288e-06 7.8164885053e-07 3.1387588706e-07 1.2187626908e-07 
4.5755797373e-08 1.6607993203e-08 5.82836579e-09 1.9778285676e-09 6.4913524556e-10 2.0611749807e-10 6.3341373813e-11 1.8846898001e-11 5.4322527379e-12 
1.5175117022e-12 4.1108623124e-13 1.0805080246e-13 2.7571942261e-14 6.8344581296e-15 1.646642108e-15 3.8599540222e-16 8.885548332e-17 2.3750036217e-17 
1.3080962739e-16 4.8872085815e-16 2.1215227654e-15 9.0480508353e-15 3.7558423439e-14 1.5157800958e-13 5.9433415221e-13 2.262420069e-12 8.3547205612e-12 
2.990604292e-11 1.0367916248e-10 3.4781721947e-10 1.1280935075e-09 3.5340192994e-09 1.0683383955e-08 3.1134980816e-08 8.7393402737e-08 2.3605390709e-07 
6.1306479893e-07 1.5300826135e-06 3.6690287288e-06 8.4570156105e-06 1.8767230358e-05 4.0230341256e-05 8.3790480858e-05 0.0001709897042 0.00034513510764 
0.00069340650225 0.0013830554672 0.0026991148479 0.0050330711529 0.0087378919125 0.013830446638 0.019762557 0.025659359992 0.031009133905 
0.036044277251 0.041345842183 0.04679626599 0.051440771669 0.054095171392 0.054074436426 0.051575034857 0.047547906637 0.043224841356 
0.039634492248 0.037345331162 0.036452371627 0.036701407284 0.037651207298 0.038824275136 0.039823871106 0.040399208665 0.040447656065 
0.039963752031 0.038967326283 0.037450205535 0.035366725177 0.032667908818 0.029356021434 0.025528062135 0.021384060383 0.017194291577 
0.013239137828 0.0097479512915 0.006859681569 0.0046140141785 0.0029683555476 0.0018284117104 0.0010798176518 0.00061239604838 0.00033407719457 
0.00017559278058 8.9055145509e-05 4.3635838665e-05 2.0675846827e-05 9.479331311e-06 4.2063916226e-06 1.8066431267e-06 7.5093271334e-07 3.0198845025e-07 
1.174698383e-07 4.4188752213e-08 1.6072508657e-08 5.6522724279e-09 1.9220252057e-09 6.3207161727e-10 2.0107684962e-10 6.1901310466e-11 1.844860549e-11 
5.3255060951e-12 1.4897656676e-12 4.0408664912e-13 1.063355743e-13 2.7163411494e-14 6.7398153268e-15 1.6253031246e-15 3.8130855717e-16 8.7844695081e-17 
2.349843269e-17 1.2771302051e-16 4.7672078357e-16 2.0677357497e-15 8.8115846474e-15 3.6547787773e-14 1.4738447821e-13 5.7745827434e-13 2.196630898e-12 
8.1065761742e-12 2.9001802695e-11 1.0050061477e-10 3.3705910285e-10 1.0931074934e-09 3.4249698633e-09 1.0358607305e-08 3.0214270197e-08 8.4921246923e-08 
2.2980894698e-07 5.9836133914e-07 1.4982491621e-06 3.6068884128e-06 8.35049741e-06 1.8609329345e-05 3.9998220018e-05 8.3192833699e-05 0.00016824774502 
0.00033273620647 0.00064654357266 0.0012353387428 0.002307403367 0.0041607534513 0.0071319276467 0.011477657594 0.017275616527 0.024436205626 
0.032658070326 0.041393708438 0.050941973925 0.06044703722 0.068043336272 0.071848772466 0.070949979126 0.065925709903 0.058588862419 
0.05113004148 0.045259580016 0.041800107807 0.040740389377 0.041515979916 0.043315954506 0.045331507921 0.046926185489 0.047717094421 
0.047565545887 0.04650130868 0.044627290219 0.042048539966 0.038846790791 0.035094104707 0.030884573236 0.026362890378 0.021733522415 
0.017242144793 0.013128289953 0.0095767285675 0.0066867284477 0.0044678314589 0.0028577258345 0.0017512772465 0.0010295377579 0.00058149837423 
0.00031608564314 0.00016563228564 8.3800026914e-05 4.0988841647e-05 1.9401042664e-05 8.8915239758e-06 3.9465676309e-06 1.6964065708e-06 7.0598582624e-07 
2.8435562172e-07 1.1080638274e-07 4.1760419123e-08 1.5218217797e-08 5.3618611773e-09 1.8265426949e-09 6.0168431348e-10 1.9170878773e-10 5.9101661065e-11 
1.7637009908e-11 5.0971505662e-12 1.4273667968e-12 3.8751860336e-13 1.0205882363e-13 2.6089575311e-14 6.4774248485e-15 1.5628772199e-15 3.6683535814e-16 
8.4545038531e-17 2.2624438618e-17 1.1879868696e-16 4.4311554548e-16 1.9206895595e-15 8.1796624934e-15 3.3905471882e-14 1.3664720397e-13 5.3509361655e-13 
2.0344875958e-12 7.5052256077e-12 2.6843071169e-11 9.3009246138e-11 3.1196259465e-10 1.0120735361e-09 3.1732358963e-09 9.6077785727e-09 2.8069433e-08 
7.9070311187e-08 2.146227871e-07 5.6103283441e-07 1.411878543e-06 3.4202967072e-06 7.978251233e-06 1.7933463823e-05 3.8899659558e-05 8.1600432168e-05 
0.00016602230608 0.0003287110012 0.00063520879485 0.0011996176327 0.0022109276615 0.0039611062966 0.006872813683 0.011550993659 0.018862774596 
0.0296457652 0.042971875519 0.054969634861 0.068628489971 0.083108335733 0.09490211308 0.10057468712 0.098494313657 0.089630253613 
0.077063590288 0.064468465745 0.054618056864 0.04873630777 0.046678055078 0.04746735096 0.049819607288 0.052518285811 0.054641410708 
0.055646948516 0.055334337056 0.053732357919 0.05098420009 0.047276366502 0.042815390974 0.037824466825 0.032532934099 0.027166031301 
0.021943945438 0.017095658928 0.012813372537 0.0092226210982 0.0063674198464 0.0042146574706 0.0026746422518 0.0016282391734 0.00095184717793 
0.00053508096607 0.00028971949359 0.00015134499699 7.6395212091e-05 3.731061588e-05 1.7646931155e-05 8.0872659964e-06 3.5916032175e-06 1.545440341e-06 
6.4405929834e-07 2.5983584351e-07 1.0142878182e-07 3.8294142968e-08 1.3979263969e-08 4.9334381025e-09 1.6831546157e-09 5.5521542919e-10 1.7712052658e-10 
5.4663346766e-11 1.6327840122e-11 4.722579966e-12 1.3233693655e-12 3.5948563462e-13 9.4719012093e-14 2.4222004881e-14 6.0154001395e-15 1.4516864637e-15 
3.4078059821e-16 7.8545292407e-17 2.1019000163e-17 1.0521146454e-16 3.9221577396e-16 1.6992254898e-15 7.2331616201e-15 2.9969184415e-14 1.2073644222e-13 
4.7263771672e-13 1.7966090855e-12 6.6269615663e-12 2.3703008306e-11 8.2149793912e-11 2.7568006211e-10 8.9511992263e-10 2.8100795024e-09 8.5233979874e-09 
2.4961902767e-08 7.0543713093e-08 1.9228460246e-07 5.0534799811e-07 1.2803772051e-06 3.1278138977e-06 7.3704741226e-06 1.6767426132e-05 3.6872886994e-05 
7.8516430221e-05 0.00016222662816 0.00032594788354 0.00063813471934 0.001219269936 0.0022772958037 0.0041749873199 0.0075988457538 0.014007486403 
0.026371574029 0.048269096762 0.075206667185 0.084178648889 0.096927665174 0.1154422164 0.13224284351 0.14041553438 0.13675785065 
0.12257537246 0.10265989602 0.082750089467 0.067100666463 0.057493060827 0.053611576557 0.053950719535 0.056630101055 0.059935875237 
0.062612608075 0.063940428197 0.063639089465 0.061694100499 0.058219283819 0.053412999958 0.047583710402 0.041152864695 0.034563418478 
0.028165094554 0.022174425423 0.016854617745 0.012355750427 0.008723475039 0.0059252753854 0.0038693021052 0.0024284948595 0.0014651893871 
0.00085033505457 0.00047523685498 0.00025613818434 0.00013333883544 6.7142245825e-05 3.2742937037e-05 1.5476807675e-05 7.0934888754e-06 3.1524564292e-06 
1.3580180394e-06 5.6675719406e-07 2.2901058117e-07 8.9541131842e-08 3.3859610227e-08 1.237883307e-08 4.3745389533e-09 1.494259938e-09 4.9341530861e-10 
1.5754278437e-10 4.8656058349e-11 1.4541780106e-11 4.2078324332e-12 1.1795007245e-12 3.2047143259e-13 8.4448812147e-14 2.1596206133e-14 5.363026375e-15 
1.2940955604e-15 3.0373177414e-16 6.9989121439e-17 1.8723188497e-17 8.8680398963e-17 3.3047445717e-16 1.4313212506e-15 6.0912307641e-15 2.5232664265e-14 
1.0164033515e-13 3.9786346418e-13 1.5124746074e-12 5.5801318427e-12 1.9967085277e-11 6.9248218271e-11 2.3261489956e-10 7.5634293273e-10 2.3789257231e-09 
7.2338983692e-09 2.1255480931e-08 6.0324907736e-08 1.6532044356e-07 4.3743395395e-07 1.1176340422e-06 2.7583209885e-06 6.5800918492e-06 1.5187230019e-05 
3.3957010601e-05 7.3660121416e-05 0.00015527255891 0.00031859407318 0.00063741527265 0.0012467739871 0.0023995100055 0.0046241958626 0.0092667480931 
0.020199770108 0.047380246222 0.10643617809 0.18503820896 0.15430895984 0.1415207088 0.15565465391 0.17569774389 0.18612028658 
0.18046393991 0.16006296873 0.13160219789 0.10318566114 0.080766551197 0.06676068157 0.060660101473 0.060364607722 0.063325643539 
0.067279621959 0.070625148714 0.072487272322 0.072526343167 0.070650465786 0.066826492548 0.061101842672 0.05381327495 0.045688897371 
0.037573430687 0.029965616763 0.022823126987 0.016736255959 0.011879155412 0.0081568658352 0.0054112090729 0.0034652857576 0.0021409578621 
0.0012757264776 0.00073320651427 0.0004067029513 0.00021795228531 0.00011298757454 5.6732544181e-05 2.7619375032e-05 1.3045423657e-05 5.9793901528e-06 
2.6590282687e-06 1.1466547676e-06 4.7916051926e-07 1.9388301098e-07 7.5910776332e-08 2.8742391578e-08 1.052017673e-08 3.7214193949e-09 1.2722181086e-09 
4.2037134884e-10 1.3428690104e-10 4.1487882574e-11 1.2401995229e-11 3.5889624606e-12 1.005998995e-12 2.7329766054e-13 7.2003004687e-14 1.8408273969e-14 
4.5697863726e-15 1.1022453507e-15 2.5858661212e-16 5.95559784e-17 1.5922373141e-17 7.1131914469e-17 2.650479912e-16 1.1478760744e-15 4.8849097341e-15 
2.0236564093e-14 8.1526663675e-14 3.1921050547e-13 1.2139615485e-12 4.4814356219e-12 1.6048998935e-11 5.5723002601e-11 1.8746569574e-10 6.1075638991e-10 
1.925979598e-09 5.8759814792e-09 1.7338106062e-08 4.9467040242e-08 1.3645529862e-07 3.6397685221e-07 9.3909369525e-07 2.3449933906e-06 5.6718249652e-06 
1.3301417312e-05 3.0281962609e-05 6.7009612394e-05 0.00014431816817 0.00030292192241 0.00062091561267 0.001248931163 0.0025013685226 0.0051853288896 
0.011941050179 0.032119888812 0.094956487417 0.26551312208 0.57245516777 0.32425826788 0.21016362309 0.19743745029 0.21441371739 
0.22513337433 0.21717122197 0.1912445724 0.1554890722 0.11993416399 0.091913603246 0.07435080409 0.06657653302 0.065988563001 
0.069451406598 0.074216216803 0.078419268131 0.081151396036 0.082127958536 0.081178955734 0.077883839607 0.071712315083 0.062863722444 
0.052717652172 0.043073084205 0.034396182746 0.024993846193 0.017199374735 0.011569594033 0.0076190861873 0.0048865284771 0.0030437773094 
0.0018391280901 0.001076957793 0.0006107709487 0.00033540587174 0.00017841649242 9.2002366728e-05 4.6029876103e-05 2.235977081e-05 1.054976201e-05 
4.8344149945e-06 2.150691671e-06 9.2816901542e-07 3.8824495618e-07 1.5726185154e-07 6.1635240911e-08 2.3358435186e-08 8.5560776242e-09 3.0284414976e-09 
1.0357558144e-09 3.4232863766e-10 1.0936847955e-10 3.3788482429e-11 1.0098922566e-11 2.9217422752e-12 8.1869060142e-13 2.2231697006e-13 5.8542587282e-14 
1.4958672999e-14 3.7111842259e-15 8.9456642455e-16 2.0972059318e-16 4.8265700884e-17 1.2892792715e-17 5.4304317879e-17 2.023735088e-16 8.7659894992e-16 
3.7313584331e-15 1.5462840562e-14 6.2322170265e-14 2.4415861585e-13 9.2924452855e-13 3.4337671595e-12 1.2312712482e-11 4.2819976731e-11 1.4435475038e-10 
4.7153148053e-10 1.4918211111e-09 4.5700319085e-09 1.3553056455e-08 3.8909067968e-08 1.0814637363e-07 2.9110827882e-07 7.592750535e-07 1.9202179828e-06 
4.7128842198e-06 1.1236631508e-05 2.6052326575e-05 5.8797002566e-05 0.00012929514924 0.00027734431205 0.00058163591893 0.0012007477926 0.002492899308 
0.0054991580546 0.014103946276 0.043969925493 0.15449130535 0.55065542459 1.9506915808 0.61673378944 0.2813155055 0.22402991354 
0.23262040317 0.24102297425 0.2309139967 0.20229588449 0.16369886696 0.12570546567 0.096008390188 0.077635720372 0.06985592097 
0.069876283407 0.074279211462 0.080075331032 0.085381656885 0.089555650949 0.092680774629 0.094573050737 0.093805268407 0.088118739426 
0.077481791377 0.064990177751 0.05484629795 0.046469144523 0.031619243324 0.019282720983 0.011713113636 0.0072017973289 0.0044005461968 
0.002639467828 0.001547286287 0.00088478357065 0.00049276935169 0.00026697592693 0.00014062506671 7.2010501754e-05 3.5857181501e-05 1.7365920939e-05 
8.1798007159e-06 3.7457198232e-06 1.666286721e-06 7.1937688517e-07 3.0108049032e-07 1.2203150845e-07 4.7855181151e-08 1.8144580949e-08 6.6484231454e-09 
2.3536161908e-09 8.0496836974e-10 2.6601504333e-10 8.4964792146e-11 2.6239083822e-11 7.8387010424e-12 2.2665339657e-12 6.3468669339e-13 1.7222821205e-13 
4.5318227795e-14 1.1570296418e-14 2.8681276748e-15 6.9074816871e-16 1.6179220001e-16 3.7200158414e-17 9.9262583405e-18 3.9471285356e-17 1.4715445159e-16 
6.3768647794e-16 2.7157731291e-15 1.126114718e-14 4.5421542097e-14 1.7811105238e-13 6.7864133367e-13 2.5112323245e-12 9.0202116609e-12 3.1436225151e-11 
1.0625496316e-10 3.4819502837e-10 1.1059507754e-09 3.404245108e-09 1.0154644237e-08 2.9357542175e-08 8.2282873848e-08 2.2368261909e-07 5.9014132603e-07 
1.5121902379e-06 3.7665488435e-06 9.1271076599e-06 2.1533516701e-05 4.9497404689e-05 0.00011091496708 0.00024246078101 0.000517867913 0.00108606508 
0.002270308556 0.0049142893404 0.011752938852 0.032329503447 0.096201427281 0.26905611157 0.58195590973 0.34915089607 0.22334542871 
0.20550531149 0.21781629324 0.223789379 0.21247836947 0.18529811502 0.15011557937 0.11624725163 0.09032523632 0.074895568192 
0.069289281964 0.07097286731 0.076714493334 0.083690434694 0.090432330966 0.09715565294 0.10499744117 0.11384242028 0.11941583455 
0.11485347152 0.10141481459 0.086285792291 0.078259922564 0.072954565287 0.046586841345 0.024285878986 0.012594405562 0.0069525195286 
0.0039705503732 0.0022692966741 0.0012804680737 0.0007102463278 0.00038633009535 0.000205626362 0.00010691357602 5.4244272178e-05 2.6839355996e-05 
1.2944296031e-05 6.0814645622e-06 2.7808823688e-06 1.2362619373e-06 5.3361856089e-07 2.2334307914e-07 9.0533390562e-08 3.5505767215e-08 1.3461988857e-08 
4.9319544004e-09 1.7454828694e-09 5.9673466168e-10 1.9709629762e-10 6.2912182408e-11 1.9414563707e-11 5.7952509978e-12 1.6742154538e-12 4.6838845736e-13 
1.2697841097e-13 3.3378136274e-14 8.5130453441e-15 2.1080481653e-15 5.0714943634e-16 1.1865905887e-16 2.7252006257e-17 7.2625374176e-18 2.7328363299e-17 
1.0195134722e-16 4.4210307641e-16 1.8842828129e-15 7.8203672108e-15 3.1576730976e-14 1.2397728514e-13 4.7308798589e-13 1.7537458031e-12 6.3129254428e-12 
2.2058107077e-11 7.4789431592e-11 2.4600366189e-10 7.8489215127e-10 2.4290349732e-09 7.2922228256e-09 2.1242200887e-08 6.0065957541e-08 1.6496150579e-07 
4.4029565061e-07 1.1429341384e-06 2.8874612781e-06 7.1039130489e-06 1.7028456568e-05 3.9782386011e-05 9.0601781267e-05 0.00020119620604 0.00043595265015 
0.00092382694129 0.0019279315602 0.0040330081247 0.008741681464 0.020267322659 0.049327243119 0.11491841078 0.22674009204 0.33294850588 
0.1890284121 0.17064644396 0.17913365364 0.18040572107 0.16853994131 0.14603462815 0.1190892905 0.094388715923 0.076393634081 
0.066661432385 0.064663685858 0.068509198725 0.075595095754 0.083717696369 0.092432245612 0.10380984098 0.12126519531 0.14436398447 
0.16061677039 0.15241988003 0.13164322078 0.1125947088 0.10734450072 0.10230811685 0.06257904321 0.029538141564 0.0134948669 
0.0067007504404 0.0035589577165 0.0019293576479 0.0010430327384 0.00055838300614 0.00029517311486 0.00015367036394 7.858878962e-05 3.9397960791e-05 
1.9329901988e-05 9.2692516773e-06 4.3385125537e-06 1.979173021e-06 8.7857364406e-07 3.7888511883e-07 1.584845819e-07 6.4211533868e-08 2.5170711737e-08 
9.5383292376e-09 3.4922806869e-09 1.2350621637e-09 4.2188527671e-10 1.3921706843e-10 4.4393131532e-11 1.3685081714e-11 4.0804486526e-12 1.1774559192e-12 
3.2902061067e-13 8.9088092914e-14 2.3389290179e-14 5.9579886699e-15 1.4735044443e-15 3.5404693411e-16 8.2732818157e-17 1.8976385174e-17 5.0498288654e-18 
1.8033794668e-17 6.7338709025e-17 2.9228002105e-16 1.247010587e-15 5.1815893766e-15 2.0950419744e-14 8.2385704162e-14 3.1495631298e-13 1.170070334e-12 
4.2225940626e-12 1.4798573825e-11 5.0353814868e-11 1.6632381583e-10 5.3329846095e-10 1.6600339992e-09 5.017519733e-09 1.4731238451e-08 4.203133841e-08 
1.1661034449e-07 3.1477210882e-07 8.2719537886e-07 2.1173418645e-06 5.2807781685e-06 1.283517031e-05 3.04018522e-05 7.0168680395e-05 0.00015779187379 
0.00034575277823 0.00073874299414 0.0015426389873 0.003166784998 0.0064653572626 0.013341470622 0.028445208445 0.068927153945 0.24938803911 
1.3413681984 0.27755489945 0.14266295731 0.1338442713 0.12942829728 0.11764115095 0.10075888038 0.083114482462 0.068586930633 
0.059234045446 0.05545816943 0.056879363954 0.062404483557 0.070307768881 0.079378172755 0.090897075832 0.11017192155 0.14452810585 
0.19116608799 0.21700976789 0.18337078393 0.14164337516 0.1178394407 0.11864993721 0.094566844404 0.054322250187 0.025899609551 
0.012100527994 0.0059785898775 0.0030797533691 0.0016040147748 0.00083287112648 0.00042975376709 0.00022011323017 0.00011168453784 5.5985186918e-05 
2.7648806281e-05 1.3418823073e-05 6.3856923589e-06 2.9731709219e-06 1.3514853663e-06 5.9847258171e-07 2.5764236966e-07 1.0762524738e-07 4.3555445473e-08 
1.7055176826e-08 6.4559744217e-09 2.3610662314e-09 8.340109714e-10 2.8453484013e-10 9.3770907705e-11 2.986112746e-11 9.1925746529e-12 2.7370681676e-12 
7.8868297526e-13 2.2006767068e-13 5.950122529e-14 1.5598974003e-14 3.9678267386e-15 9.7989790009e-16 2.3510926757e-16 5.4861665558e-17 1.2565392974e-17 
3.3384320895e-18 1.1349835348e-17 4.2429743139e-17 1.8437787032e-16 7.8764836729e-16 3.2775361794e-15 1.3273459446e-14 5.2293954079e-14 2.0034550462e-13 
7.4613150944e-13 2.7004028354e-12 9.4954851274e-12 3.2435075459e-11 1.0762096769e-10 3.4688538153e-10 1.0863190347e-09 3.3062730331e-09 9.7837711266e-09 
2.816264022e-08 7.8899063283e-08 2.1524134297e-07 5.720330023e-07 1.4814179394e-06 3.7387619614e-06 9.1941938081e-06 2.2024345526e-05 5.1371807785e-05 
0.00011663120677 0.0002576695988 0.00055394135416 0.0011592794908 0.0023643649183 0.0047086370178 0.0091754673049 0.017562290654 0.034346356988 
0.080833405256 0.23009809852 0.11282932013 0.094153188169 0.092556789517 0.086510621011 0.075868904591 0.063784711063 0.05337946862 
0.046551514417 0.043557796627 0.043882630765 0.04726986587 0.053339637816 0.061252504587 0.070979401469 0.086080938578 0.11640445888 
0.17480275035 0.25327038765 0.282425493 0.18987846375 0.10775985569 0.098073087633 0.17244854569 0.10228855908 0.048659071326 
0.022310337052 0.010519228876 0.0051590474322 0.0025831433013 0.0012971516699 0.00064880138962 0.00032304754131 0.00016019050963 7.904296217e-05 
3.872680827e-05 1.8786415239e-05 8.9956993179e-06 4.2389938244e-06 1.9598601284e-06 8.8643616891e-07 3.9112285322e-07 1.6792183999e-07 6.9993816965e-08 
2.8273179353e-08 1.1052008198e-08 4.1766350378e-09 1.5249637109e-09 5.3778220765e-10 1.831668428e-10 6.0262898838e-11 1.915818372e-11 5.8877512241e-12 
1.7500991975e-12 5.0343924992e-13 1.4024034484e-13 3.7854790103e-14 9.9077748772e-15 2.5160876529e-15 6.2037603617e-16 1.4861189089e-16 3.4623391544e-17 
7.9174527045e-18 2.0998585759e-18 6.8175767001e-18 2.5521685036e-17 1.1105599849e-16 4.7512836163e-16 1.9803670541e-15 8.0350900629e-15 3.1722823831e-14 
1.2182540133e-13 4.5494364569e-13 1.6516785769e-12 5.8286418227e-12 1.9991551817e-11 6.6645161612e-11 2.1596663347e-10 6.8045902246e-10 2.0852628513e-09 
6.2179275062e-09 1.8049236772e-08 5.1026958658e-08 1.4055127906e-07 3.7728452185e-07 9.8700593298e-07 2.5159697543e-06 6.2466860982e-06 1.5097524738e-05 
3.5497418139e-05 8.1144513388e-05 0.00018025080499 0.00038894923637 0.00081504241098 0.0016579217045 0.0032704637852 0.0062391329557 0.011443926953 
0.020108060911 0.034748684615 0.060238711536 0.05894914642 0.062445316464 0.062165547162 0.056621938944 0.048090990633 0.039588246495 
0.033545937389 0.030910655856 0.031093917787 0.033158350736 0.036940652877 0.042517878115 0.049738109112 0.059637755156 0.077957481146 
0.11923638731 0.20316587389 0.32016074657 0.36822742224 0.23357459903 0.11173854768 0.15363939106 0.45326831937 0.17976976931 
0.057795587927 0.021322838962 0.0092489467934 0.0043382989243 0.00209109555 0.0010135798948 0.00049023143947 0.00023629306816 0.00011359047494 
5.4476993682e-05 2.6039564545e-05 1.2377664461e-05 5.8330874708e-06 2.7156729629e-06 1.2443821333e-06 5.5913341157e-07 2.4549646582e-07 1.0499976355e-07 
4.3631370517e-08 1.7577644229e-08 6.854651069e-09 2.5845980911e-09 9.4164054332e-10 3.3137029232e-10 1.1262909355e-10 3.6979669327e-11 1.1732431866e-11 
3.5984553011e-12 1.0675176021e-12 3.0649167557e-13 8.5215322754e-14 2.2958994054e-14 5.998046552e-15 1.5204617274e-15 3.7422667351e-16 8.9490440393e-17 
2.0813619489e-17 4.7513101357e-18 1.2577507655e-18 3.9113719165e-18 1.4665288566e-17 6.3913969531e-17 2.738983473e-16 1.1437340832e-15 4.6500918723e-15 
1.8400942052e-14 7.0847841482e-14 2.6534441419e-13 9.665089909e-13 3.4234494579e-12 1.179154864e-11 3.9496246551e-11 1.2867448773e-10 4.078464233e-10 
1.2581151676e-09 3.7786618279e-09 1.1054196669e-08 3.1509578946e-08 8.7535966031e-08 2.3701754515e-07 6.2538327938e-07 1.6073084907e-06 4.0212394197e-06 
9.785489965e-06 2.3141743441e-05 5.3142928664e-05 0.00011841872765 0.00025589141296 0.00053590454627 0.0010867719539 0.0021304802503 0.004023144953 
0.0072672558017 0.012416804209 0.019830485806 0.029191656038 0.035992305726 0.040432918817 0.040636353195 0.036897279322 0.030969617888 
0.025179153308 0.021437864751 0.020391277969 0.021393941715 0.023575117812 0.026832157746 0.031394541264 0.037470761687 0.046667799354 
0.065699495375 0.11137142777 0.20840083063 0.35423335433 0.44538551569 0.33552581072 0.17697098851 0.26749289036 1.4579648972 
0.34731116891 0.078627683222 0.020996080711 0.0078076170757 0.003457417246 0.0016098871129 0.00075809017289 0.00035679814755 0.00016732006043 
7.8221572039e-05 3.6504374293e-05 1.7014563127e-05 7.912582987e-06 3.6623334836e-06 1.6810295165e-06 7.6195766496e-07 3.3955657841e-07 1.4814990834e-07 
6.3050556776e-08 2.6093665895e-08 1.0475788237e-08 4.0725298689e-09 1.5311955037e-09 5.5635535068e-10 1.9528122175e-10 6.6208837024e-11 2.1685972462e-11 
6.8640930613e-12 2.1004719231e-12 6.2173682001e-13 1.7811687997e-13 4.9417680912e-14 1.3286729064e-14 3.464152996e-15 8.7640572052e-16 2.1529134359e-16 
5.1386471355e-17 1.1929335751e-17 2.7181663645e-18 7.1808500233e-19 2.1449368174e-18 8.0561742019e-18 3.5169932936e-17 1.5099196083e-16 6.3176333536e-16 
2.5742205829e-15 1.0211332004e-14 3.9422658253e-14 1.4809543023e-13 5.4125725169e-13 1.9244202586e-12 6.6563343379e-12 2.240033159e-11 7.3357223074e-11 
2.3384130743e-10 7.2583189459e-10 2.1945407713e-09 6.4652923015e-09 1.8564117354e-08 5.1956341451e-08 1.4171810392e-07 3.7659114582e-07 9.7431677659e-07 
2.4521566502e-06 5.9976932789e-06 1.4241433746e-05 3.2795604056e-05 7.3175746365e-05 0.00015806773445 0.00033027370228 0.00066678167786 0.0012983324705 
0.0024300888181 0.0043451590464 0.0073459325358 0.011571987532 0.016690500081 0.021501906216 0.024734219536 0.025377720594 0.023462958634 
0.019920958206 0.016250036657 0.013815450482 0.013161253184 0.013926829211 0.015554918908 0.017986251041 0.021407974884 0.026093145832 
0.033589683473 0.049906764179 0.090466499329 0.18122807145 0.33595117927 0.49233463407 0.493524611 0.29475051165 0.19310690463 
0.94042921066 0.45910570025 0.1206934303 0.024188013747 0.0065424102359 0.0025827512145 0.001163997571 0.00053766806377 0.00024828710593 
0.00011399995856 5.206318383e-05 2.3706041247e-05 1.0784669939e-05 4.9048280744e-06 2.2268802695e-06 1.0060903151e-06 4.5032984985e-07 1.9872180701e-07 
8.6038753011e-08 3.6392769687e-08 1.4985301888e-08 5.9902189875e-09 2.3198722943e-09 8.6920953768e-10 3.1480884566e-10 1.1016303147e-10 3.7242202378e-11 
1.2164510718e-11 3.840083633e-12 1.1720800112e-12 3.4607253586e-13 9.8905502928e-14 2.73769485e-14 7.3440958311e-15 1.9105723863e-15 4.823300475e-16 
1.1823968492e-16 2.8164778556e-17 6.5255132879e-18 1.4839380307e-18 3.9118260387e-19 1.1251681889e-18 4.2339127984e-18 1.8517091485e-17 7.9651285826e-17 
3.3396833573e-16 1.363938615e-15 5.4241021092e-15 2.0999010636e-14 7.9127473345e-14 2.9017592365e-13 1.0355766808e-12 3.5967238302e-12 1.2158781794e-11 
4.001474499e-11 1.2823729578e-10 4.0031938875e-10 1.2176664121e-09 3.6098222189e-09 1.0431174147e-08 2.9379592092e-08 8.0630321975e-08 2.1550302165e-07 
5.6048514807e-07 1.4170707345e-06 3.4788381527e-06 8.2825599748e-06 1.9101289581e-05 4.2622377805e-05 9.1923458967e-05 0.00019140717632 0.00038430202403 
0.00074261054397 0.0013768705539 0.0024366776925 0.0040811272338 0.0063895653002 0.0092099066824 0.012032756582 0.014123371802 0.014874559827 
0.014146380126 0.01232273411 0.010220631026 0.0086855646223 0.0081455120817 0.008506866172 0.0095174638554 0.011154246517 0.013513993472 
0.016778549179 0.022014090791 0.033347409219 0.061832342297 0.12916944921 0.26207560301 0.45623335242 0.59379565716 0.45039904118 
0.24419118464 0.14132815599 0.12075978518 0.036460243165 0.010081793182 0.0038008699194 0.0016929393169 0.00077920209151 0.00035899190698 
0.00016415912251 7.4293391663e-05 3.3316933695e-05 1.4856734197e-05 6.611752724e-06 2.943186928e-06 1.3104211121e-06 5.8217892729e-07 2.5699813477e-07 
1.1214816453e-07 4.8122714702e-08 2.0207728824e-08 8.2708986326e-09 3.2892599755e-09 1.2681172779e-09 4.7321069285e-10 1.7074780478e-10 5.9543141251e-11 
2.0063490799e-11 6.533014147e-12 2.0562219462e-12 6.2582366589e-13 1.8427934959e-13 5.2527877474e-14 1.4502920146e-14 3.8810388957e-15 1.0072731579e-15 
2.5370828468e-16 6.2056922586e-17 1.4750193693e-17 3.4103153255e-18 7.7390439084e-19 2.0354649176e-19 5.6502965394e-19 2.1303416291e-18 9.3348192394e-18 
4.0234425645e-17 1.690645999e-16 6.9209447464e-16 2.7593877026e-15 1.071271791e-14 4.0490756635e-14 1.4898421852e-13 5.3363330465e-13 1.8607496186e-12 
6.3173164616e-12 2.0886408922e-11 6.7264985248e-11 2.1106870418e-10 6.4546351597e-10 1.9239791982e-09 5.5900599705e-09 1.5828515387e-08 4.3660335791e-08 
1.1723552262e-07 3.0616109825e-07 7.7671586496e-07 1.9117694592e-06 4.5591077651e-06 1.0519744137e-05 2.3455257178e-05 5.0469716371e-05 0.0001046674879 
0.00020890124142 0.00040047985385 0.00073535658885 0.0012875524117 0.0021349687595 0.0033195931464 0.0047805905342 0.0062970132567 0.007519507315 
0.0081189768389 0.0079511376098 0.0071375132538 0.0060621155426 0.0051790196449 0.004774805624 0.0048859757371 0.0054446826689 0.0064538922161 
0.0079493615776 0.010007308796 0.013172027655 0.019606549293 0.035161416978 0.071646377444 0.14570949972 0.26521155238 0.39061155915 
0.42730230093 0.47179567814 0.13885693252 0.038652110845 0.010832568631 0.0043869293295 0.0021373135969 0.0010320143774 0.00048617899301 
0.00022529477428 0.0001027488106 4.6103548812e-05 2.0403340386e-05 8.9471996034e-06 3.9071983338e-06 1.7055525632e-06 7.4523228477e-07 3.2551287177e-07 
1.4161319939e-07 6.104939132e-08 2.5935340986e-08 1.0801239014e-08 4.3904329061e-09 1.735744326e-09 6.6573130342e-10 2.4727603298e-10 8.8848220448e-11 
3.0862416789e-11 1.0361441739e-11 3.3622898302e-12 1.0548192094e-12 3.2004783481e-13 9.3962692987e-14 2.6707870399e-14 7.3540230573e-15 1.9628298722e-15 
5.0814628824e-16 1.2767937742e-16 3.1157021704e-17 7.3888206001e-18 1.7045565092e-18 3.8596635123e-19 1.0127216183e-19 2.718385619e-19 1.0270089404e-18 
4.5090144586e-18 1.9474475289e-17 8.2012204878e-17 3.3652960455e-16 1.3451940935e-15 5.2369264626e-15 1.9853420598e-14 7.3286950781e-14 2.6341832903e-13 
9.2197647086e-13 3.1427054969e-12 1.0434641866e-11 3.3754825324e-11 1.0640765352e-10 3.2693614482e-10 9.7912267183e-10 2.8579791866e-09 8.128339779e-09 
2.2512912423e-08 6.067396896e-08 1.589498595e-07 4.0426067471e-07 9.9677868093e-07 2.3791935746e-06 5.489137493e-06 1.2223064005e-05 2.6231540687e-05 
5.4173448007e-05 0.00010748607019 0.00020447946736 0.00037197160418 0.00064455281245 0.0010579382069 0.0016320276773 0.0023433365859 0.0031001977623 
0.0037495556753 0.0041313320398 0.0041513764299 0.0038352024276 0.0033420494292 0.0028875130229 0.0026360168122 0.0026509503368 0.0029393755831 
0.0035164575092 0.004393289797 0.005586667452 0.0073058730923 0.010445939377 0.017426999286 0.03294165805 0.063051812351 0.1104214862 
0.17261491716 0.34183582664 1.3728197813 0.20998685062 0.02816804871 0.0053773126565 0.0022728119511 0.0011860686354 0.00059261795832 
0.00028460467001 0.0001331326639 6.0819802457e-05 2.7172985938e-05 1.191753654e-05 5.1597262427e-06 2.2185579382e-06 9.5206416972e-07 4.0886445163e-07 
1.7568312671e-07 7.5311994863e-08 3.2055940125e-08 1.347217804e-08 5.5600892779e-09 2.2427497637e-09 8.8083090821e-10 3.3588914983e-10 1.24119659e-10 
4.4389245751e-11 1.5353034816e-11 5.1339609647e-12 1.6597619546e-12 5.1887248838e-13 1.5690998034e-13 4.5921444002e-14 1.3013300053e-14 3.5728806862e-15 
9.5098474807e-16 2.455409283e-16 6.1537995792e-17 1.4979776018e-17 3.5439457331e-18 8.156759778e-19 1.842714645e-19 4.8230142095e-20 1.2539343351e-19 
4.7472536419e-19 2.0884039856e-18 9.038573602e-18 3.8148127248e-17 1.5690803598e-16 6.2879167908e-16 2.4545761203e-15 9.3324684054e-15 3.4557002848e-14 
1.2462116571e-13 4.3771266451e-13 1.4975398309e-12 4.9914803193e-12 1.6211408951e-11 5.1312690208e-11 1.5830246836e-10 4.7599985065e-10 1.3947885069e-09 
3.9813086161e-09 1.1063340466e-08 2.9902345489e-08 7.8522283786e-08 2.0006460488e-07 4.9384652812e-07 1.179162723e-06 2.7190362744e-06 6.0452589423e-06 
1.2938140571e-05 2.6611356589e-05 5.2507672081e-05 9.9182856502e-05 0.00017888768343 0.0003070163948 0.00049906072672 0.00076359731611 0.0010914267041 
0.0014456444187 0.0017626822228 0.0019712382928 0.0020220801234 0.0019151264569 0.0017102473648 0.0015002883738 0.0013683966827 0.0013631114271 
0.00150740752 0.001817631186 0.0022988102864 0.0029483728576 0.0038239499554 0.0052227415144 0.0079676918685 0.013574205339 0.023648085073 
0.038079530001 0.066044233739 0.52179539204 0.21392200887 0.04669008404 0.0082874270156 0.0023874114268 0.0011917999946 0.00063482177211 
0.00032216325053 0.0001571905741 7.4284806033e-05 3.406464748e-05 1.5196601453e-05 6.6267671173e-06 2.842549975e-06 1.207420496e-06 5.1080769481e-07 
2.1603206335e-07 9.1417568626e-08 3.8630080468e-08 1.6231933131e-08 6.7455836472e-09 2.7572060191e-09 1.102976821e-09 4.3009007467e-10 1.6297682648e-10 
5.9886949566e-11 2.130914542e-11 7.3361143549e-12 2.4426437435e-12 7.8652985817e-13 2.4496209098e-13 7.381589914e-14 2.1530639007e-14 6.0819443184e-15 
1.6647582369e-15 4.41816144e-16 1.1375741155e-16 2.8433771074e-17 6.9035906625e-18 1.62920232e-18 3.7407480274e-19 8.4306693933e-20 2.2009069208e-20 
5.5501182464e-20 2.1056405943e-19 9.2816509648e-19 4.025414894e-18 1.7026947118e-17 7.0197306256e-17 2.8200455848e-16 1.1037385639e-15 4.208190125e-15 
1.5628357576e-14 5.6534837982e-14 1.9921611832e-13 6.8388247539e-13 2.2874130975e-12 7.4554806773e-12 2.3682349484e-11 7.3318247307e-11 2.2121025844e-10 
6.502769434e-10 1.8616280739e-09 5.186628016e-09 1.4049527763e-08 3.6957775507e-08 9.4278298945e-08 2.3286582973e-07 5.5599423376e-07 1.2810446606e-06 
2.8434003525e-06 6.0692545958e-06 1.2435979443e-05 2.441435754e-05 4.582510519e-05 8.2026723248e-05 0.0001395844738 0.00022491310665 0.00034143176163 
0.00048540791613 0.00064221746288 0.00078643037705 0.00088837067597 0.00092561327619 0.00089467846556 0.00081661465811 0.00072866736446 0.00066898076329 
0.00066577439429 0.00073731684824 0.00089596700855 0.0011457743822 0.0014825067483 0.0019138812786 0.0025160789955 0.0035210594069 0.0053461105563 
0.0083400420845 0.012086745352 0.015377733856 0.029987368733 0.02629699558 0.0082017323002 0.0024533567484 0.0010998342186 0.0005986954784 
0.00032205245225 0.00016595762281 8.2218000898e-05 3.9241651393e-05 1.807625631e-05 8.0657428043e-06 3.5056518755e-06 1.4941439304e-06 6.2884089402e-07 
2.6298025091e-07 1.0976732767e-07 4.5812139859e-08 1.9097312176e-08 7.9233650752e-09 3.2554403617e-09 1.3173697688e-09 5.2240767268e-10 2.0215555618e-10 
7.6090224399e-11 2.7792585941e-11 9.8358205261e-12 3.3694852464e-12 1.1168077097e-12 3.5809143194e-13 1.1108525395e-13 3.3349408304e-14 9.6931451987e-15 
2.7289660908e-15 7.4460299995e-16 1.9701347108e-16 5.0579129842e-17 1.2607094458e-17 3.0527501689e-18 7.1857097094e-19 1.6457688865e-19 3.6999898659e-20 
9.6334770841e-21 2.3590397817e-20 8.9687807548e-20 3.9613188397e-19 1.7215365627e-18 7.2975916776e-18 3.0154402701e-17 1.2143023304e-16 4.7646572077e-16 
1.8214217451e-15 6.7831550381e-15 2.4608666952e-14 8.6974921893e-14 2.9949054846e-13 1.0048458376e-12 3.2853964774e-12 1.0468340604e-11 3.2506140141e-11 
9.8354116518e-11 2.8988553225e-10 8.3184731325e-10 2.3222890277e-09 6.3010108242e-09 1.65954539e-08 4.2367041431e-08 1.0467258704e-07 2.4983904723e-07 
5.7509288354e-07 1.2743166735e-06 2.713178219e-06 5.5401260397e-06 1.0827699043e-05 2.0210734874e-05 3.5940200178e-05 6.0710204707e-05 9.7073301731e-05 
0.00014630916121 0.00020686678181 0.00027301817317 0.00033487554174 0.00038070845767 0.00040121932398 0.00039412893238 0.000366590044 0.0003328602179 
0.00030920899007 0.00030968111241 0.00034496816806 0.00042272440623 0.00054623821052 0.00071348185884 0.00092165259412 0.0011824931717 0.0015467796475 
0.00211022445 0.0029348593671 0.003851380432 0.0043543153442 0.0043277596124 0.0039868135937 0.0018670532154 0.00090068182908 0.00049896474229 
0.00028292334173 0.0001550285815 8.1344944192e-05 4.0862953028e-05 1.9672646886e-05 9.1023475761e-06 4.0665981942e-06 1.7648687844e-06 7.4912469472e-07 
3.1318143101e-07 1.2978625819e-07 5.3578421699e-08 2.2089624352e-08 9.0931981944e-09 3.7270009301e-09 1.5140952936e-09 6.065056235e-10 2.3835314278e-10 
9.1503707389e-11 3.4199212906e-11 1.2412983835e-11 4.3680198347e-12 1.4886159796e-12 4.9104649383e-13 1.5675221537e-13 4.8426045888e-14 1.4481818861e-14 
4.1937986117e-15 1.1766112436e-15 3.1998260416e-16 8.4397780529e-17 2.1602322968e-17 5.3689911281e-18 1.296484635e-18 3.0436118394e-19 6.9529907159e-20 
1.5591952265e-20 4.0484933365e-21 9.6364812684e-21 3.6713671549e-20 1.6247631518e-19 7.0752588672e-19 3.0055293228e-18 1.2446570961e-17 5.0237408296e-17 
1.975952636e-16 7.5725481344e-16 2.8274127068e-15 1.0285029799e-14 3.6450033394e-14 1.2586044945e-13 4.2345792671e-13 1.3883174124e-12 4.4354220817e-12 
1.3807770032e-11 4.1876887374e-11 1.2368971125e-10 3.555960526e-10 9.942592305e-10 2.7009250392e-09 7.119447254e-09 1.8182914729e-08 4.4921577569e-08 
1.0716664889e-07 2.4642287144e-07 5.4513122905e-07 1.157937163e-06 2.3570930807e-06 4.5886235966e-06 8.5240062617e-06 1.5073107534e-05 2.5302357244e-05 
4.0192382585e-05 6.0198479332e-05 8.4677652922e-05 0.00011142016592 0.0001366763754 0.00015599340259 0.00016576741473 0.00016493593284 0.00015592046839 
0.00014402640227 0.00013582855172 0.00013763613242 0.00015478975547 0.00019141483062 0.00024973842665 0.00032928670407 0.00042730171117 0.00054210470989 
0.00067941215821 0.00085440604016 0.0010726015316 0.0012831218773 0.0013581700623 0.0012105107307 0.00096124771517 0.00059655756922 0.0003605390084 
0.00021773307526 0.00012755997886 7.142683171e-05 3.8088714064e-05 1.9344348402e-05 9.3778398877e-06 4.3569721129e-06 1.9503049771e-06 8.4631358277e-07 
3.5840542978e-07 1.4914255075e-07 6.1375658333e-08 2.5107734558e-08 1.0241958392e-08 4.1680867646e-09 1.688796103e-09 6.7856892327e-10 2.6907584494e-10 
1.0478333479e-10 3.9899260978e-11 1.4803947998e-11 5.3382511085e-12 1.8674189799e-12 6.3299544642e-13 2.0777336015e-13 6.6021962745e-14 2.0309329305e-14 
6.0491861662e-15 1.7451746979e-15 4.8787694864e-16 1.3222937372e-16 3.4763783946e-17 8.8706220233e-18 2.1981689917e-18 5.2930072476e-19 1.2391916501e-19 
2.8234256015e-20 6.3150372812e-21 1.6351283671e-21 3.7861526821e-21 1.445466778e-20 6.4093185035e-20 2.7965373848e-19 1.1903885885e-18 4.940169118e-18 
1.9983796862e-17 7.8780648452e-17 3.0262724318e-16 1.13267268e-15 4.130381255e-15 1.4674508692e-14 5.0796765747e-14 1.7132676571e-13 5.6304418593e-13 
1.8029367062e-12 5.6246465818e-12 1.7091801932e-11 5.0569340382e-11 1.4559087269e-10 4.0754083441e-10 1.1079992479e-09 2.9220106335e-09 7.4636838931e-09 
1.8434677784e-08 4.3949601292e-08 1.0094807124e-07 2.2295873237e-07 4.7257827873e-07 9.5931932265e-07 1.8611342512e-06 3.4431125187e-06 6.0595793911e-06 
1.0118348655e-05 1.5984227502e-05 2.3812859581e-05 3.3344287658e-05 4.3744395953e-05 5.3627038142e-05 6.1358718085e-05 6.5612293838e-05 6.5967622504e-05 
6.3257517468e-05 5.942226926e-05 5.7011846366e-05 5.8660676586e-05 6.677590136e-05 8.3356608229e-05 0.00010967592243 0.00014581561845 0.000190371793 
0.00024090174702 0.00029538280796 0.00035318176378 0.00041159277316 0.00045662774937 0.00046029139776 0.00040520197945 0.00031693448545 0.00022140049259 
0.00014622216986 9.2383990705e-05 5.5528453231e-05 3.1628977013e-05 1.706357034e-05 8.735008123e-06 4.258080935e-06 1.9860285647e-06 8.9119430413e-07 
3.870759997e-07 1.637722562e-07 6.7944270654e-08 2.7813442216e-08 1.1293779245e-08 4.5648285152e-09 1.8386365763e-09 7.370006827e-10 2.9302016369e-10 
1.1504196207e-10 4.439257642e-11 1.6764882885e-11 6.1743427211e-12 2.2116108857e-12 7.6899082805e-13 2.5922680343e-13 8.4656945083e-14 2.6774274394e-14 
8.2001217272e-15 2.4324079975e-15 6.9903230975e-16 1.9470575628e-16 5.258809347e-17 1.3780024986e-17 3.5051422769e-18 8.6596473333e-19 2.079134884e-19 
4.854098106e-20 1.1030092385e-20 2.4605234529e-21 6.3527743674e-22 1.4319262797e-21 5.4779405987e-21 2.433577479e-20 1.0638683928e-19 4.5375039031e-19 
1.8869433203e-18 7.649102906e-18 3.021982607e-17 1.1634309874e-16 4.3642806154e-16 1.5950787656e-15 5.6798675192e-15 1.9705210161e-14 6.6606218967e-14 
2.1934915635e-13 7.037542207e-13 2.1994283565e-12 6.6940350832e-12 1.9832182771e-11 5.7159294659e-11 1.601296179e-10 4.3557238372e-10 1.1489251772e-09 
2.9343896202e-09 7.24461513e-09 1.7258505736e-08 3.9596457668e-08 8.7321026854e-08 1.8471878604e-07 3.7405138187e-07 7.2351753033e-07 1.3338109284e-06 
2.3379830054e-06 3.886822924e-06 6.1119890233e-06 9.0650764832e-06 1.2644962226e-05 1.6545471226e-05 2.0268185835e-05 2.3232660169e-05 2.497033347e-05 
2.5332192308e-05 2.4610539185e-05 2.3505437639e-05 2.2973197702e-05 2.4054234018e-05 2.7755086194e-05 3.4964559745e-05 4.6317785745e-05 6.1970538809e-05 
8.1352642155e-05 0.00010309128993 0.00012529118976 0.00014596509573 0.00016278527619 0.000171780237 0.00016731522919 0.0001470054267 0.00011713467393 
8.5890540504e-05 5.9034991864e-05 3.8259277062e-05 2.3372462238e-05 1.3457870409e-05 7.3157930274e-06 3.7666600292e-06 1.8447532284e-06 8.6372381247e-07 
3.8870430785e-07 1.6911057799e-07 7.1558091008e-08 2.9633790533e-08 1.2083237522e-08 4.8768509231e-09 1.9556480879e-09 7.8044976037e-10 3.0973831833e-10 
1.2191689325e-10 4.7405242926e-11 1.8128812687e-11 6.7901973107e-12 2.4821559738e-12 8.8309947462e-13 3.0517792069e-13 1.0229936744e-13 3.3236237926e-14 
1.0461379518e-14 3.1897376145e-15 9.4222865086e-16 2.6971691622e-16 7.4846921566e-17 2.0144162367e-17 5.2608058301e-18 1.3338738191e-18 3.285307552e-19 
7.8646587807e-20 1.8309513612e-20 4.1491795539e-21 9.2308610574e-22 2.3764009416e-22 5.2171448495e-22 1.9998593805e-21 8.9008535554e-21 3.898381381e-20 
1.6658841095e-19 6.9412804234e-19 2.8194449111e-18 1.1161779971e-17 4.306084555e-17 1.6186793005e-16 5.9283571281e-16 2.1153540362e-15 7.3535334722e-15 
2.4903724102e-14 8.2161918057e-14 2.6404426605e-13 8.2643446123e-13 2.5184795655e-12 7.4691468288e-12 2.1544072082e-11 6.0386286249e-11 1.6429925476e-10 
4.3336945144e-10 1.106516434e-09 2.7303015404e-09 6.4987739634e-09 1.4893227096e-08 3.2795647087e-08 6.9250184254e-08 1.39922534e-07 2.699455024e-07 
4.9615221087e-07 8.6674930344e-07 1.435672857e-06 2.2490646643e-06 3.323641522e-06 4.6217855925e-06 6.0346937971e-06 7.3885075835e-06 8.4834064182e-06 
9.1601714303e-06 9.3703647508e-06 9.2179152489e-06 8.9517116066e-06 8.9198229034e-06 9.5148807304e-06 1.1133451153e-05 1.4143160115e-05 1.8828050088e-05 
2.5290511985e-05 3.3323241951e-05 4.2316336476e-05 5.1290571719e-05 5.9070011048e-05 6.4439547714e-05 6.6153617809e-05 6.3128769398e-05 5.5360404076e-05 
4.4687396439e-05 3.3473170333e-05 2.343788401e-05 1.5387779058e-05 9.4833249022e-06 5.4952938626e-06 3.0026926652e-06 1.553140919e-06 7.6394422877e-07 
3.590808717e-07 1.6212115383e-07 7.0688948028e-08 2.9936074952e-08 1.23857955e-08 5.0357047421e-09 2.0224026898e-09 8.0548412384e-10 3.1879812679e-10 
1.253667864e-10 4.8880462178e-11 1.8830355678e-11 7.1380345211e-12 2.651885005e-12 9.6220579247e-13 3.4001997723e-13 1.1677873837e-13 3.8924755346e-14 
1.2580598354e-14 3.940766577e-15 1.1961655286e-15 3.5185192764e-16 1.0031961104e-16 2.7734427916e-17 7.4378169894e-18 1.9358588526e-18 4.8924677834e-19 
1.2012731738e-19 2.8671673e-20 6.6559132418e-21 1.5041625126e-21 3.3372883027e-22 8.5664141192e-23 1.8326507317e-22 7.0387864908e-22 3.1384395663e-21 
1.3770558718e-20 5.8954041136e-20 2.4610804912e-19 1.0015673463e-18 3.9727383782e-18 1.5356176284e-17 5.7836647101e-17 2.1223066944e-16 7.5869725761e-16 
2.6421778245e-15 8.9632950245e-15 2.9617970674e-14 9.5317688204e-14 2.9870038192e-13 9.1118041931e-13 2.7044250086e-12 7.8048392402e-12 2.1882587756e-11 
5.9540490593e-11 1.5701666356e-10 4.0073100394e-10 9.881258034e-10 2.3498405444e-09 5.3789430687e-09 1.1828102942e-08 2.4934008636e-08 5.0280974051e-08 
9.6784042114e-08 1.7742813441e-07 3.0907497717e-07 5.1039484106e-07 7.9709877809e-07 1.1745142956e-06 1.6292859755e-06 2.124087132e-06 2.6002151117e-06 
2.9910975172e-06 3.2446107525e-06 3.3462722513e-06 3.3330718452e-06 3.2919144815e-06 3.3458932194e-06 3.6374294723e-06 4.3150957936e-06 5.5217601584e-06 
7.3735845945e-06 9.9205044535e-06 1.3090708308e-05 1.6641626644e-05 2.0155306629e-05 2.3102571504e-05 2.4952498279e-05 2.5278015528e-05 2.3867798518e-05 
2.0891629902e-05 1.6960351786e-05 1.2817438801e-05 9.0467783593e-06 5.9752874222e-06 3.6995529626e-06 2.1524977001e-06 1.180898721e-06 6.133703323e-07 
3.0297078979e-07 1.4297657458e-07 6.4775257158e-08 2.8315575662e-08 1.2006742267e-08 4.9661497137e-09 2.0147612467e-09 8.0585393913e-10 3.1906211007e-10 
1.253457893e-10 4.887787744e-11 1.8888484526e-11 7.212020911e-12 2.7106151525e-12 9.9902052776e-13 3.5982398701e-13 1.2629869752e-13 4.3110104381e-14 
1.4288353148e-14 4.5939844099e-15 1.4320735217e-15 4.3272663344e-16 1.2674835587e-16 3.5994383852e-17 9.9135280309e-18 2.6490947154e-18 6.8713609141e-19 
1.7309350146e-19 4.2368058497e-20 1.0082051314e-20 2.3337406565e-21 5.2593611511e-22 1.1637040047e-22 2.9782872341e-23 6.2116087813e-23 2.3903103895e-22 
1.0676593438e-21 4.6927870621e-21 2.0126359282e-20 8.4170648572e-20 3.4316735425e-19 1.3636719667e-18 5.2807441916e-18 1.9924992592e-17 7.3243494814e-17 
2.6228200511e-16 9.1487912166e-16 3.1082926438e-15 1.0284922226e-14 3.3138886736e-14 1.0395255891e-13 3.1735584213e-13 9.4245607412e-13 2.7207728258e-12 
7.628986852e-12 2.075490127e-11 5.4713993752e-11 1.3955944733e-10 3.438630769e-10 8.1694884191e-10 1.867895838e-09 4.1018881625e-09 8.63342553e-09 
1.7378873451e-08 3.3384939258e-08 6.1066664614e-08 1.0612085788e-07 1.7480343217e-07 2.7231320132e-07 4.0032881543e-07 5.5432508361e-07 7.2195905432e-07 
8.8407705334e-07 1.0192444506e-06 1.1110348623e-06 1.1555143828e-06 1.1657160712e-06 1.1713428876e-06 1.2146922472e-06 1.3455792214e-06 1.6172347159e-06 
2.0822094484e-06 2.7845853765e-06 3.7449442516e-06 4.9386212595e-06 6.2751346377e-06 7.5930993262e-06 8.6829932116e-06 9.335822142e-06 9.4000770332e-06 
8.830364095e-06 7.7183694884e-06 6.2781555243e-06 4.7604708016e-06 3.3709911804e-06 2.2329497824e-06 1.3864978428e-06 8.0930163904e-07 4.4563822144e-07 
2.3241156555e-07 1.152817859e-07 5.4623050971e-08 2.4834424295e-08 1.0885341517e-08 4.6228536554e-09 1.9122288197e-09 7.7453737868e-10 3.0873539836e-10 
1.2160568386e-10 4.7455407659e-11 1.8361864113e-11 7.036815141e-12 2.6641406095e-12 9.9309243554e-13 3.6317357541e-13 1.2986387952e-13 4.5279779275e-14 
1.5361272841e-14 5.0627324429e-15 1.6193214838e-15 5.023552828e-16 1.5111263655e-16 4.4074955746e-17 1.246671529e-17 3.4206271658e-18 9.1078789297e-19 
2.3543884094e-19 5.9115005313e-20 1.4424369059e-20 3.422179884e-21 7.8986317509e-22 1.7750943041e-22 3.9168524821e-23 9.9948171821e-24 2.0330362322e-23 
7.8380449615e-23 3.5069330297e-22 1.5440519648e-21 6.6334682936e-21 2.7789892005e-20 1.1349745185e-19 4.5179571082e-19 1.7525556288e-18 6.6237649739e-18 
2.4388391348e-17 8.7469717566e-17 3.0555228618e-16 1.0394960912e-15 3.4436279054e-15 1.1106883845e-14 3.4869364882e-14 1.0651666317e-13 3.1644473283e-13 
9.1368438423e-13 2.5617756614e-12 6.9674209978e-12 1.8358608037e-11 4.6796115594e-11 1.152048526e-10 2.7342927922e-10 6.244543771e-10 1.3695042878e-09 
2.8782356498e-09 5.7844120604e-09 1.1092103236e-08 2.0250219279e-08 3.5118866037e-08 5.7727802982e-08 8.974900112e-08 1.3170701152e-07 1.8213808062e-07 
2.3711142205e-07 2.9059543749e-07 3.359292009e-07 3.6813946735e-07 3.8629079313e-07 3.9489523829e-07 4.0386291289e-07 4.2731127792e-07 4.8207124337e-07 
5.864465038e-07 7.5883565387e-07 1.0149341279e-06 1.3622810684e-06 1.7923249516e-06 2.2727547275e-06 2.7451771984e-06 3.1329891499e-06 3.3598414575e-06 
3.3726605579e-06 3.1601834962e-06 2.7595635856e-06 2.2457834348e-06 1.7050228962e-06 1.209241077e-06 8.0251635382e-07 4.9951506753e-07 2.924677176e-07 
1.6163822636e-07 8.4641229137e-08 4.2159562952e-08 2.0055823668e-08 9.1502965205e-09 4.0216017183e-09 1.7107183448e-09 7.0784716977e-10 2.863504156e-10 
1.1380682508e-10 4.4621292772e-11 1.7307983172e-11 6.649221538e-12 2.5283440706e-12 9.4956562145e-13 3.5117202657e-13 1.2745697781e-13 4.5255086571e-14 
1.5676177668e-14 5.2861674524e-15 1.7325242608e-15 5.5130012875e-16 1.7020945757e-16 5.0971534399e-17 1.4804425308e-17 4.1708828765e-18 1.1401157562e-18 
3.0248818854e-19 7.792723148e-20 1.9502653791e-20 4.7439090858e-21 1.1221200793e-21 2.5824645367e-22 5.7875285183e-23 1.2735463539e-23 3.240147955e-24 
6.4303925692e-24 2.4836645046e-23 1.1130985145e-22 4.9088655808e-22 2.1124070367e-21 8.8643008965e-21 3.6262964744e-20 1.4458825009e-19 5.6177759337e-19 
2.1265736146e-18 7.841773123e-18 2.8164891052e-17 9.8516456566e-17 3.3555374318e-16 1.1127668763e-15 3.5921299335e-15 1.128471333e-14 3.4487315754e-14 
1.0248030045e-13 2.9589961666e-13 8.2947293782e-13 2.2550631067e-12 5.9384298694e-12 1.512566461e-11 3.7203490288e-11 8.8207989524e-11 2.0121496136e-10 
4.4072673289e-10 9.2497459692e-10 1.856147569e-09 3.5536280585e-09 6.4767227137e-09 1.1212735629e-08 1.839959296e-08 2.855996506e-08 4.1856704769e-08 
5.783753565e-08 7.5297506896e-08 9.2405116447e-08 1.0716551202e-07 1.1813562395e-07 1.2514243508e-07 1.2971304386e-07 1.3506956975e-07 1.4578714058e-07 
1.6736429131e-07 2.0585605398e-07 2.6741975034e-07 3.5734180415e-07 4.7814199888e-07 6.2683193391e-07 7.9227066863e-07 9.5433551905e-07 1.0865961713e-06 
1.1627553249e-06 1.1648686495e-06 1.0898303344e-06 9.5103843023e-07 7.7407469234e-07 5.8809575876e-07 4.1758909219e-07 2.7763078947e-07 1.7323802126e-07 
1.0175349274e-07 5.6445038865e-08 2.9676160196e-08 1.4841732288e-08 7.0875105784e-09 3.2444533726e-09 1.4296762663e-09 6.0914556732e-10 2.5214844102e-10 
1.0189952354e-10 4.039515597e-11 1.5773108514e-11 6.0845590719e-12 2.3221158069e-12 8.7654162357e-13 3.2670258642e-13 1.1990996846e-13 4.3204440134e-14 
1.5235042909e-14 5.2436548688e-15 1.7577556782e-15 5.7294520868e-16 1.8138899546e-16 5.5737573726e-17 1.6617527456e-17 4.8064032596e-18 1.3488008102e-18 
3.6732374232e-19 9.7110790656e-20 2.493318337e-20 6.2197786287e-21 1.508230763e-21 3.5569150042e-22 8.1624188859e-23 1.8241914606e-23 4.0031393501e-24 
1.0154670181e-24 1.9670252588e-24 7.6109599903e-24 3.4165000981e-23 1.5091071938e-22 6.5044350853e-22 2.7338165764e-21 1.1201510219e-20 4.4732722299e-20 
1.7406857938e-19 6.598988433e-19 2.4368097713e-18 8.7636750147e-18 3.0690822711e-17 1.0464634136e-16 3.47343833e-16 1.1220783095e-15 3.5268914559e-15 
1.078204671e-14 3.2042731234e-14 9.2509977272e-14 2.5924634618e-13 7.0445385636e-13 1.8538491055e-12 4.7180276179e-12 1.1593539496e-11 2.7458584018e-11 
6.2564238512e-11 1.3686546341e-10 2.8686614195e-10 5.7485322058e-10 1.0989715804e-09 1.9999721879e-09 3.4572822383e-09 5.6651927594e-09 8.7825560158e-09 
1.2859584508e-08 1.7762779692e-08 2.3136774274e-08 2.8445720446e-08 3.311467367e-08 3.6743820431e-08 3.932164816e-08 4.1352212321e-08 4.385535135e-08 
4.8270393904e-08 5.6335331067e-08 6.9980451656e-08 9.1181810546e-08 1.2163413032e-07 1.6211741638e-07 2.1159235075e-07 2.6633912853e-07 3.1970057535e-07 
3.6297106476e-07 3.8752696696e-07 3.8755035803e-07 3.6216124499e-07 3.1588280081e-07 2.571402149e-07 1.9549749197e-07 1.3899725104e-07 9.2592955525e-08 
5.7930009234e-08 3.4136661498e-08 1.9006181518e-08 1.0031474318e-08 5.0363704318e-09 2.4137423171e-09 1.1083958196e-09 4.8960530075e-10 2.0892566843e-10 
8.651810518e-11 3.4933528292e-11 1.3816724674e-11 5.3749634951e-12 2.0629834646e-12 7.8251522016e-13 2.9336374909e-13 1.0855627784e-13 3.9555913476e-14 
1.4152373019e-14 4.9572975933e-15 1.6955928832e-15 5.6509744843e-16 1.8320490175e-16 5.7711134023e-17 1.765095232e-17 5.2394629159e-18 1.5092229775e-18 
4.2188320551e-19 1.1446990606e-19 3.0156743312e-20 7.7168131709e-21 1.9188455617e-21 4.6386717593e-22 1.0907140499e-22 2.4958281087e-23 5.5624452027e-24 
1.2173371154e-24 3.0789075963e-25 5.8235151695e-25 2.2572036013e-24 1.0148352391e-23 4.4895724413e-23 1.9380492381e-22 8.1581551242e-22 3.347799666e-21 
1.3389251881e-20 5.2177244414e-20 1.9808092171e-19 7.3241657853e-19 2.6372546589e-18 9.2459626709e-18 3.1556205833e-17 1.0482568735e-16 3.3884443971e-16 
1.0655006379e-15 3.258052304e-15 9.6825657572e-15 2.7948843123e-14 7.8291824521e-14 2.1262096359e-13 5.5912327719e-13 1.4217162603e-12 3.4900964497e-12 
8.2570963955e-12 1.8791879511e-11 4.1058798722e-11 8.5948727302e-11 1.7200833813e-10 3.2839975184e-10 5.9685134612e-10 1.0304402887e-09 1.68654124e-09 
2.612106087e-09 3.8224796661e-09 5.2800519512e-09 6.8840262379e-09 8.4834930192e-09 9.9192289937e-09 1.108603076e-08 1.1994077731e-08 1.2805368321e-08 
1.3833998835e-08 1.5519523444e-08 1.839368835e-08 2.3050210629e-08 3.0098679105e-08 4.0058488082e-08 5.3155190471e-08 6.9033909256e-08 8.6491667162e-08 
1.0340524881e-07 1.1701969527e-07 1.2462390941e-07 1.2440844444e-07 1.1613108342e-07 1.0124993111e-07 8.2440138272e-08 6.2730194372e-08 4.4666645493e-08 
2.9818064462e-08 1.8706561633e-08 1.1058958194e-08 6.1791634032e-09 3.2733571409e-09 1.6493177935e-09 7.9307732603e-10 3.6522213032e-10 1.6168369421e-10 
6.9089352295e-11 2.8621252937e-11 1.1547237125e-11 4.5575873804e-12 1.7669545297e-12 6.7503549408e-13 2.5459788357e-13 9.4837515391e-14 3.4855083907e-14 
1.2613054962e-14 4.4822891397e-15 1.5599447918e-15 5.3032955174e-16 1.7574541345e-16 5.6676787681e-17 1.7766133911e-17 5.4088877034e-18 1.5986645695e-18 
4.5863132461e-19 1.277138173e-19 3.4526806342e-20 9.0644939528e-21 2.3118389495e-21 5.7303350929e-22 1.3810460388e-22 3.237794704e-23 7.3879206134e-24 
1.6420357665e-24 3.5838628852e-25 9.0378758531e-26 1.6698564501e-25 6.4834111217e-25 2.9194022385e-24 1.2934667484e-23 5.5919654822e-23 2.3574147635e-22 
9.6881014988e-22 3.8802190313e-21 1.51419337e-20 5.7559311226e-20 2.1309281518e-19 7.6816851368e-19 2.695863714e-18 9.2089521287e-18 3.0612756713e-17 
9.9007073931e-17 3.1143455942e-16 9.5242353941e-16 2.8302987598e-15 8.1674694541e-15 2.2868573287e-14 6.2065749675e-14 1.6308349528e-13 4.1430083648e-13 
1.0160039043e-12 2.4010726133e-12 5.4581152965e-12 1.1911197723e-11 2.4903195825e-11 4.9776949923e-11 9.4918371774e-11 1.723058779e-10 2.971529689e-10 
4.8589654522e-10 7.5203721028e-10 1.1002130318e-09 1.5203239778e-09 1.9848964694e-09 2.4530599774e-09 2.8825419829e-09 3.247262681e-09 3.5544780452e-09 
3.8548528813e-09 4.2425081226e-09 4.8477626358e-09 5.8281584003e-09 7.3600472383e-09 9.6244825443e-09 1.2774105329e-08 1.6870073338e-08 2.1794575034e-08 
2.7170949934e-08 3.2344892986e-08 3.6475480414e-08 3.8741831077e-08 3.8602461672e-08 3.5994421665e-08 3.1370362308e-08 2.555034051e-08 1.9460278722e-08 
1.3878600491e-08 9.2852374678e-09 5.8409779236e-09 3.4638099056e-09 1.9418566755e-09 1.0321712374e-09 5.2177417942e-10 2.5164692552e-10 1.1618266765e-10 
5.1534932571e-11 2.2048146295e-11 9.136503186e-12 3.6833244788e-12 1.4509704202e-12 5.6076687347e-13 2.1331131577e-13 8.0028099761e-14 2.9631319913e-14 
1.0820179286e-14 3.8897883226e-15 1.3733591036e-15 4.7498748946e-16 1.6052975034e-16 5.2904536376e-17 1.6973592314e-17 5.2950610336e-18 1.6048359573e-18 
4.7232907366e-19 1.3496498594e-19 3.7441900681e-20 1.008603616e-20 2.6389062849e-21 6.7083953879e-22 1.6575994676e-22 3.9828927617e-23 9.310620764e-24 
2.1185263901e-24 4.6958626643e-25 1.0221600468e-25 2.570243028e-26 4.6408742521e-26 1.8048748011e-25 8.1393006662e-25 3.6114628109e-24 1.5635899984e-23 
6.6011287325e-23 2.7166496504e-22 1.0895518621e-21 4.2574295465e-21 1.620419355e-20 6.0060589076e-20 2.1674127622e-19 7.613667626e-19 2.6028853044e-18 
8.6581623373e-18 2.8014995999e-17 8.8147231427e-17 2.6958941129e-16 8.0102857619e-16 2.3107891011e-15 6.4667810325e-15 1.7538960667e-14 4.6046940403e-14 
1.1686723637e-13 2.8629713617e-13 6.758362316e-13 1.5345227259e-12 3.3447999145e-12 6.984770401e-12 1.3944874769e-11 2.6560937477e-11 4.8164968541e-11 
8.2985306127e-11 1.3559327272e-10 2.0976728687e-10 3.0688940278e-10 4.2438169645e-10 5.550566673e-10 6.8828576172e-10 8.1334200486e-10 9.2422042242e-10 
1.024283991e-09 1.1289487123e-09 1.2656612425e-09 1.4719392372e-09 1.7929996377e-09 2.2794557353e-09 2.9831408455e-09 3.9471492741e-09 5.1870068241e-09 
6.6649072927e-09 8.2666824497e-09 9.7972501223e-09 1.1008419065e-08 1.1660034716e-08 1.159568086e-08 1.0800123462e-08 9.4092404979e-09 7.6661637038e-09 
5.8446900653e-09 4.1749737001e-09 2.799190213e-09 1.7654209206e-09 1.0499642267e-09 5.9042565281e-10 3.1479760465e-10 1.5960063826e-10 7.7178617663e-11 
3.5712759139e-11 1.5868148809e-11 6.7958646523e-12 2.8167245012e-12 1.1346992139e-12 4.4618296688e-13 1.7193565365e-13 6.5141529595e-14 2.4318597131e-14 
8.9533991386e-15 3.2495203529e-15 1.1608675481e-15 4.0731842435e-16 1.4002833694e-16 4.7054857359e-17 1.5424311151e-17 4.923802936e-18 1.5288114415e-18 
4.6131661137e-19 1.3521157624e-19 3.8485120836e-20 1.0637063656e-20 2.855323875e-21 7.4455963799e-22 1.8866747032e-22 4.6474724178e-23 1.1133850288e-23 
2.5952600815e-24 5.8888979334e-25 1.3018189414e-25 2.826193725e-26 7.0861541631e-27 1.2509719257e-26 4.873074227e-26 2.2007860936e-25 9.7789672862e-25 
4.2398082713e-24 1.7924494333e-23 7.3867887558e-23 2.9665090359e-22 1.1606404223e-21 4.4228272988e-21 1.6411458839e-20 5.9284215447e-20 2.084382311e-19 
7.1311995411e-19 2.3734903362e-18 7.6829767793e-18 2.4179243694e-17 7.3951362895e-17 2.196921165e-16 6.3352802262e-16 1.7719571385e-15 4.8023854316e-15 
1.2597380617e-14 3.1940968696e-14 7.8164559515e-14 1.8430837911e-13 4.1799633958e-13 9.1003962178e-13 1.8981849512e-12 3.7854116543e-12 7.2024703909e-12 
1.3048250848e-11 2.2463170213e-11 3.6682268334e-11 5.673533518e-11 8.3027237863e-11 1.149358525e-10 1.5065940162e-10 1.8754964248e-10 2.2301646641e-10 
2.5581120555e-10 2.8724664314e-10 3.2188737786e-10 3.6752351162e-10 4.3464809529e-10 5.3583693038e-10 6.8513239526e-10 8.968471521e-10 1.1826790658e-09 
1.546290429e-09 1.9759727188e-09 2.4382267316e-09 2.8767295213e-09 3.2205398348e-09 3.4016187644e-09 3.3762408425e-09 3.1410223311e-09 2.7354754017e-09 
2.2294455171e-09 1.7013680464e-09 1.2171840202e-09 8.1773116056e-10 5.1696891212e-10 3.08273157e-10 1.7382838224e-10 9.2933619134e-11 4.7238955803e-11 
2.2896785162e-11 1.0615753936e-11 4.7237964408e-12 2.0247980809e-12 8.3932969082e-13 3.3786607409e-13 1.3262703652e-13 5.0967785087e-14 1.9238142641e-14 
7.148783586e-15 2.6179859282e-15 9.4468631695e-16 3.3546790169e-16 1.170057432e-16 3.9991433069e-17 1.3364389889e-17 4.3579261974e-18 1.3843453815e-18 
4.2786017997e-19 1.2855075605e-19 3.7525613944e-20 1.0640041991e-20 2.9301865477e-21 7.8384122551e-22 2.0372252098e-22 5.1459252248e-23 1.2637582467e-23 
3.0187148961e-24 7.0166796146e-25 1.5878134368e-25 3.5007942911e-26 7.5801937124e-27 1.8952096284e-27 3.2727624138e-27 1.2769222139e-26 5.7751163343e-26 
2.5696899934e-25 1.1156615236e-24 4.7230498679e-24 1.9489791584e-23 7.8370875999e-23 3.0700149073e-22 1.1712396837e-21 4.350692141e-21 1.5731488911e-20 
5.5357246575e-20 1.8952402261e-19 6.3113839379e-19 2.04374285e-18 6.4330634468e-18 1.9675038463e-17 5.8437689769e-17 1.6844993191e-16 4.7087630917e-16 
1.2752316073e-15 3.3421868161e-15 8.4658003874e-15 2.069487668e-14 4.874245674e-14 1.104161047e-13 2.4011421649e-13 5.0027061486e-13 9.9657890447e-13 
1.8943013391e-12 3.4288078019e-12 5.8988027136e-12 9.6286624507e-12 1.4891867253e-11 2.1804754183e-11 3.0226585124e-11 3.9725788631e-11 4.9672210789e-11 
5.947514703e-11 6.8915304019e-11 7.8455464347e-11 8.941098556e-11 1.0393511746e-10 1.2487989809e-10 1.5563590694e-10 1.9997009604e-10 2.6169547085e-10 
3.438648255e-10 4.4726514159e-10 5.683978288e-10 6.9774275246e-10 8.1954248943e-10 9.14137821e-10 9.628359221e-10 9.5378471787e-10 8.8631280093e-10 
7.7156475653e-10 6.2900706865e-10 4.8044079826e-10 3.4419850303e-10 2.3166510377e-10 1.467743288e-10 8.7729143394e-11 4.9589093248e-11 2.6575495277e-11 
1.3539140295e-11 6.5757204369e-12 3.053869874e-12 1.3605996755e-12 5.8360868221e-13 2.4192681278e-13 9.7312362704e-14 3.8136865627e-14 1.4618081051e-14 
5.498383087e-15 2.0343037828e-15 7.4125896681e-16 2.6601789687e-16 9.3928251145e-17 3.2573505637e-17 1.107118715e-17 3.6799979187e-18 1.1939151696e-18 
3.7745373215e-19 1.1613782529e-19 3.4746965632e-20 1.0102920661e-20 2.8538672213e-21 7.8314202969e-22 2.0878626331e-22 5.4088714972e-23 1.3620182089e-23 
3.3349343259e-24 7.9432149901e-25 1.8411939572e-25 4.1552789041e-26 9.1376524287e-27 1.9734522658e-27 4.9202594143e-28 8.3154259428e-28 3.2494983356e-27 
1.4717089196e-26 6.5574377058e-26 2.850827201e-25 1.208470516e-24 4.9932331503e-24 2.0103500125e-23 7.8845183351e-23 3.0113928233e-22 1.1197705107e-21 
4.0526999215e-21 1.4272495791e-20 4.8896717191e-20 1.6291525082e-19 5.2772835781e-19 1.6613806798e-18 5.0810243278e-18 1.508792492e-17 4.3473684776e-17 
1.2145211031e-16 3.2867056816e-16 8.6063047304e-16 2.177814034e-15 5.3179879391e-15 1.2511280565e-14 2.8309220067e-14 6.1491922123e-14 1.2797536197e-13 
2.5467356089e-13 4.83633912e-13 8.7472390442e-13 1.5039837865e-12 2.4542971822e-12 3.7964761543e-12 5.5632369371e-12 7.7252336472e-12 1.0184133918e-11 
1.2797459273e-11 1.5439571496e-11 1.8085139289e-11 2.0885860749e-11 2.4210756663e-11 2.8639724273e-11 3.4926488784e-11 4.3957493895e-11 5.6709970053e-11 
7.416368214e-11 9.7083910355e-11 1.25617447e-10 1.5875452342e-10 1.9387337569e-10 2.2669892352e-10 2.5194552e-10 2.6462840252e-10 2.6162849665e-10 
2.4283572375e-10 2.1130147632e-10 1.7229484506e-10 1.3170139979e-10 9.4471666601e-11 6.3688471164e-11 4.0427505094e-11 2.4214151517e-11 1.371626597e-11 
7.3661137953e-12 3.760089462e-12 1.829386035e-12 8.5081437338e-13 3.794591052e-13 1.6285148956e-13 6.7503877379e-14 2.713189001e-14 1.0616361983e-14 
4.0594299637e-15 1.5218717196e-15 5.6076720424e-16 2.0336582114e-16 7.2604309194e-17 2.5496768702e-17 8.7936388052e-18 2.9727433989e-18 9.8301079001e-19 
3.1735404586e-19 9.9865508891e-20 3.0593316961e-20 9.1155553919e-21 2.6401496811e-21 7.4305673806e-22 2.0319633182e-22 5.3992770553e-23 1.394317172e-23 
3.5003801514e-24 8.5456937014e-25 2.0296879564e-25 4.6918778074e-26 1.0560853028e-26 2.3164264925e-27 4.9900575229e-28 1.2407050147e-28 2.0532069507e-28 
8.0359089892e-28 3.6445088784e-27 1.6260437009e-26 7.0785129975e-26 3.0044847329e-25 1.242979828e-24 5.010523798e-24 1.967393223e-23 7.5224166646e-23 
2.7999823921e-22 1.0142905433e-21 3.5748431746e-21 1.2255080633e-20 4.0851752423e-20 1.3237271823e-19 4.1679066807e-19 1.2746160476e-18 3.7840299428e-18 
1.089853884e-17 3.0429016738e-17 8.2284201715e-17 2.1527150449e-16 5.4419918685e-16 1.3274492826e-15 3.119501219e-15 7.0504553428e-15 1.5297486178e-14 
3.1802536407e-14 6.3224843113e-14 1.1996141385e-13 2.1681563337e-13 3.726157024e-13 6.0798062548e-13 9.4079843742e-13 1.3800612129e-12 1.920321107e-12 
2.5404220828e-12 3.2100127677e-12 3.9047749409e-12 4.6268358068e-12 5.4231319956e-12 6.3945090542e-12 7.6932071824e-12 9.5130145081e-12 1.2078728642e-11 
1.5635508513e-11 2.0426041067e-11 2.663422434e-11 3.4280436129e-11 4.308271101e-11 5.2340853873e-11 6.0929469803e-11 6.7468974851e-11 7.0668235153e-11 
6.972995098e-11 6.4643485009e-11 5.622035823e-11 4.5846840213e-11 3.5067410781e-11 2.5181473226e-11 1.7000215471e-11 1.0809082795e-11 6.4857537743e-12 
3.6806681834e-12 1.9802089656e-12 1.0125125564e-12 4.9334559875e-13 2.2972343971e-13 1.0254291313e-13 4.40260316e-14 1.8246859983e-14 7.3282757968e-15 
2.8631346273e-15 1.0922719613e-15 4.0821990563e-16 1.4983871224e-16 5.4097029726e-17 1.9218335503e-17 6.7140521513e-18 2.3034663954e-18 7.7466870573e-19 
2.5488151444e-19 8.1893155389e-20 2.5653998572e-20 7.825554302e-21 2.3223495555e-21 6.7008011186e-22 1.8791511159e-22 5.121237034e-23 1.3563844798e-23 
3.4918687367e-24 8.7400700146e-25 2.12764365e-25 5.0393710362e-26 1.1617929722e-26 2.6082699755e-27 5.7065737586e-28 1.2262382715e-28 3.0405889831e-29 
4.9297619526e-29 1.9323617078e-28 8.7756846809e-28 3.920533158e-27 1.7089041405e-26 7.262691681e-26 3.0083560678e-25 1.2141341429e-24 4.7727484994e-24 
1.8268303581e-23 6.8064799547e-23 2.4678116189e-22 8.7043805904e-22 2.9858621037e-21 9.9579758379e-21 3.2277062484e-20 1.0164171124e-19 3.1082205906e-19 
9.2253902754e-19 2.6559317767e-18 7.4110568694e-18 2.0025557902e-17 5.2344680685e-17 1.3219508212e-16 3.2211654485e-16 7.5613339476e-16 1.7070378865e-15 
3.6997115881e-15 7.6834350175e-15 1.5260465756e-14 2.8931240406e-14 5.2257013278e-14 8.9775829457e-14 1.4648540356e-13 2.2679715094e-13 3.3312358406e-13 
4.6464449042e-13 6.1711665509e-13 7.8454126876e-13 9.6286921578e-13 1.1548640733e-12 1.3743626463e-12 1.6482172615e-12 2.0154138775e-12 2.5244533026e-12 
3.2306505561e-12 4.1934624176e-12 5.470782681e-12 7.1048262759e-12 9.0958915747e-12 1.1367694112e-11 1.3738725435e-11 1.5921352778e-11 1.7565844612e-11 
1.8347308048e-11 1.8067668889e-11 1.6728819718e-11 1.4540554524e-11 1.1857587828e-11 9.0741251318e-12 6.5218494667e-12 4.4082450364e-12 2.8068203144e-12 
1.6867630339e-12 9.5874924753e-13 5.1660422901e-13 2.6452594997e-13 1.2905163591e-13 6.0152749481e-14 2.6869228481e-14 1.1539427996e-14 4.7816178778e-15 
1.9188764855e-15 7.4860755996e-16 2.849657592e-16 1.0618925158e-16 3.8835484558e-17 1.3961619254e-17 4.9367673377e-18 1.7161700216e-18 5.8582099374e-19 
1.9603215043e-19 6.4186391488e-20 2.0527570959e-20 6.4022814098e-21 1.9448706509e-21 5.7491142738e-22 1.6526916168e-22 4.6185196449e-23 1.2544901566e-23 
3.3120198888e-24 8.5005077488e-25 2.1214414777e-25 5.1498081732e-26 1.2164286003e-26 2.7970193915e-27 6.2634063279e-28 1.3669583892e-28 2.930119447e-29 
7.2461376307e-30 1.1516557015e-29 4.5210143174e-29 2.0559297342e-28 9.1967526705e-28 4.0138463897e-27 1.7079832378e-26 7.0834298196e-26 2.8621372477e-25 
1.1263606468e-24 4.3158098919e-24 1.6095551879e-23 5.84078862e-23 2.0616907526e-22 7.0765932493e-22 2.3611876644e-21 7.6557601332e-21 2.4111605613e-20 
7.3730562954e-20 2.1878754011e-19 6.2962025887e-19 1.7558684872e-18 4.7411027269e-18 1.2382041774e-17 3.1240173208e-17 7.6042462249e-17 1.7830657639e-16 
4.0209953672e-16 8.7054419959e-16 1.8060838842e-15 3.5838895735e-15 6.7892867096e-15 1.2256422751e-14 2.1050793148e-14 3.4353555699e-14 5.3227428433e-14 
7.8303825284e-14 1.0951931365e-13 1.4610036271e-13 1.8697996168e-13 2.3167828333e-13 2.8143083025e-13 3.4014647652e-13 4.1479607292e-13 5.1512293779e-13 
6.5295056688e-13 8.4148958418e-13 1.0946746981e-12 1.4257837532e-12 1.8440227643e-12 2.3481715704e-12 2.9181982351e-12 3.5083945298e-12 4.0473470929e-12 
4.4489125925e-12 4.6336350555e-12 4.5537059366e-12 4.2107294214e-12 3.657477099e-12 2.982264392e-12 2.2829928052e-12 1.6420337312e-12 1.1109906398e-12 
7.0823333092e-13 4.2616826951e-13 2.4255640899e-13 1.3086756613e-13 6.709143332e-14 3.2765643361e-14 1.5285227917e-14 6.8313787414e-15 2.9343859801e-15 
1.2156102286e-15 4.8744035609e-16 1.8989638262e-16 7.2135622042e-17 2.6805839924e-17 9.7696854583e-18 3.4981707987e-18 1.2314353584e-18 4.2606372462e-19 
1.4473577259e-19 4.8199846605e-20 1.5708111365e-20 5.0010814769e-21 1.5531134901e-21 4.6989533543e-22 1.3837262726e-22 3.9634142082e-23 1.1037999743e-23 
2.9883914774e-24 7.8652074935e-25 2.0126406723e-25 5.0084948354e-26 1.2124595668e-26 2.8562987449e-27 6.5507387052e-28 1.4632433308e-28 3.1856786145e-29 
6.8120932065e-30 1.6801929444e-30 2.6192237231e-30 1.029741402e-29 4.6889177927e-29 2.1001637709e-28 9.1775184082e-28 3.9100591806e-27 1.6235439979e-26 
6.5676953628e-26 2.5874889141e-25 9.9245919954e-25 3.7048477705e-24 1.3455761388e-23 4.7531763081e-23 1.6324985447e-22 5.449604614e-22 1.7675042252e-21 
5.5675317716e-21 1.7024409367e-20 5.0507635278e-20 1.4529352496e-19 4.0496692254e-19 1.0926976276e-18 2.8513347917e-18 7.1871746463e-18 1.7476567757e-17 
4.0935821865e-17 9.2215133626e-17 1.9943631618e-16 4.1335771632e-16 8.1953291089e-16 1.5514269226e-15 2.7994150916e-15 4.8073757262e-15 7.8477077403e-15 
1.2170631019e-14 1.7937305016e-14 2.5165963809e-14 3.3735824735e-14 4.3488785706e-14 5.4433945551e-14 6.7002793017e-14 8.2258039356e-14 1.0196460646e-13 
1.2850046819e-13 1.6467476525e-13 2.1355054498e-13 2.7828168372e-13 3.6178820898e-13 4.6595951923e-13 5.9016588274e-13 7.2929487969e-13 8.7215494158e-13 
1.0015118075e-12 1.0967420548e-12 1.1389567674e-12 1.1169454034e-12 1.0313757227e-12 8.9516962636e-13 7.2973446947e-13 5.5873876489e-13 4.0208954872e-13 
2.7227067714e-13 1.7373767897e-13 1.046575546e-13 5.9633369206e-14 3.2209495081e-14 1.6529429531e-14 8.0795694571e-15 3.7716818601e-15 1.6863719766e-15 
7.2443943358e-16 3.0001517886e-16 1.2020511899e-16 4.676545995e-17 1.7729388894e-17 6.5709259171e-18 2.38703211e-18 8.5145257327e-19 2.9846087878e-19 
1.0279834884e-19 3.4759098692e-20 1.1521839142e-20 3.7379152892e-21 1.1848762488e-21 3.6644176867e-22 1.1043064388e-22 3.2397920999e-23 9.2470054429e-24 
2.5666406022e-24 6.9266824182e-25 1.8174965756e-25 4.637249806e-26 1.1507513077e-26 2.7782109523e-27 6.5277705461e-28 1.4933113102e-28 3.3274213408e-29 
7.2269129378e-30 1.5416944132e-30 3.7927407514e-31 5.8025321085e-31 2.2845888814e-30 1.041639737e-29 4.6713858117e-29 2.0438876164e-28 8.7185394505e-28 
3.6244241253e-27 1.4678584464e-26 5.7892615964e-26 2.222810597e-25 8.3056019128e-25 3.0191150458e-24 1.0672809998e-23 3.6678999711e-23 1.2250084682e-22 
3.9744556734e-22 1.2521369782e-21 3.8287625811e-21 1.1357018558e-20 3.2658696477e-20 9.0979850741e-20 2.4531966845e-19 6.3963095374e-19 1.6108000329e-18 
3.9129836779e-18 9.1559770007e-18 2.060387461e-17 4.4515412879e-17 9.2177215667e-17 1.8260308484e-16 3.4545788768e-16 6.2310713509e-16 1.0700091825e-15 
1.7475060502e-15 2.7132138191e-15 4.0072366405e-15 5.6417074144e-15 7.6034505433e-15 9.87828119e-15 1.2497449364e-14 1.5593986673e-14 1.9446761774e-14 
2.4491783181e-14 3.129614623e-14 4.0510780494e-14 5.2825331728e-14 6.8928356404e-14 8.9433296109e-14 1.1469884558e-13 1.44492003e-13 1.7754288979e-13 
2.111851411e-13 2.4137367994e-13 2.6330763199e-13 2.7262155207e-13 2.6676255063e-13 2.4595633147e-13 2.132852136e-13 1.7380342228e-13 1.3308313327e-13 
9.580784923e-14 6.4915764821e-14 4.1456015053e-14 2.4994897035e-14 1.4255186726e-14 7.7065801928e-15 3.9582065619e-15 1.9361485461e-15 9.0431471498e-16 
4.0445611473e-16 1.7375001559e-16 7.1930077586e-17 2.8796579108e-17 1.1188395335e-17 4.2335943339e-18 1.5651313913e-18 5.6680586921e-19 2.0144657745e-19 
7.03281623e-20 2.4118433084e-20 8.1188116395e-21 2.6791798429e-21 8.6537238558e-22 2.7315319847e-22 8.4135656924e-23 2.5257746886e-23 7.383113295e-24 
2.1000183327e-24 5.8098126555e-25 1.5630228666e-25 4.0889982562e-26 1.0403053113e-26 2.5744612383e-27 6.1989377489e-28 1.4527876979e-28 3.3151811533e-29 
7.3691187901e-30 1.5967571077e-30 3.3983584e-31 8.3391062125e-32 1.2528275381e-31 4.9398067117e-31 2.2551657876e-30 1.012624173e-29 4.436014603e-29 
1.8945359622e-28 7.8851096375e-28 3.1970163595e-27 1.2622738219e-26 4.8514930264e-26 1.8144863317e-25 6.6013532226e-25 2.3353791253e-24 8.0309984456e-24 
2.6835293569e-23 8.7095557703e-23 2.7444304285e-22 8.3920456931e-22 2.4889052799e-21 7.1548958099e-21 1.9922268622e-20 5.3684529049e-20 1.3986591475e-19 
3.5191884758e-19 8.5406987612e-19 1.9964337024e-18 4.4880830668e-18 9.6872039707e-18 2.0041108898e-17 3.9671003152e-17 7.5008499718e-17 1.3525287106e-16 
2.3227631294e-16 3.795769836e-16 5.9013590117e-16 8.7368303899e-16 1.2347877957e-15 1.673865641e-15 2.1928588214e-15 2.8055639155e-15 3.5497825213e-15 
4.4963168524e-15 5.7503105908e-15 7.4439737211e-15 9.7245125228e-15 1.2742736553e-14 1.6643421531e-14 2.1548906119e-14 2.7519980178e-14 3.4482220004e-14 
4.2128284775e-14 4.9839499932e-14 5.6692006639e-14 6.1598722813e-14 6.3578835122e-14 6.2067823212e-14 5.7134174778e-14 4.9494611832e-14 4.0311988638e-14 
3.086418992e-14 2.2224260735e-14 1.5065151817e-14 9.6267268042e-15 5.8083450532e-15 3.3151327956e-15 1.7935401733e-15 9.2181346276e-16 4.5116140556e-16 
2.1081146574e-16 9.4305419034e-17 4.0510151413e-17 1.6763973166e-17 6.7058949097e-18 2.6021015508e-18 9.8281650596e-19 3.624715784e-19 1.3088039393e-19 
4.6355249995e-20 1.6120966579e-20 5.5056931545e-21 1.8454078368e-21 6.0635514539e-22 1.9502186482e-22 6.1305643673e-23 1.8808906804e-23 5.6253548878e-24 
1.6385117276e-24 4.6447977258e-25 1.2808902151e-25 3.4354750674e-26 8.9612526532e-27 2.27349944e-27 5.6111121521e-28 1.3475649969e-28 3.1502228461e-29 
7.1711091176e-30 1.5902484425e-30 3.4378343215e-31 7.2999198356e-32 1.7868276734e-32 2.6376656191e-32 1.0415031587e-31 4.7608315842e-31 2.140371147e-30 
9.3877702242e-30 4.0141267088e-29 1.6726362122e-28 6.7893349438e-28 2.6835104732e-27 1.0324438964e-26 3.8650452674e-26 1.4073633537e-25 4.9826382553e-25 
1.714551115e-24 5.7320530584e-24 1.8610617149e-23 5.8655796784e-23 1.7937010716e-22 5.3191403994e-22 1.5286723831e-21 4.2545885365e-21 1.1458045261e-20 
2.9830352705e-20 7.499408134e-20 1.8183656789e-19 4.2464523912e-19 9.5370119597e-19 2.0565786251e-18 4.2510879631e-18 8.4089700419e-18 1.5891348905e-17 
2.8648682523e-17 4.9209454406e-17 8.0478036304e-17 1.2531734664e-16 1.8602924046e-16 2.6403306044e-16 3.6017897619e-16 4.7604813353e-16 6.1620328718e-16 
7.9074909022e-16 1.0171117632e-15 1.3200492852e-15 1.7297117938e-15 2.2786111665e-15 2.9987818716e-15 3.9194696276e-15 5.0635926048e-15 6.4395269004e-15 
8.0255473897e-15 9.7491145948e-15 1.1470310108e-14 1.2983692016e-14 1.4049778695e-14 1.4454271655e-14 1.4076056198e-14 1.293445992e-14 1.119206402e-14 
9.1096868818e-15 6.9729310759e-15 5.0212820386e-15 3.4047715395e-15 2.1766574105e-15 1.3140234928e-15 7.5042942196e-16 4.0623371925e-16 2.0890193584e-16 
1.0228817517e-16 4.781032803e-17 2.1390291762e-17 9.1873453439e-18 3.8002770108e-18 1.5189501045e-18 5.8866220404e-19 2.2194850742e-19 8.1669571055e-20 
2.9406154454e-20 1.0380806495e-20 3.5968373739e-21 1.2235398743e-21 4.0842025074e-22 1.3363896958e-22 4.2805896191e-23 1.3402529054e-23 4.0962367699e-24 
1.2206298208e-24 3.5430262678e-25 1.001055121e-25 2.7519421923e-26 7.3589159174e-27 1.9140442603e-27 4.8426714006e-28 1.1920403761e-28 2.8555080182e-29 
6.6589012781e-30 1.512194207e-30 3.3456113824e-31 7.2162252256e-32 1.5288453078e-32 3.7330265935e-33 5.417814892e-33 2.1423075976e-32 9.8051216412e-32 
4.413585851e-31 1.9381599757e-30 8.2972327057e-30 3.4613556249e-29 1.4065604441e-28 5.5654541309e-28 2.1434088426e-27 8.0316401655e-27 2.9270576036e-26 
1.0370946012e-25 3.5710453746e-25 1.1945029448e-24 3.8798100195e-24 1.2231187361e-23 3.740653457e-23 1.1091948521e-22 3.1869755903e-22 8.8664724475e-22 
2.3865378421e-21 6.2090252808e-21 1.5597395178e-20 3.7786049821e-20 8.8161988898e-20 1.9781946801e-19 4.262057412e-19 8.8029677482e-19 1.74016467e-18 
3.2871669506e-18 5.9253623206e-18 1.0181195405e-17 1.6666121009e-17 2.5998496756e-17 3.8709415616e-17 5.5194959788e-17 7.5803711455e-17 1.0112836869e-16 
1.3248650116e-16 1.7244893327e-16 2.251791827e-16 2.9637246073e-16 3.9275718683e-16 5.2135121425e-16 6.8876499988e-16 9.0065362683e-16 1.1609731095e-15 
1.47031473e-15 1.8227399401e-15 2.2015343446e-15 2.575832063e-15 2.901131043e-15 3.1260777946e-15 3.2051466261e-15 3.1131410604e-15 2.855221222e-15 
2.4673913052e-15 2.0067078729e-15 1.5354036004e-15 1.1055610612e-15 7.4975068387e-16 4.7945675293e-16 2.8955882182e-16 1.6543937829e-16 8.9598688557e-17 
4.6094348467e-17 2.2577479575e-17 1.0555126537e-17 4.7225474114e-18 2.0280150446e-18 8.3848419072e-19 3.3486556283e-19 1.2961687554e-19 4.8788059262e-20 
1.7913098612e-20 6.4325207581e-21 2.2636391191e-21 7.8156360106e-22 2.6485529052e-22 8.8059154455e-23 2.8698182286e-23 9.1557847233e-24 2.8555835885e-24 
8.6950585974e-25 2.5818027061e-25 7.4686010173e-26 2.1033943739e-26 5.7645737167e-27 1.5369796291e-27 3.9864621696e-28 1.0058915432e-28 2.4696259862e-29 
5.90115016e-30 1.3727888525e-30 3.1101974797e-31 6.8653619085e-32 1.4775095593e-32 3.1233542444e-33 7.6079904564e-34 1.0864370621e-33 4.3020448378e-33 
1.9714762363e-32 8.8850375274e-32 3.9064209293e-31 1.6743083256e-30 6.9927695094e-30 2.8447685514e-29 1.1268227308e-28 4.344128064e-28 1.6293554145e-27 
5.9432345339e-27 2.1074160238e-26 7.2614264221e-26 2.4302832338e-25 7.8970705715e-25 2.490279261e-24 7.6170105534e-24 2.2585721961e-23 6.4882086582e-23 
1.8044675714e-22 4.8546192136e-22 1.2622408601e-21 3.1685121052e-21 7.6697987776e-21 1.7879804593e-20 4.0084451932e-20 8.6291494426e-20 1.7809798294e-19 
3.5185872189e-19 6.6442915642e-19 1.1976655031e-18 2.0588151147e-18 3.3739342678e-18 5.273908371e-18 7.8783187897e-18 1.1289926792e-17 1.5617413156e-17 
2.1039469575e-17 2.790564934e-17 3.6843167114e-17 4.881932625e-17 6.5114863727e-17 8.7200314767e-17 1.165576363e-16 1.5451224299e-16 2.0210497289e-16 
2.5993890022e-16 3.2785498131e-16 4.043110074e-16 4.8554347874e-16 5.6490443079e-16 6.329949742e-16 6.7909177774e-16 6.9378811701e-16 6.7200380604e-16 
6.1505793981e-16 5.3074052154e-16 4.3123551135e-16 3.2977184334e-16 2.3739398013e-16 1.6099061567e-16 1.029676875e-16 6.2201632871e-17 3.5550124997e-17 
1.9259550605e-17 9.9110952927e-18 4.8556738592e-18 2.2703380187e-18 1.0157575263e-18 4.3609711526e-19 1.8021562993e-19 7.1914087254e-20 2.7802558208e-20 
1.0447860631e-20 3.8279980044e-21 1.3710846819e-21 4.8104066522e-22 1.6552736532e-22 5.5888939734e-23 1.8511051859e-23 6.0092883628e-24 1.9097979361e-24 
5.9340237354e-25 1.8003098849e-25 5.3270334793e-26 1.5358890713e-26 4.311895219e-27 1.1781657842e-27 3.1322633688e-28 8.1018125063e-29 2.0389084556e-29 
4.9931230918e-30 1.1901737362e-30 2.7621279601e-31 6.2434536918e-32 1.3750700756e-32 2.9528416256e-33 6.2285147749e-34 1.5135658374e-34 2.1404567451e-34 
8.4878112437e-34 3.8946052715e-33 1.7573822746e-32 7.7359535959e-32 3.3196303712e-31 1.3880710313e-30 5.6533104357e-30 2.2417464945e-29 8.6513898567e-29 
3.2480599067e-28 1.1858319483e-27 4.2082782621e-27 1.4510615639e-26 4.8593782458e-26 1.5797712464e-25 4.983334425e-25 1.5245290182e-24 4.520609227e-24 
1.2984677321e-23 3.6102039467e-23 9.7084657222e-23 2.5228609835e-22 6.3286965656e-22 1.5307869847e-21 3.5656953163e-21 7.9873868574e-21 1.7181515522e-20 
3.5437186461e-20 6.9975576563e-20 1.3210325122e-19 2.3814625478e-19 4.0962899002e-19 6.7217983876e-19 1.0531464002e-18 1.5790240965e-18 2.275271117e-18 
3.1719553738e-18 4.3176677306e-18 5.8004559802e-18 7.7691243314e-18 1.0444314941e-17 1.4109947627e-17 1.908330654e-17 2.5672868836e-17 3.4138299745e-17 
4.4660616164e-17 5.7311228593e-17 7.1990852199e-17 8.8312250651e-17 1.0543994506e-16 1.2196472406e-16 1.3593744573e-16 1.4516289184e-16 1.477390102e-16 
1.4266921361e-16 1.3028129058e-16 1.1223500218e-16 9.1089049645e-17 6.960677209e-17 5.0087996317e-17 3.3962189684e-17 2.1722105338e-17 1.3123752295e-17 
7.5020591444e-18 4.0651547186e-18 2.0923574954e-18 1.0252321564e-18 4.793797544e-19 2.1445450957e-19 9.2045472627e-20 3.8017217722e-20 1.515790701e-20 
5.8531586911e-21 2.1960066027e-21 8.0294236268e-22 2.868706692e-22 1.003524157e-22 3.4417701528e-23 1.1579360273e-23 3.8208627828e-24 1.2356442104e-24 
3.9120443059e-25 1.2110053973e-25 3.6608187316e-26 1.0794801131e-26 3.1020943985e-27 8.6815317437e-28 2.3649986383e-28 6.2695652111e-29 1.6172190225e-29 
4.0591873758e-30 9.9154105178e-31 2.3576716221e-31 5.4586472311e-32 1.2310190469e-32 2.7051447621e-33 5.7963612664e-34 1.2199841717e-34 2.9576006099e-35 
4.827975704e-35 1.9175267669e-34 8.81092158e-34 3.9812417765e-33 1.7549049203e-32 7.5406352178e-32 3.1571608301e-31 1.2874768327e-30 5.1115828297e-30 
1.9749835305e-29 7.4230335437e-29 2.7128526419e-28 9.63635581e-28 3.3254712645e-27 1.1144335075e-26 3.6250580644e-26 1.1439937588e-25 3.5006863774e-25 
1.0381399652e-24 2.98165993e-24 8.2880755928e-24 2.2279142214e-23 5.7863464891e-23 1.4505595782e-22 3.5059550946e-22 8.1598540151e-22 1.8263578431e-21 
3.9255992583e-21 8.091249723e-21 1.596978155e-20 3.0143275777e-20 5.4353986352e-20 9.3573501401e-20 1.5381255469e-19 2.4168576062e-19 3.6400139724e-19 
5.279718074e-19 7.428200291e-19 1.0232926247e-18 1.3946963061e-18 1.8978033745e-18 2.5910142286e-18 3.5474736584e-18 4.8466811652e-18 6.5628493256e-18 
8.7537629094e-18 1.1452586896e-17 1.4660658009e-17 1.8334734556e-17 2.2362422542e-17 2.6528107415e-17 3.0486614978e-17 3.3773102814e-17 3.5872636101e-17 
3.6346183767e-17 3.4973206225e-17 3.1848121179e-17 2.7380111718e-17 2.2188830419e-17 1.6938968188e-17 1.2181390091e-17 8.2567150424e-18 5.2801862583e-18 
3.1900695952e-18 1.8236960566e-18 9.8830991581e-19 5.0873577396e-19 2.492853274e-19 1.1655526715e-19 5.2132062904e-20 2.2366976688e-20 9.2323566872e-21 
3.6775961319e-21 1.4182264038e-21 5.3116920378e-22 1.9378701352e-22 6.9049411553e-23 2.4079013566e-23 8.2292384022e-24 2.7580249632e-24 9.0641192833e-25 
2.9192352466e-25 9.20432119e-26 2.837781044e-26 8.5449536513e-27 2.5102139487e-27 7.1876524045e-28 2.0046352382e-28 5.4430794589e-29 1.4384302814e-29 
3.6992611618e-30 9.258297891e-31 2.2552489185e-31 5.3481049179e-32 1.23501154e-32 2.7781326757e-33 6.0899074605e-34 1.3017670101e-34 2.7333463639e-35 
6.6091954636e-36 
