# vtk DataFile Version 5.1
vtk output
ASCII
DATASET STRUCTURED_POINTS
DIMENSIONS 100 100 1
SPACING 1 1 1
ORIGIN 0 0 0
POINT_DATA 10000
FIELD FieldData 7
CellType 1 10000 char
0 0 0 0 0 0 0 0 0 
0 0 0 0 0 0 0 0 0 
0 0 0 0 0 0 0 0 0 
0 0 0 0 0 0 0 0 0 
0 0 0 0 0 0 0 0 0 
0 0 0 0 0 0 0 0 0 
0 0 0 0 0 0 0 0 0 
0 0 0 0 0 0 0 0 0 
0 0 0 0 0 0 0 0 0 
0 0 0 0 0 0 0 0 0 
0 0 0 0 0 0 0 0 0 
0 0 0 0 0 0 0 0 0 
0 0 0 0 0 0 0 0 0 
0 0 0 0 0 0 0 0 0 
0 0 0 0 0 0 0 0 0 
0 0 0 0 0 0 0 0 0 
0 0 0 0 0 0 0 0 0 
0 0 0 0 0 0 0 0 0 
0 0 0 0 0 0 0 0 0 
0 0 0 0 0 0 0 0 0 
0 0 0 0 0 0 0 0 0 
0 0 0 0 0 0 0 0 0 
0 0 0 0 0 0 0 0 0 
0 0 0 0 0 0 0 0 0 
0 0 0 0 0 0 0 0 0 
0 0 0 0 0 0 0 0 0 
0 0 0 0 0 0 0 0 0 
0 0 0 0 0 0 0 0 0 
0 0 0 0 0 0 0 0 0 
0 0 0 0 0 0 0 0 0 
0 0 0 0 0 0 0 0 0 
0 0 0 0 0 0 0 0 0 
0 0 0 0 0 0 0 0 0 
0 0 0 0 0 0 0 0 0 
3 0 0 0 0 0 0 0 0 
0 0 0 0 0 0 0 0 0 
0 0 0 0 0 0 0 0 0 
0 0 0 0 0 0 0 0 0 
0 0 0 0 0 0 0 0 0 
3 3 0 0 0 0 0 0 0 
0 0 0 0 0 0 0 0 0 
0 0 0 0 0 0 0 0 0 
0 0 0 0 3 3 0 0 0 
0 0 0 0 0 0 0 0 0 
0 0 0 0 0 0 0 0 0 
3 3 3 3 0 0 0 0 0 
0 3 0 0 0 0 0 0 3 
3 3 0 0 0 0 0 0 0 
0 0 0 0 0 0 0 0 0 
0 0 0 0 0 0 0 0 0 
0 3 3 3 0 0 0 0 0 
0 0 0 0 0 0 0 0 0 
3 3 0 0 3 3 0 0 0 
3 3 3 3 3 3 3 3 3 
0 0 0 3 3 3 3 0 0 
0 0 0 0 0 0 0 0 0 
0 3 3 3 3 3 0 0 0 
0 3 3 3 3 3 0 0 3 
3 3 3 3 3 3 0 0 0 
0 0 3 3 3 3 3 3 0 
0 3 3 0 0 0 0 0 3 
3 3 0 3 3 3 0 0 3 
3 0 3 3 3 0 0 3 3 
3 3 3 3 3 3 3 3 3 
0 3 3 3 3 3 3 3 3 
3 3 0 0 3 3 3 3 3 
3 0 0 0 0 0 0 0 0 
0 0 3 3 3 3 3 0 0 
0 3 3 3 3 3 3 3 3 
3 3 3 3 3 3 3 0 0 
0 0 0 3 3 3 3 3 3 
3 3 3 3 3 0 0 3 3 
3 3 3 3 3 3 3 0 0 
3 3 3 3 3 3 3 0 3 
3 3 3 3 3 3 3 0 3 
3 3 3 3 0 0 3 3 3 
3 3 3 0 0 3 3 0 0 
3 3 3 0 0 0 0 0 0 
0 0 0 0 3 3 3 3 0 
0 0 3 3 3 3 0 0 3 
3 3 3 3 3 3 3 3 3 
0 0 0 3 0 0 3 3 3 
3 3 3 3 3 3 0 0 3 
3 3 3 3 3 3 3 3 0 
0 0 0 3 3 3 3 3 3 
0 0 3 3 3 3 0 0 0 
0 3 3 3 3 0 0 0 0 
3 3 3 3 0 0 3 3 3 
3 0 0 3 0 0 0 0 0 
0 0 0 0 0 0 3 3 3 
3 0 0 3 3 3 3 3 0 
0 0 3 3 3 3 3 3 3 
3 3 0 3 3 3 3 3 3 
3 3 3 3 3 3 3 3 0 
0 3 3 3 3 3 3 3 3 
3 3 0 0 0 3 3 3 3 
3 0 0 0 0 3 0 0 0 
0 0 3 3 3 3 0 0 3 
0 0 3 3 3 3 3 3 3 
3 3 3 0 0 0 0 0 0 
0 0 0 0 0 0 0 3 3 
3 3 0 0 3 3 0 3 3 
0 0 0 3 3 3 3 3 3 
3 3 3 3 3 3 3 3 3 
3 3 3 3 3 3 3 3 3 
3 3 3 3 3 3 3 3 3 
3 3 3 3 3 3 3 3 3 
3 3 3 0 0 3 3 0 0 
0 0 3 3 3 3 3 0 3 
3 3 0 3 3 3 3 3 3 
3 3 3 3 3 0 0 0 0 
0 0 0 0 0 0 3 3 3 
3 3 3 3 3 3 3 0 0 
0 3 3 3 3 3 3 0 3 
3 3 3 3 3 0 3 3 3 
3 3 3 3 3 3 3 3 3 
3 3 3 3 0 3 3 3 3 
3 3 3 3 3 3 0 0 3 
3 3 3 3 3 3 3 3 3 
3 3 3 3 3 0 3 3 3 
0 3 3 3 0 3 3 0 0 
3 3 3 3 3 3 0 0 0 
0 0 0 0 0 0 3 3 3 
3 3 3 3 3 3 3 3 0 
0 3 3 3 3 3 3 3 3 
0 3 3 3 0 0 0 0 3 
3 3 3 0 3 3 3 3 3 
3 3 0 3 3 3 3 3 3 
3 0 0 3 0 0 0 0 0 
0 3 3 3 0 3 3 3 3 
3 3 3 3 3 3 3 0 3 
3 3 0 3 3 3 0 0 0 
0 0 0 3 3 0 0 0 0 
0 0 0 0 0 0 0 3 3 
3 3 3 3 3 3 3 3 3 
3 3 3 3 3 3 0 3 3 
3 3 0 3 3 3 0 0 0 
0 3 3 3 3 0 3 3 3 
3 3 3 3 0 3 3 3 3 
3 3 0 0 0 0 0 0 0 
0 0 0 3 3 0 0 3 3 
3 3 3 3 3 3 3 3 3 
0 3 3 3 0 3 0 0 0 
0 3 3 0 0 3 3 0 0 
0 0 0 0 0 0 0 0 0 
3 3 3 3 0 0 3 3 3 
3 3 3 3 3 3 3 3 3 
0 3 3 3 0 3 3 3 0 
0 3 3 3 3 3 3 3 3 
3 3 3 3 3 3 0 3 3 
3 3 3 3 0 0 3 3 3 
0 0 3 3 3 3 3 0 3 
3 3 3 3 3 3 3 0 3 
3 3 0 3 3 3 0 0 0 
0 3 3 3 3 3 3 3 3 
0 0 0 0 0 0 0 0 0 
0 3 3 3 0 0 0 3 3 
3 3 3 3 3 3 3 3 3 
0 0 0 3 3 3 0 3 3 
3 0 3 3 3 0 3 3 3 
3 3 3 0 0 3 3 0 0 
3 3 3 3 3 3 0 3 3 
3 3 3 3 3 3 3 3 3 
3 3 3 3 3 3 3 3 3 
0 3 3 3 3 3 3 3 0 
0 0 3 3 3 3 3 3 3 
0 0 0 0 0 0 0 0 0 
0 0 3 3 3 0 0 0 0 
3 3 0 0 0 0 0 3 3 
0 0 0 0 0 3 3 3 0 
3 0 0 0 3 3 3 0 0 
0 0 3 3 0 0 0 0 0 
0 0 3 3 3 3 3 3 0 
0 0 3 3 3 3 3 3 3 
3 3 3 3 3 3 3 3 3 
3 0 0 0 3 3 3 3 0 
0 0 3 3 3 3 3 3 3 
3 0 0 0 0 0 0 0 0 
0 0 3 3 3 3 3 0 0 
0 3 3 0 0 0 0 0 0 
3 3 0 0 0 3 3 3 3 
3 0 0 0 0 3 3 3 3 
0 0 0 3 3 0 0 0 0 
0 0 0 3 3 3 3 3 3 
3 0 0 0 0 3 3 3 3 
3 3 3 3 3 3 3 3 3 
3 3 0 0 0 0 3 3 0 
0 0 3 3 3 3 3 3 3 
3 3 3 0 0 0 0 0 0 
0 0 0 0 3 3 3 3 3 
3 3 3 3 3 0 0 0 0 
0 3 3 3 0 0 3 3 3 
3 3 3 0 3 3 3 3 3 
3 3 0 0 3 3 0 3 3 
3 0 3 3 3 3 3 3 3 
3 3 0 0 0 0 3 3 3 
3 3 3 3 3 3 3 3 3 
3 3 3 0 0 0 0 3 3 
3 0 0 3 3 3 3 3 3 
3 3 3 3 0 0 0 0 0 
0 0 0 0 0 3 3 3 0 
3 3 3 3 3 3 3 3 3 
3 0 0 3 3 3 0 0 3 
3 3 3 3 3 3 3 3 3 
3 3 3 3 3 3 3 3 3 
3 3 3 3 3 3 3 3 3 
3 3 0 0 0 0 0 3 3 
0 0 3 3 3 3 3 3 3 
3 3 0 0 0 0 0 0 3 
3 3 3 3 3 3 3 3 3 
3 3 3 3 3 3 0 0 0 
0 0 0 0 0 0 3 3 3 
0 0 0 0 0 0 3 3 3 
3 3 3 0 0 3 3 0 0 
0 3 3 3 3 3 3 0 0 
3 3 3 0 3 3 3 3 3 
3 3 3 3 3 3 3 3 3 
3 3 0 0 0 0 0 0 3 
3 0 0 3 3 3 3 3 3 
3 3 0 0 0 0 0 0 0 
0 0 3 3 3 3 3 3 3 
3 0 3 3 3 3 0 0 0 
0 0 0 0 0 0 0 3 3 
3 3 0 0 0 0 0 3 3 
3 3 3 3 0 0 3 3 0 
0 0 3 3 3 3 3 3 0 
0 0 3 3 0 0 0 3 3 
3 3 3 3 3 3 3 0 0 
0 3 0 0 0 0 3 3 3 
3 3 3 3 3 3 3 3 3 
3 3 3 0 0 0 0 0 0 
0 3 0 3 3 3 3 3 3 
3 3 0 3 3 3 0 0 0 
0 0 0 0 0 0 0 0 3 
3 3 3 3 3 0 3 3 3 
3 3 3 3 3 3 3 3 3 
3 3 0 0 3 3 3 3 3 
3 3 3 3 3 3 0 0 3 
3 0 3 3 3 3 3 0 0 
0 0 3 3 0 0 3 3 3 
3 3 3 3 3 3 3 3 3 
3 3 3 3 0 0 0 0 0 
3 3 3 3 3 3 3 3 3 
3 3 3 3 0 3 3 0 0 
0 0 0 0 0 0 0 0 0 
3 3 3 3 3 3 3 3 3 
3 3 3 3 3 3 3 3 3 
3 3 3 3 3 3 3 3 0 
0 3 3 3 3 3 3 3 0 
3 3 0 0 3 3 3 0 0 
0 0 0 3 3 3 3 3 3 
3 0 0 3 3 3 3 3 3 
3 3 3 3 0 0 0 0 0 
3 3 3 3 3 3 3 3 3 
3 3 3 3 3 0 0 3 3 
0 0 0 0 0 0 0 0 0 
0 3 3 3 3 3 3 3 3 
3 3 3 3 3 0 0 0 0 
3 3 3 3 3 3 3 3 3 
0 0 0 0 0 3 3 3 3 
3 3 3 0 0 0 3 3 3 
0 0 0 0 0 0 3 3 3 
3 3 3 0 0 0 3 3 3 
3 3 0 3 0 0 0 0 0 
0 3 3 3 3 3 3 3 3 
0 0 0 3 3 3 3 0 3 
3 0 0 0 0 0 0 0 0 
0 0 3 3 3 3 3 3 3 
3 3 0 0 0 0 0 0 0 
0 0 3 3 3 3 3 3 3 
3 3 3 0 0 0 0 3 3 
3 3 3 3 0 0 0 0 3 
3 3 0 0 3 0 0 0 0 
3 3 3 3 0 0 0 3 3 
3 3 3 3 0 0 0 0 0 
0 0 0 3 3 3 3 3 3 
3 0 0 0 3 3 3 3 3 
3 0 0 0 0 0 0 0 0 
0 0 0 3 3 0 3 3 3 
0 3 3 0 0 0 3 0 0 
0 0 0 0 3 3 3 3 3 
3 0 3 3 3 3 0 0 3 
3 3 3 3 3 3 3 3 3 
0 3 3 3 3 3 3 3 3 
0 3 3 3 3 3 3 0 3 
3 3 3 3 3 3 0 0 0 
0 0 0 3 0 3 3 3 3 
3 3 3 3 0 0 3 3 3 
3 3 3 0 0 0 0 0 0 
0 0 0 0 3 3 3 3 3 
3 0 0 0 0 0 3 3 3 
3 0 0 3 3 3 3 3 3 
3 3 3 0 0 3 3 0 0 
0 3 3 0 3 3 3 3 3 
3 3 3 3 3 3 0 3 3 
3 3 3 3 0 3 3 3 3 
3 3 3 3 0 3 3 0 0 
0 0 0 3 3 3 3 3 3 
3 0 0 3 3 3 3 3 3 
0 0 3 3 0 0 0 0 0 
0 0 0 0 0 0 0 3 3 
3 3 0 0 0 3 3 3 3 
3 3 3 0 3 3 3 3 3 
3 3 3 3 0 0 0 0 0 
0 0 0 3 3 0 0 0 3 
3 3 3 3 3 3 0 0 0 
3 3 3 3 3 0 0 3 3 
3 3 3 3 3 3 0 0 0 
0 0 3 3 3 3 3 3 3 
3 0 0 0 0 0 3 3 3 
3 0 0 0 0 0 0 0 0 
0 0 0 0 0 0 0 0 0 
0 3 3 0 0 3 3 3 3 
3 0 3 3 3 3 3 3 3 
3 3 3 3 3 3 3 3 0 
0 0 0 0 3 3 3 0 3 
3 3 3 3 3 3 0 0 0 
0 3 3 3 3 3 0 0 3 
3 3 3 0 0 3 3 3 0 
0 3 3 3 3 3 3 3 3 
3 3 0 0 0 0 0 0 0 
3 3 3 3 0 0 0 0 0 
0 0 0 0 0 0 3 3 3 
0 0 3 3 0 0 3 3 3 
3 3 3 3 3 3 3 3 3 
3 3 3 3 3 3 3 3 3 
3 0 0 3 3 0 3 3 3 
3 3 3 3 3 3 3 3 0 
3 3 3 3 3 3 3 0 0 
3 3 3 3 3 3 0 3 3 
3 0 3 3 3 3 3 3 3 
3 3 3 3 3 3 3 3 0 
0 3 3 3 3 3 3 3 0 
0 0 0 0 0 0 0 3 3 
3 3 3 3 3 0 0 3 3 
3 3 3 3 3 3 3 3 3 
0 3 3 3 0 3 3 3 3 
3 3 3 0 3 3 3 3 3 
3 3 3 3 3 3 3 3 3 
0 3 3 3 3 3 3 3 3 
3 3 3 0 0 3 3 3 0 
3 3 3 0 3 3 3 3 3 
3 3 0 3 3 3 3 3 3 
3 3 3 3 0 0 3 3 3 
0 0 0 0 0 0 0 0 0 
3 3 3 3 3 3 0 0 3 
3 3 3 3 3 3 3 3 3 
3 3 0 0 0 0 0 3 3 
3 3 3 3 0 3 3 3 3 
3 3 3 3 3 3 3 3 3 
0 0 0 0 3 3 3 3 3 
3 3 3 3 0 0 0 3 3 
0 0 3 0 0 0 3 3 3 
3 3 3 3 0 0 0 0 0 
0 3 3 3 3 0 0 0 0 
0 0 0 0 0 0 0 0 0 
0 0 3 3 3 3 3 0 0 
3 3 0 3 3 3 3 3 3 
3 3 3 3 0 0 0 0 3 
3 3 3 3 0 0 3 3 3 
3 3 3 3 3 3 3 3 3 
3 0 3 3 0 0 0 0 3 
3 3 3 3 0 0 0 0 0 
0 0 0 0 0 0 0 0 3 
3 3 3 3 3 3 3 3 0 
0 0 0 0 0 0 0 0 0 
0 0 0 0 0 0 0 0 0 
0 0 0 0 3 3 3 3 3 
3 3 3 0 3 3 3 3 3 
3 3 3 3 3 3 0 0 3 
3 3 3 3 3 0 0 3 3 
3 3 3 3 3 3 3 3 3 
3 4 4 3 3 3 3 3 0 
3 3 3 3 3 0 0 0 3 
0 0 3 3 3 0 0 0 0 
0 3 3 3 3 3 3 3 3 
3 3 0 0 0 0 0 0 0 
0 3 0 0 0 0 0 0 0 
0 0 0 0 0 3 3 3 3 
3 3 3 3 3 3 3 3 3 
0 3 0 0 0 3 3 0 0 
3 3 3 3 3 3 3 0 3 
3 3 3 3 3 3 3 3 3 
3 3 4 4 4 3 3 3 3 
3 3 3 3 3 3 3 0 0 
3 3 3 3 3 3 3 0 0 
3 3 3 3 3 3 3 3 3 
3 3 3 0 0 0 0 3 3 
0 3 3 3 0 0 0 0 0 
0 0 0 0 0 0 0 3 3 
3 3 3 0 0 3 3 3 3 
3 3 0 0 0 0 0 0 0 
0 0 3 3 3 3 3 3 3 
3 3 3 3 3 3 3 3 3 
3 3 3 4 4 4 3 3 3 
3 3 3 3 3 3 3 3 3 
0 0 3 3 3 3 3 3 3 
0 3 3 3 3 3 3 3 3 
3 3 3 3 0 0 0 0 3 
3 0 3 3 3 3 0 0 0 
0 0 0 0 0 0 0 0 3 
3 3 3 3 3 0 0 3 3 
3 3 3 3 0 0 0 0 0 
3 3 3 0 3 3 3 3 3 
3 3 3 3 3 3 3 3 3 
3 3 3 3 3 4 1 1 3 
3 4 3 3 3 3 3 3 3 
3 3 0 0 0 0 3 3 3 
3 3 0 0 0 3 3 3 3 
3 3 3 3 3 3 0 3 3 
3 3 3 3 3 3 3 0 0 
0 0 0 0 0 0 3 3 0 
3 3 3 3 3 3 0 0 3 
3 3 0 3 3 3 0 0 3 
3 3 3 3 3 3 3 3 3 
0 3 3 3 3 3 3 3 3 
3 4 4 3 3 3 1 1 1 
1 4 4 4 4 3 3 3 3 
3 3 3 3 3 3 3 3 3 
3 3 3 3 0 0 3 3 0 
0 3 3 0 3 3 3 3 3 
3 3 3 3 3 3 3 3 0 
0 0 0 0 0 0 0 0 3 
3 0 3 3 3 3 3 3 0 
0 3 3 3 0 3 3 3 4 
3 3 3 3 3 3 3 2 2 
2 2 2 0 0 0 2 2 3 
3 3 4 4 4 4 1 1 1 
1 1 1 1 4 4 3 3 3 
3 3 3 4 3 3 3 3 3 
3 3 3 3 3 0 0 3 3 
0 0 3 3 0 0 0 3 3 
3 3 3 3 3 3 3 0 0 
0 0 0 0 0 0 0 0 0 
3 3 3 3 3 3 3 3 3 
0 0 0 3 3 3 3 3 3 
3 4 4 4 4 3 3 2 2 
2 2 2 2 2 2 2 2 2 
2 4 1 1 4 4 1 1 1 
1 1 1 1 1 1 4 4 4 
3 3 3 4 4 4 4 3 0 
0 3 3 3 0 0 0 0 0 
3 3 0 3 3 0 0 0 0 
0 0 0 3 3 3 3 3 0 
0 0 0 0 0 0 0 0 3 
3 0 3 3 3 3 3 3 3 
0 0 3 3 0 0 0 3 3 
3 3 3 4 4 4 4 4 2 
2 2 2 2 2 4 2 2 2 
2 2 4 1 1 1 1 1 1 
1 1 1 1 1 1 1 1 1 
4 4 3 3 4 4 4 4 3 
3 0 3 3 3 0 0 0 0 
0 3 3 3 3 3 3 3 0 
0 0 0 0 0 0 0 3 3 
0 0 0 0 0 0 0 0 0 
3 3 3 3 3 3 3 3 3 
3 3 0 3 3 3 0 0 3 
3 0 3 3 3 3 3 3 4 
2 2 2 2 2 2 4 4 2 
2 2 2 4 1 1 1 1 1 
1 1 1 1 1 1 1 1 1 
1 4 4 4 4 4 4 3 3 
3 3 3 3 3 3 3 3 3 
3 3 3 3 3 3 3 3 3 
3 3 3 3 3 3 0 0 3 
3 0 0 0 0 0 0 0 0 
0 0 0 3 3 3 3 3 0 
3 3 3 3 3 3 3 0 0 
3 3 3 0 3 3 3 3 3 
3 3 4 4 4 4 4 4 4 
2 2 2 2 4 4 1 1 1 
1 1 1 1 1 1 1 1 1 
1 1 1 1 1 1 4 4 3 
3 3 3 3 3 3 3 3 3 
3 3 3 3 3 3 3 3 0 
0 3 3 3 3 3 3 3 3 
3 3 0 0 0 0 0 0 0 
0 0 0 0 0 3 3 3 3 
0 0 3 3 3 3 3 3 3 
0 3 3 3 3 0 3 3 3 
3 3 3 3 3 3 4 4 4 
4 2 2 2 2 2 4 1 1 
1 1 1 1 1 1 1 1 1 
1 1 1 1 1 1 1 1 4 
3 3 3 3 3 3 3 3 3 
3 3 3 3 3 3 3 3 3 
0 0 0 3 3 3 3 3 3 
3 3 3 0 0 0 0 0 0 
0 0 0 3 3 0 0 0 3 
3 3 0 3 3 3 3 0 3 
3 0 3 3 3 3 3 0 3 
3 3 3 3 3 3 3 3 3 
4 4 4 2 2 2 2 2 4 
1 1 1 1 1 1 1 1 1 
1 1 1 1 1 1 1 1 1 
4 3 3 3 3 3 3 3 3 
3 3 3 3 3 3 3 3 3 
3 3 3 3 3 3 3 3 3 
3 3 3 3 0 0 0 0 0 
0 0 0 0 3 3 3 0 0 
3 3 3 3 3 3 3 3 3 
0 3 3 3 3 0 3 3 3 
3 3 3 3 3 3 3 3 3 
3 4 1 1 4 2 2 2 2 
4 1 1 1 1 1 1 1 1 
1 1 1 1 1 1 1 1 1 
1 3 3 3 3 3 3 3 3 
3 3 3 0 3 3 3 3 3 
3 3 3 3 3 3 3 3 3 
3 3 3 3 3 0 0 0 0 
0 0 0 0 0 0 3 3 0 
0 3 3 0 3 3 3 3 3 
3 0 0 3 3 3 3 3 3 
3 3 3 3 3 3 3 3 3 
4 4 1 1 1 1 4 2 2 
2 4 1 1 1 1 1 1 1 
1 1 1 1 1 1 1 1 1 
1 4 3 3 3 3 3 3 3 
3 3 3 3 3 0 0 3 3 
3 3 3 3 3 3 3 3 0 
3 3 3 3 3 0 0 0 0 
0 0 0 0 0 0 0 0 3 
3 0 3 3 0 0 0 0 3 
3 0 0 0 0 3 3 3 3 
3 3 3 3 3 3 3 3 3 
4 4 4 1 1 1 1 1 2 
2 2 4 1 1 1 1 1 1 
1 1 1 1 1 1 1 1 1 
1 1 4 4 3 3 3 3 3 
3 3 3 3 3 0 0 0 0 
0 0 3 3 3 3 3 3 0 
0 0 3 3 3 0 0 0 0 
0 0 0 0 0 0 0 0 0 
3 3 3 3 3 0 0 0 0 
3 3 3 0 0 0 0 3 3 
3 3 3 3 3 3 3 3 3 
5 5 4 4 1 1 1 1 1 
4 2 2 2 1 1 1 1 1 
1 1 1 1 1 1 1 1 1 
1 1 1 4 4 4 3 3 3 
3 3 3 3 3 3 0 0 0 
0 0 0 3 3 3 3 3 0 
0 0 3 3 3 3 3 0 0 
0 0 0 0 0 0 0 0 0 
3 3 3 3 3 3 0 0 0 
3 3 3 3 3 3 0 0 3 
3 3 3 3 3 3 3 4 3 
3 5 5 1 1 1 1 1 1 
1 1 4 2 2 4 1 1 1 
1 1 1 1 1 1 1 1 1 
1 1 1 1 4 4 3 3 3 
3 3 3 3 3 3 3 0 0 
3 3 0 0 3 3 0 3 3 
0 0 0 3 3 3 3 3 3 
0 0 0 0 0 0 0 0 0 
0 3 3 3 3 3 3 3 3 
3 3 3 3 3 3 3 0 0 
3 3 3 3 3 3 3 4 4 
4 4 3 1 1 1 1 1 1 
1 1 1 4 2 2 2 4 1 
1 1 1 1 1 1 1 1 1 
1 1 1 1 4 3 3 3 3 
3 3 3 3 3 3 3 3 3 
0 3 3 3 0 3 3 0 0 
3 3 0 0 0 3 3 3 3 
3 0 0 0 0 0 0 0 0 
3 3 3 3 3 3 3 0 3 
3 3 3 3 3 3 3 0 0 
0 0 3 3 3 3 3 3 4 
4 4 4 4 1 1 1 1 1 
1 1 1 1 4 2 2 2 2 
1 1 1 1 1 1 1 1 1 
1 1 1 1 4 4 4 3 3 
3 3 3 3 3 3 3 3 3 
3 3 3 3 3 3 3 3 0 
0 3 3 0 0 0 3 3 3 
3 0 0 0 0 0 0 0 0 
0 3 3 3 3 3 3 3 3 
0 0 3 3 0 0 3 3 0 
0 0 3 3 3 0 3 3 3 
3 4 4 4 4 1 1 1 1 
1 1 1 1 1 4 2 2 2 
2 4 1 1 1 1 1 1 1 
1 1 1 1 4 4 2 2 2 
3 3 3 3 3 3 3 3 3 
3 3 3 3 3 3 3 3 3 
0 0 3 0 0 0 0 3 3 
3 3 3 0 0 0 0 0 0 
0 0 0 3 3 3 3 3 3 
3 0 0 3 3 3 3 3 3 
3 3 3 3 3 3 3 3 3 
3 3 3 4 4 5 1 1 1 
1 1 1 1 1 1 4 2 2 
2 2 4 1 1 1 1 1 1 
1 1 1 1 4 2 2 2 2 
2 3 3 3 3 3 3 3 3 
3 3 3 3 3 3 3 3 3 
3 0 0 3 3 0 3 3 0 
3 3 3 3 0 0 0 0 0 
0 0 0 0 0 3 3 3 0 
3 3 0 0 3 3 3 3 3 
3 3 3 3 3 3 3 3 3 
3 0 3 3 3 4 5 5 4 
4 1 1 1 1 1 1 4 2 
2 2 2 4 1 1 1 1 1 
1 1 1 1 4 2 2 2 2 
2 2 3 3 3 3 3 3 3 
3 3 3 0 0 3 3 3 3 
3 3 0 0 3 3 3 3 3 
3 0 0 3 3 0 0 0 0 
0 0 0 0 0 0 0 0 0 
0 0 0 0 0 3 3 0 0 
0 3 3 3 0 3 3 3 3 
3 0 0 0 3 3 3 5 5 
4 4 4 1 1 1 1 1 4 
2 2 2 4 1 1 1 1 1 
1 1 4 4 4 4 2 2 2 
2 2 2 3 3 3 3 3 3 
3 3 3 3 0 0 0 3 3 
3 0 0 0 0 3 3 3 3 
3 3 0 0 0 0 0 0 0 
0 0 0 0 0 0 0 0 0 
0 0 0 0 0 3 3 3 0 
0 3 3 3 3 0 0 0 0 
3 3 0 0 0 0 3 3 3 
3 3 4 4 1 1 1 1 1 
1 1 1 1 1 1 1 1 1 
1 1 1 4 4 4 4 4 2 
2 2 2 2 3 3 3 3 3 
3 3 3 3 3 0 0 0 0 
0 3 3 0 0 0 3 3 3 
3 3 3 3 0 0 0 0 0 
0 0 0 0 0 0 0 0 0 
0 3 0 3 3 3 3 3 3 
0 3 3 3 3 3 3 3 0 
0 3 3 0 0 3 3 0 3 
3 3 3 3 3 1 1 1 1 
1 1 1 1 1 1 1 1 1 
1 1 1 1 1 1 1 1 4 
4 4 4 4 3 3 3 3 3 
3 3 0 3 3 3 3 3 3 
0 0 3 3 0 0 0 3 3 
3 3 3 3 3 0 3 3 0 
0 0 0 0 0 0 0 0 0 
0 3 3 3 3 3 3 3 3 
3 3 3 3 3 3 3 3 3 
3 3 3 3 3 0 3 3 3 
3 4 4 4 3 3 1 1 1 
1 1 1 1 1 1 1 1 1 
1 1 1 1 1 1 1 1 1 
1 1 1 4 3 3 3 3 3 
3 3 3 0 0 0 3 3 3 
3 3 3 3 3 3 0 0 3 
3 0 0 3 3 3 3 3 3 
0 0 0 0 0 0 0 0 0 
0 0 0 3 3 3 3 3 3 
3 3 3 3 3 3 3 3 3 
3 3 3 3 3 3 3 3 3 
3 3 4 4 4 4 4 1 1 
1 1 1 1 1 1 1 1 1 
1 1 1 1 1 1 1 1 1 
1 1 1 1 1 4 3 3 3 
3 3 3 3 3 3 0 0 0 
0 0 3 3 3 3 3 3 0 
3 3 0 0 0 0 3 3 3 
3 3 0 0 0 0 0 0 0 
0 0 0 0 3 3 3 3 3 
3 3 3 3 3 3 3 3 3 
3 3 3 3 3 3 3 3 3 
3 3 3 4 4 4 4 4 4 
1 1 1 1 1 1 1 1 1 
1 4 1 1 1 1 1 1 1 
1 1 1 1 1 1 4 4 3 
3 3 3 3 3 3 3 3 0 
0 0 0 0 3 3 3 3 3 
3 3 3 3 3 3 0 3 3 
3 3 3 3 0 0 0 0 0 
0 0 0 0 3 3 3 3 3 
3 3 3 3 3 3 3 3 3 
3 3 3 3 3 3 3 3 3 
3 3 3 3 1 4 4 4 4 
4 1 1 1 1 1 1 1 1 
1 1 4 4 1 1 1 1 1 
1 1 1 1 1 1 1 4 4 
3 3 3 3 3 3 3 3 3 
3 0 0 3 3 3 3 3 3 
3 3 3 3 3 3 3 3 3 
3 3 3 3 3 0 0 0 0 
0 0 0 0 0 3 3 3 3 
3 3 3 3 3 3 0 3 3 
3 0 3 3 0 0 0 0 0 
3 3 3 3 4 1 1 1 1 
1 1 1 1 1 1 1 1 1 
1 1 1 4 4 4 1 1 1 
1 1 4 4 3 3 4 4 4 
3 3 3 3 3 3 3 3 3 
3 3 0 0 3 3 3 3 3 
3 3 3 3 3 3 3 0 3 
3 3 3 3 3 0 0 0 0 
0 0 0 0 0 0 0 3 3 
3 3 3 3 3 3 3 3 3 
3 0 0 0 0 0 0 0 0 
0 0 0 4 4 4 1 1 1 
1 1 1 1 1 1 1 1 1 
1 1 1 1 4 3 4 1 1 
1 1 1 4 4 3 3 3 3 
3 3 3 3 3 3 3 3 3 
3 3 3 3 0 0 3 3 3 
3 3 3 3 0 0 0 0 0 
0 0 3 3 3 3 0 0 0 
0 0 0 0 0 0 0 0 0 
3 3 3 3 3 3 3 3 3 
3 3 0 0 0 0 3 3 0 
0 0 0 0 4 4 4 1 1 
1 1 1 1 1 1 1 1 1 
1 1 1 1 1 3 3 4 4 
4 4 1 3 3 4 4 3 3 
3 3 3 3 3 3 3 3 0 
0 3 3 3 3 3 3 0 3 
3 3 3 3 3 3 0 0 0 
3 0 0 0 3 3 0 0 0 
0 0 0 0 0 0 0 3 3 
0 3 3 3 3 3 3 3 0 
3 3 3 0 0 3 3 3 3 
3 0 3 3 3 3 4 4 4 
4 1 1 1 1 1 1 1 1 
1 1 1 1 1 1 3 3 4 
4 4 4 3 3 3 3 4 3 
3 3 3 3 3 3 3 3 3 
0 0 0 3 3 3 3 3 3 
3 3 3 3 3 3 3 0 0 
3 3 3 3 0 3 3 0 0 
0 0 0 0 0 0 0 0 3 
3 3 3 3 3 3 3 3 3 
0 0 3 3 0 0 3 3 3 
3 3 3 3 3 3 3 3 3 
3 3 4 4 4 4 1 1 1 
1 1 1 1 1 1 1 3 3 
4 3 3 3 3 3 3 3 3 
4 3 3 3 0 3 3 3 3 
3 3 3 3 3 3 3 0 0 
3 3 3 3 3 3 3 3 0 
0 0 3 3 3 3 3 3 0 
0 0 0 0 0 0 0 0 0 
3 3 3 3 3 3 3 3 3 
3 3 0 3 3 0 0 3 3 
3 3 3 3 3 3 3 0 3 
3 3 3 3 4 4 4 1 1 
1 1 1 1 1 1 4 4 3 
3 4 4 3 3 3 3 3 3 
3 3 3 3 3 3 0 0 0 
0 0 3 3 3 3 3 3 0 
0 3 3 0 0 0 3 3 0 
0 0 0 3 3 3 3 3 3 
0 0 0 0 0 0 0 0 0 
0 3 3 3 3 3 3 3 3 
3 3 3 3 3 0 0 0 3 
3 3 3 3 3 3 3 3 3 
3 3 3 3 3 3 3 3 4 
1 1 1 1 1 1 4 4 4 
3 3 4 4 3 3 3 3 3 
3 3 3 3 3 3 3 0 0 
0 0 0 0 0 0 3 3 3 
3 3 3 3 3 0 0 3 3 
0 0 0 0 0 3 3 3 3 
3 0 0 0 0 0 0 0 0 
0 0 3 3 3 3 3 3 3 
3 3 3 0 3 0 0 0 0 
3 3 3 3 3 3 3 3 3 
3 3 3 3 3 0 0 3 3 
3 3 3 3 3 3 4 4 4 
4 3 3 4 4 3 3 3 3 
3 3 3 3 3 3 3 0 3 
3 3 3 3 3 0 0 3 3 
3 3 3 3 3 3 3 3 3 
3 3 3 0 0 0 3 3 3 
3 3 0 0 0 0 0 0 0 
0 0 0 3 3 0 0 3 3 
3 3 3 3 0 0 0 0 0 
0 3 3 0 0 3 3 3 3 
3 3 3 3 3 3 0 0 3 
3 3 3 3 3 3 3 4 4 
3 4 3 3 3 3 4 3 3 
3 3 3 3 3 3 3 0 0 
3 3 3 3 3 3 3 3 3 
3 0 0 3 3 3 0 3 3 
3 3 3 3 3 0 0 3 3 
3 3 3 0 0 0 0 0 0 
0 0 0 0 3 3 0 0 0 
0 0 0 3 3 3 0 0 0 
0 3 3 3 0 0 0 0 3 
3 3 3 3 3 3 3 0 0 
3 3 0 0 3 3 0 0 4 
4 3 3 3 3 3 3 3 3 
3 3 3 3 3 3 3 3 0 
0 0 3 3 3 3 3 3 3 
3 3 0 0 0 0 0 0 0 
0 0 0 3 3 3 3 3 3 
3 3 3 3 0 0 0 0 0 
0 0 0 3 3 3 3 0 0 
0 0 0 0 0 3 3 3 3 
0 3 3 3 3 0 0 0 0 
0 3 3 3 3 3 3 3 0 
0 3 3 3 3 3 3 3 3 
4 4 3 3 3 3 3 3 3 
3 3 3 3 3 3 3 3 0 
0 3 3 0 3 3 3 3 3 
3 3 3 3 3 0 0 0 0 
0 0 0 0 3 3 3 3 3 
3 3 3 3 3 0 0 0 0 
0 0 0 0 3 3 3 3 0 
0 3 3 3 3 3 3 3 3 
3 3 3 3 3 3 3 3 3 
3 0 0 3 3 0 0 3 3 
0 0 3 3 3 3 3 3 3 
3 3 3 3 3 3 3 3 3 
3 3 3 3 3 3 3 0 3 
3 0 3 3 3 0 3 3 3 
3 3 3 3 3 3 3 3 0 
0 0 3 0 0 3 3 3 3 
3 3 3 3 3 3 0 0 0 
0 0 0 0 0 0 3 3 3 
3 0 3 3 3 3 3 3 3 
3 3 3 3 3 3 3 3 3 
3 3 3 3 3 3 3 0 3 
3 0 0 3 3 0 0 3 3 
3 3 3 3 3 3 3 3 3 
3 3 3 3 3 3 3 3 3 
3 3 0 0 3 3 3 0 3 
3 3 3 3 3 3 3 3 3 
3 0 3 3 3 0 3 3 3 
3 3 3 3 0 3 3 0 0 
0 0 0 0 0 0 0 0 0 
3 3 3 0 3 3 3 0 0 
3 3 0 0 3 3 3 3 3 
3 3 3 3 3 3 3 0 3 
3 3 0 0 3 3 0 0 0 
3 3 3 3 3 0 3 3 3 
3 3 3 0 3 3 3 3 3 
3 3 3 3 0 0 3 3 3 
0 0 3 3 3 3 3 3 3 
3 3 3 0 3 3 3 3 3 
3 3 3 3 3 3 0 0 0 
0 0 0 0 0 0 0 0 0 
0 3 3 3 3 0 3 3 3 
0 0 0 0 0 3 3 3 3 
3 3 3 3 3 3 0 0 0 
0 3 3 3 3 3 3 0 3 
3 0 3 3 3 3 0 0 0 
0 0 0 0 0 0 0 3 3 
3 3 3 3 3 3 0 3 3 
3 0 0 3 3 3 3 3 3 
3 3 3 3 3 0 3 3 3 
3 0 3 3 3 3 3 3 0 
0 0 0 0 0 0 0 0 0 
0 3 3 3 3 3 3 3 3 
3 3 3 3 3 3 0 3 3 
3 3 3 3 3 3 3 3 0 
0 0 0 3 3 3 3 3 0 
3 3 3 0 3 3 3 0 0 
0 0 0 3 3 3 0 0 3 
3 3 3 3 3 3 0 0 3 
3 3 3 3 3 3 3 3 3 
3 3 3 3 3 3 3 0 3 
3 3 3 0 3 3 3 3 3 
3 3 0 0 0 0 0 0 0 
0 0 3 3 3 3 3 3 3 
3 3 3 3 3 3 3 3 3 
3 3 3 3 3 3 3 3 0 
0 0 0 0 0 0 3 3 3 
0 0 3 3 3 0 3 3 0 
0 0 0 3 3 3 3 3 3 
3 3 0 0 3 3 3 0 0 
3 3 3 3 3 3 0 3 3 
3 0 3 0 0 0 3 3 0 
0 0 3 3 3 3 3 3 3 
0 3 3 0 0 0 0 0 0 
0 0 0 0 0 0 3 3 3 
0 0 0 0 3 3 3 3 3 
3 0 3 3 3 3 3 3 0 
0 0 0 0 0 0 0 0 0 
0 0 0 0 3 3 3 0 3 
0 0 0 0 3 3 3 3 3 
3 3 3 0 0 0 3 3 0 
0 3 3 3 3 3 3 0 0 
3 3 3 0 0 0 0 3 3 
0 0 0 0 3 3 3 3 3 
3 0 0 0 0 0 0 0 0 
0 0 3 3 3 0 0 0 0 
0 0 0 0 0 3 3 3 3 
3 0 0 0 3 3 3 3 3 
3 0 0 0 0 0 0 0 0 
0 0 0 0 3 3 3 3 0 
0 0 0 0 3 3 3 3 3 
3 3 3 3 3 3 0 0 0 
0 0 3 3 3 3 3 3 3 
3 0 3 3 3 0 0 0 3 
3 0 0 0 0 3 3 3 3 
3 3 3 0 0 0 0 0 0 
0 0 0 3 3 3 3 3 0 
0 0 0 0 0 0 0 3 3 
3 0 0 3 3 3 3 3 3 
3 3 3 0 0 0 3 3 0 
3 3 0 0 3 3 3 3 3 
3 3 3 0 0 3 3 3 3 
3 3 3 3 3 3 3 3 3 
3 3 3 3 3 3 3 3 0 
3 3 3 0 3 3 3 0 0 
3 3 0 3 3 3 0 3 3 
3 3 3 3 0 0 0 0 0 
0 0 0 0 3 3 3 3 3 
0 0 0 3 3 3 3 3 3 
3 3 3 0 3 3 3 3 3 
3 3 3 3 0 0 0 3 3 
3 3 3 3 3 3 3 3 3 
3 3 3 3 0 0 3 3 3 
3 3 3 3 3 3 0 0 3 
3 3 3 3 3 3 3 3 3 
3 0 3 3 3 0 3 3 3 
0 3 3 0 3 3 3 3 3 
0 3 3 3 3 0 0 0 0 
0 0 0 0 0 3 3 3 0 
0 0 0 0 3 3 3 3 3 
3 3 3 3 3 0 0 3 3 
3 3 3 3 3 0 0 0 0 
3 3 3 3 3 3 3 3 3 
3 3 3 3 0 0 0 3 3 
3 0 0 3 3 3 3 0 0 
0 0 0 0 3 3 3 3 3 
3 0 0 0 3 3 3 3 3 
3 3 3 3 0 0 0 3 3 
3 0 0 3 3 3 0 0 0 
0 0 0 0 0 0 0 3 3 
0 0 0 0 0 3 3 3 3 
3 3 3 3 3 3 3 0 0 
0 3 3 3 3 3 0 0 0 
0 3 3 3 3 3 3 3 3 
3 3 3 3 3 0 0 3 0 
3 3 3 0 0 3 3 3 3 
3 3 0 0 0 3 3 3 3 
3 3 0 0 0 0 0 0 3 
3 3 3 3 3 3 3 0 0 
3 3 3 0 3 3 3 0 0 
0 0 0 0 0 0 0 0 0 
3 3 0 3 3 3 3 3 3 
3 3 3 3 3 3 3 3 3 
0 0 3 3 3 3 3 3 0 
3 3 3 3 3 3 3 3 3 
3 3 3 3 3 3 3 3 3 
3 3 3 3 3 3 3 3 3 
0 3 3 3 0 0 3 3 0 
3 3 3 3 3 3 3 0 0 
3 3 3 3 3 3 3 3 3 
3 0 3 3 3 0 3 3 3 
0 0 0 0 0 0 0 0 0 
0 3 3 0 3 3 3 3 3 
3 3 3 3 3 3 3 3 3 
3 0 0 3 3 0 3 3 3 
3 3 3 3 3 3 3 3 3 
3 3 3 3 3 3 3 3 3 
3 3 3 3 3 3 3 3 3 
3 3 3 3 3 3 0 3 3 
0 0 3 3 3 3 3 3 3 
3 3 3 0 0 3 3 3 3 
3 3 3 3 3 3 3 0 3 
3 3 0 0 0 0 0 0 0 
0 0 0 0 0 0 0 3 3 
3 3 3 3 3 3 3 3 3 
3 3 0 0 3 3 0 0 0 
0 3 3 0 0 3 3 3 0 
3 3 3 3 0 3 3 3 3 
3 3 0 3 3 3 3 3 3 
3 3 3 3 3 3 3 3 3 
3 0 0 3 3 3 0 0 3 
3 3 3 3 0 0 0 0 3 
3 3 3 3 3 3 3 3 3 
0 3 0 0 0 0 0 0 0 
0 0 3 3 0 0 3 3 0 
0 0 3 3 3 3 3 3 3 
3 3 3 3 3 3 3 3 0 
0 0 3 3 0 0 3 3 0 
0 0 0 3 3 3 3 3 3 
3 3 3 0 0 0 3 3 3 
3 3 3 3 3 3 3 3 3 
3 3 0 0 3 3 0 0 0 
0 3 3 3 3 0 0 0 0 
0 0 3 3 0 3 3 3 3 
3 3 0 0 0 0 0 0 0 
0 0 0 3 3 3 3 3 3 
3 3 0 3 3 0 3 3 3 
3 3 3 3 3 3 3 3 3 
3 3 3 3 3 3 3 3 3 
3 3 3 0 3 3 3 3 3 
3 3 3 3 3 0 0 3 3 
0 3 3 3 3 3 3 3 3 
3 3 3 0 0 3 3 0 0 
0 3 0 3 3 3 3 3 3 
3 0 0 3 3 0 0 3 3 
0 3 3 3 0 0 0 0 0 
0 0 0 0 0 3 3 3 3 
3 3 3 3 3 3 0 0 3 
3 3 3 3 3 3 3 3 3 
3 0 3 3 3 3 3 3 3 
3 3 3 3 3 3 3 0 0 
3 3 3 0 3 3 0 0 3 
3 0 0 0 3 3 3 3 3 
0 0 3 0 0 0 3 3 0 
0 3 3 3 0 3 3 3 3 
3 3 3 3 3 3 3 0 0 
3 3 0 3 3 3 0 0 0 
0 0 0 0 0 0 0 3 3 
3 3 0 0 0 3 3 0 0 
3 3 3 3 0 0 3 3 3 
0 0 0 0 3 3 3 3 3 
3 3 3 0 0 3 3 3 0 
0 0 0 0 0 0 3 3 0 
3 3 0 0 0 0 3 3 3 
0 0 0 0 0 0 0 3 3 
0 0 0 3 3 3 3 3 3 
3 3 3 3 3 3 3 3 3 
0 3 3 0 0 3 0 0 0 
0 0 0 0 0 0 0 0 0 
0 3 3 0 0 0 3 3 0 
3 3 3 3 3 3 0 0 3 
3 0 0 0 0 0 3 3 3 
3 3 3 3 3 3 3 3 3 
3 0 0 0 0 0 0 3 3 
3 3 3 3 3 0 0 3 3 
3 0 0 0 0 0 3 3 3 
3 0 0 3 3 3 3 3 3 
3 3 3 3 3 3 3 3 3 
3 3 0 0 0 0 0 0 0 
0 0 0 0 0 0 0 0 3 
3 0 0 3 3 0 3 3 3 
0 3 3 3 3 3 3 3 0 
0 3 3 0 3 3 3 0 3 
3 3 0 3 3 3 3 3 3 
3 3 3 3 3 3 3 3 3 
3 3 3 3 3 3 3 3 0 
3 3 0 0 3 3 3 3 3 
3 3 3 3 3 3 3 3 3 
3 3 3 3 3 3 3 3 0 
0 3 3 3 0 0 3 3 0 
0 0 0 0 0 0 0 0 0 
3 3 3 3 3 3 3 0 3 
3 3 0 3 3 3 3 3 0 
0 0 3 3 0 3 3 3 3 
3 3 3 0 0 0 0 0 0 
3 3 3 3 3 3 3 3 3 
3 3 3 3 3 0 3 3 3 
0 0 3 3 0 0 3 3 3 
3 3 3 3 3 3 3 3 3 
3 3 3 3 3 0 0 3 3 
0 0 0 3 3 0 0 3 3 
3 0 0 0 0 0 0 0 0 
0 0 0 3 3 3 3 0 0 
0 3 3 3 0 0 3 3 0 
0 0 0 0 0 0 0 0 0 
3 3 3 3 3 0 0 0 0 
0 0 0 0 0 0 0 3 3 
0 0 3 3 3 0 0 0 0 
0 0 0 3 3 0 0 0 0 
3 3 3 0 0 0 0 3 3 
3 0 0 3 3 3 0 0 0 
0 0 0 0 0 0 0 0 0 
3 3 3 0 0 0 0 0 0 
0 0 0 0 0 0 3 0 0 
0 0 0 3 3 0 0 0 0 
0 0 0 0 0 0 0 0 0 
0 0 0 0 3 3 0 0 0 
0 0 0 0 0 0 0 0 0 
0 0 0 0 0 0 0 0 0 
0 0 0 0 0 0 0 0 0 
0 0 0 0 0 0 0 0 0 
3 0 0 0 0 0 0 0 0 
0 0 0 0 0 0 0 0 0 
0 0 3 3 0 0 0 0 0 
0 0 0 0 0 0 0 0 0 
0 0 0 0 0 0 0 0 0 
0 0 0 0 0 0 0 0 0 
0 0 0 0 0 0 0 0 0 
0 0 0 0 0 0 0 0 0 
0 0 0 0 0 0 0 0 0 
0 0 0 0 0 0 0 0 0 
0 0 0 0 0 0 0 0 0 
0 0 0 0 0 0 0 0 0 
0 0 0 0 0 0 0 0 0 
0 0 0 0 0 0 0 0 0 
0 0 0 0 0 0 0 0 0 
0 0 0 0 0 0 0 0 0 
0 0 0 0 0 0 0 0 0 
0 0 0 0 0 0 0 0 0 
0 0 0 0 0 0 0 0 0 
0 0 0 0 0 0 0 0 0 
0 0 0 0 0 0 0 0 0 
0 0 0 0 0 0 0 0 0 
0 0 0 0 0 0 0 0 0 
0 0 0 0 0 0 0 0 0 
0 0 0 0 0 0 0 0 0 
0 0 0 0 0 0 0 0 0 
0 0 0 0 0 0 0 0 0 
0 0 0 0 0 0 0 0 0 
0 0 0 0 0 0 0 0 0 
0 0 0 0 0 0 0 0 0 
0 0 0 0 0 0 0 0 0 
0 0 0 0 0 0 0 0 0 
0 0 0 0 0 0 0 0 0 
0 0 0 0 0 0 0 0 0 
0 0 0 0 0 0 0 0 0 
0 0 0 0 0 0 0 0 0 
0 
CellId 1 10000 long
0 0 0 0 0 0 0 0 0 
0 0 0 0 0 0 0 0 0 
0 0 0 0 0 0 0 0 0 
0 0 0 0 0 0 0 0 0 
0 0 0 0 0 0 0 0 0 
0 0 0 0 0 0 0 0 0 
0 0 0 0 0 0 0 0 0 
0 0 0 0 0 0 0 0 0 
0 0 0 0 0 0 0 0 0 
0 0 0 0 0 0 0 0 0 
0 0 0 0 0 0 0 0 0 
0 0 0 0 0 0 0 0 0 
0 0 0 0 0 0 0 0 0 
0 0 0 0 0 0 0 0 0 
0 0 0 0 0 0 0 0 0 
0 0 0 0 0 0 0 0 0 
0 0 0 0 0 0 0 0 0 
0 0 0 0 0 0 0 0 0 
0 0 0 0 0 0 0 0 0 
0 0 0 0 0 0 0 0 0 
0 0 0 0 0 0 0 0 0 
0 0 0 0 0 0 0 0 0 
0 0 0 0 0 0 0 0 0 
0 0 0 0 0 0 0 0 0 
0 0 0 0 0 0 0 0 0 
0 0 0 0 0 0 0 0 0 
0 0 0 0 0 0 0 0 0 
0 0 0 0 0 0 0 0 0 
0 0 0 0 0 0 0 0 0 
0 0 0 0 0 0 0 0 0 
0 0 0 0 0 0 0 0 0 
0 0 0 0 0 0 0 0 0 
0 0 0 0 0 0 0 0 0 
0 0 0 0 0 0 0 0 0 
24 0 0 0 0 0 0 0 0 
0 0 0 0 0 0 0 0 0 
0 0 0 0 0 0 0 0 0 
0 0 0 0 0 0 0 0 0 
0 0 0 0 0 0 0 0 0 
277 277 0 0 0 0 0 0 0 
0 0 0 0 0 0 0 0 0 
0 0 0 0 0 0 0 0 0 
0 0 0 0 461 461 0 0 0 
0 0 0 0 0 0 0 0 0 
0 0 0 0 0 0 0 0 0 
24 24 24 24 0 0 0 0 0 
0 70 0 0 0 0 0 0 116 
116 116 0 0 0 0 0 0 0 
0 0 0 0 0 0 0 0 0 
0 0 0 0 0 0 0 0 0 
0 277 277 277 0 0 0 0 0 
0 0 0 0 0 0 0 0 0 
369 369 0 0 392 392 0 0 0 
415 415 438 438 438 461 461 461 461 
0 0 0 484 484 507 507 0 0 
0 0 0 0 0 0 0 0 0 
0 1 24 24 24 24 0 0 0 
0 70 70 70 70 70 0 0 93 
93 116 116 116 116 116 0 0 0 
0 0 162 162 185 185 185 185 0 
0 208 208 0 0 0 0 0 254 
254 254 0 277 277 277 0 0 300 
300 0 323 323 323 0 0 346 346 
369 369 369 369 369 392 392 392 392 
0 415 415 438 438 438 438 438 461 
461 461 0 0 484 484 507 507 507 
507 0 0 0 0 0 0 0 0 
0 0 1 1 1 24 24 0 0 
0 47 47 47 70 70 70 70 94 
94 93 93 93 116 116 116 0 0 
0 0 0 162 162 162 162 162 185 
185 185 208 208 208 0 0 231 231 
231 254 254 254 254 277 277 0 0 
300 300 300 300 323 323 323 0 346 
346 346 346 369 369 369 369 0 392 
392 392 415 415 0 0 438 438 438 
462 461 461 0 0 484 484 0 0 
507 507 507 0 0 0 0 0 0 
0 0 0 0 1 1 1 1 0 
0 0 48 47 47 47 0 0 70 
94 94 94 93 93 93 140 140 140 
0 0 0 139 0 0 162 162 162 
162 185 185 185 208 208 0 0 231 
231 231 231 231 254 254 254 277 0 
0 0 0 300 300 300 323 323 323 
0 0 346 346 346 346 0 0 0 
0 392 392 415 415 0 0 0 0 
462 462 462 485 0 0 484 484 508 
508 0 0 507 0 0 0 0 0 
0 0 0 0 0 0 25 1 1 
1 0 0 48 48 47 47 47 0 
0 0 94 94 117 117 117 93 140 
140 140 0 139 139 139 139 139 186 
186 209 209 209 185 208 208 208 0 
0 255 255 231 231 278 278 301 301 
301 301 0 0 0 324 324 300 323 
323 0 0 0 0 346 0 0 0 
0 0 416 416 415 415 0 0 439 
0 0 462 462 485 485 485 484 484 
508 508 508 0 0 0 0 0 0 
0 0 0 0 0 0 0 25 25 
25 25 0 0 48 48 0 47 47 
0 0 0 94 94 94 117 117 117 
93 140 140 140 163 163 139 139 139 
139 186 186 209 209 209 209 209 232 
232 232 255 255 255 255 278 278 278 
278 301 301 301 301 301 324 324 324 
347 347 347 0 0 370 370 0 0 
0 0 393 416 416 416 416 0 439 
439 439 0 462 462 462 485 485 485 
485 509 508 508 508 0 0 0 0 
0 0 0 0 0 0 2 2 2 
2 25 25 25 25 48 48 0 0 
0 71 71 71 71 94 94 0 117 
117 117 93 140 140 0 163 163 163 
163 139 186 186 186 186 209 209 209 
232 232 232 232 0 255 255 255 255 
278 278 278 278 301 301 0 0 324 
324 324 347 347 347 347 370 370 370 
370 370 393 393 393 0 416 416 416 
0 439 439 439 0 462 462 0 0 
485 485 509 509 508 508 0 0 0 
0 0 0 0 0 0 3 3 2 
2 2 2 2 25 25 48 48 0 
0 95 95 71 71 71 71 71 118 
0 117 117 141 0 0 0 0 163 
163 163 163 0 210 210 210 186 233 
233 233 0 232 232 232 232 279 255 
255 0 0 278 0 0 0 0 0 
0 324 324 324 0 347 347 347 347 
370 370 370 370 393 393 393 0 416 
416 440 0 439 439 439 0 0 0 
0 0 0 509 509 0 0 0 0 
0 0 0 0 0 0 0 3 3 
26 26 26 2 2 49 49 49 48 
72 72 95 95 95 95 0 71 71 
118 118 0 141 141 141 0 0 0 
0 187 163 187 187 0 210 210 210 
186 233 233 233 0 256 256 256 279 
279 279 0 0 0 0 0 0 0 
0 0 0 324 348 0 0 371 371 
347 418 394 394 394 370 393 393 393 
0 440 440 440 0 439 0 0 0 
0 486 486 0 0 509 509 0 0 
0 0 0 0 0 0 0 0 0 
3 3 26 26 0 0 26 49 49 
49 49 72 72 72 95 95 95 95 
0 118 118 118 0 141 141 141 0 
0 164 164 187 187 187 187 187 210 
210 210 186 233 233 233 0 256 256 
256 279 279 279 0 0 302 302 302 
0 0 325 325 348 348 348 0 371 
371 371 371 418 394 394 394 0 393 
417 417 0 440 440 440 0 0 0 
0 463 486 486 486 486 509 509 509 
0 0 0 0 0 0 0 0 0 
0 3 3 3 0 0 0 26 26 
26 49 49 49 72 72 72 72 95 
0 0 0 118 118 118 0 141 141 
141 0 164 164 164 0 187 187 187 
187 210 210 0 0 233 233 0 0 
256 256 256 279 279 279 0 302 302 
302 302 302 325 325 325 325 348 348 
348 371 371 371 418 418 394 394 394 
0 417 417 417 417 440 440 440 0 
0 0 463 463 486 486 486 486 509 
0 0 0 0 0 0 0 0 0 
0 0 4 3 3 0 0 0 0 
26 26 0 0 0 0 0 72 72 
0 0 0 0 0 118 142 118 0 
141 0 0 0 164 164 164 0 0 
0 0 211 211 0 0 0 0 0 
0 0 256 256 303 303 303 279 0 
0 0 302 302 326 326 325 325 325 
348 348 348 395 371 371 418 418 394 
394 0 0 0 417 417 417 440 0 
0 0 464 463 463 463 463 486 510 
510 0 0 0 0 0 0 0 0 
0 0 4 4 4 27 27 0 0 
0 50 50 0 0 0 0 0 0 
96 96 0 0 0 119 142 142 142 
142 0 0 0 0 188 164 164 164 
0 0 0 211 211 0 0 0 0 
0 0 0 280 280 280 303 303 303 
303 0 0 0 0 326 326 349 349 
325 325 348 348 395 395 395 395 418 
418 418 0 0 0 0 417 417 0 
0 0 464 464 487 487 463 463 463 
510 510 510 0 0 0 0 0 0 
0 0 0 0 4 4 27 27 27 
27 27 50 50 50 0 0 0 0 
0 96 96 96 0 0 119 119 119 
142 142 142 0 165 165 165 188 188 
188 188 0 0 211 211 0 234 234 
234 0 257 257 257 280 280 280 303 
303 303 0 0 0 0 326 326 349 
349 349 349 372 372 372 395 395 395 
395 418 418 0 0 0 0 441 441 
441 0 0 464 464 487 487 487 487 
487 463 510 510 0 0 0 0 0 
0 0 0 0 0 4 4 4 0 
27 27 27 27 50 50 50 50 73 
73 0 0 96 96 96 0 0 119 
119 119 142 142 142 165 165 165 165 
165 188 188 188 188 211 211 258 258 
234 234 234 234 257 257 257 280 280 
280 280 0 0 0 0 0 326 326 
0 0 349 349 349 372 372 372 372 
395 395 0 0 0 0 0 0 441 
441 441 441 441 464 464 488 488 487 
487 487 487 510 510 510 0 0 0 
0 0 0 0 0 0 5 4 4 
0 0 0 0 0 0 74 74 50 
73 73 73 0 0 96 96 0 0 
0 143 143 119 119 119 119 0 0 
165 165 165 0 188 188 211 211 258 
258 258 258 234 234 234 257 257 257 
257 280 0 0 0 0 0 0 326 
326 0 0 373 349 349 396 396 372 
372 372 0 0 0 0 0 0 0 
0 0 441 441 441 464 464 488 488 
488 0 511 511 487 510 0 0 0 
0 0 0 0 0 0 0 5 5 
28 28 0 0 0 0 0 74 74 
74 50 73 73 0 0 120 96 0 
0 0 143 143 143 166 166 166 0 
0 0 189 189 0 0 0 212 212 
235 235 235 258 258 258 234 0 0 
0 257 0 0 0 0 304 327 327 
327 326 350 350 350 373 373 396 396 
396 396 396 0 0 0 0 0 0 
0 442 0 465 465 465 464 464 489 
488 488 0 511 511 511 0 0 0 
0 0 0 0 0 0 0 0 5 
5 28 28 28 28 0 51 51 51 
74 74 74 74 73 73 97 97 120 
120 120 0 0 143 143 166 166 166 
166 166 166 189 189 189 0 0 212 
212 0 235 235 235 258 258 0 0 
0 0 281 281 0 0 304 304 327 
327 327 327 327 350 350 350 373 373 
373 396 396 396 0 0 0 0 0 
419 442 442 442 442 465 465 465 465 
465 488 488 488 0 511 511 0 0 
0 0 0 0 0 0 0 0 0 
5 5 29 52 28 28 28 51 51 
51 51 51 74 74 73 73 97 97 
97 120 120 120 120 143 143 143 0 
0 166 166 166 190 189 189 189 0 
212 212 0 0 235 235 235 0 0 
0 0 0 281 281 281 281 281 304 
304 0 0 327 327 327 350 350 350 
373 373 373 373 0 0 0 0 0 
419 419 419 419 442 442 442 442 465 
465 465 489 488 488 0 0 511 511 
0 0 0 0 0 0 0 0 0 
0 5 5 29 29 52 52 52 52 
28 28 51 51 51 0 0 0 0 
97 97 97 144 120 120 120 143 167 
0 0 0 0 0 190 190 189 189 
189 212 212 0 0 0 235 235 259 
0 0 0 0 0 0 281 281 281 
304 304 304 0 0 0 351 374 350 
350 350 0 373 0 0 0 0 0 
0 443 443 419 419 419 419 442 442 
0 0 0 489 489 512 512 0 511 
511 0 0 0 0 0 0 0 0 
0 0 5 5 29 29 29 52 52 
52 52 0 0 0 0 0 0 0 
0 0 97 97 97 144 144 144 167 
167 167 167 0 0 0 0 190 190 
189 213 212 212 0 0 0 0 259 
259 259 0 0 282 0 0 0 0 
305 305 304 304 0 0 0 351 351 
374 374 374 374 0 0 0 0 0 
0 0 0 443 443 443 419 419 466 
466 0 0 0 489 489 489 512 512 
512 0 0 0 0 0 0 0 0 
0 0 0 6 6 0 29 29 29 
0 52 52 0 0 0 75 0 0 
0 0 0 0 121 121 121 144 144 
144 0 167 167 167 167 0 0 190 
190 190 213 213 213 213 236 236 236 
0 259 259 259 282 282 282 282 282 
0 305 305 304 328 328 328 0 351 
351 351 374 374 374 374 0 0 0 
0 0 0 420 0 443 443 443 443 
466 466 466 466 0 0 489 489 512 
512 512 512 0 0 0 0 0 0 
0 0 0 0 6 6 6 6 29 
29 0 0 0 0 0 75 75 75 
75 0 0 98 98 98 121 121 121 
144 144 144 0 0 167 167 0 0 
0 190 190 0 213 213 213 213 236 
236 236 236 259 259 259 0 282 282 
282 282 305 305 0 328 328 328 328 
328 351 351 351 0 374 374 0 0 
0 0 0 420 420 420 420 420 443 
443 0 0 466 466 466 466 489 489 
0 0 512 512 0 0 0 0 0 
0 0 0 0 0 0 0 6 6 
6 6 0 0 0 53 76 76 75 
75 75 75 0 98 98 98 98 98 
121 121 121 144 0 0 0 0 0 
0 0 0 190 214 0 0 0 213 
213 260 236 236 236 259 0 0 0 
306 306 282 305 305 0 0 329 329 
328 328 328 351 351 375 0 0 0 
0 0 397 397 421 444 420 420 420 
420 0 0 0 0 0 466 466 490 
490 0 0 0 0 0 0 0 0 
0 0 0 0 0 0 0 0 0 
0 6 30 0 0 53 53 76 76 
76 0 75 75 99 122 122 122 98 
98 145 145 121 121 168 168 168 0 
0 0 0 0 214 214 214 0 237 
237 260 260 260 260 236 0 0 0 
0 306 306 306 305 305 0 0 329 
329 352 352 0 0 375 375 375 0 
0 398 398 397 397 397 421 444 444 
444 420 0 0 0 0 0 0 0 
490 490 513 513 0 0 0 0 0 
0 0 0 0 0 0 7 7 7 
0 0 30 30 0 0 53 53 77 
76 76 76 76 99 99 122 122 122 
122 122 145 145 145 145 169 168 168 
168 0 0 191 191 0 214 214 214 
237 237 237 237 260 260 260 260 0 
283 283 283 306 306 305 307 0 0 
329 329 352 352 352 352 0 375 375 
375 0 398 398 398 397 397 421 421 
444 444 444 444 467 467 467 467 0 
0 490 490 513 513 513 513 513 0 
0 0 0 0 0 0 0 7 7 
7 7 7 30 30 0 0 53 53 
77 77 100 76 76 99 99 99 123 
0 122 122 122 0 145 145 145 169 
168 168 168 0 191 191 191 191 214 
214 214 261 237 237 237 237 260 260 
0 283 283 283 283 283 307 307 306 
306 329 329 0 0 352 352 352 0 
375 375 375 0 398 398 398 397 421 
421 421 0 444 444 444 467 467 467 
467 467 490 490 0 0 513 513 513 
0 0 0 0 0 0 0 0 0 
31 31 7 7 30 30 0 0 53 
53 77 77 77 100 100 76 99 99 
123 123 0 0 0 0 0 145 145 
169 169 168 168 0 192 192 191 191 
191 214 214 261 261 261 261 237 237 
0 0 0 0 283 283 283 307 307 
306 306 329 329 0 0 0 352 352 
0 0 375 0 0 0 398 398 397 
397 421 421 421 0 0 0 0 0 
0 467 467 490 490 0 0 0 0 
0 0 0 0 0 0 0 0 0 
0 0 31 31 31 30 30 0 0 
53 53 0 77 77 100 100 100 100 
99 123 123 123 0 0 0 0 170 
170 169 169 169 0 0 192 192 215 
215 191 191 238 238 261 261 261 261 
261 0 285 285 0 0 0 0 307 
307 330 306 329 0 0 0 0 0 
0 0 0 0 0 0 0 0 398 
422 422 397 421 468 468 468 468 0 
0 0 0 0 0 0 0 0 0 
0 0 0 0 0 0 0 0 0 
0 0 0 0 31 31 30 30 31 
31 54 54 0 77 77 77 100 100 
100 99 99 123 123 123 0 0 146 
146 170 170 169 169 0 0 192 192 
215 215 215 215 238 238 238 238 261 
261 551 551 285 285 284 284 284 0 
307 307 330 330 330 0 0 0 353 
0 0 376 376 376 0 0 0 0 
0 422 422 422 445 445 468 468 468 
468 468 0 0 0 0 0 0 0 
0 514 0 0 0 0 0 0 0 
0 0 0 0 0 8 8 8 8 
31 31 54 54 54 54 54 101 101 
0 100 0 0 0 123 123 0 0 
146 146 146 170 169 193 193 0 192 
192 239 239 215 215 215 215 238 238 
238 238 551 551 551 285 285 284 284 
284 307 307 330 330 330 330 0 0 
353 353 353 353 376 376 376 0 0 
399 399 399 422 422 422 445 445 445 
445 468 468 0 0 0 0 491 491 
0 515 514 514 0 0 0 0 0 
0 0 0 0 0 0 0 8 8 
8 8 8 0 0 54 54 54 101 
101 101 0 0 0 0 0 0 0 
0 0 146 146 146 170 193 193 193 
192 192 239 239 239 239 239 215 262 
262 238 238 551 551 551 285 285 285 
284 284 284 331 331 354 330 330 330 
0 0 353 353 353 353 376 376 376 
0 399 399 399 399 399 422 422 446 
445 445 445 445 0 0 0 0 491 
491 0 515 514 514 514 0 0 0 
0 0 0 0 0 0 0 0 32 
32 55 55 8 8 0 0 78 78 
54 101 101 101 0 0 0 0 0 
147 147 147 0 146 146 170 170 193 
193 193 192 216 216 239 239 239 239 
262 262 262 262 262 551 587 587 285 
285 558 284 284 331 331 331 331 354 
354 354 0 0 0 0 353 400 400 
376 376 0 0 0 399 399 399 422 
446 446 469 469 469 445 0 492 492 
491 491 491 515 515 514 514 0 0 
0 0 0 0 0 0 9 9 0 
32 32 32 55 55 55 0 0 78 
78 78 0 101 101 101 0 0 124 
124 124 147 147 147 147 147 170 170 
0 193 193 193 216 216 216 216 216 
216 537 537 262 262 262 587 587 587 
587 558 558 558 558 308 308 331 331 
331 354 354 354 354 377 377 377 400 
400 400 400 400 0 0 423 423 0 
0 446 446 0 469 469 469 469 492 
492 492 491 491 515 515 514 514 0 
0 0 0 0 0 0 0 0 9 
9 0 32 32 32 55 55 55 0 
0 78 78 78 0 101 125 125 171 
124 124 124 124 124 147 147 579 579 
579 579 579 0 0 0 934 934 216 
216 216 537 537 537 537 587 587 587 
587 587 937 937 558 558 308 308 308 
308 331 331 572 354 354 377 377 377 
377 377 400 400 400 0 0 423 423 
0 0 446 446 0 0 0 469 469 
469 492 492 492 491 515 515 0 0 
0 0 0 0 0 0 0 0 0 
9 9 9 33 33 32 32 55 55 
0 0 0 78 78 78 102 125 125 
125 171 171 171 171 124 124 579 579 
579 579 579 579 579 934 934 934 934 
934 530 904 904 537 537 587 587 587 
587 587 937 937 937 937 558 565 565 
308 308 308 572 572 572 572 354 0 
0 377 377 377 0 0 0 0 0 
423 423 0 446 446 0 0 0 0 
0 0 0 492 492 492 515 515 0 
0 0 0 0 0 0 0 0 10 
10 0 9 9 33 33 56 32 32 
0 0 79 79 0 0 0 102 102 
125 125 125 171 171 171 171 171 579 
579 579 579 579 579 194 934 934 934 
934 934 530 904 904 904 904 587 587 
587 587 937 937 937 937 937 855 855 
565 565 308 308 573 572 572 572 378 
378 0 401 401 401 0 0 0 0 
0 423 423 423 446 446 470 470 0 
0 0 0 0 0 0 0 516 516 
0 0 0 0 0 0 0 0 0 
10 10 10 10 9 33 33 56 56 
56 56 0 79 79 79 0 0 102 
102 0 125 125 148 148 148 148 171 
579 579 579 579 579 579 194 194 934 
934 934 934 530 904 904 904 904 904 
587 587 587 937 937 937 937 855 855 
855 565 565 565 573 573 573 355 355 
378 378 378 378 401 401 401 401 424 
424 424 424 423 423 447 447 470 470 
470 470 493 493 493 493 0 0 516 
516 0 0 0 0 0 0 0 0 
0 0 0 10 10 10 33 33 0 
56 56 56 56 56 79 79 0 0 
102 102 126 0 125 149 149 148 148 
148 148 531 531 531 531 531 194 194 
934 934 934 580 530 530 904 904 904 
904 583 583 583 937 937 937 855 855 
855 855 591 591 591 591 573 573 355 
355 355 355 378 378 402 378 401 401 
401 424 424 424 424 424 447 447 0 
0 470 470 470 493 493 493 493 493 
516 516 0 0 0 0 0 0 0 
0 0 0 0 0 10 10 33 33 
0 0 80 80 56 56 56 79 79 
0 102 102 126 126 0 149 149 149 
148 148 172 195 195 195 531 531 194 
194 934 934 580 580 580 530 904 904 
904 904 583 583 583 583 583 855 855 
855 855 591 591 591 591 591 591 573 
332 332 355 355 355 355 402 402 378 
401 425 425 448 448 424 424 447 447 
0 0 0 494 470 517 517 517 493 
493 516 516 0 0 0 0 0 0 
0 0 0 11 11 0 0 0 34 
34 57 0 80 80 80 80 0 79 
79 0 102 102 126 126 126 0 149 
149 149 172 172 172 195 195 195 195 
194 194 544 580 580 580 580 580 530 
904 904 904 583 583 583 583 583 855 
855 855 855 591 591 591 591 591 591 
573 332 332 332 332 332 355 402 402 
402 378 425 425 425 448 448 448 447 
447 471 471 471 494 494 494 517 517 
517 517 516 516 0 0 0 0 0 
0 0 0 0 11 11 11 0 0 
34 34 57 57 57 57 80 80 80 
0 103 103 103 103 0 126 126 126 
173 149 149 149 172 172 172 172 195 
195 194 864 864 544 580 580 580 580 
530 584 584 584 584 583 583 588 588 
855 855 855 1378 591 591 591 591 591 
591 333 356 356 332 332 332 379 379 
402 402 402 0 425 425 425 448 448 
447 447 471 471 471 471 471 494 494 
494 517 517 517 516 0 0 0 0 
0 0 0 0 0 0 11 11 0 
0 34 34 0 57 57 57 57 80 
80 0 0 103 103 103 103 103 126 
126 173 173 196 196 196 196 172 172 
532 532 864 864 864 864 544 580 580 
580 544 584 584 584 584 584 588 588 
588 588 588 1378 1378 1378 591 591 591 
591 574 333 333 333 333 356 356 379 
379 379 379 402 402 0 0 425 425 
425 447 447 448 448 471 471 471 0 
494 494 494 494 517 0 0 0 0 
0 0 0 0 0 0 0 0 11 
11 0 34 34 0 0 0 0 57 
57 0 0 0 0 127 127 103 103 
150 150 150 173 173 196 196 196 196 
532 532 532 864 864 864 864 864 580 
580 580 544 584 584 584 584 584 588 
588 588 588 588 1378 1378 1378 592 592 
592 592 574 574 333 333 333 333 356 
356 403 379 379 379 0 0 0 0 
0 0 449 449 472 472 448 448 0 
0 0 518 518 494 0 0 0 0 
0 0 0 0 0 0 0 0 0 
11 11 35 34 34 0 0 0 0 
81 81 81 0 0 0 0 127 127 
127 127 150 150 150 173 173 173 196 
174 174 532 532 864 864 864 864 864 
544 580 585 585 584 584 584 584 584 
588 588 588 588 1378 1378 1378 1378 592 
592 592 592 574 574 574 357 380 333 
356 356 356 403 379 379 0 0 0 
0 0 0 449 449 472 472 472 0 
0 0 495 518 518 518 518 0 0 
0 0 0 0 0 0 0 0 0 
12 12 35 35 35 35 0 0 0 
58 81 81 81 81 81 0 0 104 
104 127 127 127 150 150 150 197 173 
173 174 174 581 581 864 864 864 864 
864 864 544 585 585 544 584 584 584 
584 588 588 588 588 1378 1378 1378 592 
592 592 592 592 574 574 357 357 357 
380 380 380 356 403 403 403 0 0 
426 426 0 0 449 449 0 472 472 
0 0 0 495 495 495 518 518 518 
0 0 0 0 0 0 0 0 0 
0 12 12 12 12 35 35 35 35 
58 58 58 58 81 81 81 0 0 
104 104 104 104 127 127 150 197 197 
197 197 173 581 581 581 581 1535 1535 
864 864 864 534 585 585 585 544 584 
584 584 588 588 588 593 593 593 593 
593 593 592 592 575 334 334 334 357 
357 357 380 380 380 380 403 403 403 
0 426 426 426 0 449 449 0 0 
472 472 0 0 0 495 495 495 518 
518 0 0 0 0 0 0 0 0 
13 13 36 36 12 12 12 0 35 
35 59 58 58 58 58 58 0 0 
0 0 104 104 104 151 151 151 533 
533 197 197 197 581 581 581 581 1535 
1535 1535 873 873 534 585 585 585 585 
584 584 589 589 589 593 593 593 593 
593 593 593 592 575 575 575 334 334 
334 381 357 357 357 380 380 404 403 
403 450 450 426 426 426 449 449 0 
0 472 472 0 0 0 519 519 495 
495 0 0 0 0 0 0 0 0 
0 13 13 13 36 36 36 12 12 
0 0 59 59 0 0 58 58 0 
0 0 128 128 128 0 104 151 151 
151 533 533 533 197 581 581 581 1535 
1535 1535 1535 873 873 534 585 585 585 
585 534 589 589 589 589 593 593 593 
593 593 593 593 575 575 833 833 833 
334 334 334 381 381 381 381 357 404 
404 427 427 450 450 426 426 426 449 
0 0 473 0 0 0 0 519 519 
519 495 495 0 0 0 0 0 0 
0 0 0 13 13 13 36 36 36 
36 0 0 59 59 82 82 82 105 
105 105 105 128 128 128 128 128 128 
151 151 151 533 533 174 581 581 1535 
1535 1535 1535 873 873 873 534 585 585 
585 585 534 589 589 589 589 589 593 
593 593 593 593 575 833 833 833 833 
833 335 358 358 358 381 381 381 381 
404 404 427 427 427 427 450 450 450 
450 0 0 473 473 0 496 496 0 
519 519 519 519 0 0 0 0 0 
0 0 0 0 0 13 13 13 0 
36 36 0 0 59 59 82 82 82 
82 82 105 105 105 105 105 128 128 
128 0 151 175 175 533 174 174 535 
535 1535 1535 873 873 873 873 534 585 
585 585 585 534 589 589 589 589 589 
589 593 593 593 575 833 833 833 833 
833 833 335 335 358 358 358 358 381 
381 404 404 0 0 427 427 427 450 
450 450 0 0 473 473 473 496 496 
496 0 0 519 519 0 0 0 0 
0 0 0 0 0 0 0 0 0 
0 0 0 0 0 59 59 0 0 
0 82 82 82 0 105 105 105 129 
129 0 0 0 175 175 175 174 174 
535 535 535 873 873 873 873 873 534 
585 585 585 534 586 586 589 589 589 
589 589 576 576 576 576 833 833 833 
833 833 833 335 335 335 358 358 358 
405 405 404 404 0 0 0 427 427 
451 0 0 0 0 474 473 473 473 
496 496 0 0 0 0 0 0 0 
0 0 0 0 0 0 0 0 0 
0 0 0 0 0 60 59 59 0 
0 83 106 106 106 0 0 0 0 
129 129 0 0 0 0 175 175 175 
198 198 535 535 873 873 873 873 873 
582 582 582 582 586 586 586 586 589 
589 589 589 576 576 576 576 577 833 
833 833 833 833 359 335 335 335 382 
382 405 405 405 404 0 0 0 0 
0 451 451 0 0 0 474 474 473 
473 496 496 496 0 0 0 0 0 
0 0 0 0 0 0 0 0 0 
0 14 0 37 37 60 60 60 60 
0 83 83 83 106 106 106 106 0 
0 129 129 0 0 152 152 0 175 
198 198 198 198 198 1038 1038 1038 1038 
582 582 582 582 582 586 586 586 586 
586 1159 1159 590 590 594 594 594 577 
577 577 577 577 336 359 359 359 359 
382 382 0 405 405 405 405 428 428 
0 0 451 451 0 0 0 474 474 
497 497 497 497 496 0 520 520 0 
0 0 0 0 0 0 0 0 0 
0 14 14 14 37 37 37 37 60 
60 60 107 83 83 83 130 106 106 
106 106 129 129 176 0 152 152 152 
152 199 222 222 198 198 1038 1038 1038 
1038 582 582 582 582 582 586 586 586 
586 1159 1159 1159 590 590 594 594 594 
594 594 594 577 336 336 336 359 359 
359 382 382 0 0 0 405 405 428 
428 428 428 428 451 451 0 0 474 
474 0 0 497 497 497 497 520 520 
0 0 0 0 0 0 0 0 0 
0 0 0 14 14 14 14 37 37 
37 60 60 60 107 83 83 83 130 
130 130 106 129 129 176 176 176 152 
152 152 199 199 222 222 222 1038 1038 
1038 1038 582 582 582 582 909 909 586 
586 1159 1159 1159 1159 590 590 594 594 
594 594 594 594 594 578 336 336 336 
383 359 382 382 406 406 0 0 0 
0 0 428 428 428 451 451 451 0 
474 474 0 0 0 0 497 497 497 
520 520 0 0 0 0 0 0 0 
0 0 0 0 38 38 14 14 14 
37 37 84 84 84 107 107 83 107 
130 130 130 130 130 153 153 176 176 
176 176 152 199 199 199 222 222 222 
1038 1038 1038 1321 582 582 909 909 909 
909 557 1159 1159 1159 1159 590 590 594 
594 594 594 594 594 594 578 578 336 
336 336 383 382 382 406 406 406 0 
0 0 0 0 452 452 428 451 475 
475 474 474 498 498 498 0 521 521 
521 520 520 520 0 0 0 0 0 
0 0 0 0 15 38 38 38 38 
62 62 61 61 84 84 84 84 84 
107 107 107 107 130 130 153 153 153 
153 153 176 176 1298 199 199 199 222 
222 1038 1038 1038 1321 1321 1321 909 909 
909 909 557 557 1159 1159 1159 590 590 
590 594 594 594 594 594 594 578 578 
360 360 360 383 383 383 383 406 406 
406 0 0 429 429 452 452 452 452 
475 475 475 475 475 498 498 498 498 
521 521 521 520 520 0 0 0 0 
0 0 0 0 0 15 15 15 38 
38 38 62 61 61 61 0 84 84 
84 0 107 107 0 0 0 0 0 
153 153 153 153 536 1298 1298 1298 1298 
1298 1298 1298 1038 1321 1321 1321 1321 909 
909 909 909 557 557 557 1159 1159 590 
590 590 571 571 314 314 578 578 578 
337 337 360 360 360 360 383 383 383 
406 406 0 0 429 429 429 452 452 
452 452 452 475 475 475 475 0 498 
498 498 521 521 521 0 0 0 0 
0 0 0 0 0 0 0 15 15 
15 38 38 62 62 61 61 61 85 
85 0 0 0 0 0 0 0 0 
0 0 0 536 536 536 1298 1298 1298 
1298 1298 1298 1298 1321 1321 1321 1321 1321 
909 909 909 909 557 268 557 1159 1159 
590 590 590 571 571 314 314 314 314 
314 337 337 337 337 360 360 360 360 
383 407 430 406 0 0 429 429 429 
476 476 476 452 0 0 0 0 0 
0 0 498 522 521 521 0 0 0 
0 0 0 0 0 0 0 0 0 
39 39 15 15 62 62 62 61 61 
85 85 0 0 0 0 131 131 0 
0 0 0 0 536 536 536 1298 1298 
1298 1298 1298 1298 1298 1321 1321 1321 1321 
1321 909 909 909 909 268 268 564 564 
564 564 590 291 291 571 571 338 314 
314 314 361 361 337 337 337 337 0 
0 407 407 407 430 430 430 0 429 
429 476 476 476 476 476 0 0 0 
499 0 0 0 522 522 0 0 0 
0 0 0 0 0 0 0 16 16 
0 39 39 39 15 15 62 62 0 
61 85 85 0 0 108 108 131 131 
131 0 154 154 154 154 536 536 223 
223 1298 1298 1298 1298 1298 1590 1590 1590 
1590 848 848 909 909 909 268 268 564 
564 564 564 315 291 291 291 571 338 
338 338 361 361 361 361 361 337 384 
0 0 0 407 407 430 430 430 430 
430 453 453 453 476 476 476 0 0 
499 499 499 499 0 522 522 0 0 
0 0 0 0 0 0 0 0 16 
16 16 16 39 39 39 86 86 62 
0 0 85 85 0 0 108 108 108 
131 131 131 131 154 154 154 154 154 
177 177 223 223 223 223 1590 1590 1590 
1590 848 848 848 848 909 909 268 268 
543 292 292 292 315 315 291 291 291 
571 338 338 338 0 361 361 361 361 
384 384 384 384 407 407 407 0 0 
430 430 453 453 453 453 453 453 0 
0 0 499 499 499 499 522 522 0 
0 0 0 0 0 0 0 0 0 
17 17 16 16 16 39 39 86 86 
86 86 0 85 85 0 0 109 108 
108 108 108 131 131 178 178 0 154 
154 177 177 200 223 223 223 1590 1590 
1590 1590 848 848 848 848 550 550 268 
268 543 543 292 292 292 292 292 291 
291 315 315 338 338 338 0 0 0 
0 0 384 384 384 384 407 407 0 
0 454 454 0 0 0 453 453 0 
0 0 0 523 523 499 499 522 522 
0 0 0 0 0 0 0 0 0 
0 17 17 40 40 16 16 39 63 
63 86 86 86 85 0 0 0 109 
109 132 132 108 108 178 178 178 178 
178 178 177 177 200 200 200 200 223 
1590 1590 848 848 848 848 245 550 550 
269 269 543 543 293 293 292 292 292 
339 339 315 315 315 315 338 0 0 
0 0 0 0 0 0 384 384 431 
431 431 454 454 454 0 0 477 477 
0 0 0 0 0 523 523 523 523 
522 0 0 0 0 0 0 0 0 
0 0 17 17 40 40 40 40 40 
63 63 63 0 86 0 0 0 0 
109 109 132 132 132 132 155 155 155 
178 178 178 177 177 0 0 201 200 
200 200 224 224 247 247 245 245 550 
550 269 269 543 543 293 293 293 316 
316 339 339 339 339 315 315 0 362 
362 385 385 385 385 0 0 408 408 
431 431 431 431 431 454 454 454 454 
477 477 477 0 0 0 500 523 523 
523 523 0 0 0 0 0 0 0 
0 0 0 17 17 0 0 40 40 
40 40 63 63 0 0 0 0 0 
0 109 109 0 0 132 132 132 155 
155 155 155 177 179 179 0 0 201 
201 200 200 224 224 247 247 245 245 
247 550 269 269 270 270 543 293 293 
316 316 316 316 339 339 339 0 0 
362 362 362 385 385 385 385 385 408 
408 0 0 431 431 431 0 454 454 
454 477 477 477 477 0 0 500 500 
500 500 523 0 0 0 0 0 0 
0 0 0 0 17 17 0 0 0 
0 0 0 63 63 63 0 0 0 
0 110 109 109 0 0 0 0 132 
156 156 155 155 155 179 179 0 0 
201 201 0 0 224 224 0 0 245 
245 247 247 269 269 270 270 270 270 
293 293 317 316 316 316 339 339 0 
0 0 362 362 362 409 409 385 385 
408 408 0 0 0 0 0 0 0 
0 0 0 478 477 477 477 524 524 
500 500 500 500 0 0 0 0 0 
0 0 0 18 18 17 17 0 0 
0 0 0 0 0 63 63 87 87 
0 110 110 110 109 0 0 0 0 
0 156 156 156 155 155 179 179 0 
0 201 201 225 225 224 224 248 248 
245 245 271 247 247 269 294 294 270 
270 270 293 317 317 316 316 340 0 
0 363 363 0 362 362 362 409 409 
409 408 408 432 432 0 0 0 0 
0 0 0 0 478 478 501 501 501 
524 524 524 500 500 0 0 0 0 
0 0 0 0 18 18 18 18 0 
0 41 41 64 64 64 64 87 87 
87 87 87 110 110 110 133 133 133 
133 0 0 156 156 0 0 179 179 
0 0 201 201 225 225 224 225 225 
248 246 246 248 271 271 271 271 294 
294 294 270 270 318 317 317 0 340 
340 0 363 363 363 0 386 386 386 
386 409 408 408 432 432 432 432 0 
0 0 455 0 0 478 478 502 501 
501 501 524 524 524 524 0 0 0 
0 0 0 0 0 0 18 18 18 
18 0 41 41 41 64 64 64 64 
64 87 87 87 87 110 110 110 133 
133 133 133 133 156 156 156 0 179 
179 0 0 202 202 0 0 225 225 
225 225 246 246 248 248 248 271 271 
271 294 294 294 294 318 318 317 317 
340 340 0 0 363 363 363 0 386 
386 386 386 386 408 409 409 432 432 
432 0 455 455 455 0 478 478 502 
502 501 501 501 0 524 524 0 0 
0 0 0 0 0 0 0 0 0 
42 42 18 0 41 41 41 0 0 
64 64 0 0 111 111 87 110 110 
157 157 157 133 133 133 156 0 203 
203 203 0 0 202 202 0 0 0 
249 249 249 246 246 0 248 248 248 
271 271 271 0 294 294 318 318 317 
317 317 340 340 0 0 363 363 363 
0 0 386 386 433 433 409 409 409 
456 432 432 0 455 455 455 478 478 
502 502 502 501 501 501 0 0 0 
0 0 0 0 0 0 0 0 0 
0 42 42 42 42 0 41 41 41 
0 0 0 0 0 111 111 111 134 
134 134 157 157 157 157 0 0 0 
0 203 203 203 203 202 202 0 226 
226 0 249 249 246 246 0 0 0 
0 0 0 0 0 0 0 318 318 
341 341 317 340 340 340 0 387 387 
387 0 0 410 410 410 433 433 433 
433 456 456 456 456 0 455 455 478 
478 0 502 502 525 525 525 525 0 
0 0 0 0 0 0 0 0 0 
0 19 19 19 42 42 42 42 65 
65 65 88 88 88 88 0 111 111 
111 134 134 134 134 157 157 157 0 
0 0 0 203 203 203 202 202 0 
226 226 226 0 249 249 246 0 0 
0 0 0 295 295 295 0 0 318 
318 341 341 341 341 340 0 0 387 
387 387 387 387 387 410 410 410 433 
433 433 433 456 456 456 456 0 455 
455 479 479 0 502 502 525 525 525 
525 525 0 0 0 0 0 0 0 
0 0 19 19 19 19 19 42 42 
65 65 65 65 88 88 88 88 88 
111 111 111 134 134 134 134 157 0 
0 0 0 0 0 0 203 202 202 
0 0 226 226 226 0 249 249 0 
0 0 0 272 295 295 295 295 295 
318 318 0 0 341 341 341 0 0 
364 364 364 387 387 387 0 410 410 
410 0 433 0 0 0 456 456 0 
0 0 479 479 479 479 502 526 526 
0 525 525 0 0 0 0 0 0 
0 0 0 0 0 0 19 19 19 
0 0 0 0 89 89 65 65 88 
88 0 111 111 158 158 134 134 0 
0 0 0 0 0 0 0 0 0 
0 0 0 0 226 226 226 0 249 
0 0 0 0 272 272 272 272 295 
295 319 319 0 0 0 341 341 0 
0 364 364 364 364 364 364 0 0 
410 410 434 0 0 0 0 457 457 
0 0 0 0 503 479 479 479 526 
526 0 0 0 0 0 0 0 0 
0 0 20 20 20 0 0 0 0 
0 0 0 0 0 89 89 89 65 
65 0 0 0 135 135 158 158 158 
158 0 0 0 0 0 0 0 0 
0 0 0 0 227 250 250 250 0 
0 0 0 0 296 296 296 272 272 
272 272 319 319 342 342 0 0 0 
0 0 388 388 388 364 364 364 411 
411 0 434 434 434 0 0 0 457 
457 0 0 0 0 503 503 479 479 
526 526 526 0 0 0 0 0 0 
0 0 0 20 20 20 20 20 0 
0 0 0 0 0 0 0 89 89 
89 0 0 112 112 112 135 135 158 
158 158 158 0 0 0 181 181 0 
180 180 0 0 227 227 227 250 250 
250 250 250 0 0 296 296 296 296 
296 272 272 319 319 342 342 342 342 
342 365 365 365 388 388 388 388 0 
411 411 411 0 434 434 434 0 0 
457 457 0 480 480 480 0 503 503 
503 503 526 526 0 0 0 0 0 
0 0 0 0 21 21 20 20 20 
0 0 0 43 43 66 66 66 66 
89 89 89 0 112 112 112 112 112 
135 135 135 158 0 0 0 181 181 
181 180 180 180 204 204 204 227 227 
227 250 250 250 0 0 273 273 296 
296 296 320 320 319 319 0 0 342 
342 342 342 365 365 365 365 388 388 
388 0 411 411 411 0 434 434 434 
0 457 457 0 480 480 480 480 480 
0 503 503 503 526 0 0 0 0 
0 0 0 0 0 21 21 21 0 
0 0 0 0 43 43 43 43 66 
66 66 89 113 113 0 0 112 112 
112 136 135 135 135 0 0 0 0 
181 181 181 180 180 204 204 204 204 
204 227 227 227 0 0 0 273 273 
273 0 0 320 320 319 319 0 0 
0 0 0 0 366 366 365 365 365 
388 0 0 0 411 411 411 435 435 
434 434 457 457 0 0 0 480 480 
480 0 0 503 527 526 0 0 0 
0 0 0 0 0 0 0 21 21 
0 0 0 0 0 67 67 43 43 
43 66 66 66 113 113 113 0 0 
0 136 136 159 159 135 0 0 0 
0 205 181 181 181 180 180 228 228 
204 204 204 251 227 0 0 274 0 
273 273 273 0 0 320 320 319 343 
343 343 0 0 0 366 366 389 389 
389 365 0 0 0 0 0 0 435 
435 458 458 457 457 481 481 0 0 
504 504 504 0 527 527 527 0 0 
0 0 0 0 0 0 0 0 0 
21 21 0 44 44 44 67 67 67 
67 43 43 90 90 66 113 113 113 
0 0 136 136 159 159 159 159 0 
182 182 182 205 205 205 205 180 228 
228 228 228 251 251 251 251 274 274 
274 274 273 273 297 297 320 320 320 
0 343 343 367 0 0 366 366 0 
389 389 389 412 412 412 412 0 0 
435 435 458 458 458 458 481 481 481 
481 0 504 504 504 0 527 527 527 
0 0 0 0 0 0 0 0 0 
0 21 21 0 44 44 44 44 44 
67 67 67 90 90 90 90 90 113 
113 0 0 136 136 0 159 159 159 
159 182 182 182 182 182 205 205 205 
205 228 228 228 228 251 251 251 251 
274 274 274 274 273 297 297 297 320 
320 344 343 343 343 367 0 366 366 
0 0 389 389 389 412 412 412 412 
412 435 435 0 0 458 458 458 458 
481 481 481 481 504 504 504 0 527 
527 527 0 0 0 0 0 0 0 
0 0 0 0 0 0 0 44 44 
44 68 68 67 67 114 114 90 90 
90 113 0 0 136 136 0 0 0 
0 159 159 0 0 182 182 182 0 
205 205 229 229 0 228 275 275 275 
251 251 0 274 274 298 298 297 297 
297 297 344 344 343 343 367 367 366 
366 0 0 390 389 389 0 0 412 
412 436 435 435 0 0 0 0 458 
458 482 482 481 505 505 504 504 528 
0 527 0 0 0 0 0 0 0 
0 0 22 22 0 0 45 45 0 
0 0 68 68 91 91 91 114 114 
114 90 137 137 137 136 136 160 0 
0 0 183 183 0 0 206 206 0 
0 0 0 229 229 252 252 252 275 
275 275 275 0 0 0 298 298 321 
321 297 297 344 344 344 343 367 367 
367 366 0 0 390 390 0 0 0 
0 436 436 436 435 0 0 0 0 
0 0 482 482 0 505 505 505 528 
528 528 0 0 0 0 0 0 0 
0 0 0 22 22 22 45 45 45 
45 45 0 68 68 0 91 91 91 
114 114 114 114 137 137 137 137 137 
160 160 160 183 183 183 183 206 206 
206 206 206 0 229 229 252 252 252 
252 252 275 275 275 0 0 298 298 
0 321 321 321 321 344 344 344 344 
367 367 367 0 0 390 390 0 0 
0 413 0 436 436 436 459 459 459 
459 0 0 482 482 0 0 505 505 
0 528 528 528 0 0 0 0 0 
0 0 0 0 0 22 22 22 46 
45 45 45 45 68 68 0 0 91 
91 91 91 114 114 138 138 137 137 
137 0 160 160 160 207 183 183 183 
183 206 206 206 206 229 229 0 0 
252 252 252 0 275 275 0 0 298 
298 0 0 0 321 321 321 321 344 
0 0 367 0 0 0 390 390 0 
0 413 413 413 0 436 436 436 483 
459 459 459 459 482 482 506 0 0 
505 505 0 528 528 528 0 0 0 
0 0 0 0 0 0 0 22 22 
46 46 0 0 0 68 68 0 0 
115 115 91 91 0 0 138 138 138 
0 0 0 0 160 160 160 207 207 
207 183 183 0 0 206 229 229 0 
0 0 0 0 0 0 299 299 0 
298 298 0 0 0 0 345 345 321 
0 0 0 0 0 0 0 390 390 
0 0 0 413 413 460 460 436 436 
483 483 459 459 459 482 482 506 506 
0 505 505 0 0 528 0 0 0 
0 0 0 0 0 0 0 0 0 
0 46 46 0 0 0 68 68 0 
92 92 115 115 115 115 0 0 138 
138 0 0 0 0 0 160 184 184 
207 207 207 207 230 230 230 229 229 
253 0 0 0 0 0 0 299 299 
299 298 322 322 322 0 0 345 345 
345 0 0 0 0 0 391 391 390 
390 0 0 414 413 413 413 460 460 
460 460 460 483 483 483 482 482 506 
506 506 0 0 0 0 0 0 0 
0 0 0 0 0 0 0 0 23 
23 0 0 46 46 0 69 69 69 
0 92 92 92 115 115 115 115 0 
0 138 138 0 161 161 161 0 184 
184 184 0 207 207 207 230 230 230 
230 230 253 253 253 276 276 276 276 
299 299 299 299 322 322 322 322 0 
345 345 0 0 368 368 368 391 391 
391 391 391 414 414 414 413 413 437 
437 460 460 460 460 483 483 483 0 
0 506 506 506 0 0 529 529 0 
0 0 0 0 0 0 0 0 0 
23 23 23 23 46 46 46 0 69 
69 69 0 92 92 92 92 115 0 
0 0 138 138 0 161 161 161 161 
161 184 184 0 0 0 0 0 0 
230 230 230 253 253 253 253 253 276 
276 276 276 299 299 0 322 322 322 
0 0 345 345 0 0 368 368 368 
368 391 391 391 391 414 414 414 437 
437 437 437 437 437 0 0 483 483 
0 0 0 506 506 0 0 529 529 
529 0 0 0 0 0 0 0 0 
0 0 0 23 23 23 46 0 0 
0 69 69 69 0 0 92 92 0 
0 0 0 0 0 0 0 0 0 
161 161 161 184 184 0 0 0 0 
0 0 0 0 0 0 0 253 253 
0 0 276 276 276 0 0 0 0 
0 0 0 345 345 0 0 0 0 
368 368 368 0 0 0 0 414 414 
414 0 0 437 437 437 0 0 0 
0 0 0 0 0 0 0 0 0 
529 529 529 0 0 0 0 0 0 
0 0 0 0 0 0 23 0 0 
0 0 0 69 69 0 0 0 0 
0 0 0 0 0 0 0 0 0 
0 0 0 0 184 184 0 0 0 
0 0 0 0 0 0 0 0 0 
0 0 0 0 0 0 0 0 0 
0 0 0 0 0 0 0 0 0 
0 0 0 0 0 0 0 0 0 
414 0 0 0 0 0 0 0 0 
0 0 0 0 0 0 0 0 0 
0 0 529 529 0 0 0 0 0 
0 0 0 0 0 0 0 0 0 
0 0 0 0 0 0 0 0 0 
0 0 0 0 0 0 0 0 0 
0 0 0 0 0 0 0 0 0 
0 0 0 0 0 0 0 0 0 
0 0 0 0 0 0 0 0 0 
0 0 0 0 0 0 0 0 0 
0 0 0 0 0 0 0 0 0 
0 0 0 0 0 0 0 0 0 
0 0 0 0 0 0 0 0 0 
0 0 0 0 0 0 0 0 0 
0 0 0 0 0 0 0 0 0 
0 0 0 0 0 0 0 0 0 
0 0 0 0 0 0 0 0 0 
0 0 0 0 0 0 0 0 0 
0 0 0 0 0 0 0 0 0 
0 0 0 0 0 0 0 0 0 
0 0 0 0 0 0 0 0 0 
0 0 0 0 0 0 0 0 0 
0 0 0 0 0 0 0 0 0 
0 0 0 0 0 0 0 0 0 
0 0 0 0 0 0 0 0 0 
0 0 0 0 0 0 0 0 0 
0 0 0 0 0 0 0 0 0 
0 0 0 0 0 0 0 0 0 
0 0 0 0 0 0 0 0 0 
0 0 0 0 0 0 0 0 0 
0 0 0 0 0 0 0 0 0 
0 0 0 0 0 0 0 0 0 
0 0 0 0 0 0 0 0 0 
0 0 0 0 0 0 0 0 0 
0 0 0 0 0 0 0 0 0 
0 0 0 0 0 0 0 0 0 
0 
ClusterId 1 10000 long
0 0 0 0 0 0 0 0 0 
0 0 0 0 0 0 0 0 0 
0 0 0 0 0 0 0 0 0 
0 0 0 0 0 0 0 0 0 
0 0 0 0 0 0 0 0 0 
0 0 0 0 0 0 0 0 0 
0 0 0 0 0 0 0 0 0 
0 0 0 0 0 0 0 0 0 
0 0 0 0 0 0 0 0 0 
0 0 0 0 0 0 0 0 0 
0 0 0 0 0 0 0 0 0 
0 0 0 0 0 0 0 0 0 
0 0 0 0 0 0 0 0 0 
0 0 0 0 0 0 0 0 0 
0 0 0 0 0 0 0 0 0 
0 0 0 0 0 0 0 0 0 
0 0 0 0 0 0 0 0 0 
0 0 0 0 0 0 0 0 0 
0 0 0 0 0 0 0 0 0 
0 0 0 0 0 0 0 0 0 
0 0 0 0 0 0 0 0 0 
0 0 0 0 0 0 0 0 0 
0 0 0 0 0 0 0 0 0 
0 0 0 0 0 0 0 0 0 
0 0 0 0 0 0 0 0 0 
0 0 0 0 0 0 0 0 0 
0 0 0 0 0 0 0 0 0 
0 0 0 0 0 0 0 0 0 
0 0 0 0 0 0 0 0 0 
0 0 0 0 0 0 0 0 0 
0 0 0 0 0 0 0 0 0 
0 0 0 0 0 0 0 0 0 
0 0 0 0 0 0 0 0 0 
0 0 0 0 0 0 0 0 0 
24 0 0 0 0 0 0 0 0 
0 0 0 0 0 0 0 0 0 
0 0 0 0 0 0 0 0 0 
0 0 0 0 0 0 0 0 0 
0 0 0 0 0 0 0 0 0 
277 277 0 0 0 0 0 0 0 
0 0 0 0 0 0 0 0 0 
0 0 0 0 0 0 0 0 0 
0 0 0 0 461 461 0 0 0 
0 0 0 0 0 0 0 0 0 
0 0 0 0 0 0 0 0 0 
24 24 24 24 0 0 0 0 0 
0 70 0 0 0 0 0 0 116 
116 116 0 0 0 0 0 0 0 
0 0 0 0 0 0 0 0 0 
0 0 0 0 0 0 0 0 0 
0 277 277 277 0 0 0 0 0 
0 0 0 0 0 0 0 0 0 
369 369 0 0 392 392 0 0 0 
415 415 438 438 438 461 461 461 461 
0 0 0 484 484 507 507 0 0 
0 0 0 0 0 0 0 0 0 
0 1 24 24 24 24 0 0 0 
0 70 70 70 70 70 0 0 93 
93 116 116 116 116 116 0 0 0 
0 0 162 162 185 185 185 185 0 
0 208 208 0 0 0 0 0 254 
254 254 0 277 277 277 0 0 300 
300 0 323 323 323 0 0 346 346 
369 369 369 369 369 392 392 392 392 
0 415 415 438 438 438 438 438 461 
461 461 0 0 484 484 507 507 507 
507 0 0 0 0 0 0 0 0 
0 0 1 1 1 24 24 0 0 
0 47 47 47 70 70 70 70 94 
94 93 93 93 116 116 116 0 0 
0 0 0 162 162 162 162 162 185 
185 185 208 208 208 0 0 231 231 
231 254 254 254 254 277 277 0 0 
300 300 300 300 323 323 323 0 346 
346 346 346 369 369 369 369 0 392 
392 392 415 415 0 0 438 438 438 
462 461 461 0 0 484 484 0 0 
507 507 507 0 0 0 0 0 0 
0 0 0 0 1 1 1 1 0 
0 0 48 47 47 47 0 0 70 
94 94 94 93 93 93 140 140 140 
0 0 0 139 0 0 162 162 162 
162 185 185 185 208 208 0 0 231 
231 231 231 231 254 254 254 277 0 
0 0 0 300 300 300 323 323 323 
0 0 346 346 346 346 0 0 0 
0 392 392 415 415 0 0 0 0 
462 462 462 485 0 0 484 484 508 
508 0 0 507 0 0 0 0 0 
0 0 0 0 0 0 25 1 1 
1 0 0 48 48 47 47 47 0 
0 0 94 94 117 117 117 93 140 
140 140 0 139 139 139 139 139 186 
186 209 209 209 185 208 208 208 0 
0 255 255 231 231 278 278 301 301 
301 301 0 0 0 324 324 300 323 
323 0 0 0 0 346 0 0 0 
0 0 416 416 415 415 0 0 439 
0 0 462 462 485 485 485 484 484 
508 508 508 0 0 0 0 0 0 
0 0 0 0 0 0 0 25 25 
25 25 0 0 48 48 0 47 47 
0 0 0 94 94 94 117 117 117 
93 140 140 140 163 163 139 139 139 
139 186 186 209 209 209 209 209 232 
232 232 255 255 255 255 278 278 278 
278 301 301 301 301 301 324 324 324 
347 347 347 0 0 370 370 0 0 
0 0 393 416 416 416 416 0 439 
439 439 0 462 462 462 485 485 485 
485 509 508 508 508 0 0 0 0 
0 0 0 0 0 0 2 2 2 
2 25 25 25 25 48 48 0 0 
0 71 71 71 71 94 94 0 117 
117 117 93 140 140 0 163 163 163 
163 139 186 186 186 186 209 209 209 
232 232 232 232 0 255 255 255 255 
278 278 278 278 301 301 0 0 324 
324 324 347 347 347 347 370 370 370 
370 370 393 393 393 0 416 416 416 
0 439 439 439 0 462 462 0 0 
485 485 509 509 508 508 0 0 0 
0 0 0 0 0 0 3 3 2 
2 2 2 2 25 25 48 48 0 
0 95 95 71 71 71 71 71 118 
0 117 117 141 0 0 0 0 163 
163 163 163 0 210 210 210 186 233 
233 233 0 232 232 232 232 279 255 
255 0 0 278 0 0 0 0 0 
0 324 324 324 0 347 347 347 347 
370 370 370 370 393 393 393 0 416 
416 440 0 439 439 439 0 0 0 
0 0 0 509 509 0 0 0 0 
0 0 0 0 0 0 0 3 3 
26 26 26 2 2 49 49 49 48 
72 72 95 95 95 95 0 71 71 
118 118 0 141 141 141 0 0 0 
0 187 163 187 187 0 210 210 210 
186 233 233 233 0 256 256 256 279 
279 279 0 0 0 0 0 0 0 
0 0 0 324 348 0 0 371 371 
347 418 394 394 394 370 393 393 393 
0 440 440 440 0 439 0 0 0 
0 486 486 0 0 509 509 0 0 
0 0 0 0 0 0 0 0 0 
3 3 26 26 0 0 26 49 49 
49 49 72 72 72 95 95 95 95 
0 118 118 118 0 141 141 141 0 
0 164 164 187 187 187 187 187 210 
210 210 186 233 233 233 0 256 256 
256 279 279 279 0 0 302 302 302 
0 0 325 325 348 348 348 0 371 
371 371 371 418 394 394 394 0 393 
417 417 0 440 440 440 0 0 0 
0 463 486 486 486 486 509 509 509 
0 0 0 0 0 0 0 0 0 
0 3 3 3 0 0 0 26 26 
26 49 49 49 72 72 72 72 95 
0 0 0 118 118 118 0 141 141 
141 0 164 164 164 0 187 187 187 
187 210 210 0 0 233 233 0 0 
256 256 256 279 279 279 0 302 302 
302 302 302 325 325 325 325 348 348 
348 371 371 371 418 418 394 394 394 
0 417 417 417 417 440 440 440 0 
0 0 463 463 486 486 486 486 509 
0 0 0 0 0 0 0 0 0 
0 0 4 3 3 0 0 0 0 
26 26 0 0 0 0 0 72 72 
0 0 0 0 0 118 142 118 0 
141 0 0 0 164 164 164 0 0 
0 0 211 211 0 0 0 0 0 
0 0 256 256 303 303 303 279 0 
0 0 302 302 326 326 325 325 325 
348 348 348 395 371 371 418 418 394 
394 0 0 0 417 417 417 440 0 
0 0 464 463 463 463 463 486 510 
510 0 0 0 0 0 0 0 0 
0 0 4 4 4 27 27 0 0 
0 50 50 0 0 0 0 0 0 
96 96 0 0 0 119 142 142 142 
142 0 0 0 0 188 164 164 164 
0 0 0 211 211 0 0 0 0 
0 0 0 280 280 280 303 303 303 
303 0 0 0 0 326 326 349 349 
325 325 348 348 395 395 395 395 418 
418 418 0 0 0 0 417 417 0 
0 0 464 464 487 487 463 463 463 
510 510 510 0 0 0 0 0 0 
0 0 0 0 4 4 27 27 27 
27 27 50 50 50 0 0 0 0 
0 96 96 96 0 0 119 119 119 
142 142 142 0 165 165 165 188 188 
188 188 0 0 211 211 0 234 234 
234 0 257 257 257 280 280 280 303 
303 303 0 0 0 0 326 326 349 
349 349 349 372 372 372 395 395 395 
395 418 418 0 0 0 0 441 441 
441 0 0 464 464 487 487 487 487 
487 463 510 510 0 0 0 0 0 
0 0 0 0 0 4 4 4 0 
27 27 27 27 50 50 50 50 73 
73 0 0 96 96 96 0 0 119 
119 119 142 142 142 165 165 165 165 
165 188 188 188 188 211 211 258 258 
234 234 234 234 257 257 257 280 280 
280 280 0 0 0 0 0 326 326 
0 0 349 349 349 372 372 372 372 
395 395 0 0 0 0 0 0 441 
441 441 441 441 464 464 488 488 487 
487 487 487 510 510 510 0 0 0 
0 0 0 0 0 0 5 4 4 
0 0 0 0 0 0 74 74 50 
73 73 73 0 0 96 96 0 0 
0 143 143 119 119 119 119 0 0 
165 165 165 0 188 188 211 211 258 
258 258 258 234 234 234 257 257 257 
257 280 0 0 0 0 0 0 326 
326 0 0 373 349 349 396 396 372 
372 372 0 0 0 0 0 0 0 
0 0 441 441 441 464 464 488 488 
488 0 511 511 487 510 0 0 0 
0 0 0 0 0 0 0 5 5 
28 28 0 0 0 0 0 74 74 
74 50 73 73 0 0 120 96 0 
0 0 143 143 143 166 166 166 0 
0 0 189 189 0 0 0 212 212 
235 235 235 258 258 258 234 0 0 
0 257 0 0 0 0 304 327 327 
327 326 350 350 350 373 373 396 396 
396 396 396 0 0 0 0 0 0 
0 442 0 465 465 465 464 464 489 
488 488 0 511 511 511 0 0 0 
0 0 0 0 0 0 0 0 5 
5 28 28 28 28 0 51 51 51 
74 74 74 74 73 73 97 97 120 
120 120 0 0 143 143 166 166 166 
166 166 166 189 189 189 0 0 212 
212 0 235 235 235 258 258 0 0 
0 0 281 281 0 0 304 304 327 
327 327 327 327 350 350 350 373 373 
373 396 396 396 0 0 0 0 0 
419 442 442 442 442 465 465 465 465 
465 488 488 488 0 511 511 0 0 
0 0 0 0 0 0 0 0 0 
5 5 29 52 28 28 28 51 51 
51 51 51 74 74 73 73 97 97 
97 120 120 120 120 143 143 143 0 
0 166 166 166 190 189 189 189 0 
212 212 0 0 235 235 235 0 0 
0 0 0 281 281 281 281 281 304 
304 0 0 327 327 327 350 350 350 
373 373 373 373 0 0 0 0 0 
419 419 419 419 442 442 442 442 465 
465 465 489 488 488 0 0 511 511 
0 0 0 0 0 0 0 0 0 
0 5 5 29 29 52 52 52 52 
28 28 51 51 51 0 0 0 0 
97 97 97 144 120 120 120 143 167 
0 0 0 0 0 190 190 189 189 
189 212 212 0 0 0 235 235 259 
0 0 0 0 0 0 281 281 281 
304 304 304 0 0 0 351 374 350 
350 350 0 373 0 0 0 0 0 
0 443 443 419 419 419 419 442 442 
0 0 0 489 489 512 512 0 511 
511 0 0 0 0 0 0 0 0 
0 0 5 5 29 29 29 52 52 
52 52 0 0 0 0 0 0 0 
0 0 97 97 97 144 144 144 167 
167 167 167 0 0 0 0 190 190 
189 213 212 212 0 0 0 0 259 
259 259 0 0 282 0 0 0 0 
305 305 304 304 0 0 0 351 351 
374 374 374 374 0 0 0 0 0 
0 0 0 443 443 443 419 419 466 
466 0 0 0 489 489 489 512 512 
512 0 0 0 0 0 0 0 0 
0 0 0 6 6 0 29 29 29 
0 52 52 0 0 0 75 0 0 
0 0 0 0 121 121 121 144 144 
144 0 167 167 167 167 0 0 190 
190 190 213 213 213 213 236 236 236 
0 259 259 259 282 282 282 282 282 
0 305 305 304 328 328 328 0 351 
351 351 374 374 374 374 0 0 0 
0 0 0 420 0 443 443 443 443 
466 466 466 466 0 0 489 489 512 
512 512 512 0 0 0 0 0 0 
0 0 0 0 6 6 6 6 29 
29 0 0 0 0 0 75 75 75 
75 0 0 98 98 98 121 121 121 
144 144 144 0 0 167 167 0 0 
0 190 190 0 213 213 213 213 236 
236 236 236 259 259 259 0 282 282 
282 282 305 305 0 328 328 328 328 
328 351 351 351 0 374 374 0 0 
0 0 0 420 420 420 420 420 443 
443 0 0 466 466 466 466 489 489 
0 0 512 512 0 0 0 0 0 
0 0 0 0 0 0 0 6 6 
6 6 0 0 0 53 76 76 75 
75 75 75 0 98 98 98 98 98 
121 121 121 144 0 0 0 0 0 
0 0 0 190 214 0 0 0 213 
213 260 236 236 236 259 0 0 0 
306 306 282 305 305 0 0 329 329 
328 328 328 351 351 375 0 0 0 
0 0 397 397 421 444 420 420 420 
420 0 0 0 0 0 466 466 490 
490 0 0 0 0 0 0 0 0 
0 0 0 0 0 0 0 0 0 
0 6 30 0 0 53 53 76 76 
76 0 75 75 99 122 122 122 98 
98 145 145 121 121 168 168 168 0 
0 0 0 0 214 214 214 0 237 
237 260 260 260 260 236 0 0 0 
0 306 306 306 305 305 0 0 329 
329 352 352 0 0 375 375 375 0 
0 398 398 397 397 397 421 444 444 
444 420 0 0 0 0 0 0 0 
490 490 513 513 0 0 0 0 0 
0 0 0 0 0 0 7 7 7 
0 0 30 30 0 0 53 53 77 
76 76 76 76 99 99 122 122 122 
122 122 145 145 145 145 169 168 168 
168 0 0 191 191 0 214 214 214 
237 237 237 237 260 260 260 260 0 
283 283 283 306 306 305 307 0 0 
329 329 352 352 352 352 0 375 375 
375 0 398 398 398 397 397 421 421 
444 444 444 444 467 467 467 467 0 
0 490 490 513 513 513 513 513 0 
0 0 0 0 0 0 0 7 7 
7 7 7 30 30 0 0 53 53 
77 77 100 76 76 99 99 99 123 
0 122 122 122 0 145 145 145 169 
168 168 168 0 191 191 191 191 214 
214 214 261 237 237 237 237 260 260 
0 283 283 283 283 283 307 307 306 
306 329 329 0 0 352 352 352 0 
375 375 375 0 398 398 398 397 421 
421 421 0 444 444 444 467 467 467 
467 467 490 490 0 0 513 513 513 
0 0 0 0 0 0 0 0 0 
31 31 7 7 30 30 0 0 53 
53 77 77 77 100 100 76 99 99 
123 123 0 0 0 0 0 145 145 
169 169 168 168 0 192 192 191 191 
191 214 214 261 261 261 261 237 237 
0 0 0 0 283 283 283 307 307 
306 306 329 329 0 0 0 352 352 
0 0 375 0 0 0 398 398 397 
397 421 421 421 0 0 0 0 0 
0 467 467 490 490 0 0 0 0 
0 0 0 0 0 0 0 0 0 
0 0 31 31 31 30 30 0 0 
53 53 0 77 77 100 100 100 100 
99 123 123 123 0 0 0 0 170 
170 169 169 169 0 0 192 192 215 
215 191 191 238 238 261 261 261 261 
261 0 285 285 0 0 0 0 307 
307 330 306 329 0 0 0 0 0 
0 0 0 0 0 0 0 0 398 
422 422 397 421 468 468 468 468 0 
0 0 0 0 0 0 0 0 0 
0 0 0 0 0 0 0 0 0 
0 0 0 0 31 31 30 30 31 
31 54 54 0 77 77 77 100 100 
100 99 99 123 123 123 0 0 146 
146 170 170 169 169 0 0 192 192 
215 215 215 215 238 238 238 238 261 
261 551 551 285 285 284 284 284 0 
307 307 330 330 330 0 0 0 353 
0 0 376 376 376 0 0 0 0 
0 422 422 422 445 445 468 468 468 
468 468 0 0 0 0 0 0 0 
0 514 0 0 0 0 0 0 0 
0 0 0 0 0 8 8 8 8 
31 31 54 54 54 54 54 101 101 
0 100 0 0 0 123 123 0 0 
146 146 146 170 169 193 193 0 192 
192 239 239 215 215 215 215 238 238 
238 238 551 551 551 285 285 284 284 
284 307 307 330 330 330 330 0 0 
353 353 353 353 376 376 376 0 0 
399 399 399 422 422 422 445 445 445 
445 468 468 0 0 0 0 491 491 
0 515 514 514 0 0 0 0 0 
0 0 0 0 0 0 0 8 8 
8 8 8 0 0 54 54 54 101 
101 101 0 0 0 0 0 0 0 
0 0 146 146 146 170 193 193 193 
192 192 239 239 239 239 239 215 262 
262 238 238 551 551 551 285 285 285 
284 284 284 331 331 354 330 330 330 
0 0 353 353 353 353 376 376 376 
0 399 399 399 399 399 422 422 446 
445 445 445 445 0 0 0 0 491 
491 0 515 514 514 514 0 0 0 
0 0 0 0 0 0 0 0 32 
32 55 55 8 8 0 0 78 78 
54 101 101 101 0 0 0 0 0 
147 147 147 0 146 146 170 170 193 
193 193 192 216 216 239 239 239 239 
262 262 262 262 262 551 587 587 285 
285 558 284 284 331 331 331 331 354 
354 354 0 0 0 0 353 400 400 
376 376 0 0 0 399 399 399 422 
446 446 469 469 469 445 0 492 492 
491 491 491 515 515 514 514 0 0 
0 0 0 0 0 0 9 9 0 
32 32 32 55 55 55 0 0 78 
78 78 0 101 101 101 0 0 124 
124 124 147 147 147 147 147 170 170 
0 193 193 193 216 216 216 216 216 
216 537 537 262 262 262 587 587 587 
587 558 558 558 558 308 308 331 331 
331 354 354 354 354 377 377 377 400 
400 400 400 400 0 0 423 423 0 
0 446 446 0 469 469 469 469 492 
492 492 491 491 515 515 514 514 0 
0 0 0 0 0 0 0 0 9 
9 0 32 32 32 55 55 55 0 
0 78 78 78 0 101 125 125 171 
124 124 124 124 124 147 147 579 579 
579 579 579 0 0 0 934 934 216 
216 216 537 537 537 537 587 587 587 
587 587 937 937 558 558 308 308 308 
308 331 331 572 354 354 377 377 377 
377 377 400 400 400 0 0 423 423 
0 0 446 446 0 0 0 469 469 
469 492 492 492 491 515 515 0 0 
0 0 0 0 0 0 0 0 0 
9 9 9 33 33 32 32 55 55 
0 0 0 78 78 78 102 125 125 
125 171 171 171 171 124 124 579 579 
579 579 579 579 579 934 934 934 934 
934 530 904 904 537 537 587 587 587 
587 587 937 937 937 937 558 565 565 
308 308 308 572 572 572 572 354 0 
0 377 377 377 0 0 0 0 0 
423 423 0 446 446 0 0 0 0 
0 0 0 492 492 492 515 515 0 
0 0 0 0 0 0 0 0 10 
10 0 9 9 33 33 56 32 32 
0 0 79 79 0 0 0 102 102 
125 125 125 171 171 171 171 171 579 
579 579 579 579 579 194 934 934 934 
934 934 530 904 904 904 904 587 587 
587 587 937 937 937 937 937 855 855 
565 565 308 308 573 572 572 572 378 
378 0 401 401 401 0 0 0 0 
0 423 423 423 446 446 470 470 0 
0 0 0 0 0 0 0 516 516 
0 0 0 0 0 0 0 0 0 
10 10 10 10 9 33 33 56 56 
56 56 0 79 79 79 0 0 102 
102 0 125 125 148 148 148 148 171 
579 579 579 579 579 579 194 194 934 
934 934 934 530 904 904 904 904 904 
587 587 587 937 937 937 937 855 855 
855 565 565 565 573 573 573 355 355 
378 378 378 378 401 401 401 401 424 
424 424 424 423 423 447 447 470 470 
470 470 493 493 493 493 0 0 516 
516 0 0 0 0 0 0 0 0 
0 0 0 10 10 10 33 33 0 
56 56 56 56 56 79 79 0 0 
102 102 126 0 125 149 149 148 148 
148 148 531 531 531 531 531 194 194 
934 934 934 580 530 530 904 904 904 
904 583 583 583 937 937 937 855 855 
855 855 591 591 591 591 573 573 355 
355 355 355 378 378 402 378 401 401 
401 424 424 424 424 424 447 447 0 
0 470 470 470 493 493 493 493 493 
516 516 0 0 0 0 0 0 0 
0 0 0 0 0 10 10 33 33 
0 0 80 80 56 56 56 79 79 
0 102 102 126 126 0 149 149 149 
148 148 172 195 195 195 531 531 194 
194 934 934 580 580 580 530 904 904 
904 904 583 583 583 583 583 855 855 
855 855 591 591 591 591 591 591 573 
332 332 355 355 355 355 402 402 378 
401 425 425 448 448 424 424 447 447 
0 0 0 494 470 517 517 517 493 
493 516 516 0 0 0 0 0 0 
0 0 0 11 11 0 0 0 34 
34 57 0 80 80 80 80 0 79 
79 0 102 102 126 126 126 0 149 
149 149 172 172 172 195 195 195 195 
194 194 544 580 580 580 580 580 530 
904 904 904 583 583 583 583 583 855 
855 855 855 591 591 591 591 591 591 
573 332 332 332 332 332 355 402 402 
402 378 425 425 425 448 448 448 447 
447 471 471 471 494 494 494 517 517 
517 517 516 516 0 0 0 0 0 
0 0 0 0 11 11 11 0 0 
34 34 57 57 57 57 80 80 80 
0 103 103 103 103 0 126 126 126 
173 149 149 149 172 172 172 172 195 
195 194 864 864 544 580 580 580 580 
530 584 584 584 584 583 583 588 588 
855 855 855 1378 591 591 591 591 591 
591 333 356 356 332 332 332 379 379 
402 402 402 0 425 425 425 448 448 
447 447 471 471 471 471 471 494 494 
494 517 517 517 516 0 0 0 0 
0 0 0 0 0 0 11 11 0 
0 34 34 0 57 57 57 57 80 
80 0 0 103 103 103 103 103 126 
126 173 173 196 196 196 196 172 172 
532 532 864 864 864 864 544 580 580 
580 544 584 584 584 584 584 588 588 
588 588 588 1378 1378 1378 591 591 591 
591 574 333 333 333 333 356 356 379 
379 379 379 402 402 0 0 425 425 
425 447 447 448 448 471 471 471 0 
494 494 494 494 517 0 0 0 0 
0 0 0 0 0 0 0 0 11 
11 0 34 34 0 0 0 0 57 
57 0 0 0 0 127 127 103 103 
150 150 150 173 173 196 196 196 196 
532 532 532 864 864 864 864 864 580 
580 580 544 584 584 584 584 584 588 
588 588 588 588 1378 1378 1378 592 592 
592 592 574 574 333 333 333 333 356 
356 403 379 379 379 0 0 0 0 
0 0 449 449 472 472 448 448 0 
0 0 518 518 494 0 0 0 0 
0 0 0 0 0 0 0 0 0 
11 11 35 34 34 0 0 0 0 
81 81 81 0 0 0 0 127 127 
127 127 150 150 150 173 173 173 196 
174 174 532 532 864 864 864 864 864 
544 580 585 585 584 584 584 584 584 
588 588 588 588 1378 1378 1378 1378 592 
592 592 592 574 574 574 357 380 333 
356 356 356 403 379 379 0 0 0 
0 0 0 449 449 472 472 472 0 
0 0 495 518 518 518 518 0 0 
0 0 0 0 0 0 0 0 0 
12 12 35 35 35 35 0 0 0 
58 81 81 81 81 81 0 0 104 
104 127 127 127 150 150 150 197 173 
173 174 174 581 581 864 864 864 864 
864 864 544 585 585 544 584 584 584 
584 588 588 588 588 1378 1378 1378 592 
592 592 592 592 574 574 357 357 357 
380 380 380 356 403 403 403 0 0 
426 426 0 0 449 449 0 472 472 
0 0 0 495 495 495 518 518 518 
0 0 0 0 0 0 0 0 0 
0 12 12 12 12 35 35 35 35 
58 58 58 58 81 81 81 0 0 
104 104 104 104 127 127 150 197 197 
197 197 173 581 581 581 581 1535 1535 
864 864 864 534 585 585 585 544 584 
584 584 588 588 588 593 593 593 593 
593 593 592 592 575 334 334 334 357 
357 357 380 380 380 380 403 403 403 
0 426 426 426 0 449 449 0 0 
472 472 0 0 0 495 495 495 518 
518 0 0 0 0 0 0 0 0 
13 13 36 36 12 12 12 0 35 
35 59 58 58 58 58 58 0 0 
0 0 104 104 104 151 151 151 533 
533 197 197 197 581 581 581 581 1535 
1535 1535 873 873 534 585 585 585 585 
584 584 589 589 589 593 593 593 593 
593 593 593 592 575 575 575 334 334 
334 381 357 357 357 380 380 404 403 
403 450 450 426 426 426 449 449 0 
0 472 472 0 0 0 519 519 495 
495 0 0 0 0 0 0 0 0 
0 13 13 13 36 36 36 12 12 
0 0 59 59 0 0 58 58 0 
0 0 128 128 128 0 104 151 151 
151 533 533 533 197 581 581 581 1535 
1535 1535 1535 873 873 534 585 585 585 
585 534 589 589 589 589 593 593 593 
593 593 593 593 575 575 833 833 833 
334 334 334 381 381 381 381 357 404 
404 427 427 450 450 426 426 426 449 
0 0 473 0 0 0 0 519 519 
519 495 495 0 0 0 0 0 0 
0 0 0 13 13 13 36 36 36 
36 0 0 59 59 82 82 82 105 
105 105 105 128 128 128 128 128 128 
151 151 151 533 533 174 581 581 1535 
1535 1535 1535 873 873 873 534 585 585 
585 585 534 589 589 589 589 589 593 
593 593 593 593 575 833 833 833 833 
833 335 358 358 358 381 381 381 381 
404 404 427 427 427 427 450 450 450 
450 0 0 473 473 0 496 496 0 
519 519 519 519 0 0 0 0 0 
0 0 0 0 0 13 13 13 0 
36 36 0 0 59 59 82 82 82 
82 82 105 105 105 105 105 128 128 
128 0 151 175 175 533 174 174 535 
535 1535 1535 873 873 873 873 534 585 
585 585 585 534 589 589 589 589 589 
589 593 593 593 575 833 833 833 833 
833 833 335 335 358 358 358 358 381 
381 404 404 0 0 427 427 427 450 
450 450 0 0 473 473 473 496 496 
496 0 0 519 519 0 0 0 0 
0 0 0 0 0 0 0 0 0 
0 0 0 0 0 59 59 0 0 
0 82 82 82 0 105 105 105 129 
129 0 0 0 175 175 175 174 174 
535 535 535 873 873 873 873 873 534 
585 585 585 534 586 586 589 589 589 
589 589 576 576 576 576 833 833 833 
833 833 833 335 335 335 358 358 358 
405 405 404 404 0 0 0 427 427 
451 0 0 0 0 474 473 473 473 
496 496 0 0 0 0 0 0 0 
0 0 0 0 0 0 0 0 0 
0 0 0 0 0 60 59 59 0 
0 83 106 106 106 0 0 0 0 
129 129 0 0 0 0 175 175 175 
198 198 535 535 873 873 873 873 873 
582 582 582 582 586 586 586 586 589 
589 589 589 576 576 576 576 577 833 
833 833 833 833 359 335 335 335 382 
382 405 405 405 404 0 0 0 0 
0 451 451 0 0 0 474 474 473 
473 496 496 496 0 0 0 0 0 
0 0 0 0 0 0 0 0 0 
0 14 0 37 37 60 60 60 60 
0 83 83 83 106 106 106 106 0 
0 129 129 0 0 152 152 0 175 
198 198 198 198 198 1038 1038 1038 1038 
582 582 582 582 582 586 586 586 586 
586 1159 1159 590 590 594 594 594 577 
577 577 577 577 336 359 359 359 359 
382 382 0 405 405 405 405 428 428 
0 0 451 451 0 0 0 474 474 
497 497 497 497 496 0 520 520 0 
0 0 0 0 0 0 0 0 0 
0 14 14 14 37 37 37 37 60 
60 60 107 83 83 83 130 106 106 
106 106 129 129 176 0 152 152 152 
152 199 222 222 198 198 1038 1038 1038 
1038 582 582 582 582 582 586 586 586 
586 1159 1159 1159 590 590 594 594 594 
594 594 594 577 336 336 336 359 359 
359 382 382 0 0 0 405 405 428 
428 428 428 428 451 451 0 0 474 
474 0 0 497 497 497 497 520 520 
0 0 0 0 0 0 0 0 0 
0 0 0 14 14 14 14 37 37 
37 60 60 60 107 83 83 83 130 
130 130 106 129 129 176 176 176 152 
152 152 199 199 222 222 222 1038 1038 
1038 1038 582 582 582 582 909 909 586 
586 1159 1159 1159 1159 590 590 594 594 
594 594 594 594 594 578 336 336 336 
383 359 382 382 406 406 0 0 0 
0 0 428 428 428 451 451 451 0 
474 474 0 0 0 0 497 497 497 
520 520 0 0 0 0 0 0 0 
0 0 0 0 38 38 14 14 14 
37 37 84 84 84 107 107 83 107 
130 130 130 130 130 153 153 176 176 
176 176 152 199 199 199 222 222 222 
1038 1038 1038 1321 582 582 909 909 909 
909 557 1159 1159 1159 1159 590 590 594 
594 594 594 594 594 594 578 578 336 
336 336 383 382 382 406 406 406 0 
0 0 0 0 452 452 428 451 475 
475 474 474 498 498 498 0 521 521 
521 520 520 520 0 0 0 0 0 
0 0 0 0 15 38 38 38 38 
62 62 61 61 84 84 84 84 84 
107 107 107 107 130 130 153 153 153 
153 153 176 176 1298 199 199 199 222 
222 1038 1038 1038 1321 1321 1321 909 909 
909 909 557 557 1159 1159 1159 590 590 
590 594 594 594 594 594 594 578 578 
360 360 360 383 383 383 383 406 406 
406 0 0 429 429 452 452 452 452 
475 475 475 475 475 498 498 498 498 
521 521 521 520 520 0 0 0 0 
0 0 0 0 0 15 15 15 38 
38 38 62 61 61 61 0 84 84 
84 0 107 107 0 0 0 0 0 
153 153 153 153 536 1298 1298 1298 1298 
1298 1298 1298 1038 1321 1321 1321 1321 909 
909 909 909 557 557 557 1159 1159 590 
590 590 571 571 314 314 578 578 578 
337 337 360 360 360 360 383 383 383 
406 406 0 0 429 429 429 452 452 
452 452 452 475 475 475 475 0 498 
498 498 521 521 521 0 0 0 0 
0 0 0 0 0 0 0 15 15 
15 38 38 62 62 61 61 61 85 
85 0 0 0 0 0 0 0 0 
0 0 0 536 536 536 1298 1298 1298 
1298 1298 1298 1298 1321 1321 1321 1321 1321 
909 909 909 909 557 268 557 1159 1159 
590 590 590 571 571 314 314 314 314 
314 337 337 337 337 360 360 360 360 
383 407 430 406 0 0 429 429 429 
476 476 476 452 0 0 0 0 0 
0 0 498 522 521 521 0 0 0 
0 0 0 0 0 0 0 0 0 
39 39 15 15 62 62 62 61 61 
85 85 0 0 0 0 131 131 0 
0 0 0 0 536 536 536 1298 1298 
1298 1298 1298 1298 1298 1321 1321 1321 1321 
1321 909 909 909 909 268 268 564 564 
564 564 590 291 291 571 571 338 314 
314 314 361 361 337 337 337 337 0 
0 407 407 407 430 430 430 0 429 
429 476 476 476 476 476 0 0 0 
499 0 0 0 522 522 0 0 0 
0 0 0 0 0 0 0 16 16 
0 39 39 39 15 15 62 62 0 
61 85 85 0 0 108 108 131 131 
131 0 154 154 154 154 536 536 223 
223 1298 1298 1298 1298 1298 1590 1590 1590 
1590 848 848 909 909 909 268 268 564 
564 564 564 315 291 291 291 571 338 
338 338 361 361 361 361 361 337 384 
0 0 0 407 407 430 430 430 430 
430 453 453 453 476 476 476 0 0 
499 499 499 499 0 522 522 0 0 
0 0 0 0 0 0 0 0 16 
16 16 16 39 39 39 86 86 62 
0 0 85 85 0 0 108 108 108 
131 131 131 131 154 154 154 154 154 
177 177 223 223 223 223 1590 1590 1590 
1590 848 848 848 848 909 909 268 268 
543 292 292 292 315 315 291 291 291 
571 338 338 338 0 361 361 361 361 
384 384 384 384 407 407 407 0 0 
430 430 453 453 453 453 453 453 0 
0 0 499 499 499 499 522 522 0 
0 0 0 0 0 0 0 0 0 
17 17 16 16 16 39 39 86 86 
86 86 0 85 85 0 0 109 108 
108 108 108 131 131 178 178 0 154 
154 177 177 200 223 223 223 1590 1590 
1590 1590 848 848 848 848 550 550 268 
268 543 543 292 292 292 292 292 291 
291 315 315 338 338 338 0 0 0 
0 0 384 384 384 384 407 407 0 
0 454 454 0 0 0 453 453 0 
0 0 0 523 523 499 499 522 522 
0 0 0 0 0 0 0 0 0 
0 17 17 40 40 16 16 39 63 
63 86 86 86 85 0 0 0 109 
109 132 132 108 108 178 178 178 178 
178 178 177 177 200 200 200 200 223 
1590 1590 848 848 848 848 245 550 550 
269 269 543 543 293 293 292 292 292 
339 339 315 315 315 315 338 0 0 
0 0 0 0 0 0 384 384 431 
431 431 454 454 454 0 0 477 477 
0 0 0 0 0 523 523 523 523 
522 0 0 0 0 0 0 0 0 
0 0 17 17 40 40 40 40 40 
63 63 63 0 86 0 0 0 0 
109 109 132 132 132 132 155 155 155 
178 178 178 177 177 0 0 201 200 
200 200 224 224 247 247 245 245 550 
550 269 269 543 543 293 293 293 316 
316 339 339 339 339 315 315 0 362 
362 385 385 385 385 0 0 408 408 
431 431 431 431 431 454 454 454 454 
477 477 477 0 0 0 500 523 523 
523 523 0 0 0 0 0 0 0 
0 0 0 17 17 0 0 40 40 
40 40 63 63 0 0 0 0 0 
0 109 109 0 0 132 132 132 155 
155 155 155 177 179 179 0 0 201 
201 200 200 224 224 247 247 245 245 
247 550 269 269 270 270 543 293 293 
316 316 316 316 339 339 339 0 0 
362 362 362 385 385 385 385 385 408 
408 0 0 431 431 431 0 454 454 
454 477 477 477 477 0 0 500 500 
500 500 523 0 0 0 0 0 0 
0 0 0 0 17 17 0 0 0 
0 0 0 63 63 63 0 0 0 
0 110 109 109 0 0 0 0 132 
156 156 155 155 155 179 179 0 0 
201 201 0 0 224 224 0 0 245 
245 247 247 269 269 270 270 270 270 
293 293 317 316 316 316 339 339 0 
0 0 362 362 362 409 409 385 385 
408 408 0 0 0 0 0 0 0 
0 0 0 478 477 477 477 524 524 
500 500 500 500 0 0 0 0 0 
0 0 0 18 18 17 17 0 0 
0 0 0 0 0 63 63 87 87 
0 110 110 110 109 0 0 0 0 
0 156 156 156 155 155 179 179 0 
0 201 201 225 225 224 224 248 248 
245 245 271 247 247 269 294 294 270 
270 270 293 317 317 316 316 340 0 
0 363 363 0 362 362 362 409 409 
409 408 408 432 432 0 0 0 0 
0 0 0 0 478 478 501 501 501 
524 524 524 500 500 0 0 0 0 
0 0 0 0 18 18 18 18 0 
0 41 41 64 64 64 64 87 87 
87 87 87 110 110 110 133 133 133 
133 0 0 156 156 0 0 179 179 
0 0 201 201 225 225 224 225 225 
248 246 246 248 271 271 271 271 294 
294 294 270 270 318 317 317 0 340 
340 0 363 363 363 0 386 386 386 
386 409 408 408 432 432 432 432 0 
0 0 455 0 0 478 478 502 501 
501 501 524 524 524 524 0 0 0 
0 0 0 0 0 0 18 18 18 
18 0 41 41 41 64 64 64 64 
64 87 87 87 87 110 110 110 133 
133 133 133 133 156 156 156 0 179 
179 0 0 202 202 0 0 225 225 
225 225 246 246 248 248 248 271 271 
271 294 294 294 294 318 318 317 317 
340 340 0 0 363 363 363 0 386 
386 386 386 386 408 409 409 432 432 
432 0 455 455 455 0 478 478 502 
502 501 501 501 0 524 524 0 0 
0 0 0 0 0 0 0 0 0 
42 42 18 0 41 41 41 0 0 
64 64 0 0 111 111 87 110 110 
157 157 157 133 133 133 156 0 203 
203 203 0 0 202 202 0 0 0 
249 249 249 246 246 0 248 248 248 
271 271 271 0 294 294 318 318 317 
317 317 340 340 0 0 363 363 363 
0 0 386 386 433 433 409 409 409 
456 432 432 0 455 455 455 478 478 
502 502 502 501 501 501 0 0 0 
0 0 0 0 0 0 0 0 0 
0 42 42 42 42 0 41 41 41 
0 0 0 0 0 111 111 111 134 
134 134 157 157 157 157 0 0 0 
0 203 203 203 203 202 202 0 226 
226 0 249 249 246 246 0 0 0 
0 0 0 0 0 0 0 318 318 
341 341 317 340 340 340 0 387 387 
387 0 0 410 410 410 433 433 433 
433 456 456 456 456 0 455 455 478 
478 0 502 502 525 525 525 525 0 
0 0 0 0 0 0 0 0 0 
0 19 19 19 42 42 42 42 65 
65 65 88 88 88 88 0 111 111 
111 134 134 134 134 157 157 157 0 
0 0 0 203 203 203 202 202 0 
226 226 226 0 249 249 246 0 0 
0 0 0 295 295 295 0 0 318 
318 341 341 341 341 340 0 0 387 
387 387 387 387 387 410 410 410 433 
433 433 433 456 456 456 456 0 455 
455 479 479 0 502 502 525 525 525 
525 525 0 0 0 0 0 0 0 
0 0 19 19 19 19 19 42 42 
65 65 65 65 88 88 88 88 88 
111 111 111 134 134 134 134 157 0 
0 0 0 0 0 0 203 202 202 
0 0 226 226 226 0 249 249 0 
0 0 0 272 295 295 295 295 295 
318 318 0 0 341 341 341 0 0 
364 364 364 387 387 387 0 410 410 
410 0 433 0 0 0 456 456 0 
0 0 479 479 479 479 502 526 526 
0 525 525 0 0 0 0 0 0 
0 0 0 0 0 0 19 19 19 
0 0 0 0 89 89 65 65 88 
88 0 111 111 158 158 134 134 0 
0 0 0 0 0 0 0 0 0 
0 0 0 0 226 226 226 0 249 
0 0 0 0 272 272 272 272 295 
295 319 319 0 0 0 341 341 0 
0 364 364 364 364 364 364 0 0 
410 410 434 0 0 0 0 457 457 
0 0 0 0 503 479 479 479 526 
526 0 0 0 0 0 0 0 0 
0 0 20 20 20 0 0 0 0 
0 0 0 0 0 89 89 89 65 
65 0 0 0 135 135 158 158 158 
158 0 0 0 0 0 0 0 0 
0 0 0 0 227 250 250 250 0 
0 0 0 0 296 296 296 272 272 
272 272 319 319 342 342 0 0 0 
0 0 388 388 388 364 364 364 411 
411 0 434 434 434 0 0 0 457 
457 0 0 0 0 503 503 479 479 
526 526 526 0 0 0 0 0 0 
0 0 0 20 20 20 20 20 0 
0 0 0 0 0 0 0 89 89 
89 0 0 112 112 112 135 135 158 
158 158 158 0 0 0 181 181 0 
180 180 0 0 227 227 227 250 250 
250 250 250 0 0 296 296 296 296 
296 272 272 319 319 342 342 342 342 
342 365 365 365 388 388 388 388 0 
411 411 411 0 434 434 434 0 0 
457 457 0 480 480 480 0 503 503 
503 503 526 526 0 0 0 0 0 
0 0 0 0 21 21 20 20 20 
0 0 0 43 43 66 66 66 66 
89 89 89 0 112 112 112 112 112 
135 135 135 158 0 0 0 181 181 
181 180 180 180 204 204 204 227 227 
227 250 250 250 0 0 273 273 296 
296 296 320 320 319 319 0 0 342 
342 342 342 365 365 365 365 388 388 
388 0 411 411 411 0 434 434 434 
0 457 457 0 480 480 480 480 480 
0 503 503 503 526 0 0 0 0 
0 0 0 0 0 21 21 21 0 
0 0 0 0 43 43 43 43 66 
66 66 89 113 113 0 0 112 112 
112 136 135 135 135 0 0 0 0 
181 181 181 180 180 204 204 204 204 
204 227 227 227 0 0 0 273 273 
273 0 0 320 320 319 319 0 0 
0 0 0 0 366 366 365 365 365 
388 0 0 0 411 411 411 435 435 
434 434 457 457 0 0 0 480 480 
480 0 0 503 527 526 0 0 0 
0 0 0 0 0 0 0 21 21 
0 0 0 0 0 67 67 43 43 
43 66 66 66 113 113 113 0 0 
0 136 136 159 159 135 0 0 0 
0 205 181 181 181 180 180 228 228 
204 204 204 251 227 0 0 274 0 
273 273 273 0 0 320 320 319 343 
343 343 0 0 0 366 366 389 389 
389 365 0 0 0 0 0 0 435 
435 458 458 457 457 481 481 0 0 
504 504 504 0 527 527 527 0 0 
0 0 0 0 0 0 0 0 0 
21 21 0 44 44 44 67 67 67 
67 43 43 90 90 66 113 113 113 
0 0 136 136 159 159 159 159 0 
182 182 182 205 205 205 205 180 228 
228 228 228 251 251 251 251 274 274 
274 274 273 273 297 297 320 320 320 
0 343 343 367 0 0 366 366 0 
389 389 389 412 412 412 412 0 0 
435 435 458 458 458 458 481 481 481 
481 0 504 504 504 0 527 527 527 
0 0 0 0 0 0 0 0 0 
0 21 21 0 44 44 44 44 44 
67 67 67 90 90 90 90 90 113 
113 0 0 136 136 0 159 159 159 
159 182 182 182 182 182 205 205 205 
205 228 228 228 228 251 251 251 251 
274 274 274 274 273 297 297 297 320 
320 344 343 343 343 367 0 366 366 
0 0 389 389 389 412 412 412 412 
412 435 435 0 0 458 458 458 458 
481 481 481 481 504 504 504 0 527 
527 527 0 0 0 0 0 0 0 
0 0 0 0 0 0 0 44 44 
44 68 68 67 67 114 114 90 90 
90 113 0 0 136 136 0 0 0 
0 159 159 0 0 182 182 182 0 
205 205 229 229 0 228 275 275 275 
251 251 0 274 274 298 298 297 297 
297 297 344 344 343 343 367 367 366 
366 0 0 390 389 389 0 0 412 
412 436 435 435 0 0 0 0 458 
458 482 482 481 505 505 504 504 528 
0 527 0 0 0 0 0 0 0 
0 0 22 22 0 0 45 45 0 
0 0 68 68 91 91 91 114 114 
114 90 137 137 137 136 136 160 0 
0 0 183 183 0 0 206 206 0 
0 0 0 229 229 252 252 252 275 
275 275 275 0 0 0 298 298 321 
321 297 297 344 344 344 343 367 367 
367 366 0 0 390 390 0 0 0 
0 436 436 436 435 0 0 0 0 
0 0 482 482 0 505 505 505 528 
528 528 0 0 0 0 0 0 0 
0 0 0 22 22 22 45 45 45 
45 45 0 68 68 0 91 91 91 
114 114 114 114 137 137 137 137 137 
160 160 160 183 183 183 183 206 206 
206 206 206 0 229 229 252 252 252 
252 252 275 275 275 0 0 298 298 
0 321 321 321 321 344 344 344 344 
367 367 367 0 0 390 390 0 0 
0 413 0 436 436 436 459 459 459 
459 0 0 482 482 0 0 505 505 
0 528 528 528 0 0 0 0 0 
0 0 0 0 0 22 22 22 46 
45 45 45 45 68 68 0 0 91 
91 91 91 114 114 138 138 137 137 
137 0 160 160 160 207 183 183 183 
183 206 206 206 206 229 229 0 0 
252 252 252 0 275 275 0 0 298 
298 0 0 0 321 321 321 321 344 
0 0 367 0 0 0 390 390 0 
0 413 413 413 0 436 436 436 483 
459 459 459 459 482 482 506 0 0 
505 505 0 528 528 528 0 0 0 
0 0 0 0 0 0 0 22 22 
46 46 0 0 0 68 68 0 0 
115 115 91 91 0 0 138 138 138 
0 0 0 0 160 160 160 207 207 
207 183 183 0 0 206 229 229 0 
0 0 0 0 0 0 299 299 0 
298 298 0 0 0 0 345 345 321 
0 0 0 0 0 0 0 390 390 
0 0 0 413 413 460 460 436 436 
483 483 459 459 459 482 482 506 506 
0 505 505 0 0 528 0 0 0 
0 0 0 0 0 0 0 0 0 
0 46 46 0 0 0 68 68 0 
92 92 115 115 115 115 0 0 138 
138 0 0 0 0 0 160 184 184 
207 207 207 207 230 230 230 229 229 
253 0 0 0 0 0 0 299 299 
299 298 322 322 322 0 0 345 345 
345 0 0 0 0 0 391 391 390 
390 0 0 414 413 413 413 460 460 
460 460 460 483 483 483 482 482 506 
506 506 0 0 0 0 0 0 0 
0 0 0 0 0 0 0 0 23 
23 0 0 46 46 0 69 69 69 
0 92 92 92 115 115 115 115 0 
0 138 138 0 161 161 161 0 184 
184 184 0 207 207 207 230 230 230 
230 230 253 253 253 276 276 276 276 
299 299 299 299 322 322 322 322 0 
345 345 0 0 368 368 368 391 391 
391 391 391 414 414 414 413 413 437 
437 460 460 460 460 483 483 483 0 
0 506 506 506 0 0 529 529 0 
0 0 0 0 0 0 0 0 0 
23 23 23 23 46 46 46 0 69 
69 69 0 92 92 92 92 115 0 
0 0 138 138 0 161 161 161 161 
161 184 184 0 0 0 0 0 0 
230 230 230 253 253 253 253 253 276 
276 276 276 299 299 0 322 322 322 
0 0 345 345 0 0 368 368 368 
368 391 391 391 391 414 414 414 437 
437 437 437 437 437 0 0 483 483 
0 0 0 506 506 0 0 529 529 
529 0 0 0 0 0 0 0 0 
0 0 0 23 23 23 46 0 0 
0 69 69 69 0 0 92 92 0 
0 0 0 0 0 0 0 0 0 
161 161 161 184 184 0 0 0 0 
0 0 0 0 0 0 0 253 253 
0 0 276 276 276 0 0 0 0 
0 0 0 345 345 0 0 0 0 
368 368 368 0 0 0 0 414 414 
414 0 0 437 437 437 0 0 0 
0 0 0 0 0 0 0 0 0 
529 529 529 0 0 0 0 0 0 
0 0 0 0 0 0 23 0 0 
0 0 0 69 69 0 0 0 0 
0 0 0 0 0 0 0 0 0 
0 0 0 0 184 184 0 0 0 
0 0 0 0 0 0 0 0 0 
0 0 0 0 0 0 0 0 0 
0 0 0 0 0 0 0 0 0 
0 0 0 0 0 0 0 0 0 
414 0 0 0 0 0 0 0 0 
0 0 0 0 0 0 0 0 0 
0 0 529 529 0 0 0 0 0 
0 0 0 0 0 0 0 0 0 
0 0 0 0 0 0 0 0 0 
0 0 0 0 0 0 0 0 0 
0 0 0 0 0 0 0 0 0 
0 0 0 0 0 0 0 0 0 
0 0 0 0 0 0 0 0 0 
0 0 0 0 0 0 0 0 0 
0 0 0 0 0 0 0 0 0 
0 0 0 0 0 0 0 0 0 
0 0 0 0 0 0 0 0 0 
0 0 0 0 0 0 0 0 0 
0 0 0 0 0 0 0 0 0 
0 0 0 0 0 0 0 0 0 
0 0 0 0 0 0 0 0 0 
0 0 0 0 0 0 0 0 0 
0 0 0 0 0 0 0 0 0 
0 0 0 0 0 0 0 0 0 
0 0 0 0 0 0 0 0 0 
0 0 0 0 0 0 0 0 0 
0 0 0 0 0 0 0 0 0 
0 0 0 0 0 0 0 0 0 
0 0 0 0 0 0 0 0 0 
0 0 0 0 0 0 0 0 0 
0 0 0 0 0 0 0 0 0 
0 0 0 0 0 0 0 0 0 
0 0 0 0 0 0 0 0 0 
0 0 0 0 0 0 0 0 0 
0 0 0 0 0 0 0 0 0 
0 0 0 0 0 0 0 0 0 
0 0 0 0 0 0 0 0 0 
0 0 0 0 0 0 0 0 0 
0 0 0 0 0 0 0 0 0 
0 0 0 0 0 0 0 0 0 
0 
DRUG 1 10000 double
9.9505758286 9.9111175537 9.8776531219 9.8483076096 9.8220586777 9.7982711792 9.7765197754 9.7565002441 9.7379846573 
9.7207965851 9.7047929764 9.6898612976 9.6759061813 9.6628465652 9.6506128311 9.6391468048 9.6283960342 9.6183137894 
9.6088590622 9.5999937057 9.5916852951 9.5839014053 9.5766162872 9.5698013306 9.5634326935 9.5574865341 9.551940918 
9.5467748642 9.5419721603 9.5375118256 9.5333766937 9.5295495987 9.526017189 9.5227622986 9.5197725296 9.517033577 
9.5145349503 9.5122613907 9.5102043152 9.508354187 9.5067014694 9.5052366257 9.5039539337 9.5028457642 9.5019054413 
9.5011281967 9.5005121231 9.5000505447 9.4997425079 9.4995851517 9.4995794296 9.4997253418 9.5000228882 9.5004739761 
9.501080513 9.5018472672 9.502779007 9.5038785934 9.5051546097 9.506611824 9.5082607269 9.5101051331 9.5121583939 
9.5144281387 9.5169267654 9.5196647644 9.5226554871 9.5259113312 9.5294456482 9.5332736969 9.5374126434 9.5418767929 
9.5466842651 9.5518541336 9.5574045181 9.5633554459 9.5697288513 9.57654953 9.5838403702 9.5916280746 9.5999422073 
9.6088113785 9.6182699203 9.6283569336 9.6391115189 9.6505823135 9.6628189087 9.6758823395 9.6898393631 9.7047739029 
9.7207803726 9.7379703522 9.7564878464 9.776509285 9.7982625961 9.8220510483 9.8483018875 9.8776483536 9.9111146927 
9.9505748749 9.9111175537 9.8361244202 9.7710294724 9.7133388519 9.6614494324 9.6142816544 9.5710678101 9.531244278 
9.4943799973 9.4601354599 9.428237915 9.3984632492 9.3706274033 9.3445711136 9.3201599121 9.2972745895 9.2758140564 
9.2556858063 9.2368087769 9.2191076279 9.2025175095 9.1869754791 9.1724243164 9.1588134766 9.1460933685 9.1342163086 
9.1231393814 9.1128225327 9.1032266617 9.0943174362 9.0860548019 9.078412056 9.0713539124 9.0648508072 9.0588769913 
9.0534067154 9.0484113693 9.0438709259 9.0397615433 9.0360651016 9.0327606201 9.029835701 9.0272722244 9.025056839 
9.0231771469 9.0216264725 9.0203924179 9.0194702148 9.0188541412 9.0185403824 9.0185289383 9.018819809 9.0194139481 
9.0203142166 9.0215272903 9.0230607986 9.0249204636 9.0271186829 9.0296678543 9.0325803757 9.0358715057 9.0395593643 
9.0436601639 9.0481967926 9.0531873703 9.0586585999 9.0646333694 9.071138382 9.0781993866 9.0858488083 9.0941162109 
9.1030340195 9.1126365662 9.1229639053 9.1340494156 9.1459360123 9.1586666107 9.172287941 9.1868486404 9.2024011612 
9.21900177 9.2367124557 9.2555971146 9.2757339478 9.2972040176 9.3200969696 9.3445148468 9.3705768585 9.3984193802 
9.4281988144 9.4601020813 9.4943504333 9.5312194824 9.5710468292 9.6142644882 9.6614351273 9.7133274078 9.7710208893 
9.8361196518 9.9111146927 9.8776521683 9.7710285187 9.6767263412 9.5922365189 9.5157442093 9.4459247589 9.3817834854 
9.3225631714 9.2676668167 9.2166213989 9.1690359116 9.1245946884 9.083024025 9.0440969467 9.0076150894 8.973405838 
8.941318512 8.9112186432 8.882982254 8.8565044403 8.8316831589 8.8084287643 8.786655426 8.7662858963 8.7472476959 
8.7294712067 8.7128925323 8.6974487305 8.6830854416 8.6697454453 8.6573781967 8.6459341049 8.6353664398 8.6256313324 
8.616686821 8.6084928513 8.6010141373 8.594212532 8.588060379 8.5825233459 8.5775756836 8.5731945038 8.5693540573 
8.5660352707 8.5632209778 8.5608959198 8.5590486526 8.5576658249 8.5567436218 8.5562744141 8.5562562943 8.5566911697 
8.5575780869 8.5589284897 8.5607442856 8.563038826 8.5658254623 8.5691175461 8.5729351044 8.5772972107 8.5822267532 
8.5877485275 8.5938920975 8.6006832123 8.6081581116 8.616350174 8.625295639 8.6350345612 8.6456069946 8.6570596695 
8.6694364548 8.6827878952 8.6971645355 8.7126207352 8.7292137146 8.7470064163 8.7660608292 8.7864456177 8.8082342148 
8.8315038681 8.856341362 8.8828344345 8.9110832214 8.9411964417 8.9732971191 9.007516861 9.0440101624 9.082947731 
9.1245269775 9.1689777374 9.2165689468 9.2676229477 9.3225250244 9.3817520142 9.4458990097 9.5157232285 9.5922203064 
9.6767139435 9.7710208893 9.8776483536 9.8483066559 9.7133378983 9.5922365189 9.4826822281 9.382850647 9.2913179398 
9.2069644928 9.1289052963 9.0564222336 8.9889354706 8.9259643555 8.8671045303 8.8120126724 8.7603969574 8.7120027542 
8.6666078568 8.6240148544 8.5840492249 8.5465526581 8.5113811493 8.4784078598 8.4475097656 8.4185771942 8.3915052414 
8.3662004471 8.3425712585 8.3205308914 8.3000011444 8.2809028625 8.2631654739 8.246720314 8.2315015793 8.2174482346 
8.204501152 8.1926040649 8.1817054749 8.171754837 8.1627082825 8.1545228958 8.1471567154 8.1405744553 8.1347436905 
8.1296339035 8.1252174377 8.1214733124 8.1183786392 8.1159181595 8.1140775681 8.1128482819 8.1122226715 8.112197876 
8.1127758026 8.1139564514 8.1157512665 8.1181669235 8.1212205887 8.1249265671 8.1293077469 8.1343860626 8.1401882172 
8.1467466354 8.1540927887 8.1622629166 8.1712989807 8.1812419891 8.1921377182 8.204035759 8.2169885635 8.2310495377 
8.2462797165 8.2627382278 8.2804918289 8.2996072769 8.3201560974 8.3422174454 8.3658685684 8.3911943436 8.4182872772 
8.4472417831 8.4781608582 8.5111570358 8.5463476181 8.5838632584 8.6238470078 8.6664581299 8.7118682861 8.7602777481 
8.8119077682 8.8670120239 8.9258832932 8.9888658524 9.0563621521 9.1288537979 9.2069215775 9.2912826538 9.3828220367 
9.4826593399 9.5922203064 9.7133274078 9.8483018875 9.822057724 9.6614484787 9.5157432556 9.382850647 9.2610216141 
9.1488275528 9.0450925827 8.9488592148 8.859333992 8.7758560181 8.6978712082 8.6249103546 8.5565690994 8.4924993515 
8.4323959351 8.3759937286 8.3230524063 8.2733631134 8.2267284393 8.1829776764 8.141951561 8.1035003662 8.067489624 
8.0337915421 8.0022878647 7.9728660583 7.945420742 7.9198532104 7.8960676193 7.8739738464 7.8534884453 7.8345293999 
7.8170199394 7.8008871078 7.7860627174 7.7724809647 7.7600812912 7.7488064766 7.7386026382 7.7294206619 7.7212152481 
7.7139458656 7.7075748444 7.7020683289 7.6973972321 7.6935377121 7.6904678345 7.6881718636 7.6866374016 7.6858558655 
7.6858239174 7.6865415573 7.6880135536 7.6902489662 7.6932606697 7.6970653534 7.7016859055 7.7071461678 7.713476181 
7.720708847 7.7288827896 7.7380385399 7.7482228279 7.7594833374 7.7718749046 7.7854523659 7.8002791405 7.8164186478 
7.8339381218 7.8529119492 7.8734154701 7.895529747 7.91933918 7.9449319839 7.9724040031 8.0018529892 8.0333852768 
8.0671129227 8.1031513214 8.1416301727 8.1826848984 8.2264623642 8.2731208801 8.3228359222 8.3757991791 8.4322223663 
8.4923448563 8.556432724 8.6247901917 8.697766304 8.775765419 8.8592557907 8.9487924576 9.0450372696 9.1487817764 
9.2609844208 9.3828220367 9.5157222748 9.6614351273 9.8220510483 9.7982711792 9.6142807007 9.4459238052 9.2913169861 
9.1488265991 9.0170583725 8.8948345184 8.7811641693 8.6752061844 8.57625103 8.4836883545 8.3969984055 8.3157281876 
8.2394838333 8.1679172516 8.1007223129 8.0376253128 7.9783797264 7.9227614403 7.8705673218 7.8216104507 7.7757182121 
7.7327299118 7.6924958229 7.6548757553 7.6197371483 7.5869550705 7.5564112663 7.5279941559 7.5015964508 7.4771161079 
7.4544582367 7.4335308075 7.4142475128 7.396525383 7.3802886009 7.36546278 7.3519802094 7.3397779465 7.3287973404 
7.3189826012 7.3102869987 7.3026647568 7.2960758209 7.2904863358 7.2858667374 7.2821917534 7.2794427872 7.2776041031 
7.2766671181 7.2766265869 7.2774825096 7.2792415619 7.2819132805 7.2855143547 7.2900643349 7.295589447 7.3021187782 
7.3096885681 7.3183383942 7.3281126022 7.3390617371 7.3512392044 7.3647036552 7.3795185089 7.3957519531 7.4134759903 
7.4327683449 7.4537091255 7.4763855934 7.5008888245 7.5273137093 7.5557608604 7.5863370895 7.6191539764 7.6543273926 
7.6919841766 7.7322545052 7.7752785683 7.8212070465 7.8701982498 7.9224262238 7.978076458 8.037352562 8.1004781723 
8.1676998138 8.2392902374 8.3155584335 8.3968496323 8.4835586548 8.5761384964 8.6751098633 8.7810821533 8.8947658539 
9.0170021057 9.1487808228 9.2912817001 9.445898056 9.6142635345 9.7982625961 9.7765197754 9.5710678101 9.3817825317 
9.2069635391 9.045091629 8.8948345184 8.7550373077 8.6247024536 8.5029678345 8.389093399 8.2824344635 8.182431221 
8.088593483 8.0004911423 7.917740345 7.8400011063 7.7669677734 7.698363781 7.6339378357 7.5734596252 7.5167160034 
7.463511467 7.4136638641 7.3670005798 7.3233613968 7.2825942039 7.2445554733 7.2091093063 7.1761264801 7.1454839706 
7.1170639992 7.0907564163 7.0664558411 7.0440611839 7.023478508 7.004617691 6.9873943329 6.9717302322 6.9575514793 
6.9447898865 6.9333834648 6.9232749939 6.9144134521 6.9067525864 6.9002528191 6.8948793411 6.890604496 6.8874049187 
6.8852643967 6.8841705322 6.8841195107 6.8851118088 6.8871531487 6.8902568817 6.8944396973 6.8997263908 6.9061455727 
6.9137330055 6.9225292206 6.9325799942 6.9439377785 6.956659317 6.9708075523 6.9864497185 7.0036597252 7.0225162506 
7.0431022644 7.0655078888 7.0898265839 7.1161570549 7.1446061134 7.1752829552 7.2083029747 7.2437901497 7.2818713188 
7.3226833344 7.3663678169 7.4130768776 7.4629702568 7.5162186623 7.5730047226 7.6335253716 7.6979908943 7.7666325569 
7.8397011757 7.9174733162 8.000254631 8.088385582 8.1822481155 8.2822751999 8.3889560699 8.5028495789 8.6246013641 
8.7549533844 8.8947658539 9.0450363159 9.2069196701 9.3817510605 9.5710468292 9.7765083313 9.7565002441 9.531244278 
9.322561264 9.128903389 8.9488573074 8.7811632156 8.6247014999 8.4784879684 8.3416566849 8.2134532928 8.0932102203 
7.9803419113 7.8743309975 7.7747173309 7.6810908318 7.593082428 7.5103583336 7.4326171875 7.3595814705 7.2909975052 
7.2266306877 7.166261673 7.1096878052 7.0567164421 7.007168293 6.9608736038 6.9176697731 6.8774046898 6.839931488 
6.8051123619 6.7728152275 6.7429146767 6.7152910233 6.6898312569 6.666428566 6.6449804306 6.6253914833 6.6075739861 
6.5914435387 6.5769238472 6.5639438629 6.5524392128 6.5423517227 6.5336294174 6.5262284279 6.520108223 6.5152378082 
6.5115914345 6.5091495514 6.5078997612 6.5078372955 6.5089621544 6.5112814903 6.5148096085 6.5195670128 6.5255799294 
6.5328822136 6.5415139198 6.5515208244 6.5629549026 6.5758757591 6.59034729 6.6064405441 6.6242313385 6.6438035965 
6.6652464867 6.6886553764 6.7141289711 6.741774559 6.7717051506 6.8040380478 6.8388991356 6.8764185905 6.9167346954 
6.9599914551 7.0063414574 7.0559453964 7.1089730263 7.165602684 7.2260255814 7.2904462814 7.3590807915 7.4321651459 
7.5099525452 7.5927195549 7.680768013 7.7744321823 7.8740797043 7.9801216125 8.0930185318 8.2132883072 8.3415155411 
8.4783668518 8.6246004105 8.7810811996 8.9487915039 9.1288518906 9.3225240707 9.5312185287 9.7564868927 9.7379846573 
9.4943790436 9.267665863 9.0564203262 8.8593320847 8.6752052307 8.5029668808 8.3416566849 8.1904172897 8.0484867096 
7.9151935577 7.7899327278 7.6721668243 7.5614151955 7.457244873 7.3592638969 7.2671175003 7.1804790497 7.0990519524 
7.0225601196 6.9507479668 6.883377552 6.8202252388 6.7610812187 6.7057471275 6.6540360451 6.6057696342 6.5607771873 
6.5188984871 6.4799799919 6.4438743591 6.4104437828 6.3795537949 6.351079464 6.3249006271 6.3009061813 6.2789883614 
6.2590484619 6.2409944534 6.2247400284 6.2102074623 6.197324276 6.1860251427 6.1762542725 6.1679606438 6.1611013412 
6.1556406021 6.151550293 6.1488084793 6.1474032402 6.1473269463 6.1485800743 6.1511721611 6.1551175117 6.1604399681 
6.1671700478 6.1753425598 6.1850037575 6.1962041855 6.209002018 6.2234630585 6.2396588326 6.2576680183 6.2775759697 
6.299475193 6.3234643936 6.3496499062 6.3781414032 6.4090595245 6.4425272942 6.4786772728 6.5176477432 6.5595831871 
6.6046376228 6.6529698372 6.7047486305 6.7601509094 6.8193635941 6.8825836182 6.9500203133 7.021897316 7.0984516144 
7.1799373627 7.2666306496 7.3588299751 7.4568591118 7.5610747337 7.6718673706 7.7896704674 7.9149661064 8.0482912064 
8.1902484894 8.3415136337 8.5028476715 8.6751070023 8.8592529297 9.0563592911 9.2676210403 9.4943494797 9.7379703522 
9.7207965851 9.4601345062 9.2166194916 8.9889335632 8.775853157 8.5762491226 8.3890924454 8.2134513855 8.0484867096 
7.8934431076 7.7476429939 7.6104745865 7.4813890457 7.3598890305 7.2455258369 7.1378884315 7.0366034508 6.9413275719 
6.8517422676 6.7675557137 6.6884918213 6.6142954826 6.5447258949 6.4795556068 6.4185700417 6.3615646362 6.3083457947 
6.2587285042 6.212536335 6.1696019173 6.12976408 6.0928711891 6.0587773323 6.0273432732 5.9984397888 5.9719414711 
5.9477338791 5.9257068634 5.9057579041 5.8877954483 5.8717312813 5.8574881554 5.8449940681 5.834186554 5.8250107765 
5.817419529 5.8113732338 5.806842804 5.8038029671 5.8022403717 5.8021473885 5.803524971 5.8063836098 5.8107395172 
5.8166179657 5.824051857 5.8330812454 5.8437561989 5.8561315536 5.8702721596 5.8862490654 5.9041419029 5.924036026 
5.9460253716 5.9702124596 5.9967045784 6.0256171227 6.0570731163 6.0912017822 6.1281404495 6.168033123 6.2110314369 
6.2572937012 6.3069863319 6.3602848053 6.4173722267 6.4784412384 6.5436954498 6.6133470535 6.6876239777 6.7667651176 
6.8510270119 6.9406824112 7.0360255241 7.1373729706 7.2450685501 7.3594861031 7.4810347557 7.610165596 7.7473750114 
7.8932127953 8.048289299 8.2132844925 8.3889522552 8.576133728 8.7757616043 8.9888620377 9.2165670395 9.460100174 
9.7207794189 9.7047929764 9.4282360077 9.1690349579 8.9259624481 8.6978683472 8.4836854935 8.2824325562 8.093208313 
7.9151921272 7.7476420403 7.5898823738 7.441300869 7.30134058 7.1694946289 7.0453019142 6.9283385277 6.8182148933 
6.7145724297 6.6170783043 6.5254220963 6.4393129349 6.3584799767 6.2826647758 6.211625576 6.1451311111 6.0829629898 
6.0249118805 5.9707779884 5.9203720093 5.8735117912 5.8300237656 5.7897424698 5.7525100708 5.7181763649 5.6866006851 
5.6576471329 5.6311898232 5.607111454 5.5853009224 5.565656662 5.5480852127 5.5325007439 5.5188279152 5.5069966316 
5.496948719 5.4886331558 5.4820075035 5.4770383835 5.4737010002 5.4719800949 5.4718680382 5.4733657837 5.4764842987 
5.481241703 5.4876656532 5.4957909584 5.5056633949 5.5173339844 5.5308656693 5.5463261604 5.563794136 5.5833539963 
5.6051001549 5.629134655 5.6555666924 5.6845145226 5.7161026001 5.7504634857 5.7877392769 5.8280768394 5.8716320992 
5.9185705185 5.9690618515 6.0232872963 6.0814352036 6.143702507 6.2102980614 6.2814383507 6.3573522568 6.4382829666 
6.5244855881 6.6162314415 6.7138109207 6.8175330162 6.9277310371 7.0447635651 7.1690206528 7.300924778 7.4409384727 
7.5895681381 7.7473716736 7.914961338 8.0930128098 8.2822694778 8.4835519791 8.697760582 8.9258785248 9.1689729691 
9.4281959534 9.7047729492 9.6898603439 9.3984613419 9.1245918274 8.8671007156 8.6249065399 8.3969945908 8.1824274063 
7.9803380966 7.7899298668 7.6104726791 7.4412999153 7.2818002701 7.1314163208 6.9896349907 6.8559861183 6.7300362587 
6.6113848686 6.4996600151 6.3945150375 6.2956261635 6.2026891708 6.1154165268 6.0335378647 5.9567956924 5.8849453926 
5.817753315 5.7549967766 5.6964631081 5.6419487 5.591258049 5.5442061424 5.5006151199 5.4603147507 5.4231448174 
5.3889522552 5.3575925827 5.3289308548 5.3028392792 5.2791991234 5.2579011917 5.238846302 5.2219419479 5.2071046829 
5.1942634583 5.1833529472 5.1743202209 5.1671190262 5.1617150307 5.1580805779 5.1561989784 5.1560649872 5.1576766968 
5.1610479355 5.1661977768 5.1731557846 5.1819605827 5.1926593781 5.2053098679 5.2199764252 5.2367334366 5.2556648254 
5.2768621445 5.3004264832 5.3264660835 5.3551001549 5.3864545822 5.4206628799 5.4578680992 5.4982209206 5.5418815613 
5.5890159607 5.6398005486 5.694419384 5.7530646324 5.8159375191 5.8832497597 5.955221653 6.0320854187 6.1140837669 
6.2014722824 6.2945218086 6.393517971 6.4987640381 6.610584259 6.7293243408 6.8553562164 6.9890804291 7.1309309006 
7.2813777924 7.4409337044 7.6101584435 7.7896614075 7.9801120758 8.1822385788 8.3968400955 8.6247816086 8.8670043945 
9.1245212555 9.3984146118 9.6898374557 9.6759052277 9.3706245422 9.0830211639 8.8120088577 8.5565643311 8.3157243729 
8.0885896683 7.8743267059 7.6721634865 7.4813857079 7.3013381958 7.1314153671 6.9710593224 6.8197565079 6.6770305634 
6.5424418449 6.4155807495 6.2960648537 6.1835365295 6.0776605606 5.978120327 5.8846154213 5.7968630791 5.7145915031 
5.637544632 5.5654745102 5.4981470108 5.4353342056 5.3768219948 5.3224024773 5.2718782425 5.2250585556 5.1817646027 
5.1418237686 5.1050729752 5.0713596344 5.0405373573 5.0124721527 4.987036705 4.964114666 4.9435997009 4.9253940582 
4.9094099998 4.8955702782 4.8838071823 4.8740634918 4.8662910461 4.860452652 4.8565211296 4.8544774055 4.8543157578 
4.8560361862 4.8596525192 4.8651852608 4.8726668358 4.8821368217 4.8936476707 4.9072585106 4.9230389595 4.941069603 
4.9614372253 4.9842405319 5.0095872879 5.0375928879 5.0683832169 5.1020917892 5.1388630867 5.1788482666 5.2222075462 
5.2691116333 5.3197369576 5.3742713928 5.4329099655 5.4958567619 5.563325882 5.6355400085 5.7127332687 5.79515028 
5.8830456734 5.9766893387 6.0763635635 6.1823673248 6.2950153351 6.4146447182 6.5416107178 6.6762962341 6.8191108704 
6.9704947472 7.1309247017 7.3009142876 7.4810218811 7.6718535423 7.8740653992 8.0883712769 8.3155450821 8.5564203262 
8.8118972778 9.0829401016 9.3705711365 9.6758785248 9.6628456116 9.3445682526 9.044093132 8.760392189 8.4924936295 
8.2394771576 8.0004854202 7.7747120857 7.5614099503 7.3598847389 7.169491291 6.9896326065 6.8197550774 6.65934515 
6.5079245567 6.3650474548 6.2302999496 6.103290081 5.9836530685 5.8710422516 5.7651305199 5.6656069756 5.5721764565 
5.484556675 5.4024782181 5.3256826401 5.2539215088 5.186958313 5.1245632172 5.0665192604 5.0126166344 4.9626545906 
4.9164423943 4.8737988472 4.8345508575 4.7985358238 4.7656002045 4.7356009483 4.7084035873 4.6838860512 4.6619348526 
4.6424474716 4.6253314018 4.6105046272 4.5978975296 4.5874476433 4.5791072845 4.5728354454 4.5686044693 4.5663957596 
4.56620121 4.5680241585 4.5718770027 4.5777831078 4.5857753754 4.5958981514 4.6082053185 4.6227583885 4.6396331787 
4.6589121819 4.680688858 4.7050671577 4.7321600914 4.7620902061 4.7949900627 4.8310022354 4.8702769279 4.912976265 
4.9592685699 5.0093336105 5.0633592606 5.1215429306 5.1840901375 5.2512164116 5.3231468201 5.4001169205 5.4823703766 
5.5701642036 5.6637654305 5.7634539604 5.8695249557 5.9822869301 6.1020669937 6.2292094231 6.3640813828 6.5070719719 
6.6585974693 6.8191027641 6.989066124 7.169002533 7.3594660759 7.5610542297 7.7744121552 8.0002346039 8.2392730713 
8.4923286438 8.7602643967 9.0439996719 9.3445072174 9.6628141403 9.6506118774 9.3201570511 9.0076112747 8.7119970322 
8.4323892593 8.1679096222 7.9177331924 7.681084156 7.4572386742 7.2455201149 7.0452971458 6.8559827805 6.677028656 
6.5079236031 6.3481888771 6.1973772049 6.0550684929 5.9208669662 5.7943983078 5.6753096581 5.5632634163 5.4579401016 
5.3590335846 5.2662506104 5.1793107986 5.0979452133 5.021894455 4.9509105682 4.8847522736 4.8231916428 4.7660083771 
4.7129917145 4.6639404297 4.618663311 4.5769791603 4.5387163162 4.503713131 4.4718194008 4.4428944588 4.4168086052 
4.3934445381 4.3726930618 4.3544583321 4.3386554718 4.3252096176 4.3140587807 4.3051509857 4.2984452248 4.2939119339 
4.2915334702 4.2913012505 4.2932186127 4.2972998619 4.30356884 4.3120613098 4.3228225708 4.3359098434 4.3513879776 
4.3693361282 4.389840126 4.4129991531 4.4389209747 4.4677248001 4.4995388985 4.5345020294 4.5727639198 4.6144838333 
4.6598300934 4.7089805603 4.7621235847 4.8194565773 4.8811855316 4.9475274086 5.0187082291 5.0949625969 5.1765365601 
5.2636852264 5.3566756248 5.4557857513 5.5613059998 5.6735405922 5.7928094864 5.9194455147 6.0538048744 6.1962590218 
6.3472046852 6.5070610046 6.6762776375 6.8553318977 7.0447363853 7.2450399399 7.4568309784 7.6807413101 7.917447567 
8.1676769257 8.4322023392 8.7118520737 9.0075044632 9.3200874329 9.6505775452 9.6391448975 9.2972717285 8.9734010696 
8.6666002274 8.3759860992 8.1007137299 7.8399920464 7.5930738449 7.3592557907 7.137881279 6.9283328056 6.730032444 
6.5424394608 6.3650465012 6.1973776817 6.0389823914 5.8894400597 5.7483491898 5.6153302193 5.4900226593 5.3720827103 
5.2611808777 5.1570034027 5.0592460632 4.9676203728 4.8818449974 4.801651001 4.7267794609 4.6569805145 4.5920138359 
4.5316495895 4.4756669998 4.4238562584 4.3760166168 4.3319578171 4.2915000916 4.2544760704 4.22072649 4.1901059151 
4.1624789238 4.1377220154 4.1157226562 4.0963811874 4.0796098709 4.0653309822 4.0534801483 4.0440049171 4.0368623734 
4.032022953 4.0294680595 4.0291905403 4.0311946869 4.0354948044 4.042116642 4.051097393 4.0624847412 4.0763368607 
4.0927238464 4.1117258072 4.133433342 4.1579480171 4.1853833199 4.2158632278 4.2495212555 4.2865028381 4.326962471 
4.371067524 4.4189939499 4.4709262848 4.5270624161 4.5876083374 4.6527795792 4.7228007317 4.7979073524 4.8783459663 
4.9643707275 5.0562462807 5.1542506218 5.2586698532 5.3698043823 5.487967968 5.61348629 5.7467041016 5.8879799843 
6.0376930237 6.1962442398 6.3640561104 6.541577816 6.7292871475 6.9276914597 7.1373333931 7.3587918282 7.5926837921 
7.8396682739 8.1004486084 8.3757734299 8.6664361954 8.9732809067 9.2971935272 9.6391067505 9.6283931732 9.275809288 
8.9413118362 8.6240053177 8.3230428696 8.0376138687 7.7669563293 7.5103473663 7.2671070099 7.0365943909 6.8182082176 
6.6113805771 6.4155783653 6.2302994728 6.0550699234 5.8894414902 5.7329897881 5.5853123665 5.446023941 5.3147592545 
5.1911673546 5.0749125481 4.9656715393 4.8631329536 4.7669973373 4.6769747734 4.5927867889 4.5141639709 4.44084692 
4.3725862503 4.3091421127 4.2502846718 4.1957941055 4.1454615593 4.0990896225 4.0564908981 4.0174899101 3.9819221497 
3.9496366978 3.9204921722 3.8943610191 3.8711280823 3.8506891727 3.8329541683 3.8178441525 3.8052928448 3.7952461243 
3.7876615524 3.7825095654 3.779771328 3.7794408798 3.781522274 3.786031723 3.7929961681 3.8024539948 3.8144550323 
3.8290596008 3.8463389874 3.8663766384 3.8892662525 3.9151134491 3.944034338 3.9761571884 4.0116209984 4.0505752563 
4.0931830406 4.1396141052 4.190053463 4.2446942329 4.3037390709 4.3674030304 4.4359097481 4.5094943047 4.5883994102 
4.6728801727 4.7631998062 4.8596339226 4.9624667168 5.0719943047 5.1885256767 5.3123803139 5.4438934326 5.5834150314 
5.7313094139 5.8879599571 6.0537705421 6.229165554 6.4145941734 6.6105308533 6.8174786568 7.0359725952 7.2665805817 
7.509906292 7.7665905952 8.0373153687 8.3228034973 8.6238212585 8.9411764145 9.2757205963 9.6283502579 9.6183099747 
9.2556800842 8.9112091064 8.5840377808 8.273349762 7.9783658981 7.6983499527 7.4326033592 7.1804666519 6.9413166046 
6.7145648003 6.4996547699 6.2960629463 6.1032915115 5.9208707809 5.7483539581 5.5853161812 5.4313521385 5.286075592 
5.1491150856 5.0201144218 4.8987317085 4.7846360207 4.677508831 4.5770421028 4.4829368591 4.3949055672 4.312669754 
4.2359604836 4.1645188332 4.0980958939 4.0364532471 3.9793634415 3.9266083241 3.8779833317 3.8332943916 3.7923593521 
3.7550086975 3.72108531 3.6904447079 3.6629552841 3.6384980679 3.6169674397 3.5982706547 3.5823276043 3.5690710545 
3.5584468842 3.5504126549 3.5449390411 3.5420081615 3.5416142941 3.5437629223 3.5484716892 3.5557687283 3.5656933784 
3.5782968998 3.5936415195 3.6118001938 3.6328585148 3.6569120884 3.6840696335 3.7144503593 3.7481856346 3.7854192257 
3.826305151 3.8710103035 3.9197123051 3.9725999832 4.029873848 4.0917444229 4.1584329605 4.2301716805 4.3072018623 
4.3897762299 4.478158474 4.5726184845 4.6734399796 4.7809166908 4.8953514099 5.0170602798 5.1463704109 5.2836232185 
5.4291725159 5.5833888054 5.746658802 5.9193868637 6.1019997597 6.2949433327 6.4986906052 6.7137379646 6.940612793 
7.179872036 7.4321055412 7.6979374886 7.9780302048 8.2730817795 8.5838308334 8.9110584259 9.2555809021 9.6182613373 
9.6088552475 9.2368021011 8.8829717636 8.5465393066 8.2267131805 7.922744751 7.6339206696 7.3595647812 7.0990366936 
6.8517298698 6.6170692444 6.3945102692 6.1835360527 5.9836573601 5.7944068909 5.6153411865 5.4460353851 5.2860836983 
5.1350970268 4.9927005768 4.8585343361 4.7322492599 4.6135087013 4.5019869804 4.3973679543 4.2993454933 4.2076225281 
4.1219115257 4.0419354439 3.9674260616 3.8981263638 3.8337888718 3.7741780281 3.7190690041 3.6682496071 3.6215188503 
3.578690052 3.5395874977 3.5040507317 3.4719314575 3.4430942535 3.4174187183 3.3947973251 3.3751356602 3.3583536148 
3.3443834782 3.3331716061 3.3246762753 3.3188691139 3.3157331944 3.3152644634 3.3174695969 3.3223669529 3.3299863338 
3.3403685093 3.3535652161 3.3696401119 3.3886675835 3.4107336998 3.4359366894 3.4643864632 3.4962048531 3.5315260887 
3.5704965591 3.6132750511 3.6600322723 3.710950613 3.7662246227 3.8260602951 3.8906745911 3.9602956772 4.0351624489 
4.1155247688 4.2016415596 4.293782711 4.3922286034 4.4972686768 4.6092038155 4.7283453941 4.8550143242 4.9895448685 
5.1322832108 5.2835884094 5.443833828 5.6134085655 5.7927193642 5.982190609 6.1822681427 6.3934197426 6.6161370277 
6.8509378433 7.0983686447 7.3590054512 7.6334586143 7.9223690033 8.2264137268 8.5463085175 8.8828048706 9.2366924286 
9.6088008881 9.5999898911 9.2190999985 8.8564920425 8.5113658905 8.1829586029 7.8705472946 7.5734386444 7.2909770012 
7.0225419998 6.7675404549 6.5254116058 6.2956213951 6.077662468 5.8710508347 5.6753249168 5.4900426865 5.3147826195 
5.1491370201 4.9927153587 4.8451414108 4.7060494423 4.5750865936 4.4519100189 4.3361878395 4.227596283 4.1258211136 
4.0305581093 3.9415111542 3.8583939075 3.7809302807 3.7088546753 3.6419110298 3.5798568726 3.5224597454 3.4695007801 
3.4207744598 3.3760876656 3.3352613449 3.2981305122 3.264544487 3.2343657017 3.207472086 3.183754921 3.1631200314 
3.1454870701 3.1307897568 3.1189749241 3.1100029945 3.1038463116 3.1004905701 3.099932909 3.1021819115 3.1072571278 
3.1151897907 3.1260213852 3.1398041248 3.1566026211 3.1764914989 3.1995573044 3.2258989811 3.2556273937 3.2888660431 
3.3257508278 3.3664307594 3.4110672474 3.4598345757 3.5129191875 3.570520401 3.6328494549 3.7001290321 3.7725934982 
3.850487709 3.934068203 4.0236005783 4.1193623543 4.2216410637 4.3307323456 4.4469432831 4.5705928802 4.7020068169 
4.8415260315 4.9894995689 5.146291256 5.3122768402 5.4878487587 5.6734127998 5.8693933487 6.0762324333 6.2943944931 
6.5243644714 6.7666525841 7.0217938423 7.2903528214 7.5729227066 7.8701281548 8.1826257706 8.5111083984 8.8563051224 
9.2189779282 9.5999298096 9.5916805267 9.202507019 8.8316688538 8.4783878326 8.1419286728 7.8215856552 7.516690731 
7.2266058922 6.9507260323 6.6884741783 6.4393014908 6.2026848793 5.9781250954 5.765144825 5.563287735 5.372115612 
5.1912074089 5.0201568604 4.8585729599 4.7060747147 4.5622954369 4.4268774986 4.299472332 4.1797418594 4.0673565865 
3.9619941711 3.8633425236 3.7710976601 3.6849648952 3.6046595573 3.5299072266 3.4604451656 3.3960223198 3.3364005089 
3.2813549042 3.2306735516 3.1841599941 3.1416318417 3.1029210091 3.0678739548 3.0363531113 3.0082345009 2.9834103584 
2.9617869854 2.9432852268 2.9278404713 2.9154014587 2.9059312344 2.8994050026 2.8958106041 2.895147562 2.8974261284 
2.9026682377 2.9109055996 2.9221801758 2.936545372 2.9540646076 2.9748120308 2.9988741875 3.0263497829 3.0573494434 
3.0919966698 3.1304285526 3.1727952957 3.2192606926 3.2700014114 3.3252074718 3.3850820065 3.4498400688 3.5197100639 
3.5949316025 3.6757555008 3.7624440193 3.8552694321 3.954515934 4.0604763031 4.173453331 4.2937612534 4.4217219353 
4.5576691628 4.7019472122 4.8549103737 5.0169248581 5.1883687973 5.369635582 5.5611314774 5.763279438 5.9765195847 
6.2013101578 6.4381308556 6.6874833107 6.9498934746 7.2259120941 7.5161185265 7.8211212158 8.1415596008 8.4781045914 
8.8314619064 9.2023735046 9.5916147232 9.5838956833 9.1869621277 8.8084106445 8.4474868774 8.1034727097 7.7756876945 
7.4634804726 7.1662316322 6.8833508492 6.614274025 6.3584661484 6.1154127121 5.8846235275 5.6656284332 5.4579758644 
5.2612309456 5.0749745369 4.8988022804 4.7323212624 4.575150013 4.4269180298 4.2872643471 4.1558365822 4.032289505 
3.916287899 3.8075027466 3.7056133747 3.6103084087 3.5212841034 3.4382476807 3.360916853 3.2890212536 3.22230196 
3.16051507 3.1034295559 3.0508303642 3.0025155544 2.9583010674 2.9180161953 2.8815071583 2.8486351967 2.8192775249 
2.7933270931 2.7706913948 2.7512943745 2.7350740433 2.7219829559 2.7119867802 2.7050647736 2.7012081146 2.7004196644 
2.7027125359 2.7081098557 2.7166445255 2.728358984 2.74330616 2.7615478039 2.7831573486 2.8082194328 2.836830616 
2.8691008091 2.9051523209 2.945122242 2.9891607761 3.0374326706 3.0901162624 3.1474044323 3.2095031738 3.2766315937 
3.34902215 3.4269192219 3.5105791092 3.600269556 3.6962687969 3.798866272 3.9083614349 4.0250630379 4.1492900848 
4.2813706398 4.421643734 4.5704565048 4.7281675339 4.8951458931 5.0717720985 5.2584400177 5.455555439 5.6635403633 
5.882830143 6.1138801575 6.3571634293 6.6131739616 6.8824276924 7.1654639244 7.4628491402 7.7751755714 8.1030654907 
8.4471731186 8.8081846237 9.1868152618 9.583823204 9.5766086578 9.1724090576 8.7866334915 8.418548584 8.0674571991 
7.7326931953 7.4136257172 7.1096510887 6.8201918602 6.5446996689 6.2826480865 6.0335335732 5.7968745232 5.5722064972 
5.3590831757 5.1570739746 4.9657621384 4.784743309 4.6136260033 4.4520273209 4.2995738983 4.1559009552 4.020652771 
3.8934788704 3.7740371227 3.6619913578 3.5570144653 3.4587857723 3.3669934273 3.2813360691 3.2015228271 3.1272754669 
3.0583283901 2.9944317341 2.9353489876 2.8808610439 2.8307635784 2.784870863 2.7430105209 2.7050290108 2.6707880497 
2.6401669979 2.613060236 2.5893793106 2.5690507889 2.5520176888 2.538236618 2.5276792049 2.5203285217 2.5161809921 
2.5152432919 2.5175321102 2.5230724812 2.531898737 2.5440530777 2.559586525 2.5785593987 2.601041317 2.6271147728 
2.6568720341 2.6904213428 2.72788167 2.7693889141 2.8150923252 2.8651564121 2.9197604656 2.9790990353 3.0433797836 
3.1128256321 3.1876726151 3.2681691647 3.3545763493 3.4471669197 3.5462248325 3.6520450115 3.7649321556 3.8852007389 
4.0131750107 4.1491885185 4.2935833931 4.4467120171 4.6089353561 4.7806253433 4.9621648788 5.1539478302 5.356379509 
5.5698785782 5.7948799133 6.0318331718 6.281206131 6.5434846878 6.8191747665 7.1088056564 7.4129319191 7.7321314812 
8.0670108795 8.4182062149 8.7863855362 9.1722478867 9.5765295029 9.5697917938 9.1587944031 8.7662591934 8.3914718628 
8.0337514877 7.6924510002 7.3669538498 7.0566711426 6.7610402107 6.4795222282 6.2116041183 5.9567899704 5.7146062851 
5.4845952988 5.2663164139 5.0593414307 4.863257885 4.6776623726 4.5021629333 4.3363757133 4.1799263954 4.0324478149 
3.8935790062 3.7629647255 3.6402573586 3.5251133442 3.4171969891 3.3161799908 3.2217419147 3.1335718632 3.0513703823 
2.974850893 2.9037411213 2.8377842903 2.7767403126 2.7203865051 2.6685168743 2.6209440231 2.5774965286 2.5380213261 
2.5023825169 2.4704618454 2.4421579838 2.4173858166 2.3960785866 2.3781838417 2.3636655807 2.3525006771 2.3446803093 
2.3402059078 2.3390903473 2.3413541317 2.3470256329 2.3561398983 2.3687381744 2.3848693371 2.4045894146 2.4279639721 
2.4550697803 2.4859948158 2.5208413601 2.5597259998 2.6027803421 2.6501517296 2.7020032406 2.7585139275 2.8198792934 
2.8863081932 2.9580261707 3.0352716446 3.1182975769 3.2073690891 3.3027641773 3.4047710896 3.5136902332 3.6298313141 
3.7535142899 3.885068655 4.0248322487 4.1731510162 4.3303818703 4.4968891144 4.6730461121 4.8592371941 5.0558571815 
5.2633104324 5.4820141792 5.7124004364 5.9549136162 6.2100162506 6.4781870842 6.7599239349 7.0557460785 7.3661952019 
7.6918382645 8.0332670212 8.3910999298 8.7659902573 9.1586198807 9.5697059631 9.5634212494 9.1460704803 8.7472143173 
8.3661584854 8.0022382736 7.6548204422 7.3233032227 7.0071115494 6.7056951523 6.4185266495 6.1451020241 5.884935379 
5.6375598907 5.4025244713 5.1793928146 4.9677424431 4.7671618462 4.577249527 4.3976154327 4.2278747559 4.067650795 
3.9165742397 3.7742803097 3.6404104233 3.51460886 3.3965265751 3.2858190536 3.1821491718 3.0851869583 2.9946117401 
2.9101140499 2.8313989639 2.7581861019 2.6902139187 2.6272375584 2.5690317154 2.5153901577 2.4661250114 2.421066761 
2.3800644875 2.3429858685 2.3097162247 2.2801594734 2.254237175 2.2318892479 2.213070631 2.1977536678 2.1859242916 
2.1775817871 2.1727366447 2.1714084148 2.1736235619 2.1794137955 2.1888151169 2.201867342 2.2186150551 2.2391088009 
2.263406992 2.2915792465 2.3237056732 2.3598818779 2.4002182484 2.4448421001 2.493896246 2.5475418568 2.605956316 
2.6693336964 2.7378857136 2.81183815 2.8914330006 2.9769253731 3.0685853958 3.1666944027 3.2715463638 3.383446455 
3.5027091503 3.6296598911 3.7646319866 3.9079685211 4.0600199699 4.2211461067 4.3917145729 4.5721011162 4.762691021 
4.9638786316 5.1760687828 5.3996777534 5.6351332664 5.882876873 6.1433639526 6.4170680046 6.7044787407 7.006105423 
7.3224797249 7.6541552544 8.0017127991 8.3657569885 8.7469234467 9.1458816528 9.563328743 9.5574731827 9.134188652 
8.7294311523 8.3425197601 7.9728050232 7.6196694374 7.2825226784 6.9608016014 6.6539692879 6.3615078926 6.0829229355 
5.8177361488 5.5654878616 5.3257341385 5.0980429649 4.8819952011 4.6771831512 4.4832072258 4.2996768951 4.1262097359 
3.9624261856 3.807955265 3.6624293327 3.5254838467 3.3967587948 3.2758970261 3.1625463963 3.0563588142 2.9569940567 
2.864120245 2.7774171829 2.6965801716 2.6213209629 2.5513708591 2.4864826202 2.4264290333 2.3710041046 2.3200221062 
2.2733163834 2.2307388783 2.1921625137 2.1574780941 2.1265964508 2.0994474888 2.0759794712 2.0561585426 2.0399668217 
2.0274009705 2.0184721947 2.0132012367 2.0116178989 2.0137562752 2.0196526051 2.0293440819 2.0428676605 2.0602617264 
2.0815684795 2.1068360806 2.1361231804 2.1695005894 2.2070536613 2.2488851547 2.2951145172 2.34588027 2.4013388157 
2.4616651535 2.5270528793 2.5977125168 2.673871994 2.7557740211 2.8436784744 2.9378578663 3.0385980606 3.1461977959 
3.260966301 3.3832242489 3.5133008957 3.6515352726 3.7982745171 3.9538731575 4.1186943054 4.2931084633 4.4774947166 
4.6722383499 4.8777346611 5.0943880081 5.3226122856 5.5628342628 5.8154902458 6.0810317993 6.3599243164 6.65265131 
6.9597139359 7.2816338539 7.6189527512 7.9722399712 8.3420877457 8.7291183472 9.1339855194 9.5573730469 9.5519247055 
9.1231060028 8.7128429413 8.3204679489 7.9453468323 7.5868711472 7.2444667816 6.9175796509 6.6056833267 6.3082709312 
6.0248551369 5.7549672127 5.4981536865 5.2539744377 5.0220041275 4.8018279076 4.5930399895 4.3952441216 4.2080497742 
4.0310750008 3.8639411926 3.706274271 3.557703495 3.4178609848 3.2863805294 3.1628975868 3.0470509529 2.9384820461 
2.8368375301 2.7417733669 2.6529560089 2.5700688362 2.492814064 2.420917511 2.3541278839 2.2922189236 2.2349865437 
2.1822481155 2.1338415146 2.0896239281 2.0494740009 2.0132899284 1.9809917212 1.9525196552 1.9278334379 1.9069114923 
1.8897491693 1.8763575554 1.8667616844 1.8609970808 1.8591066599 1.8611348867 1.8671249151 1.8771145344 1.8911366463 
1.9092203379 1.9313954115 1.9576963186 1.9881663322 2.0228629112 2.061858654 2.1052453518 2.1531338692 2.2056548595 
2.2629599571 2.3252205849 2.3926279545 2.4653916359 2.5437405109 2.6279189587 2.7181890011 2.8148267269 2.9181220531 
3.0283787251 3.1459109783 3.271043539 3.4041116238 3.5454583168 3.6954357624 3.8544027805 4.022726059 4.2007789612 
4.3889417648 4.5876030922 4.7971582413 5.0180101395 5.2505726814 5.4952688217 5.7525324821 6.0228099823 6.30656147 
6.6042637825 6.9164104462 7.2435121536 7.586104393 7.9447417259 8.3200073242 8.7125101089 9.1228895187 9.551817894 
9.546754837 9.1127815247 8.697388649 8.2999238968 7.9197611809 7.5563087463 7.2089982033 6.8772907257 6.5606665611 
6.2586293221 5.9706988335 5.696413517 5.4353265762 5.1870040894 4.9510250092 4.7269773483 4.51445961 4.3130774498 
4.1224422455 3.9421725273 3.7718894482 3.611218214 3.4597859383 3.3172211647 3.1831514835 3.057205677 2.9390120506 
2.8282003403 2.7244026661 2.6272587776 2.5364196301 2.4515531063 2.3723502159 2.2985301018 2.2298395634 2.1660540104 
2.1069741249 2.0524232388 2.0022447109 1.9563024044 1.9144815207 1.8766902685 1.8428598642 1.8129440546 1.7869170904 
1.7647725344 1.7465219498 1.7321933508 1.721830368 1.7154872417 1.7132247686 1.7151030302 1.7211738825 1.731476903 
1.7460379601 1.7648726702 1.787992835 1.815412879 1.8471570015 1.8832634687 1.923789382 1.9688124657 2.0184319019 
2.0727705956 2.1319723129 2.1962044239 2.2656545639 2.3405315876 2.4210634232 2.5074965954 2.6000952721 2.6991391182 
2.8049221039 2.9177522659 3.0379493237 3.1658430099 3.3017737865 3.446089983 3.599148035 3.7613115311 3.9329507351 
4.1144418716 4.3061685562 4.5085191727 4.7218914032 4.9466881752 5.183321476 5.4322123528 5.6937913895 5.9685015678 
6.2567968369 6.5591487885 6.876042366 7.2079815865 7.5554914474 7.9191193581 8.2994337082 8.6970357895 9.1125526428 
9.5466423035 9.5419473648 9.103178978 8.6830129623 8.2808094025 7.8959555626 7.5278673172 7.1759886742 6.8397879601 
6.5187568665 6.2124047279 5.9202599525 5.6418685913 5.3767886162 5.1245918274 4.8848605156 4.6571884155 4.4411764145 
4.2364325523 4.0425696373 3.8592085838 3.6859705448 3.5224804878 3.3683643341 3.2232472897 3.0867528915 2.9585025311 
2.8381137848 2.7252025604 2.6193845272 2.5202786922 2.4275145531 2.3407416344 2.25963521 2.1839063168 2.113301754 
2.0476019382 1.9866164923 1.9301768541 1.8781344891 1.8303601742 1.7867466211 1.7472134829 1.711706996 1.6801983118 
1.6526800394 1.6291640997 1.609680891 1.5942786932 1.5830235481 1.57599473 1.5732785463 1.5749570131 1.5810964108 
1.5917381048 1.6068966389 1.6265677214 1.650736928 1.6793911457 1.7125279903 1.7501623631 1.7923310995 1.839094758 
1.8905396461 1.9467773438 2.0079445839 2.0742018223 2.1457335949 2.2227461338 2.3054676056 2.3941452503 2.48904562 
2.590451479 2.6986625195 2.813990593 2.936760664 3.0673089027 3.2059803009 3.3531291485 3.509116888 3.6743116379 
3.8490877151 4.0338249207 4.2289090157 4.4347310066 4.6516885757 4.8801860809 5.1206326485 5.3734502792 5.6390652657 
5.9179162979 6.2104539871 6.5171437263 6.8384642601 7.1749124527 7.5270042419 7.895277977 8.2802934647 8.682641983 
9.1029376984 9.5418291092 9.5374832153 9.0942583084 8.6696596146 8.2630529404 7.8738379478 7.5014405251 7.1453127861 
6.8049321175 6.4797973633 6.1694273949 5.8733563423 5.5911355019 5.3223290443 5.0665140152 4.8232774734 4.5922160149 
4.3729333878 4.1650409698 3.9681549072 3.7818963528 3.6058886051 3.4397573471 3.2831282616 3.1356248856 2.9968678951 
2.8664717674 2.7440435886 2.6291842461 2.5214886665 2.4205498695 2.3259687424 2.2373671532 2.1544001102 2.0767681599 
2.0042200089 1.936548233 1.8735765219 1.8151503801 1.7611296177 1.7113904953 1.6658332348 1.6243907213 1.5870298147 
1.5537450314 1.5245521069 1.4994848967 1.4785943031 1.4619511366 1.4496480227 1.4417970181 1.4385207891 1.439936161 
1.446131587 1.457151413 1.4729926586 1.4936187267 1.5189765692 1.5490154028 1.5836983919 1.623010397 1.6669635773 
1.7155991793 1.7689876556 1.8272286654 1.8904496431 1.958804369 2.0324726105 2.1116583347 2.1965887547 2.2875123024 
2.3846979141 2.488432169 2.599019289 2.7167768478 2.842035532 2.9751374722 3.1164343357 3.2662856579 3.4250586033 
3.593126297 3.7708673477 3.9586653709 4.156908989 4.3659920692 4.5863127708 4.8182759285 5.0622916222 5.3187775612 
5.5881605148 5.8708744049 6.1673674583 6.4780974388 6.8035392761 7.1441822052 7.5005345345 7.8731279373 8.2625131607 
8.6692705154 9.0940065384 9.537358284 9.5333414078 9.0859861374 8.6572751999 8.2465858459 7.8533239365 7.4769258499 
7.1168527603 6.7725892067 6.4436416626 6.1295351982 5.8298101425 5.5440239906 5.2717461586 5.0125575066 4.7660489082 
4.5318212509 4.3094816208 4.0986437798 3.8989272118 3.7099547386 3.5313527584 3.3627490997 3.2037699223 3.0540399551 
2.9131784439 2.7807953358 2.6564891338 2.5398440361 2.4304301739 2.3278076649 2.23153615 2.1411969662 2.0564131737 
1.9768714905 1.9023292065 1.8325998783 1.767534256 1.7069981098 1.650860548 1.5989974737 1.5513113737 1.5077518225 
1.4683147669 1.4330289364 1.4019409418 1.3751084805 1.3526026011 1.3345154524 1.3209688663 1.3121174574 1.3081386089 
1.3092051744 1.3154438734 1.3269037008 1.3435513973 1.3652977943 1.3920327425 1.4236522913 1.460075736 1.501251936 
1.5471645594 1.5978325605 1.6533097029 1.7136820555 1.7790672779 1.8496115208 1.9254891872 2.0069015026 2.0940742493 
2.1872575283 2.2867224216 2.3927602768 2.5056800842 2.6258058548 2.753475666 2.8890376091 3.0328502655 3.185280323 
3.3467001915 3.5174889565 3.698029995 3.8887112141 4.0899248123 4.3020663261 4.5255365372 4.760740757 5.0080890656 
5.2679977417 5.5408921242 5.8272037506 6.1273765564 6.4418635368 6.7711348534 7.1156744957 7.4759836197 7.8525848389 
8.2460241318 8.6568717957 9.0857248306 9.5332126617 9.529507637 9.0783281326 8.6458101273 8.2313394547 7.8343305588 
7.4542269707 7.0904970169 6.7426333427 6.4101481438 6.0925726891 5.7894539833 5.5003533363 5.2248454094 4.9625148773 
4.7129569054 4.4757752419 4.250579834 4.0369882584 3.8346221447 3.6431083679 3.4620761871 3.2911565304 3.1299800873 
2.9781746864 2.8353614807 2.7011499405 2.57513237 2.4568789005 2.34593153 2.2418062687 2.1440045834 2.0520422459 
1.9654911757 1.8840178251 1.8073971272 1.7354860306 1.6681824923 1.6053863764 1.5469734669 1.4928020239 1.4427627325 
1.3968249559 1.3550338745 1.3174721003 1.2842270136 1.2553808689 1.2310180664 1.2112435102 1.1962070465 1.1861186028 
1.1812405586 1.18183887 1.1881065369 1.2001000643 1.2177340984 1.2408331633 1.2691985369 1.3026533127 1.3410609961 
1.384329915 1.4324128628 1.4853057861 1.5430449247 1.6057029963 1.6733865738 1.7462338209 1.8244132996 1.9081225395 
1.9975860119 2.0930550098 2.1948041916 2.303129673 2.4183471203 2.5407879353 2.6707966328 2.8087308407 2.9549560547 
3.1098458767 3.2737808228 3.4471449852 3.6303277016 3.8237214088 4.0277223587 4.2427287102 4.4691438675 4.7073731422 
4.9578280449 5.2209243774 5.4970850945 5.7867398262 6.0903291702 6.4083037376 6.7411270142 7.089278698 7.4532542229 
7.8335695267 8.230761528 8.6453962326 9.0780601501 9.5293769836 9.5259685516 9.0712547302 8.635219574 8.217253685 
7.816781044 7.4332509041 7.0661382675 6.7149429321 6.379181385 6.0583920479 5.7521266937 5.4599499702 5.1814413071 
4.9161891937 4.6637926102 4.4238567352 4.1959958076 3.9798293114 3.7749831676 3.5810873508 3.3977754116 3.2246837616 
3.0614490509 2.9077060223 2.7630834579 2.6271967888 2.4996402264 2.3799741268 2.2677133083 2.1623177528 2.0632038116 
1.9697798491 1.8815243244 1.7980701923 1.7192343473 1.6449562311 1.5752198696 1.5099858046 1.4491326809 1.3924560547 
1.3397915363 1.2911387682 1.2466375828 1.2064614296 1.1707537174 1.1396156549 1.1131256819 1.0913803577 1.0745482445 
1.062913537 1.0568697453 1.0568357706 1.0631136894 1.0757730007 1.0946429968 1.119410634 1.1497424841 1.1853586435 
1.226053834 1.2716915607 1.3221948147 1.3775384426 1.4377427101 1.5028676987 1.5730091333 1.6482963562 1.7288905382 
1.8149851561 1.9068031311 2.004597187 2.1086461544 2.2192525864 2.3367397785 2.4614474773 2.5937299728 2.733953476 
2.8824925423 3.0397293568 3.2060523033 3.3818519115 3.5675237179 3.7634658813 3.9700789452 4.1877641678 4.416926384 
4.6579751968 4.9113202095 5.1773786545 5.4565711021 5.7493267059 6.0560827255 6.3772864342 6.7133975029 7.0648903847 
7.4322552681 7.8160033226 8.2166643143 8.6347951889 9.0709810257 9.5258340836 9.5227041245 9.0647344589 8.62545681 
8.2042703629 7.8006019592 7.4139103889 7.0436758995 6.6894030571 6.3506155014 6.0268540382 5.7176756859 5.4226493835 
5.1413578987 4.8733930588 4.618355751 4.3758540154 4.1455059052 3.9269320965 3.7197620869 3.523629427 3.3381729126 
3.1630356312 2.9978632927 2.842302084 2.6959958076 2.5585756302 2.4296507835 2.3087866306 2.195479393 2.0891265869 
1.9890197515 1.8943847418 1.8045170307 1.718984127 1.6377032995 1.5607712269 1.4883263111 1.4204497337 1.3570277691 
1.2976745367 1.2420521975 1.1902219057 1.1425353289 1.0993254185 1.0608099699 1.02708745 0.99819105864 0.97416883707 
0.95519143343 0.94164043665 0.9341045022 0.93300187588 0.93926280737 0.95297777653 0.97338932753 1.0002163649 1.032930851 
1.0711102486 1.1144599915 1.1627941132 1.216008544 1.2740627527 1.3369656801 1.4047673941 1.4775531292 1.5554417372 
1.6385862827 1.7271735668 1.8214257956 1.9215968847 2.0279715061 2.1408600807 2.2605950832 2.3875272274 2.5220222473 
2.6644566059 2.8152153492 2.9746906757 3.1432790756 3.3213794231 3.5093941689 3.707726717 3.9167826176 4.1369671822 
4.3686890602 4.6123580933 4.8683862686 5.1371903419 5.4191913605 5.7148160934 6.0244994164 6.3486862183 6.6878333092 
7.0424098969 7.4129023552 7.7998147011 8.2036733627 8.6250295639 9.0644578934 9.5225687027 9.5197038651 9.0587406158 
8.616481781 8.1923313141 7.7857241631 7.3961229324 7.0230140686 6.6659069061 6.3243284225 5.9978246689 5.6859564781 
5.3882956505 5.1044282913 4.8339471817 4.5764570236 4.3315672874 4.098897934 3.8780713081 3.6687200069 3.4704806805 
3.2829978466 3.1059217453 2.9389090538 2.7816231251 2.6337299347 2.4948921204 2.3647546768 2.2429163456 2.1288852692 
2.0220086575 1.9214109182 1.8259983063 1.7346776724 1.6468646526 1.5627402067 1.4826946259 1.4071185589 1.3363569975 
1.270387888 1.2083275318 1.1493170261 1.0936020613 1.0420657396 0.99529767036 0.95360523462 0.91702991724 0.88548874855 
0.85892301798 0.83748018742 0.82166302204 0.81139421463 0.80809426308 0.81429773569 0.83012902737 0.85329496861 0.88257014751 
0.91810518503 0.95928859711 1.0057073832 1.0571113825 1.1133679152 1.1744263172 1.2402923107 1.3110103607 1.3866561651 
1.4673354626 1.5531896353 1.6443980932 1.7411798239 1.8437924385 1.9525272846 2.0677053928 2.1896715164 2.318789959 
2.4554390907 2.6000087261 2.7528963089 2.914504528 3.0852398872 3.2655103207 3.4557256699 3.6562962532 3.8676323891 
4.0901446342 4.3242444992 4.5703434944 4.8288559914 5.1002001762 5.3847942352 5.6830668449 5.9954500198 6.322385788 
6.6643280983 7.0217428207 7.3951115608 7.7849354744 8.1917333603 8.6160535812 9.0584630966 9.5195684433 9.516954422 
9.0532464981 8.6082544327 8.181385994 7.7720832825 7.3798112869 7.0040631294 6.6443510056 6.3002071381 5.9711799622 
5.6568331718 5.3567419052 5.0704932213 4.7976837158 4.537917614 4.2908067703 4.055970192 3.8330340385 3.6216306686 
3.4213998318 3.2319896221 3.0530581474 2.8842747211 2.7253215313 2.5758957863 2.4357078075 2.3044686317 2.1818611622 
2.06747365 1.9606747627 1.8604192734 1.7650706768 1.6725968122 1.5820454359 1.4943776131 1.4104796648 1.3310482502 
1.2570558786 1.1890226603 1.1245498657 1.0616326332 1.0009872913 0.94449216127 0.89350050688 0.8482773304 0.80868291855 
0.77439934015 0.74518853426 0.72114497423 0.70128244162 0.68581908941 0.67789775133 0.68399232626 0.70427799225 0.73262822628 
0.76596045494 0.80485749245 0.8494156599 0.89929676056 0.95415377617 1.0138070583 1.0781923532 1.1473164558 1.2212235928 
1.2999786139 1.3836699724 1.4724211693 1.5664002895 1.6658234596 1.7709524632 1.882089138 1.9995685816 2.1237516403 
2.2550189495 2.3937656879 2.5403966904 2.6953234673 2.8589613438 3.0317277908 3.2140412331 3.4063198566 3.6089804173 
3.822439909 4.0471134186 4.2834162712 4.5317630768 4.7925701141 5.0662546158 5.3532381058 5.6539468765 5.9688110352 
6.2982726097 6.6427812576 7.0027999878 7.3788084984 7.7713003159 8.1807947159 8.6078300476 9.0529727936 9.5168199539 
9.5144424438 9.0482273102 8.600736618 8.1713848114 7.759616375 7.3649020195 6.986738205 6.6246404648 6.2781443596 
5.9468016624 5.630177021 5.3278503418 5.0394062996 4.764444828 4.5025701523 4.2533941269 4.0165362358 3.7916212082 
3.5782821178 3.3761594296 3.1849031448 3.0041761398 2.83365798 2.6730513573 2.5220880508 2.380538702 2.2482144833 
2.1249530315 2.0105583668 1.9046261311 1.8061282635 1.7125388384 1.6195701361 1.5249737501 1.4325639009 1.3437331915 
1.2591357231 1.1810313463 1.1123896837 1.0464606285 0.97990804911 0.91309803724 0.84934854507 0.79303139448 0.74377894402 
0.70123767853 0.66463458538 0.63301295042 0.60476869345 0.57879692316 0.5555613637 0.54265093803 0.54858642817 0.57361221313 
0.60900700092 0.64830935001 0.69237953424 0.74134588242 0.79491645098 0.85352510214 0.91690051556 0.98493975401 1.0576425791 
1.1350493431 1.2172061205 1.3041713238 1.3960396051 1.4929624796 1.5951532125 1.702881813 1.8164657354 1.9362590313 
2.0626440048 2.1960222721 2.3368086815 2.4854257107 2.6423022747 2.8078672886 2.9825510979 3.1667830944 3.360989809 
3.5655972958 3.7810275555 4.0077018738 4.2460398674 4.4964580536 4.759376049 5.0352125168 5.3243889809 5.62733078 
5.9444684982 6.2762413025 6.6230983734 6.985499382 7.3639192581 7.7588505745 8.1708059311 8.6003227234 9.0479602814 
9.5143117905 9.5121564865 9.0436582565 8.5938959122 8.1622810364 7.7482676506 7.3513274193 6.9709606171 6.6066856384 
6.258040905 5.9245800972 5.6058707237 5.3014912605 5.0110301971 4.734085083 4.4702596664 4.2191672325 3.9804227352 
3.7536509037 3.5384819508 3.3345537186 3.141515255 2.9590296745 2.786781311 2.6244857311 2.4719052315 2.3288710117 
2.1953129768 2.0712940693 1.9570281506 1.852782011 1.7581535578 1.6701205969 1.5785993338 1.4756696224 1.3767025471 
1.2819696665 1.1897182465 1.1032466888 1.0379844904 0.97321468592 0.90798354149 0.83372718096 0.75613713264 0.69218832254 
0.63794618845 0.59302955866 0.55569052696 0.52144378424 0.4879245162 0.45499676466 0.42787146568 0.41356101632 0.41930484772 
0.44473567605 0.48259198666 0.52715903521 0.57835537195 0.63389694691 0.69240242243 0.75504314899 0.82232403755 0.89428567886 
0.97088897228 1.0521444082 1.1380507946 1.2286055088 1.3238523006 1.4239176512 1.5290147066 1.63942945 1.7555037737 
1.8776195049 2.0061860085 2.1416320801 2.2843959332 2.4349219799 2.5936565399 2.7610456944 2.9375333786 3.1235601902 
3.3195638657 3.5259771347 3.7432305813 3.971750021 4.2119598389 4.4642806053 4.729133606 5.006939888 5.2981204987 
5.6031017303 5.922314167 6.2561945915 6.6051907539 6.9697613716 7.3503761292 7.7475280762 8.1617231369 8.593495369 
9.0434017181 9.5120306015 9.5100841522 9.0395212173 8.5876970291 8.1540327072 7.7379832268 7.3390235901 6.9566569328 
6.5904035568 6.2398047447 5.9044146538 5.5838031769 5.2775478363 4.9852371216 4.706469059 4.4408454895 4.1879754066 
3.9474737644 3.7189593315 3.5020575523 3.2964010239 3.1016318798 2.9174067974 2.7434058189 2.5793433189 2.4249916077 
2.2802164555 2.1450402737 2.0197527409 1.9051107168 1.8025416136 1.714115262 1.6414730549 1.5472042561 1.4039468765 
1.2927708626 1.1906362772 1.0788167715 1.0086187124 0.96237558126 0.90269142389 0.82873362303 0.73148661852 0.6579079628 
0.58547252417 0.52658957243 0.48053655028 0.44447755814 0.40927937627 0.37125948071 0.33628731966 0.31088149548 0.30035310984 
0.30565643311 0.32651102543 0.36049759388 0.40564098954 0.46207374334 0.52504712343 0.58986699581 0.65822869539 0.72998774052 
0.80596977472 0.88673686981 0.97221010923 1.0622729063 1.1567971706 1.2557324171 1.3591644764 1.4673130512 1.5804960728 
1.6990944147 1.8235290051 1.954246521 2.0917077065 2.236379385 2.388730526 2.5492284298 2.7183363438 2.8965129852 
3.08421278 3.2818822861 3.4899642467 3.7088959217 3.9391095638 4.1810331345 4.435092926 4.7017111778 4.9813113213 
5.274315834 5.5811510086 5.9022474289 6.2380409241 6.5889773369 6.9555134773 7.3381180763 7.7372789383 8.1535015106 
8.5873165131 9.039276123 9.5099649429 9.5082197189 9.0357923508 8.5821123123 8.1466016769 7.7287144661 7.3279328346 
6.9437594414 6.5757184029 6.2233505249 5.8862123489 5.5638723373 5.2559103966 4.961912632 4.6814751625 4.4141979218 
4.1596865654 3.9175505638 3.6874027252 3.4688608646 3.2615480423 3.0650947094 2.8791425228 2.7033536434 2.5374212265 
2.381095171 2.2342176437 2.0968031883 1.9691948891 1.8524034023 1.7488452196 1.6648848057 1.5868581533 1.3929296732 
1.2360038757 1.1086962223 1.0010001659 0.90972578526 0.86366182566 0.85744923353 0.77594745159 0.66665536165 0.6121199131 
0.54673987627 0.46571046114 0.41031491756 0.36450821161 0.33058905602 0.29688540101 0.26088941097 0.22982746363 0.21090193093 
0.20449876785 0.20978753269 0.22632928193 0.25456944108 0.29529964924 0.35024106503 0.41492503881 0.4854464829 0.56134462357 
0.63932287693 0.71981817484 0.80485987663 0.8951125145 0.98976475 1.0886843204 1.1916520596 1.2986879349 1.4100269079 
1.5260417461 1.6471757889 1.7739057541 1.9067255259 2.0461349487 2.1926338673 2.3467183113 2.508878231 2.6795957088 
2.8593451977 3.048593998 3.2477998734 3.4574146271 3.6778829098 3.9096431732 4.1531281471 4.4087677002 4.676987648 
4.9582128525 5.2528672218 5.5613775253 5.8841753006 6.2216944695 6.574379921 6.9426875114 7.3270845413 7.7280554771 
8.1461048126 8.5817565918 9.0355644226 9.508108139 9.5065498352 9.0324554443 8.5771121979 8.1399478912 7.7204165459 
7.3180007935 6.9322071075 6.5625596046 6.2086009979 5.8698883057 5.5459885597 5.2364811897 4.9409527779 4.6589946747 
4.3902044296 4.1341819763 3.8905317783 3.6588580608 3.4387683868 3.2298727036 3.0317838192 2.8441216946 2.6665174961 
2.4986233711 2.3401272297 2.1907794476 2.0504393578 1.9191703796 1.7974151373 1.686832428 1.5920763016 1.4733787775 
1.2782440186 1.1113141775 0.97551316023 0.86220103502 0.76092994213 0.72354865074 0.67746526003 0.61991834641 0.54168963432 
0.47722357512 0.40647101402 0.35679459572 0.30640104413 0.25989067554 0.22553896904 0.19490347803 0.16522686183 0.14246281981 
0.12923611701 0.12551313639 0.13044001162 0.14455506206 0.16842037439 0.20321549475 0.25071415305 0.31084817648 0.3825404644 
0.46474695206 0.5488280654 0.63395696878 0.72405928373 0.82020145655 0.92072975636 1.0244333744 1.131750226 1.2425940037 
1.3572235107 1.4760937691 1.5997376442 1.7287074327 1.8635547161 2.004825592 2.1530559063 2.3087706566 2.4724836349 
2.6446964741 2.8258993626 3.0165727139 3.2171852589 3.4281983376 3.6500635147 3.883225441 4.1281228065 4.3851885796 
4.6548509598 4.937538147 5.2336750031 5.5436897278 5.8680114746 6.2070770264 6.5613298416 6.9312229156 7.3172230721 
7.7198123932 8.1394929886 8.5767889023 9.0322475433 9.5064487457 9.505068779 9.0294942856 8.5726766586 8.1340417862 
7.7130484581 7.3091802597 6.9219441414 6.5508651733 6.1954870224 5.8553657532 5.5300688744 5.2191734314 4.922264576 
4.6389303207 4.3687639236 4.1113600731 3.8663146496 3.6332232952 3.4116816521 3.2012825012 3.0016186237 2.812281847 
2.6328639984 2.4629619122 2.3021786213 2.1501300335 2.0064382553 1.87071383 1.7426913977 1.6230568886 1.5159358978 
1.3782492876 1.1992212534 1.0235671997 0.88628357649 0.77460992336 0.68093180656 0.65173864365 0.60802102089 0.55649125576 
0.45033958554 0.37034013867 0.30034005642 0.27002859116 0.22551441193 0.17868708074 0.14282096922 0.11498147249 0.092333428562 
0.076122842729 0.066946476698 0.064234890044 0.068486899137 0.080239601433 0.10034315288 0.12978719175 0.17028403282 0.22312401235 
0.29066762328 0.37148997188 0.45641064644 0.54459542036 0.6404761672 0.74543327093 0.85451030731 0.9645844698 1.076412797 
1.1911479235 1.3090729713 1.4307477474 1.5568178892 1.6879270077 1.8246940374 1.9677145481 2.1175618172 2.2747917175 
2.4399394989 2.6135268211 2.7960596085 2.9880304337 3.1899197102 3.4021968842 3.6253211498 3.8597438335 4.105907917 
4.3642492294 4.6352009773 4.9191913605 5.2166490555 5.5280017853 5.8536791801 6.1941184998 6.5497617722 6.9210619926 
7.3084840775 7.7125086784 8.1336364746 8.5723876953 9.0293083191 9.5049772263 9.5037670135 9.0268945694 8.5687799454 
8.1288537979 7.70657444 7.3014278412 6.912920475 6.540579319 6.1839461327 5.8425779343 5.516040802 5.203909874 
4.9057674408 4.6211986542 4.3497905731 4.0911331177 3.8448131084 3.6104161739 3.3875238895 3.175712347 2.9745509624 
2.7836015224 2.6024148464 2.4305288792 2.267462492 2.1127002239 1.9656602144 1.825617075 1.6915240288 1.5619256496 
1.4333106279 1.2886917591 1.1419906616 0.99736660719 0.86919844151 0.75999689102 0.67134559155 0.61107224226 0.55884325504 
0.49547559023 0.37692603469 0.29195079207 0.22780433297 0.20930548012 0.16648253798 0.1202570498 0.083594828844 0.058847557753 
0.042288824916 0.03163696453 0.025662951171 0.024052381516 0.026968006045 0.035085298121 0.04989118129 0.073560535908 0.10737973452 
0.15296718478 0.21203887463 0.28464925289 0.36516901851 0.45401620865 0.55545598269 0.66996335983 0.79081118107 0.90917313099 
1.0263000727 1.1447814703 1.2658449411 1.390160799 1.5184950829 1.6515876055 1.7901266813 1.9347565174 2.0860869884 
2.2447006702 2.4111552238 2.5859897137 2.769724369 2.9628636837 3.1658983231 3.3793058395 3.6035530567 3.8390960693 
4.0863828659 4.3458542824 4.6179447174 4.9030857086 5.20170784 5.5142374039 5.8411083221 6.1827540398 6.539618969 
6.9121541977 7.3008227348 7.7061066628 8.1285018921 8.568529129 9.0267333984 9.5036878586 9.5026397705 9.0246419907 
8.5654029846 8.1243572235 7.7009625435 7.2947049141 6.9050927162 6.5316510201 6.1739230156 5.8314642906 5.5038394928 
5.1906218529 4.8913908005 4.6057257652 4.333211422 4.073428154 3.825956583 3.5903704166 3.3662376404 3.1531169415 
2.9505560398 2.7580866814 2.5752222538 2.4014489651 2.2362163067 2.0789158344 1.9288421869 1.7851245403 1.6466034651 
1.5116419792 1.3778611422 1.241038084 1.1036149263 0.96956843138 0.84634697437 0.73713970184 0.64356708527 0.56594640017 
0.49945691228 0.41403919458 0.31327778101 0.23325371742 0.17728157341 0.15532295406 0.11852920055 0.077424265444 0.044284958392 
0.024309998378 0.014000676572 0.0087706986815 0.0062211202458 0.005585632287 0.0068206614815 0.010551332496 0.018812693655 0.034673195332 
0.060835149139 0.098992079496 0.15046074986 0.21522288024 0.2912825942 0.37944531441 0.48242220283 0.60300022364 0.73311424255 
0.85986661911 0.98200500011 1.1040282249 1.2278689146 1.3545259237 1.4848715067 1.6197304726 1.7598514557 1.9059206247 
2.058578968 2.2184312344 2.3860542774 2.5620012283 2.7468049526 2.9409809113 3.1450283527 3.3594324589 3.584666729 
3.821192503 4.0694618225 4.3299193382 4.6030025482 4.8891448975 5.1887779236 5.5023303032 5.8302350044 6.1729273796 
6.5308494568 6.9044532776 7.2942018509 7.7005734444 8.1240663528 8.565196991 9.0245084763 9.5025758743 9.5016813278 
9.022726059 8.5625305176 8.1205301285 7.6961846352 7.2889790535 6.8984212875 6.5240387917 6.1653718948 5.8219752312 
5.4934120178 5.1792535782 4.8790745735 4.5924525261 4.3189649582 4.0581865311 3.8096888065 3.5730352402 3.3477804661 
3.1334676743 2.9296238422 2.7357552052 2.5513439178 2.3758363724 2.2086348534 2.0490763187 1.8964056969 1.7497366667 
1.6080012321 1.4699226618 1.3340928555 1.199231863 1.0659629107 0.93688565493 0.81574267149 0.70483088493 0.6040803194 
0.51198327541 0.42747634649 0.34714248776 0.27202627063 0.18988387287 0.1319720149 0.096924372017 0.076935380697 0.044944383204 
0.022244207561 0.0083092749119 0.0030138625298 0.0013261400163 0.00079042837024 0.00067362748086 0.00089347263565 0.0018115066923 0.0048047304153 
0.012960728258 0.030010648072 0.059892699122 0.10461495072 0.1641779691 0.23758685589 0.32492887974 0.42872712016 0.5519862771 
0.68743884563 0.81888413429 0.94474261999 1.0693868399 1.1954594851 1.3240314722 1.4560507536 1.5924011469 1.7338737249 
1.8811846972 2.0349957943 2.1959278584 2.3645708561 2.5414893627 2.7272255421 2.9223031998 3.1272296906 3.3424966335 
3.5685830116 3.8059544563 4.0550680161 4.3163709641 4.590303421 4.8773012161 5.1777963638 5.4922208786 5.8210058212 
6.1645870209 6.5234088898 6.8979201317 7.288585186 7.6958804131 8.120303154 8.5623703003 9.0226221085 9.5016307831 
9.5008859634 9.0211343765 8.5601463318 8.1173534393 7.6922163963 7.2842216492 6.8928761482 6.5177063942 6.1582517624 
5.8140668869 5.484711647 5.1697554588 4.8687696457 4.5813274384 4.3070011139 4.0453596115 3.7959649563 3.5583715439 
3.3321223259 3.1167459488 2.9117519855 2.7166268826 2.5308279991 2.353774786 2.1848404408 2.0233376026 1.8685040474 
1.7194890976 1.5753545761 1.4351142645 1.2978662252 1.1630870104 1.0310970545 0.90337473154 0.78186762333 0.66734421253 
0.55813473463 0.4526847899 0.35817644 0.27974322438 0.21610990167 0.16165389121 0.10099539906 0.059236057103 0.033845450729 
0.024704692885 0.011378780007 0.002871603705 0.00037559279008 7.1974667662e-05 3.9202441258e-05 3.0375606002e-05 4.638466271e-05 8.9957167802e-05 
0.00069933442865 0.0036218403839 0.012750577182 0.033841766417 0.071706190705 0.12684807181 0.19819423556 0.28583431244 0.39200747013 
0.51879060268 0.65515464544 0.78750354052 0.91473960876 1.0411928892 1.168846488 1.2988234758 1.4321154356 1.5696364641 
1.7121982574 1.8605297804 2.0153019428 2.1771435738 2.3466506004 2.5243937969 2.710921526 2.9067645073 3.1124346256 
3.3284299374 3.5552334785 3.7933158875 4.0431365967 4.3051452637 4.5797867775 4.8674964905 5.1687097549 5.4838571548 
5.813372612 6.1576919556 6.5172581673 6.8925209045 7.2839436531 7.6920027733 8.1171941757 8.5600337982 9.021062851 
9.5008506775 9.5002498627 9.0198631287 8.5582389832 8.1148109436 7.6890392303 7.2804098129 6.8884296417 6.5126237869 
6.1525316238 5.8077044487 5.4777021408 5.1620898247 4.8604369164 4.572312355 4.2972822189 4.034910202 3.7847511768 
3.5463511944 3.3192415237 3.1029398441 2.896941185 2.7007167339 2.5137064457 2.3353133202 2.164894104 2.0017528534 
1.8451359272 1.6942335367 1.548201561 1.4062178135 1.2675931454 1.1319547892 0.9994649291 0.87093174458 0.74738407135 
0.62845546007 0.51114344597 0.39633476734 0.29670494795 0.2198947072 0.16343338788 0.12066947669 0.089409522712 0.038999691606 
0.015160941519 0.013022018597 0.0058534024283 0.0011518856045 7.9575955169e-05 0 0 0 0 
0 0 0.00068898673635 0.0047149611637 0.018539410084 0.049516357481 0.10038124025 0.1699616015 0.25835746527 
0.36870634556 0.49915772676 0.63475972414 0.76506638527 0.89234805107 1.019587636 1.1481529474 1.2789905071 1.413118124 
1.5514582396 1.6948225498 1.8439365625 1.9994667768 2.1620385647 2.3322472572 2.5106642246 2.6978404522 2.8943090439 
3.100587368 3.317176342 3.5445625782 3.783220768 4.0336127281 4.2961916924 4.5714025497 4.8596844673 5.1614718437 
5.4771986008 5.8072972298 6.1522049904 6.5123643875 6.8882265091 7.2802524567 7.6889200211 8.1147232056 8.558177948 
9.019824028 9.5002317429 9.4997701645 9.0189027786 8.5567989349 8.1128902435 7.6866374016 7.2775259018 6.8850617409 
6.5087685585 6.1481852531 5.8028612137 5.4723548889 5.1562280655 4.8540472984 4.5653767586 4.2897796631 4.0268125534 
3.7760248184 3.5369539261 3.3091239929 3.0920414925 2.885191679 2.688034296 2.4999976158 2.3204741478 2.1488134861 
1.9843171835 1.8262406588 1.6737990379 1.5261933804 1.3826586008 1.2425471544 1.1054569483 0.97139322758 0.84090203047 
0.71393293142 0.59025001526 0.4679492414 0.34947898984 0.24953523278 0.17326806486 0.11853075027 0.083376839757 0.054519355297 
0.023267524317 0.0056120818481 0.0063692163676 0.0027594433632 0.00055654044263 4.3292566261e-05 0 0 0 
0 0 0 9.351526387e-05 0.0018374701031 0.010719059967 0.035843968391 0.082669042051 0.15049272776 
0.23930244148 0.35263842344 0.48610207438 0.62081295252 0.74993252754 0.87705332041 1.0046092272 1.1334360838 1.2645765543 
1.3990807533 1.5378688574 1.6817346811 1.8313826323 1.987460494 2.1505789757 2.3213233948 2.5002603531 2.6879394054 
2.884894371 3.0916438103 3.3086912632 3.5365264416 3.7756257057 4.0264544487 4.2894673347 4.5651111603 4.853826046 
5.156047821 5.4722108841 5.8027486801 6.1480989456 6.5087037086 6.885014534 7.2774925232 7.6866149902 8.1128759384 
8.5567893982 9.0188980103 9.4997682571 9.4994440079 9.0182504654 8.5558195114 8.111582756 7.6850004196 7.2755570412 
6.8827567101 6.5061244965 6.1451954842 5.7995195389 5.468650341 5.1521492004 4.8495793343 4.5605015755 4.284473896 
4.0210494995 3.7697701454 3.5301687717 3.3017618656 3.0840480328 2.8765051365 2.6785848141 2.489708662 2.309262991 
2.1365942955 1.9710040092 1.8117516041 1.6580601931 1.5091350079 1.3641996384 1.2225581408 1.0837175846 0.94758057594 
0.81327569485 0.68020933867 0.5505553484 0.42628407478 0.31022533774 0.21369846165 0.13913752139 0.084670566022 0.050978600979 
0.032165266573 0.018215393648 0.0019452652195 0.0018414827064 0.00081437261542 0.00019287936448 2.1537107386e-05 0 0 
0 0 0 0 5.0228351029e-05 0.00092990230769 0.006992966868 0.02777428925 0.071441106498 
0.13792361319 0.22762475908 0.34301486611 0.47795531154 0.61271762848 0.74195945263 0.86913609505 0.99633687735 1.124748826 
1.2556011677 1.3899995089 1.5288506746 1.6729103327 1.8228415251 1.9792551994 2.1427354813 2.3138492107 2.4931519032 
2.6811873913 2.8784878254 3.0855708122 3.3029417992 3.5310916901 3.770498991 4.021630764 4.284942627 4.560883522 
4.8498935699 5.1524105072 5.4688687325 5.799703598 6.1453514099 6.5062561035 6.8828673363 7.2756490707 7.6850752831 
8.1116418839 8.5558643341 9.0182800293 9.4994592667 9.4992704391 9.0179023743 8.5552968979 8.1108837128 7.6841216087 
7.274494648 6.8815073967 6.5046811104 6.1435523033 5.7976660728 5.4665770531 5.1498427391 4.8470230103 4.5576763153 
4.2813568115 4.0176124573 3.7659826279 3.5259926319 3.2971544266 3.078961134 2.8708848953 2.6723730564 2.4828424454 
2.3016774654 2.1282236576 1.9617842436 1.8016190529 1.6469478607 1.4969594479 1.3508327007 1.2077908516 1.06724298 
0.92811626196 0.78801238537 0.64591646194 0.51039636135 0.38698861003 0.27708688378 0.18604896963 0.11429790407 0.061296444386 
0.029575688764 0.017144287005 0.011223565787 0.0034439354204 0.00038018036867 0.00034445870551 0.00017582328292 5.8096142311e-05 9.8789078038e-06 
0 0 0 0 0 2.6110819817e-05 0.00059298682027 0.0051210578531 0.023146590218 
0.064576201141 0.13164363801 0.22392933071 0.34207755327 0.47712746263 0.61231738329 0.74225878716 0.8690084815 0.99499535561 
1.1221635342 1.2520557642 1.3858342171 1.5243586302 1.6683096886 1.8182795048 1.9748234749 2.138484478 2.3098032475 
2.4893181324 2.6775641441 2.8750686646 3.0823481083 3.2999074459 3.5282382965 3.7678201199 4.0191202164 4.2825975418 
4.558699131 4.8478684425 5.1505422592 5.4671568871 5.7981467247 6.1439495087 6.5050086975 6.8817749023 7.2747116089 
7.6842942238 8.1110162735 8.5553941727 9.0179662704 9.4993019104 9.4992494583 9.0178585052 8.555229187 8.110789299 
7.6839976311 7.274336338 6.8813085556 6.5044355392 6.1432504654 5.7972993851 5.4661326408 5.1493058205 4.8463764191 
4.5569000244 4.2804284096 4.0165047646 3.7646648884 3.5244300365 3.2953081131 3.076788187 2.8683390617 2.6694045067 
2.4794011116 2.2977132797 2.1236884594 1.9566324949 1.7958078384 1.640430212 1.4896701574 1.3426628113 1.1985610723 
1.0564690828 0.91460514069 0.76859658957 0.61952078342 0.48107898235 0.36040511727 0.25571814179 0.16820001602 0.098397932947 
0.04727941379 0.01773641631 0.008552855812 0.0076004005969 0.0028007454239 0.00014065025607 0.00018969965458 0.00012524047634 4.8095003876e-05 
9.622406651e-06 1.3499359284e-06 0 0 0 0 1.5197116227e-05 0.00043240605737 0.0042148428038 
0.020570190623 0.061990119517 0.13126280904 0.22778311372 0.34765130281 0.48350417614 0.62076562643 0.75265365839 0.87766468525 
1.0009315014 1.1257019043 1.2538504601 1.3864812851 1.5243079662 1.6678720713 1.8176566362 1.9741384983 2.1378080845 
2.3091719151 2.4887485504 2.6770606041 2.8746292591 3.0819678307 3.2995798588 3.527957201 3.7675797939 4.0189156532 
4.2824225426 4.5585503578 4.8477420807 5.1504354477 5.4670667648 5.7980709076 6.1438860893 6.5049557686 6.881731987 
7.2746763229 7.6842660904 8.110994339 8.5553779602 9.01795578 9.499297142 9.4993801117 9.0181188583 8.5556173325 
8.1113014221 7.6846299171 7.2750835419 6.8821640015 6.5053906441 6.1442961693 5.7984223366 5.467320919 5.1505441666 
4.8476467133 4.5581822395 4.2816982269 4.0177369118 3.7658295631 3.5254948139 3.2962372303 3.0775437355 2.8688802719 
2.6696903706 2.4793908596 2.2973692417 2.1229767799 1.9555268288 1.7942888737 1.6384829283 1.4872764349 1.3397879601 
1.195140481 1.0524076223 0.90911024809 0.76022815704 0.60761100054 0.46942895651 0.3503088057 0.24709783494 0.16012446582 
0.090652711689 0.040858861059 0.013030828908 0.0053712707013 0.0059876842424 0.0023270128295 9.8743861599e-05 1.3987053535e-05 4.1501411033e-05 
2.0794250304e-05 5.9347748902e-06 4.5094074608e-07 0 0 0 0 1.3102019693e-05 0.00038939871592 
0.0038723414764 0.020925480872 0.063395828009 0.13472704589 0.22984078526 0.34881234169 0.49031978846 0.6389978528 0.7770268321 
0.89659482241 1.0143013 1.1351206303 1.260710597 1.3917315006 1.5285614729 1.6715151072 1.8209265471 1.9771770239 
2.1406960487 2.3119533062 2.4914443493 2.6796791553 2.8771719933 3.0844323635 3.3019616604 3.5302512646 3.7697803974 
4.0210175514 4.2844204903 4.5604391098 4.8495168686 5.1520915031 5.4685997963 5.7994775772 6.1451630592 6.5060997009 
6.8827385902 7.2755441666 7.6849918365 8.1115779877 8.5558176041 9.0182495117 9.4994440079 9.4996643066 9.0186862946 
8.5564641953 8.1124248505 7.6860246658 7.276743412 6.88408041 6.5075554848 6.1466975212 5.8010487556 5.4701566696 
5.1535730362 4.8508505821 4.56153965 4.2851862907 4.0213303566 3.7694993019 3.5292105675 3.2999663353 3.0812511444 
2.8725309372 2.6732490063 2.4828248024 2.3006491661 2.1260819435 1.9584472179 1.7970280647 1.6410624981 1.4897383451 
1.3421964645 1.1975828409 1.0549889803 0.91192942858 0.76262962818 0.6104285717 0.47377464175 0.3548450768 0.24978654087 
0.16072310507 0.09021371603 0.039904788136 0.012236876413 0.0046543185599 0.0054865595885 0.002116949996 8.9430512162e-05 1.6671634739e-06 
8.5658020907e-06 2.0816822143e-05 9.715282431e-06 1.7276956896e-06 1.5031358203e-07 0 0 0 0.0001580054959 
0.00067396025406 0.0059596206993 0.025369413197 0.067677229643 0.1344936341 0.21587181091 0.31447660923 0.49264654517 0.69778233767 
0.82819110155 0.92626434565 1.0340353251 1.1495380402 1.2720688581 1.4012513161 1.5369340181 1.6791427135 1.8280451298 
1.9839235544 2.1471488476 2.3181552887 2.4974179268 2.6854348183 2.882712841 3.0897574425 3.3070683479 3.5351352692 
3.7744364738 4.0254397392 4.2886033058 4.5643768311 4.8532032967 5.155520916 5.471765995 5.8023753166 6.1477861404 
6.5084447861 6.8848013878 7.2773194313 7.6864771843 8.1127700806 8.5567131042 9.0188474655 9.4997434616 9.5001039505 
9.0195636749 8.5577754974 8.1141662598 7.688190937 7.2793269157 6.8870725632 6.5109453201 6.1504731178 5.8051962852 
5.4746603966 5.1584157944 4.8560128212 4.5670003891 4.2909216881 4.0273151398 3.7757062912 3.5356106758 3.3065285683 
3.0879440308 2.8793222904 2.6801085472 2.4897243977 2.3075671196 2.1330049038 1.9653761387 1.8039848804 1.6480981112 
1.496945262 1.3497242928 1.2056504488 1.0638715029 0.92188751698 0.77515876293 0.62716662884 0.49458017945 0.37511882186 
0.26513004303 0.17046326399 0.09611018002 0.04335732758 0.013666291721 0.0050378618762 0.0055221426301 0.0021688290872 9.1860842076e-05 
2.0098655114e-06 1.9691335183e-05 4.1571012844e-05 2.0598896299e-05 4.9889299589e-06 2.5553021032e-07 0 0 0.00041956588393 
0.001760106883 0.0047405678779 0.013966955245 0.036005035043 0.068056859076 0.12414507568 0.2283103466 0.35831797123 0.53194773197 
0.75941377878 0.86930632591 0.95585024357 1.0562005043 1.1672569513 1.2871246338 1.4146476984 1.5492358208 1.6906704903 
1.8389831781 1.9943780899 2.1571815014 2.3278007507 2.5066959858 2.6943552494 2.8912796974 3.0979716778 3.314927578 
3.5426361561 3.7815737724 4.032207489 4.2949957848 4.5703859329 4.8588223457 5.1607422829 5.476583004 5.8067803383 
6.1517729759 6.512005806 6.8879313469 7.2800135612 7.6887292862 8.1145763397 8.5580711365 9.0197544098 9.5001974106 
9.5007019043 9.0207557678 8.5595617294 8.1165390015 7.6911435127 7.2828512192 6.8911590576 6.5155820847 6.1556477547 
5.8108930588 5.4808621407 5.165104866 4.8631687164 4.5746016502 4.2989444733 4.0357336998 3.7844939232 3.5447392464 
3.3159692287 3.0976667404 2.8892979622 2.6903090477 2.5001246929 2.3181481361 2.1437575817 1.9763057232 1.8151199818 
1.6595025063 1.5087348223 1.3620903492 1.2188774347 1.0783195496 0.93882536888 0.79727143049 0.65742450953 0.53012490273 
0.41015580297 0.29378318787 0.18964770436 0.10840778798 0.05085311085 0.017414987087 0.0061765871942 0.0056950501166 0.0023878102656 
0.00010440648475 1.2896296539e-05 0.00011448137229 8.0057638115e-05 3.3997814171e-05 6.9562574936e-06 9.6804296845e-07 0 0.00041956588393 
0.002979177516 0.0092669464648 0.018476657569 0.034405972809 0.057450156659 0.084228798747 0.16480924189 0.27236908674 0.40678882599 
0.57543587685 0.79631024599 0.90036845207 0.98201847076 1.0785816908 1.1871045828 1.3052942753 1.4316469431 1.5653505325 
1.7060619593 1.8537441492 2.0085644722 2.1708273888 2.3409280777 2.5193185806 2.7064814568 2.9029138088 3.1091148853 
3.325578928 3.5527918339 3.791229248 4.0413570404 4.303630352 4.5784993172 4.8664054871 5.1677861214 5.4830784798 
5.8127179146 6.1571450233 6.5168032646 6.8921470642 7.2836403847 7.6917624474 8.1170091629 8.5598993301 9.0209751129 
9.5008068085 9.5014591217 9.02227211 8.561829567 8.119553566 7.6948990822 7.2873373032 6.8963651657 6.5214943886 
6.1622524261 5.8181734085 5.4888010025 5.1736812592 4.8723626137 4.5843892097 4.3093028069 4.0466370583 3.7959158421 
3.5566518307 3.3283448219 3.1104767323 2.9025142193 2.7039048672 2.5140762329 2.3324358463 2.1583704948 1.9912465811 
1.830411911 1.6752010584 1.5249452591 1.3789902925 1.2367349863 1.0977110863 0.9610106349 0.82540649176 0.69265079498 
0.56891834736 0.44855874777 0.32768455148 0.21511887014 0.12597821653 0.062787123024 0.02390261367 0.0079947356135 0.0050501064397 
0.0021291929297 0.00011047490989 9.1470705229e-05 0.00016108500131 0.000106604959 3.6219447793e-05 6.3002912611e-06 0 0.00013985529949 
0.0017051340546 0.0084117529914 0.022663980722 0.041665706784 0.066260695457 0.097612246871 0.14552935958 0.21854001284 0.33175885677 
0.46513718367 0.62257552147 0.82402682304 0.92363530397 1.0045070648 1.10067904 1.2087675333 1.3264415264 1.4522144794 
1.5852944851 1.7253562212 1.8723771572 2.0265352726 2.1881411076 2.3575921059 2.5353403091 2.7218675613 2.9176688194 
3.123239994 3.3390738964 3.5656533241 3.8034522533 4.0529346466 4.3145546913 4.5887598991 4.8759922981 5.1766891479 
5.4912862778 5.8202204704 6.1639313698 6.5228638649 6.8974719048 7.2882213593 7.6955919266 8.1200799942 8.5622081757 
9.0225162506 9.501578331 9.5023832321 9.0241174698 8.5645942688 8.1232318878 7.6994791031 7.2928113937 6.9027199745 
6.5287165642 6.1703248024 5.8270792961 5.4985208511 5.1841950417 4.8836464882 4.5964207649 4.3220567703 4.0600876808 
3.8100366592 3.5714161396 3.3437240124 3.1264438629 2.9190416336 2.7209658623 2.5316462517 2.3504936695 2.1768996716 
2.0102393627 1.8498752117 1.6951639652 1.5454722643 1.400197506 1.2588068247 1.1208969355 0.98626333475 0.85425132513 
0.72563004494 0.60268950462 0.4821485579 0.35989141464 0.24200370908 0.14727315307 0.078769408166 0.033773783594 0.010991236195 
0.0036891233176 0.0008630285738 0.00010375631973 3.6161793105e-05 8.5460706032e-05 5.259225145e-05 2.11770639e-05 4.0872801037e-05 7.6364958659e-05 
0.00037615618203 0.0027872594073 0.01223500073 0.032076694071 0.058922242373 0.09349193424 0.1396471262 0.19993755221 0.27910128236 
0.41328290105 0.54097944498 0.67634701729 0.83935803175 0.93798881769 1.0235977173 1.1230185032 1.2326954603 1.3508888483 
1.4765735865 1.6092250347 1.7486706972 1.8949769735 2.0483727455 2.2091972828 2.3778636456 2.5548305511 2.7405815125 
2.9356105328 3.1404123306 3.355476141 3.5812826157 3.8183028698 4.0669984818 4.3278226852 4.6012206078 4.8876342773 
5.1874995232 5.5012516975 5.8293290138 6.1721696854 6.5302205086 6.9039359093 7.2937812805 7.7002396584 8.1238088608 
8.5650100708 9.0243873596 9.5025148392 9.5034799576 9.026307106 8.5678720474 8.1275911331 7.704911232 7.2993035316 
6.9102602005 6.5372886658 6.1799116135 5.8376612663 5.5100769997 5.1967029572 4.8970837593 4.6107616425 4.3372759819 
4.0761594772 3.8269331455 3.5891103745 3.3621888161 3.1456518173 2.9389657974 2.7415795326 2.5529234409 2.3724088669 
2.199429512 2.033362627 1.8735752106 1.7194319963 1.5703111887 1.4256310463 1.2848938704 1.1477451324 1.014021039 
0.88373941183 0.75683277845 0.63416552544 0.51373279095 0.39112618566 0.27090841532 0.17233377695 0.099753245711 0.048747994006 
0.018518773839 0.0053083803505 0.00096699257847 0.00010388577357 0.00010247666796 0.00013743592717 0.00018975345301 0.00060607417254 0.00075175589882 
0.0012949134689 0.0024334671907 0.0062066307291 0.017163526267 0.039018776268 0.07035074383 0.1122751832 0.16979956627 0.24547846615 
0.34304839373 0.45645996928 0.57858067751 0.7041593194 0.82855802774 0.93856352568 1.0411524773 1.1474525928 1.26006639 
1.3793388605 1.5051443577 1.6374042034 1.7761811018 1.9216721058 2.074180603 2.2340872288 2.4018273354 2.5778698921 
2.7627019882 2.9568173885 3.1607084274 3.3748612404 3.599752903 3.8358521461 4.0836176872 4.3435001373 4.6159448624 
4.9013900757 5.2002725601 5.5130267143 5.8400902748 6.1819033623 6.5389122963 6.9115724564 7.3003511429 7.7057313919 
8.1282138824 8.5683193207 9.026597023 9.5036220551 9.5047521591 9.0288505554 8.571680069 8.1326570511 7.7112236023 
7.3068504333 6.919025898 6.5472569466 6.1910629272 5.8499751091 5.5235314369 5.2112731934 4.9127449989 4.6274876595 
4.3550410271 4.0949339867 3.8466923237 3.6098258495 3.3838334084 3.1681978703 2.962387085 2.7658495903 2.5780148506 
2.3982930183 2.2260758877 2.0607368946 1.9016363621 1.7481286526 1.5995770693 1.4553837776 1.3150478601 1.1782482862 
1.0449008942 0.91488361359 0.78908103704 0.66685926914 0.54688310623 0.42510214448 0.3043910265 0.20316922665 0.1267696619 
0.070973180234 0.033718992025 0.01345939748 0.0046683307737 0.0019995279144 0.0015382992569 0.0018089086516 0.0032000681385 0.0054279780015 
0.0067631434649 0.0086076715961 0.012910001911 0.020900702104 0.036064811051 0.06116438657 0.096182867885 0.1424459219 0.20302844048 
0.28017297387 0.37250095606 0.48006802797 0.60060584545 0.72615605593 0.84616154432 0.9583684206 1.067158699 1.1777768135 
1.292612195 1.412676692 1.5384218693 1.6701319218 1.8080855608 1.9526078701 2.1040763855 2.2629146576 2.4295799732 
2.6045520306 2.7883207798 2.9813792706 3.1842167377 3.3973155022 3.6211495399 3.8561830521 4.1028718948 4.3616652489 
4.6330046654 4.9173288345 5.2150731087 5.5266714096 5.8525619507 6.1931838989 6.5489854813 6.9204230309 7.3079648018 
7.7120966911 8.1333189011 8.5721569061 9.0291576385 9.5049037933 9.5062093735 9.0317611694 8.5760393143 8.1384553909 
7.7184500694 7.3154911995 6.9290647507 6.5586748123 6.2038393021 5.864086628 5.5389533043 5.2279806137 4.9307103157 
4.6466846466 4.3754401207 4.116508007 3.8694124222 3.633664608 3.4087631702 3.1941926479 2.989420414 2.7938957214 
2.6070466042 2.4282810688 2.2569854259 2.0925240517 1.9342410564 1.7814632654 1.6335115433 1.489733696 1.3495869637 
1.212767005 1.0786106586 0.94788992405 0.82282996178 0.70192879438 0.58346104622 0.4644151926 0.34586006403 0.2419604212 
0.1616127938 0.10180903226 0.059258107096 0.03214604035 0.017582707107 0.011469362304 0.010129656643 0.012015971355 0.017709650099 
0.025824368 0.029491771013 0.032795488834 0.040591653436 0.054136537015 0.074636556208 0.1040122211 0.14290116727 0.1923494041 
0.25349149108 0.32754477859 0.41442131996 0.51558333635 0.63322484493 0.75910228491 0.87947136164 0.99244481325 1.1033638716 
1.2157350779 1.3314380646 1.4515661001 1.5768119097 1.7076702118 1.844568491 1.9879266024 2.1381812096 2.2957894802 
2.4612267017 2.6349794865 2.8175396919 3.0093970299 3.2110373974 3.42293787 3.6455683708 3.8793890476 4.1248526573 
4.3824038506 4.652484417 4.9355301857 5.2319755554 5.5422554016 5.8668060303 6.2060685158 6.5604915619 6.9305329323 
7.3166627884 7.7193675041 8.1391506195 8.5765399933 9.032084465 9.5063686371 9.5078573227 9.0350542068 8.5809707642 
8.1450157166 7.7266283035 7.3252711296 6.9404277802 6.5715999603 6.2183036804 5.880065918 5.5564212799 5.2469086647 
4.9510703087 4.6684455872 4.3985733986 4.1409845352 3.8952023983 3.6607396603 3.4370965958 3.2237584591 3.0201938152 
2.8258521557 2.6401617527 2.4625275135 2.2923297882 2.1289205551 1.9716223478 1.8197227716 1.6724793911 1.5291552544 
1.3891307116 1.251401186 1.1147425175 0.98088729382 0.85653471947 0.73783749342 0.62233549356 0.50808918476 0.3938356936 
0.28912705183 0.20538087189 0.14277350903 0.096939943731 0.065478049219 0.046371243894 0.037287730724 0.035634443164 0.040698554367 
0.054389044642 0.071744158864 0.079572506249 0.081962712109 0.090619727969 0.10755121708 0.13210484385 0.16498173773 0.20773787796 
0.26109808683 0.32356622815 0.39593309164 0.47870135307 0.57426023483 0.68587684631 0.80880445242 0.92718267441 1.0391187668 
1.1495448351 1.2616987228 1.3769723177 1.4963463545 1.6205637455 1.7502070665 1.8857798576 2.0277581215 2.1766142845 
2.3328266144 2.4968807697 2.6692657471 2.8504712582 3.0409832001 3.241281271 3.4518380165 3.6731171608 3.9055745602 
4.1496591568 4.405813694 4.6744756699 4.9560809135 5.2510623932 5.5598545074 5.8828935623 6.2206220627 6.573489666 
6.9419541359 7.3264894485 7.7275824547 8.1457395554 8.5814914703 9.0353908539 9.5080223083 9.5097055435 9.0387477875 
8.5865020752 8.1523742676 7.7358002663 7.3362388611 6.95317173 6.5860977173 6.2345299721 5.8979930878 5.5760202408 
5.2681493759 4.973921299 4.6928758621 4.4245505333 4.1684770584 3.9241807461 3.6911747456 3.4689614773 3.2570283413 
3.0548458099 2.8618648052 2.6775147915 2.5012004375 2.3322963715 2.1701452732 2.0140471458 1.8632501364 1.7169437408 
1.5742957592 1.4343594313 1.2954058647 1.1542359591 1.0147061348 0.8880277276 0.77065181732 0.65764051676 0.5482109189 
0.4406337738 0.34002003074 0.25744438171 0.19441959262 0.1474057138 0.11403857917 0.09291511029 0.082536645234 0.081381954253 
0.089919127524 0.11094354093 0.13850036263 0.15185068548 0.15417055786 0.16166889668 0.1799261719 0.20720644295 0.24329349399 
0.29148903489 0.35118415952 0.41691052914 0.48858898878 0.56847542524 0.65845531225 0.76203733683 0.8760881424 0.98834359646 
1.0965789557 1.2048912048 1.3154113293 1.4292067289 1.5470993519 1.669786334 1.7978560925 1.9318338633 2.0722167492 
2.2194914818 2.3741445541 2.536662817 2.7075326443 2.8872387409 3.0762608051 3.2750713825 3.484136343 3.7039139271 
3.9348549843 4.1774044037 4.4320015907 4.6990818977 4.9790782928 5.2724246979 5.5795545578 5.9009041786 6.2369165421 
6.5880427361 6.9547433853 7.3374929428 7.736782074 8.1531200409 8.5870380402 9.0390949249 9.5098752975 9.5117635727 
9.0428600311 8.5926589966 8.1605653763 7.7460103035 7.3484487534 6.967359066 6.6022377014 6.252594471 5.9179530144 
5.5978431702 5.2918024063 4.9993700981 4.7200865746 4.4534888268 4.1991100311 3.9564759731 3.7251033783 3.5044960976 
3.2941451073 3.0935242176 2.9020881653 2.7192692757 2.5444746017 2.3770794868 2.2164213657 2.0617878437 1.9124001265 
1.7673979998 1.6258740425 1.4867961407 1.3474581242 1.2030920982 1.0570446253 0.92544662952 0.80596077442 0.69402170181 
0.58848762512 0.48864290118 0.39659121633 0.31936234236 0.25814145803 0.21117603779 0.17734637856 0.15581054986 0.14560070634 
0.14571082592 0.15683734417 0.18288087845 0.21802031994 0.23888844252 0.24488595128 0.25284165144 0.27183073759 0.30039337277 
0.3395114243 0.39393481612 0.46113350987 0.53067159653 0.60198152065 0.67866170406 0.76285451651 0.85625475645 0.95795065165 
1.0606111288 1.1635004282 1.2684108019 1.3763439655 1.4879050255 1.6037517786 1.7244929075 1.8506777287 1.9828181267 
2.1214065552 2.2669284344 2.4198658466 2.5807003975 2.7499115467 2.9279756546 3.1153638363 3.3125407696 3.5199649334 
3.738088131 3.9673557281 4.2082090378 4.461083889 4.7264137268 5.0046286583 5.2961626053 5.6014475822 5.9209222794 
6.2550292015 6.6042222977 6.9689626694 7.3497285843 7.7470121384 8.1613264084 8.5932064056 9.0432128906 9.5119371414 
9.5140399933 9.0474090576 8.5994729996 8.1696300507 7.7573070526 7.3619585037 6.9830570221 6.6200962067 6.2725834846 
5.940038681 5.6219911575 5.3179759979 5.0275321007 4.7501997948 4.4855160713 4.2330160141 3.9922268391 3.7626678944 
3.543847084 3.335259676 3.1363842487 2.9466817379 2.7655911446 2.5925257206 2.426867485 2.2679588795 2.115090847 
1.9674824476 1.8242628574 1.684499383 1.5471166372 1.4093568325 1.2657262087 1.1189136505 0.98448061943 0.86327832937 
0.75179207325 0.64907622337 0.55441117287 0.46865224838 0.3955770731 0.33584612608 0.28923067451 0.25558635592 0.23441071808 
0.22502067685 0.22669327259 0.24017512798 0.26971966028 0.3101888597 0.33928909898 0.35337665677 0.36604440212 0.38621562719 
0.41490390897 0.45372334123 0.51011443138 0.57841151953 0.64734762907 0.71624386311 0.78937876225 0.86834794283 0.95379734039 
1.0452897549 1.1401320696 1.2379060984 1.3390946388 1.4438976049 1.5527505875 1.6661652327 1.7846530676 1.9087072611 
2.0388083458 2.175429821 2.3190436363 2.4701209068 2.629131794 2.7965455055 2.9728271961 3.1584379673 3.3538343906 
3.5594668388 3.775780201 4.003215313 4.2422070503 4.4931898117 4.7565932274 5.0328474045 5.3223834038 5.6256356239 
5.9430413246 6.2750458717 6.6221041679 6.9846796989 7.3632535934 7.7583212852 8.1703996658 8.600025177 9.0477666855 
9.514216423 9.5165462494 9.0524168015 8.6069726944 8.1796073914 7.7697443962 7.3768310547 7.0003385544 6.639755249 
6.2945871353 5.9643492699 5.6485710144 5.3467850685 5.0585298538 4.7833447456 4.5207686424 4.270336628 4.0315794945 
3.8040196896 3.5871696472 3.3805303574 3.1835873127 2.9958100319 2.8166470528 2.6455230713 2.4818336964 2.3249382973 
2.174148798 2.0287120342 1.8877925873 1.750495553 1.6157649755 1.4815080166 1.3435217142 1.2027478218 1.0705025196 
0.94832265377 0.83712732792 0.73596417904 0.64332479239 0.55923134089 0.48737931252 0.42846438289 0.38240480423 0.3492692709 
0.32877779007 0.32041931152 0.32354620099 0.33981373906 0.37202948332 0.41524124146 0.4500861764 0.47368949652 0.4940572381 
0.51865297556 0.54776805639 0.58542513847 0.6376401186 0.69995170832 0.76299256086 0.82774156332 0.89688158035 0.97139167786 
1.051194191 1.1361851692 1.2254248857 1.3187657595 1.4160897732 1.5175442696 1.6234492064 1.7342033386 1.8502340317 
1.9719796181 2.0998835564 2.2343947887 2.3759653568 2.5250504017 2.6821062565 2.8475880623 3.0219495296 3.2056410313 
3.3991093636 3.602796793 3.8171417713 4.042579174 4.279540062 4.5284547806 4.7897510529 5.0638570786 5.3512043953 
5.6522264481 5.9673614502 6.2970581055 6.6417703629 7.0019674301 7.3781313896 7.7707624435 8.1803798676 8.6075286865 
9.0527763367 9.5167236328 9.5192937851 9.0579071045 8.6151943207 8.1905460358 7.7833776474 7.3931336403 7.0192799568 
6.6613020897 6.3187017441 5.9909920692 5.6776990891 5.3783540726 5.0924944878 4.8196601868 4.5593900681 4.3112215996 
4.0746889114 3.8493175507 3.6346259117 3.4301218987 3.2352995872 3.0496389866 2.8726015091 2.7036280632 2.5421347618 
2.3875072002 2.2390935421 2.0961921215 1.9580416679 1.8238379955 1.6928349733 1.5638698339 1.4346996546 1.3048716784 
1.1791986227 1.0594899654 0.94957947731 0.84964483976 0.75608384609 0.66916042566 0.59540957212 0.53658616543 0.49116021395 
0.45866894722 0.43894985318 0.43152701855 0.43731558323 0.45718055964 0.49183768034 0.5334405303 0.56902110577 0.59709221125 
0.62357991934 0.65207743645 0.68388593197 0.72095495462 0.76860666275 0.82274717093 0.87974643707 0.9402512908 1.0056146383 
1.0759251118 1.1512076855 1.2313313484 1.3160694838 1.4052404165 1.4988107681 1.5969105959 1.699791193 1.8077762127 
1.9212315083 2.0405492783 2.1661398411 2.2984249592 2.4378356934 2.5848093033 2.7397856712 2.90320611 3.075511694 
3.257142067 3.4485337734 3.6501209736 3.8623354435 4.085606575 4.3203616142 4.5670261383 4.8260269165 5.0977916718 
5.3827500343 5.6813364029 5.993991375 6.3211622238 6.6633095741 7.0209026337 7.3944292068 7.78439188 8.1913156509 
8.6157493591 9.058265686 9.5194702148 9.5222959518 9.0639038086 8.6241750717 8.2024917603 7.798265934 7.4109368324 
7.0399641991 6.6848306656 6.3450317383 6.0200805664 5.7094974518 5.4128136635 5.1295657158 4.8592920303 4.6015338898 
4.3558306694 4.1217193604 3.8987298012 3.6863873005 3.4842069149 3.2916927338 3.1083376408 2.933618784 2.7669961452 
2.6079115868 2.4557831287 2.3100044727 2.1699388027 2.0349154472 1.9042479992 1.7773020267 1.6536486149 1.5325559378 
1.4135360718 1.2978229523 1.185998559 1.0819462538 0.98461103439 0.88969963789 0.79799795151 0.72031980753 0.66042965651 
0.61557412148 0.58379137516 0.56473195553 0.55948674679 0.56929689646 0.59399592876 0.62809956074 0.66471624374 0.69604212046 
0.72420853376 0.75219666958 0.78250616789 0.81554460526 0.85300797224 0.89672827721 0.94555151463 0.99814093113 1.055306673 
1.1170766354 1.183555603 1.2548152208 1.3308389187 1.4115550518 1.4969142675 1.586950779 1.6817982197 1.7816753387 
1.886862874 1.9976863861 2.1145038605 2.2376971245 2.3676636219 2.5048141479 2.6495671272 2.8023469448 2.9635808468 
3.1336967945 3.3131229877 3.5022876263 3.7016165257 3.9115345478 4.1324658394 4.3648338318 4.6090607643 4.8655714989 
5.1347923279 5.4171538353 5.7130899429 6.0230431557 6.3474650383 6.6868152618 7.0415697098 7.4122190475 7.7992706299 
8.2032546997 8.6247243881 9.0642595291 9.5224704742 9.5255641937 9.0704336166 8.6339540482 8.2154979706 7.8144750595 
7.4303174019 7.0624799728 6.7104387283 6.3736872673 6.051733017 5.7440953255 5.4503026009 5.1698894501 4.9023957253 
4.6473622322 4.4043312073 4.1728429794 3.952432394 3.7426316738 3.5429635048 3.3529443741 3.17208004 2.9998648167 
2.8357810974 2.6792976856 2.5298690796 2.3869364262 2.2499277592 2.1182632446 1.9913696051 1.8687275648 1.7499647141 
1.6349730492 1.5237339735 1.4164682627 1.3134520054 1.2162754536 1.1237769127 1.0316249132 0.94061768055 0.86161655188 
0.80124473572 0.75684291124 0.72582709789 0.70808511972 0.70532464981 0.71936964989 0.74468570948 0.77455872297 0.80313944817 
0.82973992825 0.85601097345 0.88367402554 0.91348576546 0.94638198614 0.98287534714 1.0240639448 1.0693737268 1.1190336943 
1.1730594635 1.2315328121 1.2945694923 1.3622637987 1.4346641302 1.5117921829 1.5936839581 1.6804249287 1.7721629143 
1.8691066504 1.9715160131 2.0796918869 2.1939687729 2.3147046566 2.4422779083 2.5770795345 2.7195115089 2.869982481 
3.0289061069 3.1966991425 3.3737785816 3.5605635643 3.7574727535 3.9649238586 4.1833367348 4.4131298065 4.6547241211 
4.9085426331 5.1750097275 5.454556942 5.7476191521 6.05464077 6.3760762215 6.7123885155 7.0640573502 7.4315776825 
7.8154630661 8.2162494659 8.6344928741 9.0707826614 9.5257358551 9.5291128159 9.0775222778 8.6445684433 8.2296180725 
7.8320713043 7.4513549805 7.086918354 6.7382316589 6.4047842026 6.086078167 5.7816305161 5.4909672737 5.2136220932 
4.9491343498 4.6970453262 4.4568996429 4.2282409668 4.0106101036 3.803545475 3.6065795422 3.4192397594 3.2410459518 
3.0715110302 2.9101395607 2.7564282417 2.6098678112 2.4699440002 2.3361437321 2.2079627514 2.0849218369 1.9665955305 
1.8526673317 1.7429935932 1.637635231 1.536812067 1.4405648708 1.3496191502 1.263166666 1.1788748503 1.0955963135 
1.0213276148 0.96262103319 0.91934525967 0.88915419579 0.8719291687 0.86980754137 0.88204520941 0.9025079608 0.92404526472 
0.94585555792 0.9683509469 0.99270343781 1.0189372301 1.0475227833 1.0790687799 1.1140961647 1.1529450417 1.1957976818 
1.2427585125 1.2939260006 1.349419117 1.4093637466 1.4738717079 1.5430322886 1.6169251204 1.6956418753 1.7793060541 
1.8680832386 1.9621833563 2.0618577003 2.1673939228 2.2791085243 2.3973436356 2.5224592686 2.6548318863 2.79484725 
2.9429004192 3.0993924141 3.2647283077 3.4393165112 3.6235663891 3.8178896904 4.0226988792 4.2384085655 4.4654335976 
4.7041931152 4.9551076889 5.2186021805 5.4951081276 5.7850627899 6.0889120102 6.4071125984 6.7401337624 7.0884580612 
7.4525856972 7.8330368996 8.2303524017 8.6450967789 9.0778636932 9.5292806625 9.5329551697 9.0852012634 8.6560659409 
8.2449102402 7.8511266708 7.474134922 7.1133775711 6.7683196068 6.4384436607 6.1232485771 5.8222475052 5.534963131 
5.2609276772 4.9996800423 4.7507624626 4.5137224197 4.2881045341 4.0734577179 3.8693258762 3.6752514839 3.4907727242 
3.3154244423 3.1487374306 2.9902374744 2.8394494057 2.6958956718 2.5591030121 2.4286072254 2.3039634228 2.1847593784 
2.0706379414 1.9613243341 1.8566617966 1.7566244602 1.6612936258 1.5708005428 1.4853028059 1.4050686359 1.3292688131 
1.2572658062 1.1921951771 1.1392455101 1.0986124277 1.0692869425 1.0511444807 1.0449620485 1.0503276587 1.0615508556 
1.0757715702 1.0923768282 1.1119058132 1.1338365078 1.1581246853 1.1850224733 1.2148934603 1.2480838299 1.2848632336 
1.3254271746 1.3699275255 1.4185038805 1.4712953568 1.5284388065 1.5900617838 1.6562827826 1.727219224 1.8029998541 
1.8837765455 1.9697312117 2.0610795021 2.1580708027 2.2609839439 2.3701255322 2.4858236313 2.6084251404 2.7382922173 
2.875797987 3.021324873 3.1752631664 3.3380072117 3.5099561214 3.6915123463 3.8830800056 4.0850663185 4.2978820801 
4.521938324 4.7576522827 5.0054440498 5.2657380104 5.5389661789 5.8255681992 6.125992775 6.4407000542 6.7701635361 
7.1148715019 7.4753293991 7.8520641327 8.2456216812 8.6565790176 9.0855331421 9.533118248 9.537109375 9.0934991837 
8.6684894562 8.2614345551 7.8717160225 7.4987468719 7.1419615746 6.800819397 6.4747958183 6.1633858681 5.8660979271 
5.5824518204 5.3119783401 5.0542135239 4.808701992 4.5749921799 4.3526334763 4.1411786079 3.9401788712 3.7491853237 
3.5677483082 3.3954160213 3.2317361832 3.0762555599 2.9285235405 2.788091898 2.6545219421 2.5273888111 2.4062922001 
2.2908668518 2.1807975769 2.0758385658 1.9758275747 1.8806951046 1.7904499769 1.7051540613 1.6249150038 1.5499470234 
1.4806921482 1.4169777632 1.360250473 1.3126283884 1.2747998238 1.2463563681 1.2271715403 1.2174091339 1.2161413431 
1.2209820747 1.2301435471 1.2433948517 1.2599259615 1.2793149948 1.3014565706 1.3264483213 1.3544850349 1.385786891 
1.4205591679 1.4589823484 1.5012186766 1.5474206209 1.5977371931 1.6523133516 1.7112904787 1.7748081684 1.8430091143 
1.9160475731 1.9940955639 2.0773487091 2.1660294533 2.2603867054 2.3606960773 2.4672551155 2.5803825855 2.7004144192 
2.8277010918 2.9626045227 3.105496645 3.2567572594 3.4167714119 3.5859308243 3.764629364 3.9532663822 4.1522436142 
4.3619675636 4.5828471184 4.8152976036 5.0597376823 5.3165926933 5.5862960815 5.869289875 6.1660261154 6.4769678116 
6.8025951385 7.1434016228 7.4998989105 7.8726205826 8.2621221542 8.6689844131 9.0938196182 9.5372657776 9.5415887833 
9.1024494171 8.6818904877 8.279255867 7.8939194679 7.5252842903 7.1727790833 6.8358521461 6.5139760971 6.2066383362 
5.9133419991 5.6336045265 5.3669528961 5.112924099 4.8710618019 4.6409153938 4.4220385551 4.2139873505 4.0163211823 
3.828599453 3.650383234 3.4812335968 3.3207142353 3.1683912277 3.0238347054 2.8866233826 2.7563459873 2.6326100826 
2.5150477886 2.4033253193 2.2971553802 2.1963074207 2.1006166935 2.0099899769 1.9243987799 1.8438711166 1.7684895992 
1.6984285116 1.634021759 1.5758088827 1.524243474 1.480456233 1.4446895123 1.4171267748 1.3976422548 1.3858025074 
1.3811168671 1.3821911812 1.3882769346 1.3985211849 1.4123083353 1.4292795658 1.4492865801 1.4723287821 1.4984949827 
1.5279202461 1.560757637 1.5971624851 1.6372884512 1.6812874079 1.7293101549 1.7815073729 1.8380300999 1.8990324736 
1.9646741152 2.0351266861 2.1105759144 2.1912286282 2.2773125172 2.3690779209 2.4667963982 2.5707612038 2.6812822819 
2.7986876965 2.9233174324 3.0555243492 3.1956706047 3.3441271782 3.5012705326 3.6674849987 3.8431582451 4.0286836624 
4.2244586945 4.4308862686 4.6483736038 4.8773326874 5.118183136 5.3713517189 5.6372728348 5.9163908958 6.2091617584 
6.5160551071 6.8375535011 7.1741585732 7.526389122 7.8947868347 8.279914856 8.6823663712 9.1027574539 9.5417394638 
9.5464134216 9.1120853424 8.6963176727 8.2984409332 7.9178204536 7.5538477898 7.2059431076 6.8735489845 6.5561275482 
6.2531609535 5.9641475677 5.6885995865 5.4260425568 5.1760110855 4.9380478859 4.7117052078 4.4965391159 4.2921094894 
4.0979814529 3.913724184 3.7389075756 3.5731055737 3.4158957005 3.2668614388 3.1255917549 2.991686821 2.8647594452 
2.7444415092 2.6303896904 2.5222933292 2.4198811054 2.3229312897 2.2312762737 2.1448071003 2.0634715557 1.9872732162 
1.9162724018 1.8506040573 1.7905082703 1.7363482714 1.6885678768 1.6475908756 1.6137096882 1.587017417 1.5673899651 
1.5544842482 1.5477582216 1.5465322733 1.5500969887 1.5578250885 1.569239974 1.5840307474 1.6020311117 1.6231877804 
1.6475286484 1.6751350164 1.7061202526 1.740614295 1.7787564993 1.8206915855 1.8665684462 1.9165395498 1.9707621336 
2.029399395 2.0926220417 2.1606128216 2.2335679531 2.3117008209 2.3952429295 2.4844462872 2.5795800686 2.680932045 
2.7888073921 2.9035255909 3.02541852 3.1548309326 3.2921171188 3.4376387596 3.591766119 3.7548758984 3.9273500443 
4.109577179 4.3019504547 4.5048694611 4.7187390327 4.9439716339 5.1809859276 5.4302091599 5.6920785904 5.9670424461 
6.2555594444 6.5581045151 6.8751688004 7.2072582245 7.5549006462 7.9186468124 8.2990703583 8.6967716217 9.1123790741 
9.5465574265 9.5515995026 9.1224451065 8.7118244171 8.3190612793 7.9435062408 7.5845417976 7.2415761948 6.9140443802 
6.6013994217 6.3031177521 6.0186905861 5.7476263046 5.4894461632 5.2436819077 5.0098791122 4.7875871658 4.5763664246 
4.3757801056 4.185400486 4.004802227 3.8335649967 3.671274662 3.5175216198 3.3719031811 3.2340259552 3.1035079956 
2.979981184 2.8630969524 2.7525305748 2.6479873657 2.5492072105 2.4559729099 2.3681128025 2.2855041027 2.2080760002 
2.1358072758 2.0687303543 2.0069365501 1.9505856037 1.8999069929 1.8551688194 1.8166178465 1.7844122648 1.7585780621 
1.7389916182 1.7253811359 1.7173421383 1.7143808603 1.7159824371 1.7216807604 1.731102109 1.7439807653 1.7601538897 
1.7795469761 1.8021566868 1.8280318975 1.8572574854 1.889942646 1.9262115955 1.9662008286 2.0100543499 2.0579247475 
2.1099720001 2.1663637161 2.227278471 2.2929048538 2.3634459972 2.4391195774 2.5201599598 2.6068184376 2.6993625164 
2.7980766296 2.9032595158 3.0152244568 3.1342964172 3.260812521 3.3951191902 3.5375711918 3.688532114 3.848372221 
4.0174684525 4.1962041855 4.3849687576 4.5841593742 4.7941789627 5.0154395103 5.2483592033 5.4933681488 5.7509055138 
6.021422863 6.3053836823 6.603269577 6.9155769348 7.2428216934 7.585539341 7.944290638 8.3196582794 8.7122554779 
9.1227235794 9.5517349243 9.5571651459 9.133564949 8.7284698486 8.3411931992 7.9710712433 7.6174759865 7.2798047066 
6.9574809074 6.6499505043 6.3566799164 6.0771560669 5.810880661 5.5573706627 5.3161568642 5.0867810249 4.8687963486 
4.6617622375 4.4652485847 4.2788300514 4.1020884514 3.9346134663 3.7759997845 3.6258497238 3.4837737083 3.3493924141 
3.2223398685 3.1022627354 2.9888286591 2.8817269802 2.7806742191 2.6854183674 2.5957436562 2.5114736557 2.4324746132 
2.358656168 2.289973259 2.2264254093 2.1680593491 2.1149663925 2.0672774315 2.0251400471 1.9886811972 1.9579675198 
1.9329782724 1.9135918617 1.8995876312 1.8906576633 1.8864365816 1.8865442276 1.8906282187 1.8983943462 1.9096207619 
1.9241611958 1.9419388771 1.9629365206 1.9871846437 2.014749527 2.0457239151 2.0802197456 2.1183650494 2.1602990627 
2.206171751 2.2561440468 2.3103854656 2.3690779209 2.4324142933 2.5006008148 2.5738580227 2.6524205208 2.736538887 
2.8264787197 2.9225201607 3.02495718 3.1340966225 3.2502577305 3.3737699986 3.5049731731 3.6442155838 3.79185462 
3.9482541084 4.1137862206 4.2888307571 4.4737730026 4.6690073013 4.874935627 5.0919690132 5.3205275536 5.5610413551 
5.8139538765 6.0797200203 6.3588094711 6.6517090797 6.9589238167 7.280977726 7.6184167862 7.9718112946 8.3417568207 
8.7288761139 9.1338272095 9.5572948456 9.5631332397 9.1454849243 8.7463130951 8.3649148941 8.0006132126 7.6527671814 
7.3207616806 7.0040097237 6.7019457817 6.4140291214 6.1397385597 5.878569603 5.6300354004 5.3936629295 5.1689939499 
4.955578804 4.7529811859 4.5607733727 4.3785338402 4.2058525085 4.042324543 3.8875546455 3.741155386 3.6027488708 
3.4719686508 3.3484604359 3.2318849564 3.1219215393 3.0182714462 2.9206593037 2.8288383484 2.74259305 2.6617426872 
2.5861423016 2.5156843662 2.450299263 2.389955759 2.3346576691 2.2844405174 2.2393627167 2.1994893551 2.164867878 
2.1355054379 2.1113502979 2.0922837257 2.0781207085 2.0686197281 2.063503027 2.0624821186 2.0652868748 2.0716850758 
2.0814957619 2.0945940018 2.1109104156 2.1304233074 2.1531543732 2.1791582108 2.2085156441 2.2413294315 2.2777202129 
2.3178219795 2.361782074 2.4097592831 2.4619247913 2.5184607506 2.5795617104 2.6454350948 2.7163016796 2.792396307 
2.8739671707 2.9612772465 3.054602623 3.1542320251 3.2604677677 3.3736214638 3.4940168858 3.6219873428 3.7578747272 
3.902030468 4.0548129082 4.2165899277 4.3877358437 4.5686335564 4.7596764565 4.9612631798 5.1738052368 5.3977236748 
5.6334514618 5.8814339638 6.1421303749 6.4160189629 6.7035913467 7.0053610802 7.3218612671 7.653649807 8.0013074875 
8.3654432297 8.7466945648 9.145731926 9.5632543564 9.5695228577 9.1582479477 8.7654190063 8.3903112411 8.0322370529 
7.69053936 7.3645906448 7.0537891388 6.7575612068 6.4753556252 6.2066426277 5.9509115219 5.7076692581 5.4764413834 
5.2567653656 5.0481934547 4.8502883911 4.6626267433 4.484790802 4.3163757324 4.1569838524 4.006228447 3.8637304306 
3.7291238308 3.6020507812 3.4821698666 3.3691525459 3.2626881599 3.1624865532 3.0682790279 2.9798231125 2.8969025612 
2.8193318844 2.7469565868 2.6796534061 2.6173317432 2.5599312782 2.5074191093 2.4597866535 2.4170384407 2.379183054 
2.3462154865 2.3181033134 2.2947750092 2.2761151791 2.2619645596 2.2521276474 2.246386528 2.2445178032 2.2463102341 
2.2515809536 2.2601838112 2.2720162868 2.2870187759 2.3051724434 2.3264944553 2.3510329723 2.3788614273 2.4100754261 
2.4447894096 2.4831323624 2.5252485275 2.571295023 2.6214411259 2.6758685112 2.7347717285 2.7983572483 2.8668451309 
2.9404680729 3.019472599 3.1041173935 3.1946747303 3.2914280891 3.3946738243 3.5047178268 3.6218779087 3.7464807034 
3.8788619041 4.019367218 4.1683502197 4.3261733055 4.4932074547 4.6698331833 4.8564395905 5.0534262657 5.261203289 
5.4801926613 5.7108306885 5.9535651207 6.2088623047 6.4772043228 6.7590918541 7.0550470352 7.3656148911 7.691362381 
8.0328855515 8.3908061981 8.7657737732 9.1584796906 9.5696363449 9.5763587952 9.1719017029 8.7858533859 8.4174718857 
8.0660524368 7.730922699 7.4114394188 7.1069879532 6.8169817924 6.5408601761 6.2780828476 6.0281333923 5.7905130386 
5.5647425652 5.3503575325 5.1469092369 4.953962326 4.7710933685 4.5978908539 4.4339537621 4.2788915634 4.1323242188 
3.9938828945 3.8632085323 3.73995471 3.6237885952 3.5143918991 3.4114625454 3.3147177696 3.2238943577 3.1387524605 
3.0590758324 2.9846746922 2.9153852463 2.851072073 2.7916252613 2.7369608879 2.687016964 2.6417486668 2.6011230946 
2.5651080608 2.5336630344 2.5067303181 2.4842262268 2.4660379887 2.4520261288 2.4420278072 2.435867548 2.4333677292 
2.4343616962 2.4387042522 2.4462788105 2.4570021629 2.4708259106 2.4877364635 2.5077507496 2.5309128761 2.557292223 
2.5869796276 2.6200835705 2.6567294598 2.6970574856 2.7412221432 2.789390564 2.841742754 2.898471117 2.9597802162 
3.0258882046 3.0970249176 3.1734335423 3.2553687096 3.3430974483 3.4368987083 3.5370619297 3.6438884735 3.7576882839 
3.8787825108 4.0075016022 4.1441841125 4.2891793251 4.442843914 4.6055469513 4.7776632309 4.959581852 5.1517000198 
5.3544282913 5.5681900978 5.7934222221 6.030579567 6.2801318169 6.5425682068 6.8183979988 7.1081533432 7.4123888016 
7.7316865921 8.0666542053 8.417930603 8.7861833572 9.1721162796 9.5764636993 9.5836648941 9.1864929199 8.8076896667 
8.4464921951 8.1021785736 7.7740569115 7.4614682198 7.1637840271 6.8804035187 6.6107540131 6.3542871475 6.1104769707 
5.8788194656 5.6588306427 5.4500436783 5.2520089149 5.0642914772 4.886469841 4.7181367874 4.5588946342 4.4083604813 
4.266160965 4.1319346428 4.0053300858 3.8860116005 3.7736542225 3.667948246 3.5685994625 3.4753313065 3.3878860474 
3.3060257435 3.2295341492 3.1582183838 3.0919072628 3.0304546356 2.9737360477 2.9216477871 2.8741047382 2.8310360909 
2.7923798561 2.7580766678 2.7280619144 2.7022604942 2.6805815697 2.6629166603 2.649140358 2.639113903 2.632692337 
2.629732132 2.6300997734 2.6336786747 2.6403758526 2.650125742 2.6628911495 2.6786632538 2.6974608898 2.7193274498 
2.7443292141 2.7725532055 2.8041038513 2.8391027451 2.877686739 2.9200065136 2.9662265778 3.0165235996 3.0710873604 
3.130120039 3.1938362122 3.2624616623 3.3362352848 3.4154071808 3.5002396107 3.5910053253 3.6879878044 3.7914819717 
3.9017922878 4.0192322731 4.1441268921 4.2768092155 4.4176225662 4.5669198036 4.7250638008 4.8924279213 5.0693984032 
5.2563714981 5.4537577629 5.6619815826 5.8814835548 6.1127200127 6.3561687469 6.6123251915 6.8817071915 7.1648578644 
7.4623446465 7.7747621536 8.1027345657 8.4469175339 8.8079957962 9.1866922379 9.5837631226 9.5914678574 9.2020750046 
8.8310060501 8.4774751663 8.1407403946 7.8200902939 7.5148468018 7.224366188 6.9480333328 6.6852626801 6.4354944229 
6.1981954575 5.9728550911 5.7589831352 5.5561113358 5.3637881279 5.1815805435 5.0090670586 4.8458447456 4.6915206909 
4.5457177162 4.4080691338 4.2782206535 4.1558303833 4.0405683517 3.9321198463 3.8301818371 3.7344684601 3.6447086334 
3.560649395 3.4820554256 3.4087107182 3.3404202461 3.2770078182 3.2183184624 3.1642160416 3.1145825386 3.0693154335 
3.0283238888 2.99152565 2.9588422775 2.9301931858 2.9054920673 2.8846445084 2.8675453663 2.854080677 2.8441305161 
2.8375720978 2.8342866898 2.83416605 2.8371162415 2.8430633545 2.8519556522 2.8637661934 2.8784916401 2.8961539268 
2.9167957306 2.9404821396 2.9672966003 2.9973413944 3.0307338238 3.0676066875 3.1081078053 3.1523973942 3.2006490231 
3.25304842 3.3097939491 3.3710956573 3.4371759892 3.5082676411 3.5846159458 3.666476965 3.7541179657 3.847815752 
3.947858572 4.054543972 4.168179512 4.289083004 4.4175820351 4.5540142059 4.6987266541 4.8520798683 5.0144429207 
5.1861977577 5.3677411079 5.5594830513 5.7618489265 5.9752812386 6.2002425194 6.4372138977 6.6866998672 6.9492278099 
7.2253518105 7.5156517029 7.8207387924 8.1412525177 8.4778661728 8.8312892914 9.2022600174 9.5915584564 9.5997943878 
9.21870327 8.8558855057 8.5105323792 8.1818752289 7.8691825867 7.5717577934 7.2889380455 7.020093441 6.7646241188 
6.5219602585 6.2915577888 6.0728998184 5.8654918671 5.6688623428 5.4825582504 5.3061466217 5.1392087936 4.9813451767 
4.8321676254 4.6913042068 4.5583944321 4.4330921173 4.3150629997 4.2039852142 4.0995516777 4.0014677048 3.9094531536 
3.8232445717 3.7425923347 3.6672646999 3.5970473289 3.5317435265 3.4711742401 3.4151778221 3.3636102676 3.3163425922 
3.2732596397 3.2342562675 3.1992366314 3.1681089401 3.140781641 3.1171627045 3.0971553326 3.0806589127 3.0675683022 
3.0577771664 3.0511803627 3.047678709 3.0471820831 3.0496141911 3.0549166203 3.063049078 3.0739934444 3.0877518654 
3.1043481827 3.1238265038 3.1462504864 3.1717019081 3.200278759 3.23209548 3.2672820091 3.3059806824 3.3483486176 
3.394554615 3.4447803497 3.4992194176 3.5580770969 3.6215698719 3.6899254322 3.7633833885 3.842192173 3.9266135693 
4.0169177055 4.1133847237 4.2163062096 4.325981617 4.4427232742 4.5668520927 4.6986985207 4.8386073112 4.9869303703 
5.1440353394 5.310300827 5.4861221313 5.6719079018 5.8680853844 6.0750989914 6.2934165001 6.5235238075 6.7659330368 
7.0211825371 7.2898378372 7.5724930763 7.8697752953 8.1823425293 8.5108909607 8.8561449051 9.218873024 9.5998783112 
9.6086778641 9.2364416122 8.8824205399 8.5457801819 8.2257270813 7.9215049744 7.6323957443 7.3577170372 7.0968213081 
6.8490943909 6.6139540672 6.3908481598 6.1792516708 5.9786658287 5.7886137962 5.6086440086 5.4383225441 5.2772345543 
5.1249818802 4.9811835289 4.845471859 4.7174935341 4.5969109535 4.4833955765 4.3766345978 4.2763285637 4.1821908951 
4.0939483643 4.0113430023 3.9341313839 3.8620848656 3.7949912548 3.7326538563 3.6748931408 3.621543169 3.5724537373 
3.5274894238 3.4865252972 3.4494483471 3.4161524773 3.3865368366 3.3605046272 3.3379588127 3.3188040257 3.302942276 
3.2902774811 3.2807130814 3.2741580009 3.2705273628 3.2697458267 3.2717511654 3.2764959335 3.2839510441 3.2941038609 
3.3069622517 3.322552681 3.3409192562 3.3621249199 3.3862497807 3.4133889675 3.4436535835 3.4771690369 3.5140743256 
3.5545208454 3.5986735821 3.6467087269 3.6988146305 3.7551906109 3.8160476685 3.8816072941 3.952101469 4.0277729034 
4.1088757515 4.1956720352 4.2884354591 4.3874492645 4.4930067062 4.6054124832 4.7249789238 4.8520331383 4.9869112968 
5.1299619675 5.2815465927 5.4420428276 5.6118412018 5.7913517952 5.9810004234 6.1812357903 6.3925275803 6.6153688431 
6.8502802849 7.0978093147 7.3585338593 7.63306427 7.922044754 8.2261533737 8.5461063385 8.8826570511 9.2365961075 
9.6087532043 9.6181497574 9.2553539276 8.9107093811 8.5833511353 8.2724580765 7.9772458076 7.6969733238 7.4309363365 
7.1784706116 6.9389452934 6.711766243 6.4963707924 6.2922258377 6.0988287926 5.9157009125 5.7423872948 5.5784568787 
5.4234976768 5.2771148682 5.1389327049 5.0085897446 4.8857402802 4.7700519562 4.6612071991 4.5589003563 4.4628405571 
4.3727478981 4.288356781 4.2094168663 4.1356902122 4.0669512749 4.00299263 3.943618536 3.8886489868 3.8379175663 
3.7912712097 3.7485687733 3.7096812725 3.6744892597 3.6428809166 3.6147506237 3.58999753 3.5685245991 3.5502357483 
3.5350387096 3.5228431225 3.5135614872 3.5071134567 3.5034253597 3.5024333 3.504086256 3.5083463192 3.5151913166 
3.5246157646 3.5366306305 3.5512645245 3.568562746 3.5885865688 3.6114144325 3.6371386051 3.6658668518 3.6977202892 
3.732833147 3.7713522911 3.813436985 3.8592579365 3.9089977741 3.9628493786 4.0210165977 4.0837144852 4.1511683464 
4.2236127853 4.3012928963 4.3844652176 4.4733939171 4.5683541298 4.6696324348 4.7775235176 4.8923354149 5.0143852234 
5.1440038681 5.2815341949 5.4273328781 5.5817723274 5.7452421188 5.9181494713 6.100921154 6.2940068245 6.4978804588 
6.713039875 6.9400143623 7.1793622971 7.4316749573 7.6975779533 7.9777340889 8.2728443146 8.5836467743 8.9109239578 
9.2554931641 9.6182184219 9.6282491684 9.2755146027 8.9408597946 8.6233863831 8.3222398758 8.036605835 7.7657189369 
7.5088505745 7.2653164864 7.0344705582 6.8157048225 6.6084470749 6.4121565819 6.2263264656 6.0504746437 5.8841485977 
5.7269163132 5.5783686638 5.438117981 5.3057923317 5.1810383797 5.0635166168 4.9529042244 4.8488903046 4.7511796951 
4.6594882011 4.5735449791 4.4930930138 4.4178876877 4.3476982117 4.2823047638 4.2215042114 4.1651024818 4.1129236221 
4.0647993088 4.0205764771 3.9801130295 3.9432766438 3.9099442959 3.8800022602 3.8533430099 3.8298633099 3.8094673157 
3.7920608521 3.7775552273 3.7658662796 3.7569143772 3.7506270409 3.746940136 3.7457993031 3.74716115 3.7509961128 
3.7572879791 3.7660357952 3.7772538662 3.7909724712 3.8072369099 3.8261077404 3.8476612568 3.871986866 3.8991880417 
3.929381609 3.9626977444 3.9992773533 4.039273262 4.0828518867 4.1301870346 4.1814661026 4.2368855476 4.2966532707 
4.3609852791 4.430109024 4.5042619705 4.5836901665 4.6686501503 4.7594094276 4.8562445641 4.9594426155 5.0693025589 
5.1861352921 5.3102626801 5.4420223236 5.5817642212 5.7298574448 5.8866858482 6.0526556969 6.2281932831 6.4137482643 
6.6097979546 6.8168468475 7.0354304314 7.2661180496 7.5095148087 7.7662639618 8.0370464325 8.3225879669 8.6236543655 
8.9410543442 9.2756404877 9.6283111572 9.6390142441 9.2970066071 8.9729957581 8.6660451889 8.3752651215 8.0998106003 
7.8388843536 7.591735363 7.3576569557 7.135986805 6.9261040688 6.7274241447 6.5394024849 6.3615250587 6.1933112144 
6.0343074799 5.8840837479 5.7422370911 5.6083827019 5.4821577072 5.3632144928 5.2512226105 5.1458678246 5.0468482971 
4.953877449 4.8666806221 4.7849965096 4.7085752487 4.637181282 4.5705900192 4.5085887909 4.4509792328 4.3975720406 
4.3481931686 4.3026785851 4.2608747482 4.2226400375 4.1878423691 4.1563587189 4.1280736923 4.1028804779 4.080675602 
4.0613646507 4.044857502 4.031068325 4.0199193954 4.0113368034 4.0052552223 4.0016183853 4.0003786087 4.0015001297 
4.0049591064 4.0107445717 4.0188589096 4.0293178558 4.0421543121 4.057413578 4.0751533508 4.0954489708 4.1183857918 
4.1440644264 4.1725955009 4.2041049004 4.2387275696 4.2766108513 4.3179130554 4.3628020287 4.4114575386 4.4640674591 
4.5208325386 4.5819597244 4.6476678848 4.7181854248 4.7937488556 4.8746061325 4.9610147476 5.0532422066 5.1515665054 
5.2562775612 5.3676772118 5.4860806465 5.6118164062 5.7452292442 5.8866810799 6.0365519524 6.1952443123 6.3631830215 
6.5408177376 6.7286276817 6.9271221161 7.136844635 7.3583741188 7.5923304558 7.8393731117 8.1002054214 8.3755779266 
8.6662845612 8.9731693268 9.297121048 9.6390705109 9.6504945755 9.3199205399 9.0072488785 8.7115011215 8.4317464828 
8.1671047211 7.9167466164 7.6798934937 7.4558181763 7.2438387871 7.0433216095 6.8536744118 6.6743440628 6.5048155785 
6.3446059227 6.1932644844 6.0503644943 5.9155087471 5.788318634 5.6684379578 5.5555291176 5.4492707253 5.3493566513 
5.2554955482 5.1674113274 5.0848388672 5.0075259209 4.9352326393 4.8677310944 4.8048048019 4.7462496758 4.6918721199 
4.6414899826 4.5949325562 4.5520396233 4.5126605034 4.4766569138 4.4438972473 4.4142603874 4.3876318932 4.3639059067 
4.3429822922 4.3247690201 4.3091783524 4.2961297035 4.2855491638 4.2773704529 4.2715330124 4.2679862976 4.2666897774 
4.2676129341 4.2707362175 4.2760529518 4.2835679054 4.2933006287 4.3052816391 4.3195562363 4.3361825943 4.3552303314 
4.3767838478 4.4009380341 4.4278001785 4.4574890137 4.4901337624 4.5258755684 4.5648646355 4.6072621346 4.653239727 
4.7029776573 4.7566652298 4.8145022392 4.8766989708 4.9434719086 5.0150494576 5.0916695595 5.1735777855 5.2610330582 
5.3543028831 5.4536685944 5.5594210625 5.6718659401 5.7913250923 5.9181337357 6.0526475906 6.1952409744 6.3463120461 
6.5062804222 6.675596714 6.8547410965 7.0442256927 7.244600296 7.4564557076 7.6804242134 7.9171819687 8.1674575806 
8.4320259094 8.7117156982 9.0074043274 9.3200216293 9.6505451202 9.6627416611 9.3443574905 9.0437707901 8.7599515915 
8.4919223785 8.2387638092 7.9996109009 7.7736582756 7.5601539612 7.358399868 7.1677484512 6.9875984192 6.8173933029 
6.6566143036 6.5047812462 6.3614449501 6.2261862755 6.0986123085 5.9783539772 5.8650631905 5.7584118843 5.6580886841 
5.5637993813 5.4752626419 5.3922123909 5.3143939972 5.2415671349 5.1735005379 5.1099767685 5.0507874489 4.9957370758 
4.9446396828 4.8973193169 4.8536114693 4.8133611679 4.7764225006 4.7426600456 4.7119460106 4.6841611862 4.6591959 
4.6369452477 4.6173138618 4.6002116203 4.5855555534 4.5732698441 4.563284874 4.5555381775 4.5499768257 4.5465550423 
4.5452365875 4.5459957123 4.5488166809 4.5536961555 4.5606408119 4.5696702003 4.5808172226 4.5941233635 4.609647274 
4.6274542809 4.6476254463 4.6702504158 4.6954321861 4.723282814 4.7539258003 4.7874941826 4.8241319656 4.8639912605 
4.9072351456 4.9540338516 5.0045700073 5.0590314865 5.1176195145 5.1805400848 5.2480101585 5.3202581406 5.3975186348 
5.480038166 5.5680756569 5.6618990898 5.7617902756 5.86804533 5.9809741974 6.1009054184 6.2281837463 6.3631782532 
6.5062789917 6.6579027176 6.8184957504 6.9885392189 7.1685466766 7.3590731621 7.5607185364 7.774128437 7.9999976158 
8.2390775681 8.4921712875 8.76014328 9.0439109802 9.3444480896 9.6627855301 9.6758127213 9.3704385757 9.082736969 
8.8116188049 8.5560598373 8.3150930405 8.0878171921 7.8733978271 7.6710572243 7.4800806046 7.2998075485 7.1296310425 
6.9689903259 6.8173680305 6.6742854118 6.5393004417 6.4119992256 6.2919979095 6.1789374352 6.0724797249 5.972307682 
5.8781223297 5.7896389961 5.7065901756 5.6287202835 5.5557875633 5.4875617027 5.4238228798 5.3643636703 5.3089866638 
5.2575039864 5.2097387314 5.1655235291 5.1246995926 5.0871191025 5.0526423454 5.0211377144 4.9924826622 4.966562748 
4.9432711601 4.9225087166 4.9041829109 4.8882074356 4.8745040894 4.8630018234 4.8536353111 4.8463478088 4.8410902023 
4.8378214836 4.8365097046 4.8371329308 4.8396792412 4.8441462517 4.8505430222 4.8588895798 4.8692173958 4.881567955 
4.8959951401 4.9125642776 4.9313502312 4.9524388313 4.9759263992 5.0019183159 5.0305333138 5.0618953705 5.0961408615 
5.1334133148 5.1738657951 5.2176618576 5.2649698257 5.3159718513 5.3708539009 5.4298148155 5.4930591583 5.5608024597 
5.6332678795 5.7106919289 5.7933197021 5.8814086914 5.9752283096 6.0750627518 6.1812114716 6.2939910889 6.4137387276 
6.5408124924 6.6755943298 6.8184952736 6.9699573517 7.1304574013 7.3005094528 7.4806733131 7.6715555191 7.8738131523 
8.0881595612 8.3153705597 8.5562801361 8.811788559 9.082859993 9.3705196381 9.6758527756 9.6897792816 9.3982963562 
9.124341011 8.8667573929 8.6244630814 8.3964414597 8.1817522049 7.9795241356 7.7889614105 7.6093306541 7.4399623871 
7.2802438736 7.1296129227 6.9875559807 6.853600502 6.7273097038 6.6082811356 6.4961414337 6.3905415535 6.2911567688 
6.1976819038 6.1098322868 6.0273346901 5.9499354362 5.8773908615 5.8094730377 5.7459626198 5.6866526604 5.6313462257 
5.5798563957 5.5320072174 5.4876298904 5.4465661049 5.4086647034 5.3737859726 5.3417973518 5.3125720024 5.2859950066 
5.2619566917 5.2403540611 5.2210946083 5.2040891647 5.1892576218 5.1765255928 5.1658263206 5.1570997238 5.1502938271 
5.1453633308 5.1422715187 5.1409912109 5.1415028572 5.1437954903 5.1478710175 5.153737545 5.1614160538 5.1709361076 
5.1823382378 5.1956744194 5.2110042572 5.2283992767 5.2479395866 5.2697172165 5.2938303947 5.3203887939 5.3495101929 
5.3813214302 5.4159584045 5.4535636902 5.4942893982 5.5382971764 5.5857543945 5.6368384361 5.6917333603 5.7506346703 
5.8137435913 5.881272316 5.9534430504 6.0304889679 6.112654686 6.2001953125 6.2933831215 6.3925051689 6.4978656769 
6.6097884178 6.7286224365 6.8547382355 6.9885377884 7.1304569244 7.2809658051 7.4405765533 7.6098504066 7.7893981934 
7.9798884392 8.1820526123 8.3966846466 8.6246576309 8.8669071198 9.1244497299 9.3983678818 9.6898145676 9.7047214508 
9.4280920029 9.1688156128 8.9256629944 8.6974802017 8.4832019806 8.2818422318 8.0924978256 7.9143481255 7.7466487885 
7.5887207985 7.4399499893 7.2997775078 7.1676955223 7.0432395935 6.9259843826 6.81553936 6.7115430832 6.6136627197 
6.5215854645 6.4350218773 6.3536996841 6.2773633003 6.2057700157 6.1386933327 6.0759167671 6.0172348022 5.9624524117 
5.9113869667 5.8638620377 5.8197116852 5.7787790298 5.7409148216 5.7059774399 5.6738357544 5.6443634033 5.6174435616 
5.5929656029 5.5708274841 5.5509324074 5.5331921577 5.5175242424 5.5038528442 5.4921102524 5.4822325706 5.4741654396 
5.4678611755 5.4632787704 5.4603853226 5.4591565132 5.4595742226 5.4616327286 5.4653325081 5.4706830978 5.4777040482 
5.4864249229 5.4968838692 5.5091285706 5.5232157707 5.5392122269 5.5571928024 5.5772423744 5.5994534492 5.6239261627 
5.6507725716 5.6801085472 5.7120614052 5.7467632294 5.7843561172 5.8249902725 5.8688216209 5.9160141945 5.9667429924 
6.0211868286 6.079536438 6.1419897079 6.2087564468 6.2800531387 6.3561115265 6.4371728897 6.5234947205 6.6153492928 
6.7130270004 6.8168387413 6.9271173477 7.0442233086 7.168545723 7.300508976 7.4405765533 7.5892543793 7.7471013069 
7.9147295952 8.0928163528 8.2821044922 8.4834156036 8.6976509094 8.9257936478 9.1689109802 9.4281549454 9.7047529221 
9.7207345963 9.4600086212 9.216427803 8.9886732101 8.77551651 8.5758295059 8.3885793686 8.2128372192 8.0477571487 
7.8925852776 7.7466397285 7.6093096733 7.4800429344 7.358341217 7.2437534332 7.1358685493 7.0343103409 6.9387345314 
6.8488230705 6.7642807961 6.6848344803 6.6102275848 6.5402197838 6.4745855331 6.4131121635 6.3555984497 6.3018546104 
6.2516980171 6.204957962 6.1614727974 6.121088028 6.0836572647 6.049041748 6.0171113014 5.9877419472 5.9608182907 
5.9362301826 5.913875103 5.8936581612 5.8754897118 5.8592867851 5.844974041 5.8324809074 5.8217430115 5.8127045631 
5.8053154945 5.7995305061 5.7953138351 5.7926354408 5.7914748192 5.7918162346 5.7936544418 5.7969908714 5.8018360138 
5.8082084656 5.8161349297 5.8256516457 5.83680439 5.8496441841 5.8642325401 5.8806400299 5.8989429474 5.9192280769 
5.9415874481 5.9661235809 5.9929442406 6.0221648216 6.0539093018 6.0883073807 6.125497818 6.1656241417 6.2088394165 
6.2553024292 6.3051815033 6.358651638 6.4158978462 6.4771132469 6.5425004959 6.6122760773 6.6866650581 6.7659082413 
6.8502631187 6.9400033951 7.0354237556 7.1368408203 7.2445988655 7.3590731621 7.4806728363 7.6098504066 7.7471013069 
7.892976284 8.0480861664 8.2131118774 8.3888072968 8.5760145187 8.7756652832 8.9887866974 9.2165107727 9.4600639343 
9.7207612991 9.7379312515 9.4942712784 9.2674999237 9.0561952591 8.8590421677 8.6748437881 8.5025272369 8.3411283493 
8.1897907257 8.0477514267 7.9143342972 7.7889351845 7.6710162163 7.5600938797 7.4557337761 7.3575434685 7.2651662827 
7.178276062 7.0965738297 7.0197844505 6.9476513863 6.8799371719 6.8164191246 6.7568883896 6.7011494637 6.6490168571 
6.6003141403 6.5548758507 6.5125451088 6.4731721878 6.4366159439 6.4027433395 6.3714256287 6.342543602 6.3159842491 
6.2916407585 6.2694120407 6.2492051125 6.230931282 6.2145090103 6.1998624802 6.1869215965 6.1756224632 6.165907383 
6.1577239037 6.1510272026 6.1457781792 6.1419420242 6.1394953728 6.1384167671 6.1386947632 6.1403236389 6.143307209 
6.1476545334 6.153383255 6.1605191231 6.1690950394 6.179151535 6.1907372475 6.2039079666 6.2187275887 6.2352657318 
6.2536015511 6.2738194466 6.2960114479 6.3202767372 6.3467202187 6.3754549026 6.4065995216 6.4402799606 6.476626873 
6.5157804489 6.5578866005 6.6030979156 6.6515755653 6.7034883499 6.7590146065 6.8183407784 6.8816657066 6.949198246 
7.0211625099 7.0977954865 7.179353714 7.2661128044 7.3583717346 7.456454277 7.5607185364 7.6715550423 7.7893986702 
7.9147295952 8.0480871201 8.1900730133 8.3413648605 8.5027227402 8.6750040054 8.85916996 9.0562944412 9.267572403 
9.4943180084 9.7379550934 9.7564535141 9.5311508179 9.3224210739 9.1287117004 8.9486112595 8.7808551788 8.6243267059 
8.4780378342 8.3411245346 8.2128267288 8.0924797058 7.9794960022 7.8733563423 7.7735996246 7.6798138618 7.591629982 
7.5087132454 7.4307603836 7.3574962616 7.288664341 7.2240309715 7.1633768082 7.1065001488 7.0532093048 7.0033268929 
6.9566841125 6.9131217003 6.8724894524 6.8346452713 6.799454689 6.7667880058 6.7365269661 6.708553791 6.6827616692 
6.6590480804 6.637316227 6.6174755096 6.5994400978 6.5831317902 6.5684752464 6.5554022789 6.5438504219 6.5337615013 
6.5250840187 6.5177717209 6.5117821693 6.5070819855 6.5036411285 6.5014371872 6.5004529953 6.5006771088 6.5021076202 
6.5047464371 6.5086016655 6.5136909485 6.5200376511 6.5276708603 6.5366272926 6.5469517708 6.558693409 6.5719103813 
6.5866651535 6.6030292511 6.6210780144 6.6408939362 6.6625671387 6.6861915588 6.7118673325 6.7397027016 6.7698101997 
6.8023085594 6.8373227119 6.8749847412 6.91543293 6.9588117599 7.0052747726 7.0549826622 7.1081056595 7.1648235321 
7.2253274918 7.2898206711 7.358522892 7.4316682816 7.509510994 7.5923285484 7.6804227829 7.7741274834 7.8738131523 
7.979888916 8.0928163528 8.2131128311 8.3413658142 8.4782390594 8.6244935989 8.7809915543 8.9487190247 9.1287956238 
9.3224821091 9.5311918259 9.7564735413 9.7764806747 9.5709896088 9.3816633224 9.2068014145 9.044883728 8.894575119 
8.7547216415 8.6243238449 8.5025205612 8.3885679245 8.2818231583 8.1817245483 8.0877771378 7.9995555878 7.9166727066 
7.8387885094 7.7655959129 7.6968178749 7.6322021484 7.5715198517 7.5145573616 7.461119175 7.4110226631 7.3640975952 
7.3201856613 7.2791337967 7.2408027649 7.2050580978 7.1717729568 7.1408281326 7.1121091843 7.0855093002 7.0609264374 
7.0382633209 7.0174293518 6.998339653 6.9809126854 6.9650731087 6.9507508278 6.9378790855 6.9263978004 6.9162507057 
6.9073877335 6.8997616768 6.8933324814 6.8880639076 6.8839249611 6.8808903694 6.8789401054 6.878059864 6.8782401085 
6.8794789314 6.8817777634 6.8851461411 6.8895983696 6.8951554298 6.901843071 6.9096956253 6.9187502861 6.9290523529 
6.9406528473 6.9536075592 6.9679780006 6.9838323593 7.0012431145 7.0202884674 7.0410532951 7.0636253357 7.0881009102 
7.1145777702 7.1431632042 7.1739668846 7.2071056366 7.2427020073 7.2808847427 7.3217902184 7.3655614853 7.4123501778 
7.4623165131 7.5156321526 7.5724797249 7.633055687 7.6975727081 7.7662606239 7.8393716812 7.9171819687 7.9999976158 
8.0881595612 8.1820526123 8.2821054459 8.3888082504 8.5027227402 8.6244935989 8.7548627853 8.8946905136 9.0449752808 
9.2068729401 9.3817157745 9.571023941 9.7764968872 9.7982397079 9.6142168045 9.4458265305 9.2911834717 9.1486539841 
9.0168437958 8.8945732117 8.7808513641 8.6748371124 8.5758171082 8.4831838608 8.3964157104 8.3150558472 8.2387132645 
8.1670389175 8.0997257233 8.0364990234 7.9771118164 7.9213399887 7.8689804077 7.8198456764 7.7737636566 7.7305746078 
7.6901292801 7.6522879601 7.616920948 7.5839037895 7.5531201363 7.5244607925 7.4978203773 7.4731006622 7.4502086639 
7.4290552139 7.4095578194 7.3916363716 7.3752160072 7.3602280617 7.3466062546 7.3342895508 7.323220253 7.313346386 
7.3046193123 7.296995163 7.2904338837 7.2849006653 7.2803635597 7.2767968178 7.2741780281 7.2724905014 7.2717223167 
7.2718653679 7.2729187012 7.2748823166 7.2777662277 7.2815828323 7.2863492966 7.2920894623 7.2988319397 7.3066101074 
7.3154625893 7.3254332542 7.3365702629 7.3489274979 7.3625636101 7.3775410652 7.3939285278 7.4117975235 7.4312257767 
7.4522943497 7.4750900269 7.499704361 7.5262331963 7.5547766685 7.5854415894 7.6183409691 7.6535921097 7.6913189888 
7.7316551208 7.7747397423 7.8207230568 7.869764328 7.9220380783 7.9777302742 8.0370445251 8.1002044678 8.1674575806 
8.2390775681 8.3153715134 8.3966856003 8.4834165573 8.5760154724 8.6750040054 8.7809925079 8.8946905136 9.0169391632 
9.148730278 9.2912416458 9.4458684921 9.6142454147 9.7982530594 9.8220319748 9.6613969803 9.5156650543 9.3827419281 
9.2608823776 9.1486530304 9.044880867 8.9486064911 8.8590345383 8.7755060196 8.6974639893 8.6244401932 8.5560283661 
8.4918785095 8.4316902161 8.3751935959 8.3221502304 8.2723464966 8.2255897522 8.1817083359 8.140540123 8.1019392014 
8.0657682419 8.0319032669 8.0002250671 7.9706230164 7.9429922104 7.9172358513 7.8932595253 7.8709754944 7.8503017426 
7.8311591148 7.8134732246 7.7971720695 7.7821907997 7.7684664726 7.7559399605 7.7445554733 7.7342619896 7.7250123024 
7.7167601585 7.7094659805 7.7030930519 7.6976079941 7.6929798126 7.6891846657 7.6861987114 7.6840033531 7.6825866699 
7.6819372177 7.6820492744 7.6829199791 7.6845531464 7.6869544983 7.690135479 7.6941103935 7.6988997459 7.7045278549 
7.7110214233 7.7184147835 7.7267432213 7.7360486984 7.7463755608 7.7577724457 7.7702922821 7.7839927673 7.7989349365 
7.8151817322 7.8328037262 7.8518724442 7.8724651337 7.8946619034 7.9185476303 7.9442124367 7.9717507362 8.0012617111 
8.0328512192 8.0666294098 8.1027173996 8.1412401199 8.1823348999 8.2261476517 8.2728414536 8.3225860596 8.3755779266 
8.4320268631 8.4921722412 8.5562810898 8.6246585846 8.6976509094 8.7756652832 8.85916996 8.9487190247 9.0449752808 
9.148730278 9.2609434128 9.3827896118 9.5156993866 9.6614189148 9.8220434189 9.8482875824 9.7132968903 9.59217453 
9.4825973511 9.3827409744 9.291182518 9.2067995071 9.1287078857 9.056189537 8.9886646271 8.9256486893 8.8667392731 
8.8115921021 8.7599163055 8.7114553452 8.6659870148 8.6233139038 8.5832614899 8.5456705093 8.5103998184 8.4773159027 
8.4463033676 8.4172487259 8.3900499344 8.3646116257 8.3408441544 8.3186626434 8.2979879379 8.2787446976 8.2608623505 
8.2442741394 8.2289152145 8.2147274017 8.2016525269 8.1896362305 8.1786289215 8.1685829163 8.159453392 8.1512002945 
8.1437826157 8.1371641159 8.1313152313 8.126203537 8.1218042374 8.1180906296 8.1150445938 8.1126470566 8.1108827591 
8.1097431183 8.1092176437 8.1093015671 8.1099948883 8.1112985611 8.1132192612 8.1157646179 8.1189470291 8.1227817535 
8.1272916794 8.1324949265 8.138420105 8.1450958252 8.1525564194 8.1608362198 8.1699771881 8.180018425 8.1910076141 
8.202996254 8.2160320282 8.2301721573 8.2454748154 8.2620029449 8.2798185349 8.2989940643 8.3195981979 8.3417110443 
8.3654079437 8.3907794952 8.4179124832 8.4469041824 8.4778575897 8.510884285 8.5461025238 8.5836448669 8.6236524582 
8.6662845612 8.7117156982 8.76014328 8.811788559 8.8669080734 8.9257946014 8.9887876511 9.0562953949 9.1287956238 
9.2068729401 9.2912425995 9.3827896118 9.4826345444 9.5922012329 9.7133150101 9.8482961655 9.8776378632 9.7709989548 
9.6766805649 9.5921735764 9.5156641006 9.4458246231 9.3816614151 9.3224182129 9.2674951553 9.2164211273 9.1688051224 
9.1243257523 9.0827169418 9.0437450409 9.0072145462 8.972951889 8.9408063889 8.9106426239 8.8823394775 8.8557872772 
8.8308877945 8.8075494766 8.7856884003 8.7652263641 8.7460899353 8.7282152176 8.7115325928 8.6959857941 8.681517601 
8.6680727005 8.6556024551 8.6440572739 8.6333932877 8.6235656738 8.6145353317 8.6062641144 8.5987148285 8.5918550491 
8.5856533051 8.5800790787 8.5751075745 8.5707120895 8.5668706894 8.5635623932 8.5607719421 8.5584812164 8.556678772 
8.5553512573 8.5544919968 8.5540943146 8.5541543961 8.5546722412 8.5556497574 8.5570888519 8.5589981079 8.5613861084 
8.5642662048 8.5676517487 8.5715589523 8.5760087967 8.5810241699 8.5866289139 8.5928506851 8.5997180939 8.6072654724 
8.6155252457 8.6245355606 8.6343345642 8.6449661255 8.6564712524 8.6688976288 8.6822957993 8.6967153549 8.7122116089 
8.7288427353 8.7466697693 8.7657546997 8.7861700058 8.8079862595 8.831281662 8.8561401367 8.8826541901 8.9109220505 
8.9410533905 8.9731693268 9.0074043274 9.0439109802 9.0828609467 9.1244497299 9.1689119339 9.2165117264 9.2675733566 
9.3224821091 9.3817157745 9.4458694458 9.5156993866 9.5922012329 9.6766996384 9.7710123062 9.8776435852 9.911108017 
9.836104393 9.7709989548 9.7132968903 9.6613960266 9.6142158508 9.5709877014 9.5311489105 9.4942674637 9.4600038528 
9.4280853271 9.3982868195 9.3704252243 9.3443393707 9.3198976517 9.2969779968 9.2754793167 9.2553100586 9.2363882065 
9.2186393738 9.201997757 9.1864013672 9.1717939377 9.158121109 9.1453380585 9.133395195 9.122253418 9.1118688583 
9.1022052765 9.0932264328 9.0848989487 9.0771903992 9.0700683594 9.0635070801 9.0574789047 9.0519561768 9.046916008 
9.0423383713 9.0381975174 9.0344772339 9.0311584473 9.0282230377 9.0256586075 9.0234489441 9.0215854645 9.0200567245 
9.0188522339 9.0179643631 9.0173892975 9.017124176 9.0171632767 9.0175065994 9.0181570053 9.0191164017 9.0203895569 
9.0219831467 9.0239028931 9.0261621475 9.0287704468 9.0317401886 9.0350866318 9.0388278961 9.0429821014 9.0475664139 
9.0526046753 9.0581188202 9.0641355515 9.0706806183 9.0777788162 9.0854635239 9.0937623978 9.1027116776 9.1123428345 
9.1226949692 9.133805275 9.1457157135 9.1584672928 9.1721076965 9.1866865158 9.2022542953 9.218870163 9.2365942001 
9.2554922104 9.2756404877 9.297121048 9.320022583 9.3444490433 9.3705196381 9.3983678818 9.4281549454 9.4600639343 
9.4943189621 9.5311918259 9.571023941 9.6142454147 9.6614189148 9.7133140564 9.7710113525 9.8361129761 9.9111118317 
9.9505710602 9.911108017 9.8776378632 9.8482866287 9.8220319748 9.7982387543 9.7764797211 9.7564525604 9.7379293442 
9.7207317352 9.7047185898 9.6897745132 9.6758060455 9.6627321243 9.6504831314 9.638999939 9.6282310486 9.6181278229 
9.6086511612 9.5997629166 9.5914287567 9.5836191177 9.5763044357 9.5694599152 9.5630598068 9.5570812225 9.5515041351 
9.5463066101 9.5414686203 9.5369739532 9.5328054428 9.5289478302 9.5253839493 9.5221004486 9.5190830231 9.5163202286 
9.51379776 9.5115070343 9.5094347 9.5075731277 9.5059127808 9.5044431686 9.5031604767 9.5020542145 9.501121521 
9.5003566742 9.499753952 9.4993085861 9.4990205765 9.4988870621 9.4989061356 9.4990777969 9.4994029999 9.4998836517 
9.5005197525 9.5013160706 9.5022764206 9.5034074783 9.5047111511 9.5061979294 9.5078725815 9.5097436905 9.5118227005 
9.5141172409 9.5166387558 9.5193986893 9.5224094391 9.5256853104 9.5292387009 9.5330839157 9.537238121 9.5417165756 
9.5465393066 9.5517215729 9.5572834015 9.5632457733 9.5696296692 9.5764598846 9.5837602615 9.5915555954 9.5998764038 
9.6087522507 9.6182174683 9.6283111572 9.6390705109 9.6505451202 9.6627864838 9.6758527756 9.6898145676 9.7047529221 
9.7207612991 9.7379541397 9.7564735413 9.7764968872 9.7982530594 9.8220434189 9.8482952118 9.8776435852 9.9111118317 
9.9505729675 
GF 1 10000 double
9.568876148e-15 1.5552373639e-14 3.076083496e-14 6.3141942304e-14 1.2879450382e-13 2.5854378317e-13 5.096786708e-13 9.861436754e-13 1.872251269e-12 
3.487368597e-12 6.3720348442e-12 1.141943224e-11 2.0069584883e-11 3.4586243591e-11 5.8436637473e-11 9.6790485349e-11 1.5714388124e-10 2.5005481019e-10 
3.8994701912e-10 5.9590016255e-10 8.9229695854e-10 1.3091535633e-09 1.88192395e-09 2.6505626582e-09 3.6576608409e-09 4.9455617379e-09 6.5524989878e-09 
8.5079898682e-09 1.0827940322e-08 1.3510080166e-08 1.6530494307e-08 1.9841989385e-08 2.3374896685e-08 2.7040586659e-08 3.07375565e-08 3.4359459278e-08 
3.7803992825e-08 4.0981326777e-08 4.382076213e-08 4.6274386989e-08 4.8317303936e-08 4.9944286928e-08 5.1163855375e-08 5.1990827643e-08 5.2439244058e-08 
5.2516966775e-08 5.2223242619e-08 5.1549712055e-08 5.0484555203e-08 4.9018769488e-08 4.7153086769e-08 4.4904023611e-08 4.2307494397e-08 3.9419351339e-08 
3.6312584939e-08 3.3071685834e-08 2.9785393707e-08 2.6538998554e-08 2.3407613625e-08 2.0451288663e-08 1.7712558531e-08 1.5216409466e-08 1.2972182439e-08 
1.0976823006e-08 9.218637409e-09 7.6808701621e-09 6.3446536913e-09 5.1910431509e-09 4.2021595092e-09 3.3615850104e-09 2.6542656961e-09 2.0661723443e-09 
1.5839485279e-09 1.1946680312e-09 8.85765572e-10 6.4512606368e-10 4.6128162401e-10 3.2364858016e-10 2.2274121436e-10 1.5032050604e-10 9.9455874092e-11 
6.4501334829e-11 4.1000400991e-11 2.5542484794e-11 1.5594971495e-11 9.3316231478e-12 5.4726379678e-12 3.1457811616e-12 1.7724970797e-12 9.790557037e-13 
5.3019909426e-13 2.8153323314e-13 1.4659985465e-13 7.4870861735e-14 3.7510918444e-14 1.8445421446e-14 8.9199726774e-15 4.2812670455e-15 2.1283254988e-15 
1.2889262242e-15 1.5981068872e-14 2.5947073876e-14 5.1262227292e-14 1.0511741217e-13 2.1421021424e-13 4.2961372849e-13 8.461596224e-13 1.6357505628e-12 
3.1029252518e-12 5.7749022578e-12 1.0543243362e-11 1.8879904584e-11 3.3156071638e-11 5.7096296441e-11 9.6400817884e-11 1.595623772e-10 2.5888668986e-10 
4.1169379017e-10 6.4163030444e-10 9.7995689341e-10 1.4666011738e-09 2.1506922909e-09 3.0902391757e-09 4.3505989922e-09 6.0014424541e-09 8.112061245e-09 
1.074509548e-08 1.3949057021e-08 1.7750391379e-08 2.2146098289e-08 2.709810154e-08 3.253063241e-08 3.833151041e-08 4.4357861384e-08 5.0445905231e-08 
5.6423878902e-08 6.2126353839e-08 6.7407718518e-08 7.2152836594e-08 7.6282830719e-08 7.9755324123e-08 8.255899786e-08 8.4703991377e-08 8.6209965389e-08 
8.709484689e-08 8.7366295531e-08 8.701811538e-08 8.6032130753e-08 8.4385277432e-08 8.2059983697e-08 7.9055531899e-08 7.5398027377e-08 7.1146232017e-08 
6.6392388476e-08 6.1257509287e-08 5.5882143357e-08 5.0414264763e-08 4.4996664172e-08 3.975572227e-08 3.4793330883e-08 3.0182679467e-08 2.5968052597e-08 
2.2167824909e-08 1.877968181e-08 1.5786659091e-08 1.3162996915e-08 1.087895285e-08 8.904155635e-09 7.2095436288e-09 5.7680691334e-09 4.5546117988e-09 
3.545506555e-09 2.7180275808e-09 2.0500638964e-09 1.5200574133e-09 1.1071992212e-09 7.9178924528e-10 5.5565291257e-10 3.8250916323e-10 2.5822355365e-10 
1.7091045246e-10 1.1088962387e-10 7.0520679574e-11 4.3956050605e-11 2.6852641638e-11 1.6077736364e-11 9.4351124136e-12 5.4272233409e-12 3.0601933747e-12 
1.6916056229e-12 9.1679593604e-13 4.8721237548e-13 2.5391554094e-13 1.2979190205e-13 6.5085340817e-14 3.2034447252e-14 1.5506444124e-14 7.4502561645e-15 
3.7080031936e-15 2.2480161247e-15 3.2565242142e-14 5.2814079743e-14 1.0421469867e-13 2.1346635668e-13 4.3455909986e-13 8.706759814e-13 1.7132130133e-12 
3.3087701416e-12 6.2707699276e-12 1.1660145939e-11 2.1269309231e-11 3.8054764201e-11 6.6774884233e-11 1.1489732776e-10 1.9384122085e-10 3.2060584743e-10 
5.1980292293e-10 8.2604673102e-10 1.286561635e-09 1.9637353965e-09 2.9372049237e-09 4.3049075416e-09 6.1824310116e-09 8.6999740745e-09 1.1996323046e-08 
1.620955814e-08 2.1464659383e-08 2.7858739315e-08 3.5445388846e-08 4.4220112017e-08 5.4109317915e-08 6.4965114177e-08 7.656790757e-08 8.8637591489e-08 
1.0085276614e-07 1.1287607293e-07 1.2438206909e-07 1.3508362429e-07 1.4475249088e-07 1.5323050206e-07 1.6042967843e-07 1.6632156985e-07 1.7091825555e-07 
1.7424930832e-07 1.7633972504e-07 1.7719376899e-07 1.7678868858e-07 1.7507888117e-07 1.7201051605e-07 1.675424528e-07 1.6166913497e-07 1.5444031476e-07 
1.4597262066e-07 1.364510922e-07 1.2611961608e-07 1.1526235966e-07 1.041796196e-07 9.3162292103e-08 8.2469398421e-08 7.231163579e-08 6.2842673287e-08 
5.4158359575e-08 4.6302471191e-08 3.9276663699e-08 3.305240881e-08 2.7582494511e-08 2.2810567657e-08 1.8677868141e-08 1.5127188391e-08 1.2104421465e-08 
9.5585601656e-09 7.4409274298e-09 5.704323236e-09 4.3025285557e-09 3.1903300002e-09 2.3240183111e-09 1.6622048182e-09 1.1667150579e-09 8.0337014818e-10 
5.4251103609e-10 3.5920802444e-10 2.3316204523e-10 1.4835306594e-10 9.2519651662e-11 5.6553383504e-11 3.388226158e-11 1.9897051021e-11 1.1453299247e-11 
6.4629243797e-12 3.5753767568e-12 1.9393315079e-12 1.0314965028e-12 5.3804882641e-13 2.7528031395e-13 1.3817136183e-13 6.8072588853e-14 3.2984103323e-14 
1.5864725508e-14 7.9054245653e-15 4.7981362908e-15 6.8710079401e-14 1.1132030221e-13 2.1941835556e-13 4.4899416758e-13 9.1317719445e-13 1.82798221e-12 
3.5937320828e-12 6.9347132203e-12 1.3131636403e-11 2.4397575973e-11 4.4468203425e-11 7.950014258e-11 1.3939399635e-10 2.3967500207e-10 4.0406478163e-10 
6.678498865e-10 1.0820812024e-09 1.7185068923e-09 2.6749464865e-09 4.0805478996e-09 6.100071559e-09 8.9360341349e-09 1.2827357843e-08 1.8043078143e-08 
2.4869958537e-08 3.3593398285e-08 4.4471956784e-08 5.7707122636e-08 7.3411236201e-08 9.1577746275e-08 1.1205864325e-07 1.3455398573e-07 1.5861715497e-07 
1.8367769883e-07 2.0908059639e-07 2.3413764438e-07 2.5818411586e-07 2.8063217883e-07 3.0101233506e-07 3.1899580222e-07 3.3439442859e-07 3.4713855257e-07 
3.572385765e-07 3.6473798559e-07 3.6966912376e-07 3.7202147496e-07 3.7172915768e-07 3.6868135567e-07 3.6275270077e-07 3.5384707076e-07 3.4194511045e-07 
3.2714453368e-07 3.0968439546e-07 2.8994767831e-07 2.6844159606e-07 2.4575911084e-07 2.2252891085e-07 1.9936257445e-07 1.7680780218e-07 1.5531382758e-07 
1.3521305675e-07 1.1671856015e-07 9.9935256515e-08 8.4879765438e-08 7.1504558719e-08 5.9721223522e-08 4.9420101789e-08 4.0484149366e-08 3.2797267124e-08 
2.6247775509e-08 2.0728762706e-08 1.6136844749e-08 1.2370795055e-08 9.330847206e-09 6.9190537744e-09 5.0405786212e-09 3.6055796127e-09 2.5312054674e-09 
1.7433071653e-09 1.1775685982e-09 7.7994954939e-10 5.0645843075e-10 3.2238114955e-10 2.0114750143e-10 1.2301724917e-10 7.3743636197e-11 4.3331366273e-11 
2.4958677486e-11 1.4093276025e-11 7.8020810299e-12 4.2350589181e-12 2.2542709886e-12 1.1768000853e-12 6.0257349241e-13 3.0270360871e-13 1.4926166585e-13 
7.2389034871e-14 3.4851465382e-14 1.7385344466e-14 1.0562530498e-14 1.4391802637e-13 2.3294365568e-13 4.5866300124e-13 9.3767224887e-13 1.9053777653e-12 
3.8108960432e-12 7.4858149193e-12 1.4433382441e-11 2.7309427289e-11 5.0699364845e-11 9.233698528e-11 1.6495772803e-10 2.8902544247e-10 4.9660486834e-10 
8.366518589e-10 1.3819360101e-09 2.2376616116e-09 3.5515839159e-09 5.5250160003e-09 8.4235800557e-09 1.2585948284e-08 1.8428192305e-08 2.6440956091e-08 
3.7176562273e-08 5.1223661757e-08 6.9168208938e-08 9.1541515701e-08 1.1875862782e-07 1.5105310069e-07 1.8841645044e-07 2.3055255838e-07 2.7685621262e-07 
3.264242423e-07 3.7810173126e-07 4.3056121513e-07 4.8240713113e-07 5.3228978913e-07 5.7901314676e-07 6.2161780079e-07 6.5942498395e-07 6.920365081e-07 
7.1928928946e-07 7.4117707527e-07 7.5775653841e-07 7.6905865853e-07 7.750256259e-07 7.7548838817e-07 7.7018916045e-07 7.5884474882e-07 7.4123698823e-07 
7.1731057005e-07 6.8725489655e-07 6.5155410311e-07 6.1099211734e-07 5.666117886e-07 5.1963729675e-07 4.7137035608e-07 4.2308326442e-07 3.7592175772e-07 
3.3083381368e-07 2.8853077083e-07 2.4948045052e-07 2.1392861527e-07 1.8193793494e-07 1.5343617576e-07 1.2826295404e-07 1.062091215e-07 8.7045343378e-08 
7.0539179831e-08 5.6462837961e-08 4.4594571591e-08 3.4716943986e-08 2.6614813464e-08 2.0074711671e-08 1.4886240685e-08 1.0845329079e-08 7.758531595e-09 
5.4474682543e-09 3.7525467178e-09 2.5353958932e-09 1.6797933045e-09 1.0911503923e-09 6.9483646614e-10 4.3373005187e-10 2.6538798936e-10 1.5917225871e-10 
9.3581309368e-11 5.3934572086e-11 3.0474092e-11 1.6881680082e-11 9.1698749288e-12 4.8845077288e-12 2.5517558986e-12 1.3076115711e-12 6.5739942786e-13 
3.2442478608e-13 1.5747348087e-13 7.5884211295e-14 3.7892723627e-14 2.3043699043e-14 2.9661296748e-13 4.7964290959e-13 9.4344389072e-13 1.9269596769e-12 
3.9122572369e-12 7.8182781429e-12 1.5345091517e-11 2.9563275439e-11 5.5893133871e-11 1.0368535197e-10 1.8869797391e-10 3.3685951251e-10 5.8980020867e-10 
1.012700368e-09 1.7050013623e-09 2.8144071518e-09 4.5543036009e-09 7.2241772564e-09 1.1231797714e-08 1.7114857087e-08 2.5558515304e-08 3.7404070952e-08 
5.3643145037e-08 7.5391611176e-08 1.0383854487e-07 1.4016768546e-07 1.8545318881e-07 2.4053596803e-07 3.0589305311e-07 3.8151659965e-07 4.6682276889e-07 
5.6060923725e-07 6.6107764951e-07 7.6592550613e-07 8.7250532488e-07 9.7803103927e-07 1.0798049743e-06 1.1754325442e-06 1.262983119e-06 1.3410804058e-06 
1.4088964235e-06 1.4660633951e-06 1.5125170876e-06 1.5483107063e-06 1.5734406134e-06 1.587724114e-06 1.5907569377e-06 1.5819631471e-06 1.5607231489e-06 
1.5265575257e-06 1.4793232594e-06 1.41937835e-06 1.3476822005e-06 1.2658061905e-06 1.1758518212e-06 1.0802947372e-06 9.8177861219e-07 8.8289800715e-07 
7.8600436382e-07 6.9306037176e-07 6.0555970549e-07 5.245100283e-07 4.5047175945e-07 3.8363404542e-07 3.239073294e-07 2.7101566502e-07 2.2457419391e-07 
1.8414590386e-07 1.4927675807e-07 1.1951215129e-07 9.4401066519e-08 7.3494518915e-08 5.6343200328e-08 4.2498072617e-08 3.1514662879e-08 2.2960973567e-08 
1.6427206262e-08 1.1535467692e-08 7.9477491255e-09 5.3711000092e-09 3.5595457692e-09 2.3129480553e-09 1.4734207188e-09 9.2012319985e-10 5.6325921705e-10 
3.3799643639e-10 1.9882338831e-10 1.1465529914e-10 6.4821661927e-11 3.5931934511e-11 1.953063232e-11 1.0410534414e-11 5.4425418165e-12 2.7910152488e-12 
1.4042480286e-12 6.9353848836e-13 3.3691506616e-13 1.6249756532e-13 8.122297187e-14 4.9439364955e-14 6.003956555e-13 9.699829915e-13 1.9060050847e-12 
3.889428276e-12 7.8898823239e-12 1.575421564e-11 3.0896275122e-11 5.947677767e-11 1.1236182124e-10 2.0828128111e-10 3.787737346e-10 6.7569183582e-10 
1.1822239854e-09 2.028516688e-09 3.4129772342e-09 5.6300892837e-09 9.1049798812e-09 1.4433895856e-08 2.2428107371e-08 3.4156681039e-08 5.0981039834e-08 
7.4571893549e-08 1.0689750951e-07 1.5017188559e-07 2.0675363999e-07 2.7899088195e-07 3.6901556655e-07 4.784998282e-07 6.0839920479e-07 7.587148616e-07 
9.2831493248e-07 1.11485258e-06 1.3148091966e-06 1.5236764739e-06 1.7362669951e-06 1.9471178803e-06 2.1509356429e-06 2.343008191e-06 2.5195247417e-06 
2.6777427138e-06 2.815977723e-06 2.9334285045e-06 3.029870868e-06 3.1052970826e-06 3.1595793644e-06 3.1922352264e-06 3.2023513086e-06 3.1886856959e-06 
3.1499241686e-06 3.0850444546e-06 2.9937009458e-06 2.8765505249e-06 2.7354492431e-06 2.5734746032e-06 2.3947668524e-06 2.2042222554e-06 2.0070922346e-06 
1.8085551119e-06 1.6133352574e-06 1.4254127336e-06 1.2478601548e-06 1.0828028962e-06 9.3148753422e-07 7.9442293099e-07 6.7155542638e-07 5.6244476809e-07 
4.6641343943e-07 3.8265676494e-07 3.1031251524e-07 2.4849506985e-07 1.9630718384e-07 1.5284024357e-07 1.171740891e-07 8.8381518992e-08 6.5540682215e-08 
4.7753513144e-08 3.4167332075e-08 2.3995708531e-08 1.6535373959e-08 1.117701931e-08 7.4092056934e-09 4.8159081167e-09 3.0689828456e-09 1.9172923249e-09 
1.1742035122e-09 7.0494771132e-10 4.1489459091e-10 2.3938939719e-10 1.3542075794e-10 7.5112631392e-11 4.0853383176e-11 2.1790919763e-11 1.1400025889e-11 
5.8503020137e-12 2.9456554383e-12 1.4559333556e-12 7.0784518654e-13 3.4169393118e-13 1.7095652422e-13 1.0415181494e-13 1.1930438191e-12 1.9256935456e-12 
3.7801988102e-12 7.707017316e-12 1.562087959e-11 3.1165806047e-11 6.1072043256e-11 1.1747498807e-10 2.2176091519e-10 4.1076322899e-10 7.4645417625e-10 
1.3306410418e-09 2.3265269711e-09 3.9892427139e-09 6.7074350518e-09 1.1057514016e-08 1.7870997127e-08 2.8313250411e-08 4.3968803709e-08 6.6924279452e-08 
9.9835155254e-08 1.4595828191e-07 2.0912840171e-07 2.9365702403e-07 4.0413564761e-07 5.4513526493e-07 7.2080723612e-07 9.3441326499e-07 1.1878283885e-06 
1.4810840412e-06 1.8120241521e-06 2.1761484277e-06 2.5666981855e-06 2.9750060548e-06 3.3910930597e-06 3.8044472603e-06 4.2048682189e-06 4.5832612159e-06 
4.9322402447e-06 5.2464465625e-06 5.5225245887e-06 5.7587826632e-06 5.9546096054e-06 6.1097862272e-06 6.223847322e-06 6.2956428337e-06 6.3232018874e-06 
6.3039365159e-06 6.2351405177e-06 6.1146947701e-06 5.9418089222e-06 5.7176484916e-06 5.4457145779e-06 5.1318920669e-06 4.7841431297e-06 4.4119356062e-06 
4.0254617488e-06 3.6348310459e-06 3.2493276194e-06 2.8768520224e-06 2.523593821e-06 2.1939433736e-06 1.8906039259e-06 1.6148471786e-06 1.366834681e-06 
1.1459441112e-06 9.5104741149e-07 7.8071997223e-07 6.3337381562e-07 5.0732853651e-07 4.0083918407e-07 3.1210547036e-07 2.3927978532e-07 1.8048423556e-07 
1.3384254771e-07 9.752210417e-08 6.978108047e-08 4.9012474079e-08 3.3779503639e-08 2.283769085e-08 1.5142784804e-08 9.8455696929e-09 6.2763283459e-09 
3.9225365178e-09 2.403297561e-09 1.4435218576e-09 8.5000673167e-10 4.9070703056e-10 2.7774690881e-10 1.5414745869e-10 8.3892448544e-11 4.4776814201e-11 
2.3441045979e-11 1.2037963508e-11 6.0655508394e-12 3.0002259357e-12 1.4597850923e-12 7.0526261697e-13 3.5318739578e-13 2.1535931946e-13 2.3268398926e-12 
3.7523812182e-12 7.3588097421e-12 1.4989735148e-11 3.0356502034e-11 6.0516688882e-11 1.1849432546e-10 2.2775360764e-10 4.296115963e-10 7.9516998541e-10 
1.4439607288e-09 2.572192237e-09 4.4941499411e-09 7.7007626942e-09 1.2939292304e-08 2.1317179133e-08 3.443078711e-08 5.4515727044e-08 8.4609560247e-08 
1.2870944488e-07 1.9189889144e-07 2.8040841471e-07 4.01569622e-07 5.6362125633e-07 7.753335467e-07 1.0454352832e-06 1.3818561229e-06 1.7908336076e-06 
2.2759718377e-06 2.8373788155e-06 3.4710183172e-06 4.1684147618e-06 4.9168224905e-06 5.6998828768e-06 6.4987598307e-06 7.2935968092e-06 8.065109796e-06 
8.7960734163e-06 9.4724437076e-06 1.0083952475e-05 1.0624056813e-05 1.1089290638e-05 1.147817693e-05 1.1789937162e-05 1.2023313502e-05 1.2175753e-05 
1.2243170204e-05 1.2220337339e-05 1.2101846551e-05 1.1883425941e-05 1.1563345652e-05 1.1143599295e-05 1.0630622455e-05 1.0035382729e-05 9.3728413049e-06 
8.6608579295e-06 7.9187684605e-06 7.1658555498e-06 6.4199657572e-06 5.6964422583e-06 5.0074927458e-06 4.3619929784e-06 3.7656629956e-06 3.2215116335e-06 
2.7304058676e-06 2.2916567559e-06 1.9035239802e-06 1.5635995396e-06 1.2690585436e-06 1.0167979099e-06 8.0350406506e-07 6.2568580006e-07 4.7970729611e-07 
3.6183899965e-07 2.6833421884e-07 1.955231852e-07 1.3991331116e-07 9.8281248029e-08 6.7745254739e-08 4.5809905203e-08 3.0381901439e-08 1.9759335501e-08 
1.2600249732e-08 7.8777313561e-09 4.8285877519e-09 2.9015567726e-09 1.7093886306e-09 9.8733843323e-10 5.5915466701e-10 3.1050650939e-10 1.6909112999e-10 
9.0307927803e-11 4.730803943e-11 2.4311197153e-11 1.2258257777e-11 6.0677539382e-12 2.954555654e-12 1.4285906442e-12 7.1607330525e-13 4.3700191577e-13 
4.4536188973e-12 7.175773864e-12 1.4058797529e-11 2.8612390235e-11 5.7896860917e-11 1.1532752531e-10 2.2564054791e-10 4.3336409461e-10 8.1684103925e-10 
1.5107800566e-09 2.7414617243e-09 4.880021276e-09 8.520468775e-09 1.4589935482e-08 2.4498545415e-08 4.0334462881e-08 6.5105425051e-08 1.0302036912e-07 
1.5979365742e-07 2.4293939305e-07 3.6200660247e-07 5.286909186e-07 7.5674552136e-07 1.0616154213e-06 1.4597336531e-06 1.9674496343e-06 2.5996157547e-06 
3.3679234548e-06 4.2791580199e-06 5.3335943448e-06 6.5238014031e-06 7.8341072367e-06 9.2409109129e-06 1.0713916708e-05 1.2218229131e-05 1.3717045476e-05 
1.5174599866e-05 1.6558886273e-05 1.7843713067e-05 1.9009794414e-05 2.0044639314e-05 2.094134652e-05 2.1696618205e-05 2.2308389816e-05 2.2773687306e-05 
2.3087150112e-05 2.3240612791e-05 2.3223847165e-05 2.3026346753e-05 2.2639736926e-05 2.2060388801e-05 2.1291558369e-05 2.0344752556e-05 1.9239907488e-05 
1.8004424419e-05 1.6671190679e-05 1.5276016711e-05 1.3854834833e-05 1.24411672e-05 1.1064162209e-05 9.7473848655e-06 8.5083975137e-06 7.3590158536e-06 
6.3060419961e-06 5.3522467169e-06 4.4973785407e-06 3.7390523175e-06 3.073428843e-06 2.4956741527e-06 2.0002260044e-06 1.5809446268e-06 1.2312056015e-06 
9.4400019179e-07 7.1206670782e-07 5.2806677786e-07 3.8479041109e-07 2.7536546554e-07 1.9344651037e-07 1.3336037341e-07 9.0195371172e-08 5.983242346e-08 
3.8923374746e-08 2.4828635148e-08 1.5528481612e-08 9.5218100071e-09 5.7242477425e-09 3.3738953853e-09 1.9497312653e-09 1.1047701642e-09 6.1383909067e-10 
3.3447236647e-10 1.7874418612e-10 9.3695343151e-11 4.8181059836e-11 2.4310579591e-11 1.2042074803e-11 5.8679402483e-12 2.8395226708e-12 1.4245567616e-12 
8.7008736804e-13 8.3646466489e-12 1.3465561131e-11 2.6356554092e-11 5.3594396282e-11 1.0835972397e-10 2.1567732322e-10 4.2165204661e-10 8.0921003232e-10 
1.5241321538e-09 2.8168796185e-09 5.1078314911e-09 9.0859160196e-09 1.5852892332e-08 2.7127011748e-08 4.5519556124e-08 7.4894330737e-08 1.2081220291e-07 
1.9104875548e-07 2.9615225117e-07 4.4998211024e-07 6.7013758098e-07 9.781568906e-07 1.3993488892e-06 1.9621156753e-06 2.6966558835e-06 3.6329993236e-06 
4.7984171943e-06 6.2143853938e-06 7.8934017438e-06 9.8360724223e-06 1.2028946912e-05 1.4443560758e-05 1.7037022189e-05 1.9754268578e-05 2.2531865397e-05 
2.5302902941e-05 2.8002306863e-05 3.0571747629e-05 3.2963340345e-05 3.5141576518e-05 3.70831076e-05 3.8774582208e-05 4.0209048166e-05 4.138172153e-05 
4.2286155804e-05 4.291161531e-05 4.3242343963e-05 4.3258940423e-05 4.2941544962e-05 4.2274223233e-05 4.124959014e-05 3.9872738853e-05 3.8163641875e-05 
3.6157583963e-05 3.3903455915e-05 3.1460334867e-05 2.8892907721e-05 2.6266541681e-05 2.3642760425e-05 2.1075695258e-05 1.8609858671e-05 1.6279253032e-05 
1.4107700736e-05 1.2109999261e-05 1.0293533705e-05 8.6599520728e-06 7.2066764005e-06 5.9280610003e-06 4.8162023631e-06 3.861447567e-06 3.0527057788e-06 
2.3776885882e-06 1.8231640979e-06 1.375273655e-06 1.0199242979e-06 7.4322048249e-07 5.3189631899e-07 3.7369426309e-07 2.5765407941e-07 1.7428797605e-07 
1.1564100078e-07 7.5248316023e-08 4.8014126008e-08 3.0039515764e-08 1.8426730364e-08 1.1082259554e-08 6.5348819689e-09 3.7782550422e-09 2.1419634955e-09 
1.1907776987e-09 6.4920807619e-10 3.4714742192e-10 1.8208268227e-10 9.3692602288e-11 4.7305544898e-11 2.3448539985e-11 1.1434338719e-11 5.5373865215e-12 
2.780436905e-12 1.6995861099e-12 1.5414341678e-11 2.4793000986e-11 4.8482426407e-11 9.8502053736e-11 1.9899686066e-10 3.957726924e-10 7.7315215341e-10 
1.4826778694e-09 2.7905364686e-09 5.1536832579e-09 9.3384553423e-09 1.6599726038e-08 2.8942700681e-08 4.9492062004e-08 8.299261367e-08 1.3645927766e-07 
2.1997981037e-07 3.4764781276e-07 5.3856655313e-07 8.1781496419e-07 1.217212116e-06 1.7756661919e-06 2.5388578706e-06 3.5580089843e-06 4.8875381253e-06 
6.5815193011e-06 8.6890313469e-06 1.1248721421e-05 1.4283099517e-05 1.7793374354e-05 2.1755600756e-05 2.6118999813e-05 3.0807059375e-05 3.5721579479e-05 
4.0749437176e-05 4.5771328587e-05 5.0671118515e-05 5.5344589782e-05 5.970590064e-05 6.3690989919e-05 6.7257147748e-05 7.0379232056e-05 7.3043302109e-05 
7.5239164289e-05 7.6953714597e-05 7.8166332969e-05 7.8847646364e-05 7.8961951658e-05 7.8472796304e-05 7.7350669017e-05 7.5581090641e-05 7.3171504482e-05 
7.0155590947e-05 6.6594053351e-05 6.2571838498e-05 5.8192290453e-05 5.356933616e-05 4.8818983487e-05 4.405148502e-05 3.9365084376e-05 3.4841985325e-05 
3.0546605558e-05 2.6525844078e-05 2.2810783776e-05 1.9419218006e-05 1.6358299035e-05 1.3627009139e-05 1.1218043255e-05 9.1192041509e-06 7.3143260124e-06 
5.7839088186e-06 4.5056744966e-06 3.4551705994e-06 2.606482667e-06 1.9330768737e-06 1.4086919009e-06 1.0082085282e-06 7.0839786304e-07 4.8848437473e-07 
3.3048448245e-07 2.1932267202e-07 1.427495846e-07 9.1111132861e-08 5.7021313893e-08 3.4990577547e-08 2.1052585453e-08 1.2419494766e-08 7.1839023619e-09 
4.0747143437e-09 2.2664381483e-09 1.2363359225e-09 6.6147970434e-10 3.4716127195e-10 1.7874643432e-10 9.0307310241e-11 4.4793526527e-11 2.1858072644e-11 
1.0593260644e-11 5.3235393524e-12 3.2566191497e-12 2.786780702e-11 4.4785831294e-11 8.7497085965e-11 1.7761937754e-10 3.5854921809e-10 7.1255096268e-10 
1.390941029e-09 2.6654394247e-09 5.0129385087e-09 9.2514360617e-09 1.6751634746e-08 2.9756220599e-08 5.1845898241e-08 8.8595832892e-08 1.4846477825e-07 
2.4394793741e-07 3.9299860077e-07 6.2067749695e-07 9.609236713e-07 1.4582520862e-06 2.1690905214e-06 3.1623737868e-06 4.5189599405e-06 6.3294260144e-06 
8.6899126472e-06 1.1695857211e-05 1.5433808585e-05 1.9971854272e-05 2.5349650969e-05 3.156938692e-05 3.8589110773e-05 4.6319873945e-05 5.4627707868e-05 
6.3340776251e-05 7.2261253081e-05 8.1180478446e-05 8.9895256679e-05 9.8223026725e-05 0.00010601298709 0.00011315191659 0.00011956339586 0.00012520128803 
0.0001300387521 0.00013405542995 0.00013722605945 0.00013951257279 0.00014086203009 0.00014121063577 0.00014049350284 0.00013865750225 0.00013567514543 
0.00013155650231 0.00012635649182 0.00012017653353 0.00011316013115 0.00010548318824 9.7341137007e-05 8.8934655651e-05 8.045649156e-05 7.208079478e-05 
6.3956016675e-05 5.620147931e-05 4.8907309974e-05 4.2136754928e-05 3.5929788282e-05 3.0307181078e-05 2.5274210202e-05 2.0823690647e-05 1.6938216504e-05 
1.3591797142e-05 1.0751115042e-05 8.3767372416e-06 6.4244400164e-06 4.8467645684e-06 3.5947480228e-06 2.6197330953e-06 1.8750766912e-06 1.3176020275e-06 
9.0867752078e-07 6.1486275627e-07 4.0812724933e-07 2.6569858846e-07 1.6963110738e-07 1.0619586988e-07 6.518894935e-08 3.923702252e-08 2.3156703222e-08 
1.3400740073e-08 7.6045552078e-09 4.2319503457e-09 2.3097463941e-09 1.2364764768e-09 6.4930960608e-10 3.3451721948e-10 1.6911165523e-10 8.3935351725e-11 
4.0985777272e-11 1.9877632526e-11 9.9973848644e-12 6.1203811116e-12 4.9424374315e-11 7.9363272898e-11 1.5490923821e-10 3.1420713253e-10 6.337782521e-10 
1.2585688047e-09 2.4549784428e-09 4.700996481e-09 8.8348528493e-09 1.6293162375e-08 2.9481252994e-08 5.2331380118e-08 9.1116589829e-08 1.5559578515e-07 
2.6056267188e-07 4.2785137566e-07 6.8880541448e-07 1.0871370932e-06 1.6819893744e-06 2.5508597901e-06 3.791888048e-06 5.5248428907e-06 7.8900584413e-06 
1.1044565326e-05 1.5154839275e-05 2.0385943571e-05 2.688737186e-05 3.4776545363e-05 4.4121727115e-05 5.4926513258e-05 6.7118562583e-05 8.0544828961e-05 
9.4975119282e-05 0.00011011448805 0.00012562359916 0.00014114467194 0.00015632930445 0.0001708639611 0.0001844890794 0.00019700867415 0.00020828904235 
0.00021824766009 0.0002268346725 0.00023401157523 0.00023973181669 0.00024392773048 0.00024650699925 0.00024735939223 0.00024637253955 0.00024345368729 
0.00023855247127 0.00023168073676 0.00022292502399 0.00021244959498 0.00020048978331 0.00018733653997 0.00017331590061 0.00015876593534 0.00014401516819 
0.00012936491112 0.00011507701129 0.0001013676665 8.840594819e-05 7.6316631748e-05 6.5184925916e-05 5.5062126194e-05 4.5970940846e-05 3.7910009269e-05 
3.0857350794e-05 2.4773187761e-05 1.960233385e-05 1.5276682461e-05 1.1718028873e-05 8.8412580226e-06 6.557856068e-06 4.7794605962e-06 3.4211573166e-06 
2.4042465157e-06 1.6582782791e-06 1.1222589364e-06 7.4506380088e-07 4.8516142215e-07 3.0982607768e-07 1.9402223472e-07 1.191419372e-07 7.1737822793e-08 
4.2354944441e-08 2.4521362718e-08 1.3921633624e-08 7.7512014585e-09 4.2326804284e-09 2.2670956223e-09 1.1911820419e-09 6.1403931939e-10 3.1060704009e-10 
1.5425956346e-10 7.5374047281e-11 3.6581061097e-11 1.8412681102e-11 1.1280370735e-11 8.5981201325e-11 1.3795255216e-10 2.6902949313e-10 5.4523924264e-10 
1.0989478216e-09 2.1806925155e-09 4.2505758913e-09 8.1334761148e-09 1.5274775222e-08 2.8149637288e-08 5.0898833592e-08 9.0286064847e-08 1.5709220236e-07 
2.68074416e-07 4.4861286597e-07 7.3613239238e-07 1.1843073935e-06 1.8679216964e-06 2.8880558602e-06 4.3770246521e-06 6.5022027229e-06 9.4676170193e-06 
1.3512043552e-05 1.8902317606e-05 2.5920940971e-05 3.4847580537e-05 4.5935074013e-05 5.9381549363e-05 7.5301701145e-05 9.3700793514e-05 0.00011445600103 
0.00013730865612 0.00016187064466 0.00018764537526 0.00021406218002 0.00024051973014 0.00026643247111 0.00029127299786 0.00031460364698 0.00033609214006 
0.00035550975008 0.0003727125586 0.00038761130418 0.00040013596299 0.00041020452045 0.00041770105599 0.00042247003876 0.00042432695045 0.00042308346019 
0.0004185824655 0.00041073470493 0.0003995509469 0.00038516227505 0.00036782602547 0.00034791597864 0.00032589913462 0.00030230369885 0.00027768348809 
0.00025258373353 0.00022751295182 0.00020292233967 0.00017919446691 0.00015663907107 0.00013549518189 0.00011593650561 9.8078373412e-05 8.1984726421e-05 
6.7674176535e-05 5.5125154176e-05 4.4280473958e-05 3.5051769373e-05 2.732442772e-05 2.0963256247e-05 1.5818866814e-05 1.1734540749e-05 8.5530382421e-06 
6.1228429331e-06 4.3033255679e-06 2.9685058962e-06 2.009284799e-06 1.3342088323e-06 8.689875699e-07 5.550822948e-07 3.4771068158e-07 2.1358597735e-07 
1.2865058352e-07 7.5986505976e-08 4.4010690203e-08 2.4997504511e-08 1.3924494446e-08 7.6074693212e-09 4.076791793e-09 2.1431867392e-09 1.105401215e-09 
5.5948123912e-10 2.7802624092e-10 1.3593352832e-10 6.6016567213e-11 3.3253722692e-11 2.0386822439e-11 1.4670886728e-10 2.3520052572e-10 4.5827805439e-10 
9.2805096941e-10 1.8691179715e-09 3.7062726221e-09 7.2190236011e-09 1.3803763466e-08 2.5905327661e-08 4.77069797e-08 8.6201218608e-08 1.5280022581e-07 
2.6567855116e-07 4.5306072138e-07 7.5765620977e-07 1.2423843145e-06 1.9973952021e-06 3.148165888e-06 4.8641140893e-06 7.366760201e-06 1.0935983482e-05 
1.591252294e-05 2.2694594008e-05 3.172655488e-05 4.3478052248e-05 5.8413159422e-05 7.6950425864e-05 9.9416785815e-05 0.00012600015907 0.00015670692665 
0.00019133162277 0.00022944487864 0.00027040444547 0.00031339062843 0.0003574625589 0.00040162986261 0.00044492850429 0.00048648935626 0.0005255897413 
0.00056167860748 0.00059437286109 0.00062342791352 0.00064868864138 0.00067003333243 0.00068732263753 0.00070036551915 0.00070890918141 0.00071265484439 
0.00071129738353 0.00070457934635 0.00069234811235 0.00067460624268 0.00065154390177 0.00062354980037 0.00059119751677 0.00055521255126 0.0005164242466 
0.00047571351752 0.00043396058027 0.00039200150059 0.00035059504444 0.00031040253816 0.00027197774034 0.00023576570675 0.00020210702496 0.00017124449369 
0.0001433306752 0.00011843517859 9.6551702882e-05 7.7605000115e-05 6.1458922573e-05 4.7925761464e-05 3.6777233618e-05 2.7756845157e-05 2.0592922738e-05 
1.5011398318e-05 1.0747348824e-05 7.5544685387e-06 5.2119112297e-06 3.5283417219e-06 2.3433406113e-06 1.5265849242e-06 9.7538122645e-07 6.1116497818e-07 
3.7553476773e-07 2.2627631324e-07 1.336983928e-07 7.7467944948e-08 4.4019579093e-08 2.4531521703e-08 1.3408831379e-08 7.1892620745e-09 3.7813738807e-09 
1.9513795024e-09 9.8820640559e-10 4.9135689961e-10 2.403800492e-10 1.1681676459e-10 5.8885236964e-11 3.6124901681e-11 2.4551061184e-10 3.9329303703e-10 
7.6566092355e-10 1.5493243355e-09 3.1180926729e-09 6.178445755e-09 1.2025788365e-08 2.2978840164e-08 4.3093994151e-08 7.9306303746e-08 1.4319832076e-07 
2.5365727652e-07 4.4073595973e-07 7.5106299846e-07 1.2551308828e-06 2.0566869807e-06 3.3042276755e-06 5.2042155403e-06 8.0350964708e-06 1.2160503502e-05 
1.8039259885e-05 2.6229165087e-05 3.7381072616e-05 5.2219995268e-05 7.1510679845e-05 9.6007017419e-05 0.00012638693443 0.00016317756672 0.00020667890203 
0.00025689549511 0.00031348873745 0.00037575847819 0.00044266218902 0.00051287282258 0.00058487057686 0.00065705779707 0.00072787958197 0.00079593411647 
0.0008600531728 0.00091934198281 0.00097317359177 0.0010211423505 0.001062986441 0.0010985017288 0.0011274612043 0.0011495616054 0.0011644064216 
0.0011715303408 0.0011704561766 0.0011607768247 0.0011422407115 0.0011148286285 0.0010788030922 0.0010347272037 0.00098344928119 0.00092605530517 
0.00086380523862 0.00079805601854 0.00073018757394 0.00066153786611 0.00059335108381 0.00052674324252 0.00046268026927 0.00040196822374 0.00034525161027 
0.00029301561881 0.00024559115991 0.00020316144219 0.00016577025235 0.00013333231618 0.00010564711556 8.2415943325e-05 6.3262639742e-05 4.7756584536e-05 
3.5436900362e-05 2.5835810447e-05 1.8499549697e-05 1.3005404071e-05 8.9739260147e-06 6.0761726672e-06 4.0362606342e-06 2.6300294849e-06 1.6808235159e-06 
1.0534810144e-06 6.4751702666e-07 3.9028782339e-07 2.3068982102e-07 1.3371854379e-07 7.6013940031e-08 4.2379852516e-08 2.3175170227e-08 1.2431460306e-08 
6.5418670481e-09 3.3776610397e-09 1.7114025752e-09 8.5141244055e-10 4.1676453955e-10 2.026590562e-10 1.0222758057e-10 6.2754787478e-11 4.0292050252e-10 
6.4496874508e-10 1.2545787742e-09 2.5367365986e-09 5.1016590952e-09 1.0101781633e-08 1.9648600968e-08 3.7518638862e-08 7.0313284084e-08 1.2930942717e-07 
2.3332526666e-07 4.1302050136e-07 7.1713623129e-07 1.2212270804e-06 2.0394047624e-06 3.3394426282e-06 5.3612197917e-06 8.4378752945e-06 1.3018139725e-05 
1.9687247914e-05 2.918255268e-05 4.2399005906e-05 6.0378984927e-05 8.4281229647e-05 0.00011532504868 0.00015470899234 0.00020350674458 0.00026254821569 
0.00033229906694 0.00041275378317 0.00050336227287 0.00060300290352 0.00071001576725 0.00082229514373 0.00093743612524 0.0010529141873 0.0011662754696 
0.001275306684 0.0013781597372 0.0014734131983 0.0015600640327 0.0016374548431 0.0017051569885 0.0017628390342 0.0018101446331 0.001846611267 
0.0018716430059 0.0018845424056 0.0018845930463 0.0018711767625 0.0018438964617 0.0018026866019 0.0017478886293 0.0016802807804 0.0016010631807 
0.0015117990552 0.0014143306762 0.0013106776169 0.001202935935 0.0010931862053 0.00098341656849 0.00087546394207 0.00077097176109 0.00067136035068 
0.00057780992938 0.00049124838552 0.00041234705714 0.0003415211977 0.00027893739752 0.00022452796111 0.00017801349168 0.00013893339201 0.00010668322648 
8.0556608737e-05 5.9788675571e-05 4.3597920012e-05 3.1223236874e-05 2.1953910618e-05 1.5151110347e-05 1.0260576346e-05 6.8172398642e-06 4.4431126298e-06 
2.8402496355e-06 1.7806539745e-06 1.0947966302e-06 6.6009630473e-07 3.90302489e-07 2.2632114849e-07 1.2870548005e-07 7.1786487865e-08 3.927302572e-08 
2.1076090206e-08 1.1096192409e-08 5.7319229363e-09 2.9057343198e-09 1.4463424902e-09 7.0836930766e-10 3.4466032806e-10 1.7397237817e-10 1.0686240781e-10 
6.4845917525e-10 1.0372543935e-09 2.0160177971e-09 4.0733585394e-09 8.186273881e-09 1.6198573149e-08 3.1485946295e-08 6.0081283948e-08 1.1252171106e-07 
2.0679270563e-07 3.7288202748e-07 6.5960483653e-07 1.1444943766e-06 1.9476231046e-06 3.2501588976e-06 5.3181834119e-06 8.5317133198e-06 1.3417863556e-05 
2.068572212e-05 3.1258728995e-05 4.6298449888e-05 6.7212116846e-05 9.5635288744e-05 0.00013338160352 0.00018235397874 0.00024441609276 0.00032122945413 
0.0004140685196 0.00052363437135 0.00064989214297 0.00079196039587 0.0009480745066 0.0011156419059 0.0012913895771 0.0014715904836 0.0016523414524 
0.001829853165 0.0020007069688 0.0021620439366 0.0023116555531 0.0024479711428 0.0025699506514 0.0026769107208 0.002768328879 0.0028436672874 
0.0029022505041 0.002943221014 0.002965582069 0.0029683078174 0.0029505009297 0.0029115641955 0.0028513497673 0.0027702678926 0.0026693344116 
0.0025501616765 0.0024148963857 0.0022661178373 0.0021067184862 0.0019397741416 0.00176842371 0.0015957573196 0.0014247233048 0.0012580470648 
0.0010981649393 0.00094717089087 0.00080677226651 0.00067826150917 0.00056249910267 0.00045991435763 0.00037052345579 0.00029396542232 0.00022955404711 
0.00017634349933 0.00013320228027 9.888925706e-05 7.2126895247e-05 5.1665378123e-05 3.6334462493e-05 2.5080480555e-05 1.6988326024e-05 1.1289647773e-05 
7.3596847869e-06 4.7058347263e-06 2.9510531476e-06 1.8149199832e-06 1.0946298517e-06 6.4745029249e-07 3.7556438315e-07 2.1365795533e-07 1.1921636656e-07 
6.5247924397e-08 3.5030733869e-08 1.8451318695e-08 9.5357561847e-09 4.8363650862e-09 2.4085200501e-09 1.1802248068e-09 5.7456567282e-10 2.9020269521e-10 
1.7836043753e-10 1.0233967007e-09 1.6358409072e-09 3.1769595843e-09 6.4144742851e-09 1.2882543921e-08 2.5474440335e-08 4.9483308118e-08 9.4361588765e-08 
1.7660597962e-07 3.2435124808e-07 5.8446784124e-07 1.033186436e-06 1.7914740056e-06 3.0464882457e-06 5.0803337217e-06 8.306898053e-06 1.3316613149e-05 
2.0927449441e-05 3.2238214771e-05 4.8677626182e-05 7.2039547376e-05 0.00010449252295 0.00014855056361 0.0002069928596 0.0002827247954 0.00037857893039 
0.00049706466962 0.00064008729532 0.00080866739154 0.0010026993696 0.0012207899708 0.0014602125157 0.0017169978237 0.0019861634355 0.002262058435 
0.0025387802161 0.0028106074315 0.0030723784585 0.0033197693992 0.0035494256299 0.0037589408457 0.0039467043243 0.0041116508655 0.0042529813945 
0.0043699159287 0.0044615110382 0.004526596982 0.004563826602 0.0045718122274 0.0045493245125 0.0044955173507 0.0044101127423 0.0042935498059 
0.0041470597498 0.0039726723917 0.0037731674965 0.0035519767553 0.0033130582888 0.003060756484 0.0027996515855 0.0025344113819 0.0022696438245 
0.0020097547676 0.0017588105984 0.0015204154188 0.0012976033613 0.0010927538387 0.00090753956465 0.00074290623888 0.00059909158153 0.00047567961155 
0.00037168728886 0.00028567569098 0.00021587620722 0.00016032096755 0.00011696720321 8.3806400653e-05 5.8951940446e-05 4.0701735998e-05 2.7575615604e-05 
1.8329676095e-05 1.1951929082e-05 7.6440901466e-06 4.7949397413e-06 2.9497698506e-06 1.7796318161e-06 1.0529536212e-06 6.1099126469e-07 3.4771625224e-07 
1.9409061736e-07 1.062686934e-07 5.7077485849e-08 3.0076460433e-08 1.5550513766e-08 7.8905202372e-09 3.9313414746e-09 1.9273858065e-09 9.3880114793e-10 
4.7445275486e-10 2.9176197569e-10 1.5837731127e-09 2.5298609874e-09 4.9095532084e-09 9.9059045411e-09 1.988163767e-08 3.9289581366e-08 7.6270147531e-08 
1.4534944626e-07 2.7185922136e-07 4.9896721066e-07 8.9852824203e-07 1.5873065422e-06 2.750423846e-06 4.6740292419e-06 7.7890181274e-06 1.2726926798e-05 
2.0387678887e-05 3.2016465411e-05 4.9283640692e-05 7.4357376434e-05 0.00010995428602 0.00015935003466 0.00022632992477 0.00031506232335 0.00042988400673 
0.00057499739341 0.00075409491546 0.00096994213527 0.0012239663629 0.0015159078175 0.0018435945967 0.0022028901149 0.0025878418237 0.0029910281301 
0.0034040738828 0.0038182593416 0.0042251460254 0.0046171229333 0.0049878004938 0.0053321933374 0.0056466944516 0.0059288595803 0.0061770617031 
0.0063901115209 0.0065669119358 0.0067062173039 0.0068065337837 0.0068661659025 0.006883373484 0.0068566040136 0.0067847431637 0.0066673373803 
0.006504773628 0.0062983850949 0.0060505080037 0.0057644681074 0.0054445378482 0.0050958474167 0.0047242599539 0.0043362220749 0.0039385706186 
0.0035383133218 0.0031423845794 0.0027573909611 0.0023893571924 0.002043497283 0.0017240277957 0.0014340382768 0.0011754265288 0.00094891199842 
0.00075411249418 0.00058968301164 0.00045349897118 0.00034286570735 0.00025473593269 0.00018591644766 0.00013324944302 9.3757917057e-05 6.4749496232e-05 
4.3879153964e-05 2.9174045267e-05 1.9027862436e-05 1.2172820789e-05 7.6377691585e-06 4.6999643928e-06 2.8363874662e-06 1.6787257664e-06 9.7442170954e-07 
5.5473407201e-07 3.0975522236e-07 1.6966015437e-07 9.1160373472e-08 4.8055241564e-08 2.4856360525e-08 1.2617787704e-08 6.2894089936e-09 3.0848783528e-09 
1.5033456702e-09 7.6018669137e-10 4.677137011e-10 2.4033954826e-09 3.8366247956e-09 7.4401933503e-09 1.5002108e-08 3.0091221959e-08 5.9429027033e-08 
1.1529474619e-07 2.1958389596e-07 4.1045061039e-07 7.5286249057e-07 1.3548738025e-06 2.3919287742e-06 4.1419493755e-06 7.0341652645e-06 1.1714376342e-05 
1.9128261556e-05 3.0622119084e-05 4.8056775995e-05 7.3925075412e-05 0.00011145705503 0.00016469012189 0.00023847684497 0.00033840115066 0.00047057925258 
0.00064133200794 0.00085673324065 0.0011220589513 0.0014411864104 0.0018160097534 0.002245956799 0.0027276878245 0.0032550462056 0.0038192975335 
0.0044096456841 0.0050139753148 0.0056197205558 0.0062147430144 0.006788093131 0.0073305489495 0.007834866643 0.0082957483828 0.0087095508352 
0.0090738236904 0.0093868291005 0.0096470788121 0.009853027761 0.010002927855 0.010094866157 0.010126899928 0.010097291321 0.010004737414 
0.0098485946655 0.0096290558577 0.0093473102897 0.0090056620538 0.0086076399311 0.0081580812111 0.0076631689444 0.0071303988807 0.0065684709698 
0.0059870714322 0.0053965542465 0.0048075453378 0.0042304871604 0.0036751637235 0.0031502598431 0.0026629862841 0.0022188082803 0.0018212957075 
0.0014721069019 0.0011710959952 0.00091652595438 0.0007053600275 0.00053360091988 0.00039664356154 0.00028961038333 0.00020764612418 0.00014615405235 
0.0001009651678 6.8441193434e-05 4.5517201215e-05 2.969522393e-05 1.9002274712e-05 1.1926154912e-05 7.340927823e-06 4.4314733714e-06 2.6235716177e-06 
1.5233346176e-06 8.6750793571e-07 4.8456564627e-07 2.6550006282e-07 1.4270752047e-07 7.5256295418e-08 3.8940932257e-08 1.9775351134e-08 9.8611829813e-09 
4.8388675289e-09 2.3592046094e-09 1.1935824551e-09 7.3471861928e-10 3.5763827455e-09 5.7056359637e-09 1.1057207594e-08 2.2281511747e-08 4.4665846133e-08 
8.8161947076e-08 1.7093793758e-07 3.2536729577e-07 6.0782195987e-07 1.114219458e-06 2.0039722131e-06 3.5357268189e-06 6.1189266489e-06 1.0385534551e-05 
1.7285854483e-05 2.8210799428e-05 4.5139524445e-05 7.0805828727e-05 0.00010886820382 0.00016405872884 0.00024227554968 0.000350577262 0.00049703760305 
0.00069042993709 0.00093973061303 0.0012534571579 0.0016388839576 0.0021012080833 0.0026427565608 0.0032623484731 0.0039549181238 0.0047114952467 
0.0055195731111 0.0063638533466 0.0072272811085 0.0080922394991 0.008941735141 0.0097604161128 0.010535295121 0.011256074533 0.011915112846 
0.012507051229 0.013028249145 0.013476179913 0.013848877512 0.014144573361 0.014361502603 0.014497874305 0.014551973902 0.01452227775 
0.014407586306 0.014207136817 0.013920744881 0.013548981398 0.013093434274 0.012557046488 0.011944468133 0.011262384243 0.010519715026 
0.0097276335582 0.0088993646204 0.0080497497693 0.0071946266107 0.006350046955 0.0055314553902 0.0047528869472 0.0040262695402 0.0033609112725 
0.0027631877456 0.0022364635952 0.0017812241567 0.001395395142 0.0010747901397 0.00081364426296 0.00060517078964 0.00044209367479 0.00031711554038 
0.00022329311469 0.00015430842177 0.00010463494982 6.960927567e-05 4.5426033466e-05 2.9076853025e-05 1.8254266251e-05 1.1239248124e-05 6.7866935751e-06 
4.0191030166e-06 2.3343206976e-06 1.3297534451e-06 7.4299646258e-07 4.0722946437e-07 2.1896073576e-07 1.1550786638e-07 5.9790060902e-08 3.0374255999e-08 
1.5152167521e-08 7.4380874793e-09 3.6280103366e-09 1.8363833787e-09 1.1309009285e-09 5.2186832633e-09 8.3209847901e-09 1.6115443202e-08 3.2455634624e-08 
6.5025091089e-08 1.2827709384e-07 2.4858130132e-07 4.728946692e-07 8.8292932787e-07 1.6176311419e-06 2.9077878025e-06 5.1276683735e-06 8.8695496743e-06 
1.5047488887e-05 2.5036182706e-05 4.0848473873e-05 6.5349915531e-05 0.00010249997285 0.00015759578673 0.00023747845262 0.00035064498661 0.00050720199943 
0.00071860308526 0.00099713669624 0.0013551722514 0.0018042065203 0.0023537934758 0.0030104480684 0.0037766462192 0.0046500526369 0.0056230993941 
0.006683035288 0.0078124748543 0.0089904163033 0.010193623602 0.011398164555 0.01258096192 0.013721092604 0.014800706878 0.015805471689 
0.016724521294 0.017550045624 0.018276643008 0.018900625408 0.019419441 0.01983127743 0.020134817809 0.020329138264 0.020413631573 
0.020387873054 0.020251436159 0.020003747195 0.019644023851 0.019171461463 0.018585717306 0.017887648195 0.017080195248 0.016169268638 
0.015164394863 0.01407905668 0.012930571102 0.011739536189 0.010528876446 0.0093225929886 0.0081443823874 0.0070162611082 0.0059573561884 
0.0049829762429 0.0041040247306 0.0033267925028 0.002653103089 0.0020807627589 0.0016042339848 0.0012154482538 0.00090466189431 0.00066128146136 
0.0004745896731 0.00033433089266 0.00023113659699 0.00015678926138 0.00010434069554 6.8112800363e-05 4.3611547881e-05 2.7386982765e-05 1.6867081285e-05 
1.0187851331e-05 6.0349702835e-06 3.5061400467e-06 1.9978567707e-06 1.1166235936e-06 6.1219378722e-07 3.2926755011e-07 1.7375238315e-07 8.9968118289e-08 
4.5720380371e-08 2.2815417111e-08 1.1203950656e-08 5.4669762051e-09 2.7684168291e-09 1.7055648005e-09 7.4678903061e-09 1.1901076569e-08 2.3035765295e-08 
4.6368160866e-08 9.2851792033e-08 1.8307987659e-07 3.5460260506e-07 6.7424838335e-07 1.2582463569e-06 2.3041466193e-06 4.1399825932e-06 7.2977163654e-06 
1.2619492736e-05 2.140617471e-05 3.5617202229e-05 5.8127727243e-05 9.3041060609e-05 0.00014603974705 0.00022473561694 0.00033894905937 0.00050082296366 
0.00072466686834 0.001026453916 0.0014229548397 0.0019305726746 0.002563999733 0.0033348412253 0.0042503252625 0.0053122108802 0.0065159997903 
0.0078505799174 0.0092984065413 0.010836254805 0.012436498888 0.014068773948 0.015701854602 0.017305504531 0.018852066249 0.020317615941 
0.021682536229 0.022931534797 0.024053245783 0.025039575994 0.02588506788 0.026586370543 0.027141911909 0.02755167149 0.027816908434 
0.027939753607 0.027922546491 0.027767010033 0.027473473921 0.027040408924 0.026464510709 0.025741547346 0.02486776188 0.023841701448 
0.022666061297 0.021349182352 0.019905976951 0.018358020112 0.016732914373 0.01506286487 0.013382749632 0.01172790397 0.010131878778 
0.0086244335398 0.0072299377061 0.005966341123 0.004844722338 0.0038694120012 0.003038603114 0.002345323097 0.0017786396202 0.0013249407057 
0.0009691833402 0.00069599458948 0.00049056607531 0.00033930860809 0.00023026319104 0.00015329415328 0.00010010364349 6.4115170971e-05 4.0274786443e-05 
2.4811490221e-05 1.4990468117e-05 8.8822898761e-06 5.1617275858e-06 2.9420234569e-06 1.6447700091e-06 9.0199807801e-07 4.8527277841e-07 2.5614781407e-07 
1.3267052168e-07 6.7441163765e-08 3.3664896648e-08 1.6537116565e-08 8.072102986e-09 4.08922185e-09 2.5201987164e-09 1.0480677659e-08 1.6694611915e-08 
3.2297478469e-08 6.4980063996e-08 1.3006309985e-07 2.5633681844e-07 4.9627317367e-07 9.4321671895e-07 1.7594627479e-06 3.2208315588e-06 5.7854554143e-06 
1.0196931726e-05 1.7634496544e-05 2.9924942282e-05 4.9831316574e-05 8.1429556303e-05 0.00013057189062 0.00020540948026 0.00031690337346 0.00047919614008 
0.00070967018837 0.0010285159806 0.0014577112161 0.0020194668323 0.0027343668044 0.003619518131 0.0046869833022 0.0059426124208 0.007385274861 
0.0090064397082 0.010790143162 0.012713381089 0.01474697236 0.016856864095 0.01900578104 0.021155165508 0.023267153651 0.025306433439 
0.027241667733 0.029046325013 0.030698912218 0.032182745636 0.033485516906 0.034598857164 0.035518173128 0.036242514849 0.036774445325 
0.037119574845 0.037285536528 0.037280317396 0.037110302597 0.036778226495 0.036281868815 0.035613935441 0.034763332456 0.033717744052 
0.032466951758 0.031006336212 0.029339771718 0.027481546625 0.025456959382 0.02330156602 0.021059203893 0.018779108301 0.016512488946 
0.014309028164 0.012213668786 0.010264035314 0.0084886625409 0.0069061438553 0.0055251540616 0.0043452298269 0.0033581282478 0.0025495528243 
0.0019010296091 0.0013917403994 0.0010001597693 0.00070539262379 0.0004881611967 0.00033143535256 0.00022074047592 0.00014420114167 9.2390313512e-05 
5.805415276e-05 3.5774846765e-05 2.1620106054e-05 1.2813860849e-05 7.448332326e-06 4.2463607315e-06 2.3745526505e-06 1.3025311318e-06 7.00930741e-07 
3.7007356468e-07 1.9172651378e-07 9.7486818618e-08 4.8675982356e-08 2.3917689163e-08 1.1678256584e-08 5.9180762513e-09 3.6484848476e-09 1.4427291362e-08 
2.2972024283e-08 4.4422154843e-08 8.9337895304e-08 1.7874880598e-07 3.5215862226e-07 6.8154213295e-07 1.2949138863e-06 2.4148655484e-06 4.4198973228e-06 
7.9395258581e-06 1.399809571e-05 2.4226870664e-05 4.1168797907e-05 6.8703244324e-05 0.00011261398322 0.00018130314129 0.00028660363751 0.00044455408351 
0.00067588419188 0.0010058695916 0.0014632339589 0.0020779855549 0.0028784563765 0.0038881886285 0.0051234564744 0.0065919579938 0.0082927020267 
0.010216685012 0.012347840704 0.014663907699 0.017137104645 0.019734671339 0.022419322282 0.025150004774 0.027883084491 0.030574053526 
0.033179547638 0.035659261048 0.037977389991 0.040103405714 0.042012367398 0.043685086071 0.04510826245 0.046275019646 0.047185353935 
0.047846261412 0.048270951957 0.048476908356 0.048482559621 0.048303149641 0.047946650535 0.047410808504 0.046682424843 0.045739337802 
0.044554792345 0.043103203177 0.041366238147 0.039337914437 0.037028167397 0.034464247525 0.031689986587 0.028763093054 0.025751015171 
0.022725859657 0.019759109244 0.016916714609 0.014255048707 0.01181802433 0.0096355909482 0.007723509334 0.0060842917301 0.004709016066 
0.0035797285382 0.0026721132454 0.0019581203815 0.0014083447168 0.00099398521706 0.00068830320379 0.00046757052769 0.00031155307079 0.00020360828785 
0.00013049964036 8.2026752352e-05 5.056219743e-05 3.05647809e-05 1.8119682863e-05 1.0534909052e-05 6.0073830355e-06 3.3600383631e-06 1.8434989215e-06 
9.9225155736e-07 5.2399485639e-07 2.7152802318e-07 1.3809368227e-07 6.8966926392e-08 3.3895975804e-08 1.6554587035e-08 8.391637607e-09 5.1748263452e-09 
1.9482865099e-08 3.1011978763e-08 5.9948362718e-08 1.205244331e-07 2.4107600893e-07 4.7482032528e-07 9.1871066843e-07 1.7452238126e-06 3.2544821806e-06 
5.9576618696e-06 1.0707582078e-05 1.8899254428e-05 3.2772451959e-05 5.5859793065e-05 9.3633658253e-05 0.00015440305287 0.00025047475356 0.00039949227357 
0.00062567665009 0.00096045131795 0.0014417463681 0.0021113667171 0.0030103246681 0.0041729388759 0.005621349439 0.0073623112403 0.0093873478472 
0.011675983667 0.014200562611 0.016930872574 0.019837211818 0.022891318426 0.026065170765 0.029328422621 0.032645758241 0.035975519568 
0.039270270616 0.042479049414 0.04555042088 0.048435367644 0.051089532673 0.053474683315 0.055560052395 0.057323727757 0.058754395694 
0.059852931648 0.060633048415 0.061120223254 0.061348270625 0.061353404075 0.061166670173 0.060806188732 0.060271386057 0.059541046619 
0.058576192707 0.057327277958 0.055743832141 0.053784385324 0.051425009966 0.048665221781 0.045530714095 0.042072743177 0.038364630193 
0.034495942295 0.030565271154 0.026672568172 0.022911868989 0.01936519891 0.016098100692 0.013157071546 0.010568886064 0.0083415908739 
0.0064668469131 0.0049231667072 0.003679581685 0.002699343022 0.001943288371 0.0013726517791 0.00095117936144 0.00064653047593 0.00043101911433 
0.00028180688969 0.00018068874488 0.00011361130601 7.0051675721e-05 4.235709639e-05 2.5116351026e-05 1.4605921024e-05 8.3304621512e-06 4.6602458497e-06 
2.5573197036e-06 1.3767007658e-06 7.2714283306e-07 3.7686206156e-07 1.9169807786e-07 9.5755368079e-08 4.7070894738e-08 2.2993859261e-08 1.1658468857e-08 
7.1909322941e-09 2.5815840132e-08 4.1083470848e-08 7.9398191133e-08 1.5959405175e-07 3.1916530929e-07 6.2853172267e-07 1.2160255665e-06 2.3101370061e-06 
4.3091686166e-06 7.8938273873e-06 1.4206482774e-05 2.5133551389e-05 4.3746735173e-05 7.4985087849e-05 0.00012668623822 0.00021107896464 0.00034678037628 
0.00056113087339 0.00089230114827 0.0013900812482 0.0021138936281 0.003126805881 0.0044855391607 0.006228487473 0.0083656413481 0.010874592699 
0.013704882003 0.01678959094 0.020060200244 0.023459937423 0.02695184201 0.030519628897 0.03416133672 0.037878204137 0.041662976146 
0.045492015779 0.049323312938 0.05309958756 0.056754346937 0.060218311846 0.063424743712 0.066313423216 0.068833976984 0.070949308574 
0.072639510036 0.073905177414 0.0747692734 0.075275614858 0.075483508408 0.075457856059 0.075256258249 0.074915364385 0.074440099299 
0.0737991184 0.072928905487 0.071745581925 0.07016056031 0.068096190691 0.065499097109 0.062349457294 0.058665536344 0.054503489286 
0.0499529019 0.045128937811 0.040162418038 0.03518909961 0.03033927083 0.025728926063 0.021453021094 0.017581366003 0.014157106169 
0.011197634041 0.0086974231526 0.0066322437488 0.0049640792422 0.0036461807322 0.0026277354918 0.0018578141462 0.0012883774471 0.00087630981579 
0.00058453326346 0.00038235873217 0.00024525931804 0.00015426393657 9.5145391242e-05 5.7544486481e-05 3.4129330743e-05 1.985099334e-05 1.1323883882e-05 
6.3357956606e-06 3.4772699564e-06 1.872193252e-06 9.8897783118e-07 5.1263026535e-07 2.6079229087e-07 1.3028571288e-07 6.4053907067e-08 3.1294653979e-08 
1.5869911607e-08 9.7901331486e-09 3.3574334424e-08 5.3424969337e-08 1.0323876865e-07 2.0749891405e-07 4.1495184178e-07 8.171848549e-07 1.5812495349e-06 
3.0051028261e-06 5.6098983805e-06 1.0291639228e-05 1.8568969608e-05 3.298822412e-05 5.778657578e-05 9.9971708551e-05 0.00017103843857 0.00028956058668 
0.00048476457596 0.00080075877486 0.0013002612395 0.0020655849949 0.0031938909087 0.0047842878848 0.0069170300849 0.0096293846145 0.012896683067 
0.016627525911 0.020677777007 0.024880517274 0.029082888737 0.033178586513 0.037126850337 0.040952533484 0.044726938009 0.048535630107 
0.052445303649 0.056481722742 0.060623243451 0.064807400107 0.068944334984 0.072931289673 0.076664291322 0.080046392977 0.082994259894 
0.085444614291 0.087361253798 0.088741376996 0.08961904794 0.090063840151 0.090172581375 0.090054266155 0.089809313416 0.08950702101 
0.089165791869 0.088742636144 0.088138751686 0.087219811976 0.085841223598 0.083871915936 0.081213831902 0.077815525234 0.073679253459 
0.068861290812 0.063466452062 0.057637866586 0.051543865353 0.045363415033 0.039271939546 0.033428858966 0.027967846021 0.02299044095 
0.018563216552 0.014718255959 0.011456385255 0.0087524345145 0.0065616397187 0.0048263706267 0.00348246051 0.0024646297097 0.0017106821761 
0.0011643971084 0.00077717407839 0.00050862925127 0.00032639194978 0.00020536668308 0.00012670051365 7.664734585e-05 4.5468008466e-05 2.6450290534e-05 
1.5090442503e-05 8.4441735453e-06 4.6348641263e-06 2.4956691504e-06 1.3184309182e-06 6.8345173077e-07 3.4772077129e-07 1.7372624939e-07 8.5417930507e-08 
4.1736171852e-08 2.116717468e-08 1.3059339388e-08 4.2872251527e-08 6.8223307892e-08 1.3184394732e-07 2.650168085e-07 5.3005214795e-07 1.0441193581e-06 
2.0212819436e-06 3.8445259634e-06 7.1874501373e-06 1.3219113498e-05 2.395093361e-05 4.2830954044e-05 7.5770374679e-05 0.00013290610514 0.00023153545044 
0.00040070683463 0.00068769598147 0.0011657399591 0.0019407384098 0.0031524745282 0.0049644461833 0.0075376396999 0.010989001021 0.015344176441 
0.020501872525 0.026228100061 0.032189507037 0.038020011038 0.043401949108 0.048138037324 0.052193593234 0.055695097893 0.058882266283 
0.062028307468 0.06535962224 0.069005697966 0.072987504303 0.077234625816 0.081616051495 0.085971467197 0.090134724975 0.093948826194 
0.097276560962 0.10001083463 0.10208624601 0.10348964483 0.10426643491 0.10451940447 0.10439747572 0.10407406092 0.10371673107 
0.10345182568 0.10332834721 0.10329166055 0.10319075733 0.102816917 0.10194567591 0.10037086159 0.09793087095 0.09452727437 
0.090134821832 0.084802560508 0.078647226095 0.071840457618 0.064591951668 0.057130612433 0.049685817212 0.0424705185 0.035667620599 
0.02942048572 0.023827986792 0.018944082782 0.014781135134 0.011316216551 0.0084991650656 0.00626132451 0.0045239115134 0.0032053336035 
0.0022269275505 0.0015169950202 0.0010131829185 0.00066344620427 0.00042592629325 0.00026808844996 0.00016544289247 0.00010010649567 5.9394278651e-05 
3.4556120227e-05 1.9716873794e-05 1.1033762348e-05 6.056550319e-06 3.2612997529e-06 1.7229475588e-06 8.9316279173e-07 4.5442291707e-07 2.2703966351e-07 
1.1163314895e-07 5.4546536177e-08 2.7665089775e-08 1.7068918723e-08 5.377724932e-08 8.5595900146e-08 1.654628079e-07 3.3269392929e-07 6.6566178702e-07 
1.3119511095e-06 2.5419010399e-06 4.8414699449e-06 9.0723833637e-06 1.6750447685e-05 3.0537852581e-05 5.5131436966e-05 9.8880693258e-05 0.00017669965746 
0.00031509797554 0.00056025735103 0.00098960858304 0.0017257402651 0.0029483207036 0.0048956335522 0.0078446147963 0.012060686946 0.017719097435 
0.024816149846 0.033103518188 0.042080461979 0.051061924547 0.059312086552 0.06620837003 0.071390219033 0.074849553406 0.07692899555 
0.078215107322 0.079356878996 0.080886781216 0.083120897412 0.086147494614 0.089872524142 0.094087421894 0.098533086479 0.10294301063 
0.1070663631 0.11068169028 0.11361196637 0.11574225128 0.11703648418 0.11754760146 0.11741692573 0.11686004698 0.11613922566 
0.11552464962 0.11524474621 0.11541871727 0.11598334461 0.11670146883 0.11725027859 0.11729373783 0.11652542651 0.1146992445 
0.11165232956 0.10731818527 0.10172884166 0.095007099211 0.087350994349 0.079013034701 0.070276878774 0.061433557421 0.052759487182 
0.044498041272 0.03684585169 0.029944870621 0.02388012968 0.018682708964 0.014336837456 0.010789745487 0.007962663658 0.0057616946287 
0.0040874462575 0.0028427445795 0.0019381622551 0.0012953868136 0.00084871851141 0.00054511462804 0.00034322880674 0.00021186994854 0.00012822377903 
7.6087024354e-05 4.4272070227e-05 2.5261842893e-05 1.4137063772e-05 7.7599524957e-06 4.1784460336e-06 2.2073986656e-06 1.1442481309e-06 5.8214152432e-07 
2.90835942e-07 1.4299399709e-07 6.9866828767e-08 3.5433693313e-08 2.186125414e-08 6.6303321944e-08 1.0558040486e-07 2.0420274893e-07 4.1081634095e-07 
8.2250903688e-07 1.6224980754e-06 3.1476497497e-06 6.007468528e-06 1.1294662727e-05 2.0965009753e-05 3.8541595131e-05 7.0451045758e-05 0.00012857258844 
0.00023499877716 0.00043048363295 0.00078824657248 0.0014339665649 0.0025699029211 0.0044954610057 0.0076092490926 0.012372869067 0.019221007824 
0.028420912102 0.039914075285 0.053199186921 0.067318849266 0.080983504653 0.092816635966 0.10166247934 0.10687565058 0.1085094139 
0.10732351243 0.10456670076 0.1015856117 0.099445067346 0.098752446473 0.099672533572 0.10204030573 0.10550028086 0.10963024944 
0.1140127331 0.11826136708 0.12203090638 0.12503813207 0.1270890981 0.12810458243 0.12813442945 0.12735697627 0.12606278062 
0.12462603301 0.12346898764 0.12300918251 0.12353552878 0.12498448044 0.1269479841 0.12891541421 0.13039930165 0.13096898794 
0.13027466834 0.12807224691 0.12423985451 0.11878113449 0.11181659997 0.10356529802 0.094320468605 0.084421910346 0.074227489531 
0.064085632563 0.054311279207 0.045166775584 0.036849599332 0.029487233609 0.023138843477 0.017802847549 0.013428412378 0.0099290171638 
0.0071962098591 0.0051120631397 0.0035593514331 0.0024289735593 0.0016246279702 0.0010650571203 0.00068437494338 0.00043106020894 0.00026615214301 
0.00016110189608 9.5606003015e-05 5.5631782743e-05 3.1743678846e-05 1.7763764845e-05 9.750036952e-06 5.2495738601e-06 2.7729711292e-06 1.4372601527e-06 
7.311246577e-07 3.652222631e-07 1.7954478437e-07 8.7714447261e-08 4.4479481431e-08 2.7439062578e-08 8.0410373471e-08 1.2813534056e-07 2.4803350129e-07 
4.9942195801e-07 1.0008817526e-06 1.9768235688e-06 3.8418406803e-06 7.352200555e-06 1.3881822269e-05 2.5939971238e-05 4.8175043048e-05 8.9363777079e-05 
0.00016634627536 0.00031157501508 0.00058675737819 0.0011054057395 0.0020657249261 0.0037904214114 0.0067606307566 0.011618996039 0.019108891487 
0.02992387861 0.044472146779 0.062610022724 0.083442486823 0.10529559851 0.12591938674 0.14290241897 0.15420877934 0.15871103108 
0.15657013655 0.1492922008 0.13932165504 0.12922868133 0.12091698498 0.11537133902 0.11278352886 0.11280569434 0.11481172591 
0.11812873185 0.12214035541 0.12628883123 0.13005809486 0.13301089406 0.1348348856 0.13537970185 0.13467237353 0.13291230798 
0.13045454025 0.12779137492 0.12555319071 0.12451063842 0.12539212406 0.12815006077 0.13196201622 0.13599199057 0.13956660032 
0.14212058485 0.14319014549 0.14243869483 0.13967707753 0.13486947119 0.12812393904 0.11967159808 0.10983930528 0.099019363523 
0.087637215853 0.076118983328 0.06486093998 0.054203934968 0.044414866716 0.035677079111 0.028089614585 0.02167438902 0.016389125958 
0.012143631466 0.0088168093935 0.0062724803574 0.0043725520372 0.0029868117999 0.001999276923 0.0013114465401 0.00084307492943 0.0005311894347 
0.00032804560033 0.0001985905983 0.00011785945389 6.8579858635e-05 3.9129408833e-05 2.1894542442e-05 1.2015670109e-05 6.4683881646e-06 3.4161721487e-06 
1.7702991499e-06 9.0036002121e-07 4.4966949986e-07 2.2101366426e-07 1.0795062622e-07 5.4728850785e-08 3.3755149786e-08 9.6012193751e-08 1.5315400503e-07 
2.9681572755e-07 5.9835821276e-07 1.2007337773e-06 2.3753900678e-06 4.626624559e-06 8.8827755462e-06 1.6854788555e-05 3.1733714422e-05 5.9595833591e-05 
0.00011228376388 0.00021325783746 0.00040902942419 0.00079007225577 0.0015256499173 0.0029148524627 0.0054485891014 0.0098626287654 0.017142770812 
0.028430506587 0.044788189232 0.066829785705 0.094299539924 0.12574920058 0.15847752988 0.1888294071 0.21283885837 0.22709995508 
0.22969029844 0.22091305256 0.20352193713 0.18204218149 0.1611187309 0.14381816983 0.13145294785 0.12405188382 0.12086226046 
0.12077400833 0.12277074903 0.12604866922 0.12988369167 0.13352686167 0.13632011414 0.13778540492 0.13767454028 0.13596539199 
0.13283860683 0.12866519392 0.12400998175 0.11972382665 0.11718653888 0.11834353209 0.12319199741 0.12975020707 0.1366469115 
0.14306670427 0.14833651483 0.15188421309 0.15327984095 0.15226054192 0.14874193072 0.14280889928 0.13469178975 0.1247376129 
0.11338000745 0.10110622644 0.088420942426 0.075809210539 0.06370254606 0.052452147007 0.042312595993 0.033436909318 0.025882212445 
0.019623633474 0.014573263936 0.010600830428 0.0075534065254 0.0052721300162 0.0036049180198 0.0024149073288 0.0015850217314 0.0010193813359 
0.00064245879184 0.00039682979695 0.00024024806044 0.0001425807277 8.2958031271e-05 4.7326731874e-05 2.6476518542e-05 1.4527115127e-05 7.8184730228e-06 
4.1281105041e-06 2.1386406388e-06 1.0873835663e-06 5.4291660945e-07 2.6676568154e-07 1.3025751855e-07 6.6016461631e-08 4.0705220528e-08 1.1299290748e-07 
1.8049091466e-07 3.5035210999e-07 7.0738155955e-07 1.4218597926e-06 2.8183110317e-06 5.5031200645e-06 1.0602728253e-05 2.0221899831e-05 3.8362133637e-05 
7.2826755058e-05 0.0001392232225 0.0002692375856 0.00052699720254 0.0010392300319 0.0020457522478 0.0039737359621 0.0075282906182 0.013770586811 
0.024127036333 0.040254127234 0.063698045909 0.095355078578 0.13484798372 0.18003298342 0.22687411308 0.26983493567 0.30278804898 
0.32031700015 0.31921181083 0.2998560667 0.26693722606 0.22854436934 0.19288273156 0.16425810754 0.14385162294 0.13108593225 
0.1244411096 0.1219278425 0.12215353549 0.12437837571 0.12782181799 0.1313483417 0.13396686316 0.13499173522 0.13409206271 
0.13118040562 0.12634067237 0.11985693872 0.11222042143 0.10431994498 0.098081097007 0.099321812391 0.10814869404 0.11875540763 
0.12937302887 0.13940224051 0.14812909067 0.15488277376 0.15915299952 0.16060191393 0.15909008682 0.15466932952 0.14755259454 
0.13808465004 0.12671886384 0.11398913711 0.10047307611 0.086748145521 0.073347486556 0.060722041875 0.049214649945 0.039048545063 
0.030330061913 0.023062719032 0.0171687603 0.012513803318 0.0089309681207 0.0062417648733 0.0042722863145 0.0028642038815 0.0018809912726 
0.0012102052569 0.0007629088359 0.0004712822265 0.00028532469878 0.00016931838763 9.8499345768e-05 5.6180640968e-05 3.1421364838e-05 1.7234984625e-05 
9.272735042e-06 4.8942042667e-06 2.5345834729e-06 1.2882059082e-06 6.4293431024e-07 3.1578522908e-07 1.5412992127e-07 7.8081200172e-08 4.8125492924e-08 
1.3122942732e-07 2.0999715389e-07 4.084535874e-07 8.2628235987e-07 1.664120532e-06 3.3056908251e-06 6.4717196437e-06 1.25114193e-05 2.3973996576e-05 
4.5778226195e-05 8.7686014012e-05 0.00016957941989 0.00033249010448 0.00066056963988 0.0013217835221 0.0026362845674 0.0051773460582 0.0098950834945 
0.01822444424 0.032101303339 0.053784124553 0.085396647453 0.12819452584 0.18170395494 0.24301426113 0.30654039979 0.36446759105 
0.40790918469 0.42867439985 0.42149206996 0.38643181324 0.33081707358 0.26888468862 0.21553611755 0.17519137263 0.14746899903 
0.13044638932 0.12144894153 0.11667717993 0.11457012594 0.11550237983 0.11891531944 0.12268268317 0.12527397275 0.12581555545 
0.12409810722 0.12000087649 0.11333698034 0.10416057706 0.092694886029 0.079060129821 0.062888674438 0.06386654079 0.082436546683 
0.098699919879 0.11340673268 0.1276191175 0.14042755961 0.15101109445 0.15882380307 0.16344630718 0.16467703879 0.16252917051 
0.15717847645 0.14893165231 0.13822409511 0.12560883164 0.11172263324 0.097234748304 0.082789435983 0.068953119218 0.056175213307 
0.044767227024 0.034900587052 0.026620026678 0.0198674649 0.014510923065 0.010373605415 0.0072595756501 0.0049739894457 0.0033371504396 
0.0021927482449 0.0014112648787 0.00088981405133 0.00054969958728 0.00033277570037 0.00019744338351 0.00011483222625 6.5475833253e-05 3.6606710637e-05 
2.0071040126e-05 1.0793854926e-05 5.6944300013e-06 2.9475907013e-06 1.4973855968e-06 7.4696419006e-07 3.6669644032e-07 1.7888575599e-07 9.0571859346e-08 
5.579635598e-08 1.5061512215e-07 2.4155633582e-07 4.7100519396e-07 9.5500945463e-07 1.9276703824e-06 3.8380321712e-06 7.5327561717e-06 1.4604970602e-05 
2.8085283702e-05 5.3871182899e-05 0.00010377898434 0.00020210297953 0.00039939658018 0.00080002623145 0.0016133558238 0.0032399874181 0.0063995313831 
0.01228818018 0.022718416527 0.04014563933 0.067452132702 0.10737865418 0.16159974039 0.22961647809 0.30780744553 0.38902664185 
0.46301835775 0.51771789789 0.54138183594 0.5255138278 0.46858990192 0.38046693802 0.28540074825 0.2149118185 0.16670061648 
0.1356779784 0.11792607605 0.110246934 0.10369764268 0.097505182028 0.096955068409 0.10207178444 0.10710284114 0.10995794833 
0.10978557169 0.10735622048 0.10262619704 0.094584718347 0.082968167961 0.067730419338 0.048468306661 0.039864521474 0.040480241179 
0.050442382693 0.071501158178 0.088757224381 0.10755991936 0.12483085692 0.13958638906 0.15144017339 0.1598252207 0.1644641012 
0.16534531116 0.16258919239 0.15640304983 0.14713993669 0.13532793522 0.12164127827 0.10683726519 0.091680034995 0.076867796481 
0.062975950539 0.050423581153 0.039464339614 0.030198162422 0.022597305477 0.016539765522 0.011843854561 0.0082992687821 0.0056919129565 
0.0038214989472 0.0025121686049 0.0016172726173 0.0010197991505 0.00062996899942 0.00038130395114 0.00022617497598 0.00013149582082 7.4945564847e-05 
4.1881168727e-05 2.2951040592e-05 1.2335853171e-05 6.5041795096e-06 3.3647415876e-06 1.7082671775e-06 8.5164117536e-07 4.1782536186e-07 2.0369745357e-07 
1.0306347065e-07 6.3452766597e-08 1.710776445e-07 2.7510992595e-07 5.3800943078e-07 1.0937512798e-06 2.2131241622e-06 4.4166149564e-06 8.6875270426e-06 
1.687934855e-05 3.2523028494e-05 6.2496765167e-05 0.00012059029541 0.00023516404326 0.00046524402569 0.00093272182858 0.0018822462298 0.0037823566236 
0.0074758878909 0.014366819523 0.026589106768 0.04704727605 0.079176969826 0.12629273534 0.19050814211 0.2714150846 0.36489999294 
0.46253660321 0.55186635256 0.61765962839 0.64412736893 0.61811447144 0.53358054161 0.39760550857 0.24798373878 0.17163617909 
0.127361238 0.10111378133 0.088213473558 0.091796793044 0.083412982523 0.066279873252 0.064022064209 0.076995491982 0.084890037775 
0.088386155665 0.086100257933 0.083174988627 0.079691775143 0.071598663926 0.058395560831 0.040150433779 0.02961188741 0.024900525808 
0.025200489908 0.030366586521 0.040474198759 0.05420672521 0.079949468374 0.10187665373 0.12051084638 0.13667072356 0.14918579161 
0.15770028532 0.16227351129 0.1629717797 0.15978047252 0.15285272896 0.14262701571 0.12979060411 0.11518710852 0.099711596966 
0.084211915731 0.069409810007 0.055851645768 0.043890725821 0.033696353436 0.025282086805 0.01854390651 0.013300808147 0.0093318000436 
0.0064058611169 0.0043034972623 0.0028300802223 0.0018222372746 0.0011490306351 0.00070968689397 0.00042943295557 0.00025462443591 0.00014796592586 
8.428680303e-05 4.7073001042e-05 2.5779583666e-05 1.3846767615e-05 7.2956972872e-06 3.771498541e-06 1.9133808564e-06 9.5319751381e-07 4.6730224312e-07 
2.2764299956e-07 1.1508404896e-07 7.0801142726e-08 1.9258285988e-07 3.1065903272e-07 6.0958115e-07 1.2429181879e-06 2.5215392725e-06 5.0436146921e-06 
9.9391836557e-06 1.9334565877e-05 3.7263882405e-05 7.1533759183e-05 0.00013766322809 0.0002672833798 0.00052569899708 0.0010469328845 0.0020988786127 
0.0041934861802 0.0082512842491 0.015807474032 0.029202256352 0.051637411118 0.086934171617 0.13884352148 0.20988041162 0.29986470938 
0.4045560956 0.51484113932 0.61680394411 0.69278615713 0.72338736057 0.69026505947 0.57826590538 0.37005087733 0.24290089309 
0.16893421113 0.12488442659 0.09822075814 0.083020746708 0.076064385474 0.062758989632 0.049974460155 0.044706773013 0.047824710608 
0.054966967553 0.062438283116 0.05244531855 0.049366418272 0.05275696516 0.046723809093 0.032928723842 0.023542728275 0.017886769027 
0.015306917951 0.015485169366 0.018339063972 0.023997940123 0.032943293452 0.04812592268 0.073306895792 0.093965604901 0.11485239118 
0.13150084019 0.14393106103 0.15263296664 0.15768826008 0.15855918825 0.15496836603 0.14718055725 0.13588654995 0.12202971429 
0.10665573925 0.090783491731 0.075302101672 0.060904309154 0.048059187829 0.037018530071 0.027847284451 0.02046703361 0.014702979475 
0.010327347554 0.007094905246 0.0047687962651 0.0031368646305 0.0020198537968 0.0012734644115 0.00078631512588 0.00047560335952 0.00028185348492 
0.00016368960496 9.3180329714e-05 5.200166197e-05 2.8456572181e-05 1.5272211385e-05 8.0400095612e-06 4.1527241592e-06 2.1049697807e-06 1.047731871e-06 
5.1319710792e-07 2.4977376256e-07 1.2614955835e-07 7.7541308485e-08 2.1511812065e-07 3.4823079886e-07 6.8587087299e-07 1.4029754993e-06 2.8540937365e-06 
5.7216120695e-06 1.1292508134e-05 2.1977004508e-05 4.230763443e-05 8.0939062173e-05 0.00015478658315 0.00029770444962 0.00057842663955 0.0011361346114 
0.002246402204 0.0044327778742 0.008634025231 0.016415551305 0.030169362202 0.053185883909 0.089431576431 0.14287737012 0.2163362056 
0.30997282267 0.41985306144 0.53698158264 0.64717078209 0.73189896345 0.77023237944 0.74186235666 0.62960648537 0.41259482503 
0.2780802846 0.19981151819 0.1519524008 0.12117628008 0.10266010463 0.099636845291 0.069019392133 0.046949971467 0.035542417318 
0.032515652478 0.035195421427 0.041383743286 0.033061396331 0.029270704836 0.027531003579 0.023762812838 0.018128959462 0.013575606048 
0.010632747784 0.0092853317037 0.0094378283247 0.011094810441 0.014428248629 0.019908944145 0.028616582975 0.041641484946 0.058291509748 
0.087446928024 0.10742794722 0.12286695093 0.13567902148 0.14619031549 0.15247865021 0.15338179469 0.1489252001 0.13985432684 
0.12726584077 0.11239384115 0.096455276012 0.080527454615 0.06546600163 0.051868841052 0.040080524981 0.030225418508 0.022256908938 
0.016011185944 0.011257376522 0.0077388249338 0.0052034347318 0.003423120128 0.0022039401811 0.001389129553 0.00085735990433 0.00051828328287 
0.00030694156885 0.00017812532315 0.00010131422459 5.6491160649e-05 3.0884741136e-05 1.6559493815e-05 8.7091466412e-06 4.4938587962e-06 2.2756009912e-06 
1.1315210031e-06 5.536751928e-07 2.6919181551e-07 1.3580400093e-07 8.3391704209e-08 2.38650955e-07 3.8780373757e-07 7.6690190554e-07 1.5740901063e-06 
3.2113505313e-06 6.4521768763e-06 1.2751495888e-05 2.4816317818e-05 4.7676963732e-05 9.0764966444e-05 0.00017207924975 0.00032669288339 0.00062400382012 
0.0012015247485 0.0023271474056 0.0045043448918 0.0086303418502 0.016197951511 0.029491288587 0.051668696105 0.086578011513 0.13815453649 
0.2093501091 0.30072540045 0.40903034806 0.52618616819 0.6390234828 0.73002177477 0.77936404943 0.76891171932 0.68858253956 
0.5430226922 0.36465716362 0.274102211 0.21649320424 0.17474977672 0.14483529329 0.13381764293 0.096692308784 0.053318053484 
0.033143740147 0.024967869744 0.023733483627 0.027404630557 0.021503729746 0.017745055258 0.015281425789 0.012760486454 0.010024663061 
0.0077556907199 0.0062561752275 0.005579573568 0.0057225660421 0.0067250030115 0.0087291030213 0.012048285455 0.01725935936 0.025172242895 
0.037413015962 0.06067077443 0.078347653151 0.093934856355 0.10993662477 0.12794233859 0.14161664248 0.14837624133 0.14812538028 
0.14186738431 0.13097502291 0.11693234742 0.10118581355 0.08501856029 0.069460079074 0.055244702846 0.042815320194 0.032360296696 
0.023868687451 0.017191091552 0.012096513994 0.0083194626495 0.0055947923101 0.0036803125404 0.0023688732181 0.0014924112475 0.00092055293499 
0.00055608182447 0.00032905489206 0.00019078416517 0.00010840793402 6.0383903474e-05 3.2977390219e-05 1.7661903257e-05 9.2784348453e-06 4.7821336011e-06 
2.4187938834e-06 1.201336886e-06 5.871560802e-07 2.8512874906e-07 1.436601309e-07 8.8114838093e-08 2.6306557288e-07 4.2919651833e-07 8.5233364189e-07 
1.7556119474e-06 3.5921420931e-06 7.2335042205e-06 1.4314419786e-05 2.7855281587e-05 5.3396641306e-05 0.00010111680604 0.00018990399258 0.00035536094219 
0.00066556490492 0.0012513268739 0.0023613057565 0.0044546844438 0.0083406800404 0.015358088538 0.02755379118 0.047769851983 0.079505316913 
0.12641860545 0.191413939 0.27540895343 0.37604868412 0.48672798276 0.59626531601 0.68952989578 0.74942201376 0.76087129116 
0.71717905998 0.62689834833 0.51613068581 0.42459434271 0.34844169021 0.28258648515 0.22456650436 0.17313139141 0.11784621328 
0.060444951057 0.033497974277 0.021428585052 0.01734826155 0.018671574071 0.016155958176 0.011394531466 0.0089211910963 0.0071373074315 
0.0056238686666 0.0044418671168 0.0036703187507 0.0033392047044 0.0034641765524 0.0040868646465 0.005308220163 0.007323010359 0.010457734577 
0.015201346017 0.022296568379 0.032706849277 0.043229337782 0.054887261242 0.071213744581 0.10264299065 0.12687876821 0.1408482343 
0.14544893801 0.1423625648 0.13341189921 0.12039611489 0.10501480103 0.088764309883 0.072849214077 0.05813940987 0.045175388455 
0.034209448844 0.025267180055 0.018215093762 0.012824045494 0.0088218469173 0.0059324065223 0.0039013479836 0.0025099774357 0.0015803095885 
0.00097401690437 0.00058785296278 0.00034750989289 0.00020126783056 0.00011423450633 6.3553387008e-05 3.4665517887e-05 1.8542577891e-05 9.7285974334e-06 
5.0076682783e-06 2.5295871637e-06 1.2547367305e-06 6.1245697225e-07 2.9701669746e-07 1.4943570648e-07 9.153991698e-08 2.8808727848e-07 4.7193722708e-07 
9.4118502147e-07 1.9454696485e-06 3.9922410906e-06 8.0574736785e-06 1.5967243598e-05 3.1074498111e-05 5.9456699091e-05 0.00011206120689 0.00020863395184 
0.00038507214049 0.00070730695734 0.0012971446849 0.002378400648 0.0043536522426 0.0079194819555 0.014215719886 0.024977212772 0.042617082596 
0.070133835077 0.11073035747 0.16708917916 0.24036669731 0.32910707593 0.42836818099 0.52936881781 0.61995446682 0.68623822927 
0.71585154533 0.70277059078 0.65169203281 0.57761365175 0.49780580401 0.41783764958 0.33975434303 0.2650386095 0.19468781352 
0.12817777693 0.065341614187 0.03422267735 0.019576884806 0.013294165954 0.011293020099 0.010624425486 0.0074046137743 0.0054366751574 
0.0041581923142 0.0032366889063 0.0025773181114 0.0021653384902 0.0020035698544 0.0021038504783 0.0024979435839 0.0032529772725 0.0044884476811 
0.0063936407678 0.0092410771176 0.013385399245 0.019114825875 0.026126489043 0.03539217636 0.049387995154 0.072872303426 0.11122791469 
0.13269759715 0.1420173943 0.1420071125 0.13496418297 0.12299538404 0.1080410853 0.091796822846 0.075628571212 0.060530394316 
0.047132078558 0.035744704306 0.026427833363 0.019063390791 0.01342487894 0.009234983474 0.0062085678801 0.0040810042992 0.0026238237042 
0.0016506368993 0.0010163948173 0.00061277655186 0.00036182373879 0.00020929879975 0.00011863825785 6.5914326115e-05 3.5903445678e-05 1.9177612558e-05 
1.0047398973e-05 5.1643396546e-06 2.6049817734e-06 1.290282853e-06 6.2890285335e-07 3.0454236821e-07 1.5298105893e-07 9.3579807015e-08 3.132111317e-07 
5.1514228971e-07 1.0315826557e-06 2.1396215288e-06 4.4031498874e-06 8.9069417299e-06 1.7677299184e-05 3.4417043935e-05 6.5773368988e-05 0.00012352310296 
0.00022837713186 0.00041670887731 0.00075258809375 0.0013492030557 0.0024058907293 0.004268518649 0.0075192847289 0.01309313532 0.022398229688 
0.037388265133 0.060505885631 0.094409823418 0.14143568277 0.20282441378 0.27785739303 0.36311635375 0.45212122798 0.53560292721 
0.60268598795 0.64321118593 0.65100729465 0.62670981884 0.57749837637 0.51245623827 0.43627849221 0.35413914919 0.2717782557 
0.19302928448 0.12300802022 0.070128045976 0.034492954612 0.018280105665 0.01094299648 0.0077526150271 0.0063246935606 0.0054684937932 
0.0035803513601 0.0025634125341 0.0019370012451 0.0015331112081 0.0012974331621 0.0012155448785 0.0012916630367 0.0015471833758 0.0020267884247 
0.0028075571172 0.0040098386817 0.0058091436513 0.0084461309016 0.012223474681 0.017554109916 0.025579182431 0.038625750691 0.06098972261 
0.10161004215 0.12668853998 0.13920070231 0.14155294001 0.13605774939 0.12496560067 0.11038572341 0.0941696316 0.077813655138 
0.062413536012 0.048672709614 0.036951061338 0.027336589992 0.019724247977 0.013889931142 0.0095522301272 0.0064186435193 0.004216175992 
0.0027084075846 0.0017021428794 0.0010469316039 0.00063041091198 0.00037174570025 0.00021473923698 0.00012154574506 6.7428794864e-05 3.6672270653e-05 
1.9557914129e-05 1.0230634871e-05 5.2502887229e-06 2.6441996397e-06 1.3076721643e-06 6.3638805159e-07 3.0767643011e-07 1.5429377243e-07 9.4240014903e-08 
3.3765513763e-07 5.5743987559e-07 1.1206066119e-06 2.3317277282e-06 4.8113893172e-06 9.7541224022e-06 1.9389464796e-05 3.7778831029e-05 7.2163391451e-05 
0.00013521479559 0.00024877933902 0.00045013194904 0.00080248888116 0.0014126655878 0.0024601861369 0.0042431540787 0.0072450474836 0.012220570818 
0.020285097882 0.032971516252 0.052197437733 0.080078668892 0.11854729056 0.16878809035 0.23058052361 0.30169758201 0.37755045295 
0.45128497481 0.51453512907 0.55897164345 0.5785394311 0.57184493542 0.54341989756 0.49908691645 0.42896404862 0.34038847685 
0.25219392776 0.1668254137 0.090557552874 0.051310312003 0.032067365944 0.016643865034 0.0093352328986 0.005923318211 0.0043817693368 
0.0039193541743 0.0024607665837 0.0016745338216 0.0012186858803 0.00094693119172 0.00079929525964 0.00075463100802 0.00081182189751 0.00098515627906 
0.0013067307882 0.0018328701844 0.0026546190493 0.0039149574004 0.0058393590152 0.0087979212403 0.013463770039 0.021217871457 0.034698307514 
0.058498084545 0.098049752414 0.12388394028 0.13783927262 0.14154188335 0.1370164603 0.12649159133 0.11214908957 0.095933169127 
0.079426452518 0.06379544735 0.049796354026 0.037824563682 0.027988860384 0.020193565637 0.014215999283 0.0097713042051 0.0065611228347 
0.0043059326708 0.0027631949633 0.001734547317 0.001065496821 0.00064070703229 0.00037726684241 0.00021759656374 0.00012296892237 6.8108027335e-05 
3.6980738514e-05 1.9689627152e-05 1.0282324183e-05 5.2680084082e-06 2.6487193736e-06 1.3077499261e-06 6.3538095674e-07 3.0667493434e-07 1.5351864135e-07 
9.3618119479e-08 3.6035814333e-07 5.969715744e-07 1.2043030893e-06 2.5131928396e-06 5.198598501e-06 1.0560804185e-05 2.1026484319e-05 4.1008628614e-05 
7.8341712651e-05 0.00014662384638 0.0002689769899 0.00048402315588 0.00085533678066 0.0014863108518 0.0025431986433 0.0042895982042 0.0071347877383 
0.01169430837 0.018852302805 0.029801443219 0.04602202028 0.069155566394 0.1007405594 0.14181219041 0.19241586328 0.25113239884 
0.31474786997 0.37822410464 0.43513312936 0.47873005271 0.50407272577 0.51264750957 0.51986461878 0.53837788105 0.46954211593 
0.33100652695 0.22005155683 0.11974728107 0.066089980304 0.037434916943 0.022456845269 0.014768888243 0.0080312034115 0.0048079867847 
0.0033329559956 0.0029150818009 0.0017815247411 0.0011645401828 0.00081485562259 0.00061627471587 0.00051468616584 0.00048804734251 0.00053282594308 
0.00065970583819 0.00089520047186 0.0012879844289 0.0019213880878 0.0029369564727 0.0045804097317 0.0072970599867 0.01194612775 0.020289463922 
0.036140415817 0.068495735526 0.10040705651 0.12430000305 0.13810902834 0.14213977754 0.13795728981 0.12764842808 0.11337763816 
0.097115792334 0.080484256148 0.064686834812 0.050509870052 0.038369864225 0.028388021514 0.020473957062 0.014405190013 0.0098939258605 
0.0066373990849 0.0043513798155 0.002789038932 0.0017484868877 0.0010725511238 0.00064398755785 0.00037860590965 0.00021801472758 0.00012299969967 
6.8009110691e-05 3.6863322748e-05 1.9593018806e-05 1.0214086615e-05 5.2239906836e-06 2.6220841391e-06 1.2924053863e-06 6.2686979163e-07 3.020505801e-07 
1.5093191053e-07 9.1893603837e-08 3.8003540226e-07 6.3149269636e-07 1.2779058807e-06 2.6736595373e-06 5.5426289691e-06 1.1280705621e-05 2.2493983124e-05 
4.3918658776e-05 8.3943814388e-05 0.00015706037811 0.0002876977087 0.00051610101946 0.00090716651175 0.0015634975862 0.0026443069801 0.0043918904848 
0.00716661755 0.011488663964 0.018079051748 0.027883920819 0.042056705803 0.06186825037 0.088521122932 0.12286431342 0.16503505409 
0.21408814192 0.26770320535 0.32208743691 0.37223887444 0.4130294621 0.44332453609 0.48166784644 0.60287225246 0.92141801119 
0.83159554005 0.40552040935 0.20420898497 0.094277791679 0.049476440996 0.027619380504 0.016217676923 0.010171382688 0.0064930720255 
0.0039706747048 0.0026613171212 0.00223034597 0.0013551029842 0.00086540071061 0.00058574264403 0.00043058296433 0.00035467656562 0.00033764727414 
0.00037559273187 0.00047813824494 0.00067059107823 0.0010014687432 0.0015580286272 0.0024963172618 0.0040994235314 0.0068929344416 0.011883479543 
0.02106651105 0.038589399308 0.073790542781 0.10398558527 0.12642253935 0.13942676783 0.14309562743 0.13876619935 0.128386572 
0.11405456811 0.09771746397 0.080995097756 0.065098971128 0.050825163722 0.038598112762 0.028543833643 0.02057357505 0.014464055188 
0.0099251978099 0.0066513330676 0.0043553579599 0.0027879730333 0.0017453796463 0.0010690572672 0.00064088974614 0.00037617410999 0.0002162525343 
0.00012179704208 6.7227279942e-05 3.6375771742e-05 1.9299974156e-05 1.0043735529e-05 5.1279703257e-06 2.5694955639e-06 1.2643613445e-06 6.1225381387e-07 
2.9451723549e-07 1.46912015e-07 8.9308912266e-08 3.9529325591e-07 6.5857437903e-07 1.3362679283e-06 2.8019564979e-06 5.8195946622e-06 1.1863859072e-05 
2.3689719455e-05 4.6304121497e-05 8.8567372586e-05 0.00016574683832 0.00030345935374 0.0005435681669 0.00095273624174 0.0016344598262 0.0027454472147 
0.0045170015655 0.0072812512517 0.011500087567 0.017791010439 0.02693868801 0.039875328541 0.057609893382 0.081089317799 0.11098670959 
0.14743040502 0.18971116841 0.23602977395 0.28338041902 0.32779362798 0.36601066589 0.40450757742 0.50107729435 0.92656439543 
2.6243245602 2.4449722767 0.6608581543 0.21059267223 0.077599674463 0.037629824132 0.02075593546 0.012140045874 0.0075182430446 
0.0053143370897 0.0032722507603 0.0021616131999 0.0015730410814 0.0010732694063 0.00069426378468 0.00046108762035 0.00033178462763 0.00027051649522 
0.00025899856701 0.00029382758657 0.00038491105079 0.00055866426555 0.00086740072584 0.0014086134033 0.0023623339366 0.0040622586384 0.0071284649894 
0.012711234391 0.022942347452 0.041904337704 0.078485816717 0.10789743811 0.12904518843 0.14097127318 0.14392447472 0.13917607069 
0.12856857479 0.11411705613 0.097717054188 0.080959990621 0.065043561161 0.05075796321 0.038525406271 0.028470909223 0.020504774526 
0.014402532019 0.009872796014 0.0066086561419 0.0043220156804 0.0027629169635 0.0017272256082 0.0010563500691 0.00063228217186 0.00037052275729 
0.00021265153191 0.00011956753588 6.5884669311e-05 3.5588633182e-05 1.8850318156e-05 9.7932670542e-06 4.9918344303e-06 2.4972425763e-06 1.2268766341e-06 
5.931918281e-07 2.8491353987e-07 1.4189920705e-07 8.6143856493e-08 4.0479099539e-07 6.7588393904e-07 1.374453177e-06 2.8873805604e-06 6.0066231526e-06 
1.2262408745e-05 2.4515700716e-05 4.7968278523e-05 9.182409849e-05 0.00017192740052 0.0003148036194 0.00056362221949 0.00098666152917 0.0016888373066 
0.0028266978916 0.0046268668957 0.007407033816 0.011596976779 0.017754558474 0.026568192989 0.038833789527 0.055392485112 0.077017240226 
0.1042439267 0.13715481758 0.17513893545 0.21667404473 0.25921109319 0.2994030714 0.33488410711 0.37384203076 0.47866597772 
0.93454766273 2.7227776051 2.2744677067 0.48905491829 0.1333091706 0.054376490414 0.028408493847 0.016252065077 0.0096719199792 
0.0060183699243 0.0040850476362 0.0032505011186 0.0019730108324 0.0013376305578 0.0010331725935 0.00063603313174 0.00041070653242 0.00029216008261 
0.0002378403442 0.0002290901466 0.00026260557934 0.00034875079291 0.00051570864161 0.00082107482012 0.0013756289845 0.0023900868837 0.0042650527321 
0.0077534955926 0.014223140664 0.026002909988 0.046972628683 0.083157397807 0.11123704165 0.13109520078 0.14193733037 0.14411109686 
0.13888549805 0.12803262472 0.11348906904 0.09708853066 0.080380178988 0.064535103738 0.050327792764 0.038171745837 0.02818736434 
0.020282797515 0.014232795686 0.0097460560501 0.0065162777901 0.0042563122697 0.0027173277922 0.0016963697271 0.0010359795997 0.00061916315462 
0.0003622797376 0.00020759712788 0.00011654230912 6.4116677095e-05 3.4579439671e-05 1.8287493731e-05 9.4864899438e-06 4.8283486649e-06 2.4120281523e-06 
1.1834001725e-06 5.714275062e-07 2.7411462611e-07 1.3634954144e-07 8.268635554e-08 4.0742420993e-07 6.8150097832e-07 1.3883998236e-06 2.9211241781e-06 
6.0848874455e-06 1.2436949874e-05 2.4891169232e-05 4.8748785048e-05 9.3392976851e-05 0.00017497502267 0.00032051443122 0.0005739092594 0.0010043734219 
0.0017177232075 0.0028706609737 0.0046876547858 0.0074790660292 0.011657750234 0.017749348655 0.026389162987 0.038296293467 0.054214831442 
0.074813552201 0.10054060072 0.13143858314 0.1669382453 0.20566406846 0.24531802535 0.28285488486 0.31601315737 0.35142731667 
0.43975427747 0.81028592587 2.2249920368 0.81305837631 0.23740598559 0.087605498731 0.042476162314 0.02390531823 0.014152524993 
0.0085947932675 0.0054313880391 0.0037634535693 0.0032028877176 0.0019113410963 0.001229178044 0.00086111092241 0.00066437578062 0.00042075826786 
0.00030180672184 0.0002486188605 0.00024029379711 0.00027284561656 0.00035625966848 0.00051963242004 0.00082512176596 0.0013968164567 0.0024795306381 
0.0045581748709 0.0085820220411 0.016310414299 0.030904907733 0.057865589857 0.086810566485 0.11221428961 0.13134877384 0.14159879088 
0.14322765172 0.13764889538 0.12664923072 0.11211369187 0.095817886293 0.079264961183 0.063593842089 0.049558412284 0.037560191005 
0.027713527903 0.019924452528 0.013968106359 0.0095550343394 0.0063815736212 0.004163492471 0.0026548302267 0.0016552510206 0.0010095443577 
0.00060255534481 0.00035208280315 0.00020147787291 0.00011295253353 6.2057741161e-05 3.3424654248e-05 1.7654010662e-05 9.1465308287e-06 4.6498339543e-06 
2.3202783268e-06 1.1372161453e-06 5.4860953469e-07 2.6294216582e-07 1.3068797955e-07 7.9202891357e-08 4.0249582867e-07 6.7420967298e-07 1.375529223e-06 
2.8975809983e-06 6.0423699324e-06 1.2362249436e-05 2.4764218324e-05 4.8540881835e-05 9.3065718829e-05 0.00017448006838 0.00031978994957 0.00057285814546 
0.0010027760873 0.001714974991 0.0028651056346 0.0046751024202 0.0074498909526 0.011591812596 0.017608184367 0.02610556595 0.037762794644 
0.053274508566 0.07325836271 0.09812310338 0.12790195644 0.1620656848 0.19934158027 0.23758985102 0.27390113473 0.30574819446 
0.33678889275 0.39612871408 0.56177031994 0.85883158445 0.4358035624 0.19000823796 0.083995528519 0.042414009571 0.024057870731 
0.014393652789 0.0088271405548 0.0056170397438 0.003928928636 0.0033947436605 0.0020144951995 0.0012650715653 0.00085384765407 0.00062844052445 
0.00048248859821 0.000365962449 0.00030937301926 0.00029946534778 0.00033068511402 0.00041091628373 0.00056779547594 0.00086511624977 0.0014370052377 
0.0025591575541 0.0048014111817 0.0093224951997 0.018447738141 0.036599926651 0.057959549129 0.082138583064 0.10606320947 0.12799084187 
0.13927437365 0.14098274708 0.13532692194 0.12435689569 0.1099749282 0.093915209174 0.077637560666 0.062247838825 0.048477802426 
0.03671598807 0.027070727199 0.019446909428 0.01362173073 0.0093096420169 0.00621171901 0.0040486007929 0.0025788762141 0.0016061693896 
0.00097853853367 0.000583405199 0.00034051737748 0.00019464726211 0.00010900683264 5.9828187659e-05 3.2192110666e-05 1.6987294657e-05 8.7935886768e-06 
4.4669582167e-06 2.2275094125e-06 1.0911202253e-06 5.2612995205e-07 2.5208362331e-07 1.2526646742e-07 7.5912268471e-08 3.8984103412e-07 6.5371210667e-07 
1.3351857433e-06 2.8152819596e-06 5.8758328123e-06 1.203130978e-05 2.4120010494e-05 4.7313478717e-05 9.0777743026e-05 0.00017030819436 0.00031234908965 
0.00055987277301 0.00098058930598 0.0016778223217 0.0028040481266 0.0045764725655 0.0072930688038 0.01134619303 0.017229389399 0.025531388819 
0.036910180002 0.052039809525 0.071523852646 0.095773048699 0.1248504892 0.15829582512 0.19495204091 0.23284590244 0.26934143901 
0.3028318882 0.34146901965 0.42960265279 0.65996128321 1.0053499937 0.64095395803 0.31117880344 0.12806585431 0.056480985135 
0.029540831223 0.017183283344 0.010423516855 0.0065680849366 0.0045479461551 0.0039059219416 0.0023104520515 0.0014481125399 0.00098485348281 
0.00075869553257 0.00071847630898 0.00052117242012 0.00044631698984 0.00043225495028 0.00046146512614 0.00053695467068 0.00068118196214 0.0009550054092 
0.0014968512114 0.0026049199514 0.0048983702436 0.0096872355789 0.019700685516 0.032896537334 0.043957851827 0.061503548175 0.083787582815 
0.11979273707 0.13481211662 0.13735024631 0.13192622364 0.12117983401 0.10710735619 0.091419458389 0.075536929071 0.060533151031 
0.047117479146 0.035665459931 0.026280108839 0.018866583705 0.013206032105 0.0090189138427 0.0060131340288 0.0039160819724 0.0024924622849 
0.0015510939993 0.00094422436086 0.0005625023623 0.0003280659439 0.00018739320512 0.00010487301915 5.752362631e-05 3.0935068935e-05 1.631635314e-05 
8.4431248979e-06 4.2877813939e-06 2.1378364181e-06 1.0471700307e-06 5.0499801318e-07 2.4202995519e-07 1.2033207497e-07 7.2965498532e-08 3.6988001284e-07 
6.2071558204e-07 1.2688169591e-06 2.6772740966e-06 5.5916002566e-06 1.1456960237e-05 2.2983882445e-05 4.5115186367e-05 8.6619234935e-05 0.00016262021381 
0.00029846379766 0.00053538067732 0.00093840889167 0.0016069115372 0.0026877035853 0.0043902108446 0.0070021757856 0.010903233662 0.016572214663 
0.024582665414 0.035579994321 0.050233371556 0.069156609476 0.092794984579 0.12127994746 0.1542609036 0.19073539972 0.2289390564 
0.26663121581 0.30382829905 0.35739022493 0.50951093435 1.0036879778 2.4907152653 1.3507738113 0.60843092203 0.22711159289 
0.087359979749 0.041348908097 0.02285871096 0.013473693281 0.0082883192226 0.0056070112623 0.0047392812558 0.0028107874095 0.0017937695375 
0.0012625131058 0.0010258863913 0.00104519655 0.00079973513493 0.00071329349885 0.0006932070828 0.00071729702177 0.00078562169801 0.00091241835617 
0.0011517747771 0.0016330874059 0.0026726056822 0.0049182460643 0.0095551107079 0.015030900016 0.02448086068 0.036735989153 0.053375065327 
0.075671605766 0.11373328418 0.12983350456 0.13276788592 0.12762020528 0.11722528934 0.10359224677 0.088395796716 0.073015831411 
0.058492198586 0.045511037111 0.034434735775 0.025361577049 0.018198292702 0.012731773779 0.0086904857308 0.0057911043987 0.0037695036735 
0.0023979374673 0.0014915353386 0.00090754940175 0.00054042704869 0.00031507521635 0.00017991800269 0.00010066637333 5.5208212871e-05 2.9688415452e-05 
1.5659716155e-05 8.1047455751e-06 4.1171747398e-06 2.0536704142e-06 1.0065318747e-06 4.8576657719e-07 2.330391311e-07 1.1600835137e-07 7.0434545307e-08 
3.4358609469e-07 5.7687668686e-07 1.1798512105e-06 2.490851557e-06 5.2049836086e-06 1.067064477e-05 2.1418869437e-05 4.2069274059e-05 8.0825026089e-05 
0.00015185134544 0.00027891734499 0.00050074601313 0.00087852426805 0.0015059206635 0.0025216701906 0.0041242544539 0.0065873949789 0.0102739539 
0.015644546598 0.023255864158 0.033742595464 0.047776453197 0.065996386111 0.088905841112 0.11673716456 0.14928899705 0.18575489521 
0.22460708022 0.26391401887 0.3044436276 0.36700865626 0.55949366093 1.249558568 3.3310546875 2.3268845081 1.0227826834 
0.36429315805 0.12918533385 0.058434192091 0.03122388944 0.017847318202 0.010672613047 0.0070196301676 0.0058095841669 0.0035023074597 
0.0023348696996 0.0017471984029 0.0015220454661 0.0015876264079 0.0013219326502 0.0012281329837 0.0011847589631 0.0011837776983 0.0012337404769 
0.0013457500609 0.0015865250025 0.0019950820133 0.0029465472326 0.0052045639604 0.0077120643109 0.012708419934 0.021192485467 0.033643789589 
0.050515390933 0.072748407722 0.10943521559 0.1247799471 0.12756383419 0.1226298362 0.11264812946 0.099541805685 0.084926962852 
0.070135749876 0.056170713156 0.043692328036 0.033048599958 0.024333000183 0.017454698682 0.012207751162 0.0083303302526 0.0055495942943 
0.0036114333197 0.0022969250567 0.0014284922509 0.00086911278777 0.000517529028 0.00030174374115 0.00017233123071 9.644558304e-05 5.2912419051e-05 
2.8467440643e-05 1.5024775166e-05 7.7818895079e-06 3.9566584746e-06 1.9756450911e-06 9.6944825145e-07 4.685153101e-07 2.2512931253e-07 1.1229248997e-07 
6.8310725965e-08 3.1237593134e-07 5.2461069799e-07 1.0732991313e-06 2.2666990844e-06 4.7384646678e-06 9.7186457424e-06 1.9518047338e-05 3.835841926e-05 
7.3744900874e-05 0.00013865459186 0.00025489708059 0.0004580693203 0.00080454535782 0.0013808620861 0.0023156255484 0.0037936088629 0.0060710096732 
0.0094898575917 0.014488396235 0.02160304226 0.031456403434 0.044725131243 0.062081266195 0.084101691842 0.11114278436 0.14318233728 
0.17964142561 0.21923978627 0.26019871235 0.30270934105 0.36308583617 0.53062713146 1.1352882385 3.1057841778 3.0008985996 
1.0353190899 0.3860231638 0.17468479276 0.0786004439 0.041091840714 0.02294283174 0.013413486071 0.008584279567 0.0068442001939 
0.0043303980492 0.0031214193441 0.0025586099364 0.0025401783641 0.0023423954844 0.0022908889223 0.0022128606215 0.0020839800127 0.0019801396411 
0.0019550572615 0.0020543935243 0.0025537516922 0.0029345161747 0.0037391621154 0.0053250752389 0.007300761994 0.011988162994 0.020388158038 
0.033431395888 0.051392912865 0.073689855635 0.10674373806 0.11986673623 0.12201540917 0.11718484014 0.10761915147 0.095079787076 
0.081102088094 0.066960632801 0.053614277393 0.041693534702 0.031529478729 0.02320975624 0.01664612256 0.01164072752 0.0079427687451 
0.0052912808023 0.003443475347 0.0021903505549 0.00136247708 0.00082918349653 0.00049394054804 0.0002881307737 0.00016465551744 9.221646178e-05 
5.063532808e-05 2.726925959e-05 1.4408652532e-05 7.4723061516e-06 3.8046775899e-06 1.9027654616e-06 9.3531673429e-07 4.5289471018e-07 2.1810151907e-07 
1.0906769177e-07 6.6512988894e-08 2.77942803e-07 4.668060285e-07 9.5515508747e-07 2.0176066755e-06 4.2189735723e-06 8.6564650701e-06 1.7393163944e-05 
3.4202301322e-05 6.580036279e-05 0.00012381887063 0.00022784271277 0.00040991054266 0.00072090292815 0.001239193487 0.0020817590412 0.0034175843466 
0.0054826140404 0.0085946945474 0.013165942393 0.019708817825 0.028831042349 0.041213389486 0.05756355077 0.078538909554 0.10463190079 
0.13601474464 0.17234899104 0.21259129047 0.25495404005 0.29788529873 0.34598067403 0.43185079098 0.65393990278 1.1137136221 
1.0879670382 0.58415096998 0.31850162148 0.18815375865 0.092946946621 0.049688972533 0.027699727565 0.016092281789 0.010059657507 
0.0070784166455 0.0052337790839 0.0042565544136 0.0038590950426 0.0038723109756 0.0040689087473 0.0042315060273 0.0041160127148 0.0037135146558 
0.0032815989107 0.0029846087564 0.0028852156829 0.003291530069 0.0035236550029 0.0041700676084 0.0056603904814 0.0085152089596 0.012765932828 
0.0216789525 0.03603888303 0.055969852954 0.078705921769 0.10516864806 0.11498038471 0.11627052724 0.11147575825 0.10229638964 
0.090324193239 0.077006444335 0.063551075757 0.050865333527 0.039543863386 0.02989702858 0.02200473845 0.015780759975 0.011035725474 
0.0075307306834 0.0050177741796 0.0032664458267 0.0020785748493 0.0012936084531 0.00078776455484 0.00046961914632 0.00027418375248 0.00015684383106 
8.7942520622e-05 4.8350982979e-05 2.6076515496e-05 1.3800294255e-05 7.1692384154e-06 3.6572469071e-06 1.8327546059e-06 9.0287363719e-07 4.3821930262e-07 
2.1158784591e-07 1.0612894386e-07 6.4904469355e-08 2.4206408966e-07 4.0649385369e-07 8.3170965581e-07 1.7569986994e-06 3.6747894683e-06 7.5424109127e-06 
1.5161695046e-05 2.9832059226e-05 5.7435354393e-05 0.00010817623115 0.00019927525136 0.00035898035276 0.00063230330124 0.0010888691759 0.0018331455067 
0.0030170544051 0.0048545263708 0.0076369117014 0.011747330427 0.017670987174 0.025997281075 0.037408020347 0.052644379437 0.072443403304 
0.097433574498 0.12798020244 0.16397802532 0.20460797846 0.2481340766 0.2920447588 0.33469992876 0.3812264204 0.45139172673 
0.54849666357 0.53087830544 0.39815169573 0.28930959105 0.1986952424 0.10336931795 0.056234944612 0.031615704298 0.018591655418 
0.011807659641 0.0084007037804 0.0067190285772 0.0060279564932 0.0060188681819 0.0065281819552 0.007334056776 0.0079744933173 0.0077724554576 
0.006687332876 0.0054577258416 0.0045151691884 0.0039110006765 0.0036398642696 0.0036379809026 0.0041245752946 0.0055663241073 0.0095024444163 
0.015648651868 0.026307780296 0.043451368809 0.065626494586 0.086765311658 0.10226289928 0.10976078361 0.11047060043 0.10567188263 
0.096815213561 0.085376501083 0.072714276612 0.059960331768 0.047961257398 0.03726888448 0.02816824615 0.020728809759 0.014865249395 
0.010396553203 0.0070962272584 0.0047299992293 0.0030806565192 0.0019615991041 0.0012217552867 0.0007446903619 0.00044441156206 0.00025977942278 
0.00014880514937 8.3560538769e-05 4.6017616114e-05 2.486273479e-05 1.3183515875e-05 6.8631125032e-06 3.5088680761e-06 1.7625421833e-06 8.704473089e-07 
4.2359863528e-07 2.0511801324e-07 1.0321825528e-07 6.331507052e-08 2.0641741116e-07 3.4653328385e-07 7.0889433346e-07 1.4975317981e-06 3.1325744203e-06 
6.4314790507e-06 1.2934501683e-05 2.5465978979e-05 4.9069487432e-05 9.2513924756e-05 0.00017063567066 0.00030785045237 0.00054321950302 0.00093746552011 
0.001582270721 0.0026120194234 0.0042178449221 0.0066633620299 0.010300816968 0.015585443005 0.023084549233 0.033475980163 0.047527950257 
0.066048786044 0.089791588485 0.1192972213 0.15466426313 0.19525404274 0.2393848896 0.28416964412 0.32588070631 0.36154332757 
0.39111980796 0.41191884875 0.39834946394 0.34800705314 0.28388690948 0.20599159598 0.11034245044 0.060981936753 0.034832052886 
0.021060191095 0.013974015601 0.010525082238 0.0090821171179 0.0088528553024 0.0095361545682 0.011036019772 0.013146840036 0.015000901185 
0.014597495086 0.012046549469 0.0092472434044 0.0071697914973 0.0058690882288 0.0051872911863 0.0050378972664 0.005451104138 0.0066293203272 
0.009202407673 0.01396035403 0.022937774658 0.041866954416 0.06505702436 0.08494476229 0.098295517266 0.1046860218 0.10483635962 
0.099913530052 0.091278932989 0.080315105617 0.068284697831 0.056232202798 0.044933728874 0.034890830517 0.026358125731 0.019391642883 
0.013905470259 0.0097265355289 0.0066409395076 0.0044286507182 0.0028862566687 0.0018393100472 0.001146707451 0.00069974182406 0.00041812896961 
0.00024477147963 0.00014043400006 7.8998637036e-05 4.3588341214e-05 2.3598508051e-05 1.254050494e-05 6.5434705903e-06 3.3535809507e-06 1.6888211576e-06 
8.3624883018e-07 4.080851852e-07 1.9819454167e-07 1.0006436924e-07 6.1566929332e-08 1.7243235106e-07 2.8935900787e-07 5.9175636125e-07 1.2499735931e-06 
2.6150141821e-06 5.3704752645e-06 1.0805986676e-05 2.1290059522e-05 4.1060666263e-05 7.7504198998e-05 0.00014315600856 0.00025872295373 0.00045748788398 
0.00079149252269 0.0013398848241 0.0022197368089 0.0035994637292 0.005714665167 0.0088857328519 0.013535754755 0.020205922425 0.029563456774 
0.04239339754 0.059560593218 0.081921882927 0.11016391963 0.14454486966 0.18453872204 0.22843283415 0.27302187681 0.31367489696 
0.34517988563 0.36353117228 0.36733388901 0.35625082254 0.32509046793 0.27488332987 0.20558394492 0.11593867093 0.06490880996 
0.037800889462 0.023791020736 0.016811909154 0.013657391071 0.012712016702 0.013242612593 0.015057530254 0.018285993487 0.023003621027 
0.028050960973 0.026599466801 0.021091463044 0.015592505224 0.01176579576 0.0095034940168 0.0083837592974 0.0081410221756 0.0086135538295 
0.0097269173712 0.011834467761 0.015754647553 0.023105435073 0.037312369794 0.063960649073 0.083108663559 0.094988331199 0.10014410317 
0.099514998496 0.094285339117 0.085750773549 0.075191549957 0.063760124147 0.05240084976 0.041809290648 0.032429467887 0.024480728433 
0.018002742901 0.012907494791 0.0090292897075 0.0061668371782 0.0041146599688 0.0026835785247 0.001711725723 0.0010683451546 0.00065275921952 
0.00039062098949 0.00022903781792 0.00013163992844 7.4193922046e-05 4.1021663492e-05 2.2257585442e-05 1.185525889e-05 6.2008816712e-06 3.1859924547e-06 
1.6085951984e-06 7.9865554881e-07 3.908193662e-07 1.9036640708e-07 9.642169374e-08 5.9499154048e-08 1.4119621028e-07 2.3682017058e-07 4.8412556453e-07 
1.0224905509e-06 2.1393145744e-06 4.3949135033e-06 8.8478336693e-06 1.7445694539e-05 3.3681313653e-05 6.365957961e-05 0.00011777742475 0.00021328384173 
0.00037805276224 0.00065595895285 0.0011142818257 0.0018535597483 0.0030202553608 0.0048224418424 0.0075483983383 0.011587325484 0.017450075597 
0.025785261765 0.037381719798 0.053141418844 0.07399827987 0.10074991733 0.13376900554 0.1725807339 0.21534968913 0.25842365623 
0.29622575641 0.32193604112 0.32964369655 0.31902724504 0.31176385283 0.28931540251 0.24972331524 0.19471804798 0.12971760333 
0.068922758102 0.040657218546 0.027025461197 0.020638477057 0.018168911338 0.018091917038 0.019813345745 0.023353077471 0.029299065471 
0.038906056434 0.054336797446 0.047348417342 0.035456422716 0.025635257363 0.019374603406 0.015866253525 0.014255590737 0.014101599343 
0.015027311631 0.01633076556 0.018264058977 0.021639565006 0.027980087325 0.04040877521 0.066113702953 0.083084277809 0.092786215246 
0.096244908869 0.09453009814 0.088799342513 0.080248378217 0.070029601455 0.05916711688 0.048492219299 0.038610909134 0.029903613031 
0.022550504655 0.016572561115 0.011878467165 0.0083094257861 0.0056767170317 0.0037896065041 0.0024734302424 0.0015792022459 0.00098677969072 
0.00060373789165 0.00036183811608 0.00021252050647 0.00012237217743 6.9107649324e-05 3.8290367229e-05 2.0822020815e-05 1.1116505448e-05 5.8285509112e-06 
3.0021535622e-06 1.5196409322e-06 7.5645220932e-07 3.711528791e-07 1.8129152579e-07 9.2103086047e-08 5.6988874064e-08 1.1341776229e-07 1.901195219e-07 
3.8848912709e-07 8.2038297933e-07 1.7166439648e-06 3.5278662835e-06 7.1066747296e-06 1.4025056771e-05 2.710948138e-05 5.1316121244e-05 9.5119205071e-05 
0.00017264696362 0.00030686837272 0.00053420697805 0.00091102777515 0.0015225040261 0.0024944054894 0.0040083331987 0.0063207433559 0.0097855906934 
0.014879114926 0.022222606465 0.032593939453 0.046910561621 0.066155329347 0.091205246747 0.12251845002 0.15965184569 0.20063741505 
0.24134857953 0.27511027455 0.29286053777 0.28354468942 0.23191656172 0.24393476546 0.23040053248 0.20204095542 0.16261458397 
0.11612473428 0.065999485552 0.042349014431 0.03092896007 0.025885177776 0.024581588805 0.025853043422 0.029346397147 0.035340521485 
0.044922463596 0.060566820204 0.087658420205 0.085650160909 0.058914456517 0.041597638279 0.031835500151 0.026669558138 0.024523191154 
0.024951914325 0.027785560116 0.029762983322 0.03163311258 0.034475501627 0.039686106145 0.04990337044 0.071977213025 0.08501354605 
0.091584712267 0.092841535807 0.089769765735 0.083391234279 0.074746064842 0.06482937187 0.05452028662 0.044527173042 0.03536035493 
0.027332888916 0.020583564416 0.015113442205 0.010827313177 0.0075730718672 0.0051745865494 0.0034559876658 0.0022572942544 0.0014425725676 
0.00090245169122 0.00055289268494 0.00033187383087 0.0001952524326 0.00011263648048 6.3735344156e-05 3.5387631215e-05 1.9285709641e-05 1.0319710782e-05 
5.4234396885e-06 2.8001641112e-06 1.4208324046e-06 7.0899909588e-07 3.4873420418e-07 1.7078018288e-07 8.700298082e-08 5.3965855784e-08 8.9442906415e-08 
1.4984131269e-07 3.0605062307e-07 6.4621281126e-07 1.3524048654e-06 2.7805203899e-06 5.6052172113e-06 1.1073270798e-05 2.1432968424e-05 4.064093082e-05 
7.5492418546e-05 0.00013737827248 0.00024494054378 0.00042798140203 0.00073307467392 0.001231436152 0.0020297202282 0.0032844985835 0.0052211303264 
0.0081573566422 0.012530763634 0.018926514313 0.028096439317 0.040951561183 0.058497402817 0.081667356193 0.1110015884 0.14613242447 
0.18508967757 0.2235416919 0.2542154789 0.26682522893 0.24857114255 0.18353532255 0.16312864423 0.14802244306 0.13003745675 
0.10794004798 0.083313412964 0.059594795108 0.044590882957 0.036549888551 0.03334897384 0.033643182367 0.036822326481 0.042841430753 
0.052240200341 0.066578134894 0.089635059237 0.13039593399 0.1313367039 0.096093840897 0.067941822112 0.05276119709 0.044810105115 
0.041728358716 0.043376702815 0.053980659693 0.057484749705 0.0592119582 0.061410669237 0.065323963761 0.071952864528 0.081532806158 
0.088175393641 0.090803876519 0.089552126825 0.085005953908 0.077938281 0.06918913871 0.059577513486 0.049829229712 0.040526010096 
0.032081004232 0.024739436805 0.01859873347 0.013640258461 0.0097651295364 0.0068281237036 0.0046658278443 0.0031173333991 0.0020374027081 
0.0013032001443 0.00081616593525 0.00050068285782 0.00030098139541 0.00017736855079 0.00010250214837 5.8111254475e-05 3.2329684473e-05 1.7655975171e-05 
9.4679935501e-06 4.9867776397e-06 2.5804558845e-06 1.3122904647e-06 6.563103625e-07 3.2354910218e-07 1.5881569482e-07 8.1108019856e-08 5.041940554e-08 
6.9308249806e-08 1.1604325323e-07 2.3692336981e-07 5.0021782272e-07 1.0471084124e-06 2.1539849513e-06 4.34587173e-06 8.5955571194e-06 1.666296339e-05 
3.1657651562e-05 5.8946192439e-05 0.00010757773271 0.00019246809825 0.00033766831621 0.00058115302818 0.00098170107231 0.0016286058817 0.0026551168412 
0.0042565884069 0.0067140622996 0.010423003696 0.015924297273 0.023929357529 0.035322077572 0.051107086241 0.072258502245 0.099414102733 
0.13237002492 0.16938085854 0.20636735857 0.23626305163 0.24883055687 0.2310782671 0.1670768857 0.14035156369 0.12362660468 
0.10897096992 0.093652784824 0.077555790544 0.062451861799 0.051709685475 0.045839563012 0.044252578169 0.046392057091 0.052082762122 
0.061561767012 0.075576134026 0.096057184041 0.12822045386 0.18597523868 0.19217856228 0.16152018309 0.11314188689 0.089602805674 
0.075465343893 0.069027386606 0.069317653775 0.080488495529 0.082171455026 0.081918090582 0.082048341632 0.083274245262 0.085737846792 
0.088804267347 0.090363487601 0.089427128434 0.085853889585 0.079962052405 0.072301864624 0.06351968646 0.054262634367 0.045107454062 
0.036513492465 0.02880054526 0.022149244323 0.016618132591 0.012170598842 0.0087051913142 0.0060841720551 0.0041571198963 0.0027781382669 
0.0018166869413 0.0011629426153 0.00072906777496 0.00044779709424 0.00026956482907 0.00015910041111 9.2099078756e-05 5.2306706493e-05 2.9154931326e-05 
1.5953113689e-05 8.5718875198e-06 4.5239403335e-06 2.3457293992e-06 1.1953524108e-06 5.9903936744e-07 2.9591353723e-07 1.4555067196e-07 7.4495325464e-08 
4.6397143905e-08 5.2815458673e-08 8.8384545904e-08 1.8039681038e-07 3.8088293763e-07 7.9758001448e-07 1.6417770894e-06 3.3157591588e-06 6.5670533331e-06 
1.2752875591e-05 2.4281662263e-05 4.533171159e-05 8.2992803073e-05 0.00014903878036 0.00026262365282 0.0004543075629 0.00077197211795 0.0012893789681 
0.0021183434874 0.0034256586805 0.005455785431 0.0085595333949 0.013226634823 0.020115334541 0.030063416809 0.044052518904 0.063082762063 
0.087905190885 0.11856862158 0.15378369391 0.1901987046 0.22180078924 0.23971602321 0.23213985562 0.18149790168 0.1585264802 
0.13826057315 0.12345775962 0.10934105515 0.093882292509 0.077974081039 0.066562727094 0.06077844277 0.060183059424 0.064321167767 
0.073207631707 0.087313488126 0.10755588859 0.13602143526 0.17884667218 0.25488454103 0.26631340384 0.23706820607 0.19512821734 
0.16023632884 0.13157525659 0.10989107192 0.11054100096 0.10687868297 0.10264839232 0.099110163748 0.096530131996 0.094829283655 
0.093714609742 0.092577151954 0.090454593301 0.086756646633 0.081348218024 0.074425347149 0.066382303834 0.057705648243 0.048891078681 
0.040380828083 0.032523009926 0.025552779436 0.019592696801 0.014667073265 0.010724415071 0.0076625379734 0.0053521362133 0.0036561237648 
0.0024436202366 0.0015986055369 0.0010240331758 0.00064256519545 0.00039510263014 0.00023814701126 0.00014075680519 8.1606005551e-05 4.6423261665e-05 
2.5919996915e-05 1.4208152606e-05 7.6481055657e-06 4.0437826101e-06 2.1006003408e-06 1.0723855439e-06 5.3838249414e-07 2.6642439366e-07 1.3128239118e-07 
6.7319327002e-08 4.1996681688e-08 3.9610839053e-08 6.6261762299e-08 1.3522002007e-07 2.8554592291e-07 5.9823707943e-07 1.2324574072e-06 2.4920191208e-06 
4.9432501328e-06 9.6183248388e-06 1.8357328372e-05 3.4370103094e-05 6.3138562837e-05 0.00011383609672 0.00020151954959 0.00035046061384 0.00059913826408 
0.0010076193139 0.0016683017602 0.0027212125715 0.0043750684708 0.0069347186945 0.010833722539 0.016666665673 0.025208259001 0.037395041436 
0.054232332855 0.076580703259 0.10478498042 0.13815200329 0.17437472939 0.20913557708 0.23627763987 0.24912956357 0.24389319122 
0.23185773194 0.19169008732 0.17503617704 0.15954872966 0.13809517026 0.10987859219 0.091871291399 0.083775438368 0.08355474472 
0.089967191219 0.10293395072 0.12326675653 0.15248765051 0.19293789566 0.25026121736 0.33505615592 0.34406670928 0.30937030911 
0.26069059968 0.21581326425 0.17950478196 0.15432801843 0.13747563958 0.12542909384 0.11666606367 0.11008603871 0.10494311899 
0.10067168623 0.096786521375 0.092781685293 0.08813521266 0.082518577576 0.075861021876 0.068309187889 0.060154665262 0.051760569215 
0.043497275561 0.035692423582 0.028598438948 0.022377824411 0.017103979364 0.012773201801 0.0093231303617 0.0066531812772 0.0046436055563 
0.0031709917821 0.0021193625871 0.0013868870446 0.00088890537154 0.00055821071146 0.00034356923425 0.00020732141274 0.0001226937602 7.1232447226e-05 
4.0581915528e-05 2.2693518986e-05 1.2459321624e-05 6.7175701588e-06 3.5575574202e-06 1.8510177142e-06 9.4648271443e-07 4.7592132546e-07 2.3587944042e-07 
1.1641199649e-07 5.9790366436e-08 3.7351853166e-08 2.9257822831e-08 4.893285066e-08 9.9859072122e-08 2.1094717795e-07 4.4224623252e-07 9.1201542318e-07 
1.8466140546e-06 3.6694202663e-06 7.1552035479e-06 1.3691800632e-05 2.5713805371e-05 4.7406410886e-05 8.5826213763e-05 0.00015265641559 0.00026691629319 
0.00045909185428 0.00077735458035 0.001296789269 0.0021328008734 0.003459983971 0.0055373692885 0.0087395571172 0.013589904644 0.020785767585 
0.031196361408 0.045802891254 0.065543450415 0.091032788157 0.1221639365 0.15767598152 0.19488659501 0.22990201414 0.25862658024 
0.27860412002 0.29035654664 0.28941613436 0.28453975916 0.26902380586 0.2333471328 0.1629782021 0.13083937764 0.11861614138 
0.11879552901 0.12820804119 0.14645385742 0.17536526918 0.21932521462 0.28521189094 0.3822222054 0.42695644498 0.41583326459 
0.36791011691 0.30809384584 0.25285947323 0.20833905041 0.17543017864 0.15196122229 0.13549436629 0.12369030714 0.1148173213 
0.10767702758 0.10146894306 0.095640063286 0.089770197868 0.083537459373 0.076762750745 0.069428950548 0.0616597794 0.053676556796 
0.04574842006 0.038145653903 0.031102471054 0.024792931974 0.01932046935 0.014719376341 0.010964922607 0.0079883057624 0.0056930393912 
0.0039700283669 0.002709759865 0.0018108754884 0.0011852275347 0.00075998483226 0.00047756434651 0.00029418015038 0.00017769554688 0.00010527954873 
6.1197446485e-05 3.4910513932e-05 1.9548742785e-05 1.0747835404e-05 5.8030550463e-06 3.0776222957e-06 1.6035689896e-06 8.2109386312e-07 4.1343218982e-07 
2.051801431e-07 1.0139525841e-07 5.2148561025e-08 3.261605741e-08 2.1295434749e-08 3.5616501748e-08 7.2702839304e-08 1.5366809691e-07 3.224467946e-07 
6.6577109692e-07 1.3501490912e-06 2.68812596e-06 5.2540581237e-06 1.0081826076e-05 1.8995342543e-05 3.5150253098e-05 6.3906169089e-05 0.00011420957162 
0.000200757524 0.00034734391375 0.00059197400697 0.00099457334727 0.0016483766958 0.0026962563861 0.0043530766852 0.0069341808558 0.010887610726 
0.016822870821 0.025521600619 0.037906713784 0.05494049564 0.077427342534 0.10572420061 0.13941818476 0.17710873485 0.2164889276 
0.25485911965 0.28986009955 0.31953263283 0.3406586349 0.35148718953 0.34584891796 0.31257024407 0.23048886657 0.18709127605 
0.17244653404 0.17476452887 0.18870142102 0.21351461112 0.25354379416 0.32391884923 0.44228756428 0.50096267462 0.5080344677 
0.47023162246 0.4055737555 0.33473986387 0.27134767175 0.22078537941 0.18324682117 0.1565079689 0.1376863867 0.12414072454 
0.11385272443 0.10543832183 0.098010703921 0.091014243662 0.084096267819 0.077040925622 0.069752573967 0.06224681437 0.05463103205 
0.047074709088 0.03977509588 0.032924372703 0.026683406904 0.021164938807 0.016426920891 0.012474663556 0.0092693511397 0.0067400806583 
0.0047967555001 0.0033418429084 0.0022797212005 0.0015231558355 0.00099698407575 0.00063948502066 0.0004020575434 0.00024784370908 0.00014983506117 
8.8859786047e-05 5.1708262617e-05 2.9531069231e-05 1.6556165065e-05 9.1136644187e-06 4.9268064686e-06 2.6161328606e-06 1.3647738797e-06 6.9965301464e-07 
3.5269235354e-07 1.7523247209e-07 8.6692089951e-08 4.4637147312e-08 2.7945095127e-08 1.5279931986e-08 2.5562707506e-08 5.2208488199e-08 1.1044026138e-07 
2.3199876864e-07 4.7970706873e-07 9.7455233572e-07 1.9444762529e-06 3.8101561586e-06 7.3325477388e-06 1.3861515981e-05 2.5747000109e-05 4.7007582907e-05 
8.4401763161e-05 0.00014912290499 0.0002594513353 0.00044485705439 0.00075226096669 0.001255411189 0.0020685347263 0.0033653944265 0.0054042679258 
0.00855759345 0.013341501355 0.020434809849 0.030670169741 0.044974774122 0.064240500331 0.089121125638 0.11979121715 0.15574979782 
0.19577951729 0.23812010884 0.28071865439 0.32117190957 0.35621806979 0.38203594089 0.3930581212 0.38212385774 0.3422922492 
0.27488481998 0.26142328978 0.2700624764 0.29127633572 0.32340610027 0.37492069602 0.49113723636 0.56417578459 0.58510702848 
0.55858832598 0.49700942636 0.41864442825 0.34037381411 0.27272117138 0.2195956558 0.1804728359 0.1527120024 0.13315366209 
0.11900086701 0.1081495285 0.099182128906 0.091216206551 0.083730496466 0.076429344714 0.069160923362 0.061876464635 0.054607488215 
0.047445517033 0.040519446135 0.033971305937 0.02793363668 0.022511662915 0.017772335559 0.013740605675 0.01040207129 0.0077101374045 
0.0055955797434 0.0039765741676 0.0027676778845 0.0018868666375 0.0012602997012 0.00082491338253 0.00052922969917 0.00033287637052 0.00020531780319 
0.00012421557039 7.3727576819e-05 4.2942181608e-05 2.4548808142e-05 1.3777063941e-05 7.5918278526e-06 4.1084576878e-06 2.1838889097e-06 1.1404620182e-06 
5.852476761e-07 2.9530755796e-07 1.4685869587e-07 7.2721626054e-08 3.7478624648e-08 2.3481941724e-08 1.0810546236e-08 1.8095940746e-08 3.6989909802e-08 
7.8332135445e-08 1.647733967e-07 3.4126929904e-07 6.9468137553e-07 1.3892766901e-06 2.7295197924e-06 5.2687946663e-06 9.9939697975e-06 1.8633039872e-05 
3.4159580537e-05 6.1608116084e-05 0.00010937589832 0.00019127801352 0.00032975635258 0.00056082382798 0.00094154581893 0.0015610709088 0.0025562804658 
0.0041327895597 0.0065908534452 0.010353267193 0.015988219529 0.024214806035 0.035874322057 0.051850777119 0.072933994234 0.099641479552 
0.13204446435 0.16966101527 0.21145232022 0.25586950779 0.30080965161 0.34345531464 0.38032180071 0.40731409192 0.42061123252 
0.41958343983 0.41192808747 0.42174902558 0.44630095363 0.48080483079 0.52146595716 0.56625509262 0.61555850506 0.63980513811 
0.62389796972 0.57068884373 0.49328118563 0.40768647194 0.32721343637 0.25965446234 0.20742842555 0.16931581497 0.14238351583 
0.1233946979 0.10957988352 0.098899759352 0.090005978942 0.082078762352 0.074653364718 0.067485682666 0.060466684401 0.053573995829 
0.046844113618 0.040352437645 0.034195255488 0.028472410515 0.023271929473 0.018658388406 0.014666177332 0.011297944002 0.0085274502635 
0.006305531133 0.0045676254667 0.0032414500602 0.0022537468467 0.0015354736242 0.0010252232896 0.00067098066211 0.00043052641558 0.00027087837225 
0.00016715594393 0.00010118838691 6.0101901909e-05 3.5033193853e-05 2.0044159101e-05 1.1258796803e-05 6.2096669353e-06 3.3634842111e-06 1.7894759594e-06 
9.3530297818e-07 4.8036872613e-07 2.4258167741e-07 1.2073030575e-07 5.9827904408e-08 3.0856519118e-08 1.9344971847e-08 7.5421224821e-09 1.2636033553e-08 
2.5859547392e-08 5.4836284846e-08 1.155339362e-07 2.3973598218e-07 4.8906019856e-07 9.8047792108e-07 1.9317089937e-06 3.7403085571e-06 7.1188028414e-06 
1.3321486222e-05 2.4518907594e-05 4.4407413952e-05 7.9188910604e-05 0.00013912800932 0.00024099914299 0.00041188305477 0.00069495587377 0.0011581062572 
0.0019063215004 0.0030986298807 0.0049696532078 0.0078541710973 0.012210180983 0.018632052466 0.027841513976 0.040643118322 0.057835709304 
0.080084331334 0.10777550936 0.14089205861 0.17893613875 0.22089608014 0.26521962881 0.30979788303 0.35207781196 0.38939985633 
0.4198731482 0.44406968355 0.46690452099 0.49658083916 0.53360539675 0.57451099157 0.61409163475 0.6460865736 0.66325592995 
0.65449088812 0.61345344782 0.54523986578 0.46179550886 0.3762948215 0.29903075099 0.23559857905 0.18721285462 0.15217627585 
0.12749385834 0.11006274819 0.097306281328 0.08736461401 0.079029321671 0.071580469608 0.064622536302 0.057959206402 0.051512319595 
0.045274235308 0.039280161262 0.033589951694 0.028273764998 0.023399699479 0.019023489207 0.01518118009 0.011885353364 0.0091249514371 
0.0068681035191 0.0050670295022 0.0036638758611 0.0025965105742 0.0018035041867 0.0012278815266 0.00081951532047 0.00053626403678 0.00034410311491 
0.00021655039745 0.00013367956853 8.0962388893e-05 4.8116082326e-05 2.8064780054e-05 1.6068344848e-05 9.0321382231e-06 4.9852719712e-06 2.7022945233e-06 
1.4387567262e-06 7.525288197e-07 3.8676071767e-07 1.9543739427e-07 9.7326896764e-08 4.8258751661e-08 2.4904085905e-08 1.5620669203e-08 5.1882640406e-09 
8.7028269036e-09 1.7836908839e-08 3.7885730109e-08 7.9967534816e-08 1.6627946309e-07 3.4000160554e-07 6.8341483939e-07 1.3502999536e-06 2.6226994123e-06 
5.0084668146e-06 9.4059287221e-06 1.7377315089e-05 3.1596180634e-05 5.6570075685e-05 9.9794189737e-05 0.0001735718979 0.00029785110382 0.00050457124598 
0.0008441771497 0.0013950758148 0.0022767663468 0.0036669482943 0.0058218524791 0.0090970518067 0.013963207603 0.021008115262 0.030914735049 
0.044406645 0.062159430236 0.084688030183 0.11223103851 0.14465597272 0.18140089512 0.22145748138 0.26341220737 0.30559760332 
0.34641939402 0.38494122028 0.42165634036 0.45882406831 0.49911141396 0.54191029072 0.58350819349 0.61809921265 0.63878077269 
0.63877248764 0.61296617985 0.56105589867 0.48956492543 0.40901142359 0.33004662395 0.26053693891 0.20439513028 0.1620041132 
0.13147836924 0.10999848694 0.094777338207 0.083556495607 0.074733927846 0.067284666002 0.060608778149 0.054385084659 0.048461254686 
0.042782463133 0.037349063903 0.032191894948 0.027356781065 0.022893400863 0.018846493214 0.015249132179 0.012118315324 0.0094530954957 
0.007235204801 0.0054316781461 0.0039987908676 0.0028865369968 0.002042922657 0.0014175900724 0.0009644733509 0.00064343301347 0.00042095367098 
0.00027010703343 0.00017000718799 0.00010497635958 6.3602470618e-05 3.7816495023e-05 2.2068858016e-05 1.2642572983e-05 7.1107024269e-06 3.9271153582e-06 
2.1300022581e-06 1.1347292457e-06 5.9384967699e-07 3.0537401585e-07 1.5439007939e-07 7.6922191283e-08 3.8158365356e-08 1.9700237885e-08 1.2360956703e-08 
3.5183627123e-09 5.910637757e-09 1.2136092131e-08 2.5825967143e-08 5.4624290868e-08 1.138389365e-07 2.3335049093e-07 4.7030937367e-07 9.3195251338e-07 
1.8157782051e-06 3.4789359233e-06 6.5559188442e-06 1.2154868273e-05 2.2180040105e-05 3.9854290662e-05 7.0555266575e-05 0.00012313753541 0.00021199643379 
0.0003602389188 0.00060445448617 0.0010016880697 0.0016392286634 0.0026476019993 0.0042164898477 0.0066120126285 0.010191824287 0.015412173234 
0.022819263861 0.033017501235 0.046610727906 0.064119681716 0.08588770777 0.11199358851 0.1421918124 0.17589984834 0.21225145459 
0.25023937225 0.28896009922 0.32793903351 0.36739745736 0.40810284019 0.45038759708 0.49259313941 0.5307585597 0.55924600363 
0.57192283869 0.56374770403 0.53257977962 0.48066264391 0.41465646029 0.34348228574 0.27556985617 0.21682192385 0.16990713775 
0.13472555578 0.10946319252 0.091661378741 0.078971393406 0.069526933134 0.06202339381 0.055637333542 0.049894303083 0.044545985758 
0.03947918117 0.034657031298 0.030083969235 0.025785405189 0.021795248613 0.01814754121 0.014870366082 0.011981549673 0.0094861406833 
0.007375726942 0.0056294244714 0.004216175992 0.0030978582799 0.0022326475009 0.0015781632392 0.0010940545471 0.0007438462344 0.00049602368381 
0.00032443457167 0.00020815996686 0.00013102668163 8.09219855e-05 4.9042526371e-05 2.916997073e-05 1.7029977244e-05 9.7603506219e-06 5.4922165873e-06 
3.034714382e-06 1.6467663499e-06 8.7770098389e-07 4.5954104166e-07 2.3640765789e-07 1.1956848311e-07 5.9593972423e-08 2.9571983973e-08 1.5271849563e-08 
9.5845944514e-09 2.3513375691e-09 3.9572261024e-09 8.142302832e-09 1.7363998239e-08 3.6809048254e-08 7.6896689905e-08 1.5803443887e-07 3.1939634937e-07 
6.347684689e-07 1.2405744201e-06 2.3844911539e-06 4.5082351789e-06 8.3861204985e-06 1.5353267372e-05 2.7676036552e-05 4.9145379307e-05 8.6015134002e-05 
0.00014846638078 0.00025285777519 0.00042511610081 0.00070570968091 0.0011566835456 0.0018711204175 0.0029849992134 0.0046906014904 0.0072492919862 
0.010999810882 0.016356691718 0.023792915046 0.033802561462 0.046843484044 0.063266612589 0.083245448768 0.10672451556 0.13340750337 
0.16280293465 0.1943359971 0.22751252353 0.26208084822 0.29807177186 0.33553484082 0.37386909127 0.41101765633 0.44323918223 
0.46562662721 0.47324955463 0.46263545752 0.4331638515 0.38775989413 0.33233785629 0.2740739584 0.21940933168 0.17265406251 
0.1355856061 0.10788867623 0.087997280061 0.073916271329 0.063786737621 0.056154198945 0.050014328212 0.044740807265 0.039977900684 
0.035543303937 0.031357076019 0.027395986021 0.023666294292 0.020188009366 0.016985427588 0.014081073925 0.011491579004 0.0092250173911 
0.0072795907035 0.0056436047889 0.004296544008 0.0032110023312 0.0023550696205 0.0016948261764 0.0011966020102 0.00082879362162 0.0005631239037 
0.00037534226431 0.00024543417385 0.00015745441488 9.9111253803e-05 6.1218284827e-05 3.7108675315e-05 2.2077734684e-05 1.2893447092e-05 7.3921446528e-06 
4.1611224333e-06 2.3000691272e-06 1.2485711522e-06 6.6570282797e-07 3.4865968246e-07 1.794201836e-07 9.0770662098e-08 4.5251812963e-08 2.2459753168e-08 
1.1600959304e-08 7.28169125e-09 1.5480448035e-09 2.6107003226e-09 5.3844249059e-09 1.1509515119e-08 2.445738545e-08 5.1223256747e-08 1.0555446295e-07 
2.139336317e-07 4.2642329845e-07 8.3592448163e-07 1.6117093082e-06 3.056713922e-06 5.7036772887e-06 1.0473766451e-05 1.8934229956e-05 3.3710948628e-05 
5.9139907535e-05 0.00010228194151 0.0001744790643 0.00029369688127 0.0004879636399 0.00080025411444 0.0012951152166 0.0020671042148 0.0032506089192 
0.0050297509879 0.0076459273696 0.011399338953 0.016640206799 0.023745972663 0.033083301038 0.044958233833 0.059563554823 0.076938040555 
0.096954740584 0.11935290694 0.14381587505 0.17007446289 0.19798146188 0.22747005522 0.25830644369 0.28963345289 0.31950485706 
0.34477546811 0.3615475595 0.36612862349 0.35621705651 0.3318759799 0.29582738876 0.25281831622 0.20828719437 0.16694188118 
0.13182231784 0.1040841192 0.083368897438 0.068440504372 0.057786691934 0.05002412945 0.044083621353 0.039234541357 0.035026170313 
0.031206004322 0.027647351846 0.024296995252 0.021141644567 0.01818803139 0.015451367013 0.012948543765 0.01069390215 0.0086965253577 
0.0069586704485 0.0054751723073 0.004233725369 0.0032159150578 0.0023987502791 0.0017564692535 0.0012623466318 0.00089029496303 0.00061611848651 
0.00041835720185 0.00027872549254 0.00018220479251 0.00011687303777 7.3564195191e-05 4.5441116526e-05 2.754858906e-05 1.6393012629e-05 9.5757104646e-06 
5.4913789427e-06 3.0919770779e-06 1.7095539988e-06 9.2825797537e-07 4.950433663e-07 2.5933627512e-07 1.3348130778e-07 6.7541364501e-08 3.3676077038e-08 
1.6716176887e-08 8.6348954653e-09 5.4201456656e-09 1.0036236286e-09 1.6964613048e-09 3.5079308347e-09 7.5172881253e-09 1.6014821469e-08 3.3630033869e-08 
6.9491242982e-08 1.4124334768e-07 2.8235794503e-07 5.5516250086e-07 1.0736018794e-06 2.0422364742e-06 3.8218163354e-06 7.0375908763e-06 1.2755233911e-05 
2.2762129447e-05 4.0010501834e-05 6.9305235229e-05 0.0001183549175 0.00019934852025 0.00033126605558 0.00054316205205 0.00087864138186 0.00140161952 
0.0022031585686 0.0034086355008 0.0051837279461 0.0077368612401 0.011315143667 0.016190961003 0.02263777703 0.030896656215 0.041139237583 
0.053437266499 0.067751526833 0.083950847387 0.10186176747 0.12133084983 0.14225709438 0.16453546286 0.18786539137 0.21144634485 
0.23369768262 0.25222188234 0.26416036487 0.26691603661 0.25901436806 0.2407489866 0.2142894417 0.18314369023 0.15119129419 
0.12170755863 0.096751756966 0.077055677772 0.062307417393 0.051604803652 0.043874062598 0.038146298379 0.033680066466 0.029973259196 
0.026719277725 0.023748727515 0.020978590474 0.018375778571 0.01593384333 0.013659174554 0.011563013308 0.0096567608416 0.0079491613433 
0.0064445813186 0.0051421439275 0.0040355264209 0.0031133687589 0.0023601523135 0.0017573894002 0.0012849485502 0.00092234578915 0.00064985780045 
0.00044937405619 0.00030495139072 0.00020308143576 0.00013271633361 8.5114137619e-05 5.3569754527e-05 3.3090458601e-05 2.006232171e-05 1.193958542e-05 
6.97532505e-06 4.0007994357e-06 2.2530866772e-06 1.2459505569e-06 6.7664313974e-07 3.6091168454e-07 1.8909456401e-07 9.7338315186e-08 4.92570571e-08 
2.4560767642e-08 1.2191686771e-08 6.297570021e-09 3.9528091911e-09 6.4047073201e-10 1.0853242749e-09 2.2504766939e-09 4.8354871218e-09 1.0328943922e-08 
2.1749119838e-08 4.5066713028e-08 9.1861252827e-08 1.8417152603e-07 3.6316956198e-07 7.0435902444e-07 1.3436781501e-06 2.5214640118e-06 4.6551199375e-06 
8.4570774561e-06 1.512306153e-05 2.6627703846e-05 4.6181376092e-05 7.8924684203e-05 0.00013296489487 0.00022088839614 0.00036190505489 0.00058477354469 
0.00093158805976 0.0014623297611 0.0022597645875 0.0034337805118 0.00512369629 0.0074965916574 0.010739669204 0.015045356005 0.020589731634 
0.027507584542 0.035870738328 0.045678198338 0.056865721941 0.069335021079 0.082989826798 0.09774979949 0.1135038957 0.12997879088 
0.14654412866 0.16204555333 0.17480131984 0.18286053836 0.18450398743 0.17882339656 0.16613027453 0.14798483253 0.12679962814 
0.10518243909 0.085297159851 0.068477980793 0.055174998939 0.045154422522 0.037803336978 0.032405950129 0.02832307294 0.025069581345 
0.022319663316 0.019876375794 0.017632547766 0.01553713344 0.013571187854 0.011732589453 0.01002695132 0.0084623573348 0.0070462916046 
0.0057838205248 0.004676558543 0.0037222157698 0.0029146063607 0.0022440610919 0.0016981351655 0.0012624975061 0.00092188589042 0.00066100817639 
0.00046530610416 0.00032152421772 0.00021806763834 0.00014515999646 9.4835275377e-05 6.0807997215e-05 3.8267407945e-05 2.3636996048e-05 1.4330913473e-05 
8.5290803327e-06 4.983211511e-06 2.8584488518e-06 1.6099151026e-06 8.9036154804e-07 4.8357270543e-07 2.5794847147e-07 1.351551191e-07 6.9574227268e-08 
3.5207289528e-08 1.7554652842e-08 8.7133322779e-09 4.5003312188e-09 2.8243796191e-09 4.0215941688e-10 6.8331124092e-10 1.421048279e-09 3.0618196867e-09 
6.5582081987e-09 1.384757109e-08 2.8774538308e-08 5.88192961e-08 1.1826384139e-07 2.3387167403e-07 4.548670347e-07 8.7011164851e-07 1.637076366e-06 
3.0297508147e-06 5.5163595789e-06 9.8831333162e-06 1.7427943021e-05 3.0258072002e-05 5.1740091294e-05 8.7166845333e-05 0.00014472460316 0.00023685753695 
0.00038212438812 0.00060760456836 0.00095181103097 0.0014678756706 0.00222648005 0.0033176450524 0.0048501575366 0.0069473148324 0.0097380187362 
0.013343323953 0.017860271037 0.023347022012 0.029814764857 0.037231326103 0.045537035912 0.054664820433 0.064546324313 0.075080744922 
0.086052626371 0.097014054656 0.10718873143 0.11547970772 0.1206414327 0.12160179764 0.11782681942 0.10956741869 0.097859181464 
0.084257051349 0.070415653288 0.057691410184 0.046909209341 0.038337204605 0.031818274409 0.026963232085 0.0233234521 0.02050155215 
0.018198078498 0.016213517636 0.014428583905 0.012779527344 0.011237096041 0.0097915707156 0.0084432568401 0.0071967914701 0.0060578468256 
0.0050311982632 0.0041196066886 0.0033232213464 0.0026393651497 0.002062644111 0.001585300779 0.0011977592949 0.00088927324396 0.00064859434497 
0.00046459384612 0.00032677550917 0.00022565007384 0.00015296204947 0.00010177998774 6.6474261985e-05 4.2613810365e-05 2.6813655495e-05 1.6560808945e-05 
1.0040248526e-05 5.975412023e-06 3.4912350202e-06 2.0026686798e-06 1.1279548744e-06 6.2382582655e-07 3.3881465811e-07 1.8072998387e-07 9.4693021424e-08 
4.8742997194e-08 2.4663997067e-08 1.2296373697e-08 6.1024816311e-09 3.1512525922e-09 1.9773216398e-09 2.4837645829e-10 4.232038886e-10 8.8281149058e-10 
1.9075709901e-09 4.097326034e-09 8.6757019346e-09 1.8078479158e-08 3.7059500357e-08 7.4723082832e-08 1.4818050431e-07 2.8899091831e-07 5.5427062762e-07 
1.0454568837e-06 1.9393503408e-06 3.5384348394e-06 6.3508505264e-06 1.1215059203e-05 1.9490549676e-05 3.3344083931e-05 5.6170865719e-05 9.3200455012e-05 
0.00015234541206 0.00024534956901 0.00038927231799 0.00060828833375 0.00093567278236 0.0014156718971 0.0021047359332 0.0030713845044 0.0043938648887 
0.0061549479142 0.0084337703884 0.011295686476 0.014782434329 0.01890587993 0.023648517206 0.028971284628 0.034824308008 0.041149992496 
0.04786490649 0.054812707007 0.061697591096 0.06803175807 0.073144756258 0.076289556921 0.076836034656 0.074486680329 0.069417990744 
0.06227254495 0.053994260728 0.045576099306 0.037825103849 0.031227566302 0.025938132778 0.021860549226 0.018763337284 0.016381952912 
0.014483548701 0.012893813662 0.011497572064 0.010226836428 0.0090461159125 0.0079399850219 0.0069042500108 0.0059403269552 0.0050518549979 
0.0042427182198 0.0035158800893 0.002872725483 0.0023127316963 0.0018333898624 0.0014303339412 0.0010976281483 0.00082816678332 0.00061413185904 
0.00044745454215 0.00032023288077 0.00022507178073 0.00015532549878 0.00010523913807 6.9998153776e-05 4.5703152864e-05 2.9291619285e-05 1.8427874238e-05 
1.1380133401e-05 6.8987787927e-06 4.1055200199e-06 2.3986042379e-06 1.3758489104e-06 7.7488152783e-07 4.2853449145e-07 2.327332993e-07 1.2413474337e-07 
6.5033844976e-08 3.3472048244e-08 1.6934453839e-08 8.4413027679e-09 4.1883847501e-09 2.1622628132e-09 1.3564089851e-09 1.5083288785e-10 2.5775093171e-10 
5.3936882738e-10 1.1688705559e-09 2.5177668839e-09 5.3461421956e-09 1.1171626291e-08 2.2965059188e-08 4.6432838019e-08 9.2330388668e-08 1.8054743123e-07 
3.4716853747e-07 6.5641484071e-07 1.2204102404e-06 2.2312087822e-06 4.0115978663e-06 7.0940327532e-06 1.2340785361e-05 2.1123090846e-05 3.5582634155e-05 
5.9004451032e-05 9.6334464615e-05 0.00015487414203 0.00024517287966 0.000382106693 0.00058607099345 0.00088411691831 0.0013107346604 0.0019078534096 
0.0027235602029 0.0038091039751 0.0052140676416 0.0069801742211 0.009134975262 0.011687321588 0.014626517892 0.017925729975 0.021547477692 
0.025445466861 0.029555357993 0.033770080656 0.037904858589 0.04167034477 0.044680099934 0.046511735767 0.046815976501 0.045436721295 
0.042487826198 0.038345005363 0.033550206572 0.028668368235 0.024155836552 0.020286191255 0.017145913094 0.014681014232 0.01276249066 
0.011243582703 0.0099957706407 0.0089234607294 0.0079640923068 0.0070813326165 0.0062568415888 0.0054833111353 0.0047595314682 0.0040872208774 
0.0034691076726 0.0029077853542 0.0024050443899 0.0019614957273 0.001576400362 0.0012476599077 0.00097193359397 0.00074485747609 0.00056132831378 
0.00041581850382 0.00030268717092 0.00021645636298 0.00015203279327 0.00010486202518 7.1015674621e-05 4.7217377869e-05 3.0819897802e-05 1.9748045816e-05 
1.2421462088e-05 7.669687875e-06 4.6488680709e-06 2.7662774755e-06 1.616006216e-06 9.2685786512e-07 5.2195628086e-07 2.8862720569e-07 1.5673175824e-07 
8.3585611321e-08 4.3783337844e-08 2.2530629806e-08 1.1396545929e-08 5.6794950964e-09 2.8172628674e-09 1.453937637e-09 9.1178181671e-10 9.0039808942e-11 
1.5432570499e-10 3.2398053684e-10 7.0417977005e-10 1.5211398807e-09 3.2390246041e-09 6.787348461e-09 1.3991015457e-08 2.836531543e-08 5.6554050332e-08 
1.1087517748e-07 2.1372929382e-07 4.0506654386e-07 7.5475549011e-07 1.3826188479e-06 2.4901714823e-06 4.4097928367e-06 7.6792357504e-06 1.3152040992e-05 
2.215742461e-05 3.6726203689e-05 5.9901230998e-05 9.6149859019e-05 0.000151889064 0.00023611568031 0.00036110062501 0.00054305180674 0.00080257887021 
0.0011647163192 0.0016582157696 0.0023138427641 0.0031615735497 0.0042269052938 0.0055269305594 0.0070672282018 0.0088406717405 0.010828654282 
0.01300373394 0.015330865979 0.017763340846 0.020231027156 0.022623449564 0.024777129292 0.026480773464 0.027508411556 0.02767723985 
0.026910634711 0.025277484208 0.022986115888 0.020331939682 0.01762053743 0.015097716823 0.012910710648 0.011106655002 0.0096579622477 
0.0084973815829 0.0075484262779 0.0067443759181 0.0060359477066 0.0053912773728 0.0047922818922 0.0042302994989 0.0037024007179 0.0032087673899 
0.0027509925421 0.0023310356773 0.0019505890086 0.0016107050469 0.0013115904294 0.0010525254766 0.00083188118879 0.00064721581293 0.00049543217756 
0.00037297399831 0.00027603720082 0.0002007750154 0.00014347783872 0.00010071491852 6.9431422162e-05 4.7001107305e-05 3.1239327654e-05 2.0384601157e-05 
1.3058317563e-05 8.2119104263e-06 5.0695575737e-06 3.0723381315e-06 1.8278987e-06 1.0676677675e-06 6.1226938897e-07 3.4474433619e-07 1.9060276202e-07 
1.0348359325e-07 5.517739865e-08 2.889649231e-08 1.4866434306e-08 7.5178450132e-09 3.7454492841e-09 1.8572801075e-09 9.5813379453e-10 6.0063598539e-10 
5.2823283941e-11 9.0814078479e-11 1.9126983331e-10 4.1696873732e-10 9.0328861058e-10 1.9287942354e-09 4.0529375411e-09 8.3772109249e-09 1.7029288202e-08 
3.4041118369e-08 6.6906984841e-08 1.2928707349e-07 2.4559409439e-07 4.5859775355e-07 8.4174490667e-07 1.5186567452e-06 2.6932698347e-06 4.695338248e-06 
8.0474856077e-06 1.3561614651e-05 2.2473888748e-05 3.6628312955e-05 5.8717931097e-05 9.2588452389e-05 0.00014359885245 0.00021901511354 0.00032838358311 
0.00048379201326 0.00069988309406 0.00099345797207 0.0013825153001 0.0018846497405 0.002514901571 0.003283385653 0.0041932542808 0.0052396319807 
0.0064098616131 0.0076847127639 0.0090392213315 0.010441255756 0.011846544221 0.013191250153 0.01438663248 0.015322394669 0.015883650631 
0.015979904681 0.015576230362 0.01471222844 0.013498037122 0.012087165378 0.010637301952 0.0092750117183 0.0080764237791 0.0070667807013 
0.0062334858812 0.0055439081043 0.0049607283436 0.0044514792971 0.0039923801087 0.00356831518 0.0031710120384 0.0027968583163 0.0024450523779 
0.0021162743215 0.0018118150765 0.0015330285532 0.0012809933396 0.0010563115356 0.00085900072008 0.00068846001523 0.00054349424317 0.00042238718015 
0.000323010172 0.00024295390176 0.00017966714222 0.0001305892074 9.3264701718e-05 6.5432926931e-05 4.5087923354e-05 3.0509969292e-05 2.0271625544e-05 
1.3223982023e-05 8.4690809672e-06 5.3246935749e-06 3.2864766126e-06 1.9913391043e-06 1.1845320387e-06 6.9175064255e-07 3.9661830442e-07 2.2327502336e-07 
1.2341831734e-07 6.6991937331e-08 3.5711259727e-08 1.8697061677e-08 9.6163441654e-09 4.8613975068e-09 2.4211610494e-09 1.2001358796e-09 6.1885024882e-10 
3.8778374956e-10 3.0449961996e-11 5.2511529847e-11 1.1096089325e-10 2.4261700982e-10 5.2708137854e-10 1.1286047652e-09 2.3779871405e-09 4.9283426229e-09 
1.0044646892e-08 2.0130251244e-08 3.9663309082e-08 7.6825081408e-08 1.4626697009e-07 2.7370359135e-07 5.0335745527e-07 9.097362863e-07 1.6158111293e-06 
2.8203785405e-06 4.8382025852e-06 8.1573598436e-06 1.3518876585e-05 2.2023947167e-05 3.5273216781e-05 5.5539894674e-05 8.5972751549e-05 0.00013081479119 
0.00019560783403 0.00028733219369 0.00041440871428 0.00058647280093 0.0008138352423 0.0011065799044 0.0014733348507 0.0019198766677 0.0024478565902 
0.0030539971776 0.0037299883552 0.0044629969634 0.0052362242714 0.0060286144726 0.0068130921572 0.0075537171215 0.0082037895918 0.0087079033256 
0.0090102348477 0.0090682785958 0.0088674006984 0.0084294062108 0.0078101116233 0.0070859198458 0.0063348123804 0.0056193927303 0.004977720324 
0.004423216451 0.0039510177448 0.0035465492401 0.0031928881072 0.0028753317893 0.0025832341053 0.0023100096732 0.0020522798877 0.0018088375218 
0.0015797696542 0.0013658135431 0.0011679284507 0.00098701764364 0.00082375342026 0.00067847105674 0.00055111560505 0.00044122923282 0.00034797465196 
0.00027018648689 0.00020644487813 0.00015516071289 0.00011466500291 8.3292630734e-05 5.945445082e-05 4.1692605009e-05 2.8717282476e-05 1.9425255232e-05 
1.2902497474e-05 8.4143866843e-06 5.3874468904e-06 3.3863852877e-06 2.089646614e-06 1.2658754258e-06 7.528294077e-07 4.3954335638e-07 2.5195552666e-07 
1.4180301378e-07 7.8363321165e-08 4.25242348e-08 2.2661660992e-08 1.1861070348e-08 6.0983902372e-09 3.0818454455e-09 1.5342819237e-09 7.6019407436e-10 
3.9179964828e-10 2.4539598131e-10 1.7244643213e-11 2.9831245113e-11 6.3242827641e-11 1.3869271009e-10 3.0215899227e-10 6.4877248018e-10 1.3706541457e-09 
2.848144387e-09 5.8198397213e-09 1.1692567803e-08 2.3093992496e-08 4.483555216e-08 8.5551697282e-08 1.604247899e-07 2.9560530379e-07 5.3520494703e-07 
9.520816775e-07 1.664039587e-06 2.8575134365e-06 4.8212264119e-06 7.9926048784e-06 1.3019699509e-05 2.0840741854e-05 3.2781794289e-05 5.0669565098e-05 
7.6951058873e-05 0.00011480316607 0.00016820472956 0.00024193165882 0.00034142727964 0.00047250057105 0.00064082385506 0.00085124257021 0.0011069743196 
0.0014088422759 0.0017547293101 0.0021393997595 0.0025546906982 0.0029898614157 0.0034317052923 0.0038641209248 0.0042672548443 0.0046170451678 
0.0048864525743 0.0050493399613 0.0050866631791 0.0049928771332 0.0047795437276 0.0044739353471 0.0041126776487 0.0037329469342 0.0033646924421 
0.0030264738016 0.002725454513 0.0024603314232 0.0022252609488 0.0020132253412 0.0018181204796 0.0016356090782 0.0014631384984 0.0012995675206 
0.0011447055731 0.00099891482387 0.00086281227414 0.00073706690455 0.00062226242153 0.00051880895626 0.00042688898975 0.00034643156687 0.00027711005532 
0.00021836043743 0.00016941638023 0.00012935674749 9.7160089354e-05 7.176046347e-05 5.2099640016e-05 3.7171492295e-05 2.6055738999e-05 1.7940114049e-05 
1.2131152289e-05 8.0551862993e-06 5.2517139011e-06 3.3615999655e-06 2.1124612886e-06 1.3032183688e-06 7.8927394043e-07 4.6927161179e-07 2.7391584467e-07 
1.5697206379e-07 8.8320398106e-08 4.8793129537e-08 2.6469448855e-08 1.4101143364e-08 7.3778854137e-09 3.7919218876e-09 1.9154950959e-09 9.5321017746e-10 
4.7206460962e-10 2.4316720859e-10 1.522263704e-10 9.5935447086e-12 1.6647499351e-11 3.5408762727e-11 7.7881971705e-11 1.7015068521e-10 3.663274406e-10 
7.7598955039e-10 1.6166409322e-09 3.3117464326e-09 6.6698939705e-09 1.3204941141e-08 2.5695088723e-08 4.9136414049e-08 9.2330424195e-08 1.7046215817e-07 
3.0918121752e-07 5.5089418538e-07 9.6420467344e-07 1.6576815369e-06 2.7993469303e-06 4.6433965508e-06 7.565577107e-06 1.2108190276e-05 1.9034665456e-05 
2.9391701901e-05 4.4574015192e-05 6.6382177465e-05 9.7058655228e-05 0.00013928099361 0.0001960870286 0.0002707070671 0.00036628686939 0.00048550576321 
0.00063012732426 0.00080055336002 0.00099547987338 0.0012117408914 0.0014443686232 0.0016867998056 0.0019310669741 0.0021678304765 0.0023862668313 
0.0025741197169 0.0027184148785 0.0028072295245 0.0028323445003 0.0027919139247 0.00269186683 0.0025451299734 0.0023687323555 0.0021798885427 
0.001992580248 0.00181573187 0.0016532146838 0.0015051226364 0.0013694867957 0.0012437421829 0.0011256468715 0.0010136663914 0.00090699462453 
0.00080540485214 0.00070905598113 0.00061832118081 0.00053365610074 0.00045550439972 0.00038423287333 0.00032008663402 0.00026316274307 0.00021339837986 
0.0001705721952 0.00013431746629 0.00010414485587 7.9472571088e-05 5.9659996623e-05 4.4042131776e-05 3.1961320929e-05 2.2794196411e-05 1.5971932953e-05 
1.099340534e-05 7.4314389167e-06 4.9330865295e-06 3.215309107e-06 2.057548727e-06 1.2926386717e-06 7.9724134139e-07 4.8270612751e-07 2.8691837883e-07 
1.6742703224e-07 9.591782657e-08 5.3951023204e-08 2.9795549139e-08 1.6157851945e-08 8.6045970349e-09 4.5002490623e-09 2.3119754999e-09 1.1673843003e-09 
5.8065441344e-10 2.8741306557e-10 1.4796379399e-10 9.2577404076e-11 5.2423560284e-12 9.125317689e-12 1.9472630106e-11 4.2956079666e-11 9.410738161e-11 
2.0315306382e-10 4.3146314299e-10 9.011690838e-10 1.8506508548e-09 3.7361931327e-09 7.4140569239e-09 1.4459127229e-08 2.7709473827e-08 5.2174545573e-08 
9.6512046355e-08 1.7536800101e-07 3.1298580438e-07 5.4861840226e-07 9.4440940757e-07 1.5965191551e-06 2.650312581e-06 4.3203476707e-06 6.9155917117e-06 
1.0869673133e-05 1.677488217e-05 2.541692993e-05 3.7805235479e-05 5.5190535932e-05 7.9058794654e-05 0.00011108824401 0.0001530565205 0.00020668948127 
0.00027345283888 0.00035430467688 0.00044944346882 0.00055810273625 0.00067844043951 0.00080754986266 0.00094157503918 0.0010758705903 0.0012051386293 
0.0013235321967 0.0014248231892 0.0015028117923 0.0015521153109 0.0015692648012 0.0015537523432 0.0015085249906 0.0014395683538 0.0013546248665 
0.0012615115847 0.0011666659266 0.0010743727908 0.00098675582558 0.0009043054888 0.00082659098553 0.00075287319487 0.00068249559263 0.00061505334452 
0.00055041268934 0.00048865715507 0.00043001165614 0.00037477209116 0.00032324917265 0.00027572576073 0.00023242589668 0.00019349360082 0.00015897958656 
0.0001288363128 0.0001029200721 8.0999918282e-05 6.277209468e-05 4.7878325859e-05 3.5926379496e-05 2.6510741009e-05 1.9231583792e-05 1.37108118e-05 
9.6040621429e-06 6.6084039645e-06 4.4659145715e-06 2.9636960335e-06 1.9311569304e-06 1.2354512364e-06 7.7594745562e-07 4.7843417406e-07 2.8959331644e-07 
1.7208076031e-07 1.0038335319e-07 5.7489778271e-08 3.232499779e-08 1.7845540157e-08 9.6737062805e-09 5.1494590814e-09 2.6920345952e-09 1.3823910905e-09 
6.9767808197e-10 3.4684827233e-10 1.7158845178e-10 8.8280514843e-11 5.5203116384e-11 2.8136692195e-12 4.9129381119e-12 1.0517752468e-11 2.326937254e-11 
5.1117811373e-11 1.1064208577e-10 2.3559051932e-10 4.9329557106e-10 1.0155039032e-09 2.054995063e-09 4.0872261131e-09 7.98861155e-09 1.534182914e-08 
2.894591411e-08 5.3647109866e-08 9.7656908338e-08 1.7458641821e-07 3.0649758287e-07 5.28343719e-07 8.9422741212e-07 1.4859190287e-06 2.4240166567e-06 
3.8819348447e-06 6.1025411924e-06 9.4166362032e-06 1.4261546312e-05 2.1196890884e-05 3.0913117371e-05 4.4226988393e-05 6.2057159084e-05 8.5373241745e-05 
0.00011511402408 0.00015207515389 0.00019677507225 0.00024931627559 0.00030926725594 0.00037559287739 0.00044664938468 0.00052024686011 0.00059375580167 
0.00066423049429 0.00072853366146 0.00078348768875 0.00082610407844 0.00085393554764 0.00086551473942 0.00086074403953 0.00084104656707 0.00080914917635 
0.00076852674829 0.00072269764496 0.0006746207946 0.00062637252267 0.00057913304772 0.00053339143051 0.00048922782298 0.00044656006503 0.00040530454135 
0.00036545057083 0.00032707492937 0.00029032528982 0.00025539277704 0.00022248471214 0.00019180132949 0.00016351680097 0.00013776490232 0.00011462868133 
9.4134338724e-05 7.6249103586e-05 6.0883179685e-05 4.7895453463e-05 3.7102261558e-05 2.8288377507e-05 2.1219169867e-05 1.5652800357e-05 1.1351379726e-05 
8.0903437265e-06 5.6654494074e-06 3.8972229959e-06 2.6329973934e-06 1.7468504439e-06 1.137943741e-06 7.2779278071e-07 4.5697223072e-07 2.8167627875e-07 
1.7044395406e-07 1.0124737315e-07 5.9042424283e-08 3.3801523358e-08 1.8998481011e-08 1.0484216162e-08 5.6808859838e-09 3.022684103e-09 1.5794662245e-09 
8.1068085578e-10 4.0893391451e-10 2.0319058935e-10 1.0046084103e-10 5.1651787014e-11 3.2278898304e-11 1.4832189296e-12 2.5978433814e-12 5.57939632e-12 
1.2379332802e-11 2.7268355976e-11 5.9175248035e-11 1.2632175861e-10 2.6515356577e-10 5.4715543207e-10 1.1098063579e-09 2.2122803589e-09 4.3333585609e-09 
8.3394544603e-09 1.5765895256e-08 2.9275856406e-08 5.3389506149e-08 9.5610658946e-08 1.6811775083e-07 2.9022490367e-07 4.9184785667e-07 8.1821360709e-07 
1.3360117919e-06 2.1410714908e-06 3.3674286897e-06 5.1973074733e-06 7.8710245361e-06 1.1695198737e-05 1.7046886569e-05 2.4370605388e-05 3.4164662793e-05 
4.695352618e-05 6.3243991463e-05 8.346534014e-05 0.00010789771477 0.00013659716933 0.00016933034931 0.00020553276408 0.00024430194753 0.00028442934854 
0.00032446440309 0.00036279836786 0.00039775800542 0.00042771038716 0.00045118961134 0.00046705553541 0.00047466723481 0.00047402092605 0.00046578492038 
0.00045118984417 0.00043178992928 0.00040917217848 0.00038470936124 0.00035942421528 0.00033397661173 0.00030873744981 0.0002838948858 0.00025955034653 
0.0002357835474 0.00021268501587 0.00019036579761 0.00016895396402 0.00014858592476 0.0001293963287 0.00011150865612 9.5027025964e-05 8.0029545643e-05 
6.6563399741e-05 5.4642008763e-05 4.4244261517e-05 3.5315959394e-05 2.7773296097e-05 2.150801447e-05 1.6393871192e-05 1.2293658983e-05 9.0662706498e-06 
6.5731364884e-06 4.6836089496e-06 3.2789782836e-06 2.2550159429e-06 1.5231178168e-06 1.0102403394e-06 6.5791812176e-07 4.2066454853e-07 2.6405189146e-07 
1.6271008008e-07 9.8424436601e-08 5.8445952078e-08 3.407027549e-08 1.9497530701e-08 1.0954312124e-08 6.0424878434e-09 3.2726537036e-09 1.7404901964e-09 
9.0902252392e-10 4.6632653294e-10 2.3510349223e-10 1.1675138634e-10 5.768806613e-11 2.9639520005e-11 1.8510816144e-11 7.6792364785e-13 1.3491362975e-12 
2.9067581675e-12 6.4677464773e-12 1.428480164e-11 3.1079437635e-11 6.651142137e-11 1.3994887194e-10 2.8947144681e-10 5.8848326212e-10 1.1756754459e-09 
2.3078117195e-09 4.4505052976e-09 8.4304847547e-09 1.5684493704e-08 2.8655389173e-08 5.1405045554e-08 9.0535259289e-08 1.5652879881e-07 2.6563824918e-07 
4.424506983e-07 7.2323206268e-07 1.1600886864e-06 1.8258596128e-06 2.8194683637e-06 4.2711753849e-06 6.3468564804e-06 9.2500331448e-06 1.3220048459e-05 
1.8524588086e-05 2.544486415e-05 3.4252356272e-05 4.5177268476e-05 5.8370758779e-05 7.3865157901e-05 9.1538589913e-05 0.00011109132174 0.00013204022252 
0.00015373452334 0.00017539152759 0.00019614708435 0.00021511463274 0.00023144937586 0.00024441746064 0.00025346883922 0.00025830671075 0.00025893430575 
0.00025565712713 0.0002490284096 0.00023974676151 0.00022853608243 0.00021604388894 0.00020278322336 0.000189122351 0.00017530866899 0.00016150680312 
0.00014783490042 0.00013439029863 0.0001212641655 0.00010854732682 9.6330593806e-05 8.4702536697e-05 7.3746050475e-05 6.3534636865e-05 5.4128908232e-05 
4.5573520765e-05 3.7894900743e-05 3.1099931221e-05 2.5175735573e-05 2.009063428e-05 1.5796169464e-05 1.2230098946e-05 9.3200651463e-06 6.9875964073e-06 
5.1521064961e-06 3.7345437249e-06 2.6604329832e-06 1.8621475419e-06 1.2803393474e-06 8.6457743009e-07 5.7330311165e-07 3.7326225311e-07 2.3859067255e-07 
1.4971807616e-07 9.2227061543e-08 5.5769529439e-08 3.3104672781e-08 1.9290425257e-08 1.1034876124e-08 6.197048652e-09 3.4167852991e-09 1.8496703058e-09 
9.8321528696e-10 5.1324527961e-10 2.6315044588e-10 1.3259471299e-10 6.5806568528e-11 3.2494559127e-11 1.6683156592e-11 1.0412160717e-11 3.9049305781e-13 
6.8812978319e-13 1.4872619195e-12 3.3185693776e-12 7.3488125307e-12 1.6029476357e-11 3.4388446951e-11 7.2531231021e-11 1.5037301959e-10 3.0639110693e-10 
6.1344662683e-10 1.2067196131e-09 2.3318516007e-09 4.4258654519e-09 8.2496942611e-09 1.5099468342e-08 2.7133969738e-08 4.7867327879e-08 8.2887282815e-08 
1.4086732847e-07 2.3494156665e-07 3.8449590534e-07 6.1739388002e-07 9.7258680398e-07 1.5029555698e-06 2.2780825475e-06 3.3864801026e-06 4.9366030908e-06 
7.0558112384e-06 9.8863538369e-06 1.3577532627e-05 1.8273518435e-05 2.4096892957e-05 3.1128944102e-05 3.9388884034e-05 4.8815065384e-05 5.9251990024e-05 
7.0446600148e-05 8.2055819803e-05 9.3665519671e-05 0.00010481859499 0.00011504902068 0.00012391834753 0.00013105262769 0.00013617711375 0.00013914483134 
0.0001399522007 0.00013873512216 0.00013574225886 0.00013129095896 0.00012571673142 0.00011933072528 0.00011239406012 0.00010511036089 9.7632299003e-05 
9.0074347099e-05 8.2526108599e-05 7.5062540418e-05 6.7750399467e-05 6.0651658714e-05 5.38244567e-05 4.7322890168e-05 4.1195940867e-05 3.5486064007e-05 
3.0227683965e-05 2.5445846404e-05 2.1155148715e-05 1.7359157937e-05 1.4050385289e-05 1.121085279e-05 8.8132628662e-06 6.8226763688e-06 5.1985507525e-06 
3.8969706111e-06 2.8728729831e-06 2.0820768896e-06 1.4829738575e-06 1.037793254e-06 7.1339502483e-07 4.816252499e-07 3.1928715316e-07 2.0782324839e-07 
1.3280272526e-07 8.3308897558e-08 5.1301391579e-08 3.1010667811e-08 1.8400786672e-08 1.0717943866e-08 6.1284302078e-09 3.4400793325e-09 1.8958008496e-09 
1.0257718008e-09 5.4497495405e-10 2.8432478594e-10 1.4569542794e-10 7.3368533471e-11 3.6389908448e-11 1.7956748935e-11 9.212222131e-12 5.7454392806e-12 
1.9502873979e-13 3.4471733736e-13 7.4735844683e-13 1.6722343996e-12 3.71273845e-12 8.1186880135e-12 1.7459650045e-11 3.691252512e-11 7.6703303431e-11 
1.5663394193e-10 3.1428398772e-10 6.1952354358e-10 1.1995785476e-09 2.2812480793e-09 4.260187314e-09 7.8115620639e-09 1.4061863673e-08 2.4847812696e-08 
4.3094328106e-08 7.3347734997e-08 1.225005235e-07 2.0073588303e-07 3.2270102679e-07 5.0888149872e-07 7.8709416584e-07 1.1939384876e-06 1.7759550701e-06 
2.5901408662e-06 3.7033878471e-06 5.1903757594e-06 7.1294921327e-06 9.5965224318e-06 1.26561672e-05 1.6351888917e-05 2.0695169951e-05 2.565572504e-05 
3.115454092e-05 3.7061596231e-05 4.3199393986e-05 4.9352645874e-05 5.5283166148e-05 6.0748287069e-05 6.5520776843e-05 6.9408109994e-05 7.2269438533e-05 
7.4027957453e-05 7.4676332588e-05 7.4273280916e-05 7.2930772149e-05 7.0794558269e-05 6.8022724008e-05 6.4767118602e-05 6.1161554186e-05 5.7317043684e-05 
5.3322786698e-05 4.9250073062e-05 4.5157030399e-05 4.1092702304e-05 3.7099944166e-05 3.3217231248e-05 2.9479486329e-05 2.5918292522e-05 2.2561642254e-05 
1.9433395209e-05 1.6552683519e-05 1.3933294213e-05 1.1583182641e-05 9.5042287285e-06 7.6922515291e-06 6.1373416429e-06 4.824505595e-06 3.73457965e-06 
2.8453466712e-06 2.1327496142e-06 1.5721059299e-06 1.1392170336e-06 8.112945693e-07 5.6765117051e-07 3.9013619357e-07 2.6332995162e-07 1.7452855161e-07 
1.1356953422e-07 7.2551451069e-08 4.5497806411e-08 2.8007649533e-08 1.6923712209e-08 1.0037983778e-08 5.8443450079e-09 3.3402334232e-09 1.8740804464e-09 
1.0322720456e-09 5.582431184e-10 2.9642188704e-10 1.5456087799e-10 7.9153864019e-11 3.9835187232e-11 1.9744907098e-11 9.7363367368e-12 4.9910141124e-12 
3.1105153175e-12 9.5672337511e-14 1.6960793935e-13 3.6884609408e-13 8.2756821144e-13 1.8421221579e-12 4.0381834161e-12 8.705215368e-12 1.844723159e-11 
3.8419829818e-11 7.8628825673e-11 1.5810427967e-10 3.1230285025e-10 6.0591975881e-10 1.1545129297e-09 2.1600623512e-09 3.9678744734e-09 7.1551022884e-09 
1.2664364668e-08 2.1999127853e-08 3.7499738426e-08 6.271901043e-08 1.0291221741e-07 1.6564601424e-07 2.615117296e-07 4.0490010633e-07 6.1475327584e-07 
9.1516437806e-07 1.3356435602e-06 1.9108281322e-06 2.6794007226e-06 3.6819994875e-06 4.9579966799e-06 6.5411768446e-06 8.4545690697e-06 1.0704965462e-05 
1.3277885046e-05 1.6133937606e-05 1.920748764e-05 2.2408259611e-05 2.5626171919e-05 2.8738922992e-05 3.1621617381e-05 3.4157157643e-05 3.6246223317e-05 
3.7815658288e-05 3.8824142393e-05 3.9264348743e-05 3.9160797314e-05 3.8563921407e-05 3.7541321944e-05 3.6168326915e-05 3.4519733163e-05 3.2664058381e-05 
3.0660783523e-05 2.8559878047e-05 2.6402842195e-05 2.4224331355e-05 2.2053762223e-05 1.9916638848e-05 1.783546395e-05 1.5830279153e-05 1.3918875993e-05 
1.2116788639e-05 1.0437111087e-05 8.8902470452e-06 7.4836511885e-06 6.221608146e-06 5.1051283663e-06 4.1319667616e-06 3.2968102914e-06 2.5916231152e-06 
2.0061318082e-06 1.5284228994e-06 1.145589863e-06 8.4438710246e-07 6.1182225863e-07 4.3565665919e-07 3.0477661994e-07 2.0942954393e-07 1.4132874071e-07 
9.3646633559e-08 6.0921387046e-08 3.8906591726e-08 2.4390676145e-08 1.5009060661e-08 9.0657419349e-09 5.3749302786e-09 3.128014292e-09 1.7869175029e-09 
1.0020727581e-09 5.51667656e-10 2.9817301406e-10 1.5823641009e-10 8.2458775919e-11 4.2202744771e-11 2.1225403379e-11 1.0513584794e-11 5.180528749e-12 
2.6534560139e-12 1.6524534562e-12 4.6099202336e-14 8.1966416076e-14 1.7879395067e-13 4.0224239412e-13 8.9764995567e-13 1.9725983e-12 4.2624996414e-12 
9.0535417704e-12 1.8898015097e-11 3.8760335219e-11 7.8102711798e-11 1.5459211689e-10 3.0052993427e-10 5.7372723239e-10 1.075423639e-09 1.9790218353e-09 
3.5748690674e-09 6.3379830273e-09 1.1027251112e-08 1.882581202e-08 3.1532341183e-08 5.1810978619e-08 8.3502186499e-08 1.3198740589e-07 2.045852483e-07 
3.1093674124e-07 4.6331294357e-07 6.7675347282e-07 9.6892301826e-07 1.3595677046e-06 1.8694623805e-06 2.5187919164e-06 3.324975296e-06 4.3000727601e-06 
5.4480174185e-06 6.7620703703e-06 8.2229407781e-06 9.7980373539e-06 1.1442194591e-05 1.3100012438e-05 1.4709630705e-05 1.6207603039e-05 1.7534177459e-05 
1.8638374968e-05 1.9482164134e-05 2.0043204131e-05 2.0315774236e-05 2.0309727915e-05 2.0047715225e-05 1.9561248337e-05 1.8886416001e-05 1.8060100047e-05 
1.7117148673e-05 1.6088803022e-05 1.5002126929e-05 1.388016608e-05 1.2742466424e-05 1.1605716281e-05 1.0484338418e-05 9.390933883e-06 8.3365957835e-06 
7.3310507105e-06 6.3826992118e-06 5.4985639508e-06 4.6841923904e-06 3.9435421968e-06 3.2788952922e-06 2.6908023756e-06 2.1781036139e-06 1.7380276631e-06 
1.3663683376e-06 1.0577405192e-06 8.0588949913e-07 6.0403351654e-07 4.4520450615e-07 3.2256338045e-07 2.2966304414e-07 1.6064613817e-07 1.1037053582e-07 
7.4465845046e-08 4.9330449059e-08 3.2082940749e-08 2.0483037488e-08 1.283652562e-08 7.8961566174e-09 4.7674988402e-09 2.8253481776e-09 1.6434897887e-09 
9.3840346604e-10 5.2596810241e-10 2.8940172481e-10 1.5633079553e-10 8.2913377553e-11 4.3180407167e-11 2.2085748161e-11 1.1100389705e-11 5.4945210708e-12 
2.7053624098e-12 1.384510887e-12 8.6154336703e-13 2.1819378986e-14 3.8909468095e-14 8.5128505265e-14 1.920317746e-13 4.2962031502e-13 9.4638815014e-13 
2.0498245028e-12 4.3637879768e-12 9.1290542834e-12 1.8764361592e-11 3.7889739957e-11 7.5149317325e-11 1.4637974166e-10 2.7998042773e-10 5.2578058574e-10 
9.692864289e-10 1.7539281139e-09 3.1147708857e-09 5.4279825079e-09 9.2809626651e-09 1.5568065947e-08 2.561587209e-08 4.1339269785e-08 6.5424806905e-08 
1.0153030416e-07 1.5447945145e-07 2.3041798158e-07 3.3688576195e-07 4.8274841902e-07 6.7792973368e-07 9.3289116876e-07 1.257829922e-06 1.6616008907e-06 
2.1504301913e-06 2.7265405151e-06 3.3868759601e-06 4.1221514948e-06 4.9164473239e-06 5.747522664e-06 6.5879321482e-06 7.4068675531e-06 8.1725575001e-06 
8.8549040811e-06 9.428013982e-06 9.8722730399e-06 1.0175711395e-05 1.0334459148e-05 1.035227524e-05 1.0239268704e-05 1.0010116057e-05 9.6820867839e-06 
9.2732689154e-06 8.8011775006e-06 8.2818951341e-06 7.7296590462e-06 7.1568065323e-06 6.5739282036e-06 5.9901117311e-06 5.4132037803e-06 4.8500246521e-06 
4.3065297177e-06 3.7878978674e-06 3.2985651615e-06 2.8422164178e-06 2.4217522423e-06 2.0392412807e-06 1.6958813376e-06 1.3919772073e-06 1.1269524975e-06 
8.9939914005e-07 7.0716680511e-07 5.4749358469e-07 4.1716432975e-07 3.1268638168e-07 2.304663127e-07 1.669728249e-07 1.1887411944e-07 8.3140861307e-08 
5.711208928e-08 3.8525250545e-08 2.5515262791e-08 1.6589726926e-08 1.0588236066e-08 6.6332370707e-09 4.0787537792e-09 2.4616235716e-09 1.4581708063e-09 
8.478041047e-10 4.8383508311e-10 2.7104041234e-10 1.4904964762e-10 8.0467063568e-11 4.2651202015e-11 2.2198116609e-11 1.1346290227e-11 5.6987752191e-12 
2.8187745107e-12 1.3868142745e-12 7.0910638472e-13 4.4090545017e-13 1.0145475192e-14 1.8144453699e-14 3.9815529075e-14 9.0053683369e-14 2.0197373234e-13 
4.4598713286e-13 9.6823840178e-13 2.065921002e-12 4.3314466597e-12 8.9221798352e-12 1.8053527423e-11 3.5879178101e-11 7.0024423759e-11 1.3419045042e-10 
2.5246335578e-10 4.6625153738e-10 8.4514045762e-10 1.5033722045e-09 2.6240749573e-09 4.4936752097e-09 7.5489632323e-09 1.2438786001e-08 2.0101081688e-08 
3.1853542026e-08 4.9492570042e-08 7.5390090615e-08 1.1257186117e-07 1.6475462417e-07 2.3631481838e-07 3.3215937378e-07 4.5747307809e-07 6.1732743006e-07 
8.1615496583e-07 1.057119789e-06 1.34144409e-06 1.6677793155e-06 2.0317324925e-06 2.4256507913e-06 2.8387566999e-06 3.2576679132e-06 3.6672804526e-06 
4.0519298636e-06 4.3966783778e-06 4.6885529628e-06 4.9175810091e-06 5.0774592637e-06 5.1657998483e-06 5.183929261e-06 5.1363181228e-06 5.0297585403e-06 
4.8724596127e-06 4.6732002374e-06 4.4406542656e-06 4.182932571e-06 3.9073361222e-06 3.6202754927e-06 3.327305194e-06 3.0332153074e-06 2.7421440336e-06 
2.4576770556e-06 2.1829275738e-06 1.9205861008e-06 1.6729436538e-06 1.441894824e-06 1.2289281131e-06 1.0351063793e-06 8.6105097807e-07 7.0693192811e-07 
5.7247348195e-07 4.5697885298e-07 3.5937375742e-07 2.782718127e-07 2.120539051e-07 1.5895672334e-07 1.1716264225e-07 8.4882827878e-08 6.0427410631e-08 
4.2258513133e-08 2.9024278092e-08 1.9574631693e-08 1.2961176132e-08 8.4248474863e-09 5.3753614893e-09 3.3663105636e-09 2.0691164337e-09 1.2482240797e-09 
7.3905748188e-10 4.2948730683e-10 2.4497620599e-10 1.3715750757e-10 7.5381263731e-11 4.0671108842e-11 2.1543855241e-11 1.120526328e-11 5.7235201821e-12 
2.8726530703e-12 1.4198412411e-12 6.9799163194e-13 3.5657804834e-13 2.215296631e-13 4.6355817744e-15 8.3142873689e-15 1.8298318928e-14 4.1495540999e-14 
9.3297128378e-14 2.0650545347e-13 4.4936347395e-13 9.6096633255e-13 2.019201863e-12 4.1681549705e-12 8.4515259374e-12 1.6830235122e-11 3.2911406239e-11 
6.3189176114e-11 1.1910189501e-10 2.2035101521e-10 4.0010428304e-10 7.1291117454e-10 1.2463629018e-09 2.1376864723e-09 3.596481557e-09 5.9345888204e-09 
9.6034558084e-09 1.5238228457e-08 2.3706006047e-08 3.6153256389e-08 5.4044480891e-08 7.9181248225e-08 1.136882517e-07 1.5995220792e-07 2.2050137716e-07 
2.9781793387e-07 3.9408533326e-07 5.1088522923e-07 6.4887188955e-07 8.0746724507e-07 9.8462749065e-07 1.1767327806e-06 1.3786416275e-06 1.5839318621e-06 
1.785316158e-06 1.9751926175e-06 2.1462628865e-06 2.2921312848e-06 2.4078090064e-06 2.4900457447e-06 2.537460432e-06 2.5504650694e-06 2.5310082492e-06 
2.4822031719e-06 2.4079085961e-06 2.3123307074e-06 2.1996947908e-06 2.0740110358e-06 1.938936748e-06 1.7977182551e-06 1.6531918163e-06 1.5078137494e-06 
1.3637092025e-06 1.2227153547e-06 1.0864217757e-06 9.5619509466e-07 8.3319378064e-07 7.183738262e-07 6.1248499605e-07 5.1606519946e-07 4.2943267431e-07 
3.5268229226e-07 2.8568763355e-07 2.2811255462e-07 1.7943244757e-07 1.3896571716e-07 1.0591295307e-07 7.9400876984e-08 5.852720264e-08 4.2402241718e-08 
3.0184324373e-08 2.1106608017e-08 1.4494436762e-08 9.7734620397e-09 6.4698526536e-09 4.2042436199e-09 2.6815816234e-09 1.6787169432e-09 1.0314098464e-09 
6.2193644679e-10 3.6806419024e-10 2.1378294968e-10 1.2187376108e-10 6.8195601943e-11 3.7457453805e-11 2.01970142e-11 1.0691524055e-11 5.5570261934e-12 
2.8364641365e-12 1.4225896936e-12 7.025932028e-13 3.4510886987e-13 1.7614085375e-13 1.0933763525e-13 2.0840637921e-15 3.7487001621e-15 8.274517478e-15 
1.881366055e-14 4.240469873e-14 9.4083642515e-14 2.0520534599e-13 4.3982585586e-13 9.26207353e-13 1.9160313527e-12 3.8931310432e-12 7.7684430069e-12 
1.522107787e-11 2.9280074892e-11 5.5290948903e-11 1.0247826199e-10 1.8640032573e-10 3.3269095812e-10 5.8258253777e-10 1.0007813467e-09 1.6862817809e-09 
2.7865996177e-09 4.5156220985e-09 7.1747190411e-09 1.1175928627e-08 1.7064841984e-08 2.5539437232e-08 3.7459692237e-08 5.3841564096e-08 7.5828694435e-08 
1.0463566724e-07 1.4145958005e-07 1.8736025709e-07 2.4311626134e-07 3.0906980442e-07 3.8498049548e-07 4.6991232239e-07 5.621778314e-07 6.5936001192e-07 
7.5842092429e-07 8.5589533683e-07 9.4814782869e-07 1.0316654198e-06 1.1033424698e-06 1.1607227179e-06 1.2021633893e-06 1.2269032368e-06 1.2350359384e-06 
1.227396524e-06 1.2053960745e-06 1.1708262946e-06 1.1256751122e-06 1.0719685406e-06 1.0116542626e-06 9.4652847338e-07 8.782009786e-07 8.0808763414e-07 
7.3742063478e-07 6.6726698833e-07 5.9854863821e-07 5.3206053963e-07 4.684836199e-07 4.0839356075e-07 3.5226435102e-07 3.0046817301e-07 2.5327355502e-07 
2.1084201762e-07 1.7322621204e-07 1.4037090068e-07 1.1211791673e-07 8.8216275174e-08 6.8337129733e-08 5.2092737235e-08 3.9057916013e-08 2.8792078055e-08 
2.0859852512e-08 1.4848647645e-08 1.0382052551e-08 7.1285652936e-09 4.8057686719e-09 3.1805398315e-09 2.0661687916e-09 1.3174094038e-09 8.2440421156e-10 
5.0630155624e-10 3.0515631688e-10 1.8050211326e-10 1.0478495849e-10 5.9702000288e-11 3.3386765574e-11 1.8326626675e-11 9.8751918101e-12 5.223968827e-12 
2.7132812056e-12 1.38391772e-12 6.935564319e-13 3.422630289e-13 1.6797293537e-13 8.5649877761e-14 5.3119479166e-14 9.2856918579e-16 1.6751912476e-15 
3.7087968635e-15 8.4553751059e-15 1.9106266387e-14 4.2495378689e-14 9.2908103086e-14 1.9959828603e-13 4.2127889718e-13 8.7342215708e-13 1.7785069207e-12 
3.5563177837e-12 6.9822771696e-12 1.3458110494e-11 2.5462519246e-11 4.7281324689e-11 8.6156921875e-11 1.5404404141e-10 2.7020702342e-10 4.6493059402e-10 
7.8462675246e-10 1.2985716946e-09 2.1073733869e-09 3.3530167531e-09 5.2299302666e-09 7.9959683319e-09 1.1981539316e-08 1.7594429025e-08 2.5317294927e-08 
3.5694650791e-08 4.9306425609e-08 6.6726450143e-08 8.846611621e-08 1.1490630669e-07 1.4622385436e-07 1.8232195487e-07 2.2277551182e-07 2.668031982e-07 
3.1327579109e-07 3.6076542642e-07 4.0763416109e-07 4.5215446676e-07 4.9264588142e-07 5.2761026836e-07 5.5584706615e-07 5.7653409158e-07 5.8926303836e-07 
5.9403055275e-07 5.9118997342e-07 5.8137612768e-07 5.6541631466e-07 5.4424401696e-07 5.1882358321e-07 4.9009275926e-07 4.5892574008e-07 4.2611253548e-07 
3.9235251847e-07 3.5825704003e-07 3.2435619346e-07 2.9110793776e-07 2.5890605571e-07 2.2808708877e-07 1.9893474246e-07 1.7168261479e-07 1.4651453739e-07 
1.235642344e-07 1.0291369534e-07 8.4592379324e-08 6.8577399759e-08 5.4795684434e-08 4.3128636662e-08 3.3419134127e-08 2.5480694887e-08 1.9107847749e-08 
1.4086944056e-08 1.0206304246e-08 7.2649117833e-09 5.0790931461e-09 3.4868936627e-09 2.3502184643e-09 1.5550027932e-09 1.0098536452e-09 6.4365623942e-10 
4.0261843859e-10 2.4715171576e-10 1.4888790201e-10 8.8020660205e-11 5.1068177465e-11 2.9078635333e-11 1.6250946769e-11 8.9144030699e-12 4.8000722321e-12 
2.5373650663e-12 1.3168784639e-12 6.7114781614e-13 3.3607377948e-13 1.6570729164e-13 8.1249622915e-14 4.1386863283e-14 2.5643639569e-14 4.2627568345e-16 
7.7147623193e-16 1.7135624754e-15 3.9179716498e-15 8.8775863017e-15 1.9797621455e-14 4.3395798429e-14 9.3464380116e-14 1.977549526e-13 4.1098287967e-13 
8.3882309735e-13 1.6811414457e-12 3.3079827939e-12 6.3897862695e-12 1.2114713746e-11 2.254157451e-11 4.1156716923e-11 7.3726628969e-11 1.2956197226e-10 
2.2332793947e-10 3.7754130378e-10 6.2587252048e-10 1.0173075715e-09 1.621100143e-09 2.5322481889e-09 3.876958754e-09 5.8172417994e-09 8.5534255234e-09 
1.2323113197e-08 1.739501343e-08 2.4056189929e-08 3.2591895405e-08 4.3258104654e-08 5.6248147473e-08 7.1656629075e-08 8.9444888829e-08 1.0941374029e-07 
1.3118898323e-07 1.5422439503e-07 1.7782461725e-07 2.0118756083e-07 2.2346236506e-07 2.4381574804e-07 2.6149854193e-07 2.7590272111e-07 2.8660227258e-07 
2.9337246588e-07 2.9618780673e-07 2.9520032285e-07 2.9070454843e-07 2.830957726e-07 2.7282757742e-07 2.603750886e-07 2.4620578642e-07 2.3075973843e-07 
2.1443807441e-07 1.975982542e-07 1.8055405349e-07 1.6357803645e-07 1.4690559169e-07 1.3073876914e-07 1.1524987542e-07 1.0058400335e-07 8.6860673321e-08 
7.4174380416e-08 6.2594509131e-08 5.2164676134e-08 4.2902193798e-08 3.4798041781e-08 2.7817780079e-08 2.1903705516e-08 1.6978283668e-08 1.2948686567e-08 
9.7120356202e-09 7.1608901031e-09 5.1884581076e-09 3.693075401e-09 2.5816728755e-09 1.7720711565e-09 1.194124799e-09 7.898499077e-10 5.1276449753e-10 
3.2668959205e-10 2.0425544589e-10 1.2532003213e-10 7.5452338821e-11 4.4579492875e-11 2.5847575816e-11 1.4707715948e-11 8.2136363683e-12 4.5021464855e-12 
2.4223182054e-12 1.2794075695e-12 6.6343930133e-13 3.3782408836e-13 1.6900928356e-13 8.3253635106e-14 4.0779066322e-14 2.0748214345e-14 1.284222989e-14 
2.3983015277e-16 4.3535696191e-16 9.6996220361e-16 2.2238631919e-15 5.0520306051e-15 1.1294614298e-14 2.4817882395e-14 5.3579082631e-14 1.1362731502e-13 
2.366789219e-13 4.8412917555e-13 9.7235457533e-13 1.9172896777e-12 3.710986813e-12 7.0496785493e-12 1.3142191328e-11 2.4039520374e-11 4.3140480771e-11 
7.5942953315e-11 1.3112214092e-10 2.2202101269e-10 3.6862574104e-10 6.0006194458e-10 9.5757246577e-10 1.4978231988e-09 2.2962187707e-09 3.4497154022e-09 
5.078411025e-09 7.325029916e-09 1.0351336677e-08 1.4330632681e-08 1.9435795195e-08 2.5822890493e-08 3.3611257777e-08 4.2861806548e-08 5.3556213686e-08 
6.5580259445e-08 7.8714734286e-08 9.2636682325e-08 1.0693247532e-07 1.2112252534e-07 1.34695469e-07 1.4714758834e-07 1.5802264386e-07 1.6694643534e-07 
1.7365165661e-07 1.7799082741e-07 1.7993592394e-07 1.7956658382e-07 1.7705023936e-07 1.7261770324e-07 1.6653815749e-07 1.590970129e-07 1.505778755e-07 
1.4125002679e-07 1.3136072141e-07 1.2113153502e-07 1.1075760398e-07 1.0040879772e-07 9.0231743854e-08 8.0352172915e-08 7.0877170799e-08 6.1896798798e-08 
5.3485429419e-08 4.570211587e-08 3.8590634688e-08 3.2179148235e-08 2.6479803239e-08 2.1488588686e-08 1.7185829648e-08 1.3537381882e-08 1.0496678193e-08 
8.0074720188e-09 6.0070481922e-09 4.4296406543e-09 3.2096678648e-09 2.2845494385e-09 1.5968907308e-09 1.0959460006e-09 7.3835471071e-10 4.8824982946e-10 
3.1686453461e-10 2.0180244975e-10 1.2611854616e-10 7.7342791893e-11 4.6542204118e-11 2.7483147702e-11 1.5925441521e-11 9.0561022223e-12 5.054068275e-12 
2.768347834e-12 1.4883816835e-12 7.8552767589e-13 4.0701581103e-13 2.0708391599e-13 1.0351406689e-13 5.0945843545e-14 2.493045138e-14 1.2671051308e-14 
7.8351682645e-15 
I 1 10000 double
5.3841677815e-22 1.1822312297e-21 3.1711180473e-21 8.5936924749e-21 2.2889315396e-20 5.9706639784e-20 1.5243299838e-19 3.8079047534e-19 9.3056557462e-19 
2.224173689e-18 5.1982854515e-18 1.1877701483e-17 2.6527713677e-17 5.7900161337e-17 1.2347935132e-16 2.5725891445e-16 5.235295183e-16 1.0405115778e-15 
2.0194639773e-15 3.8270769678e-15 7.0812513432e-15 1.2792260876e-14 2.2561954136e-14 3.885195117e-14 6.532641317e-14 1.0726516924e-13 1.7202802767e-13 
2.6953219929e-13 4.1268475182e-13 6.1769247486e-13 9.0416086077e-13 1.2948878081e-12 1.815271349e-12 2.492259437e-12 3.3528056633e-12 4.421801033e-12 
5.7195229455e-12 7.2586437729e-12 9.0409459433e-12 1.1053987586e-11 1.3268088885e-11 1.5634136347e-11 1.8082854658e-11 2.0526091243e-11 2.2860562401e-11 
2.4974161628e-11 2.6754477106e-11 2.8098655347e-11 2.8923360235e-11 2.9173469196e-11 2.8828177692e-11 2.7903611713e-11 2.6451524998e-11 2.4554313444e-11 
2.2317037107e-11 1.9857594735e-11 1.7296287666e-11 1.474609497e-11 1.2304643415e-11 1.0048690179e-11 8.0313785136e-12 6.2822542307e-12 4.8095299444e-12 
3.6039582776e-12 2.6435333957e-12 1.898294022e-12 1.3346479954e-12 9.1885808857e-13 6.1953160701e-13 4.0913455891e-13 2.6467253411e-13 1.6774181057e-13 
1.041620742e-13 6.3380534545e-14 3.7793583503e-14 2.2086629739e-14 1.2650794515e-14 7.1024038735e-15 3.9084827632e-15 2.1083170982e-15 1.1147864146e-15 
5.777927253e-16 2.935403796e-16 1.4617214484e-16 7.1341687472e-17 3.4125762996e-17 1.5997725986e-17 7.3493194172e-18 3.3084641631e-18 1.4594055081e-18 
6.3078172385e-19 2.6713071514e-19 1.1084180142e-19 4.5062764132e-20 1.7950434831e-20 7.0066681138e-21 2.681292627e-21 1.0096826868e-21 3.8501380105e-22 
1.7959698355e-22 1.1441627462e-21 2.5071890815e-21 6.7121845455e-21 1.8158268807e-20 4.8283979921e-20 1.2574498527e-19 3.2052860996e-19 7.9949560123e-19 
1.950936494e-18 4.6564627115e-18 1.0868390588e-17 2.4801788094e-17 5.5325426023e-17 1.2061722699e-16 2.569566825e-16 5.3481586174e-16 1.0873681699e-15 
2.1593228812e-15 4.1877067508e-15 7.9306966403e-15 1.4665342102e-14 2.6478966521e-14 4.6680378746e-14 8.0353570477e-14 1.3506565115e-13 2.2171991348e-13 
3.5551517784e-13 5.5693172513e-13 8.526233105e-13 1.2760542406e-12 1.8676958851e-12 2.6745879816e-12 3.7490947846e-12 5.146712917e-12 6.9228420739e-12 
9.1285147844e-12 1.1805108974e-11 1.4978206175e-11 1.8650886391e-11 2.2796946622e-11 2.7354844084e-11 3.2223338581e-11 3.7260080438e-11 4.2284391266e-11 
4.7084940114e-11 5.1432694909e-11 5.5098151736e-11 5.7871422932e-11 5.9582373757e-11 6.0118215961e-11 5.9435845134e-11 5.7567072637e-11 5.4616051265e-11 
5.0749252023e-11 4.6179483848e-11 4.1146110824e-11 3.5894093253e-11 3.0654270788e-11 2.5627075115e-11 2.0971153633e-11 1.6797552932e-11 1.3169408272e-11 
1.0106255242e-11 7.591632184e-12 5.5824719847e-12 4.0188061212e-12 2.8325935347e-12 1.954919733e-12 1.3212152726e-12 8.7450370296e-13 5.6693950749e-13 
3.600325333e-13 2.2398525905e-13 1.3652466202e-13 8.1537417606e-14 4.7719396793e-14 2.736907787e-14 1.5384513731e-14 8.476024075e-15 4.57726525e-15 
2.4229229225e-15 1.2571880055e-15 6.39423319e-16 3.1878532309e-16 1.5578227625e-16 7.46159198e-17 3.5028296454e-17 1.6116072371e-17 7.2665848123e-18 
3.2107925375e-18 1.3902307716e-18 5.8984832934e-19 2.4522415494e-19 9.9896948217e-20 3.9876105816e-20 1.5598346759e-20 5.982267933e-21 2.2578696555e-21 
8.6313015259e-22 4.0367696265e-22 2.9697177435e-21 6.4947467122e-21 1.7355448017e-20 4.6872431748e-20 1.2443679913e-19 3.2356487979e-19 8.2353843292e-19 
2.051172793e-18 4.9982988219e-18 1.1913880708e-17 2.7771986879e-17 6.3299036846e-17 1.4103940311e-16 3.0715455487e-16 6.536885185e-16 1.3592869218e-15 
2.7612920444e-15 5.4791855088e-15 1.0618699794e-14 2.009725936e-14 3.7143390848e-14 6.7032696668e-14 1.181265372e-13 2.0327080405e-13 3.4158450807e-13 
5.6061595253e-13 8.9876614181e-13 1.4077793835e-12 2.1549929809e-12 3.2249344254e-12 4.7197931327e-12 6.7582757966e-12 9.4724028968e-12 1.3001895567e-11 
1.7485962331e-11 2.3052450573e-11 2.9804499146e-11 3.7805140962e-11 4.706056031e-11 5.7503335427e-11 6.8977455692e-11 8.122781614e-11 9.3896945774e-11 
1.0653216503e-10 1.186048898e-10 1.295428903e-10 1.3877328453e-10 1.4577213048e-10 1.5011444865e-10 1.5151775667e-10 1.4987255881e-10 1.4525533554e-10 
1.3792222919e-10 1.2828452189e-10 1.1686938917e-10 1.0427124442e-10 9.110014132e-11 7.793300727e-11 6.5273147998e-11 5.352151014e-11 4.2961714047e-11 
3.3758430079e-11 2.5967363676e-11 1.9553504649e-11 1.4414048947e-11 1.0402354325e-11 7.3499747955e-12 5.084827958e-12 3.4445554048e-12 2.2850163602e-12 
1.4844970956e-12 9.4458273668e-13 5.8872194229e-13 3.5944362179e-13 2.1500264405e-13 1.2600622043e-13 7.236315632e-14 4.0724937528e-14 2.2462458258e-14 
1.2143379428e-14 6.4347631871e-15 3.3423672342e-15 1.7018242928e-15 8.4940882173e-16 4.1558099252e-16 1.9930615104e-16 9.3690625316e-17 4.3168101097e-17 
1.9493976899e-17 8.6275558275e-18 3.7420186802e-18 1.5905185982e-18 6.6248233515e-19 2.7039968123e-19 1.0815252092e-19 4.2393242269e-20 1.6293026609e-20 
6.1629442928e-21 2.3616091307e-21 1.1072687945e-21 7.7942983455e-21 1.7015311995e-20 4.5391568426e-20 1.2240183142e-19 3.2447462337e-19 8.425125603e-19 
2.1414260561e-18 5.3265708247e-18 1.296334874e-17 3.086188697e-17 7.1858192282e-17 1.6360392407e-16 3.6416037515e-16 7.9230863669e-16 1.684704804e-15 
3.5003445963e-15 7.1054332868e-15 1.4089800155e-14 2.728995991e-14 5.1622948131e-14 9.5365826781e-14 1.7204140402e-13 3.0307971844e-13 5.2140269099e-13 
8.7600846715e-13 1.4374983408e-12 2.3042858854e-12 3.6089755316e-12 5.5241085144e-12 8.2662158368e-12 1.2096951912e-11 1.7320056847e-11 2.4272963847e-11 
3.3312255732e-11 4.4792457937e-11 5.9038114675e-11 7.6309757124e-11 9.6764672664e-11 1.2041474762e-10 1.4708435858e-10 1.7637294403e-10 2.0762923325e-10 
2.3994350951e-10 2.7216612297e-10 3.0295654874e-10 3.3086497431e-10 3.5444019941e-10 3.7235498018e-10 3.8353159537e-10 3.8725145313e-10 3.832315576e-10 
3.7165787115e-10 3.5316954916e-10 3.2879801659e-10 2.9986885197e-10 2.6788068985e-10 2.3437549124e-10 2.0081655783e-10 1.6848579476e-10 1.3841060242e-10 
1.1132447741e-10 8.7661322645e-11 6.7578803664e-11 5.100277492e-11 3.7684282778e-11 2.7259449906e-11 1.9305274393e-11 1.338603707e-11 9.0879066425e-12 
6.041344508e-12 3.9326705954e-12 2.5070100076e-12 1.5652171399e-12 9.5715622928e-13 5.7335652068e-13 3.3647076011e-13 1.9346358554e-13 1.0900059067e-13 
6.0184184567e-14 3.256878274e-14 1.7275159032e-14 8.9819780303e-15 4.5779513467e-15 2.2873381469e-15 1.120345386e-15 5.3793585466e-16 2.5319434744e-16 
1.1681693426e-16 5.282822731e-17 2.3416057082e-17 1.0172518281e-17 4.3310395188e-18 1.8071330056e-18 7.3894665248e-19 2.9611483946e-19 1.1629458894e-19 
4.4784359695e-20 1.6974909392e-20 6.5193658367e-21 3.0638642661e-21 2.0091178256e-20 4.3783193273e-20 1.1660758633e-19 3.1397297096e-19 8.3112905581e-19 
2.1551113457e-18 5.4704584787e-18 1.3589968659e-17 3.3034076493e-17 7.8553769354e-17 1.8270359059e-16 4.1554573477e-16 9.2406222936e-16 2.0087062354e-15 
4.2676662375e-15 8.8604067795e-15 1.7973878204e-14 3.5620218933e-14 6.895520396e-14 1.3037990555e-13 2.4076563226e-13 4.3420719494e-13 7.6473267822e-13 
1.3153412821e-12 2.2095630447e-12 3.6253931714e-12 5.8109428727e-12 9.1004903266e-12 1.3928902302e-11 2.0841725915e-11 3.0497816078e-11 4.3661317617e-11 
6.1180116528e-11 8.394868134e-11 1.1285412188e-10 1.4870588094e-10 1.9215017077e-10 2.4357227346e-10 3.0299196485e-10 3.6995995156e-10 4.4346634698e-10 
5.2187776323e-10 6.0292004722e-10 6.8372435491e-10 7.6094941459e-10 8.3098339321e-10 8.902114601e-10 9.3532492862e-10 9.636333953e-10 9.7333563431e-10 
9.6371011171e-10 9.3519814115e-10 8.8936702447e-10 8.287601716e-10 7.5665729238e-10 6.7677524695e-10 5.9294952282e-10 5.0883125491e-10 4.2763229069e-10 
3.5194136494e-10 2.8362284743e-10 2.237987573e-10 1.729021093e-10 1.3078418903e-10 9.685308805e-11 7.0221523041e-11 4.9845325784e-11 3.4640044305e-11 
2.3568881222e-11 1.5700645645e-11 1.0240741415e-11 6.5404049364e-12 4.0904272157e-12 2.5053132312e-12 1.5029007769e-12 8.8312966965e-13 5.0839291544e-13 
2.8675572659e-13 1.5849574799e-13 8.5855517032e-14 4.5583755683e-14 2.3723661517e-14 1.2103534998e-14 6.0537004283e-15 2.9683642832e-15 1.4269246202e-15 
6.7245696867e-16 3.1066569173e-16 1.4069165638e-16 6.2455193507e-17 2.7175159523e-17 1.1589340531e-17 4.8440776142e-18 1.9843436306e-18 7.9665832003e-19 
3.1347428444e-19 1.2095421365e-19 4.5939556194e-20 1.7682817669e-20 8.3295512487e-21 5.0661561958e-20 1.1021275641e-19 2.9305378006e-19 7.8791197073e-19 
2.0828132787e-18 5.3935054527e-18 1.3673113546e-17 3.3925654771e-17 8.236890501e-17 1.9565279206e-16 4.5458177754e-16 1.0329011985e-15 2.2948087658e-15 
4.984234935e-15 1.0581354959e-14 2.1953615073e-14 4.4507020953e-14 8.8155692598e-14 1.7057687728e-13 3.2239930669e-13 5.9516573527e-13 1.0730698014e-12 
1.8895267295e-12 3.2494963751e-12 5.4580346319e-12 8.9547015636e-12 1.4352181769e-11 2.2475830225e-11 3.439905652e-11 5.1467861223e-11 7.5306628988e-11 
1.0779735438e-10 1.5102523399e-10 2.0718571303e-10 2.7845048489e-10 3.6679381754e-10 4.7378262424e-10 6.0033894522e-10 7.4648665027e-10 9.1110219369e-10 
1.0916963999e-09 1.2842650277e-09 1.483248413e-09 1.6816444903e-09 1.8713048888e-09 2.0434218762e-09 2.1891770619e-09 2.3004884664e-09 2.3707700247e-09 
2.3955899486e-09 2.3731383525e-09 2.3044299802e-09 2.1932227146e-09 2.0456576433e-09 1.8696817428e-09 1.674329897e-09 1.4689489625e-09 1.2624652435e-09 
1.0627616565e-09 8.7622603617e-10 7.0749661685e-10 5.5940851951e-10 4.3311518261e-10 3.2834027164e-10 2.4370885865e-10 1.7710374833e-10 1.2600255561e-10 
8.7763865619e-11 5.9845427225e-11 3.9950803082e-11 2.6110036008e-11 1.6706823425e-11 1.0466752465e-11 6.4209406021e-12 3.8574538529e-12 2.2697252064e-12 
1.3082094002e-12 7.3871578342e-13 4.0873185912e-13 2.2162722775e-13 1.1778448496e-13 6.135955459e-14 3.1336071975e-14 1.568927788e-14 7.7014759723e-15 
3.7064958985e-15 1.7489106426e-15 8.0904812531e-16 3.6691519099e-16 1.6312490047e-16 7.1091018659e-17 3.0368731815e-17 1.2715575886e-17 5.2182775797e-18 
2.0989046299e-18 8.2747524395e-19 3.1991008565e-19 1.2175302455e-19 4.6969069708e-20 2.2176217853e-20 1.2488289505e-19 2.7121812474e-19 7.200149181e-19 
1.9330735287e-18 5.103049666e-18 1.3197255565e-17 3.341464575e-17 8.28094217e-17 2.0082759427e-16 4.7652167788e-16 1.1060493757e-15 2.5108324487e-15 
5.5735725077e-15 1.2096128542e-14 2.5661583115e-14 5.3207889077e-14 1.0781025188e-13 2.1344047135e-13 4.1283239305e-13 7.8002030833e-13 1.4395835869e-12 
2.595018601e-12 4.5688023677e-12 7.8563674663e-12 1.319512815e-11 2.1647638543e-11 3.4694830342e-11 5.4331299876e-11 8.3150167307e-11 1.2440107278e-10 
1.8200238538e-10 2.6048832535e-10 3.6487418642e-10 5.0042858746e-10 6.723485102e-10 8.8533935738e-10 1.1431132707e-09 1.4478243049e-09 1.7994714607e-09 
2.1953139306e-09 2.6293616173e-09 3.0920275229e-09 3.5700347123e-09 4.0466825446e-09 4.5025414508e-09 4.916600016e-09 5.2677995299e-09 5.5368012397e-09 
5.7077960136e-09 5.770083078e-09 5.719182461e-09 5.5573492475e-09 5.2933817329e-09 4.9417945291e-09 4.5214481048e-09 4.0538488122e-09 3.5613128002e-09 
3.0652158589e-09 2.5845050544e-09 2.1346078238e-09 1.7268101393e-09 1.3681098476e-09 1.0614840118e-09 8.0647338807e-10 5.9995669544e-10 4.3699213692e-10 
3.1161892511e-10 2.1754377466e-10 1.4866996523e-10 9.9458621894e-11 6.5133197447e-11 4.1755408159e-11 2.6205702539e-11 1.610226015e-11 9.6879795852e-12 
5.7081292817e-12 3.294090261e-12 1.8622193631e-12 1.0314644104e-12 5.5985869152e-13 2.9783185466e-13 1.5530725848e-13 7.9394275171e-14 3.979241524e-14 
1.9554606008e-14 9.4220904204e-15 4.4513859897e-15 2.0619750787e-15 9.364724267e-16 4.1697314411e-16 1.8201116762e-16 7.7882515596e-17 3.2667125939e-17 
1.3430494027e-17 5.4121807094e-18 2.1378187214e-18 8.2813486879e-19 3.1582156453e-19 1.2210800136e-19 5.7786462777e-20 3.0086541527e-19 6.5232290287e-19 
1.729040435e-18 4.6355495177e-18 1.2220957449e-17 3.1565086444e-17 7.9823974668e-17 1.975949592e-16 4.786818766e-16 1.1346535724e-15 2.6311337854e-15 
5.9676867736e-15 1.3236560997e-14 2.8706160035e-14 6.0860286266e-14 1.2611974995e-13 2.5542195854e-13 5.0547521897e-13 9.7735903572e-13 1.8461807604e-12 
3.4066009562e-12 6.139965706e-12 1.0809112286e-11 1.8586111816e-11 3.1215582202e-11 5.1211351132e-11 8.207659552e-11 1.2852828524e-10 1.9669602058e-10 
2.9425556436e-10 4.3045253473e-10 6.1597005274e-10 8.6260237842e-10 1.1827092639e-09 1.5884428217e-09 2.0907600096e-09 2.6982518442e-09 3.4158331719e-09 
4.2433718761e-09 5.1743529461e-09 6.1947167396e-09 7.2820642849e-09 8.4054390115e-09 9.5259284905e-09 1.0598249389e-08 1.1573365377e-08 1.2402034066e-08 
1.3038914837e-08 1.3446774361e-08 1.3600210735e-08 1.3488296702e-08 1.3115823982e-08 1.2502922253e-08 1.1683161993e-08 1.0700389907e-08 9.6047845233e-09 
8.4485591856e-09 7.2818773234e-09 6.1493423686e-09 5.087430921e-09 4.1230019399e-09 3.2729132737e-09 2.5446162955e-09 1.9374772897e-09 1.4445621366e-09 
1.0545795348e-09 7.5374612107e-10 5.273942949e-10 3.6122518865e-10 2.4217497452e-10 1.5891932215e-10 1.0207562573e-10 6.4177392567e-11 3.9499310073e-11 
2.3800844975e-11 1.4042762612e-11 8.1141456401e-12 4.5924371077e-12 2.546464992e-12 1.3835961456e-12 7.3677804309e-13 3.8458282782e-13 1.9680127482e-13 
9.8740826171e-14 4.8576709333e-14 2.3433640824e-14 1.1085015149e-14 5.1417500289e-15 2.3385573822e-15 1.0428575414e-15 4.5594857108e-16 1.954309356e-16 
8.2116641393e-17 3.3822617845e-17 1.3655476401e-17 5.4043812234e-18 2.0976686153e-18 8.016217139e-19 3.1063061844e-19 1.473443125e-19 7.0829004651e-19 
1.5331688222e-18 4.0575719539e-18 1.0863406825e-17 2.8602767382e-17 7.3786078974e-17 1.8637690778e-16 4.6084378624e-16 1.1152534474e-15 2.6410070132e-15 
6.1187301123e-15 1.3866611208e-14 3.0734072107e-14 6.6609512231e-14 1.4113905357e-13 2.923373349e-13 5.9181034639e-13 1.1707967495e-12 2.2632134881e-12 
4.274304001e-12 7.8860425134e-12 1.4212604184e-11 2.5019946184e-11 4.3021659152e-11 7.2257130834e-11 1.1854636717e-10 1.899986557e-10 2.9752894593e-10 
4.5531242665e-10 6.810844666e-10 9.9618069349e-10 1.4252132807e-09 1.9952954844e-09 2.7347628606e-09 3.671380755e-09 4.8300732303e-09 6.2302594195e-09 
7.8829014427e-09 9.7874330862e-09 1.1928786847e-08 1.4274807114e-08 1.6774459155e-08 1.9357322856e-08 2.1934859262e-08 2.4403897569e-08 2.6652495322e-08 
2.8567860966e-08 3.0045736565e-08 3.1000023881e-08 3.1371385489e-08 3.1133463807e-08 3.0295918663e-08 2.8903711424e-08 2.7032866612e-08 2.4783316732e-08 
2.2269865951e-08 1.9612345525e-08 1.6926161805e-08 1.4314235131e-08 1.1861009064e-08 9.6290007079e-09 7.6578485775e-09 5.9656115603e-09 4.551750532e-09 
3.4011515826e-09 2.4885333794e-09 1.7826898846e-09 1.2501744084e-09 8.5818485651e-10 5.7659343966e-10 3.7915201534e-10 2.4400823029e-10 1.5369287787e-10 
9.475252527e-11 5.7182564239e-11 3.3785994835e-11 1.9547367197e-11 1.1076587564e-11 6.1486909314e-12 3.3443508379e-12 1.7827193714e-12 9.31487526e-13 
4.7715916504e-13 2.3966074893e-13 1.1803683302e-13 5.700974225e-14 2.7002297357e-14 1.2542042261e-14 5.7126430356e-15 2.5514343378e-15 1.1173325957e-15 
4.7973495031e-16 2.0193516925e-16 8.3327468374e-17 3.3706355956e-17 1.3365813467e-17 5.1981679918e-18 1.9905685783e-18 7.7308300049e-19 3.6755496515e-19 
1.6291366625e-18 3.5207946021e-18 9.3039356241e-18 2.4876335266e-17 6.541598394e-17 1.6855191997e-16 4.2526803188e-16 1.0504256749e-15 2.5395532184e-15 
6.0083909419e-15 1.3908779049e-14 3.1497242016e-14 6.9764289831e-14 1.5111139607e-13 3.2003189703e-13 6.6260121305e-13 1.3409372354e-12 2.652159525e-12 
5.1258762859e-12 9.6796919438e-12 1.7858053578e-11 3.2184626492e-11 5.6660041242e-11 9.7432409363e-11 1.6365400701e-10 2.6851049162e-10 4.3036946229e-10 
6.7394206882e-10 1.0312968257e-09 1.5425137834e-09 2.255739151e-09 3.2264066974e-09 4.5154378014e-09 6.1863087986e-09 8.300992782e-09 1.091487345e-08 
1.407083694e-08 1.7792803675e-08 2.2079040818e-08 2.6895705219e-08 3.2171229236e-08 3.7792354135e-08 4.360283512e-08 4.9406040148e-08 5.4972250751e-08 
6.0051327466e-08 6.4390164312e-08 6.7753425981e-08 6.994535795e-08 7.0829379695e-08 7.0342530023e-08 6.8502927775e-08 6.540851416e-08 6.1228000447e-08 
5.6184834563e-08 5.0536865359e-08 4.4554070655e-08 3.8497045551e-08 3.2598649113e-08 2.7050413465e-08 2.1994658539e-08 1.7522296503e-08 1.3675718336e-08 
1.0455416977e-08 7.8289605909e-09 5.7407927301e-09 4.1216892122e-09 2.8969835419e-09 1.9930674888e-09 1.3419976241e-09 8.8429874534e-10 5.7022514488e-10 
3.5983013791e-10 2.2221752216e-10 1.3431852852e-10 7.9476196457e-11 4.6043127644e-11 2.6122447955e-11 1.4517315301e-11 7.904705536e-12 4.2180551586e-12 
2.2062662027e-12 1.1313638828e-12 5.6886608054e-13 2.8049730507e-13 1.356402512e-13 6.4328493162e-14 2.9920693473e-14 1.3648343523e-14 6.1052707588e-15 
2.6780405642e-15 1.1518189068e-15 4.8570600319e-16 2.0079608199e-16 8.137806175e-17 3.233248175e-17 1.2599712698e-17 4.8348566183e-18 1.8819479765e-18 
8.9682932353e-19 3.6606857329e-18 7.8989213772e-18 2.0843065465e-17 5.565696663e-17 1.4618134308e-16 3.762236331e-16 9.4821992665e-16 2.3397896034e-15 
5.6515406199e-15 1.3359808526e-14 3.0902929819e-14 6.993409622e-14 1.5480799693e-13 3.351503916e-13 7.0950678058e-13 1.4685005599e-12 2.9711558734e-12 
5.8755183878e-12 1.1354703636e-11 2.1441654008e-11 3.9558838844e-11 7.1299875726e-11 1.2553369455e-10 2.1589167953e-10 3.6266620262e-10 5.9508881156e-10 
9.5386487597e-10 1.4937266979e-09 2.2856385673e-09 3.4181821817e-09 4.997587677e-09 7.1459020923e-09 9.9968922029e-09 1.3689489542e-08 1.8358814913e-08 
2.4125087705e-08 3.1080880092e-08 3.9277349373e-08 4.8710056433e-08 5.9305406808e-08 7.0908633631e-08 8.3275160989e-08 9.6067232391e-08 1.0885867852e-07 
1.2114965386e-07 1.3239302632e-07 1.4203172327e-07 1.4954393635e-07 1.5449138857e-07 1.5656371488e-07 1.5561180078e-07 1.5166581591e-07 1.4493392086e-07 
1.3578303992e-07 1.2470397337e-07 1.1226590857e-07 9.9066681969e-08 8.5684426665e-08 7.263633961e-08 6.0348284592e-08 4.9137170777e-08 3.9206362601e-08 
3.0652032024e-08 2.3478015976e-08 1.7615445103e-08 1.2944255445e-08 9.3138083912e-09 6.5608425359e-09 4.5237111834e-09 3.0525708627e-09 2.015683398e-09 
1.3023742085e-09 8.2338302843e-10 5.0937948304e-10 3.083898692e-10 1.8274526337e-10 1.0601490519e-10 6.0223243059e-11 3.3507984581e-11 1.8265560939e-11 
9.7572939312e-12 5.1090486008e-12 2.6227392654e-12 1.3202270223e-12 6.517429825e-13 3.1555495521e-13 1.498521088e-13 6.9797744244e-14 3.1885853956e-14 
1.428594588e-14 6.2768715871e-15 2.7043659247e-15 1.1424562282e-15 4.731862739e-16 1.9213968321e-16 7.6489192719e-17 2.9866917733e-17 1.1484455683e-17 
4.4803212175e-18 2.1400062006e-18 8.0351191466e-18 1.7311710661e-17 4.5616496153e-17 1.2165742316e-16 3.1915928814e-16 8.2052007485e-16 2.0659078526e-15 
5.0929605077e-15 1.2290985084e-14 2.9032396468e-14 6.7109329433e-14 1.5177904777e-13 3.3581156519e-13 7.2671041277e-13 1.5379325417e-12 3.1823846943e-12 
6.4378168595e-12 1.2730000214e-11 2.4601288021e-11 4.6458649428e-11 8.5723372845e-11 1.5452787661e-10 2.721129988e-10 4.6805487264e-10 7.8638162648e-10 
1.2905037039e-09 2.0686827806e-09 3.2395091054e-09 4.9565795912e-09 7.4113408743e-09 1.0832942543e-08 1.5484014071e-08 2.1651556992e-08 2.9632627019e-08 
3.9714997513e-08 5.215359522e-08 6.7143844262e-08 8.479316449e-08 1.0509194226e-07 1.2788567005e-07 1.5284986432e-07 1.7947141373e-07 2.0703963344e-07 
2.3465373999e-07 2.6125076147e-07 2.8565867183e-07 3.0667405326e-07 3.2315873e-07 3.3414519862e-07 3.3893573459e-07 3.3717950032e-07 3.2891580304e-07 
3.1457562955e-07 2.9494219689e-07 2.7107537903e-07 2.4421217404e-07 2.1565564623e-07 1.8666780477e-07 1.5837754574e-07 1.3171377589e-07 1.0736716405e-07 
8.5780953896e-08 6.7165892403e-08 5.1533106671e-08 3.8737066888e-08 2.8521922601e-08 2.05656292e-08 1.4518234615e-08 1.0032211506e-08 6.7843095586e-09 
4.4892649598e-09 2.906456853e-09 1.8410168945e-09 1.1409638789e-09 6.9190941865e-10 4.1063780154e-10 2.3855689646e-10 1.3569267932e-10 7.5591158333e-11 
4.125334796e-11 2.2061873162e-11 1.1564696249e-11 5.9434033216e-12 2.9952212585e-12 1.4804003292e-12 7.1767727395e-13 3.4127309811e-13 1.59184894e-13 
7.2831125083e-14 3.2683118636e-14 1.4384281323e-14 6.2083034229e-15 2.6274735443e-15 1.0903019744e-15 4.4357627846e-16 1.7693148457e-16 6.9225382271e-17 
2.6673638264e-17 1.0429275143e-17 4.9929812914e-18 1.722789245e-17 3.7063349358e-17 9.7529848471e-17 2.5979789571e-16 6.8080844883e-16 1.7484751618e-15 
4.3981194758e-15 1.083295339e-14 2.6122831518e-14 6.1661172858e-14 1.4244489377e-13 3.2199687795e-13 7.1211943677e-13 1.5405559857e-12 3.2595159211e-12 
6.7438481015e-12 1.364175526e-11 2.6975558939e-11 5.2136295281e-11 9.8472216492e-11 1.8173124117e-10 3.2766633851e-10 5.7712856716e-10 9.9291952438e-10 
1.6685216542e-09 2.7385327339e-09 4.3901970948e-09 6.8748762239e-09 1.0517720028e-08 1.5723315983e-08 2.2974875336e-08 3.2824704732e-08 4.5874447352e-08 
6.2744490492e-08 8.4033480618e-08 1.1026962454e-07 1.4185664554e-07 1.7901675164e-07 2.2173306036e-07 2.6969391342e-07 3.222419025e-07 3.7833305555e-07 
4.3651385795e-07 4.9492859944e-07 5.5136825949e-07 6.0337271179e-07 6.4838769731e-07 6.8396775532e-07 7.0800331287e-07 7.1894015718e-07 7.1595644613e-07 
6.990681527e-07 6.6914321906e-07 6.2782305577e-07 5.7736258441e-07 5.2041235676e-07 4.5977361651e-07 3.981612906e-07 3.3800057508e-07 2.8128124541e-07 
2.2947692457e-07 1.8352859854e-07 1.4388078284e-07 1.105549714e-07 8.3242881033e-08 6.140528086e-08 4.4364593776e-08 3.1384644217e-08 2.1733509215e-08 
1.4728878561e-08 9.7668264587e-09 6.3361462743e-09 4.0212388974e-09 2.4966921863e-09 1.5166315981e-09 9.0151713872e-10 5.2449433685e-10 2.987404768e-10 
1.6663283253e-10 9.1048557582e-11 4.8748730747e-11 2.5583238653e-11 1.3163171941e-11 6.6415818158e-12 3.2867027242e-12 1.5954266987e-12 7.5971114165e-13 
3.5488067563e-13 1.6261770847e-13 7.3093732401e-14 3.2224358815e-14 1.3932831397e-14 5.9074800952e-15 2.4560169233e-15 1.0011353454e-15 4.0011512382e-16 
1.5686107859e-16 6.0565807109e-17 2.373390785e-17 1.1388577179e-17 3.6081883017e-17 7.7516048114e-17 2.0371380609e-16 5.4203200012e-16 1.4189288409e-15 
3.6406208756e-15 9.1495109828e-15 2.2517964327e-14 5.4261564182e-14 1.2800109822e-13 2.9554280572e-13 6.6778928307e-13 1.4763796739e-12 3.1931779269e-12 
6.7552482705e-12 1.3975868206e-11 2.8272325453e-11 5.5913357278e-11 1.0808553358e-10 2.0419531344e-10 3.7694813937e-10 6.7984684549e-10 1.1977813186e-09 
2.0612664908e-09 3.4645546432e-09 5.6872231369e-09 9.1179348516e-09 1.4277885541e-08 2.1840268261e-08 3.2641107595e-08 4.7676426362e-08 6.8081298821e-08 
9.5087784757e-08 1.2996143539e-07 1.7391856488e-07 2.2802882427e-07 2.9310911032e-07 3.6961370142e-07 4.5752403821e-07 5.5624082052e-07 6.6448205871e-07 
7.8019462535e-07 9.0049366008e-07 1.0216560895e-06 1.1391961152e-06 1.248051376e-06 1.3428898455e-06 1.4185271766e-06 1.4704123714e-06 1.4951078811e-06 
1.4906974002e-06 1.4570402982e-06 1.39583085e-06 1.3104512391e-06 1.2056344758e-06 1.0869925973e-06 9.604771094e-07 8.3185517497e-07 7.0626322213e-07 
5.8789277091e-07 4.79823143e-07 3.8399883806e-07 3.0131863582e-07 2.3180130881e-07 1.7478805603e-07 1.2915087666e-07 9.3483897956e-08 6.626525817e-08 
4.5983629349e-08 3.1229280495e-08 2.0751931729e-08 1.3490245365e-08 8.5784321868e-09 5.3360662555e-09 3.2470890421e-09 1.9332802026e-09 1.1264684741e-09 
6.4251820531e-10 3.5886255079e-10 1.9633099313e-10 1.0524691535e-10 5.5299889667e-11 2.8487523104e-11 1.4391396928e-11 7.1309780997e-12 3.4661661562e-12 
1.6528590562e-12 7.7324697209e-13 3.5488441612e-13 1.5977781706e-13 7.0561815397e-14 3.0563496612e-14 1.298283143e-14 5.4078339944e-15 2.2086500567e-15 
8.844534335e-16 3.4743520668e-16 1.3442453901e-16 5.2794064751e-17 2.5390545476e-17 7.3823937376e-17 1.5838605553e-16 4.1572792627e-16 1.1049609383e-15 
2.8897272267e-15 7.4076639598e-15 1.8601565194e-14 4.5747216101e-14 1.1016710412e-13 2.5974044421e-13 5.9945413433e-13 1.3540329882e-12 2.992864203e-12 
6.4722597941e-12 1.3691820247e-11 2.8328714374e-11 5.7315950597e-11 1.1337791817e-10 2.1923335369e-10 4.143153598e-10 7.6511152969e-10 1.3804314358e-09 
2.4329576132e-09 4.1881955681e-09 7.0412280451e-09 1.1560393531e-08 1.8535097013e-08 2.9022590553e-08 4.438610901e-08 6.6314832736e-08 9.6815675477e-08 
1.3816803346e-07 1.9283667996e-07 2.6334268455e-07 3.5209956195e-07 4.6122454478e-07 5.9233821048e-07 7.463613656e-07 9.2331282531e-07 1.1221078466e-06 
1.3403567891e-06 1.5741717334e-06 1.8180105599e-06 2.0646102712e-06 2.3050704385e-06 2.5291719794e-06 2.7259561648e-06 2.8845649922e-06 2.9952639125e-06 
3.0504984352e-06 3.0458138554e-06 2.9804789392e-06 2.8576866953e-06 2.684293122e-06 2.4701178063e-06 2.2269275632e-06 1.9672472718e-06 1.7032027699e-06 
1.4455401924e-06 1.2029537402e-06 9.8175109997e-07 7.858382105e-07 6.1694527176e-07 4.7500344635e-07 3.5858568026e-07 2.6534198128e-07 1.9238873961e-07 
1.3662965159e-07 9.5002327782e-08 6.4653860932e-08 4.3052551746e-08 2.8044949474e-08 1.7869330904e-08 1.1136464195e-08 6.7889098787e-09 4.0488483677e-09 
2.3628654588e-09 1.3497254425e-09 7.5490352858e-10 4.1354936142e-10 2.219752715e-10 1.1677979417e-10 6.023484489e-11 3.0468870482e-11 1.5117544369e-11 
7.3584298377e-12 3.5140221896e-12 1.6464617213e-12 7.5686380991e-13 3.4133164502e-13 1.5100422269e-13 6.5525201638e-14 2.7885847589e-14 1.1637670265e-14 
4.7622576692e-15 1.9108027792e-15 7.5210824126e-16 2.9158990095e-16 1.1477213055e-16 5.5322282736e-17 1.4757786219e-16 3.1621899855e-16 8.2903545589e-16 
2.2012666822e-15 5.7515671642e-15 1.4731627512e-14 3.6965510541e-14 9.0850924331e-14 2.1866342558e-13 5.1530822795e-13 1.1888643282e-12 2.684731994e-12 
5.9333623084e-12 1.2830933364e-11 2.714543694e-11 5.6174339486e-11 1.1368424258e-10 2.2495709462e-10 4.3516126813e-10 8.2274415059e-10 1.520045978e-09 
2.7437370154e-09 4.8377590822e-09 8.3309297239e-09 1.4009921223e-08 2.3005652494e-08 3.6887310984e-08 5.7753389626e-08 8.8304361157e-08 1.318779681e-07 
1.9242730787e-07 2.7442550277e-07 3.8268842673e-07 5.2211981938e-07 6.9739496666e-07 9.1260926638e-07 1.1709162209e-06 1.4741722225e-06 1.8225833855e-06 
2.2143431124e-06 2.6452380553e-06 3.1082299756e-06 3.5930549984e-06 4.0859572437e-06 4.5696956477e-06 5.0240219025e-06 5.4267347878e-06 5.755337952e-06 
5.9891685851e-06 6.1116948018e-06 6.1126042965e-06 5.9893118305e-06 5.7475708672e-06 5.4010583881e-06 4.9699556257e-06 4.4787484512e-06 3.9536116674e-06 
3.4198360481e-06 2.8996792025e-06 2.4109317565e-06 1.9662647901e-06 1.5732935026e-06 1.2351498526e-06 9.513505006e-07 7.1875530239e-07 5.3247441656e-07 
3.8664703084e-07 2.7506251854e-07 1.9162425247e-07 1.3067393922e-07 8.7195218157e-08 5.6917489388e-08 3.6339297793e-08 2.2691306611e-08 1.3858439729e-08 
8.2794713308e-09 4.8397339469e-09 2.7688371596e-09 1.550874873e-09 8.5078116774e-10 4.5727899245e-10 2.4089136241e-10 1.2441664365e-10 6.3019242602e-11 
3.1311300774e-11 1.5262681743e-11 7.299668682e-12 3.4255699406e-12 1.5772904901e-12 7.1254547401e-13 3.1578713711e-13 1.3727995791e-13 5.8532436439e-14 
2.4474241129e-14 1.0034577403e-14 4.0341701706e-15 1.5910333362e-15 6.1808984131e-16 2.4381639569e-16 1.1778514586e-16 2.883120158e-16 6.1703258537e-16 
1.6159094233e-15 4.2865512606e-15 1.1190649475e-14 2.8641192608e-14 7.1820296292e-14 1.7641324599e-13 4.2439760473e-13 9.997801198e-13 2.3059924196e-12 
5.2067087621e-12 1.1506654136e-11 2.4885178987e-11 5.2657544991e-11 1.0900009367e-10 2.2067524197e-10 4.3686837481e-10 8.4551993185e-10 1.5994725544e-09 
2.9567295279e-09 5.3398911959e-09 9.4199483769e-09 1.6228517197e-08 2.7299625671e-08 4.4836880875e-08 7.1894127984e-08 1.1254844878e-07 1.7203477398e-07 
2.5680512294e-07 3.7447409795e-07 5.336206641e-07 7.4343489587e-07 1.0132243915e-06 1.351823812e-06 1.7669655108e-06 2.2646670459e-06 2.848652457e-06 
3.5197831494e-06 4.2754290916e-06 5.1087117754e-06 6.0075826696e-06 6.9538364187e-06 7.9222581917e-06 8.8802653408e-06 9.7884712886e-06 1.0602501789e-05 
1.1276200894e-05 1.1765999261e-05 1.203586271e-05 1.2062024325e-05 1.1836586054e-05 1.1369288586e-05 1.0687002941e-05 9.8308746601e-06 8.8515917014e-06 
7.803594599e-06 6.7393470999e-06 5.7045890571e-06 4.7352955335e-06 3.8564485294e-06 3.0824151054e-06 2.4184055292e-06 1.8624762106e-06 1.4076236994e-06 
1.043662337e-06 7.5876374694e-07 5.4062428489e-07 3.7730498548e-07 2.5779792168e-07 1.7237329075e-07 1.1275120926e-07 7.2133985896e-08 4.5132040327e-08 
2.7616312792e-08 1.652867887e-08 9.6782866166e-09 5.5459437043e-09 3.1111493382e-09 1.7092278704e-09 9.1998764162e-10 4.8532272645e-10 2.5101254408e-10 
1.2732249977e-10 6.3352378898e-11 3.0927361366e-11 1.4814604404e-11 6.9634016435e-12 3.2116575024e-12 1.453400551e-12 6.4527745126e-13 2.8103436462e-13 
1.2005119934e-13 5.0293323244e-14 2.0660507471e-14 8.3223003006e-15 3.2886805919e-15 1.2801598567e-15 5.0606931052e-16 2.4501089744e-16 5.5063695489e-16 
1.177123275e-15 3.0795434985e-15 8.162041667e-15 2.1291672378e-14 5.4456222517e-14 1.3647257966e-13 3.3505313866e-13 8.0572121241e-13 1.8975513435e-12 
4.3759644346e-12 9.8800108719e-12 2.1836005226e-11 4.7233116723e-11 9.9976540935e-11 2.0703451453e-10 4.1936243367e-10 8.3069418011e-10 1.6087723376e-09 
3.0453828348e-09 5.6334239495e-09 1.0180663423e-08 1.7969970401e-08 3.0973538401e-08 5.2122697269e-08 8.5624556334e-08 1.3730171133e-07 2.149134275e-07 
3.2839864161e-07 4.8996861324e-07 7.1397681722e-07 1.0165103959e-06 1.4146941112e-06 1.925749757e-06 2.5659253424e-06 3.3494329728e-06 4.2875012696e-06 
5.3875523918e-06 6.6523939495e-06 8.079185136e-06 9.6579860838e-06 1.136973242e-05 1.3183826923e-05 1.505576347e-05 1.6925569071e-05 1.8718033971e-05 
2.0345616576e-05 2.1714473405e-05 2.2733298465e-05 2.3323880669e-05 2.3431690352e-05 2.3034495825e-05 2.2147229174e-05 2.0821820726e-05 1.9141631128e-05 
1.7211254089e-05 1.5143647943e-05 1.3047279026e-05 1.10156152e-05 9.1206729849e-06 7.4108138506e-06 5.9121525737e-06 4.6322288654e-06 3.5646498873e-06 
2.693654551e-06 1.9979913759e-06 1.4539101585e-06 1.0372997394e-06 7.2513159921e-07 4.9638134669e-07 3.3256469578e-07 2.1798369687e-07 1.3974639046e-07 
8.7612470168e-08 5.3715151438e-08 3.2209367617e-08 1.8893645759e-08 1.0844950715e-08 6.0935998469e-09 3.3529456989e-09 1.8074343133e-09 9.5489183227e-10 
4.9460630036e-10 2.5125562741e-10 1.2520810777e-10 6.1219432301e-11 2.9372091565e-11 1.3828913709e-11 6.3891262073e-12 2.8964491396e-12 1.2882962926e-12 
5.6212743878e-13 2.4058118236e-13 1.0097998148e-13 4.1562554857e-14 1.6774301674e-14 6.6414913188e-15 2.5903904418e-15 1.0261925917e-15 4.9788919571e-16 
1.0285373907e-15 2.1964479118e-15 5.7407971402e-15 1.5203204635e-14 3.9631306185e-14 1.012994281e-13 2.5373255472e-13 6.2267216123e-13 1.4968988505e-12 
3.5246259036e-12 8.1275116845e-12 1.8351027295e-11 4.0564992337e-11 8.7772032697e-11 1.85863408e-10 3.8510247768e-10 7.8056111574e-10 1.5473217152e-09 
2.9990496753e-09 5.6819198235e-09 1.0519355165e-08 1.9025621967e-08 3.3606411876e-08 5.7959915978e-08 9.7580411307e-08 1.6034668704e-07 2.5714865615e-07 
4.0247249444e-07 6.1482882074e-07 9.1688434622e-07 1.3351556163e-06 1.8991652269e-06 2.6400593924e-06 3.5888310776e-06 4.7744329095e-06 6.2221197368e-06 
7.952238775e-06 9.9794042399e-06 1.2311631508e-05 1.4948806893e-05 1.7879838197e-05 2.1078221835e-05 2.4496284823e-05 2.8059019314e-05 3.1659201341e-05 
3.515595381e-05 3.8378821046e-05 4.1138700908e-05 4.3245439883e-05 4.4530032028e-05 4.4868131226e-05 4.4200383854e-05 4.2545456381e-05 4.000195986e-05 
3.6737899791e-05 3.2968760934e-05 2.8928787287e-05 2.4841880077e-05 2.0898316507e-05 1.7241038222e-05 1.3961982404e-05 1.110651101e-05 8.682565749e-06 
6.6713687374e-06 5.0373587328e-06 3.7361492105e-06 2.7202556794e-06 1.9428698579e-06 1.3601874116e-06 9.3275070867e-07 6.2614606122e-07 4.1126003225e-07 
2.6420423183e-07 1.6598293939e-07 1.0196923483e-07 6.1262824147e-08 3.6002848702e-08 2.0702319858e-08 1.1652071308e-08 6.4219469742e-09 3.467321541e-09 
1.8347018349e-09 9.5180330284e-10 4.8426523902e-10 2.4170737634e-10 1.1837268665e-10 5.6887914518e-11 2.682970339e-11 1.2417429932e-11 5.6394537477e-12 
2.5129501344e-12 1.0985326147e-12 4.710421506e-13 1.9808864293e-13 8.1687484739e-14 3.3031391478e-14 1.3103199047e-14 5.1205606527e-15 2.0327249134e-15 
9.8829612588e-16 1.8800552715e-15 4.01095088e-15 1.0474064683e-14 2.77175828e-14 7.2206543316e-14 1.8445967952e-13 4.6181493959e-13 1.1329048593e-12 
2.7228106922e-12 6.4103501153e-12 1.4781778232e-11 3.3380243014e-11 7.3807883416e-11 1.5976918399e-10 3.3851565995e-10 7.0188949097e-10 1.4238383805e-09 
2.8251450068e-09 5.4812905326e-09 1.0395623917e-08 1.9266394702e-08 3.4880809352e-08 6.16691338e-08 1.0644289716e-07 1.7931962759e-07 2.9479969044e-07 
4.7290777161e-07 7.402465485e-07 1.1307400882e-06 1.6857883338e-06 2.4535434022e-06 3.4871163734e-06 4.8417623475e-06 6.5714689299e-06 8.7257203631e-06 
1.1347277905e-05 1.4471411305e-05 1.8126213035e-05 2.2332655135e-05 2.7102598324e-05 3.2433177694e-05 3.8296919229e-05 4.4628242904e-05 5.1308361435e-05 
5.8152003476e-05 6.4900668804e-05 7.122689567e-05 7.6753189205e-05 8.1086254795e-05 8.3862891188e-05 8.480156248e-05 8.3749939222e-05 8.0718578829e-05 
7.58909664e-05 6.9604226155e-05 6.2302169681e-05 5.4470714531e-05 4.6572011343e-05 3.8992417103e-05 3.2013540476e-05 2.5806901249e-05 2.0446699637e-05 
1.5932262613e-05 1.2212552065e-05 9.2076497822e-06 6.8249469223e-06 4.9698978728e-06 3.5524062696e-06 2.4902155928e-06 1.7104964627e-06 1.1504218946e-06 
7.5715564662e-07 4.8744192327e-07 3.0687564845e-07 1.8891556408e-07 1.1372814157e-07 6.6964958023e-08 3.8577692152e-08 2.1751842993e-08 1.2009071959e-08 
6.4948224576e-09 3.4423648376e-09 1.7887591408e-09 9.1159696458e-10 4.5575529461e-10 2.2357699025e-10 1.0763252095e-10 5.0851378663e-11 2.3577462899e-11 
1.0727403341e-11 4.7890025279e-12 2.0974244477e-12 9.0105321208e-13 3.7963791724e-13 1.5684972581e-13 6.3543341053e-14 2.5254124692e-14 9.8876358219e-15 
3.9330179196e-15 1.9160689948e-15 3.3652451705e-15 7.1729587534e-15 1.8715816386e-14 4.9493551347e-14 1.2885723846e-13 3.2901106969e-13 8.2337018063e-13 
2.0192250649e-12 4.8520402106e-12 1.1422501833e-11 2.6341529652e-11 5.949848253e-11 1.316111109e-10 2.8505600658e-10 6.0441857075e-10 1.2543591721e-09 
2.5472663978e-09 5.060241115e-09 9.8304280272e-09 1.8669114255e-08 3.4646635783e-08 6.2808339862e-08 1.1118135745e-07 1.9211555013e-07 3.2396340544e-07 
5.3303722325e-07 8.5568484565e-07 1.3401970591e-06 2.048100896e-06 3.0542464629e-06 4.4450425776e-06 6.3144289015e-06 8.7578309831e-06 1.186535701e-05 
1.5716372218e-05 2.0377605324e-05 2.5905648727e-05 3.2352312701e-05 3.9768881834e-05 4.8204346967e-05 5.7693927374e-05 6.8236673542e-05 7.9764336988e-05 
9.210591088e-05 0.0001049546554 0.00011784696835 0.00013016279263 0.00014115650265 0.00015002090367 0.00015598084428 0.00015840427659 0.00015691216686 
0.00015146376973 0.00014239180018 0.00013037012832 0.00011631295638 0.00010122932144 8.6073254352e-05 7.1627626312e-05 5.8443278249e-05 4.6833665692e-05 
3.6909623304e-05 2.8633445254e-05 2.1874311642e-05 1.6454365323e-05 1.2181179954e-05 8.8674760264e-06 6.3412703639e-06 4.4499802243e-06 3.0613077797e-06 
2.0627160211e-06 1.3603387288e-06 8.7761861778e-07 5.5370429664e-07 3.4159126017e-07 2.0606699991e-07 1.2157971696e-07 7.0176596978e-08 3.964292361e-08 
2.1926434002e-08 1.1879436101e-08 6.3072889134e-09 3.2831339869e-09 1.6760618449e-09 8.3940898676e-10 4.1250727834e-10 1.9893932335e-10 9.4159249842e-11 
4.3737163197e-11 1.9936540266e-11 8.9167805084e-12 3.912554742e-12 1.683975767e-12 7.1082674252e-13 2.9422631324e-13 1.1941643963e-13 4.7546263259e-14 
1.8649676665e-14 7.432710724e-15 3.6280733531e-15 5.9035795085e-15 1.2572622691e-14 3.2779277204e-14 8.662739444e-14 2.254077052e-13 5.7525528395e-13 
1.4390542794e-12 3.5281482597e-12 8.4765996305e-12 1.9955231911e-11 4.6026224498e-11 1.0399615891e-10 2.3016333284e-10 4.9887982634e-10 1.0588103727e-09 
2.1999260191e-09 4.4735446458e-09 8.9004963399e-09 1.7319660373e-08 3.2949792228e-08 6.1258624839e-08 1.1124861032e-07 1.9726839184e-07 3.4143309335e-07 
5.7667330111e-07 9.5031850833e-07 1.5279435956e-06 2.3969275844e-06 3.6687708871e-06 5.4787765293e-06 7.9815044955e-06 1.1341027857e-05 1.5716968846e-05 
2.1250125428e-05 2.8053684218e-05 3.621556607e-05 4.5813270845e-05 5.6935987232e-05 6.9702589826e-05 8.4262464952e-05 0.00010077051411 0.00011933583301 
0.00013995058544 0.00016240940022 0.00018623290816 0.00021061151347 0.00023439017241 0.00025611289311 0.00027413887437 0.00028682744596 0.00029277414433 
0.000291060569 0.00028146547265 0.00026457305648 0.00024172478879 0.00021480394935 0.00018590730906 0.00015700377116 0.00012967527437 0.00010499088967 
8.3509679826e-05 6.5371423261e-05 5.0424405345e-05 3.8349109673e-05 2.8755403036e-05 2.1246520191e-05 1.5454097593e-05 1.1052768059e-05 7.7628865256e-06 
5.3478415794e-06 3.6097728753e-06 2.3853840503e-06 1.5422095885e-06 9.751312291e-07 6.0288903114e-07 3.6447502794e-07 2.1548871132e-07 1.2463276278e-07 
7.0543286768e-08 3.9091727189e-08 2.1218806268e-08 1.1286603652e-08 5.8856857166e-09 3.010119265e-09 1.5102672446e-09 7.4353606605e-10 3.5924160868e-10 
1.7034529343e-10 7.9272623188e-11 3.6201843606e-11 1.6221740964e-11 7.1310912904e-12 3.0749118529e-12 1.3003319125e-12 5.3920773012e-13 2.1923592499e-13 
8.7443412428e-14 3.4359461213e-14 1.3719218158e-14 6.7090824304e-15 1.0159636736e-14 2.1618926945e-14 5.6322669781e-14 1.4875214504e-13 3.8684374172e-13 
9.8678465572e-13 2.4676103175e-12 6.0483224332e-12 1.4529791433e-11 3.4207046917e-11 7.8916588542e-11 1.7839335564e-10 3.9509406857e-10 8.571887089e-10 
1.8215150499e-09 3.7903125083e-09 7.7211836924e-09 1.539261163e-08 3.0018323827e-08 5.7241333451e-08 1.0667765338e-07 1.9421000275e-07 3.4523995396e-07 
5.9907614514e-07 1.0145512306e-06 1.6767819488e-06 2.7046389732e-06 4.257812634e-06 6.5412027652e-06 9.8029931905e-06 1.4322121388e-05 2.0382907678e-05 
2.8240487154e-05 3.8088797737e-05 5.0047830882e-05 6.4183652285e-05 8.056218212e-05 9.9320182926e-05 0.00012072228856 0.00014516992087 0.00017314402794 
0.00020508514717 0.00024123254116 0.00028144693351 0.00032504127012 0.00037064656499 0.0004161503748 0.00045874764328 0.00049513939302 0.00052188942209 
0.00053591415053 0.00053504126845 0.00051852181787 0.00048733633594 0.00044414377771 0.00039282249054 0.00033772777533 0.00028291594936 0.00023157004034 
0.00018574438582 0.00014640517475 0.00011365948012 8.7050873844e-05 6.5830536187e-05 4.9158152251e-05 3.6225112126e-05 2.6313891794e-05 1.8815289877e-05 
1.3223212591e-05 9.1210040409e-06 6.1671557887e-06 4.0834311221e-06 2.6456973501e-06 1.676561169e-06 1.038860546e-06 6.2941802526e-07 3.7292943489e-07 
2.1614282275e-07 1.2258763604e-07 6.8067038228e-08 3.70183173e-08 1.9728302547e-08 1.0307317666e-08 5.2814095319e-09 2.654822584e-09 1.3094809681e-09 
6.3386906834e-10 3.0113320171e-10 1.4039960861e-10 6.4236810315e-11 2.8837368257e-11 1.2700204603e-11 5.4862225873e-12 2.3241725385e-12 9.6544907485e-13 
3.9321424263e-13 1.5709967507e-13 6.1833350939e-14 2.4732689516e-14 1.2116171883e-14 1.7169679713e-14 3.6506564373e-14 9.5038113121e-14 2.5084174646e-13 
6.5196806287e-13 1.6622747016e-12 4.1551900809e-12 1.0182137251e-11 2.445807272e-11 5.7586584806e-11 1.3289756795e-10 3.0059849054e-10 6.6634592288e-10 
1.4474748067e-09 3.08074255e-09 6.4230385455e-09 1.3114202169e-08 2.6211987247e-08 5.1265150347e-08 9.8060041864e-08 1.8335168761e-07 3.3495979324e-07 
5.9765767446e-07 1.0412948086e-06 1.7715391323e-06 2.9433799682e-06 4.7767694014e-06 7.5718749031e-06 1.1717896086e-05 1.7685115381e-05 2.598834908e-05 
3.7117148167e-05 5.1446619182e-05 6.9164918386e-05 9.0262561571e-05 0.00011461257236 0.00014213535178 0.00017300015315 0.0002077815152 0.00024748683791 
0.00029341768823 0.00034688823507 0.00040886498755 0.00047958822688 0.00055821519345 0.00064252299489 0.0007287284825 0.00081151019549 0.0008843226824 
0.00094005797291 0.00097204087069 0.00097525201272 0.00094753951998 0.0008904414135 0.00080920255277 0.0007118001231 0.00060726416996 0.00050391914556 
0.00040812560474 0.0003237783385 0.00025247453596 0.00019407559012 0.00014737652964 0.00011068611639 8.2232705608e-05 6.0393576859e-05 4.378912854e-05 
3.1292998756e-05 2.2001884645e-05 1.5193827494e-05 1.0290264981e-05 6.8268459472e-06 4.4326689022e-06 2.8152096547e-06 1.7483288275e-06 1.0616254258e-06 
6.3038783082e-07 3.6614255805e-07 2.0809586943e-07 1.157822993e-07 6.3094979907e-08 3.3692128198e-08 1.7637457717e-08 9.0549336917e-09 4.5604857668e-09 
2.2537756106e-09 1.093055868e-09 5.202677178e-10 2.4302548862e-10 1.1139805745e-10 5.0100812388e-11 2.2104516134e-11 9.5655193835e-12 4.0592928324e-12 
1.689038449e-12 6.8904647613e-13 2.75731586e-13 1.0869765781e-13 4.3549775467e-14 2.1369248737e-14 2.8526910922e-14 6.0605458098e-14 1.5765456974e-13 
4.1583080837e-13 1.0801427027e-12 2.7525221685e-12 6.877640818e-12 1.6848862583e-11 4.0468531304e-11 9.5297422731e-11 2.2002125122e-10 4.9804393942e-10 
1.1053010729e-09 2.4047854819e-09 5.1286317415e-09 1.0719341859e-08 2.1950626206e-08 4.4021639667e-08 8.6420676837e-08 1.6598662e-07 3.1175372328e-07 
5.7234535689e-07 1.026891141e-06 1.8006912796e-06 3.0870676255e-06 5.1765714488e-06 8.492714187e-06 1.3627594853e-05 2.1359788661e-05 3.2624149753e-05 
4.8401161621e-05 6.9519745011e-05 9.6425595984e-05 0.00012902510935 0.00016671791673 0.00020866439445 0.00025424416526 0.00030357585638 0.00035790336551 
0.0004196507216 0.00049207609845 0.00057861616369 0.00068209395977 0.00080393458484 0.00094345014077 0.0010972182499 0.0012586292578 0.0014177659759 
0.0015618411126 0.0016763699241 0.0017471379833 0.0017628112109 0.00171773287 0.0016140440712 0.0014620320871 0.0012780709658 0.0010808197549 
0.00088725419482 0.00070995138958 0.00055615667952 0.00042833344196 0.00032550533069 0.00024473419762 0.00018233024457 0.00013464667427 9.8488977528e-05 
7.1248156019e-05 5.0873793953e-05 3.5779059544e-05 2.4734603358e-05 1.677896762e-05 1.1153308151e-05 7.2572865975e-06 4.6193649723e-06 2.8751946957e-06 
1.7497753788e-06 1.0412902611e-06 6.0610869923e-07 3.4520988379e-07 1.9247151783e-07 1.0510197512e-07 5.6237478674e-08 2.949892064e-08 1.5174716594e-08 
7.6578041686e-09 3.7918712614e-09 1.8425760917e-09 8.7869550525e-10 4.1122347194e-10 1.8884341313e-10 8.5084106427e-11 3.7604811626e-11 1.6300748945e-11 
6.9288806463e-12 2.8876350096e-12 1.179826961e-12 4.7282777737e-13 1.8666960881e-13 7.4903360695e-14 3.6809165199e-14 4.6649760199e-14 9.9023152417e-14 
2.5738097634e-13 6.783722889e-13 1.7609298351e-12 4.4847398364e-12 1.1200646313e-11 2.7431099059e-11 6.5880162436e-11 1.5516919694e-10 3.5844935353e-10 
8.1217776948e-10 1.8050676509e-09 3.9350549486e-09 8.4136626555e-09 1.7640628514e-08 3.6258089864e-08 7.3025951508e-08 1.4405117099e-07 2.7816756187e-07 
5.2562154451e-07 9.7172880942e-07 1.7579468476e-06 3.1139763905e-06 5.405792308e-06 9.2042737379e-06 1.5373105271e-05 2.5156150514e-05 4.0210528823e-05 
6.2495790189e-05 9.3933929747e-05 0.00013585037959 0.00018838734832 0.00025021744659 0.00031881191535 0.00039126115735 0.00046544711222 0.00054126337636 
0.00062146876007 0.00071173434844 0.00081977911759 0.00095387652982 0.001121169189 0.0013261106797 0.001569100772 0.0018452584045 0.0021433718503 
0.0024453415535 0.002726634033 0.0029582513962 0.0031104958616 0.0031583693344 0.0030878284015 0.002901095897 0.0026182190049 0.0022727353498 
0.0019030194962 0.0015433852095 0.0012183354702 0.00094098772388 0.00071469374234 0.00053615821525 0.00039861863479 0.00029428876587 0.00021585685317 
0.00015717578935 0.00011341135541 8.0901409092e-05 5.6910255807e-05 3.9384813135e-05 2.6759953471e-05 1.7822105292e-05 1.1620858459e-05 7.4128765846e-06 
4.6240220399e-06 2.820189593e-06 1.6819031998e-06 9.8107341273e-07 5.5994519244e-07 3.1284625379e-07 1.7118672702e-07 9.1785302914e-08 4.8243077089e-08 
2.4867011561e-08 1.2573977415e-08 6.2384439836e-09 3.0373039639e-09 1.4511903901e-09 6.8040412193e-10 3.1301927716e-10 1.4127740644e-10 6.2545503499e-11 
2.715569436e-11 1.1560824346e-11 4.8251702113e-12 1.9742694892e-12 7.9229163378e-13 3.1321044933e-13 1.2585291424e-13 6.1930400586e-14 7.5164809273e-14 
1.594045127e-13 4.1395028681e-13 1.0901395888e-12 2.8276456697e-12 7.1965914131e-12 1.7963748544e-11 4.397891426e-11 1.0561290731e-10 2.4881510741e-10 
5.7516552632e-10 1.3047637415e-09 2.9049993522e-09 6.3483147628e-09 1.3615973238e-08 2.8657712647e-08 5.9170272237e-08 1.1979950898e-07 2.3773921498e-07 
4.6225875394e-07 8.8057623771e-07 1.6440005766e-06 3.0109085856e-06 5.4173478929e-06 9.5908062576e-06 1.6722331566e-05 2.8692653359e-05 4.8289559345e-05 
7.9250930867e-05 0.0001258723205 0.00019196554786 0.00027929226053 0.00038614793448 0.00050705496687 0.00063402793603 0.00075894838665 0.00087630614871 
0.00098573171999 0.001093644416 0.0012130425312 0.0013613766059 0.0015572931152 0.0018172340933 0.0021525151096 0.0025668814778 0.0030541950837 
0.0035961347166 0.0041604787111 0.0047011431307 0.0051612788811 0.0054802075028 0.0056041320786 0.0054995142855 0.0051661296748 0.0046427906491 
0.0039981403388 0.0033107320778 0.0026491389144 0.0020601497963 0.0015665964456 0.0011718310416 0.00086678739171 0.00063660636079 0.00046539015602 
0.0003388938494 0.00024559482699 0.00017675141862 0.00012597198656 8.8644665084e-05 6.1416663812e-05 4.1797331505e-05 2.7889487683e-05 1.8221688151e-05 
1.1647216525e-05 7.2801503848e-06 4.4491625886e-06 2.6587367756e-06 1.5539867491e-06 8.8871445314e-07 4.9753072062e-07 2.7279270398e-07 1.4655819314e-07 
7.7187088721e-08 3.986587771e-08 2.0198058337e-08 1.0040598575e-08 4.8977941702e-09 2.3444648445e-09 1.1012036838e-09 5.0748649727e-10 2.2942872602e-10 
1.0173260151e-10 4.4236492941e-11 1.8859552808e-11 7.8821749475e-12 3.2292410933e-12 1.297516131e-12 5.1354775467e-13 2.0660289614e-13 1.0178649915e-13 
1.1944179641e-13 2.5304397792e-13 6.5645010044e-13 1.7271373134e-12 4.4759660388e-12 1.1382713348e-11 2.8394715398e-11 6.9486812138e-11 1.668495897e-10 
3.9319680845e-10 9.0964152877e-10 2.0664092659e-09 4.6104036144e-09 1.0103940795e-08 2.1750505397e-08 4.5984073438e-08 9.5450673143e-08 1.9445921851e-07 
3.8871587549e-07 7.6241371971e-07 1.468052119e-06 2.7788121315e-06 5.1816628002e-06 9.5429304565e-06 1.739290019e-05 3.1373481761e-05 5.5829674238e-05 
9.7344629467e-05 0.00016471647541 0.00026763105416 0.00041352573317 0.00060327566462 0.00082799099619 0.0010696812533 0.0013062314829 0.0015179469483 
0.001693214057 0.0018328196602 0.0019525419921 0.0020816801116 0.0022579410579 0.0025207903236 0.0029051650781 0.0034364883322 0.0041266400367 
0.0049697696231 0.0059374095872 0.0069739148021 0.0079948632047 0.0088915387169 0.0095432642847 0.0098372679204 0.0096953092143 0.0091054067016 
0.0081424657255 0.0069476752542 0.0056813028641 0.0044785253704 0.0034262828995 0.0025619890075 0.0018853411311 0.0013738602865 0.00099619315006 
0.00072094460484 0.00052121147746 0.00037602588418 0.00027002443676 0.00019235428772 0.00013544644753 9.3968505098e-05 6.405775639e-05 4.2819723603e-05 
2.8027005101e-05 1.7946569642e-05 1.1237161743e-05 6.8793142418e-06 4.1180919652e-06 2.4112007395e-06 1.3814349131e-06 7.7479836591e-07 4.256174293e-07 
2.291016159e-07 1.2089330426e-07 6.2560467029e-08 3.1757330987e-08 1.5816738141e-08 7.7296782308e-09 3.7066620884e-09 1.7440346944e-09 8.0505602185e-10 
3.6452474372e-10 1.6187477747e-10 7.0485749182e-11 3.008960095e-11 1.2590982076e-11 5.164271788e-12 2.0772420242e-12 8.2300128084e-13 3.3144095649e-13 
1.634528423e-13 1.8731842249e-13 3.9638512741e-13 1.0271180607e-12 2.6994515564e-12 6.9886089103e-12 1.7756081327e-11 4.4259568233e-11 1.0825500218e-10 
2.5989477237e-10 6.1264410212e-10 1.4185472796e-09 3.2274691808e-09 7.217619391e-09 1.5867930969e-08 3.4296927964e-08 7.2869063672e-08 1.5215435667e-07 
3.1217444985e-07 6.2940017642e-07 1.2479318912e-06 2.4374226086e-06 4.7031326176e-06 8.9983996077e-06 1.7129999833e-05 3.2489198929e-05 6.1227401602e-05 
0.00011379757052 0.00020624379977 0.0003597640316 0.00059646344744 0.00093015574384 0.0013546969276 0.0018372560153 0.0023244076874 0.002759831259 
0.0031014655251 0.0033308966085 0.0034577066544 0.0035222778097 0.0035896780901 0.0037376263645 0.0040441560559 0.0045777228661 0.005390052218 
0.0065102991648 0.0079376921058 0.0096312323585 0.011498475447 0.013389321975 0.015102108009 0.016405010596 0.017068680376 0.016911352053 
0.01587626338 0.014109806158 0.011907637119 0.009596908465 0.0074395136908 0.0055908253416 0.0041060871445 0.0029703651089 0.0021315740887 
0.0015259983484 0.0010937276529 0.00078563037096 0.00056479650084 0.00040509467362 0.00028868537629 0.00020354162552 0.00014144764282 9.6590083558e-05 
6.4669358835e-05 4.2388881411e-05 2.7177891752e-05 1.7037871658e-05 1.0442938219e-05 6.2591029746e-06 3.6696503685e-06 2.105440899e-06 1.1826884929e-06 
6.5074925715e-07 3.50889934e-07 1.8548921332e-07 9.6162089847e-08 4.8903217476e-08 2.4400064191e-08 1.1945312295e-08 5.7379176965e-09 2.7041338058e-09 
1.250152315e-09 5.6687393668e-10 2.5206867149e-10 1.0989525956e-10 4.6966784628e-11 1.9673958643e-11 8.0772367961e-12 3.2518497443e-12 1.2894670141e-12 
5.1973215228e-13 2.565135875e-13 2.9004145548e-13 6.1295543294e-13 1.5862077277e-12 4.1636676745e-12 1.0766543039e-11 2.7325017249e-11 6.8049191282e-11 
1.6633436295e-10 3.9922079531e-10 9.4128527195e-10 2.1813366669e-09 4.9707606919e-09 1.114266901e-08 2.4576864988e-08 5.3341278061e-08 1.1391158949e-07 
2.3933517923e-07 4.9483730891e-07 1.0076561239e-06 2.0250533908e-06 4.0306476876e-06 7.9847850429e-06 1.582477671e-05 3.1473133276e-05 6.2715022068e-05 
0.00012425135355 0.00024165184004 0.00045440488611 0.00081390282139 0.0013706944883 0.0021484084427 0.0031126714312 0.0041578318924 0.0051343529485 
0.0059076100588 0.0064006219618 0.0066015855409 0.0065563218668 0.0063696810976 0.0061842398718 0.0061520901509 0.0064153629355 0.007096153684 
0.0082898521796 0.010058651678 0.012418786995 0.015318711288 0.018612729385 0.022043596953 0.025251591578 0.027812859043 0.029279071838 
0.029219353572 0.027410849929 0.024157311767 0.020104536787 0.015923982486 0.012110291049 0.0089241657406 0.0064305122942 0.0045709805563 
0.003230964765 0.0022856353316 0.0016246995656 0.00116164051 0.00083383225137 0.00059845717624 0.00042729181587 0.00030196094303 0.00021029166237 
0.00014384480892 9.642123041e-05 6.3248000515e-05 4.0569702833e-05 2.5440906029e-05 1.5598165191e-05 9.3529006335e-06 5.4868437473e-06 3.1506413052e-06 
1.7716567982e-06 9.760294688e-07 5.2702580433e-07 2.7902623856e-07 1.4488728084e-07 7.3804038436e-08 3.6885008825e-08 1.8086655729e-08 8.7014404571e-09 
4.1068282108e-09 1.9012624808e-09 8.6322116122e-10 3.8429520677e-10 1.6772189193e-10 7.1750015651e-11 3.0081642038e-11 1.2359843184e-11 4.9795154979e-12 
1.9758181636e-12 7.9686745483e-13 3.9351925581e-13 4.4341871212e-13 9.3571699868e-13 2.4178510756e-12 6.3376985951e-12 1.6365866995e-11 4.1483053104e-11 
1.0319407134e-10 2.5202981369e-10 6.0462668205e-10 1.4256671399e-09 3.3060660876e-09 7.5442319059e-09 1.6948261461e-08 3.7494096716e-08 8.1690970433e-08 
1.7529760044e-07 3.7057418467e-07 7.724443094e-07 1.5911236915e-06 3.2520158584e-06 6.6351913119e-06 1.3610623682e-05 2.8221717002e-05 5.916610462e-05 
0.00012451240036 0.00025941809872 0.00052602461074 0.0010206159204 0.0018668867415 0.0031803071033 0.0049972101115 0.0071928957477 0.0094552375376 
0.011382157914 0.012668258511 0.013205653988 0.013055186719 0.012377675623 0.011443075724 0.010560323484 0.010009435005 0.010021202266 
0.010788491927 0.012468383648 0.015180310234 0.018984137103 0.023833807558 0.029517224059 0.03561385721 0.041515167803 0.046505171806 
0.049763053656 0.050224322826 0.047033872455 0.040926516056 0.033418674022 0.02589886263 0.019259028137 0.013886522502 0.0098071275279 
0.0068499669433 0.0047740349546 0.0033438112587 0.0023639176507 0.0016879229806 0.0012138130842 0.00087434973102 0.00062686478486 0.00044462073129 
0.00031046030927 0.00021267129341 0.00014261051547 9.3505434052e-05 5.9922014771e-05 3.7534133298e-05 2.2987953344e-05 1.3772361854e-05 8.0755189629e-06 
4.6366376409e-06 2.6080115276e-06 1.4377105799e-06 7.7704561363e-07 4.1187334432e-07 2.1415131357e-07 1.0924013338e-07 5.4673733985e-08 2.684780398e-08 
1.2934270543e-08 6.1125788875e-09 2.8332556301e-09 1.2877904298e-09 5.7387739005e-10 2.5068397358e-10 1.0732349037e-10 4.5026333356e-11 1.8511008698e-11 
7.4614064927e-12 2.9618837764e-12 1.1950234639e-12 5.9034211981e-13 6.6911743073e-13 1.4096869288e-12 3.6365129658e-12 9.516889013e-12 2.453723856e-11 
6.2103155951e-11 1.542836553e-10 3.7639746875e-10 9.023319314e-10 2.1270825101e-09 4.9341348785e-09 1.127005067e-08 2.5359632616e-08 5.6233204759e-08 
1.228990385e-07 2.6480441306e-07 5.6296869388e-07 1.1834398492e-06 2.4703485906e-06 5.1562178669e-06 1.0858527276e-05 2.3264834454e-05 5.0874241424e-05 
0.00011290206749 0.00025067053502 0.00054636062123 0.0011470189784 0.0022814765107 0.0042420616373 0.0072926590219 0.011485302821 0.016446469352 
0.02131414786 0.025036718696 0.026951856911 0.027009245008 0.02556970343 0.023092130199 0.020259292796 0.017736235633 0.015995560214 
0.015338882804 0.016025543213 0.01827936247 0.022307893261 0.02826892212 0.036174602807 0.045757122338 0.056371565908 0.067058749497 
0.076770946383 0.084215819836 0.086668297648 0.080786086619 0.068828068674 0.054673738778 0.041182104498 0.029809940606 0.020977521315 
0.014507461339 0.0099634965882 0.006861585658 0.0047754580155 0.0033734168392 0.0024182039779 0.0017509938916 0.001271226909 0.0009178739856 
0.00065443676431 0.00045832013711 0.00031420309097 0.00021048163762 0.00013769271027 8.7974665803e-05 5.4927688325e-05 3.3536991396e-05 2.0038980438e-05 
1.1725619515e-05 6.7227906584e-06 3.7784575397e-06 2.0825002593e-06 1.1258418908e-06 5.9713761402e-07 3.107621751e-07 1.5869426306e-07 7.9518557072e-08 
3.9094825155e-08 1.8856484374e-08 8.9211882326e-09 4.1392675953e-09 1.8831116666e-09 8.3983375809e-10 3.671082327e-10 1.5725604152e-10 6.6005277632e-11 
2.7145660719e-11 1.094491598e-11 4.3455950643e-12 1.7535630066e-12 8.6634177479e-13 9.9595277771e-13 2.094492765e-12 5.3931581423e-12 1.4089032892e-11 
3.6261518094e-11 9.1619531406e-11 2.2724666593e-10 5.5362242568e-10 1.3257130949e-09 3.1228428732e-09 7.2419821251e-09 1.6545090631e-08 3.7256665308e-08 
8.2717811267e-08 1.8112386613e-07 3.9139808905e-07 8.3617845803e-07 1.7730833406e-06 3.7584602524e-06 8.0478293967e-06 1.7609414499e-05 3.9668168029e-05 
9.1783469543e-05 0.00021519612346 0.00050088955322 0.001132887206 0.0024442765862 0.0049577644095 0.0093449009582 0.016209859401 0.025643298402 
0.036672964692 0.047059297562 0.054092310369 0.056392863393 0.054349634796 0.049313101918 0.04233552143 0.035135854036 0.029149485752 
0.025029920042 0.02293218486 0.023176247254 0.026028962806 0.031805258244 0.040854167193 0.053384944797 0.069162510335 0.087281227112 
0.10633567721 0.1251963526 0.14275681973 0.15222336352 0.14015258849 0.11519981176 0.087865248322 0.063741527498 0.044669169933 
0.030600210652 0.020718157291 0.014017150737 0.0095763383433 0.006661505904 0.0047363671474 0.003434764687 0.0025215900969 0.0018548018998 
0.0013531324221 0.00097113539232 0.00068198458757 0.00046726188157 0.00031202554237 0.0002031227923 0.00012902368326 8.0068064563e-05 4.8604619224e-05 
2.8894210118e-05 1.6836354916e-05 9.622152902e-06 5.3959984143e-06 2.9700124742e-06 1.6046734572e-06 8.5108138137e-07 4.4309462055e-07 2.2642538511e-07 
1.1355358964e-07 5.5879468164e-08 2.6977113876e-08 1.2774330038e-08 5.9317590839e-09 2.7004452008e-09 1.2050421772e-09 5.2698939657e-10 2.2582104242e-10 
9.4806620887e-11 3.899608067e-11 1.5723733079e-11 6.2428217977e-12 2.5188785519e-12 1.244242773e-12 1.4608959658e-12 3.0662937467e-12 7.8796578637e-12 
2.0544451557e-11 5.2771700204e-11 1.3307163704e-10 3.2942831796e-10 8.0111678402e-10 1.9152881503e-09 4.5055559283e-09 1.0437541498e-08 2.3827851692e-08 
5.3631644903e-08 1.190561818e-07 2.6078225801e-07 5.6433697182e-07 1.2102859728e-06 2.5888830351e-06 5.5831819736e-06 1.2312140825e-05 2.8118000046e-05 
6.6741835326e-05 0.00016297704133 0.00040088378591 0.00096956314519 0.0022571431473 0.0049754022621 0.010257534683 0.019587876275 0.034347333014 
0.054809108377 0.078769899905 0.10076262057 0.11378069967 0.11508147418 0.10673967749 0.093167632818 0.075901061296 0.059470679611 
0.047026656568 0.038746122271 0.03366021812 0.032607171685 0.035889156163 0.043832216412 0.057042576373 0.076269805431 0.10160665959 
0.13193228841 0.16513690352 0.20070572197 0.24235790968 0.27624937892 0.24664507806 0.19109272957 0.13758505881 0.095152027905 
0.064235590398 0.042781621218 0.028401248157 0.019007364288 0.012969359756 0.009099913761 0.0065808924846 0.00487739034 0.0036604758352 
0.0027429950424 0.0020273441914 0.0014652701793 0.0010306079639 0.00070410681656 0.00046731869224 0.00030172069091 0.00018987280782 0.00011670857202 
7.0206537202e-05 4.1399314796e-05 2.3959204555e-05 1.3619238416e-05 7.6069704846e-06 4.1754469748e-06 2.2521446681e-06 1.1934660051e-06 6.2120597022e-07 
3.1750550988e-07 1.5930547193e-07 7.844170824e-08 3.7894373861e-08 1.7955256837e-08 8.3422069252e-09 3.7995695479e-09 1.6961102522e-09 7.4191730537e-10 
3.1795799327e-10 1.334899552e-10 5.4902547786e-11 2.2133489486e-11 8.7853890829e-12 3.5434864678e-12 1.7496317979e-12 2.1094068332e-12 4.418250054e-12 
1.1329382744e-11 2.9475876601e-11 7.5547818001e-11 1.9007780072e-10 4.6948600563e-10 1.1391562138e-09 2.7175437456e-09 6.3795435601e-09 1.4749806709e-08 
3.3609307337e-08 7.5510826036e-08 1.6733761754e-07 3.6603498188e-07 7.9189140934e-07 1.7025853367e-06 3.6722371988e-06 8.0638146756e-06 1.8342723706e-05 
4.3736883526e-05 0.00010902294889 0.00027887095348 0.00071286642924 0.0017758327303 0.0042275474407 0.0094841588289 0.019849687815 0.038446471095 
0.06838876754 0.11074324697 0.16133289039 0.20780101418 0.23145909607 0.22734069824 0.20263941586 0.17171570659 0.13237261772 
0.098310224712 0.076635062695 0.062363978475 0.049988485873 0.04500695318 0.047942645848 0.058373305947 0.07657263428 0.104830347 
0.14437530935 0.19416511059 0.2499435246 0.31024897099 0.40358117223 0.52797889709 0.43562930822 0.30780631304 0.20551678538 
0.13452152908 0.087387233973 0.056728739291 0.037121027708 0.024772131816 0.01706879586 0.012243481353 0.0091324336827 0.0070003895089 
0.0054149227217 0.0041509810835 0.0031111794524 0.0022617611103 0.0015893967357 0.0010793490801 0.00070949166548 0.00045263741049 0.00028113703593 
0.00017052725889 0.00010129369184 5.905515718e-05 3.3846779843e-05 1.9088813133e-05 1.0597796063e-05 5.7917945924e-06 3.1148226753e-06 1.6476685687e-06 
8.5682114559e-07 4.377859284e-07 2.1966755526e-07 1.0819391605e-07 5.2286868168e-08 2.4784183594e-08 1.1518777043e-08 5.2476329948e-09 2.3428230467e-09 
1.0248176752e-09 4.3915338033e-10 1.8433285454e-10 7.5789763354e-11 3.0541624785e-11 1.2116800618e-11 4.8841811671e-12 2.4099869236e-12 2.9946143221e-12 
6.25857699e-12 1.6011584419e-11 4.1562135678e-11 1.0627047159e-10 2.6670446407e-10 6.5702737695e-10 1.5898943273e-09 3.7822984744e-09 8.8539353627e-09 
2.0411208723e-08 4.6369361684e-08 1.0385060989e-07 2.2939241262e-07 5.0023555787e-07 1.080004381e-06 2.323828312e-06 5.0459334489e-06 1.1264980458e-05 
2.63678794e-05 6.5316315158e-05 0.00016955866886 0.00044969038572 0.001183160115 0.0030135142151 0.0073023177683 0.016639700159 0.035366788507 
0.069658204913 0.12630820274 0.20914275944 0.31246322393 0.41177102923 0.45381000638 0.43242675066 0.36698281765 0.30877581239 
0.22302132845 0.16040945053 0.13726995885 0.11698440462 0.080542504787 0.062600150704 0.063029237092 0.076792404056 0.09883608669 
0.13735488057 0.19672140479 0.27752691507 0.36875924468 0.44242805243 0.61505734921 1.1169781685 0.74835067987 0.4584980011 
0.28095749021 0.17470094562 0.11015947163 0.07042235136 0.045954588801 0.031011056155 0.021943638101 0.016387188807 0.012814920396 
0.0102767637 0.0082396389917 0.0064681116492 0.004907047376 0.0035765629727 0.0025017277803 0.0016823188635 0.0010911916615 0.00068542623194 
0.00041871741996 0.00024977474823 0.00014602101874 8.3906728833e-05 4.7490317229e-05 2.6507790608e-05 1.4597924746e-05 7.9300516518e-06 4.2468432184e-06 
2.2402928153e-06 1.1630706922e-06 5.9374355033e-07 2.978161433e-07 1.4667732273e-07 7.0891708503e-08 3.360757006e-08 1.5621173688e-08 7.1167352012e-09 
3.1770301945e-09 1.3894491113e-09 5.9521765294e-10 2.4973395574e-10 1.0262567185e-10 4.1330189271e-11 1.6385170998e-11 6.5990828253e-12 3.2531696521e-12 
4.1748466663e-12 8.7052075617e-12 2.2217271425e-11 5.7530251396e-11 1.4672020543e-10 3.6720385066e-10 9.0193746916e-10 2.1756649815e-09 5.1585002936e-09 
1.2032532304e-08 2.7633937805e-08 6.2523895394e-08 1.3942552357e-07 3.065679266e-07 6.6548705036e-07 1.4312655594e-06 3.0748235531e-06 6.6994366534e-06 
1.5130590327e-05 3.6173150875e-05 9.2136819148e-05 0.00024614471477 0.00066927308217 0.0017963987775 0.0046502668411 0.011432958767 0.026439568028 
0.057148847729 0.11487807333 0.21360634267 0.36482194066 0.56668394804 0.78945463896 0.85971903801 0.79358333349 0.61760401726 
0.5519464016 0.35662642121 0.26115685701 0.30238112807 0.27956396341 0.14652481675 0.0902165398 0.086132615805 0.11081430316 
0.12587760389 0.16945408285 0.25238090754 0.38399100304 0.55402189493 0.54245626926 0.61555892229 0.83033841848 1.137740612 
0.57127124071 0.32796952128 0.20007908344 0.12577645481 0.080923199654 0.053735520691 0.037464529276 0.027859579772 0.022130129859 
0.018427329138 0.015577825718 0.01295728609 0.010382764973 0.0079345488921 0.0057688988745 0.0039980178699 0.0026516241487 0.001691309968 
0.0010428895475 0.0006248926511 0.00036564251059 0.00020984691218 0.00011855576304 6.611081335e-05 3.6444984289e-05 1.9872559278e-05 1.0714835298e-05 
5.7074666984e-06 2.9998705031e-06 1.553819402e-06 7.9214123616e-07 3.9704156052e-07 1.9547938734e-07 9.4464709832e-08 4.4779238095e-08 2.0811837587e-08 
9.4798862094e-09 4.2308214709e-09 1.8495955878e-09 7.919346845e-10 3.3206357108e-10 1.3635916007e-10 5.4870413768e-11 2.1732997346e-11 8.7434530102e-12 
4.3053269283e-12 5.7091610085e-12 1.18763957e-11 3.0235057513e-11 7.8092525502e-11 1.9861642886e-10 4.9560966442e-10 1.213384504e-09 2.916592079e-09 
6.8886230054e-09 1.6001038716e-08 3.6582015639e-08 8.236687421e-08 1.8271681768e-07 3.9953476971e-07 8.623389931e-07 1.8443886347e-06 3.9446781557e-06 
8.5793444669e-06 1.9433644411e-05 4.6870209189e-05 0.00012096457067 0.00032782458584 0.00090312497923 0.0024519558065 0.0064153922722 0.015953825787 
0.037412032485 0.08236464113 0.16970615089 0.32591244578 0.57858520746 0.94568455219 1.5143506527 1.6052576303 1.4500961304 
0.89407610893 1.0624120235 0.50275379419 0.39364868402 0.8130761385 0.79080682993 0.25585332513 0.13426432014 0.13195426762 
0.21887952089 0.1704544723 0.19348876178 0.28975960612 0.49534654617 1.0017441511 0.62321519852 0.55643188953 0.59906804562 
0.63170945644 0.44976478815 0.29934051633 0.19630341232 0.12895563245 0.086127482355 0.059794209898 0.044278007001 0.035530880094 
0.030626857653 0.027429195121 0.02447216399 0.021021448076 0.017075745389 0.013051705435 0.0094070192426 0.0064266570844 0.0041874907911 
0.0026188141201 0.0015816470841 0.00092794699594 0.00053179787938 0.00029919773806 0.00016596121714 9.1052002972e-05 4.9507245421e-05 2.6696643545e-05 
1.4272100088e-05 7.5553384704e-06 3.9541828301e-06 2.0424120066e-06 1.0394377341e-06 5.2046982546e-07 2.5610256671e-07 1.2371874902e-07 5.8631677291e-08 
2.7242750278e-08 1.2405035221e-08 5.5338715832e-09 2.4179058755e-09 1.0345646562e-09 4.3345568801e-10 1.7783459427e-10 7.148830139e-11 2.8283523093e-11 
1.1364221196e-11 5.5882078479e-12 7.6507645705e-12 1.5877158963e-11 4.0317044842e-11 1.0385962923e-10 2.6340030157e-10 6.5520683323e-10 1.5985585078e-09 
3.8276666281e-09 9.0020861876e-09 2.0812709778e-08 4.7341011111e-08 1.0600899003e-07 2.3379519121e-07 5.0808336027e-07 1.0895015521e-06 2.3140753456e-06 
4.912049917e-06 1.0597124856e-05 2.3808715923e-05 5.701320697e-05 0.00014641994494 0.00039590187953 0.0010906226235 0.0029663257301 0.0077902167104 
0.019498201087 0.04621996358 0.103581734 0.21960157156 0.43986183405 0.82459157705 1.3596912622 1.0943580866 0.99860203266 
0.86453086138 0.6572073102 0.57613652945 0.37306272984 0.27381977439 0.3135086298 0.2907101512 0.1695086658 0.33683732152 
0.21810401976 0.63429301977 0.24628674984 0.19607488811 0.25687420368 0.37753632665 0.52879536152 0.47260314226 0.44150370359 
0.4384637475 0.42029598355 0.33828294277 0.24914188683 0.17589195073 0.12256583571 0.086816832423 0.064705252647 0.052351463586 
0.046389564872 0.043918952346 0.042380552739 0.039718039334 0.034939605743 0.028504597023 0.021608470008 0.015333957039 0.010273576714 
0.0065522193909 0.0040078107268 0.0023672489915 0.0013587553985 0.00076235411689 0.00042037680396 0.00022889325919 0.00012352145859 6.6221444285e-05 
3.5302469769e-05 1.870622873e-05 9.8385089586e-06 5.1258848544e-06 2.6397287911e-06 1.3409103303e-06 6.7066162046e-07 3.2977916931e-07 1.5923832564e-07 
7.5436815905e-08 3.5037583501e-08 1.5947064114e-08 7.1099091059e-09 3.1043672077e-09 1.3271977961e-09 5.5553939227e-10 2.2768267827e-10 9.1421259452e-11 
3.6123836561e-11 1.4493289381e-11 7.1159220009e-12 1.0038670416e-11 2.0782349799e-11 5.2636922598e-11 1.352358503e-10 3.4197830678e-10 8.4792228794e-10 
2.0612653806e-09 4.9156079207e-09 1.150845641e-08 2.6474046066e-08 5.9888542125e-08 1.3331742821e-07 2.9219722819e-07 6.3087605895e-07 1.3434311086e-06 
2.8309111713e-06 5.9492863329e-06 1.2658591913e-05 2.7901200156e-05 6.5240667027e-05 0.00016344692267 0.00043260876555 0.0011729854159 0.0031560366042 
0.0082313911989 0.020528756082 0.048685211688 0.10993545502 0.2383877039 0.50850516558 1.1359103918 0.9133682847 0.76521253586 
0.65959054232 0.55271756649 0.43917024136 0.3545755446 0.25467315316 0.18479698896 0.1583648026 0.13717861474 0.10206821561 
0.10101877898 0.1248818785 0.21324934065 0.15617384017 0.15774747729 0.20251794159 0.26958322525 0.33263888955 0.33699139953 
0.32972019911 0.32131782174 0.29989850521 0.25389292836 0.19949524105 0.15006420016 0.11165750772 0.085416346788 0.070047363639 
0.063335768878 0.062732703984 0.065311297774 0.067598380148 0.066068738699 0.058932468295 0.047783285379 0.035597715527 0.024693829939 
0.016141563654 0.010041757487 0.0059952037409 0.0034599008504 0.0019426961662 0.0010676544625 0.00057750177803 0.00030897368561 0.00016416152357 
8.6848456704e-05 4.5800778025e-05 2.4066923288e-05 1.2580534531e-05 6.5266067395e-06 3.3516380427e-06 1.6995290935e-06 8.4910470832e-07 4.1724024413e-07 
2.0137352408e-07 9.5357492569e-08 4.4269750532e-08 2.0137971291e-08 8.9724121466e-09 3.9144549824e-09 1.6719746698e-09 6.9911776368e-10 2.8619157044e-10 
1.1476736228e-10 4.5285254713e-11 1.8139881958e-11 8.8912965532e-12 1.2888413427e-11 2.6618087942e-11 6.7244869395e-11 1.7230855631e-10 4.3445835818e-10 
1.0737148948e-09 2.6005706477e-09 6.1759659609e-09 1.4391534187e-08 3.2933176186e-08 7.4071913048e-08 1.638716185e-07 3.5683052602e-07 7.6522968584e-07 
1.6178752276e-06 3.3809556044e-06 7.0259552558e-06 1.4695493519e-05 3.154281876e-05 7.1078793553e-05 0.00017057040532 0.00043318909593 0.0011350349523 
0.0029736382421 0.0075907018036 0.018561620265 0.043064195663 0.094269216061 0.19341939688 0.36504283547 0.59743535519 0.61810517311 
0.56598263979 0.47912892699 0.38561737537 0.30196034908 0.23628497124 0.1775136143 0.13300469518 0.1061302796 0.089701324701 
0.076912723482 0.07346098125 0.082979917526 0.10486730188 0.10681688786 0.12336860597 0.15455773473 0.19266298413 0.22556847334 
0.23821152747 0.23966442049 0.23394005001 0.21820364892 0.19047504663 0.15708822012 0.12548391521 0.10059317946 0.084574013948 
0.077720083296 0.079280249774 0.087629981339 0.099685750902 0.11002780497 0.11148209125 0.099830940366 0.079554453492 0.057679217309 
0.038826555014 0.024637326598 0.014904264361 0.0086715687066 0.0048878719099 0.0026863021776 0.0014479417587 0.00076963455649 0.00040542095667 
0.00021251649014 0.0001111618185 5.8089997765e-05 3.0312132367e-05 1.576521754e-05 8.1505559137e-06 4.1762382352e-06 2.1147379812e-06 1.0556628922e-06 
5.1846200222e-07 2.5012303695e-07 1.183937286e-07 5.4937949301e-08 2.4975985724e-08 1.1119834831e-08 4.8470862879e-09 2.0682304758e-09 8.6381868325e-10 
3.5316713443e-10 1.4143097804e-10 5.5722527287e-11 2.2282535192e-11 1.0902120352e-11 1.6183120816e-11 3.3344327299e-11 8.4026098579e-11 2.1474909351e-10 
5.3991988658e-10 1.3300650581e-09 3.2097240421e-09 7.5910078223e-09 1.7605565006e-08 4.0073981467e-08 8.9601179809e-08 1.9695944786e-07 4.259815114e-07 
9.0713160716e-07 1.9038227492e-06 3.9453625504e-06 8.1078633229e-06 1.6666470401e-05 3.4776749089e-05 7.5107447628e-05 0.00017070803733 0.00040934365825 
0.0010188204469 0.0025606930722 0.0063269492239 0.015065951273 0.034149605781 0.073073208332 0.14598579705 0.26541998982 0.41455599666 
0.50038462877 0.49281969666 0.40794178843 0.30844044685 0.22922319174 0.17342418432 0.13238824904 0.10283366591 0.083411253989 
0.071715608239 0.065104737878 0.06341573596 0.066812716424 0.075086481869 0.083833530545 0.098421692848 0.11840066314 0.14044584334 
0.15927824378 0.16978907585 0.17304855585 0.17000810802 0.16010522842 0.1436599642 0.12402008474 0.10562229156 0.092186257243 
0.086190633476 0.089153200388 0.10193143785 0.12431871146 0.15326826274 0.17979165912 0.1882968694 0.16766166687 0.12983796 
0.090727828443 0.05884976685 0.036091797054 0.021182589233 0.012001642026 0.0066103152931 0.0035608287435 0.0018863999285 0.00098792731296 
0.00051390728913 0.00026658154093 0.00013827069779 7.1786329499e-05 3.7279922253e-05 1.9324934328e-05 9.9694798337e-06 5.1016054385e-06 2.5814113087e-06 
1.2880830127e-06 6.3243169279e-07 3.050236046e-07 1.4433112483e-07 6.6942561716e-08 3.0414931018e-08 1.3530955911e-08 5.8926303836e-09 2.5116639879e-09 
1.0477564372e-09 4.2779915721e-10 1.7107103234e-10 6.7294392281e-11 2.6861715977e-11 1.3117740401e-11 1.9866500806e-11 4.0841541954e-11 1.0267055262e-10 
2.6174348799e-10 6.5626254431e-10 1.6116644685e-09 3.8755856302e-09 9.1288381299e-09 2.107450392e-08 4.7717982454e-08 1.0606233047e-07 2.3162917273e-07 
4.9747654884e-07 1.0516685052e-06 2.1904356799e-06 4.5016154218e-06 9.1547426564e-06 1.8528744476e-05 3.7700192479e-05 7.8252065578e-05 0.00016830439563 
0.00037834048271 0.0008837953792 0.0021044975147 0.0049871089868 0.011526854709 0.025659218431 0.054624803364 0.11018927395 0.20541615784 
0.33544909954 0.4436057508 0.45480704308 0.37008982897 0.26715770364 0.18979248405 0.13976308703 0.10712897032 0.085301212966 
0.071096628904 0.062574647367 0.058208964765 0.057156272233 0.059001982212 0.063637025654 0.070598177612 0.080485090613 0.09267283231 
0.10548388958 0.1165112406 0.12363693863 0.12650713325 0.12517428398 0.11964233965 0.1106485799 0.10032375157 0.091611579061 
0.0875191167 0.090873390436 0.1045326069 0.1315613389 0.17441931367 0.23133321106 0.28816452622 0.31224745512 0.27364578843 
0.20379146934 0.13615296781 0.084663718939 0.050056360662 0.028486602008 0.015730237588 0.0084812697023 0.0044894358143 0.0023449105211 
0.0012143248459 0.00062619464006 0.00032270952943 0.00016659712128 8.6217289208e-05 4.4685417379e-05 2.3138596589e-05 1.1931266272e-05 6.1048867792e-06 
3.0893136227e-06 1.5416926544e-06 7.5698721957e-07 3.6506810375e-07 1.7270095043e-07 8.0066818953e-08 3.6355675803e-08 1.6161102678e-08 7.031296434e-09 
2.9936715329e-09 1.247264847e-09 5.0855708533e-10 2.0306155368e-10 7.9748908866e-11 3.1774412962e-11 1.5486639748e-11 2.3839322877e-11 4.8904769123e-11 
1.226609786e-10 3.1197019967e-10 7.8017192706e-10 1.91038807e-09 4.578706303e-09 1.0744004797e-08 2.4694585932e-08 5.5633307738e-08 1.2294702856e-07 
2.6678117138e-07 5.6895601119e-07 1.1937949012e-06 2.4670027869e-06 5.0276717047e-06 1.0125432709e-05 2.0225908884e-05 4.0331535274e-05 8.1081496319e-05 
0.00016635993961 0.00035194313386 0.00076923670713 0.00172063231 0.0038702304009 0.0085964640602 0.018610857427 0.038970727473 0.078186877072 
0.14658606052 0.24364222586 0.33266746998 0.35072755814 0.29322904348 0.21775569022 0.15867683291 0.11908883601 0.092936255038 
0.075506299734 0.064203560352 0.057433098555 0.054011754692 0.053102660924 0.054201155901 0.05709316209 0.061643313617 0.067749112844 
0.074933297932 0.082308351994 0.088731229305 0.093220077455 0.095374964178 0.095119424164 0.092626035213 0.088622480631 0.084648817778 
0.082932271063 0.086205422878 0.09781216085 0.12217137963 0.16530328989 0.23420256376 0.33141741157 0.4390385747 0.49718537927 
0.42166319489 0.2989256084 0.19017541409 0.11330563575 0.064678959548 0.035788200796 0.019326930866 0.010240481235 0.0053491322324 
0.0027670548297 0.0014235735871 0.0007312039379 0.0003761141852 0.00019409331435 0.00010050911078 5.2153751312e-05 2.7043182854e-05 1.3963624951e-05 
7.1533145274e-06 3.6232963794e-06 1.8093883227e-06 8.8877584403e-07 4.2867500838e-07 2.0276223722e-07 9.3967699399e-08 4.2641847386e-08 1.8940248481e-08 
8.2323330375e-09 3.5010210286e-09 1.4567699269e-09 5.931430902e-10 2.3647508951e-10 9.2717979128e-11 3.6872369741e-11 1.7935812557e-11 2.7960562685e-11 
5.724698493e-11 1.4328425946e-10 3.6363539957e-10 9.0722246382e-10 2.2155854928e-09 5.2941158124e-09 1.2379548053e-08 2.833953161e-08 6.3548178275e-08 
1.3968717383e-07 3.0126125239e-07 6.3813041606e-07 1.3290477909e-06 2.7249202503e-06 5.5071418501e-06 1.0989961083e-05 2.1710462534e-05 4.2630625103e-05 
8.3730061306e-05 0.00016587300343 0.00033429256291 0.0006888093194 0.0014476025244 0.0030712359585 0.0064841811545 0.013442821801 0.027088567615 
0.052461769432 0.095428712666 0.15582333505 0.21403211355 0.23466838896 0.2116972059 0.17285689712 0.13679422438 0.10809651762 
0.086593441665 0.071307435632 0.061163127422 0.055032402277 0.051848236471 0.050753630698 0.051173787564 0.052791092545 0.05542550236 
0.058904740959 0.062932401896 0.067056410015 0.070739403367 0.07352373749 0.075179427862 0.075690500438 0.075294196606 0.074646562338 
0.074985779822 0.078205041587 0.086974151433 0.105124861 0.13846732676 0.19599802792 0.29041072726 0.43335738778 0.61556071043 
0.76425516605 0.59486979246 0.39510375261 0.2395915091 0.13770654798 0.076506100595 0.041477601975 0.022062165663 0.011563778855 
0.0059980256483 0.0030914333183 0.0015893152449 0.00081766612129 0.00042197611765 0.00021868628392 0.00011375931354 5.9284895542e-05 3.0857390811e-05 
1.5982470359e-05 8.2071037468e-06 4.1642756514e-06 2.0819618385e-06 1.0233609373e-06 4.9372380317e-07 2.3351431366e-07 1.0818057916e-07 4.9061721796e-08 
2.1773843173e-08 9.4543990414e-09 4.0160310633e-09 1.6688745941e-09 6.7853095365e-10 2.7010005343e-10 1.0572490799e-10 4.196549358e-11 2.037260291e-11 
3.2053783239e-11 6.5512886782e-11 1.636673852e-10 4.145672694e-10 1.032119501e-09 2.5146766891e-09 5.9927511842e-09 1.3970297807e-08 3.1867859462e-08 
7.1166141424e-08 1.5568599565e-07 3.3392097976e-07 7.0290298027e-07 1.4538265987e-06 2.9584361982e-06 5.9316048464e-06 1.1737260138e-05 2.2969772544e-05 
4.4585558499e-05 8.6187406851e-05 0.00016681276611 0.00032517849468 0.00064135406865 0.0012805183651 0.0025747220498 0.0051612281241 0.010190610774 
0.019586419687 0.036185700446 0.063039347529 0.10023510456 0.13917194307 0.16334249079 0.16552245617 0.15376576781 0.13394248486 
0.11031775177 0.088916428387 0.072617523372 0.06163437292 0.054968617857 0.051364485174 0.04976528883 0.049449697137 0.049998492002 
0.051186587662 0.052867073566 0.054883524776 0.057034641504 0.059094626456 0.060876373202 0.062296334654 0.063410803676 0.064482420683 
0.066103860736 0.069345273077 0.075911231339 0.08838737011 0.11073604971 0.14926812053 0.21431386471 0.32225295901 0.49585828185 
0.76749461889 1.266242981 0.74306315184 0.4511064291 0.26374042034 0.14873714745 0.081694178283 0.043964654207 0.023282295093 
0.012183221057 0.0063262605108 0.003272773698 0.0016926687676 0.00087755359709 0.00045679224422 0.00023880013032 0.00012523609621 6.5728825575e-05 
3.4409757063e-05 1.7902431864e-05 9.2234258773e-06 4.6907675824e-06 2.3487114049e-06 1.1554752746e-06 5.5766281548e-07 2.6374397066e-07 1.2214024991e-07 
5.5357595841e-08 2.4546981336e-08 1.0647416282e-08 4.5173713659e-09 1.874700839e-09 7.6110878711e-10 3.0249944216e-10 1.1820810997e-10 4.6831538647e-11 
2.2689558565e-11 3.5918400199e-11 7.3301975601e-11 1.8283487224e-10 4.6236062201e-10 1.149053519e-09 2.793998366e-09 6.6433840651e-09 1.5447056967e-08 
3.51313858e-08 7.8181919605e-08 1.7034257382e-07 3.6364306766e-07 7.6134796245e-07 1.5651654621e-06 3.1638160181e-06 6.298387234e-06 1.2370944205e-05 
2.4023787773e-05 4.6241275413e-05 8.8489250629e-05 0.00016896452871 0.0003231553128 0.00062096997863 0.0011998143746 0.002324327128 0.0044841738418 
0.0085337506607 0.015850741416 0.028411151841 0.048470493406 0.077220961452 0.11198583245 0.14326909184 0.15778562427 0.16360372305 
0.15742205083 0.13123232126 0.10257539898 0.080430179834 0.065851338208 0.057163979858 0.052364647388 0.049889758229 0.048729777336 
0.048319783062 0.048383384943 0.04879694432 0.049495249987 0.050421498716 0.051517110318 0.052741054446 0.054103408009 0.055707670748 
0.057821001858 0.060983583331 0.066148594022 0.074850708246 0.089440658689 0.11348190904 0.15247990191 0.21507433057 0.31391319633 
0.4615944922 0.64968496561 0.80060321093 0.62121653557 0.40984195471 0.24711687863 0.14159204066 0.078593567014 0.042656313628 
0.022772919387 0.01202190388 0.0063060601242 0.003300515702 0.0017291420372 0.00090865726816 0.00047934325994 0.00025372277014 0.00013451914128 
7.1240749094e-05 3.7560861529e-05 1.964608964e-05 1.0160364582e-05 5.1806450756e-06 2.5982403713e-06 1.2793915403e-06 6.1768304249e-07 2.9210642083e-07 
1.3521838582e-07 6.1242907634e-08 2.7132086799e-08 1.1755941109e-08 4.9815147563e-09 2.0644983501e-09 8.3692996977e-10 3.3211158823e-10 1.2956097306e-10 
5.1232053322e-11 2.4772224202e-11 3.9344867642e-11 8.0198632457e-11 1.9978185772e-10 5.0455539746e-10 1.2521274018e-09 3.0397857564e-09 7.2148025332e-09 
1.674121819e-08 3.7984328571e-08 8.4297418823e-08 1.8307456173e-07 3.8935297653e-07 8.1163153709e-07 1.6602929236e-06 3.3377439195e-06 6.6057627919e-06 
1.2896836779e-05 2.4897213734e-05 4.7650504712e-05 9.0674038802e-05 0.00017206704069 0.00032652911614 0.00062088418053 0.0011833242606 0.0022558369674 
0.0042816889472 0.0080384006724 0.014816658571 0.026617487893 0.046257968992 0.076917603612 0.11871121824 0.15490072966 0.1443413794 
0.16069099307 0.20159763098 0.17342442274 0.12937289476 0.095374137163 0.073928058147 0.061560507864 0.054736033082 0.050988316536 
0.04884166643 0.047513764352 0.046647205949 0.046116858721 0.045906677842 0.046039577574 0.046546801925 0.047465644777 0.048858262599 
0.050851259381 0.053703702986 0.057907860726 0.064314447343 0.074267871678 0.089743345976 0.11350651085 0.14935871959 0.2024641484 
0.2790004909 0.38159495592 0.49292105436 0.54957121611 0.46047839522 0.32293778658 0.20404012501 0.12117470801 0.06914563477 
0.038375321776 0.020891780034 0.011235685088 0.0060042310506 0.0032023233362 0.0017095555086 0.00091482762946 0.00049076869618 0.00026364106452 
0.00014152187214 7.569558511e-05 4.021242421e-05 2.1149347958e-05 1.0979973922e-05 5.6128001233e-06 2.8193353501e-06 1.3893707091e-06 6.709406648e-07 
3.1723328675e-07 1.4677448235e-07 6.6425684508e-08 2.9399464196e-08 1.2723790022e-08 5.3847175607e-09 2.2284765144e-09 9.0205226622e-10 3.5738570436e-10 
1.3918481645e-10 5.4933432803e-11 2.6509315576e-11 4.2132117239e-11 8.5806112216e-11 2.1355416047e-10 5.3882825979e-10 1.3358019135e-09 3.2391813676e-09 
7.6780040104e-09 1.7789307805e-08 4.0292206904e-08 8.9237680356e-08 1.9334186163e-07 4.1003963247e-07 8.5197279986e-07 1.7363214511e-06 3.4760932976e-06 
6.8490207923e-06 1.3311837392e-05 2.5591187296e-05 4.8809135478e-05 9.2653543106e-05 0.00017559812113 0.0003331140324 0.0006334927748 0.0012076749699 
0.0023036135826 0.0043812585063 0.0082714920864 0.015434077941 0.028375351802 0.051304679364 0.090439863503 0.14677383006 0.1718826741 
0.011432076804 0.014627710916 0.24364468455 0.23098936677 0.16631065309 0.11581221968 0.085067287087 0.067814081907 0.058341484517 
0.052996646613 0.049721285701 0.047466672957 0.045768402517 0.044475693256 0.043589379638 0.043170522898 0.043294616044 0.044037174433 
0.045484140515 0.047767333686 0.051128674299 0.056012172252 0.063168890774 0.073741607368 0.089282438159 0.1116656214 0.14289657772 
0.18480922282 0.23829394579 0.30053666234 0.3576721549 0.37646120787 0.32212546468 0.23619619012 0.15651960671 0.096973218024 
0.057333990932 0.032798245549 0.01834852621 0.010124650784 0.0055463686585 0.0030297008343 0.0016543528764 0.00090378336608 0.0004937556223 
0.000269357668 0.0001464010129 7.906400424e-05 4.2303810915e-05 2.2363023163e-05 1.1650306988e-05 5.9686012719e-06 3.0018404686e-06 1.4801411226e-06 
7.1480457109e-07 3.3785522646e-07 1.5621449734e-07 7.0635763905e-08 3.1229522079e-08 1.3499398044e-08 5.7053100022e-09 2.3577522157e-09 9.5292351787e-10 
3.7693434485e-10 1.4654832903e-10 5.7730160929e-11 2.7803873787e-11 4.4105465807e-11 8.9780662071e-11 2.2332763416e-10 5.6317839281e-10 1.3953193045e-09 
3.3811704547e-09 8.0081923315e-09 1.8537093638e-08 4.1939884454e-08 9.2765738202e-08 2.006724884e-07 4.2479470608e-07 8.8068753712e-07 1.7902470972e-06 
3.5736966311e-06 7.0194269028e-06 1.3600553757e-05 2.6073932531e-05 4.9633355957e-05 9.4163246104e-05 0.00017868068244 0.00034008431248 0.00065019761678 
0.0012482989114 0.0024015472736 0.0046140695922 0.0088200736791 0.016729086637 0.031486712396 0.059055030346 0.11022747308 0.19237169623 
0.23751865327 0.0087906876579 0.026347542182 0.3461150825 0.29984363914 0.20420897007 0.13688716292 0.097294136882 0.075243756175 
0.06300688535 0.055909853429 0.051391601562 0.048165433109 0.045662112534 0.043692320585 0.042251084 0.041408915073 0.041255652905 
0.041878696531 0.043367821723 0.045846294612 0.049529831856 0.054808754474 0.062331736088 0.07304327935 0.088104128838 0.10863091797 
0.13525365293 0.16758187115 0.20369182527 0.23968906701 0.26928725839 0.27974918485 0.23398560286 0.17284853756 0.11802684516 
0.075810052454 0.046407900751 0.027420388535 0.015814715996 0.0089839864522 0.0050593847409 0.0028358416166 0.0015851315111 0.00088392291218 
0.0004913682933 0.00027187759406 0.00014941977861 8.1371850683e-05 4.3802709115e-05 2.3252379833e-05 1.2146757399e-05 6.2331287154e-06 3.1374620448e-06 
1.5473574422e-06 7.470989658e-07 3.5292276834e-07 1.6304888106e-07 7.3651577281e-08 3.252482017e-08 1.4041074969e-08 5.9259219753e-09 2.4452750935e-09 
9.8675312366e-10 3.8967984395e-10 1.5124372588e-10 5.9466764846e-11 2.8583680561e-11 4.5133091708e-11 9.1862795149e-11 2.2847959635e-10 5.7609228499e-10 
1.427076235e-09 3.457390374e-09 8.1864710566e-09 1.8943007163e-08 4.283834798e-08 9.4695849384e-08 2.0468822015e-07 4.3286499363e-07 8.9630134426e-07 
1.8192127982e-06 3.6250021367e-06 7.1059280344e-06 1.3739756469e-05 2.6292249458e-05 4.9988728279e-05 9.4835006166e-05 0.00018026273756 0.00034441793105 
0.00066250038799 0.0012821633136 0.0024898790289 0.0048316940665 0.0093285981566 0.017863696441 0.033910330385 0.063889726996 0.11841017753 
0.20254828036 0.25145769119 0.033532842994 0.36476042867 0.43192625046 0.33152574301 0.22554923594 0.15265265107 0.10867457837 
0.08333889395 0.068703107536 0.059829767793 0.053957223892 0.049671396613 0.046329107136 0.043699804693 0.041755553335 0.040553733706 
0.040175814182 0.04070142284 0.042208857834 0.044800966978 0.048656910658 0.054103113711 0.061677753925 0.072134248912 0.086304605007 
0.10475760698 0.12727862597 0.15239751339 0.17764957249 0.20274792612 0.23923581839 0.30759233236 0.22013930976 0.14212307334 
0.092906564474 0.060261532664 0.037879798561 0.023059150204 0.013701098971 0.008009149693 0.0046323998831 0.0026598817203 0.0015184298391 
0.00086192821618 0.00048614988918 0.00027208519168 0.00015083850303 8.2666978415e-05 4.4697284466e-05 2.3796663299e-05 1.2453136151e-05 6.3961920205e-06 
3.2204432046e-06 1.58798548e-06 7.6630544754e-07 3.617074924e-07 1.669406231e-07 7.5322326154e-08 3.3219947682e-08 1.4321277497e-08 6.035282496e-09 
2.486560291e-09 1.0018055274e-09 3.9496825255e-10 1.5303050493e-10 6.0054530793e-11 2.8809069713e-11 4.5139583044e-11 9.1902645216e-11 2.286466988e-10 
5.7667709497e-10 1.4289212036e-09 3.4627789525e-09 8.2012139302e-09 1.8980982119e-08 4.2930427213e-08 9.4905118431e-08 2.0512933929e-07 4.3370849312e-07 
8.976907111e-07 1.8208887695e-06 3.6251315123e-06 7.0980936471e-06 1.3706367099e-05 2.6192625228e-05 4.9744114222e-05 9.4330047432e-05 0.00017943588318 
0.000343644846 0.00066375028109 0.0012918763096 0.002525054384 0.0049305530265 0.0095637012273 0.018339736387 0.034672386944 0.064502671361 
0.11692178994 0.19777542353 0.27947682142 0.29432743788 0.42663747072 0.42290201783 0.33021551371 0.23434250057 0.16455459595 
0.11991845816 0.09260699898 0.075814716518 0.065031044185 0.057599525899 0.052091397345 0.047816932201 0.044497210532 0.042061824352 
0.04053285718 0.039963144809 0.040408294648 0.041922867298 0.044579427689 0.048510655761 0.053967826068 0.061369501054 0.071286603808 
0.084287837148 0.10059101135 0.11957771331 0.13953883946 0.1591540277 0.18714030087 0.28448861837 0.71172690392 0.36478102207 
0.16154709458 0.083722919226 0.050757221878 0.032049585134 0.019957505167 0.012164625339 0.0072876834311 0.0043099862523 0.002523098141 
0.0014638754074 0.0008419319056 0.00047977134818 0.0002706052328 0.0001508645073 8.3003513282e-05 4.4992491894e-05 2.3989077818e-05 1.2562414668e-05 
6.4529854171e-06 3.2479870242e-06 1.6005445787e-06 7.7169039514e-07 3.6386472857e-07 1.6773518041e-07 7.5581617409e-08 3.3287491874e-08 1.4329143205e-08 
6.0292664195e-09 2.4801090071e-09 9.9756192196e-10 3.9263076124e-10 1.5185770696e-10 5.9479782211e-11 2.8476639449e-11 4.4114784742e-11 8.9877064124e-11 
2.2376500652e-10 5.6475585319e-10 1.4003733728e-09 3.3960647627e-09 8.0491417975e-09 1.8642738908e-08 4.2195672734e-08 9.334405604e-08 2.0187817995e-07 
4.2704974135e-07 8.8422069666e-07 1.7938315295e-06 3.5708435462e-06 6.9887150858e-06 1.3484386727e-05 2.5739127523e-05 4.8816298658e-05 9.2446345661e-05 
0.00017568429757 0.00033640293987 0.00065033690771 0.0012681417866 0.0024845260195 0.0048609101214 0.0094319665805 0.018037589267 0.033828727901 
0.061851430684 0.1082598865 0.17122916877 0.21679243445 0.20881269872 0.31702598929 0.36964651942 0.32051685452 0.2429125011 
0.17869524658 0.13411027193 0.10464004427 0.085166089237 0.071937032044 0.062533572316 0.055533275008 0.050178162754 0.046108584851 
0.043180309236 0.041353844106 0.040633499622 0.041037231684 0.042587187141 0.04531935975 0.04931377992 0.05473985523 0.061894480139 
0.071183934808 0.082982331514 0.097321622074 0.11347516626 0.12977211177 0.14481306076 0.16403050721 0.2203117609 0.40763193369 
0.79136115313 0.24327456951 0.090459987521 0.046791557223 0.028706917539 0.018073597923 0.011215408333 0.0068365810439 0.0041046063416 
0.0024328113068 0.0014253032859 0.00082579266746 0.00047307784553 0.00026780029293 0.00014964438742 8.2437232777e-05 4.4708242058e-05 2.3836251785e-05 
1.2476686607e-05 6.4041714722e-06 3.2203411138e-06 1.5851607031e-06 7.6333441257e-07 3.5944850652e-07 1.6546707116e-07 7.4450085208e-08 3.2739094991e-08 
1.4070864474e-08 5.9110014661e-09 2.4274326993e-09 9.7472463434e-10 3.8298134108e-10 1.4786194491e-10 5.7802471143e-11 2.7618267048e-11 4.2116841265e-11 
8.5896088853e-11 2.1408659567e-10 5.4091003898e-10 1.3427354784e-09 3.2600506739e-09 7.7360171602e-09 1.793949167e-08 4.0654445144e-08 9.004612167e-08 
1.9498124004e-07 4.1293142772e-07 8.5586498244e-07 1.7377645918e-06 3.4611921365e-06 6.7753385338e-06 1.3068412954e-05 2.4921382646e-05 4.718758646e-05 
8.9155706519e-05 0.00016895761655 0.00032256363193 0.00062184158014 0.0012096316786 0.0023647134658 0.0046153310686 0.0089252991602 0.016979923472 
0.031582262367 0.056933041662 0.096920117736 0.1439383328 0.15121799707 0.018317971379 0.15870268643 0.2970148325 0.31009319425 
0.25899499655 0.20155204833 0.1553773582 0.12163174152 0.097775362432 0.080963157117 0.068903319538 0.060035798699 0.053422201425 
0.048546276987 0.045140556991 0.043072361499 0.042278606445 0.042730044574 0.044413156807 0.047326799482 0.051497459412 0.057012669742 
0.064056232572 0.072903454304 0.08381639421 0.096796818078 0.1112517938 0.12588855624 0.13990052044 0.15830390155 0.20662540197 
0.36492061615 0.86492717266 0.26561310887 0.092211842537 0.044996615499 0.027253294364 0.017253721133 0.010800954886 0.0066368584521 
0.0040097963065 0.0023871324956 0.0014023588737 0.00081359018805 0.00046622080845 0.00026379496558 0.00014726258814 8.1020582002e-05 4.3875574192e-05 
2.3356051315e-05 1.2205995517e-05 6.2552908275e-06 3.140502713e-06 1.5434230818e-06 7.4206195677e-07 3.4887648326e-07 1.6034289274e-07 7.2027432907e-08 
3.1621642194e-08 1.356792545e-08 5.69008618e-09 2.3327102472e-09 9.3506702381e-10 3.6675462667e-10 1.4134168835e-10 5.5145513156e-11 2.6295719074e-11 
3.9268359397e-11 8.0196724261e-11 2.0016821534e-10 5.0646192795e-10 1.2590726239e-09 3.0616289504e-09 7.2768266968e-09 1.6902708566e-08 3.8370352229e-08 
8.5134736594e-08 1.8466755591e-07 3.9175836264e-07 8.1330296098e-07 1.6537751435e-06 3.2978823583e-06 6.4607884269e-06 1.2464074644e-05 2.3753562346e-05 
4.4898893975e-05 8.4577899543e-05 0.00015959153825 0.00030301313382 0.00058047118364 0.0011215790873 0.0021775667556 0.0042202910408 0.0081000784412 
0.015277575701 0.028119359165 0.050011720508 0.08355320245 0.12020457536 0.11631470174 0.0059987097047 0.058464758098 0.2533390224 
0.31570926309 0.29547742009 0.24264670908 0.18906804919 0.14593568444 0.11442159116 0.09222561121 0.076611571014 0.065474517643 
0.057461813092 0.051776878536 0.047965254635 0.04576920718 0.045044545084 0.045712921768 0.047730665654 0.051066186279 0.055694896728 
0.061622593552 0.0689304322 0.077805988491 0.088498815894 0.10114810616 0.11550632864 0.13078008592 0.14637418091 0.16567623615 
0.2073046416 0.34165364504 0.83046877384 0.2506788373 0.08911600709 0.044807642698 0.027380570769 0.01733507961 0.010836326517 
0.0066460990347 0.0040054088458 0.002376987366 0.0013912060531 0.00080383650493 0.00045870168833 0.00025847236975 0.00014372887381 7.8792276327e-05 
4.2530005885e-05 2.2573633032e-05 1.1766178432e-05 6.0156125983e-06 3.013623882e-06 1.4780805486e-06 7.0928933837e-07 3.3285630252e-07 1.5270606468e-07 
6.8475785042e-08 3.0009662311e-08 1.2853713649e-08 5.3811004541e-09 2.2021526824e-09 8.8117096952e-10 3.4499891832e-10 1.327147281e-10 5.1677603169e-11 
2.4592175518e-11 3.5745493371e-11 7.3123236632e-11 1.8282891867e-10 4.6338330395e-10 1.1540276512e-09 2.8114297557e-09 6.6952003941e-09 1.55833213e-08 
3.5449716052e-08 7.8824669458e-08 1.7135643304e-07 3.643218065e-07 7.5798010357e-07 1.5444359178e-06 3.0854405395e-06 6.0531970121e-06 1.1687000551e-05 
2.226928882e-05 4.2031482735e-05 7.8924989793e-05 0.00014815395116 0.00027925908216 0.00053012563149 0.0010137541685 0.0019467814127 0.0037314754445 
0.0070829601027 0.013207173906 0.024007212371 0.042116638273 0.069511331618 0.099996298552 0.10055346787 0.0082970317453 0.017878964543 
0.25962907076 0.36139068007 0.38555583358 0.32005748153 0.24170802534 0.17892146111 0.13478401303 0.10507534444 0.085100419819 
0.071463607252 0.062066569924 0.055693674833 0.051649007946 0.049531791359 0.049115024507 0.050280403346 0.052974022925 0.057152174413 
0.062739759684 0.069644093513 0.077831454575 0.087430968881 0.098785936832 0.1123714298 0.12856912613 0.14737430215 0.16815212369 
0.18988624215 0.21549969912 0.28890103102 0.69317579269 0.19983385503 0.081033095717 0.045719981194 0.028700962663 0.018079338595 
0.011188231409 0.0067944610491 0.0040567959659 0.0023860544898 0.0013845690992 0.00079350004671 0.00044937120401 0.0002514628286 0.00013896632299 
7.576776261e-05 4.0704962885e-05 2.1517402274e-05 1.1176472981e-05 5.6967946875e-06 2.8462875434e-06 1.3926644442e-06 6.6683463729e-07 3.1229131991e-07 
1.429916523e-07 6.3998648159e-08 2.7995744389e-08 1.1969263802e-08 5.0017714415e-09 2.0432293635e-09 8.1610773695e-10 3.1894831221e-10 1.224677304e-10 
4.7593061436e-11 2.2602402588e-11 3.176081273e-11 6.5095061286e-11 1.6307741268e-10 4.1413025786e-10 1.0334575418e-09 2.5230568745e-09 6.0218736664e-09 
1.4048817221e-08 3.2036485464e-08 7.1413957414e-08 1.5564668843e-07 3.3178872627e-07 6.9210494757e-07 1.413817472e-06 2.8312290397e-06 5.5658306337e-06 
1.0761691556e-05 2.0516748918e-05 3.8689682697e-05 7.2446564445e-05 0.00013528492127 0.00025299139088 0.00047525716946 0.0008976571844 0.0017012598692 
0.0032194447704 0.0060414876789 0.011155944318 0.020112546161 0.035085324198 0.058293282986 0.088972896338 0.11693478376 0.13129514456 
0.19276989996 0.33492141962 0.47884941101 0.60883158445 0.45676732063 0.31461900473 0.21735213697 0.15590621531 0.11754991114 
0.093186751008 0.077317513525 0.066855728626 0.060112550855 0.056155838072 0.054459325969 0.054723154753 0.056800380349 0.060671892017 
0.066332906485 0.073655724525 0.082388520241 0.092306680977 0.10345856845 0.11636999995 0.13206399977 0.1519228965 0.17758646607 
0.21052470803 0.24847123027 0.27354964614 0.26711010933 0.46182781458 0.14272400737 0.078395962715 0.049050122499 0.030874567106 
0.019145868719 0.01166079659 0.0069812806323 0.0041148304008 0.0023913767654 0.0013722141739 0.0007782743196 0.00043655571062 0.00024219434999 
0.00013282697182 7.1941591159e-05 3.8430131099e-05 2.0216773919e-05 1.0457802091e-05 5.3117742027e-06 2.6458590128e-06 1.2911323211e-06 6.1673102891e-07 
2.8818797659e-07 1.3168141777e-07 5.8819846771e-08 2.5681007543e-08 1.095904878e-08 4.5711607832e-09 1.8639079169e-09 7.4312844767e-10 2.8989857737e-10 
1.1110764392e-10 4.3092671792e-11 2.0423508371e-11 2.7541975645e-11 5.6565748613e-11 1.4201587129e-10 3.6141573068e-10 9.0390894769e-10 2.211917538e-09 
5.2921684812e-09 1.2378039038e-08 2.8301899491e-08 6.3264302241e-08 1.3828092449e-07 2.9564097304e-07 6.185510415e-07 1.2673400533e-06 2.5452227419e-06 
5.0167195695e-06 9.7206266219e-06 1.8555794668e-05 3.4990607674e-05 6.5394102421e-05 0.00012158048776 0.00022572549642 0.00041983785923 0.00078368833056 
0.0014677315485 0.0027511308435 0.0051384218968 0.0095058744773 0.017280865461 0.030541287735 0.051698010415 0.082141675055 0.12022402883 
0.16619980335 0.24628262222 0.39332669973 0.65452361107 1.2132585049 0.64805364609 0.38577026129 0.24785913527 0.1710305661 
0.12634342909 0.099223896861 0.082186065614 0.071382366121 0.064830109477 0.061492055655 0.0607874915 0.062321715057 0.065856039524 
0.07149836421 0.079461030662 0.089590325952 0.10133495927 0.11408378929 0.12769341469 0.14293195307 0.16151852906 0.18591576815 
0.22006471455 0.27189701796 0.34891211987 0.42346012592 0.53414148092 0.23661395907 0.13699609041 0.08548848331 0.053317643702 
0.032916799188 0.020033042878 0.012005607598 0.0070861279964 0.0041226795875 0.0023669956718 0.0013427566737 0.00075342744822 0.00041843389045 
0.00023004953982 0.00012515285925 6.7308617872e-05 3.5737466533e-05 1.8703125534e-05 9.6323328762e-06 4.8741726459e-06 2.4200460302e-06 1.1776000974e-06 
5.6107944602e-07 2.615784922e-07 1.1926627508e-07 5.3165830849e-08 2.3167020302e-08 9.8674171056e-09 4.1081404945e-09 1.6720220763e-09 6.6540645216e-10 
2.5910584789e-10 9.9122467179e-11 3.8368204447e-11 1.8147533823e-11 2.3309285058e-11 4.7978624546e-11 1.2073325673e-10 3.079500821e-10 7.72000186e-10 
1.8937897917e-09 4.5427666073e-09 1.0654111371e-08 2.4429493095e-08 5.477033227e-08 1.2008504768e-07 2.5756031619e-07 5.4064878441e-07 1.111416509e-06 
2.239432888e-06 4.4277981033e-06 8.6030822786e-06 1.6456287995e-05 3.1060724723e-05 5.8009252825e-05 0.00010754587129 0.00019862916088 0.00036677811295 
0.00067937135464 0.0012657715706 0.0023769927211 0.0045018326491 0.0085756005719 0.016283113509 0.030279010534 0.053723171353 0.08811288327 
0.12970016897 0.17294576764 0.24436865747 0.37926769257 0.63922047615 1.2023305893 0.64185291529 0.38308006525 0.24746902287 
0.17208395898 0.1283249259 0.10187617689 0.085443407297 0.075350277126 0.069811247289 0.06800558418 0.069431200624 0.073353052139 
0.078940615058 0.086612708867 0.0974919945 0.11160127074 0.12781587243 0.14474748075 0.16186957061 0.18034188449 0.20267212391 
0.23121842742 0.26935988665 0.33289906383 0.45092892647 0.57681274414 0.41367840767 0.24500258267 0.14771610498 0.090347565711 
0.055365946144 0.033674784005 0.020234018564 0.01198768802 0.0069997976534 0.0040304083377 0.0022907110397 0.0012867269106 0.00071515649324 
0.00039361801464 0.00021460621792 0.00011587061454 6.1899088905e-05 3.267316788e-05 1.701324436e-05 8.7241432993e-06 4.3982058742e-06 2.176691396e-06 
1.0561810768e-06 5.0195018275e-07 2.3346917999e-07 1.0621989333e-07 4.7253188029e-08 2.0550107394e-08 8.7360945145e-09 3.6303304807e-09 1.4748298138e-09 
5.8586052676e-10 2.2771705355e-10 8.6954492218e-11 3.3592139487e-11 1.585659902e-11 1.9255590178e-11 3.9726038431e-11 1.0020464319e-10 2.5618857036e-10 
6.4380112352e-10 1.5833347966e-09 3.8082372811e-09 8.95655905e-09 2.0597674677e-08 4.6322231384e-08 1.0189060617e-07 2.1927245086e-07 4.6188390002e-07 
9.5289556157e-07 1.9269423319e-06 3.8233611122e-06 7.4529571066e-06 1.4295671463e-05 2.703464088e-05 5.0526799896e-05 9.3604583526e-05 0.00017252135149 
0.00031781001599 0.00058866420295 0.0011048477609 0.0021202662028 0.004190761596 0.0085254805163 0.017594151199 0.035794671625 0.06908955425 
0.12060912699 0.17701421678 0.19272309542 0.2257976681 0.30392441154 0.43369060755 0.57520753145 0.43761479855 0.30629172921 
0.21609210968 0.1590898037 0.12359085679 0.10126384348 0.087205767632 0.07894064486 0.07558940351 0.077200397849 0.083634801209 
0.092771604657 0.10083895922 0.10890144855 0.12167454511 0.14019724727 0.16220141947 0.18478567898 0.20688472688 0.23081701994 
0.26071426272 0.29557940364 0.32399579883 0.35215476155 0.40282729268 0.44667068124 0.33454078436 0.21906451881 0.13861683011 
0.086557120085 0.05339602381 0.032483879477 0.01946162805 0.011476462707 0.0066628507338 0.0038116083015 0.002151313005 0.00119970378 
0.00066193152452 0.00036171812098 0.00019586797862 0.00010508261767 5.5812892242e-05 2.9309620004e-05 1.5193100808e-05 7.7601762314e-06 3.898788691e-06 
1.9236895241e-06 9.308986364e-07 4.4132661969e-07 2.0480798923e-07 9.2982574529e-08 4.1280916463e-08 1.7917873407e-08 7.6026767104e-09 3.1534681533e-09 
1.2787604309e-09 5.0705517562e-10 1.9673183915e-10 7.4986093723e-11 2.8912299638e-11 1.3620464999e-11 1.5531543066e-11 3.2118505772e-11 8.1212266079e-11 
2.0812758461e-10 5.2431592401e-10 1.2928176307e-09 3.117943681e-09 7.3540178391e-09 1.6963017657e-08 3.8268435532e-08 8.4453702698e-08 1.8237675192e-07 
3.8555214132e-07 7.9838929423e-07 1.6206557802e-06 3.2278821891e-06 6.3152906478e-06 1.2154254364e-05 2.305074122e-05 4.3176460167e-05 8.0120873463e-05 
0.00014793752052 0.00027357408544 0.00051168445498 0.00098148616962 0.0019618119113 0.0041305995546 0.009120086208 0.020633470267 0.046240761876 
0.099116176367 0.19513632357 0.32433623075 0.25451725721 0.2216117382 0.23936979473 0.28836560249 0.32795244455 0.28728923202 
0.22765648365 0.17704761028 0.14061257243 0.11585282534 0.099297434092 0.088623374701 0.083128988743 0.083857215941 0.093274906278 
0.11264000833 0.13532055914 0.14577436447 0.14608453214 0.1541813612 0.1746339798 0.20247831941 0.2317597568 0.26090863347 
0.29591676593 0.34748086333 0.41021329165 0.42437037826 0.38753324747 0.35801064968 0.3302012682 0.25621321797 0.17966762185 
0.11948167533 0.076861873269 0.048211574554 0.029585344717 0.017791794613 0.010498427786 0.0060863648541 0.0034720040858 0.0019522354705 
0.0010838789167 0.00059515755856 0.00032361780177 0.00017437490169 9.3109381851e-05 4.9234793551e-05 2.5750385248e-05 1.3299193597e-05 6.7704572757e-06 
3.391474138e-06 1.6688925371e-06 8.0561903815e-07 3.8106512079e-07 1.7646441108e-07 7.9951668397e-08 3.5426150902e-08 1.5347374926e-08 6.4998766369e-09 
2.6911111117e-09 1.0893000946e-09 4.3115835902e-10 1.6698763206e-10 6.353467058e-11 2.4450148503e-11 1.1495850279e-11 1.2237967584e-11 2.5367780793e-11 
6.4299669755e-11 1.6517959223e-10 4.1715053634e-10 1.0312413146e-09 2.4938517917e-09 5.8988334217e-09 1.3647316166e-08 3.0885523472e-08 6.8387130625e-08 
1.481971168e-07 3.1444199067e-07 6.5361973611e-07 1.3320037624e-06 2.6635600534e-06 5.2318914641e-06 1.0108034076e-05 1.9241137124e-05 3.6173263652e-05 
6.7404202127e-05 0.0001251881913 0.00023382539803 0.00044521997916 0.00087999028619 0.0018380638212 0.0040865638293 0.0095561686903 0.022876454517 
0.054554644972 0.12795957923 0.30158054829 0.77414762974 0.35517755151 0.23024597764 0.20088692009 0.20664660633 0.21378727257 
0.19773755968 0.17101430893 0.14536239207 0.12507680058 0.11007349193 0.099147163332 0.091866955161 0.089772365987 0.097674436867 
0.12425285578 0.1759827435 0.23496213555 0.24673436582 0.21460299194 0.1985270679 0.21201652288 0.24272109568 0.2781496644 
0.31617459655 0.37063875794 0.47563710809 0.64741200209 0.6484515667 0.47192978859 0.35124185681 0.27342325449 0.20511735976 
0.14600591362 0.099344611168 0.065166138113 0.041459210217 0.025683656335 0.015535514802 0.0091957477853 0.0053373971023 0.0030440173578 
0.001709433971 0.00094719539629 0.00051881663967 0.00028132088482 0.00015113734116 8.0460536992e-05 4.2421539547e-05 2.2124433599e-05 1.1395964975e-05 
5.7869287957e-06 2.8919239412e-06 1.4198793679e-06 6.8395092967e-07 3.228531682e-07 1.4921209868e-07 6.7474431376e-08 2.9841380922e-08 1.2904068925e-08 
5.4551549944e-09 2.2545130207e-09 9.1095331278e-10 3.5993164005e-10 1.391575466e-10 5.2852517501e-11 2.0301088935e-11 9.5267387729e-12 9.4256763852e-12 
1.9584785182e-11 4.9762426818e-11 1.2813916594e-10 3.2440039544e-10 8.0400719416e-10 1.949555406e-09 4.6243968654e-09 1.0730587974e-08 2.436055091e-08 
5.4117222703e-08 1.1768109687e-07 2.5060575126e-07 5.2291795782e-07 1.0698836377e-06 2.1481571366e-06 4.2371011659e-06 8.2208625827e-06 1.5718323993e-05 
2.9698667277e-05 5.5697295466e-05 0.00010442783969 0.00019794107357 0.00038528855657 0.00078390550334 0.0016882024938 0.0038401617203 0.0090417973697 
0.021352464333 0.048947066069 0.10574416816 0.20775537193 0.34218940139 0.26751181483 0.20734457672 0.17724570632 0.16621309519 
0.16043306887 0.15057370067 0.13840825856 0.12740324438 0.11866623908 0.11145796627 0.10496833175 0.10002285987 0.10104982555 
0.11945910007 0.17717449367 0.29593172669 0.43844607472 0.44415208697 0.33040869236 0.25483268499 0.24569563568 0.27287942171 
0.31169968843 0.35904860497 0.42764484882 0.61751437187 1.1982864141 1.1884917021 0.58016645908 0.35096749663 0.23995524645 
0.17004474998 0.11916778237 0.081220388412 0.053660601377 0.034404084086 0.021452754736 0.013040401973 0.0077452608384 0.0045052347705 
0.0025724447332 0.0014452242758 0.00080068095122 0.00043831279618 0.00023745480576 0.00012742400577 6.7745502747e-05 3.5664765164e-05 1.8570941393e-05 
9.5496543508e-06 4.8410051932e-06 2.4149539968e-06 1.1835805935e-06 5.6910164403e-07 2.6815490628e-07 1.2370870195e-07 5.5840896351e-08 2.4651981789e-08 
1.0641018733e-08 4.4904715502e-09 1.8525559975e-09 7.4723011112e-10 2.9472987939e-10 1.1375262537e-10 4.3128556282e-11 1.6535439684e-11 7.745002556e-12 
7.1014539735e-12 1.4790460523e-11 3.7671313985e-11 9.7232111251e-11 2.4674856602e-10 6.130885799e-10 1.4905274792e-09 3.5453333602e-09 8.2505868804e-09 
1.8787764233e-08 4.1871953016e-08 9.1363354215e-08 1.9526042649e-07 4.0897231202e-07 8.400568845e-07 1.6936284055e-06 3.3548324154e-06 6.5384047048e-06 
1.256386804e-05 2.3882652386e-05 4.5161184971e-05 8.5712825239e-05 0.00016541547666 0.00032981968252 0.00068902806379 0.0015147363301 0.0034663495608 
0.0080606658012 0.018479095772 0.0404991135 0.082226008177 0.148434937 0.22093826532 0.2314017117 0.20480254292 0.17410722375 
0.15278348327 0.13956084847 0.13112452626 0.12681108713 0.12603314221 0.12667039037 0.12594053149 0.12223678082 0.11712735891 
0.11821971089 0.14522518218 0.23928284645 0.45354864001 0.74812430143 0.68331474066 0.45046380162 0.300149858 0.26223400235 
0.28218606114 0.32657814026 0.40833383799 0.40718668699 0.48818695545 0.64188754559 0.62377911806 0.42661064863 0.28619688749 
0.19748008251 0.13819473982 0.0959321931 0.065181493759 0.043109953403 0.027720749378 0.017344051972 0.010576360859 0.0062987930141 
0.0036719795316 0.0021003978327 0.001181702828 0.00065542355878 0.00035910654697 0.00019466476806 0.00010449874389 5.5561387853e-05 2.9244220059e-05 
1.5220156456e-05 7.8206248872e-06 3.960543836e-06 1.9733597583e-06 9.6583471532e-07 4.6371118856e-07 2.1815020546e-07 1.0047393317e-07 4.5276145499e-08 
1.995359078e-08 8.5980227382e-09 3.6220275668e-09 1.4916854418e-09 6.0063465313e-10 2.3650245651e-10 9.112410132e-11 3.4489924805e-11 1.3199390365e-11 
6.1709986079e-12 5.2380387354e-12 1.0935120864e-11 2.7918082776e-11 7.2224608239e-11 1.8371867916e-10 4.575990975e-10 1.1153526991e-09 2.660064391e-09 
6.2078475693e-09 1.4178058727e-08 3.1697208414e-08 6.9390836188e-08 1.4881825905e-07 3.1284429269e-07 6.4508105879e-07 1.3057911019e-06 2.5975718927e-06 
5.0857092901e-06 9.8234686448e-06 1.8795808501e-05 3.5866305552e-05 6.8985813414e-05 0.00013569630391 0.00027719666832 0.0005937688984 0.0013299277052 
0.003064295277 0.0070903906599 0.016072975472 0.034915369004 0.071097917855 0.1313663274 0.20723836124 0.25305446982 0.23059605062 
0.1869379878 0.153986305 0.13574263453 0.12968015671 0.13368730247 0.14429555833 0.155592978 0.16157378256 0.15884229541 
0.14909401536 0.14230047166 0.16361655295 0.26824611425 0.56278413534 1.2322689295 0.7312527895 0.42928141356 0.28040087223 
0.24489198625 0.26679739356 0.35710561275 0.72829312086 0.39193764329 0.366645962 0.39346367121 0.3706946671 0.29022735357 
0.21259881556 0.15253013372 0.10798348486 0.075080409646 0.050996858627 0.033735331148 0.021714912727 0.013607842848 0.0083134286106 
0.0049608224072 0.0028977813199 0.0016608989099 0.00093633023789 0.00052037101705 0.00028566198307 0.00015512727259 8.340219938e-05 4.4397853344e-05 
2.3387356123e-05 1.2176685232e-05 6.2566105044e-06 3.1671822853e-06 1.576884074e-06 7.7099468854e-07 3.6970592987e-07 1.7368118677e-07 7.98705031e-08 
3.5933716447e-08 1.5809918708e-08 6.800943364e-09 2.8600770641e-09 1.175864961e-09 4.7265868997e-10 1.85795615e-10 7.1466270402e-11 2.7003796768e-11 
1.0315943412e-11 4.8141529825e-12 3.7856497451e-12 7.9215098023e-12 2.0271642004e-11 5.2561802133e-11 1.3401001142e-10 3.345820565e-10 8.1753276371e-10 
1.9548238583e-09 4.5743759891e-09 1.0477125834e-08 2.3493422319e-08 5.1593886496e-08 1.1101925423e-07 2.3420334117e-07 4.8470593583e-07 9.8495047496e-07 
1.9673188945e-06 3.8686666812e-06 7.5099023888e-06 1.4457847101e-05 2.7820362448e-05 5.4153420933e-05 0.00010829881649 0.00022579613142 0.00049387733452 
0.0011247964576 0.0026173132937 0.0060846363194 0.013868330047 0.030576519668 0.064308226109 0.12511378527 0.21016633511 0.27198985219 
0.24622955918 0.1926342845 0.15445169806 0.13772810996 0.14007660747 0.1590244621 0.18834921718 0.21602131426 0.23109179735 
0.22740465403 0.2063280046 0.18003091216 0.17655803263 0.24903357029 0.50128024817 1.1226626635 0.58056551218 0.32352805138 
0.22024254501 0.20240220428 0.22945863008 0.46814212203 0.32503113151 0.27476647496 0.26540625095 0.26055181026 0.23830974102 
0.19657228887 0.15181744099 0.11263753474 0.081102631986 0.056808315217 0.038703873754 0.025640908629 0.016522569582 0.010366019793 
0.0063416948542 0.0037905520294 0.002218530979 0.0012744389242 0.00072026078124 0.00040136137977 0.00022093465668 0.00012029644859 6.4832493081e-05 
3.4583157685e-05 1.8245842512e-05 9.5095956567e-06 4.8886699915e-06 2.4747284897e-06 1.2315962294e-06 6.01696172e-07 2.8821406772e-07 1.3522269171e-07 
6.20943581e-08 2.7892555821e-08 1.2251928361e-08 5.2615463098e-09 2.2089301499e-09 9.0660745578e-10 3.6380576329e-10 1.4276561877e-10 5.4822923978e-11 
2.0680332447e-11 7.8863113956e-12 3.6737197485e-12 2.6829218101e-12 5.6270712916e-12 1.4433449227e-11 3.7507247308e-11 9.5842271619e-11 2.3984247921e-10 
5.8744514808e-10 1.4081490418e-09 3.3036735569e-09 7.5872232941e-09 1.7061585922e-08 3.758078293e-08 8.1119701179e-08 1.71691525e-07 3.5655574493e-07 
7.2714283306e-07 1.4578079117e-06 2.877986617e-06 5.6105200201e-06 1.0853896129e-05 2.1011852368e-05 4.1224651795e-05 8.3287894086e-05 0.00017572721117 
0.00038883878733 0.00089331757044 0.0020874773618 0.0048511708155 0.011012071744 0.024115771055 0.050298705697 0.097107894719 0.16278541088 
0.21322272718 0.19997626543 0.16490730643 0.141389817 0.13849252462 0.15990361571 0.20730400085 0.27194455266 0.32792943716 
0.3569572866 0.34954196215 0.3062338829 0.24305011332 0.1967317611 0.20780475438 0.32405281067 0.51007390022 0.34127384424 
0.20647870004 0.15569357574 0.15386036038 0.17007555068 0.19672624767 0.20187267661 0.19730781019 0.18954497576 0.17781762779 
0.15910032392 0.1334990263 0.10592983663 0.080376565456 0.058743916452 0.041514571756 0.028427749872 0.018889011815 0.012195805088 
0.0076639871113 0.0046964799985 0.0028125469107 0.0016498587793 0.00095028523356 0.00053868524265 0.00030116664129 0.00016634576605 9.087552462e-05 
4.9126749218e-05 2.6274352422e-05 1.389092813e-05 7.2503798947e-06 3.730365961e-06 1.8888615614e-06 9.3979775784e-07 4.588343927e-07 2.1956506657e-07 
1.0288646024e-07 4.717826485e-08 2.1159440422e-08 9.2791916373e-09 3.9782084293e-09 1.667301075e-09 6.8313560364e-10 2.7366325872e-10 1.0721048355e-10 
4.1100890052e-11 1.547828532e-11 5.8922255096e-12 2.7399486759e-12 1.86583431e-12 3.9224001651e-12 1.0084100222e-11 2.6262178196e-11 6.7255215286e-11 
1.6868241526e-10 4.1410777585e-10 9.9501284989e-10 2.3401689475e-09 5.3881947792e-09 1.2148857031e-08 2.6834069189e-08 5.8090286359e-08 1.2332013455e-07 
2.5690215466e-07 5.2559630603e-07 1.0571694702e-06 2.093817784e-06 4.0946820263e-06 7.9449227997e-06 1.5421446733e-05 3.0323533792e-05 6.1359183746e-05 
0.00012953547412 0.00028639475931 0.00065616343636 0.0015250871656 0.0035118476953 0.0078532788903 0.016797250137 0.033865831792 0.062801472843 
0.10194062442 0.13379122317 0.134629637 0.1237712577 0.12086217105 0.13852721453 0.19034329057 0.28871133924 0.42459687591 
0.53031331301 0.58036082983 0.56403720379 0.47851666808 0.34389284253 0.23485217988 0.17941939831 0.18889115751 0.23141218722 
0.16969867051 0.11936660856 0.10478036851 0.11074087024 0.12341170758 0.13463370502 0.140320912 0.13848116994 0.13146577775 
0.1207190007 0.10666894168 0.089934974909 0.07231451571 0.055646561086 0.041141487658 0.029320644215 0.020195303485 0.013473496772 
0.0087254736573 0.005497018341 0.0033767304849 0.0020274340641 0.0011927684536 0.00068927468965 0.00039215540164 0.00022010251996 0.00012205653184 
6.6937966039e-05 3.6313926103e-05 1.9480132323e-05 1.0323286006e-05 5.3972562455e-06 2.7796620543e-06 1.4079793118e-06 7.0040687206e-07 3.4174169627e-07 
1.6337240538e-07 7.6459606646e-08 3.5009904309e-08 1.5677287024e-08 6.8636931694e-09 2.9376157062e-09 1.2290563012e-09 5.0270615448e-10 2.0103824161e-10 
7.8625599087e-11 3.009217181e-11 1.1313687834e-11 4.2993885362e-12 1.9957637973e-12 1.2740029301e-12 2.6844481499e-12 6.9172380497e-12 1.8053584669e-11 
4.6333374637e-11 1.1646276998e-10 2.8654900674e-10 6.9008765369e-10 1.6268123515e-09 3.7547041032e-09 8.4867224359e-09 1.8792972512e-08 4.0789615241e-08 
8.682558672e-08 1.8137258451e-07 3.7209252923e-07 7.5042402159e-07 1.4899288772e-06 2.9193779483e-06 5.6698740991e-06 1.0996833225e-05 2.1547788492e-05 
4.3294101488e-05 9.0419518529e-05 0.00019724531739 0.00044537161011 0.001019735937 0.0023103274871 0.005065232981 0.010550523177 0.020529456437 
0.036526940763 0.057407557964 0.075959183276 0.083378881216 0.087268538773 0.099884703755 0.13782191277 0.22837588191 0.41105693579 
0.70792251825 0.89617097378 0.97378474474 0.94085079432 0.77987313271 0.4854978025 0.28665459156 0.17573694885 0.12742736936 
0.11327803135 0.087355852127 0.072065010667 0.070692740381 0.076952427626 0.085305087268 0.092016868293 0.0949023664 0.093320429325 
0.088047936559 0.080179609358 0.070468813181 0.059522196651 0.048198681325 0.037422601134 0.027907345444 0.020035203546 0.01388131734 
0.0093048615381 0.0060495520011 0.0038245767355 0.0023573646322 0.0014203769388 0.00083879218437 0.00048670987599 0.00027812382905 0.00015681135119 
8.7352593255e-05 4.8111109209e-05 2.6200426873e-05 1.4100032786e-05 7.490740245e-06 3.9230990296e-06 2.022463832e-06 1.0247832734e-06 5.0967105381e-07 
2.4850973546e-07 1.1867959415e-07 5.5471037541e-08 2.5361782008e-08 1.1338583406e-08 4.9557566939e-09 2.1173491849e-09 8.8431639789e-10 3.6106906354e-10 
1.4414615335e-10 5.627932495e-11 2.1503670372e-11 8.0713023071e-12 3.0619413255e-12 1.4188800959e-12 8.5438058538e-13 1.8044607692e-12 4.6603315824e-12 
1.2189270426e-11 3.1349440405e-11 7.8967984929e-11 1.9471568802e-10 4.6995424219e-10 1.1103248321e-09 2.5683954963e-09 5.8185172236e-09 1.2914153302e-08 
2.8094941484e-08 5.9943147335e-08 1.2550789563e-07 2.5806465942e-07 5.2153689012e-07 1.0372206134e-06 2.0340746687e-06 3.9476481106e-06 7.6298001659e-06 
1.4832462512e-05 2.9391914723e-05 6.0166355979e-05 0.00012808843167 0.00028195173945 0.00063026067801 0.001396671636 0.002996270312 0.0060951928608 
0.011543282308 0.01997031644 0.030857931823 0.041679982096 0.049931406975 0.059335235506 0.079193070531 0.1285340637 0.24837979674 
0.53558051586 1.2800799608 1.5714488029 1.6710655689 1.6212767363 1.3607147932 0.62001699209 0.31586575508 0.17183762789 
0.10272229463 0.071452096105 0.054215691984 0.047534268349 0.047994554043 0.051976501942 0.056771304458 0.060464728624 0.061872206628 
0.060630787164 0.057086337358 0.051866650581 0.04552090168 0.0385045968 0.031312920153 0.024457342923 0.018356833607 0.013260772452 
0.0092397434637 0.0062251244672 0.0040661902167 0.0025821279269 0.0015985961072 0.00096758134896 0.00057412148453 0.00033479966805 0.00019230412727 
0.00010898607434 6.1014758103e-05 3.3759733924e-05 1.845870429e-05 9.9663102446e-06 5.3077537814e-06 2.7844232591e-06 1.4367377617e-06 7.2816413876e-07 
3.6202985143e-07 1.7638441818e-07 8.4140580725e-08 3.9273349017e-08 1.7928169171e-08 8.0018098814e-09 3.4912583935e-09 1.4889909306e-09 6.2077076812e-10 
2.5301305495e-10 1.0083144042e-10 3.9300420557e-11 1.4991076089e-11 5.6175238072e-12 2.1274186839e-12 9.841352993e-13 5.6282956811e-13 1.1914980721e-12 
3.0843086331e-12 8.0843734485e-12 2.0835857345e-11 5.2595035965e-11 1.2995944598e-10 3.1432303982e-10 7.4418854412e-10 1.7250582074e-09 3.9161247578e-09 
8.7096800883e-09 1.8986332506e-08 4.0588812311e-08 8.5144357342e-08 1.7537603014e-07 3.549528742e-07 7.0661474183e-07 1.3857397789e-06 2.6844784315e-06 
5.1620850172e-06 9.9317185231e-06 1.9334534954e-05 3.8562982809e-05 7.9477176769e-05 0.00016899980255 0.00036572743556 0.00078803271754 0.0016506635584 
0.0032883440144 0.006112981122 0.010429781862 0.016109947115 0.022446671501 0.029086543247 0.038376487792 0.056801475585 0.098167859018 
0.18855129182 0.36755850911 0.65888571739 0.84246480465 0.91881173849 0.88897538185 0.73442876339 0.44740870595 0.25372880697 
0.14170323312 0.081624850631 0.05166554451 0.03757090494 0.032461147755 0.032204154879 0.034162066877 0.036643587053 0.038526918739 
0.039135124534 0.038237791508 0.035978902131 0.03268436715 0.028689209372 0.024297418073 0.019814478233 0.015540099703 0.011721455492 
0.0085122846067 0.0059629515745 0.0040388149209 0.0026520336978 0.0016930245329 0.0010538087226 0.00064138398739 0.00038275375846 0.00022451393306 
0.00012971715478 7.3937299021e-05 4.1615498048e-05 2.3136737582e-05 1.2701917512e-05 6.8802323767e-06 3.6728206396e-06 1.929640348e-06 9.9640567441e-07 
5.0503001603e-07 2.5097131129e-07 1.2216436573e-07 5.8203980302e-08 2.7127216029e-08 1.2363250868e-08 5.5084474759e-09 2.3990636144e-09 1.0213158097e-09 
4.2501874242e-10 1.7291684751e-10 6.8789536567e-11 2.6765411068e-11 1.0192464928e-11 3.8130553402e-12 1.4415840483e-12 6.6573504522e-13 3.6418161238e-13 
7.7279903397e-13 2.0050864181e-12 5.2668507576e-12 1.3602708369e-11 3.4408101368e-11 8.5195892008e-11 2.0647715482e-10 4.8983489487e-10 1.1376852793e-09 
2.5876225607e-09 5.7655324959e-09 1.2590116505e-08 2.6958435484e-08 5.6634085865e-08 1.1679801304e-07 2.3661429793e-07 4.7121955049e-07 9.2356253845e-07 
1.7848611833e-06 3.4129868709e-06 6.495231446e-06 1.2410615454e-05 2.4067267077e-05 4.7817589802e-05 9.7592324892e-05 0.00020295636205 0.0004225273733 
0.00086114165606 0.0016808068613 0.0030829950701 0.0052376911044 0.0081792008132 0.011818598956 0.016374161467 0.023350114003 0.036621179432 
0.063960246742 0.11797958612 0.21188516915 0.33962357044 0.43813589215 0.48618504405 0.47474813461 0.39930215478 0.27549529076 
0.1708188206 0.10052116215 0.058897826821 0.036623068154 0.025941172615 0.021797226742 0.02105711773 0.021843273193 0.023030873388 
0.023928262293 0.024138435721 0.023514930159 0.022110357881 0.020087029785 0.017636569217 0.014949040487 0.012212942354 0.0096063381061 
0.0072739762254 0.0053068581037 0.0037365779281 0.0025447451044 0.0016806196654 0.0010793489637 0.00067603599746 0.00041411857819 0.00024876341922 
0.00014688707597 8.5418694653e-05 4.8987953051e-05 2.7727779525e-05 1.5491006707e-05 8.5386436695e-06 4.6393888624e-06 2.4819473765e-06 1.3056526313e-06 
6.7454755026e-07 3.4185146092e-07 1.6977006112e-07 8.2550947411e-08 3.9277093578e-08 1.8277116709e-08 8.3154994002e-09 3.6982785723e-09 1.6077082998e-09 
6.8314837121e-10 2.8376417882e-10 1.1523744459e-10 4.5761821416e-11 1.7774639399e-11 6.7573177956e-12 2.5237797963e-12 9.5253720276e-13 4.391471453e-13 
2.3140162204e-13 4.9222144373e-13 1.2800844369e-12 3.3697005689e-12 8.7211982427e-12 2.2105942077e-11 5.4846703568e-11 1.3318904313e-10 3.1658151101e-10 
7.3665362699e-10 1.6784327261e-09 3.7458445235e-09 8.1918258843e-09 1.7563317911e-08 3.693646633e-08 7.6236183588e-08 1.5451070112e-07 3.0767935755e-07 
6.0243223743e-07 1.1612439721e-06 2.2085869205e-06 4.1609582695e-06 7.8143448263e-06 1.4754504264e-05 2.8261410989e-05 5.5218712077e-05 0.00010978930368 
0.00021951440431 0.00043322867714 0.00082686834503 0.0014988137409 0.0025474533904 0.0040441928431 0.0060639660805 0.0088803656399 0.013380758464 
0.021604981273 0.037317086011 0.065880529583 0.11140535027 0.16901691258 0.21812461317 0.24524267018 0.24284873903 0.20948338509 
0.15491715074 0.10262427479 0.063510879874 0.038413461298 0.024158906192 0.017023675144 0.014070579782 0.013326003216 0.013579490595 
0.014116662554 0.014518185519 0.014553065412 0.014131654985 0.01327066496 0.01205077488 0.010579124093 0.0089697595686 0.0073361885734 
0.0057828556746 0.0043929284438 0.0032183576841 0.0022773754317 0.0015597461024 0.0010364791378 0.00067007535836 0.00042262088391 0.00026075166534 
0.00015778001398 9.3837763416e-05 5.4947875469e-05 3.1715451769e-05 1.8053895474e-05 1.0135149751e-05 5.6080602917e-06 3.0558019262e-06 1.6378800183e-06 
8.6251213816e-07 4.4573059199e-07 2.258137215e-07 1.1205029438e-07 5.441889428e-08 2.5853728047e-08 1.2010589856e-08 5.4546100969e-09 2.4213775429e-09 
1.0506153725e-09 4.4557868506e-10 1.8473485242e-10 7.4882933188e-11 2.9683245445e-11 1.1509385459e-11 4.3681126424e-12 1.6287594103e-12 6.1370136403e-13 
2.8246225888e-13 1.4432794966e-13 3.0775441874e-13 8.0224141132e-13 2.1164146824e-12 5.4891000599e-12 1.3942243193e-11 3.4661981618e-11 8.4338279416e-11 
2.0084459096e-10 4.681776633e-10 1.0684773066e-09 2.3880954991e-09 5.2291886377e-09 1.1222938134e-08 2.3619987743e-08 4.8771674699e-08 9.8849604058e-08 
1.9674172336e-07 3.8472157371e-07 7.3967100889e-07 1.4000298734e-06 2.6150939902e-06 4.8402935136e-06 8.9319273684e-06 1.6555755792e-05 3.1025232602e-05 
5.8896745031e-05 0.00011263156921 0.00021418763208 0.00039823417319 0.000712262874 0.0012118063169 0.0019572114106 0.0030358962249 0.0046479897574 
0.007275623735 0.011902454309 0.020186915994 0.034244056791 0.055326964706 0.081131897867 0.10441423953 0.11851519346 0.11903699487 
0.1051825881 0.081443443894 0.056678723544 0.036638498306 0.022939506918 0.014770216309 0.010520472191 0.0086804032326 0.0081443702802 
0.0082049239427 0.0084409127012 0.0086100613698 0.0085822697729 0.008305715397 0.0077852788381 0.0070620845072 0.0061956723221 0.0052524567582 
0.0042987507768 0.003394351108 0.0025858664885 0.0019019728061 0.0013525577961 0.00093174923677 0.00062321673613 0.00040577142499 0.00025784937316 
0.00016032518761 9.7768825071e-05 5.858892473e-05 3.4553315345e-05 2.0073483029e-05 1.149118998e-05 6.4809541982e-06 3.5990115066e-06 1.9661204078e-06 
1.0555149856e-06 5.5625747564e-07 2.8747427905e-07 1.4555898531e-07 7.2154833219e-08 3.4995853326e-08 1.659958393e-08 7.6979018715e-09 3.4894744871e-09 
1.5460466241e-09 6.695135002e-10 2.8339977587e-10 1.1727249727e-10 4.744843754e-11 1.8774400437e-11 7.2669023576e-12 2.7533483306e-12 1.024978713e-12 
3.8556037161e-13 1.7716634637e-13 8.8319068313e-14 1.8879127049e-13 4.9330705536e-13 1.3042664821e-12 3.3899280952e-12 8.6283237499e-12 2.1494568278e-11 
5.2402329004e-11 1.2502451852e-10 2.919444686e-10 6.6732763759e-10 1.4935572779e-09 3.274114091e-09 7.0328129986e-09 1.4808798632e-08 3.0581666977e-08 
6.1963284281e-08 1.2322465182e-07 2.4059792736e-07 4.6140573318e-07 8.6967179413e-07 1.6131253915e-06 2.9516281757e-06 5.3486223806e-06 9.6510657386e-06 
1.7444332116e-05 3.171802382e-05 5.7990029745e-05 0.00010590795137 0.00019098966732 0.00033577450085 0.00057016481878 0.00093376409495 0.0014889013255 
0.0023570600897 0.0037842327729 0.0062187165022 0.010349069722 0.016967119649 0.026438931003 0.037798997015 0.048377782106 0.055210974067 
0.05610793829 0.050586145371 0.040479920805 0.029254175723 0.019624616951 0.012714951299 0.0084353219718 0.0061433883384 0.0051239831373 
0.0048091863282 0.0048192231916 0.0049238395877 0.0049910703674 0.0049509597011 0.0047754622065 0.0044663813896 0.0040454412811 0.0035456449259 
0.0030047190376 0.0024602701887 0.0019456212176 0.0014862181852 0.0010974180186 0.00078432651935 0.0005435483763 0.0003660422517 0.00024010556808 
0.00015378085664 9.6391959232e-05 5.9254467487e-05 3.5783457861e-05 2.1254758394e-05 1.2426403373e-05 7.1520021265e-06 4.0511977204e-06 2.2570541205e-06 
1.2357616015e-06 6.6427412548e-07 3.5023830947e-07 1.8096622512e-07 9.1561474846e-08 4.53349287e-08 2.1955498752e-08 1.0396518313e-08 4.8124255692e-09 
2.1772821324e-09 9.6276941974e-10 4.1610306867e-10 1.7578870304e-10 7.2602895917e-11 2.9320285783e-11 1.1580508254e-11 4.4746129545e-12 1.6925514809e-12 
6.2906141884e-13 2.3624250342e-13 1.0837887526e-13 5.2995483707e-14 1.1356713503e-13 2.974641746e-13 7.8822072567e-13 2.0530829641e-12 5.2366847837e-12 
1.3072179623e-11 3.1931977895e-11 7.6327485998e-11 1.7854039081e-10 4.0874117979e-10 9.160235348e-10 2.010178024e-09 4.3209968936e-09 9.1017637871e-09 
1.8794677814e-08 3.8060498753e-08 7.5609854377e-08 1.4738246534e-07 2.8193935009e-07 5.2944187701e-07 9.765045661e-07 1.771101438e-06 3.165886028e-06 
5.5970535868e-06 9.8317104857e-06 1.7238289729e-05 3.0248822441e-05 5.3058487538e-05 9.2522415798e-05 0.00015913313837 0.00026819857885 0.00044237723341 
0.000718553958 0.0011629426153 0.0018950210651 0.0031117238104 0.00508848764 0.0081097520888 0.012269029394 0.017167851329 0.021794341505 
0.024905191734 0.025513585657 0.02336054109 0.019154248759 0.014258669689 0.0098771946505 0.0066193160601 0.0045456350781 0.0034143349621 
0.0029063597322 0.0027495054528 0.0027542172465 0.0028030625544 0.0028283433057 0.0027943477035 0.0026869117282 0.0025072479621 0.002267180942 
0.0019849035889 0.0016813690308 0.0013773299288 0.0010908800177 0.00083557353355 0.00061942264438 0.00044496599003 0.00031026281067 0.00021040465799 
0.00013907164976 8.9789522463e-05 5.6742737797e-05 3.5161992855e-05 2.1396015654e-05 1.2797050658e-05 7.5269363151e-06 4.3538730097e-06 2.4759174266e-06 
1.3833533785e-06 7.5880143413e-07 4.0827654857e-07 2.1530433969e-07 1.1119794152e-07 5.6209152888e-08 2.7794461843e-08 1.3439398927e-08 6.3526153227e-09 
2.9349656039e-09 1.3252497988e-09 5.8483989873e-10 2.5226015721e-10 1.0636129477e-10 4.3844063796e-11 1.7673166749e-11 6.9677388859e-12 2.6876294159e-12 
1.0149332546e-12 3.7661315581e-13 1.412084154e-13 6.4678487175e-14 3.1164337739e-14 6.695291294e-14 1.7579599614e-13 4.6687182115e-13 1.2187158834e-12 
3.1151465955e-12 7.7924047423e-12 1.907289951e-11 4.5676518123e-11 1.0703057191e-10 2.4541349508e-10 5.5072302274e-10 1.2097949309e-09 2.6023223576e-09 
5.4831237328e-09 1.1320526738e-08 2.2909816266e-08 4.5458026676e-08 8.8452608793e-08 1.6879381803e-07 3.159102846e-07 5.7994384406e-07 1.0447538443e-06 
1.8488852902e-06 3.2206478409e-06 5.5392501963e-06 9.4430424724e-06 1.6015786969e-05 2.7085116017e-05 4.565855852e-05 7.6524942415e-05 0.00012715162302 
0.00020934011263 0.0003426054318 0.00056029704865 0.00091795291519 0.0014996579848 0.0024128148798 0.0037557997275 0.0055439327843 0.0076098577119 
0.0095631629229 0.010903199203 0.011216950603 0.010383851826 0.0086714010686 0.0066127544269 0.0047158710659 0.0032709117513 0.0023353390861 
0.0018212667201 0.0015927379718 0.001526591368 0.0015339758247 0.0015585988294 0.0015676323092 0.0015437669354 0.0014803262893 0.0013783579925 
0.0012443957385 0.0010883669602 0.00092166184913 0.00075545388972 0.00059933925513 0.00046038225992 0.00034267519368 0.00024744687835 0.00017361469509 
0.00011857004574 7.8973615018e-05 5.139705172e-05 3.274251867e-05 2.0448285795e-05 1.2533423615e-05 7.5451662269e-06 4.4626317504e-06 2.5930405627e-06 
1.4796680716e-06 8.2871520135e-07 4.5523026415e-07 2.4509029117e-07 1.2923743498e-07 6.6703506718e-08 3.3680755962e-08 1.6630679056e-08 8.0279232151e-09 
3.7876999315e-09 1.7465493496e-09 7.8705819639e-10 3.4663316661e-10 1.4921461289e-10 6.2790037059e-11 2.5833571393e-11 1.0393976478e-11 4.0905711977e-12 
1.5751416014e-12 5.9385385064e-13 2.2001726884e-13 8.2363993013e-14 3.7667497566e-14 1.7950430638e-14 3.8662825654e-14 1.0176537754e-13 2.7087872418e-13 
7.086600729e-13 1.8153214392e-12 4.5505374642e-12 1.1160701703e-11 2.6779748558e-11 6.2863624029e-11 1.4437384621e-10 3.2442923348e-10 7.1345829245e-10 
1.535801375e-09 3.2369809055e-09 6.6821232991e-09 1.3513994368e-08 2.6782535301e-08 5.2021562169e-08 9.9036476797e-08 1.8478202435e-07 3.3785863707e-07 
6.0537740865e-07 1.0633636975e-06 1.8328018996e-06 3.1054119063e-06 5.1869164963e-06 8.5709625637e-06 1.4063050003e-05 2.2980306312e-05 3.7466459617e-05 
6.1004444433e-05 9.9307726487e-05 0.00016188173322 0.00026444558171 0.00043171204743 0.00069857737981 0.0011059868848 0.0016866297228 0.0024376520887 
0.0032878506463 0.0040854527615 0.0046351579949 0.0047739576548 0.0044524534605 0.0037716154475 0.0029371127021 0.0021544257179 0.0015498421853 
0.0011556836544 0.00094040937256 0.00084817322204 0.00082592648687 0.00083422038006 0.00084748520749 0.00085057778051 0.00083549955161 0.00079931179062 
0.00074286171002 0.00066975591471 0.0005853351322 0.00049566442613 0.00040662818355 0.0003232115705 0.00024902887526 0.00018613626889 0.00013512038277 
9.5396178949e-05 6.5607775468e-05 4.4027292461e-05 2.8876291253e-05 1.853763024e-05 1.1662406905e-05 7.1966055657e-06 4.3581289901e-06 2.5904785161e-06 
1.5111572793e-06 8.6482646111e-07 4.8530063168e-07 2.6686740284e-07 1.4372051282e-07 7.5758961771e-08 3.9068442703e-08 1.9702405041e-08 9.7135783861e-09 
4.6807206999e-09 2.2042676573e-09 1.0144062257e-09 4.5620784928e-10 2.0051567351e-10 8.6143168987e-11 3.6178386675e-11 1.4856489303e-11 5.9664465209e-12 
2.3439744069e-12 9.0106980037e-13 3.3917492296e-13 1.2546864589e-13 4.6897480067e-14 2.1415557722e-14 1.0122140281e-14 2.1857749578e-14 5.7674886731e-14 
1.5387115139e-13 4.0345022245e-13 1.0357588268e-12 2.6019568444e-12 6.3948664072e-12 1.5374722329e-11 3.6157986327e-11 8.3180566601e-11 1.8719086003e-10 
4.1213768509e-10 8.8790974573e-10 1.8722243755e-09 3.8646890133e-09 7.8116642044e-09 1.546442796e-08 2.9987617722e-08 5.6961095396e-08 1.0597466371e-07 
1.9307779553e-07 3.4441632124e-07 6.0149420733e-07 1.0287425312e-06 1.7246974267e-06 2.8394649689e-06 4.6037248467e-06 7.3786177381e-06 1.1741945855e-05 
1.8635872038e-05 2.9618986446e-05 4.7292200179e-05 7.5979063695e-05 0.00012265658006 0.00019783324387 0.00031552926521 0.00049096194562 0.00073448871262 
0.0010415941942 0.0013821868924 0.0016975203762 0.0019135507755 0.0019690841436 0.0018460957799 0.0015829666518 0.0012576718582 0.00095008325297 
0.00071141560329 0.00055645639077 0.00047381353215 0.00044124195119 0.00043684185948 0.00044388734386 0.00045127570047 0.00045230644173 0.0004434324801 
0.00042344600661 0.00039295663009 0.00035393054713 0.00030919187702 0.00026190665085 0.00021511290106 0.00017135418602 0.00013245145965 9.9425917142e-05 
7.2557602834e-05 5.1541483117e-05 3.5688462958e-05 2.4122167815e-05 1.5937210264e-05 1.030464955e-05 6.5266476668e-06 4.0519830691e-06 2.4667037906e-06 
1.472536951e-06 8.6186526005e-07 4.944076295e-07 2.778467092e-07 1.528912037e-07 8.2338395657e-08 4.3378044268e-08 2.2347013129e-08 1.1254329912e-08 
5.5395612542e-09 2.6645656792e-09 1.2524035142e-09 5.7521315489e-10 2.5816920823e-10 1.1324427507e-10 4.8554230081e-11 2.0352310115e-11 8.3419009547e-12 
3.3441025556e-12 1.3114921475e-12 5.0333413652e-13 1.8916617404e-13 6.9872710048e-14 2.6078140366e-14 1.1891309199e-14 5.585471203e-15 1.209239228e-14 
3.1987040512e-14 8.5535833245e-14 2.2478155134e-13 5.7835610216e-13 1.4560792893e-12 3.5862348247e-12 8.6397217505e-12 2.0357791841e-11 4.6915190482e-11 
1.0574303239e-10 2.3311561015e-10 5.0271259378e-10 1.060628585e-09 2.189680437e-09 4.4243937403e-09 8.7509341995e-09 1.6944548875e-08 3.2120944127e-08 
5.9605838487e-08 1.0825358743e-07 1.9236654225e-07 3.343818662e-07 5.6853247088e-07 9.4584652288e-07 1.541321808e-06 2.4651965305e-06 3.8823259274e-06 
6.0471384131e-06 9.3669041235e-06 1.4513147107e-05 2.2607318897e-05 3.5500390368e-05 5.6118547946e-05 8.872354374e-05 0.00013874132128 0.00021165453654 
0.00031054829014 0.00043248297879 0.00056505901739 0.00068590365117 0.00076774635818 0.00078863173258 0.00074268790195 0.00064454093808 0.00052312680054 
0.0004083160602 0.0003196708858 0.00026314106071 0.00023454040638 0.00022523982625 0.00022651795007 0.00023154477822 0.00023566646269 0.00023601128487 
0.00023105680884 0.00022034057474 0.00020425900584 0.00018386344891 0.00016061947099 0.00013614859199 0.00011199151049 8.9425666374e-05 6.9357200118e-05 
5.2289546147e-05 3.8358011807e-05 2.7409525501e-05 1.9101586076e-05 1.2997951671e-05 8.6455747805e-06 5.6263934312e-06 3.5850205222e-06 2.2375795652e-06 
1.3683036286e-06 8.1978208755e-07 4.8110939588e-07 2.7649173262e-07 1.5554159916e-07 8.5617230638e-08 4.6095472328e-08 2.4265503384e-08 1.2486269796e-08 
6.2790972422e-09 3.0854749866e-09 1.4814126592e-09 6.949517628e-10 3.1854974214e-10 1.4268677906e-10 6.2464249051e-11 2.6729613314e-11 1.1182828101e-11 
4.5751237e-12 1.8308340954e-12 7.1680628013e-13 2.7466055688e-13 1.0306827006e-13 3.8015675541e-14 1.4168048211e-14 6.4515149577e-15 3.0149261078e-15 
6.5441210698e-15 1.7353916156e-14 4.6513689439e-14 1.2251286682e-13 3.1593204073e-13 7.9716181572e-13 1.9676222457e-12 4.7502067384e-12 1.1215238807e-11 
2.5893800992e-11 5.8459979912e-11 1.2906264946e-10 2.7864044405e-10 5.8834087602e-10 1.2150875861e-09 2.4549211552e-09 4.8525690133e-09 9.3852445815e-09 
1.7760852344e-08 3.2884326373e-08 5.9557617504e-08 1.0548365736e-07 1.8263932589e-07 3.0907233395e-07 5.1119707223e-07 8.2680224978e-07 1.3093924736e-06 
2.0354020762e-06 3.1174483865e-06 4.7292487579e-06 7.1506024142e-06 1.0842066331e-05 1.6553229216e-05 2.5446059226e-05 3.9166068746e-05 5.9726549807e-05 
8.9030094387e-05 0.00012791882909 0.00017489031598 0.00022502150387 0.00027001113631 0.00030012463685 0.00030781657551 0.00029139820253 0.00025639540399 
0.00021327586728 0.00017279625172 0.00014204287436 0.00012318781228 0.00011466359865 0.00011319762416 0.00011541535787 0.00011860506493 0.00012086304196 
0.00012098434672 0.00011833028111 0.00011273717246 0.0001044427554 9.3996495707e-05 8.2144324551e-05 6.9701905886e-05 5.7437799114e-05 4.5984812459e-05 
3.5789227695e-05 2.7098130886e-05 1.9978348064e-05 1.4356019165e-05 1.0064577509e-05 6.8906492743e-06 4.611048098e-06 3.0179917303e-06 1.9330198029e-06 
1.2119552366e-06 7.4390283089e-07 4.4699166324e-07 2.6287844435e-07 1.5127426423e-07 8.5151945939e-08 4.6871271309e-08 2.5221771338e-08 1.326460275e-08 
6.8167911316e-09 3.4227576329e-09 1.6790064894e-09 8.0464201968e-10 3.7674177666e-10 1.7235028682e-10 7.7047958291e-11 3.3663530297e-11 1.4377658786e-11 
6.0039625181e-12 2.4519334046e-12 9.7950575602e-13 3.8286683394e-13 1.464765131e-13 5.4885895227e-14 2.0216013379e-14 7.5239742889e-15 3.4215665088e-15 
1.5914532528e-15 3.4633114688e-15 9.2071176936e-15 2.4735479642e-14 6.530040587e-14 1.6877744048e-13 4.2681833003e-13 1.0558376005e-12 2.554469223e-12 
6.0435471731e-12 1.3980498183e-11 3.1619859509e-11 6.9917675816e-11 1.5114835772e-10 3.1946567614e-10 6.60201116e-10 1.3341147076e-09 2.6363757843e-09 
5.094948019e-09 9.6291721263e-09 1.779588743e-08 3.2155561769e-08 5.6791453318e-08 9.800735512e-08 1.6521416057e-07 2.7200348995e-07 4.3743327183e-07 
6.8768719075e-07 1.0586262533e-06 1.6004361214e-06 2.3866073207e-06 3.5305772599e-06 5.2134960242e-06 7.7236136349e-06 1.1498286767e-05 1.7141310309e-05 
2.5365665351e-05 3.6802641262e-05 5.1651430113e-05 6.923838373e-05 8.769123815e-05 0.00010402967018 0.00011489492317 0.00011780125351 0.00011233778787 
0.00010055072926 8.6119718617e-05 7.2777525929e-05 6.2970902945e-05 5.7429064327e-05 5.5556665757e-05 5.6134103943e-05 5.7881949033e-05 5.9742043959e-05 
6.0945640143e-05 6.0992289946e-05 5.9617381339e-05 5.6768330978e-05 5.257875091e-05 4.7328972869e-05 4.1391434934e-05 3.516938159e-05 2.9040405934e-05 
2.3314112696e-05 1.8208369511e-05 1.3844134628e-05 1.0255191228e-05 7.4073318501e-06 5.2212230912e-06 3.5941957321e-06 2.417859605e-06 1.5903038957e-06 
1.023056484e-06 6.4382760456e-07 3.9637492932e-07 2.3871120902e-07 1.4060316289e-07 8.0979695838e-08 4.5594347853e-08 2.5089869737e-08 1.3491161965e-08 
7.0875048053e-09 3.6373193346e-09 1.8234206367e-09 8.9290502769e-10 4.2712286485e-10 1.9960182118e-10 9.1136410918e-11 4.0663136053e-11 1.7732496027e-11 
7.5593992871e-12 3.1510156897e-12 1.2845890801e-12 5.1231702257e-13 1.9993638093e-13 7.6376994735e-14 2.857883743e-14 1.0512409865e-14 3.9073858556e-15 
1.7746757966e-15 8.2132115626e-16 1.791977821e-15 4.7758470423e-15 1.2860627446e-14 3.4029579149e-14 8.8155333456e-14 2.2344127416e-13 5.5397586475e-13 
1.3432202399e-12 3.1846446053e-12 7.3819552901e-12 1.6727473573e-11 3.7051282181e-11 8.0217534004e-11 1.697543911e-10 3.5112490693e-10 7.0990757717e-10 
1.4029856166e-09 2.7103221889e-09 5.117926527e-09 9.4457472954e-09 1.7036425604e-08 3.0020384401e-08 5.1667345957e-08 8.6823234824e-08 1.4241729218e-07 
2.2802157673e-07 3.5648159269e-07 5.4476277001e-07 8.1542054886e-07 1.199510848e-06 1.7421729126e-06 2.5121189537e-06 3.6149926927e-06 5.2068985497e-06 
7.4978415796e-06 1.0727477274e-05 1.5094051378e-05 2.0631348889e-05 2.7063029847e-05 3.3708140109e-05 3.9535501855e-05 4.3427698984e-05 4.4600161345e-05 
4.2980682338e-05 3.9306192775e-05 3.4831347875e-05 3.0806026189e-05 2.8038555683e-05 2.6754631108e-05 2.6726032957e-05 2.750303247e-05 2.8605456464e-05 
2.9622757211e-05 3.0244978916e-05 3.0264303859e-05 2.9571410778e-05 2.8151598599e-05 2.6076086215e-05 2.3484528356e-05 2.0559356926e-05 1.7496646251e-05 
1.44792848e-05 1.1656987226e-05 9.1352530944e-06 6.9731545409e-06 5.1880920182e-06 3.7648821944e-06 2.6664906727e-06 1.8442605096e-06 1.2462421637e-06 
8.2306183913e-07 5.3138364819e-07 3.354068383e-07 2.0697576986e-07 1.24856399e-07 7.3617655971e-08 4.2418680124e-08 2.3881371547e-08 1.3134645371e-08 
7.0563137555e-09 3.7025302824e-09 1.897405788e-09 9.496461395e-10 4.6421724798e-10 2.2165311253e-10 1.0338807588e-10 4.7116810453e-11 2.0982965365e-11 
9.1333589997e-12 3.8865330225e-12 1.6172066941e-12 6.5818655864e-13 2.620758428e-13 1.0212207328e-13 3.8955441656e-14 1.455682024e-14 5.347793758e-15 
1.9852724336e-15 9.0061233397e-16 4.1434720962e-16 9.0636516999e-16 2.4216108685e-15 6.5362872856e-15 1.733510186e-14 4.5010737894e-14 1.1434698132e-13 
2.8414298909e-13 6.9049881915e-13 1.6406744669e-12 3.8110465304e-12 8.6530140692e-12 1.9201785995e-11 4.1641717852e-11 8.8247201213e-11 1.8274304292e-10 
3.6977512718e-10 7.3111100507e-10 1.4124279524e-09 2.6660265107e-09 4.9162878213e-09 8.8556166844e-09 1.5578088153e-08 2.675477262e-08 4.4847961789e-08 
7.3351912988e-08 1.1704011627e-07 1.8220501374e-07 2.7691555715e-07 4.1141203155e-07 5.9890942339e-07 8.572429806e-07 1.2117873212e-06 1.6996139038e-06 
2.3735406103e-06 3.3024880395e-06 4.5622359721e-06 6.2106209953e-06 8.2465021478e-06 1.0563662727e-05 1.2924886505e-05 1.4986924725e-05 1.6391957615e-05 
1.6903242795e-05 1.6520551071e-05 1.5501316739e-05 1.4260582248e-05 1.3203050912e-05 1.2585120203e-05 1.2470521142e-05 1.2771148249e-05 1.3321441656e-05 
1.3941004909e-05 1.4469650523e-05 1.4781413483e-05 1.4789355191e-05 1.444803911e-05 1.3754329302e-05 1.2744532796e-05 1.1486620679e-05 1.0068311894e-05 
8.5834253696e-06 7.1193353506e-06 5.7476158872e-06 4.5189381126e-06 3.4620486531e-06 2.5859985726e-06 1.8843469434e-06 1.3401295291e-06 9.30612714e-07 
6.3120432969e-07 4.1826211827e-07 2.7080699283e-07 1.7132475705e-07 1.0590426314e-07 6.3958964347e-08 3.7733947522e-08 2.1744551049e-08 1.2237814317e-08 
6.7258958403e-09 3.6096126088e-09 1.8915693456e-09 9.6791963333e-10 4.8365178529e-10 2.3601501309e-10 1.1248930259e-10 5.2373605453e-11 2.3824265477e-11 
1.0590557945e-11 4.6015608858e-12 1.9547022421e-12 8.1199500249e-13 3.2994115252e-13 1.3117396167e-13 5.103985065e-14 1.9443065322e-14 7.2561848227e-15 
2.6625360496e-15 9.8726189865e-16 4.4736833909e-16 2.043170259e-16 4.4808281138e-16 1.2001597124e-15 3.2469733248e-15 8.6312674266e-15 2.2462812318e-14 
5.7196679034e-14 1.424544483e-13 3.4696391268e-13 8.2624396691e-13 1.9233924349e-12 4.3761409427e-12 9.7300535684e-12 2.1139087009e-11 4.4870399063e-11 
9.304650106e-11 1.8848514416e-10 3.7296229993e-10 7.2083489178e-10 1.360679458e-09 2.508289354e-09 4.5147703354e-09 7.9330684244e-09 1.3604506854e-08 
2.2763147811e-08 3.7150208243e-08 5.9124943164e-08 9.1756724885e-08 1.3889355444e-07 2.0523332012e-07 2.9647986821e-07 4.1972668896e-07 5.8421966287e-07 
8.0249827761e-07 1.0914790209e-06 1.4723145796e-06 1.967154958e-06 2.5910246677e-06 3.3388691918e-06 4.1716994019e-06 5.0100147746e-06 5.7438146541e-06 
6.2629401327e-06 6.4994078457e-06 6.4612131609e-06 6.2357776187e-06 5.956689165e-06 5.7511524574e-06 5.6975422922e-06 5.8117225308e-06 6.0594079514e-06 
6.3791526372e-06 6.7023761403e-06 6.9656639425e-06 7.1170952651e-06 7.1198787737e-06 6.9549055297e-06 6.6219895416e-06 6.1389418988e-06 5.5381133279e-06 
4.8609240366e-06 4.1515695557e-06 3.4512240745e-06 2.7937187497e-06 2.2031713343e-06 1.693495733e-06 1.2693960798e-06 9.2827303888e-07 6.6249361907e-07 
4.6157734346e-07 3.1402058198e-07 2.0863224393e-07 1.3537568577e-07 8.5789700677e-08 5.3093799579e-08 3.2087278612e-08 1.893493895e-08 1.0909373849e-08 
6.1363589765e-09 3.3695966017e-09 1.8063258667e-09 9.4531149575e-10 4.8299103605e-10 2.4095056506e-10 1.1738020278e-10 5.5847666769e-11 2.5955852051e-11 
1.1786146711e-11 5.2300928345e-12 2.2685577375e-12 9.6205714836e-13 3.9900231014e-13 1.6187894666e-13 6.4263786621e-14 2.4970561778e-14 9.4999420656e-15 
3.5411086921e-15 1.2978798918e-15 4.8072047314e-16 2.1760564936e-16 9.8472113068e-17 2.1650919168e-16 5.8134142277e-16 1.5764506052e-15 4.200244956e-15 
1.0956286469e-14 2.7962119518e-14 6.9802826442e-14 1.7040106034e-13 4.0670047083e-13 9.4883953125e-13 2.1634443369e-12 4.8201373448e-12 1.0492229481e-11 
2.2310641182e-11 4.6338353293e-11 9.3995561334e-11 1.8619587816e-10 3.6015249116e-10 6.8015909571e-10 1.2539711491e-09 2.2565740387e-09 3.9628860193e-09 
6.790006335e-09 1.1347677464e-08 1.8492622544e-08 2.9378918853e-08 4.549421817e-08 6.8673479348e-08 1.0109167903e-07 1.4525643621e-07 2.0404550582e-07 
2.8084213e-07 3.7977906686e-07 5.0596833034e-07 6.6536733812e-07 8.6372301666e-07 1.1040798427e-06 1.3829406953e-06 1.6863582459e-06 1.9884805624e-06 
2.2552501378e-06 2.4540661343e-06 2.5665194698e-06 2.5979036309e-06 2.5772847039e-06 2.5467670639e-06 2.5454235129e-06 2.5964732231e-06 2.7030355341e-06 
2.8516426482e-06 3.0191049518e-06 3.1788345041e-06 3.3052333492e-06 3.3765631997e-06 3.377066605e-06 3.2985913094e-06 3.1414331261e-06 2.9140398965e-06 
2.6314835395e-06 2.3129789497e-06 1.9790250008e-06 1.6487608718e-06 1.3379893744e-06 1.0580748722e-06 8.1569663735e-07 6.1327631329e-07 4.4982473923e-07 
3.2196379607e-07 2.2492326934e-07 1.5338491721e-07 1.0211315526e-07 6.6364883367e-08 4.2105813947e-08 2.6077801252e-08 1.5765159844e-08 9.3024752346e-09 
5.3573656622e-09 3.0112461413e-09 1.6519028367e-09 8.8446533431e-10 4.6223588845e-10 2.358169493e-10 1.1745457384e-10 5.7123548947e-11 2.7132391819e-11 
1.2588546525e-11 5.706537673e-12 2.5280253151e-12 1.0947368229e-12 4.6352234117e-13 1.9194694933e-13 7.7760972032e-14 3.0827296553e-14 1.1962714924e-14 
4.5455938411e-15 1.6924405442e-15 6.1964869957e-16 2.2927344879e-16 1.0368219949e-16 4.6386389545e-17 1.0224839109e-16 2.7521937459e-16 7.4805280632e-16 
1.9976573259e-15 5.2228360695e-15 1.3360182914e-14 3.3428334834e-14 8.1791818869e-14 1.9565905428e-13 4.5750041125e-13 1.0454330544e-12 2.3341638952e-12 
5.0912008984e-12 1.0846565833e-11 2.2567466992e-11 4.5849251479e-11 9.0946118692e-11 1.7610980729e-10 3.3286898238e-10 6.1403204743e-10 1.105261549e-09 
1.9409378549e-09 3.3245535214e-09 5.5529074672e-09 9.0418401655e-09 1.434937591e-08 2.2190489446e-08 3.3437569158e-08 4.9103512367e-08 7.0311152456e-08 
9.8262248116e-08 1.3422487655e-07 1.7954910447e-07 2.3568348695e-07 3.040985348e-07 3.8596286345e-07 4.814335739e-07 5.8860291574e-07 7.0249126338e-07 
8.1482272662e-07 9.1532712077e-07 9.9471230897e-07 1.0483607866e-06 1.0788955933e-06 1.0958929124e-06 1.1124934645e-06 1.1405612668e-06 1.1868338561e-06 
1.2515560002e-06 1.3293883967e-06 1.4113901443e-06 1.4870173572e-06 1.5457385416e-06 1.5783299432e-06 1.5779805835e-06 1.5411641243e-06 1.4681091898e-06 
1.3627050066e-06 1.2318290601e-06 1.0842429674e-06 9.2930901019e-07 7.7580136804e-07 6.3100850412e-07 5.0022464393e-07 3.8662193447e-07 2.914269146e-07 
2.1428979835e-07 1.5373856854e-07 1.076286722e-07 7.3530429745e-08 4.9024148296e-08 3.189711606e-08 2.0252377553e-08 1.2547704209e-08 7.585729378e-09 
4.4746801819e-09 2.5754496313e-09 1.4463605869e-09 7.9259421248e-10 4.2384540322e-10 2.2120277832e-10 1.1268255079e-10 5.6036859181e-11 2.7209481196e-11 
1.2902793417e-11 5.9766783536e-12 2.7048994555e-12 1.1963714524e-12 5.1727068809e-13 2.186876575e-13 9.0428647914e-14 3.6583617266e-14 1.4484110932e-14 
5.6137201753e-15 2.1306427691e-15 7.9244156792e-16 2.8984379547e-16 1.0713951667e-16 4.8405974172e-17 2.1357685956e-17 4.7197102646e-17 1.2734966985e-16 
3.4693558959e-16 9.2859565557e-16 2.4333486276e-15 6.2388775007e-15 1.5646135104e-14 3.837068399e-14 9.1998823381e-14 2.1560406455e-13 4.9377510544e-13 
1.1048651143e-12 2.4149705673e-12 5.1553323242e-12 1.0746539943e-11 2.1871397055e-11 4.345227303e-11 8.4257850697e-11 1.5944220944e-10 2.9438895766e-10 
5.3026044666e-10 9.3158503134e-10 1.5959814581e-09 2.6656463703e-09 4.3394878801e-09 6.8838330591e-09 1.0638714798e-08 1.6016349136e-08 2.3489148404e-08 
3.3567019386e-08 4.6767492989e-08 6.3585595456e-08 8.4469604644e-08 1.0979994869e-07 1.3985037128e-07 1.7469351121e-07 2.1401653783e-07 2.568629327e-07 
3.0141134744e-07 3.4499413459e-07 3.8454675177e-07 4.1750064383e-07 4.4282410272e-07 4.6168156587e-07 4.7725052355e-07 4.9366082067e-07 5.1453946526e-07 
5.4184027931e-07 5.753769301e-07 6.1301875576e-07 6.5124623916e-07 6.8579333856e-07 7.1226355658e-07 7.2671048201e-07 7.2617535807e-07 7.0911914918e-07 
6.7565667905e-07 6.2753048269e-07 5.6781789226e-07 5.0044639011e-07 4.2962645352e-07 3.5932356468e-07 2.9285450864e-07 2.3265403115e-07 1.8020902814e-07 
1.3612809369e-07 1.0029976494e-07 7.2091644654e-08 5.0551324904e-08 3.4582289032e-08 2.308049396e-08 1.5027769251e-08 9.5452126203e-09 5.9142983844e-09 
3.5746774429e-09 2.107582775e-09 1.212145273e-09 6.8009159415e-10 3.7226788319e-10 1.9882204216e-10 1.0362195824e-10 5.2709142606e-11 2.6172557177e-11 
1.2688798796e-11 6.0076583465e-12 2.7784549834e-12 1.2555210777e-12 5.5447421828e-13 2.3938303054e-13 1.0106055126e-13 4.1732120689e-14 1.686109714e-14 
6.6673876571e-15 2.5811359716e-15 9.7858785775e-16 3.6359516595e-16 1.3286344405e-16 4.9067473816e-17 2.2149554229e-17 9.6125087342e-18 2.1295359552e-17 
5.759954405e-17 1.5727525123e-16 4.219105521e-16 1.1081137008e-15 2.8475905139e-15 7.1576875964e-15 1.7593856873e-14 4.2280256038e-14 9.9311672167e-14 
2.2795545833e-13 5.1120018591e-13 1.1197763636e-12 2.3954271726e-12 5.0033627415e-12 1.0202064887e-11 2.030410215e-11 3.9434247534e-11 7.4727821153e-11 
1.3814450972e-10 2.4908505813e-10 4.379649976e-10 7.5078865347e-10 1.254542803e-09 2.0428754244e-09 3.2410645279e-09 5.0088075909e-09 7.5390813592e-09 
1.1051476179e-08 1.5779264118e-08 2.1951036544e-08 2.9769445575e-08 3.9390389617e-08 5.0904393589e-08 6.4317610793e-08 7.9524909324e-08 9.6268202299e-08 
1.140853243e-07 1.3227902684e-07 1.4995738695e-07 1.661905884e-07 1.8027763815e-07 1.9203358192e-07 2.0194961792e-07 2.1110625426e-07 2.2083861495e-07 
2.3229162593e-07 2.4605193971e-07 2.6197531611e-07 2.7921063861e-07 2.9635069154e-07 3.1164577763e-07 3.232459278e-07 3.2945868611e-07 3.2899924918e-07 
3.211926014e-07 3.0608543966e-07 2.844388689e-07 2.5760419931e-07 2.2731252614e-07 1.9542846985e-07 1.6371785705e-07 1.336688058e-07 1.0638526504e-07 
8.2553569314e-08 6.24687857e-08 4.6101281015e-08 3.3182971038e-08 2.3295999796e-08 1.5951780341e-08 1.0653379512e-08 6.9390599933e-09 4.4079264683e-09 
2.7307285322e-09 1.6497998523e-09 9.7207730754e-10 5.5860810422e-10 3.1309996262e-10 1.711879527e-10 9.1313470674e-11 4.7526583363e-11 2.4141104046e-11 
1.1969743773e-11 5.7945028983e-12 2.7393942149e-12 1.2650553348e-12 5.7081558447e-13 2.5172846121e-13 1.0852787175e-13 4.5755971034e-14 1.8870298255e-14 
7.6148787119e-15 3.0076685178e-15 1.1630863509e-15 4.4051248088e-16 1.6351752671e-16 5.9698875505e-17 2.2028191944e-17 9.9355492331e-18 4.2294460231e-18 
9.3931263736e-18 2.5467516286e-17 6.9696352442e-17 1.8738921804e-16 4.9327297203e-16 1.2704717056e-15 3.2007308316e-15 7.8854947271e-15 1.8993163772e-14 
4.4714550801e-14 1.0286808569e-13 2.3120239989e-13 5.0755883871e-13 1.0880997709e-12 2.2774475448e-12 4.6530483459e-12 9.2779291194e-12 1.8051185546e-11 
3.4262537252e-11 6.3432252506e-11 1.1452336302e-10 2.0159730829e-10 3.4593339304e-10 5.7852783675e-10 9.4272578632e-10 1.4965219064e-09 2.3138368999e-09 
3.483918487e-09 5.1080264463e-09 7.292887183e-09 1.0141032014e-08 1.3738972626e-08 1.8144875824e-08 2.3377356939e-08 2.9406225011e-08 3.6144673032e-08 
4.3442216935e-08 5.1080167651e-08 5.8776798539e-08 6.6213935668e-08 7.3093673336e-08 7.9219766747e-08 8.4576797121e-08 8.9366523071e-08 9.3970712101e-08 
9.8842605212e-08 1.0436544073e-07 1.1073019834e-07 1.1786721643e-07 1.2543830508e-07 1.3287642275e-07 1.3945962962e-07 1.4440875873e-07 1.4700049178e-07 
1.4667948278e-07 1.4315025965e-07 1.3642801378e-07 1.2683776163e-07 1.1496201324e-07 1.0155130781e-07 8.7418499106e-08 7.3338085826e-08 5.9967746324e-08 
4.7800401859e-08 3.714753305e-08 2.8148733122e-08 2.0799218348e-08 1.4986726526e-08 1.0530203376e-08 7.2148331753e-09 4.8201389546e-09 3.1399385314e-09 
1.9943418028e-09 1.2350680478e-09 7.4576367304e-10 4.3908460201e-10 2.5209379029e-10 1.4115163205e-10 7.7085907102e-11 4.1067312745e-11 2.1346544324e-11 
1.0828201183e-11 5.3614040291e-12 2.5917766197e-12 1.2235535935e-12 5.6424813823e-13 2.5424844521e-13 1.1197228041e-13 4.8211726224e-14 2.0300779355e-14 
8.3621938584e-15 3.3705893132e-15 1.3298441624e-15 5.1373379402e-16 1.9438733807e-16 7.2091721912e-17 2.6297992386e-17 9.6956850535e-18 4.3696750572e-18 
1.8194933587e-18 4.0508531794e-18 1.1009199063e-17 3.0196208409e-17 8.1367844415e-17 2.1466737147e-16 5.5414081256e-16 1.3992192313e-15 3.4550230397e-15 
8.3407723951e-15 1.9680857963e-14 4.5379342916e-14 1.0222207737e-13 2.2490634301e-13 4.8320359216e-13 1.0135224908e-12 2.0749983762e-12 4.1456412955e-12 
8.0810150238e-12 1.536571044e-11 2.8494746493e-11 5.1524663008e-11 9.0827179111e-11 1.5605500225e-10 2.6128266217e-10 4.262110942e-10 6.7722527586e-10 
1.0479883628e-09 1.5791729036e-09 2.3169217656e-09 3.3097484753e-09 4.6038541868e-09 6.2372169651e-09 8.2332212159e-09 1.0594779276e-08 1.3299870538e-08 
1.6299036787e-08 1.9515242755e-08 2.2846705861e-08 2.6174244994e-08 2.937528798e-08 3.2345475631e-08 3.5024857681e-08 3.7420395671e-08 3.9613578195e-08 
4.1745217061e-08 4.39786767e-08 4.6452210967e-08 4.9235531208e-08 5.2301444953e-08 5.5517094921e-08 5.8653995438e-08 6.1414652919e-08 6.3472612055e-08 
6.4521096022e-08 6.4322236426e-08 6.2747453455e-08 5.9800157715e-08 5.5616180106e-08 5.0442228172e-08 4.4598408522e-08 3.8433462635e-08 3.2281828766e-08 
2.6429637145e-08 2.1093381264e-08 1.6411885184e-08 1.2449534736e-08 9.207506757e-09 6.6393335274e-09 4.6675623366e-09 3.1990643468e-09 2.1374979564e-09 
1.3922732967e-09 8.8404022991e-10 5.4720550313e-10 3.3019725842e-10 1.9425276665e-10 1.1142201051e-10 6.2321314775e-11 3.3996028215e-11 1.8089269666e-11 
9.3907598711e-12 4.7573143341e-12 2.3523769738e-12 1.135651794e-12 5.3541627512e-13 2.4658449111e-13 1.1096636441e-13 4.880843383e-14 2.0989649228e-14 
8.8278061754e-15 3.6321958624e-15 1.4624699343e-15 5.7641899668e-16 2.2246274803e-16 8.4099651402e-17 3.1163314894e-17 1.13588359e-17 4.1845408692e-18 
1.8844648803e-18 7.6542465219e-19 1.7082776846e-18 4.653616383e-18 1.279237547e-17 3.4546837633e-17 9.134458228e-17 2.3632203347e-16 5.9805724741e-16 
1.480079961e-15 3.5811341753e-15 8.4691368502e-15 1.9571875316e-14 4.4186889933e-14 9.7435433203e-14 2.0979717258e-13 4.41002161e-13 9.0477695865e-13 
1.8113631255e-12 3.5378421113e-12 6.7398131347e-12 1.2521100476e-11 2.2679436454e-11 4.0043083432e-11 6.8903181771e-11 1.1552590828e-10 1.886955453e-10 
3.0019539632e-10 4.6508466522e-10 7.0159089649e-10 1.0304276321e-09 1.4733924081e-09 2.0512085364e-09 2.7807494085e-09 3.671973392e-09 4.7250585666e-09 
5.9282734277e-09 7.2570487397e-09 8.674598817e-09 1.0134351136e-08 1.1584446291e-08 1.2974465058e-08 1.4264069925e-08 1.5432100042e-08 1.6483477694e-08 
1.7450657808e-08 1.8387565248e-08 1.9356459546e-08 2.041086411e-08 2.1579142029e-08 2.2852454151e-08 2.4179461988e-08 2.5468683162e-08 2.6598414138e-08 
2.7433168626e-08 2.7844306416e-08 2.7731131169e-08 2.7038272066e-08 2.5765622524e-08 2.3968816265e-08 2.175056224e-08 1.9245154803e-08 1.6599834396e-08 
1.3956713119e-08 1.1438235248e-08 9.1378726808e-09 7.1163190896e-09 5.4025393048e-09 3.9982577249e-09 2.8844535649e-09 2.0284287583e-09 1.3904027929e-09 
9.289434777e-10 6.0491517351e-10 3.8393138668e-10 2.375062369e-10 1.4321197006e-10 8.4178365667e-11 4.823755978e-11 2.6952148846e-11 1.4685754349e-11 
7.8050621521e-12 4.0469298919e-12 2.0475986358e-12 1.0112111886e-12 4.8756316909e-13 2.2957853609e-13 1.0560066818e-13 4.746396215e-14 2.0852238461e-14 
8.9570354511e-15 3.7629747849e-15 1.5466320809e-15 6.22106948e-16 2.4496198129e-16 9.4454490215e-17 3.5676905316e-17 1.3209488739e-17 4.8110892378e-18 
1.7710329826e-18 7.9697363094e-19 3.1492818362e-19 7.0456018573e-19 1.9238134485e-18 5.3000257717e-18 1.4344390465e-17 3.8010897984e-17 9.8556942094e-17 
2.4997064592e-16 6.2001085909e-16 1.5035089982e-15 3.5636730146e-15 8.2539947167e-15 1.8676512363e-14 4.1274760167e-14 8.9068502736e-14 1.8763334257e-13 
3.8577997676e-13 7.7394958931e-13 1.5147138101e-12 2.8913258506e-12 5.3816773087e-12 9.7656127976e-12 1.7272345013e-11 2.9770356319e-11 4.999314851e-11 
8.1780020256e-11 1.3029138879e-10 2.0213701546e-10 3.0533681139e-10 4.4902948027e-10 6.4285904378e-10 8.9601659425e-10 1.2159886431e-09 1.6071511899e-09 
2.0694344016e-09 2.5973279083e-09 3.1794802346e-09 3.799102366e-09 4.4352828077e-09 5.0652362305e-09 5.6673772342e-09 6.2248890487e-09 6.7291505701e-09 
7.1820882575e-09 7.5964479151e-09 7.9934032726e-09 8.3976487986e-09 8.8309626278e-09 9.305708204e-09 9.8196899501e-09 1.0353466529e-08 1.0870818912e-08 
1.1322513593e-08 1.1653033205e-08 1.1809166089e-08 1.1748880091e-08 1.1448660686e-08 1.0907756476e-08 1.0148534457e-08 9.2130338913e-09 8.1566788879e-09 
7.0406311892e-09 5.9242863948e-09 4.8591668467e-09 3.8849043982e-09 3.0275255636e-09 2.2997317384e-09 1.7026914323e-09 1.2287010298e-09 8.6414742029e-10 
5.9229909866e-10 3.9563102794e-10 2.5753010835e-10 1.6336394737e-10 1.0099254072e-10 6.0849138228e-11 3.5734859516e-11 2.0457665076e-11 1.1418590899e-11 
6.2149734144e-12 3.299322187e-12 1.7087022986e-12 8.6351504289e-13 4.2593947575e-13 2.0512499305e-13 9.647283108e-14 4.4323512959e-14 1.9899201034e-14 
8.7325573205e-15 3.747012449e-15 1.5725372071e-15 6.4568898053e-16 2.5946998808e-16 1.0207656251e-16 3.9325572528e-17 1.4841724537e-17 5.4909402978e-18 
1.9983982564e-18 7.3509204252e-19 3.3055191933e-19 1.2675237493e-19 2.842521906e-19 7.7794935573e-19 2.1478842687e-18 5.8257544721e-18 1.5471043547e-17 
4.0201841347e-17 1.0218813925e-16 2.5402033691e-16 6.1735747545e-16 1.4665351631e-15 3.4042684019e-15 7.7200336171e-15 1.7098916887e-14 3.6979669544e-14 
7.8071941544e-14 1.6086402501e-13 3.2340826523e-13 6.3426385455e-13 1.2131533842e-12 2.2625141777e-12 4.1134036281e-12 7.2887529345e-12 1.2585116109e-11 
2.117028948e-11 3.468806839e-11 5.5353017309e-11 8.6008859757e-11 1.301159458e-10 1.9163019782e-10 2.7474250652e-10 3.8346520403e-10 5.2108506399e-10 
6.8954042476e-10 8.8882040616e-10 1.1165096625e-09 1.3676030308e-09 1.6346922704e-09 1.9085784064e-09 2.1792974092e-09 2.4374724461e-09 2.675815125e-09 
2.8904929561e-09 3.0820177521e-09 3.2553182372e-09 3.4188039066e-09 3.5824763156e-09 3.7554177545e-09 3.9431578003e-09 4.1454901734e-09 4.3552215168e-09 
4.5582129182e-09 4.7348267529e-09 4.8626462856e-09 4.9199941898e-09 4.8895985039e-09 4.7616270926e-09 4.5354804357e-09 4.2199892469e-09 3.832076878e-09 
3.3942435529e-09 2.9314777272e-09 2.4681889865e-09 2.02567918e-09 1.6204498854e-09 1.2634354674e-09 9.6007224393e-10 7.1099559573e-10 5.1312021299e-10 
3.6085923139e-10 2.4728835646e-10 1.6512147205e-10 1.0743192447e-10 6.8108331475e-11 4.2074989326e-11 2.5330151171e-11 1.4862368281e-11 8.5003054942e-12 
4.7396813037e-12 2.5770037146e-12 1.3665499938e-12 7.0694047404e-13 3.5685926328e-13 1.7582642156e-13 8.4579688902e-14 3.9734617099e-14 1.8235697783e-14 
8.1782098319e-15 3.58517664e-15 1.5367897698e-15 6.4432578688e-16 2.6431345482e-16 1.0611845154e-16 4.1711396334e-17 1.6056310226e-17 6.0549926896e-18 
2.2384634409e-18 8.1408639516e-19 2.9923349132e-19 1.3445854461e-19 4.9913929624e-20 1.1220216456e-19 3.0778059349e-19 8.5160001821e-19 2.3147507933e-18 
6.1603134611e-18 1.6042266354e-17 4.0866021056e-17 1.0180687516e-16 2.4796823356e-16 5.9034432421e-16 1.3733834558e-15 3.1213492332e-15 6.9285922892e-15 
1.5017192812e-14 3.177340525e-14 6.5608780073e-14 1.321834352e-13 2.5977923155e-13 4.978999526e-13 9.3044398141e-13 1.6949298952e-12 3.0090702065e-12 
5.2052481249e-12 8.7718833933e-12 1.4398106839e-11 2.3014682174e-11 3.5820069133e-11 5.4277107114e-11 8.0064094243e-11 1.1496672364e-10 1.6070407505e-10 
2.1869592248e-10 2.8979438293e-10 3.7402117514e-10 4.7036474715e-10 5.7669263809e-10 6.8982725088e-10 8.0580869755e-10 9.2033908272e-10 1.0293604857e-09 
1.1296868996e-09 1.219567447e-09 1.2990458709e-09 1.3699956725e-09 1.4357574019e-09 1.5004022469e-09 1.5677332765e-09 1.6402170733e-09 1.7180649126e-09 
1.7986820922e-09 1.8766377341e-09 1.9442203403e-09 1.9925210371e-09 2.0128536615e-09 1.9982373534e-09 1.944632011e-09 1.8516796985e-09 1.7228086735e-09 
1.564719021e-09 1.38639622e-09 1.1978785741e-09 1.00902664e-09 8.2849216376e-10 6.6301752977e-10 5.1710463689e-10 3.9302416877e-10 2.910847674e-10 
2.1006436868e-10 1.4770468182e-10 1.0118742649e-10 6.7536594373e-11 4.3916915243e-11 2.782380229e-11 1.7175840611e-11 1.0331774498e-11 6.0567419136e-12 
3.4607898144e-12 1.9277927778e-12 1.0470853785e-12 5.54674362e-13 2.8663844302e-13 1.4453884053e-13 7.1139031081e-14 3.4184501475e-14 1.604267866e-14 
7.3550005333e-15 3.2951908871e-15 1.4431317486e-15 6.1800963788e-16 2.5887187694e-16 1.0609900287e-16 4.2560804944e-17 1.6715328329e-17 6.4292650334e-18 
2.4226916594e-18 8.9498533115e-19 3.2525597301e-19 1.1946612865e-19 5.3641318556e-20 1.9236093223e-20 4.3343039483e-20 1.191632513e-19 3.3041688209e-19 
9.0001241792e-19 2.400315183e-18 6.2640820281e-18 1.5991360004e-17 3.9924179976e-17 9.7452887587e-17 2.3251279395e-16 5.4209812163e-16 1.2347347503e-15 
2.7467599237e-15 5.9663141567e-15 1.2650808915e-14 2.6178639131e-14 5.2854720383e-14 1.0409307151e-13 1.9992023987e-13 3.7435769003e-13 6.8330231881e-13 
1.2154568801e-12 2.1065666572e-12 3.5565862321e-12 5.8483452456e-12 9.3648526434e-12 1.4600681775e-11 2.2161430677e-11 3.2744459921e-11 4.7095067429e-11 
6.5934986637e-11 8.9865691277e-11 1.1925564702e-10 1.5412851551e-10 1.9407471463e-10 2.3821100648e-10 2.8520849571e-10 3.3340044614e-10 3.8096711896e-10 
4.2617789853e-10 4.6765391559e-10 5.046018603e-10 5.3696463942e-10 5.6544119387e-10 5.913485257e-10 6.1633337323e-10 6.4197563932e-10 6.6935512688e-10 
6.9867406305e-10 7.290213988e-10 7.5834660773e-10 7.8367129452e-10 8.015134112e-10 8.0845086181e-10 8.0171014272e-10 7.7966194612e-10 7.4212019863e-10 
6.9039357564e-10 6.2709198945e-10 5.5574411739e-10 4.803150655e-10 4.0471892504e-10 3.3240665775e-10 2.6608126813e-10 2.0755890062e-10 1.5776588369e-10 
1.1684117562e-10 8.4306402137e-11 5.9262941776e-11 4.0583255506e-11 2.7073499692e-11 1.7594601123e-11 1.1139568434e-11 6.8713307613e-12 4.1299064862e-12 
2.4189285557e-12 1.3808884591e-12 7.6847225415e-13 4.1698781472e-13 2.2067094788e-13 1.1392080855e-13 5.7386990396e-14 2.821618705e-14 1.354517491e-14 
6.3504262341e-15 2.9086171202e-15 1.3018802167e-15 5.6963013348e-16 2.4371909278e-16 1.0199946928e-16 4.1769067366e-17 1.6741551609e-17 6.5698418969e-18 
2.525031272e-18 9.5077928385e-19 3.5098020438e-19 1.2746222514e-19 4.678185224e-20 2.0989446318e-20 7.2595600068e-21 1.6395692324e-20 4.5178178446e-20 
1.255357215e-19 3.4266057688e-19 9.1579316285e-19 2.3949964117e-18 6.1271120856e-18 1.5329703195e-17 3.7499319863e-17 8.9662196176e-17 2.0949628827e-16 
4.7819938545e-16 1.0660868906e-15 2.3206669876e-15 4.9312437068e-15 1.0226137293e-14 2.0690346748e-14 4.0833469554e-14 7.8587052772e-14 1.4745794646e-13 
2.6969141438e-13 4.8067452796e-13 8.3469423864e-13 1.4119158316e-12 2.3260243558e-12 3.7313897631e-12 5.8279318871e-12 8.8612320606e-12 1.3115141785e-11 
1.8894373913e-11 2.6495751773e-11 3.6168911616e-11 4.8070016717e-11 6.2215239904e-11 7.8443286589e-11 9.6397161087e-11 1.1553382556e-10 1.351670581e-10 
1.5454232338e-10 1.7293556864e-10 1.8976109573e-10 2.0466799089e-10 2.1760307445e-10 2.2882214179e-10 2.3883819922e-10 2.483092898e-10 2.57881827e-10 
2.680175526e-10 2.7884089482e-10 2.9004107449e-10 3.0085725577e-10 3.1015784385e-10 3.1660454813e-10 3.1887162355e-10 3.1587601979e-10 3.0697236419e-10 
2.9207219976e-10 2.7166724426e-10 2.4675805843e-10 2.1870799616e-10 1.8905728372e-10 1.593331439e-10 1.3088770345e-10 1.0478465318e-10 8.1742237978e-11 
6.2129849876e-11 4.6006747023e-11 3.3187844833e-11 2.3321119341e-11 1.5963114511e-11 1.0643375938e-11 6.912614578e-12 4.3734790095e-12 2.6956748465e-12 
1.6188682339e-12 9.4737000363e-13 5.4033763141e-13 3.0042285391e-13 1.6286139646e-13 8.6104246563e-14 4.4408341614e-14 2.2348932126e-14 1.0978056063e-14 
5.2650111105e-15 2.466098733e-15 1.1284795493e-15 5.0464444228e-16 2.206090429e-16 9.4307232214e-17 3.9435554462e-17 1.613574438e-17 6.4622467924e-18 
2.5339941875e-18 9.7317023585e-19 3.6616840365e-19 1.3507311396e-19 4.9017808678e-20 1.7977064554e-20 8.0593515707e-21 2.6926235474e-21 6.0956518575e-21 
1.6834566569e-20 4.6877598396e-20 1.2822664343e-19 3.4342385779e-19 9.000387843e-19 2.3074902155e-18 5.7856142921e-18 1.4183207705e-17 3.3985886754e-17 
7.9580360051e-17 1.820455651e-16 4.0672907471e-16 8.8729072917e-16 1.8895028652e-15 3.9267799455e-15 7.9619775671e-15 1.5746732125e-14 3.0369468469e-14 
5.7102563509e-14 1.0465109682e-13 1.8689742679e-13 3.2519245543e-13 5.5114663918e-13 9.0970742224e-13 1.4620783967e-12 2.2877583074e-12 3.4847259626e-12 
5.1666461907e-12 7.456084361e-12 1.0473137982e-11 1.4319714685e-11 1.9060876141e-11 2.47058346e-11 3.119238548e-11 3.837885218e-11 4.6047284041e-11 
5.3920024695e-11 6.1689514608e-11 6.90579538e-11 7.5780923203e-11 8.1706731658e-11 8.680272473e-11 9.1160960725e-11 9.4979087095e-11 9.8516965419e-11 
1.0203542872e-10 1.0572791254e-10 1.0965951064e-10 1.1372734005e-10 1.1765308172e-10 1.2101247782e-10 1.2329776089e-10 1.2400204474e-10 1.2270812144e-10 
1.1916397036e-10 1.1332979e-10 1.0538823286e-10 9.5718204196e-11 8.4839933689e-11 7.3344018359e-11 6.1818439256e-11 5.0785677747e-11 4.0658237194e-11 
3.1715748083e-11 2.4102912374e-11 1.7843967623e-11 1.2867926343e-11 9.0385364124e-12 6.1836872428e-12 4.1205511225e-12 2.6744398796e-12 1.6908483077e-12 
1.0413787888e-12 6.2488030158e-13 3.6537035875e-13 2.0820683773e-13 1.1565642649e-13 6.2640559786e-14 3.3087136411e-14 1.7048835217e-14 8.5720208601e-15 
4.2067861679e-15 2.0157025158e-15 9.4328934786e-16 4.3126206053e-16 1.9268719736e-16 8.416233184e-17 3.5947939315e-17 1.5019627925e-17 6.1405860306e-18 
2.4573168194e-18 9.6282324036e-19 3.6948689717e-19 1.3892015004e-19 5.120713927e-20 1.8569081919e-20 6.8046954882e-21 3.0480922987e-21 1.0092490027e-21 
2.2905119877e-21 6.3410025937e-21 1.7697136618e-20 4.8516365974e-20 1.3023122517e-19 3.4207787983e-19 8.789961367e-19 2.2089403309e-18 5.42749844e-18 
1.3035201784e-17 3.0592927539e-17 7.0144326992e-17 1.570780249e-16 3.4345753996e-16 7.3307694618e-16 1.5269688463e-15 3.1031382366e-15 6.1510711008e-15 
1.188966172e-14 2.2405276758e-14 4.1151876015e-14 7.3652523425e-14 1.2842493995e-13 2.1811491415e-13 3.6075566904e-13 5.8097623934e-13 9.1087022907e-13 
1.3901282469e-12 2.0649762282e-12 2.9854927124e-12 4.2010422918e-12 5.7539012617e-12 7.6716090078e-12 9.9591047215e-12 1.2592136535e-11 1.5513711843e-11 
1.8635077856e-11 2.1842215536e-11 2.5007843019e-11 2.8007601446e-11 3.073800936e-11 3.3132819405e-11 3.5174183011e-11 3.689552483e-11 3.8374324551e-11 
3.9715071509e-11 4.1024756509e-11 4.2385459725e-11 4.3829561508e-11 4.5323467202e-11 4.6764047495e-11 4.7989730245e-11 4.8804751906e-11 4.9012072179e-11 
4.844828011e-11 4.7013400117e-11 4.4689654755e-11 4.1546016627e-11 3.772849394e-11 3.3438980751e-11 2.8907817112e-11 2.4365147053e-11 2.0016179686e-11 
1.602340309e-11 1.2497319152e-11 9.4953567578e-12 7.0274007967e-12 5.0656432174e-12 3.5563878231e-12 2.4316896153e-12 1.6193227315e-12 1.0502676203e-12 
6.6349269828e-13 4.083043311e-13 2.4479287412e-13 1.4300409815e-13 8.1416623931e-14 4.5183874817e-14 2.4448936866e-14 1.290183814e-14 6.6416306557e-15 
3.3361968109e-15 1.6357231121e-15 7.830337318e-16 3.6609854535e-16 1.6722401054e-16 7.4648365132e-17 3.2576255185e-17 1.3902060596e-17 5.8035268882e-18 
2.3706959133e-18 9.4790596859e-19 3.7110160543e-19 1.4229534421e-19 5.3456980064e-20 1.9688708036e-20 7.1337631224e-21 2.6118657991e-21 1.1688627511e-21 
4.6214950389e-22 1.051571832e-21 2.9183477272e-21 8.163755658e-21 2.2432230252e-20 6.0352855251e-20 1.5889459728e-19 4.0923791454e-19 1.0308143848e-18 
2.5386704463e-18 6.1113377514e-18 1.4376485073e-17 3.3039840288e-17 7.4160725617e-17 1.62533645e-16 3.477193333e-16 7.2596313997e-16 1.4787182497e-15 
2.9378412392e-15 5.6915701264e-15 1.074950201e-14 1.9787546845e-14 3.5492913269e-14 6.2021338044e-14 1.0556008514e-13 1.7495797562e-13 2.823368709e-13 
4.4354304301e-13 6.7824137149e-13 1.0094232308e-12 1.4621084291e-12 2.0611051928e-12 2.8278451629e-12 3.7765541562e-12 4.9102705409e-12 6.2174584058e-12 
7.6700919921e-12 9.2240017707e-12 1.0821982199e-11 1.239970019e-11 1.3893780224e-11 1.5250828378e-11 1.6435759004e-11 1.7437596506e-11 1.8271127666e-11 
1.8973617816e-11 1.9596525791e-11 2.0193543018e-11 2.0807045323e-11 2.1455818025e-11 2.212684376e-11 2.2773324893e-11 2.3319792278e-11 2.3673648111e-11 
2.3740943239e-11 2.3443184893e-11 2.2731783469e-11 2.1597229213e-11 2.0071522569e-11 1.8223722878e-11 1.6150013618e-11 1.3960596568e-11 1.1765958867e-11 
9.6648904158e-12 7.7358128583e-12 6.0321834333e-12 4.5818635344e-12 3.3897155916e-12 2.4423356133e-12 1.7137520786e-12 1.1710711611e-12 7.7932056424e-13 
5.0508566513e-13 3.188320647e-13 1.9604356658e-13 1.1743443674e-13 6.8542793782e-14 3.8988306534e-14 2.1617554751e-14 1.1686409388e-14 6.1612486251e-15 
3.1687466558e-15 1.5902345841e-15 7.7896553843e-16 3.725553981e-16 1.740259101e-16 7.9418973805e-17 3.5420926003e-17 1.544397158e-17 6.5850574707e-18 
2.7466211707e-18 1.1210168796e-18 4.4785114497e-19 1.7518429093e-19 6.7116232906e-20 2.5192727443e-20 9.2708440117e-21 3.3561599255e-21 1.2276214532e-21 
5.4883529568e-22 
MMP 1 10000 double
0 0 0 0 0 0 1.9618178501e-44 1.6675451725e-43 1.2457543348e-42 
9.0481841841e-42 6.366519313e-41 4.3284568135e-40 2.8400087951e-39 1.7963804132e-38 1.0941571586e-37 6.4097826654e-37 3.6069205439e-36 1.9470278869e-35 
1.0067594836e-34 4.9788921891e-34 2.3511776991e-33 1.0583539143e-32 4.5328093664e-32 1.8435004014e-31 7.1048420812e-31 2.5890784056e-30 8.9003933392e-30 
2.8793534383e-29 8.7440908835e-29 2.4863406507e-28 6.6028500361e-28 1.6336987717e-27 3.7578082555e-27 8.0217616856e-27 1.5876734757e-26 2.9142250554e-26 
4.9715317716e-26 7.9218231778e-26 1.1896612864e-25 1.7073246314e-25 2.3844437592e-25 3.3000492204e-25 4.5726361814e-25 6.318260133e-25 8.5637901706e-25 
1.1155907233e-24 1.3741867236e-24 1.587254307e-24 1.7182991903e-24 1.7522511721e-24 1.6941334226e-24 1.557968832e-24 1.3591180012e-24 1.116110484e-24 
8.5493707793e-25 6.0646428311e-25 3.9703142562e-25 2.4006435109e-25 1.3470735496e-25 7.0738784397e-26 3.5158294869e-26 1.6751496759e-26 7.7427144663e-27 
3.4997995098e-27 1.5504887758e-27 6.7095889255e-28 2.816898359e-28 1.1387418297e-28 4.4043186109e-29 1.6223982694e-29 5.6764407791e-30 1.8839960172e-30 
5.9301597619e-31 1.7710600918e-31 5.0230578077e-32 1.3544718881e-32 3.4769491899e-33 8.5082253562e-34 1.9873880951e-34 4.4372305911e-35 9.4818456566e-36 
1.9416491967e-36 3.8147653472e-37 7.1991719815e-38 1.3064416285e-38 2.282140666e-39 3.8412113244e-40 6.2354979066e-41 9.7754580871e-42 1.4783698799e-42 
2.200038589e-43 2.9427267751e-44 0 0 0 0 0 0 0 
0 0 0 0 0 0 2.1019476965e-44 1.7376100958e-43 1.3298322426e-42 
9.9618307829e-42 7.2321013744e-41 5.0758393494e-40 3.4415035492e-39 2.2519216646e-38 1.4205577983e-37 8.6292963884e-37 5.041775555e-36 2.829647074e-35 
1.5234771833e-34 7.8572714822e-34 3.8759402579e-33 1.8257718013e-32 8.1984030652e-32 3.5028885299e-31 1.4213099679e-30 5.465329893e-30 1.9872688571e-29 
6.8172268631e-29 2.2010162961e-28 6.6714665867e-28 1.8936571363e-27 5.0207764907e-27 1.2404675956e-26 2.849774195e-26 6.0773252493e-26 1.2019680095e-25 
2.2053802223e-25 3.7620944203e-25 5.9963427609e-25 9.0095971618e-25 1.2936631551e-24 1.8070809493e-24 2.5000029578e-24 3.4606748099e-24 4.775849906e-24 
6.4660317271e-24 8.416883168e-24 1.0363854202e-23 1.1968758582e-23 1.2955816845e-23 1.321103938e-23 1.27735245e-23 1.1751127635e-23 1.0260298853e-23 
8.4384135487e-24 6.4773708138e-24 4.6069228374e-24 3.0254054227e-24 1.8359733744e-24 1.0346388033e-24 5.4609068727e-25 2.7305143266e-25 1.3099142567e-25 
6.0987834985e-26 2.7761885718e-26 1.2374309434e-26 5.3801804406e-27 2.2662072914e-27 9.1804063401e-28 3.5551417326e-28 1.3105675215e-28 4.5877854058e-29 
1.5234169055e-29 4.7980034428e-30 1.4340397253e-30 4.0712480418e-31 1.0991772609e-31 2.825810249e-32 6.9268576016e-33 1.6211856053e-33 3.627498884e-34 
7.7699395988e-35 1.5951451166e-35 3.1424488902e-36 5.9471878101e-37 1.0824232457e-37 1.8965714317e-38 3.2022192247e-39 5.214876183e-40 8.1984367954e-41 
1.2453339452e-41 1.8286944959e-42 2.6064151436e-43 3.5032461608e-44 0 0 0 0 0 
0 0 0 0 0 0 2.2420775429e-44 1.8917529268e-43 1.4881789691e-42 
1.1482239617e-41 8.5875773789e-41 6.2173931304e-40 4.3526488302e-39 2.9437525256e-38 1.9213990214e-37 1.2090426468e-36 7.3263015449e-36 4.2700136499e-35 
2.3907022732e-34 1.2840721926e-33 6.6069321204e-33 3.2515916414e-32 1.5281812123e-31 6.8468003825e-31 2.9190276328e-30 1.1818991964e-29 4.5354163613e-29 
1.6458857675e-28 5.6354746844e-28 1.8162164562e-27 5.4958506375e-27 1.5575382187e-26 4.1237700739e-26 1.0175776894e-25 2.3352646912e-25 4.9760059072e-25 
9.8360236234e-25 1.8042617576e-24 3.0780441387e-24 4.9078429016e-24 7.3782373458e-24 1.0599845097e-23 1.4809448279e-23 2.0479804132e-23 2.8321643198e-23 
3.9036497905e-23 5.2793654646e-23 6.8670752007e-23 8.4521176404e-23 9.7590247642e-23 1.0562434789e-22 1.0769233729e-22 1.0412457816e-22 9.5819122381e-23 
8.3731211093e-23 6.8961829059e-23 5.3042287826e-23 3.782086325e-23 2.4911676762e-23 1.5170533581e-23 8.5843039068e-24 4.5530002502e-24 2.2896658192e-24 
1.1056032512e-24 5.1830666106e-25 2.3749554881e-25 1.0645946622e-25 4.648839282e-26 1.9640266876e-26 7.9712252838e-27 3.0902572478e-27 1.1399046821e-27 
3.9920090886e-28 1.3260937669e-28 4.1785364269e-29 1.2497058483e-29 3.5510002911e-30 9.5977637324e-31 2.470752533e-31 6.0660892267e-32 1.4222913e-32 
3.1888663812e-33 6.8454413017e-34 1.4086777621e-34 2.7820926452e-35 5.2791315695e-36 9.6348035946e-37 1.6929711166e-37 2.8668100295e-38 4.6826083757e-39 
7.3840721928e-40 1.125088524e-40 1.658016343e-41 2.3653918078e-42 3.2790384065e-43 4.3440252394e-44 2.8025969286e-45 0 0 
0 0 0 0 0 0 2.2420775429e-44 1.9478048654e-43 1.5778620708e-42 
1.2522003077e-41 9.6445768106e-41 7.1957797182e-40 5.1963103797e-39 3.6285614799e-38 2.4478446578e-37 1.5937071019e-36 1.00034189e-35 6.0466775078e-35 
3.5155798832e-34 1.9635457636e-33 1.0521226922e-32 5.4007500201e-32 2.6518266232e-31 1.2434798659e-30 5.5589011241e-30 2.3648432097e-29 9.5551132238e-29 
3.6592791721e-28 1.3253688469e-27 4.5296670512e-27 1.457293411e-26 4.4025957342e-26 1.245846302e-25 3.2941068791e-25 8.1190289131e-25 1.8614591036e-24 
3.9635263054e-24 7.8310939925e-24 1.4362762102e-23 2.4506972185e-23 3.9093990088e-23 5.881026206e-23 8.4538398815e-23 1.1813445753e-22 1.6329144321e-22 
2.2557302142e-22 3.1049701545e-22 4.1942641285e-22 5.4512661444e-22 6.7065192873e-22 7.7416633244e-22 8.3774786507e-22 8.5400077261e-22 8.2565484197e-22 
7.6000253053e-22 6.6467526608e-22 5.4824530346e-22 4.2257319793e-22 3.0210356066e-22 1.9960923614e-22 1.2199858855e-22 6.9328460054e-23 3.6957562274e-23 
1.8696678719e-23 9.0889043069e-24 4.2910270378e-24 1.9794310826e-24 8.9237059865e-25 3.9137090489e-25 1.6583588024e-25 6.7429981286e-26 2.616826343e-26 
9.6581935445e-27 3.3835469116e-27 1.124334983e-27 3.5442845433e-28 1.0606500649e-28 3.0162819416e-29 8.1612206743e-30 2.1037182928e-30 5.1730624068e-31 
1.2150936992e-31 2.7298220252e-32 5.8730239774e-33 1.2114646616e-33 2.3987025224e-34 4.5638453376e-35 8.3526450054e-36 1.4719209474e-36 2.499890228e-37 
4.0956607811e-38 6.4783807655e-39 9.9016169879e-40 1.4634880902e-40 2.0935399057e-41 2.9006878212e-42 3.8956097308e-43 5.0446744716e-44 4.203895393e-45 
0 0 0 0 0 0 2.1019476965e-44 1.9057659115e-43 1.5820659662e-42 
1.291156405e-41 1.0232281386e-40 7.8606678135e-40 5.8498563653e-39 4.2135298804e-38 2.9347633641e-37 1.9747679106e-36 1.2824532878e-35 8.0295447711e-35 
4.8414842463e-34 2.8079507429e-33 1.564506133e-32 8.3629899067e-32 4.2827735483e-31 2.0980290882e-30 9.815721638e-30 4.3783877698e-29 1.8586474614e-28 
7.4942951184e-28 2.864345858e-27 1.0354767739e-26 3.5325357736e-26 1.1345727874e-25 3.4222627566e-25 9.6705077864e-25 2.5537117636e-24 6.2873385605e-24 
1.4402443384e-23 3.0647145194e-23 6.0531051684e-23 1.110139087e-22 1.8947629888e-22 3.0243129765e-22 4.5529219479e-22 6.5488783727e-22 9.1531250629e-22 
1.2645171214e-21 1.7447323226e-21 2.3980759615e-21 3.2352346421e-21 4.2011756103e-21 5.1660571571e-21 5.9618061181e-21 6.450008681e-21 6.5736584501e-21 
6.3547419506e-21 5.8508774821e-21 5.1213247805e-21 4.2307707432e-21 3.268164145e-21 2.3429153739e-21 1.5530861261e-21 9.5282805513e-22 5.4388034043e-22 
2.9146580291e-22 1.483677095e-22 7.2629003594e-23 3.4538914739e-23 1.6041910915e-23 7.2738592151e-24 3.2040315362e-24 1.3616531043e-24 5.5465500499e-25 
2.1546547404e-25 7.956515185e-26 2.7882239391e-26 9.2675779739e-27 2.9225197275e-27 8.7506225545e-28 2.4904479371e-28 6.7454522689e-29 1.7410403688e-29 
4.2879246586e-30 1.0090083336e-30 2.2714556943e-31 4.8978664839e-32 1.0127714025e-32 2.010494457e-33 3.8356897242e-34 7.0400155781e-35 1.2442660796e-35 
2.1196445042e-36 3.483422608e-37 5.5272513946e-38 8.4746901759e-39 1.2565723589e-39 1.803134812e-40 2.5055216542e-41 3.3757280006e-42 4.4281031473e-43 
5.6051938573e-44 5.6051938573e-45 0 0 0 0 1.8216880036e-44 1.7516230804e-43 1.5007906553e-42 
1.2590666702e-41 1.025666398e-40 8.1064135252e-40 6.2114796509e-39 4.6105149328e-38 3.3122514222e-37 2.3010649888e-36 1.5443902207e-35 1.0004042377e-34 
6.2478011474e-34 3.757749811e-33 2.1740246393e-32 1.20834836e-31 6.4436617737e-31 3.292087222e-30 1.6089922924e-29 7.5107783102e-29 3.342904975e-28 
1.416068688e-27 5.6980886891e-27 2.1735663248e-26 7.8429383199e-26 2.6709314159e-25 8.5644261897e-25 2.5794483507e-24 7.2790570196e-24 1.9199192582e-23 
4.7222154109e-23 1.0808804254e-22 2.2988090878e-22 4.5392798291e-22 8.3256960539e-22 1.4215925805e-21 2.2706325919e-21 3.4211269251e-21 4.9242659633e-21 
6.8835991482e-21 9.5038754921e-21 1.3095604379e-20 1.7970566662e-20 2.4210329296e-20 3.1409388796e-20 3.860292945e-20 4.453573376e-20 4.8170352446e-20 
4.9080532232e-20 4.743853348e-20 4.3686904279e-20 3.8272664666e-20 3.1668493429e-20 2.4519706154e-20 1.7628798898e-20 1.1725682617e-20 7.2222350972e-21 
4.1416509179e-21 2.231747631e-21 1.1433877693e-21 5.6375847404e-22 2.7010218742e-22 1.2632850091e-22 5.7615768877e-23 2.5489892873e-23 1.0864527653e-23 
4.4333848767e-24 1.7238699288e-24 6.3687141974e-25 2.2323397902e-25 7.4214443915e-26 2.3410639898e-26 7.013105181e-27 1.9974210417e-27 5.4155252995e-28 
1.3995761795e-28 3.4523260227e-29 8.1386000252e-30 1.8359228121e-30 3.9677791483e-31 8.2248305292e-32 1.6370686646e-32 3.1319805362e-33 5.7651867888e-34 
1.0220224283e-34 1.7464344825e-35 2.8791486306e-36 4.5830634398e-37 7.0497419974e-38 1.0486933751e-38 1.5097407486e-39 2.1049464752e-40 2.844215493e-41 
3.7260526166e-42 4.7504017941e-43 6.0255833966e-44 5.6051938573e-45 0 0 1.6815581572e-44 1.5414283108e-43 1.3480491227e-42 
1.1609757777e-41 9.7136608249e-41 7.8926874834e-40 6.2216600842e-39 4.7547475009e-38 3.5199787855e-37 2.5221851332e-36 1.7476383885e-35 1.1699195918e-34 
7.5589126489e-34 4.7087541282e-33 2.8249677134e-32 1.6303107476e-31 9.0392891875e-31 4.8087145473e-30 2.45099457e-29 1.1951519567e-28 5.56645417e-28 
2.4721327285e-27 1.0450072767e-26 4.1965150672e-26 1.5977110527e-25 5.7546091555e-25 1.9564204045e-24 6.2634865621e-24 1.883758032e-23 5.3091197202e-23 
1.3988014676e-22 3.43740548e-22 7.862705132e-22 1.6715451147e-21 3.3002721217e-21 6.0543966284e-21 1.0343210167e-20 1.653391065e-20 2.4934131719e-20 
3.5915238694e-20 5.0212331799e-20 6.9275335863e-20 9.5313682614e-20 1.305638681e-19 1.7563219631e-19 2.2762787781e-19 2.7960457293e-19 3.2247393196e-19 
3.4869416151e-19 3.5517411348e-19 3.4322414537e-19 3.1614566423e-19 2.7721174622e-19 2.2976505402e-19 1.7832955474e-19 1.2860050321e-19 8.5841495248e-20 
5.3090270865e-20 3.059218605e-20 1.6579268259e-20 8.5510127018e-21 4.2476790742e-21 2.0507370466e-21 9.6597439056e-22 4.431634773e-22 1.9692086128e-22 
8.4178671931e-23 3.4409812919e-23 1.3392089269e-23 4.9496702789e-24 1.7352589109e-24 5.7697459171e-25 1.8204990542e-25 5.4560849604e-26 1.5550456031e-26 
4.2202594723e-27 1.0920607304e-27 2.6979844627e-28 6.3719753322e-29 1.4404115818e-29 3.1202391637e-30 6.4843211829e-31 1.2941326463e-31 2.4829661544e-32 
4.5841583392e-33 8.1516464917e-34 1.3973677616e-34 2.3111206169e-35 3.6909123559e-36 5.6961737767e-37 8.5015494241e-38 1.227986711e-38 1.7178055446e-39 
2.3288039049e-40 3.0616970147e-41 3.908221417e-42 4.8344797019e-43 5.8854535502e-44 5.6051938573e-45 0 1.415311449e-43 1.1490647407e-42 
1.0124381405e-41 8.6935155428e-41 7.255292864e-40 5.8790145837e-39 4.6219587768e-38 3.5228201704e-37 2.6010596275e-36 1.8588299373e-35 1.2846161572e-34 
8.5771837119e-34 5.5274451686e-33 3.4344603588e-32 2.055258068e-31 1.1831469131e-30 6.5438803784e-30 3.4728239359e-29 1.7659216383e-28 8.5911902219e-28 
3.9924462266e-27 1.7692752649e-26 7.4635042363e-26 2.9912530703e-25 1.1367077409e-24 4.0869834314e-24 1.3872057487e-23 4.434526674e-23 1.3319103542e-22 
3.7494177648e-22 9.8689079134e-22 2.423285987e-21 5.5399642005e-21 1.1774093686e-20 2.324671235e-20 4.2660421607e-20 7.2927745396e-20 1.166835577e-19 
1.7614088654e-19 2.5390376111e-19 3.5500743659e-19 4.8936506517e-19 6.7217461718e-19 9.1897026019e-19 1.234142307e-18 1.5977795897e-18 1.9614729138e-18 
2.2614776735e-18 2.4446537182e-18 2.4892625347e-18 2.4049655925e-18 2.2156572443e-18 1.9445858148e-18 1.6146099234e-18 1.2563432142e-18 9.0886076893e-19 
6.0891029297e-19 3.7820129662e-19 2.1902408792e-19 1.1940552475e-19 6.2013620663e-20 3.1042808844e-20 1.5105264719e-20 7.1667396792e-21 3.3075390326e-21 
1.4761843805e-21 6.3286935363e-22 2.5914272587e-22 1.0094526045e-22 3.732281434e-23 1.3086354392e-23 4.3516139219e-24 1.3733096089e-24 4.1174737929e-25 
1.1742972342e-25 3.1899747744e-26 8.2649773634e-27 2.0450945486e-27 4.8389793928e-28 1.0961986391e-28 2.380233346e-29 4.9592831485e-30 9.9251398495e-31 
1.909854824e-31 3.536854733e-32 6.3092264211e-33 1.0850497951e-33 1.8005113552e-34 2.885089598e-35 4.467583801e-36 6.6904800118e-37 9.696693903e-38 
1.3610456054e-38 1.8513815181e-39 2.4421549377e-40 3.1258764844e-41 3.8858006416e-42 4.7083628401e-43 5.4650640109e-44 4.203895393e-45 1.0215465805e-42 
8.3559427428e-42 7.3506512245e-41 6.2965104417e-40 5.2406040229e-39 4.2350126267e-38 3.320502716e-37 2.524057537e-36 1.8586379438e-35 1.3247247362e-34 
9.1307818581e-34 6.0804627308e-33 3.9082645158e-32 2.4221315005e-31 1.445771253e-30 8.3019971254e-30 4.5804605525e-29 2.4249819671e-28 1.2301963224e-27 
5.9712090515e-27 2.7687668082e-26 1.2243838619e-25 5.1544314528e-25 2.0618270125e-24 7.8209437192e-24 2.8072404173e-23 9.5135924661e-23 3.0369900344e-22 
9.1103402767e-22 2.5619112391e-21 6.7374216322e-21 1.6532755506e-20 3.7780304793e-20 8.0281969115e-20 1.5853012082e-19 2.9105435527e-19 4.9794142886e-19 
7.975130561e-19 1.2051798186e-18 1.7385692454e-18 2.4309086648e-18 3.3475364529e-18 4.5894069015e-18 6.2609159943e-18 8.3930310987e-18 1.0853447571e-17 
1.3315960118e-17 1.534782176e-17 1.6586346056e-17 1.6883307204e-17 1.6307572955e-17 1.5026773112e-17 1.3200993594e-17 1.0981263519e-17 8.5673379061e-18 
6.2181648187e-18 4.1819526211e-18 2.6089477111e-18 1.5187389666e-18 8.3307696275e-19 4.357754971e-19 2.1987683358e-19 1.0785478114e-19 5.1549430485e-20 
2.3934151138e-20 1.0729240172e-20 4.6132048555e-21 1.892184133e-21 7.376956141e-22 2.7283954738e-22 9.5672148128e-23 3.1815015898e-23 1.0041782805e-23 
3.0117802171e-24 8.5948604434e-25 2.3369555653e-25 6.0624502908e-26 1.502460166e-26 3.561725476e-27 8.0860621309e-28 1.7600322649e-28 3.6768160282e-29 
7.3794887191e-30 1.4242871659e-30 2.6459381018e-31 4.7353229454e-32 8.1708854771e-33 1.3604624277e-33 2.1874505756e-34 3.3989872592e-35 5.1078246483e-36 
7.4285347205e-37 1.0462798347e-37 1.4280992784e-38 1.8902297154e-39 2.4276795245e-40 3.027645462e-41 3.6685993796e-42 4.3159992701e-43 5.6051938573e-44 
7.1998715097e-42 5.8776062788e-41 5.1582216861e-40 4.4065021314e-39 3.6575195929e-38 2.9476198851e-37 2.3048097964e-36 1.7472258462e-35 1.2831223381e-34 
9.1207166877e-34 6.2697334843e-33 4.1641373099e-32 2.6695065284e-31 1.6501256797e-30 9.8244214246e-30 5.627253732e-29 3.0970696472e-28 1.6356975018e-27 
8.2784627249e-27 4.0091337932e-26 1.8549148368e-25 8.1855042495e-25 3.4390967032e-24 1.3731004424e-23 5.1993781242e-23 1.8632666127e-22 6.3053498169e-22 
2.0102419512e-21 6.0235999025e-21 1.6923234838e-20 4.4473132989e-20 1.0907557694e-19 2.4918862482e-19 5.2951010485e-19 1.0458928534e-18 1.921340592e-18 
3.2900027326e-18 5.2752240018e-18 7.980771726e-18 1.1521682947e-17 1.6108803108e-17 2.2156651438e-17 3.0312020312e-17 4.1253211066e-17 5.519306389e-17 
7.1284969352e-17 8.7405845988e-17 1.0071471882e-16 1.0881531841e-16 1.1072762764e-16 1.0692523718e-16 9.8546784316e-17 8.6660251853e-17 7.2228855223e-17 
5.6508003131e-17 4.1153754178e-17 2.778705811e-17 1.7414199993e-17 1.0191528546e-17 5.6259626436e-18 2.9647569701e-18 1.5081610843e-18 7.4589915723e-19 
3.5917562555e-19 1.6777867216e-19 7.5545965905e-20 3.2576518022e-20 1.3384252447e-20 5.2223127089e-21 1.9320485436e-21 6.7749984723e-22 2.2529294425e-22 
7.1115381465e-23 2.1335631439e-23 6.0921905442e-24 1.6579761802e-24 4.3064301386e-25 1.0689607608e-25 2.5389298723e-26 5.7768415053e-27 1.2605370375e-27 
2.6405363799e-28 5.3152103495e-29 1.0290563427e-29 1.9179091233e-30 3.4439033988e-31 5.962903157e-32 9.9629207375e-33 1.6075518912e-33 2.5067472133e-34 
3.7803553939e-35 5.5173679133e-36 7.7983232601e-37 1.0681335887e-37 1.4186730239e-38 1.828276909e-39 2.2875496781e-40 2.7805965428e-41 3.2902487942e-42 
4.2319213623e-43 4.9063663131e-41 3.9929299092e-40 3.4943661324e-39 2.9768640872e-38 2.4640387355e-37 1.9802963357e-36 1.5441692416e-35 1.1673851617e-34 
8.5495660231e-34 6.0607015687e-33 4.154986968e-32 2.7522176023e-31 1.7596998088e-30 1.0848994338e-29 6.442612424e-29 3.6809068839e-28 2.0208623054e-27 
1.0647406631e-26 5.376225736e-26 2.5977744277e-25 1.1993309708e-24 5.2816623909e-24 2.214782685e-23 8.8268821061e-23 3.3368523466e-22 1.1940121921e-21 
4.0351861491e-21 1.2849926083e-20 3.8466955175e-20 1.0798908167e-19 2.8362743659e-19 6.9538654594e-19 1.5884579879e-18 3.3758297522e-18 6.6707302211e-18 
1.2263094856e-17 2.1019723119e-17 3.3743747828e-17 5.1110014359e-17 7.3841103029e-17 1.0322096358e-16 1.4177638795e-16 1.9349897256e-16 2.6264652045e-16 
3.5064437629e-16 4.5228658296e-16 5.542432506e-16 6.3849422973e-16 6.8972288826e-16 7.0164524757e-16 6.7739522369e-16 6.244535469e-16 5.4971728887e-16 
4.5911229208e-16 3.6022768059e-16 2.6327668649e-16 1.7848819878e-16 1.123811683e-16 6.6131124592e-17 3.6744749164e-17 1.9511655403e-17 1.0008922635e-17 
4.9919142284e-18 2.4220532828e-18 1.1383435217e-18 5.1484998285e-19 2.2265621214e-19 9.163243162e-20 3.5781939831e-20 1.3241266523e-20 4.6431711695e-21 
1.5439140341e-21 4.87365083e-22 1.4625354965e-22 4.1784220345e-23 1.1381584955e-23 2.9599471253e-24 7.3591453341e-25 1.7513218693e-25 3.9938791955e-26 
8.7372454303e-27 1.8354160518e-27 3.7057740099e-28 7.1976341383e-29 1.345957357e-29 2.4252304798e-30 4.2139789169e-31 7.0660387776e-32 1.1442530905e-32 
1.790773257e-33 2.710405283e-34 3.9700728927e-35 5.6314749522e-36 7.74082563e-37 1.0317364866e-37 1.3342438105e-38 1.6751304011e-39 2.043037109e-40 
2.4253673821e-41 3.1066786954e-42 3.2241775716e-40 2.615924355e-39 2.2828578506e-38 1.9393170325e-37 1.6007301856e-36 1.2828740092e-35 9.9755194196e-35 
7.5204951057e-34 5.4925524555e-33 3.8829217392e-32 2.6547312697e-31 1.7537220909e-30 1.1182986701e-29 6.8764907367e-29 4.0730283873e-28 2.3211958654e-27 
1.2712248509e-26 6.681742463e-26 3.3660435981e-25 1.6228606287e-24 7.4765791128e-24 3.2860250287e-23 1.3753899692e-22 5.4721814345e-22 2.065468374e-21 
7.3806369534e-21 2.4913355269e-20 7.925682738e-20 2.3707076489e-19 6.6514032495e-19 1.746286427e-18 4.2807547957e-18 9.7789771781e-18 2.0788600584e-17 
4.1101529303e-17 7.5621506727e-17 1.2976207262e-16 2.0857540464e-16 3.1629512564e-16 4.5728280679e-16 6.3902309593e-16 8.7628443599e-16 1.1927643736e-15 
1.6142658618e-15 2.150087681e-15 2.7695438394e-15 3.3920040001e-15 3.9071380984e-15 4.2202857555e-15 4.2923508952e-15 4.1432442973e-15 3.8204391941e-15 
3.3670256338e-15 2.8181396019e-15 2.2178543402e-15 1.6268614534e-15 1.1075111428e-15 7.0062976095e-16 4.1459149922e-16 2.3190160674e-16 1.2410491162e-16 
6.4209550942e-17 3.2299414378e-17 1.5792270866e-17 7.4682100866e-18 3.392868432e-18 1.4715862596e-18 6.066306866e-19 2.3707125603e-19 8.7749271009e-20 
3.076848538e-20 1.0229750713e-20 3.2291747768e-21 9.6924979153e-22 2.7705562395e-22 7.5533191861e-23 1.9668214566e-23 4.8980227666e-24 1.1679697069e-24 
2.6698114799e-25 5.8561551522e-26 1.2337861595e-26 2.4988941028e-27 4.869684494e-28 9.1378881866e-29 1.652406214e-29 2.881624531e-30 4.8497859438e-31 
7.8827981134e-32 1.2382623696e-32 1.8811145896e-33 2.7655316058e-34 3.9372000899e-35 5.431512845e-36 7.2652666338e-37 9.4285896336e-38 1.1878650137e-38 
1.4537000204e-39 1.7314864215e-40 2.2251218315e-41 2.0412070133e-39 1.6510073283e-38 1.4366818111e-37 1.2170093761e-36 1.0016791727e-35 8.0050241196e-35 
6.2070633805e-34 4.6663195168e-33 3.3984940521e-32 2.395874013e-31 1.6335404888e-30 1.076185955e-29 6.8441194655e-29 4.1973871282e-28 2.4797316777e-27 
1.4096160138e-26 7.7009501362e-26 4.0381318887e-25 2.0296477985e-24 9.7642654828e-24 4.4892316534e-23 1.9692936836e-22 8.2281479125e-22 3.2684832234e-21 
1.2319486014e-20 4.3968339558e-20 1.4826506792e-19 4.7129690735e-19 1.4088975497e-18 3.9513900874e-18 1.0372363462e-17 2.5427133329e-17 5.809980965e-17 
1.2356742951e-16 2.4447496381e-16 4.5022172839e-16 7.734538421e-16 1.244839324e-15 1.8899640747e-15 2.7340762406e-15 3.8188200906e-15 5.2267722316e-15 
7.0930750761e-15 9.5685966271e-15 1.2712428021e-14 1.6351710161e-14 2.0017270651e-14 2.3057688639e-14 2.4907600125e-14 2.533084216e-14 2.4448515044e-14 
2.2551295073e-14 1.9899385687e-14 1.6693432051e-14 1.3178939887e-14 9.7032494547e-15 6.6333801313e-15 4.216417356e-15 2.5090820551e-15 1.4129713406e-15 
7.6219714481e-16 3.9780012983e-16 2.0185204091e-16 9.9461335054e-17 4.7329246403e-17 2.1599050642e-17 9.3956062611e-18 3.8796325828e-18 1.5173401008e-18 
5.6174424765e-19 1.9695427586e-19 6.5472347148e-20 2.0666251343e-20 6.2041579206e-21 1.7743104919e-21 4.8414885292e-22 1.2622915492e-22 3.1488026742e-23 
7.5241277039e-24 1.7240979096e-24 3.7921946407e-25 8.0137334851e-26 1.6283967251e-26 3.1842771033e-27 5.9967411048e-28 1.0884048821e-28 1.9052207808e-29 
3.218711548e-30 5.2516804093e-31 8.2810814604e-32 1.2628090426e-32 1.8635251534e-33 2.6629350558e-34 3.6871412174e-35 4.9498715409e-36 6.4467213414e-37 
8.1505090248e-38 1.0009057344e-38 1.1962254406e-39 1.5427735573e-40 1.2435877872e-38 1.0026904841e-37 8.7000115141e-37 7.3485264524e-36 6.0309277202e-35 
4.8058529922e-34 3.7157868668e-33 2.7854922621e-32 2.0229477249e-31 1.4221412775e-30 9.6694465064e-30 6.3528261719e-29 4.0292442959e-28 2.4645254978e-27 
1.4522229767e-26 8.234447522e-26 4.4876472657e-25 2.347671156e-24 1.1773554951e-23 5.6521158107e-23 2.5935196965e-22 1.1356459767e-21 4.7372431733e-21 
1.8790740474e-20 7.0738094917e-20 2.5220752386e-19 8.4978931985e-19 2.6997274746e-18 8.0677902993e-18 2.2623939001e-17 5.9391845914e-17 1.456327569e-16 
3.3290991512e-16 7.0847360368e-16 1.4028266387e-15 2.5860343631e-15 4.4479809172e-15 7.1680696792e-15 1.0895048528e-14 1.576877531e-14 2.2009609033e-14 
3.0058014454e-14 4.0653237883e-14 5.4645839313e-14 7.2401442209e-14 9.2993179075e-14 1.1379901199e-13 1.3111355805e-13 1.4167509668e-13 1.4409761091e-13 
1.3908360954e-13 1.2834804291e-13 1.1340869243e-13 9.5367771568e-14 7.5535274379e-14 5.5825017596e-14 3.832322304e-14 2.4474884874e-14 1.4646019586e-14 
8.3039518729e-15 4.5154941018e-15 2.3776104715e-15 1.2171037595e-15 6.0443667605e-16 2.8943298449e-16 1.3268460099e-16 5.7888514634e-17 2.394376688e-17 
9.3718446708e-18 3.4703113557e-18 1.2166063882e-18 4.0435486059e-19 1.2762313762e-19 3.8319116027e-20 1.0964060107e-20 2.994340907e-21 7.8171390115e-22 
1.9533810338e-22 4.6776905237e-23 1.0745768588e-23 2.3703574151e-24 5.0249547264e-25 1.0245546711e-25 2.0106905835e-26 3.8007615007e-27 6.9248424117e-28 
1.2169026872e-28 2.0639419337e-29 3.3808131594e-30 5.3519402033e-31 8.1931344995e-32 1.2137172394e-32 1.740967745e-33 2.4195983121e-34 3.2602011526e-35 
4.2614690744e-36 5.4068924122e-37 6.6630284628e-38 7.9907335344e-39 1.0343600537e-39 7.2821759342e-38 5.8527488135e-37 5.0633378838e-36 4.2642957423e-35 
3.4895038828e-34 2.7725929749e-33 2.1375080542e-32 1.5977432064e-31 1.1570356101e-30 8.1109787291e-30 5.4993936504e-29 3.6031325365e-28 2.2790721183e-27 
1.3903185039e-26 8.1712979739e-26 4.6217289677e-25 2.5127120986e-24 1.3114857514e-23 6.562843104e-23 3.1442486118e-22 1.4400859035e-21 6.2952733999e-21 
2.6221520405e-20 1.0387999089e-19 3.9065943798e-19 1.3917638475e-18 4.6869290142e-18 1.48858083e-17 4.448189552e-17 1.2475719317e-16 3.2762323839e-16 
8.0376158093e-16 1.838548963e-15 3.9156846609e-15 7.760342221e-15 1.4320789427e-14 2.4661015282e-14 3.9790971895e-14 6.0541110699e-14 8.7650955829e-14 
1.222242522e-13 1.6649480189e-13 2.2433532083e-13 3.0036772223e-13 3.9679330243e-13 5.0890677306e-13 6.2265953027e-13 7.1776699168e-13 7.7605847096e-13 
7.896221654e-13 7.6232867675e-13 7.0391592945e-13 6.2292678611e-13 5.2518102714e-13 4.1736289446e-13 3.0962588721e-13 2.1342620054e-13 1.369291914e-13 
8.2388597626e-14 4.7027309889e-14 2.5778743018e-14 1.3694959981e-14 7.0728631759e-15 3.5403188339e-15 1.7059937066e-15 7.8565418704e-16 3.4379457966e-16 
1.4244452489e-16 5.5799023319e-17 2.0666129877e-17 7.244215367e-18 2.4072175917e-18 7.5968763765e-19 2.2812783094e-19 6.5304261462e-20 1.7850871043e-20 
4.6664865152e-21 1.1681874357e-21 2.8037040485e-22 6.4578753787e-23 1.4288055397e-23 3.0389951295e-24 6.2183962589e-25 1.2249449393e-25 2.3245034575e-26 
4.2520484867e-27 7.5023315425e-28 1.2776123324e-28 2.1012682616e-29 3.3397882185e-30 5.1331844662e-31 7.6341405037e-32 1.0992899173e-32 1.533608613e-33 
2.0741269508e-34 2.7210662361e-35 3.4648599996e-36 4.2848711623e-37 5.1565311597e-38 6.6996682138e-39 4.0934963916e-37 3.2793013574e-36 2.8285527967e-35 
2.3751290393e-34 1.9378441306e-33 1.5351856305e-32 1.1800710205e-31 8.7951051566e-31 6.3507479731e-30 4.4392402347e-29 3.0014000402e-28 1.9610259732e-27 
1.237028424e-26 7.5263456356e-26 4.4120906613e-25 2.4893338113e-24 1.350192395e-23 7.031492746e-23 3.5113362619e-22 1.6790672884e-21 7.6770487248e-21 
3.3509526054e-20 1.3939947536e-19 5.5168878163e-19 2.0731695935e-18 7.3823470847e-18 2.4855768247e-17 7.8946660293e-17 2.3597718518e-16 6.6216525366e-16 
1.7400443252e-15 4.2721804996e-15 9.7806877479e-15 2.0849658398e-14 4.1361221902e-14 7.6406688322e-14 1.3172198521e-13 2.1276987876e-13 3.2399517097e-13 
4.6911845068e-13 6.5334017493e-13 8.8738787369e-13 1.1906605259e-12 1.5873599093e-12 2.0903704115e-12 2.6772520832e-12 3.2759925415e-12 3.7798258447e-12 
4.0910239606e-12 4.1656248763e-12 4.0237613588e-12 3.7185762282e-12 3.2964336556e-12 2.7868252411e-12 2.2223134791e-12 1.6547984771e-12 1.1451122169e-12 
7.3785178271e-13 4.4627005541e-13 2.5639849944e-13 1.4167002803e-13 7.5933528942e-14 3.9566111753e-14 1.9962052573e-14 9.6803363665e-15 4.4785926879e-15 
1.9657269366e-15 8.1589527496e-16 3.1987299281e-16 1.1849707705e-16 4.153288414e-17 1.3798270108e-17 4.3540438252e-18 1.3076492985e-18 3.7451243298e-19 
1.0246748952e-19 2.6824190951e-20 6.7277668834e-21 1.6185119525e-21 3.7383964313e-22 8.2974390562e-23 1.7709772705e-23 3.6373287712e-24 7.193238025e-25 
1.3705655809e-25 2.5174810216e-26 4.4604737809e-27 7.6278829156e-28 1.2597898971e-28 2.0106188016e-29 3.1028992115e-30 4.6332095732e-31 6.6979673987e-32 
9.3803802674e-33 1.2734494889e-33 1.6768384441e-34 2.1429372505e-35 2.6595010827e-36 3.2116834824e-37 4.1883774138e-38 2.2059768659e-36 1.7613893191e-35 
1.5146972507e-34 1.2680701329e-33 1.0315092233e-32 8.1473854349e-32 6.2441850844e-31 4.6401114177e-30 3.3407523872e-29 2.3284967288e-28 1.5698486088e-27 
1.0228406705e-26 6.4346385637e-26 3.9046615539e-25 2.2831807909e-24 1.2850646698e-23 6.9541080156e-23 3.6138041186e-22 1.8011009655e-21 8.5974608319e-21 
3.9249277395e-20 1.7109998326e-19 7.1105903361e-19 2.8120799017e-18 1.0563021976e-17 3.7609659139e-17 1.2665193969e-16 4.0245375531e-16 1.2037929544e-15 
3.3808659404e-15 8.893147991e-15 2.1857714003e-14 5.009407399e-14 1.0689640498e-13 2.1226918064e-13 3.9250411732e-13 6.773088492e-13 1.0950245702e-12 
1.668411069e-12 2.4152125612e-12 3.3582691749e-12 4.5461091489e-12 6.0715057114e-12 8.0565805763e-12 1.0574562059e-11 1.3526137675e-11 1.6559009372e-11 
1.9133413603e-11 2.0741970641e-11 2.1146631321e-11 2.044544048e-11 1.8916781336e-11 1.6803022515e-11 1.4247317735e-11 1.1400871566e-11 8.5197014374e-12 
5.9165914355e-12 3.8271282844e-12 2.3257678335e-12 1.3445094647e-12 7.486490811e-13 4.0480046073e-13 2.1279776986e-13 1.0821333115e-13 5.2810972826e-14 
2.4546482875e-14 1.0807066369e-14 4.4937422957e-15 1.7633368842e-15 6.5339925675e-16 2.289942985e-16 7.6062440315e-17 2.3998814095e-17 7.2085638826e-18 
2.0656081287e-18 5.6570778695e-19 1.4831250155e-19 3.72728101e-20 8.989243943e-21 2.0824554649e-21 4.6375479165e-22 9.9346466587e-23 2.0484609872e-23 
4.0677691464e-24 7.7834642473e-25 1.4358592282e-25 2.5551203179e-26 4.3884940751e-27 7.2790618545e-28 1.1666703417e-28 1.8079911103e-29 2.7107258961e-30 
3.934448006e-31 5.531711258e-32 7.5384070683e-33 9.963439608e-34 1.2779385687e-34 1.5916474756e-35 1.9288447815e-36 2.5248225787e-37 1.1380888923e-35 
9.0568418859e-35 7.7645451817e-34 6.4805223966e-33 5.2555811698e-32 4.1385982258e-31 3.1623250589e-30 2.3429678053e-29 1.6819145001e-28 1.1688949352e-27 
7.8581624109e-27 5.105790351e-26 3.2033577997e-25 1.9387990268e-24 1.1308567201e-23 6.3499358566e-23 3.4287189224e-22 1.7782038549e-21 8.8465431705e-21 
4.2162756146e-20 1.9223404725e-19 8.3717574609e-19 3.4767894207e-18 1.3745215571e-17 5.1631134837e-17 1.838943998e-16 6.1967437526e-16 1.9709298365e-15 
5.9021060947e-15 1.6597720716e-14 4.3719032978e-14 1.0759842588e-13 2.46906201e-13 5.2745974905e-13 1.0483910831e-12 1.9401307817e-12 3.3502649439e-12 
5.4195484905e-12 8.2592205644e-12 1.1949120512e-11 1.6581449755e-11 2.2361525825e-11 2.9712354105e-11 3.9228037485e-11 5.1312093463e-11 6.5565358698e-11 
8.0347839493e-11 9.3040949944e-11 1.0110162707e-10 1.0327271677e-10 9.9995470237e-11 9.2667887253e-11 8.2508722077e-11 7.0181721545e-11 5.63550491e-11 
4.2251008248e-11 2.9430360926e-11 1.9097922896e-11 1.1653318067e-11 6.7745193136e-12 3.7998818501e-12 2.0722234692e-12 1.0988711026e-12 5.6321261674e-13 
2.7661526498e-13 1.2917363576e-13 5.7050291412e-14 2.376727355e-14 9.3351340181e-15 3.4602049755e-15 1.2126296256e-15 4.0271736785e-16 1.2705255981e-16 
3.8169640561e-17 1.0943685531e-17 3.0003065045e-18 7.8784884651e-19 1.9842102219e-19 4.7981981449e-20 1.1150575603e-20 2.4920362878e-21 5.3592887494e-22 
1.1096387599e-22 2.2130318871e-23 4.2533482799e-24 7.8817183522e-25 1.4088847459e-25 2.4306534745e-26 4.0495099901e-27 6.5187215643e-28 1.0145164594e-28 
1.5274079439e-29 2.2259527781e-30 3.1420258701e-31 4.2983720057e-32 5.7024931752e-33 7.3409998734e-34 9.1757734452e-35 1.1158673568e-35 1.4661088546e-36 
5.6128632692e-35 4.4515364951e-34 3.8045157518e-33 3.1655736668e-32 2.5593382575e-31 2.0092435297e-30 1.5306245478e-29 1.1306417295e-28 8.0923916996e-28 
5.6077036412e-27 3.7591952332e-26 2.4357655705e-25 1.524116937e-24 9.2010235296e-24 5.3537919666e-23 2.9994718098e-22 1.61626356e-21 8.3668713115e-21 
4.1559153406e-20 1.9781463417e-19 9.0101971711e-19 3.9214440813e-18 1.6281475406e-17 6.4375291467e-17 2.4193473847e-16 8.6244905277e-16 2.909717416e-15 
9.268288719e-15 2.7801049426e-14 7.831962753e-14 2.0665964057e-13 5.094491452e-13 1.1706896303e-12 2.5037430896e-12 4.9805957969e-12 9.222036329e-12 
1.5930083641e-11 2.5772431064e-11 3.9266669777e-11 5.6749552974e-11 7.8554794614e-11 1.054866125e-10 1.39382339e-10 1.8302989679e-10 2.3858257037e-10 
3.0464755718e-10 3.7398750763e-10 4.3442341391e-10 4.7364645539e-10 4.8518000728e-10 4.7081655241e-10 4.3727732546e-10 3.9044806277e-10 3.3325331383e-10 
2.6849988899e-10 2.0186319283e-10 1.4092352285e-10 9.165256748e-11 5.6098774931e-11 3.276774338e-11 1.8503098359e-11 1.0172875563e-11 5.4405755075e-12 
2.8102335996e-12 1.3889999177e-12 6.5170677015e-13 2.8875944062e-13 1.2053675928e-13 4.7393095985e-14 1.7573968539e-14 6.1589413074e-15 2.0451735449e-15 
6.45209454e-16 1.9388225497e-16 5.5624362479e-17 1.5267636525e-17 4.0160727161e-18 1.0137990728e-18 2.4586103231e-19 5.7328825103e-20 1.2861094637e-20 
2.7773126249e-21 5.7756598851e-22 1.1571322253e-22 2.2343096745e-23 4.1597381006e-24 7.4704654408e-25 1.2947941351e-25 2.1669673184e-26 3.5038285552e-27 
5.4767597606e-28 8.2804581568e-29 1.2117122157e-29 1.7172253423e-30 2.3583407135e-31 3.1405462166e-32 4.0577807851e-33 5.0901040566e-34 6.2117472204e-35 
8.1918640105e-36 2.6421650808e-34 2.0882833467e-33 1.7791436138e-32 1.4757284209e-31 1.1894092887e-30 9.3088371891e-30 7.0697487788e-29 5.2065450487e-28 
3.7154585968e-27 2.5671940498e-26 1.716092204e-25 1.1089060146e-24 6.9205670698e-24 4.1675878188e-23 2.4194020651e-22 1.3526189249e-21 7.2749113157e-21 
3.7599294411e-20 1.8651643268e-19 8.8693407205e-19 4.0375136512e-18 1.7569099489e-17 7.2963689392e-17 2.8868952779e-16 1.0861588186e-15 3.8777723132e-15 
1.3106880253e-14 4.1836719093e-14 1.2577443156e-13 3.5512738583e-13 9.3907878435e-13 2.3193853522e-12 5.3380373038e-12 1.1428879544e-11 2.2748979783e-11 
4.2129015554e-11 7.275965247e-11 1.17657592e-10 1.7910818662e-10 2.5843172047e-10 3.5665573273e-10 4.7665144054e-10 6.2601834827e-10 8.1739237601e-10 
1.0618804724e-09 1.3557733824e-09 1.6689472027e-09 1.947141115e-09 2.1328039335e-09 2.1933923566e-09 2.1351604929e-09 1.9890009639e-09 1.7821415454e-09 
1.5267090925e-09 1.2339202993e-09 9.2958796216e-10 6.4967914382e-10 4.2291459224e-10 2.5931071179e-10 1.5200658787e-10 8.6332850591e-11 4.7824844779e-11 
2.5787127642e-11 1.3421713393e-11 6.6759276059e-12 3.1472799627e-12 1.3991382922e-12 5.8526984257e-13 2.3038689012e-13 8.5474101484e-14 2.9958762522e-14 
9.9480767049e-15 3.1385992709e-15 9.4344922533e-16 2.7088068655e-16 7.4448028605e-17 1.9620664573e-17 4.9654969748e-18 1.2079610066e-18 2.8269243816e-19 
6.3677300595e-20 1.3811557472e-20 2.8855890727e-21 5.8089273485e-22 1.1271146164e-22 2.1086608562e-23 3.8052867242e-24 6.6268388533e-25 1.1142427326e-25 
1.8098425911e-26 2.8414282546e-27 4.3144446688e-28 6.3397274408e-29 9.0207564376e-30 1.2436921132e-30 1.6624587548e-31 2.1558833819e-32 2.7139966019e-33 
3.323582396e-34 4.3992761285e-35 1.1852425051e-33 9.3351325511e-33 7.92789184e-32 6.5551212077e-31 5.2667473317e-30 4.1091879025e-29 3.1112158434e-28 
2.2843493589e-27 1.6253200135e-26 1.1197789338e-25 7.4645341929e-25 4.8105684633e-24 2.994642214e-23 1.7991360077e-22 1.0422029412e-21 5.8155316667e-21 
3.1227250734e-20 1.6118278565e-19 7.9881953618e-19 3.7965861309e-18 1.7281457357e-17 7.5229317237e-17 3.1270100602e-16 1.2389396336e-15 4.669918796e-15 
1.6709822138e-14 5.6624223675e-14 1.812445864e-13 5.4643166077e-13 1.5471381771e-12 4.1015303133e-12 1.0151912297e-11 2.3402463994e-11 5.0155359033e-11 
9.9865185565e-11 1.8487839037e-10 3.1901412068e-10 5.1520421263e-10 7.8298506567e-10 1.1271106271e-09 1.5498889949e-09 2.0604122852e-09 2.6886426419e-09 
3.4899698687e-09 4.519676633e-09 5.7748184012e-09 7.1379693267e-09 8.3777820237e-09 9.2341858604e-09 9.5478682738e-09 9.3349994401e-09 8.73109407e-09 
7.856270301e-09 6.7569314588e-09 5.475931264e-09 4.1294176967e-09 2.8847970679e-09 1.8762471576e-09 1.150362916e-09 6.7566213735e-10 3.8549852199e-10 
2.1499214908e-10 1.1682024792e-10 6.125450841e-11 3.0659436795e-11 1.4523953221e-11 6.4788855704e-12 2.7162495343e-12 1.0706378275e-12 3.97470468e-13 
1.3934999801e-13 4.6277509548e-14 1.4603252892e-14 4.3917675757e-15 1.2621262076e-15 3.474007695e-16 9.1753321999e-17 2.3285372471e-17 5.6839587579e-18 
1.3354319172e-18 3.0212800308e-19 6.5839970769e-20 1.382349343e-20 2.7968529494e-21 5.4544478413e-22 1.0256258939e-22 1.8601086132e-23 3.2552161844e-24 
5.4994555469e-25 8.9739781198e-26 1.4152078358e-26 2.1581549178e-27 3.1844789407e-28 4.5494521776e-29 6.2967839427e-30 8.4487292892e-31 1.0996358212e-31 
1.3892117134e-32 1.7071168138e-33 2.2679241841e-34 5.0582833327e-33 3.9699233088e-32 3.360629028e-31 2.7698694368e-30 2.2184462029e-29 1.7254648317e-28 
1.3024012656e-27 9.5338485739e-27 6.7634592083e-26 4.6465253311e-25 3.08898702e-24 1.9855919285e-23 1.2330909477e-22 7.3920048303e-22 4.2737356674e-21 
2.380839222e-20 1.2767580576e-19 6.5841286503e-19 3.2615586796e-18 1.5501685625e-17 7.0599885134e-17 3.0767206554e-16 1.281000431e-15 5.0865378803e-15 
1.922403446e-14 6.8999236121e-14 2.3460370474e-13 7.5355970379e-13 2.2798017814e-12 6.4761009055e-12 1.7218514808e-11 4.2720479931e-11 9.8649650948e-11 
2.116123804e-10 4.2132930478e-10 7.792197998e-10 1.3421005418e-09 2.1622426072e-09 3.2770350877e-09 4.7019557137e-09 6.437791189e-09 8.5086728774e-09 
1.1027531777e-08 1.4229557088e-08 1.8379736844e-08 2.352955164e-08 2.9255119216e-08 3.4613343303e-08 3.8468069619e-08 4.00610638e-08 3.9399473906e-08 
3.7049382229e-08 3.3512105091e-08 2.8943961894e-08 2.3503920588e-08 1.7715327871e-08 1.2345640954e-08 8.0040516437e-09 4.8957691234e-09 2.8751485637e-09 
1.6452150753e-09 9.227189568e-10 5.0494003423e-10 2.666548371e-10 1.3429700407e-10 6.3930652439e-11 2.862019996e-11 1.2027917724e-11 4.7480535129e-12 
1.7641863448e-12 6.1878296541e-13 2.0555444554e-13 6.4888680095e-14 1.9527704242e-14 5.6184284079e-15 1.5491950967e-15 4.1015961108e-16 1.0441555135e-16 
2.5583407599e-17 6.0365705501e-18 1.372167732e-18 3.0052983844e-19 6.3428009038e-20 1.2901405151e-20 2.5294411689e-21 4.781266509e-22 8.7161714734e-23 
1.5329922927e-23 2.6024548873e-24 4.2665670249e-25 6.7587956845e-26 1.0351751732e-26 1.5338429633e-27 2.2001173683e-28 3.0569380218e-29 4.1170074038e-30 
5.3778339929e-31 6.817820215e-32 8.4065787066e-33 1.1208662814e-33 2.0502218681e-32 1.6033580727e-31 1.352880398e-30 1.1114917115e-29 8.8740093027e-29 
6.8805291711e-28 5.1776373217e-27 3.7788495794e-26 2.6730475353e-25 1.8313208699e-24 1.2142679534e-23 7.7862571897e-23 4.8246778402e-22 2.8865766003e-21 
1.6661349779e-20 9.2698208603e-20 4.9667268889e-19 2.5602784718e-18 1.2684471414e-17 6.0330451064e-17 2.7513115081e-16 1.2013693813e-15 5.0148729638e-15 
1.9975832105e-14 7.5772579129e-14 2.7305927159e-13 9.3236518766e-13 3.0076353734e-12 9.1369689592e-12 2.6054630675e-11 6.9508086786e-11 1.729332233e-10 
4.0012135272e-10 8.5908274938e-10 1.709793862e-09 3.1562834568e-09 5.4188560306e-09 8.6943527933e-09 1.3119192843e-08 1.8738299801e-08 2.5522869151e-08 
3.3518489317e-08 4.3134363636e-08 5.5338912119e-08 7.1352765474e-08 9.1675453007e-08 1.1491778906e-07 1.3740839222e-07 1.5435001899e-07 1.6224431931e-07 
1.6081332888e-07 1.5230165218e-07 1.386575974e-07 1.2028095853e-07 9.7765301632e-08 7.3500409314e-08 5.0963684828e-08 3.2841583675e-08 1.9981847288e-08 
1.1702278258e-08 6.7018133265e-09 3.7746037407e-09 2.0785764221e-09 1.1051054516e-09 5.5997512183e-10 2.6789304108e-10 1.2037629227e-10 5.0722023803e-11 
2.0057315184e-11 7.4605408656e-12 2.6185358135e-12 8.7031358682e-13 2.749078634e-13 8.2808888598e-14 2.3859852557e-14 6.5927060327e-15 1.7503386342e-15 
4.4714938107e-16 1.1001306271e-16 2.6080122939e-17 5.9585268865e-18 1.3120558965e-18 2.7844853633e-19 5.6953375578e-20 1.1228134287e-20 2.1339333216e-21 
3.9106914785e-22 6.9132317678e-23 1.1793822365e-23 1.9426516262e-24 3.0913388116e-25 4.7552208729e-26 7.0752256662e-27 1.0189093852e-27 1.421150206e-28 
1.9210424458e-29 2.5183046179e-30 3.2036177774e-31 3.9634016661e-32 5.3032659063e-33 7.8783576835e-32 6.1391156377e-31 5.1632094131e-30 4.2283740772e-29 
3.3652313179e-28 2.6011864052e-27 1.9515044452e-26 1.4201300813e-25 1.0017484311e-24 6.8448648219e-24 4.5273421548e-23 2.896562191e-22 1.7912854659e-21 
1.0699460862e-20 6.1678883934e-20 3.42876988e-19 1.836538656e-18 9.4695810233e-18 4.6957743047e-17 2.236976956e-16 1.0225070455e-15 4.4783292607e-15 
1.8763211267e-14 7.5061850724e-14 2.8608747858e-13 1.0362174443e-12 3.5566694988e-12 1.1532552691e-11 3.5209432592e-11 1.0086990965e-10 2.7023938642e-10 
6.7479549726e-10 1.5655665653e-09 3.3657838738e-09 6.6942082988e-09 1.2319683051e-08 2.1037456222e-08 3.3519146569e-08 5.0219295389e-08 7.1257758805e-08 
9.6433495855e-08 1.2575773667e-07 1.6066776709e-07 2.0503104281e-07 2.6423768418e-07 3.4148825989e-07 4.328153409e-07 5.2459762401e-07 5.9727562984e-07 
6.3526442773e-07 6.360510838e-07 6.080338153e-07 5.5803940313e-07 4.8622177928e-07 3.9495427018e-07 2.9538745139e-07 2.0312431559e-07 1.296489387e-07 
7.8189252406e-08 4.5516461711e-08 2.6020680721e-08 1.4691291739e-08 8.132804652e-09 4.3511589887e-09 2.2180142167e-09 1.0664452654e-09 4.8107645645e-10 
2.0328891348e-10 8.0549129866e-11 3.0002215989e-11 1.0540607449e-11 3.5062723124e-12 1.108579591e-12 3.3436052321e-13 9.6515460554e-14 2.6734755225e-14 
7.1209433071e-15 1.8263576178e-15 4.5141540957e-16 1.0756440295e-16 2.4710930576e-17 5.4726091483e-18 1.1682114627e-18 2.4033944663e-19 4.7654107734e-20 
9.107361134e-21 1.6780296776e-21 2.9817255948e-22 5.1119243732e-23 8.4600204489e-24 1.3523096385e-24 2.0891272698e-25 3.1211639168e-26 4.5125043191e-27 
6.3176833671e-28 8.5709112629e-29 1.1274897946e-29 1.4391530317e-30 1.7863035499e-31 2.3984769102e-32 2.8650707024e-31 2.2245512127e-30 1.8648474211e-29 
1.5223391671e-28 1.2077993942e-27 9.3073861755e-27 6.9621843637e-26 5.0521645111e-25 3.5542494905e-24 2.4225673852e-23 1.5987327736e-22 1.0208412442e-21 
6.3027301423e-21 3.7600021425e-20 2.1658571457e-19 1.2037518981e-18 6.4502506055e-18 3.3295915553e-17 1.6541897009e-16 7.9015457897e-16 3.6245204734e-15 
1.5943530066e-14 6.7139504134e-14 2.701199724e-13 1.035844804e-12 3.7758767467e-12 1.3044349455e-11 4.2570690029e-11 1.3080676819e-10 3.7713948631e-10 
1.0167517939e-09 2.5537969517e-09 5.9530678165e-09 1.2830099649e-08 2.5493326561e-08 4.6677612886e-08 7.8977720364e-08 1.2431124219e-07 1.8399872204e-07 
2.5841933393e-07 3.467476688e-07 4.4862488835e-07 5.6899051515e-07 7.2279721053e-07 9.3279481916e-07 1.216077635e-06 1.5638327113e-06 1.9280580545e-06 
2.2319193249e-06 2.408686214e-06 2.4427879453e-06 2.3635952857e-06 2.1909736461e-06 1.9171693566e-06 1.552977551e-06 1.1515866163e-06 7.8230613099e-07 
4.9254322221e-07 2.9322160344e-07 1.6901833533e-07 9.6149925355e-08 5.4302045527e-08 3.0182135902e-08 1.624052004e-08 8.3270244033e-09 4.0242307264e-09 
1.8228388798e-09 7.7271178345e-10 3.0688762642e-10 1.145041631e-10 4.028286385e-11 1.3416320138e-11 4.2476131119e-12 1.283349078e-12 3.7130099884e-13 
1.0315987837e-13 2.758082933e-14 7.105719584e-15 1.765329741e-15 4.2301669772e-16 9.7759520131e-17 2.1783004029e-17 4.67854223e-18 9.6837744798e-19 
1.9314353233e-19 3.7122741443e-20 6.8771569945e-21 1.2283654311e-21 2.1163314241e-22 3.5188636358e-23 5.6498545409e-24 8.7651893179e-25 1.3148048245e-25 
1.9082320349e-26 2.6814412541e-27 3.6506433023e-28 4.8186848459e-29 6.1708379044e-30 7.6837363736e-31 1.0351758253e-31 9.8431138537e-31 7.6152300675e-30 
6.3633152678e-29 5.1782791378e-28 4.0957985607e-27 3.1469202253e-26 2.3473236627e-25 1.6988019014e-24 1.1921610732e-23 8.1075097493e-23 5.3399547153e-22 
3.4042529252e-21 2.099311047e-20 1.2515198724e-19 7.2083656694e-19 4.0086491837e-18 2.1509465327e-17 1.1127866228e-16 5.5460143966e-16 2.6601539812e-15 
1.2264986254e-14 5.4277515506e-14 2.3013353918e-13 9.3283074407e-13 3.6057034095e-12 1.3253022811e-11 4.6181829194e-11 1.5209823678e-10 4.7198800424e-10 
1.3755777628e-09 3.7511931339e-09 9.52724033e-09 2.2407485645e-08 4.8505288675e-08 9.6185438281e-08 1.744994762e-07 2.9051108186e-07 4.473763795e-07 
6.4795699473e-07 8.9443017259e-07 1.1853164779e-06 1.5191060356e-06 1.9125143353e-06 2.4212322387e-06 3.136698524e-06 4.1399985093e-06 5.4235042626e-06 
6.8275253398e-06 8.062357665e-06 8.8547949417e-06 9.1244701252e-06 8.9658560682e-06 8.4131279436e-06 7.3903556768e-06 5.9534413595e-06 4.3596014621e-06 
2.9127097605e-06 1.8006198843e-06 1.0532561419e-06 5.9852527556e-07 3.3757834217e-07 1.9022380116e-07 1.0600505362e-07 5.7330069581e-08 2.9561851633e-08 
1.4361134504e-08 6.5336243082e-09 2.7793367607e-09 1.1068502781e-09 4.1387335226e-10 1.4586577779e-10 4.8664555025e-11 1.5436272052e-11 4.6745259573e-12 
1.3563682512e-12 3.7821525425e-13 1.0156568783e-13 2.6300935442e-14 6.5715975481e-15 1.5844204441e-15 3.6850867172e-16 8.2645123778e-17 1.7864700753e-17 
3.7208730486e-18 7.4661084275e-19 1.4432740386e-19 2.6883460381e-20 4.8266198769e-21 8.356307896e-22 1.3958256318e-22 2.2508950017e-23 3.5064618746e-24 
5.2804243723e-25 7.6923207375e-26 1.0847766515e-26 1.4819116105e-27 1.9624757892e-28 2.521106545e-29 3.1488403519e-30 4.2560014294e-31 3.1892320305e-30 
2.4586681972e-29 2.0479833472e-28 1.6614901334e-27 1.3102877947e-26 1.0038912608e-25 7.4682201454e-25 5.3915877914e-24 3.7752424833e-23 2.5624963846e-22 
1.6851450263e-21 1.0730926845e-20 6.613610789e-20 3.9429500017e-19 2.2728261779e-18 1.2660450916e-17 6.8112936844e-17 3.5369869769e-16 1.7714549539e-15 
8.5487621824e-15 3.9702585701e-14 1.7717248567e-13 7.5821553897e-13 3.104646748e-12 1.2132530224e-11 4.5131370863e-11 1.5941073461e-10 5.334206965e-10 
1.6868562103e-09 5.0244004512e-09 1.4020981709e-08 3.6368103196e-08 8.6810793221e-08 1.8883159214e-07 3.7197571601e-07 6.630198186e-07 1.0733652971e-06 
1.5907813804e-06 2.2157212243e-06 2.9658051517e-06 3.8520588532e-06 4.8750084716e-06 6.0900820245e-06 7.6952437666e-06 1.0038793334e-05 1.34710981e-05 
1.8057315174e-05 2.3301565307e-05 2.8161130103e-05 3.1572082662e-05 3.3169515518e-05 3.3225802326e-05 3.1639647204e-05 2.78825446e-05 2.2264413928e-05 
1.6027943275e-05 1.0480509445e-05 6.3302209128e-06 3.6202177398e-06 2.018424766e-06 1.1241013453e-06 6.3018507035e-07 3.5152055489e-07 1.9094277093e-07 
9.9000878606e-08 4.8352376325e-08 2.2101076524e-08 9.438248405e-09 3.7707468259e-09 1.4137314652e-09 4.9943971181e-10 1.6701338923e-10 5.3110585374e-11 
1.6131408709e-11 4.6977209449e-12 1.3156800953e-12 3.55133105e-13 9.2500497279e-14 2.3259563695e-14 5.6455347328e-15 1.3220519887e-15 2.9851934514e-16 
6.4958453799e-17 1.3616307744e-17 2.7488361536e-18 5.3443824014e-19 1.0008754872e-19 1.80609523e-20 3.1418052382e-21 5.2715532804e-22 8.5367321232e-23 
1.3351573373e-23 2.0182166123e-24 2.9506010957e-25 4.1751837752e-26 5.7223696583e-27 7.6018597502e-28 9.7953266417e-29 1.2270214028e-29 1.6636128317e-30 
9.729933496e-30 7.4752406897e-29 6.2075885448e-28 5.0213434845e-27 3.9488802275e-26 3.0175329853e-25 2.2393907276e-24 1.6131938877e-23 1.1274735797e-22 
7.6415469044e-22 5.0201134972e-21 3.1953415145e-20 1.9697891034e-19 1.1756012875e-18 6.7902338314e-18 3.7943552248e-17 2.0504347577e-16 1.0710041286e-15 
5.4035713011e-15 2.6309343091e-14 1.2346037821e-13 5.574705194e-13 2.4173716414e-12 1.0045845232e-11 3.9932852164e-11 1.5163420519e-10 5.4966003971e-10 
1.9007890817e-09 6.2560059355e-09 1.9474144963e-08 5.6679844818e-08 1.5184507163e-07 3.6829482042e-07 7.9869136016e-07 1.5425849824e-06 2.6616032756e-06 
4.1243952182e-06 5.7530896811e-06 7.5026869126e-06 9.5098766906e-06 1.1928454114e-05 1.4812052541e-05 1.8336664652e-05 2.316348764e-05 3.0541650631e-05 
4.1866220272e-05 5.768500705e-05 7.659100811e-05 9.5027629868e-05 0.00010907310207 0.00011723975331 0.00012020763097 0.00011647229258 0.00010287293117 
8.1130645412e-05 5.7144741731e-05 3.6388169974e-05 2.1366640794e-05 1.1886974789e-05 6.4703335738e-06 3.5426919567e-06 1.9697849893e-06 1.09790426e-06 
5.9854005485e-07 3.1199849104e-07 1.5322468983e-07 7.0389610585e-08 3.0191181111e-08 1.2107135738e-08 4.554149502e-09 1.6137834402e-09 5.413013926e-10 
1.727072374e-10 5.2657531113e-11 1.5403759865e-11 4.3367939448e-12 1.1776215853e-12 3.0875882363e-13 7.8184563045e-14 1.911436741e-14 4.508609418e-15 
1.0252690081e-15 2.246219409e-16 4.7388733924e-17 9.6248883192e-18 1.8819324669e-18 3.5430694386e-19 6.4250581996e-20 1.1228175484e-20 1.8920492315e-21 
3.0763348823e-22 4.8296983403e-23 7.3267310396e-24 1.0748020785e-24 1.5258055184e-25 2.0977016332e-26 2.794978291e-27 3.6117797212e-28 4.5369318274e-29 
6.1693964662e-30 2.791346264e-29 2.1374353301e-28 1.7698308187e-27 1.4277020367e-26 1.119892086e-25 8.5375072974e-25 6.3226499467e-24 4.5465859433e-23 
3.1732678384e-22 2.148797531e-21 1.4112489657e-20 8.9868171696e-20 5.5475565715e-19 3.3190483526e-18 1.9243318012e-17 1.0810365854e-16 5.8831546854e-16 
3.1005941731e-15 1.5815999091e-14 7.801480409e-14 3.716600595e-13 1.7074916784e-12 7.554550735e-12 3.2164645947e-11 1.3186482462e-10 5.216541088e-10 
1.9961052811e-09 7.3829875546e-09 2.6183810675e-08 8.7515815039e-08 2.6918996809e-07 7.4328494293e-07 1.8050925519e-06 3.8166640479e-06 7.0639935075e-06 
1.1577199984e-05 1.6937870896e-05 2.1818714231e-05 2.5863328119e-05 3.0000368497e-05 3.5423316149e-05 4.2622315959e-05 5.2105406212e-05 6.5894739237e-05 
8.8170607341e-05 0.00012407569739 0.0001764970657 0.00024194586149 0.00030903005973 0.0003641101066 0.00040169581189 0.00042326716357 0.00041841247003 
0.00036993596586 0.00028706088779 0.00019690199406 0.00012151154806 6.9035522756e-05 3.7184461689e-05 1.9666353182e-05 1.0540918993e-05 5.7947481764e-06 
3.2217835724e-06 1.7615940351e-06 9.2311023536e-07 4.5596519271e-07 2.1061030964e-07 9.0778065953e-08 3.6563083228e-08 1.3808429955e-08 4.9118571432e-09 
1.6540114833e-09 5.2997234379e-10 1.6236233191e-10 4.7756743005e-11 1.3529396353e-11 3.6991672746e-12 9.7705925382e-13 2.4931321113e-13 6.1422478974e-14 
1.4597792918e-14 3.3437078755e-15 7.3759073182e-16 1.5660898041e-16 3.1997519924e-17 6.2908615869e-18 1.1903925176e-18 2.1688378393e-19 3.8067197525e-20 
6.4407275369e-21 1.0511919671e-21 1.6562045091e-22 2.5209392868e-23 3.7099055522e-24 5.2826262803e-25 7.2837259175e-26 9.7318996538e-27 1.2609758607e-27 
1.5881124432e-28 2.1655335346e-29 7.5225373162e-29 5.7425169077e-28 4.7422415688e-27 3.8160659415e-26 2.9865955862e-25 2.2723227122e-24 1.6800440118e-23 
1.2066139989e-22 8.4153924418e-22 5.6980695964e-21 3.744998831e-20 2.3889617156e-19 1.4791274584e-18 8.8896678569e-18 5.1870514288e-17 2.9388866896e-16 
1.6169818729e-15 8.6383579394e-15 4.4788930458e-14 2.2521372788e-13 1.0972906611e-12 5.1778455655e-12 2.3684552583e-11 1.0537073991e-10 4.5870299226e-10 
1.966301566e-09 8.305522492e-09 3.4172302321e-08 1.3359527884e-07 4.8054710078e-07 1.5405137219e-06 4.2844435484e-06 1.0139478036e-05 2.031558688e-05 
3.5159293475e-05 5.3815696447e-05 7.3925140896e-05 8.7565545982e-05 9.28426889e-05 9.5264775155e-05 0.00010210135224 0.00011645897757 0.00013952163863 
0.00017669533554 0.00024087583006 0.00034962550853 0.00051548180636 0.00073174672434 0.0009645318496 0.0011690797983 0.0013269600458 0.0014422499808 
0.0014589903876 0.0012892306549 0.00098039326258 0.00065190671012 0.00038816223969 0.00021248297708 0.0001103522518 5.6475142628e-05 2.9520062526e-05 
1.6001302356e-05 8.861522474e-06 4.8572564992e-06 2.5589035886e-06 1.2717032405e-06 5.9091831872e-07 2.5611444698e-07 1.0368407999e-07 3.9346016223e-08 
1.4062192299e-08 4.7584638452e-09 1.5327690228e-09 4.7234688383e-10 1.3985038128e-10 3.9907487037e-11 1.0996746048e-11 2.9282607155e-12 7.5335500642e-13 
1.8710410283e-13 4.4812643993e-14 1.0339549922e-14 2.2962737092e-15 4.905996831e-16 1.0081004973e-16 1.9923460653e-17 3.788107116e-18 6.9321519683e-19 
1.2216680873e-19 2.0747722171e-20 3.3981322734e-21 5.3715490363e-22 8.2015059971e-23 1.2105128177e-23 1.7285080365e-24 2.3896714418e-25 3.2011094228e-26 
4.158047698e-27 5.2494701753e-28 7.1765777054e-29 1.9035969811e-28 1.4491366162e-27 1.1939236467e-26 9.5873187062e-26 7.4897195633e-25 5.690030438e-24 
4.2024785055e-23 3.0166639288e-22 2.1042848743e-21 1.4263002601e-20 9.394566159e-20 6.0144783137e-19 3.7440303835e-18 2.2673813029e-17 1.3366250053e-16 
7.6742550862e-16 4.2930886609e-15 2.3401512865e-14 1.2426878645e-13 6.4273169035e-13 3.2397086316e-12 1.595916628e-11 7.7338038751e-11 3.7252814722e-10 
1.8014911785e-09 8.74986128e-09 4.1971965459e-08 1.9253944572e-07 8.1326675172e-07 3.0541075375e-06 9.9036606116e-06 2.7068297641e-05 6.1158993049e-05 
0.00011377431656 0.00018084542535 0.00025527304388 0.00032937718788 0.00036189384991 0.00034568924457 0.00030941367731 0.00029019394424 0.00030387513107 
0.00035175852827 0.00044519349467 0.00062026397791 0.00093241443392 0.0014296665322 0.0021073191892 0.0028731075581 0.003587618703 0.0041939276271 
0.0047192391939 0.0049098907039 0.0043252352625 0.0032070134766 0.0020572212525 0.0011769803241 0.00061859289417 0.00030879091355 0.00015246357361 
7.7516655438e-05 4.135738709e-05 2.2797152269e-05 1.2526364117e-05 6.6366997089e-06 3.3202820759e-06 1.553110792e-06 6.7739654241e-07 2.7586258966e-07 
1.0528119532e-07 3.7841203948e-08 1.2880757794e-08 4.1755496838e-09 1.2957704909e-09 3.8658770629e-10 1.112263337e-10 3.0913882565e-11 8.3040631663e-12 
2.1548288327e-12 5.3960102445e-13 1.302396911e-13 3.0264842959e-14 6.7652593495e-15 1.4539523828e-15 3.0036293882e-16 5.9649813769e-17 1.1391403655e-17 
2.0929950448e-18 3.7021698746e-19 6.3089304426e-20 1.0365846966e-20 1.6434486408e-21 2.5163345163e-22 3.7239138286e-23 5.3309397706e-24 7.3880087686e-25 
9.9199178713e-26 1.2914644487e-26 1.634068165e-27 2.2392245796e-28 4.5252665901e-28 3.436925986e-27 2.8263172927e-26 2.2659447718e-25 1.7679682395e-24 
1.3420483528e-23 9.9093343211e-23 7.1164639202e-22 4.9710683108e-21 3.3783258213e-20 2.2346741782e-19 1.439741874e-18 9.0429030654e-18 5.5430484578e-17 
3.3195747952e-16 1.9440799509e-15 1.1140431432e-14 6.2482557648e-14 3.4311171525e-13 1.8475982463e-12 9.8016516778e-12 5.1729561606e-11 2.7553528903e-10 
1.4998954301e-09 8.3333908663e-09 4.6207556892e-08 2.4627183848e-07 1.2118382529e-06 5.3158605624e-06 2.020221109e-05 6.4929634391e-05 0.00017246222706 
0.00036964268656 0.00063262158073 0.00091365515254 0.0011765300296 0.0014263403136 0.0014664435294 0.0012870349456 0.0010188185843 0.00082196277799 
0.00076309189899 0.00083529454423 0.0010500627104 0.0014972107019 0.0023379980121 0.0037387083285 0.0057385470718 0.0081131346524 0.010444286279 
0.01256384328 0.014717630111 0.015937654302 0.013912821189 0.0099704647437 0.0061283605173 0.0033534171525 0.0016870138934 0.00080781872384 
0.00038432513247 0.0001899512863 9.976480942e-05 5.4772517615e-05 3.0194758438e-05 1.6103093003e-05 8.1176913227e-06 3.8262019189e-06 1.6809511862e-06 
6.8923657182e-07 2.6477073334e-07 9.5789424392e-08 3.2827539798e-08 1.071929745e-08 3.3527713938e-09 1.0088084812e-09 2.9285235348e-10 8.2141037028e-11 
2.2264929483e-11 5.827887218e-12 1.47128555e-12 3.5776874627e-13 8.3699872391e-14 1.8823413287e-14 4.0673776738e-15 8.4433308267e-16 1.6840881111e-16 
3.2287718044e-17 5.9535658708e-18 1.056534532e-18 1.8058924415e-19 2.9754891862e-20 4.7298870011e-21 7.2600588193e-22 1.0769491213e-22 1.5451773538e-23 
2.1460676937e-24 2.8875782584e-25 3.7669630479e-26 4.7757731647e-27 6.5583783878e-28 1.0124419199e-27 7.6764478392e-27 6.3046922185e-26 5.0500316285e-25 
3.9382780232e-24 2.9897033136e-23 2.2092851133e-22 1.5894483477e-21 1.1137353638e-20 7.6059347797e-20 5.0675116087e-19 3.2982706096e-18 2.1004627073e-17 
1.3109998763e-16 8.0313917053e-16 4.8342550462e-15 2.8606532019e-14 1.6652164944e-13 9.5559486973e-13 5.4389097393e-12 3.1087125929e-11 1.8165453863e-10 
1.1011528356e-09 6.9032060068e-09 4.3570331343e-08 2.6578121037e-07 1.5043657413e-06 7.6378764788e-06 3.3857228118e-05 0.0001281092409 0.00040513268323 
0.0010455565061 0.0021335007623 0.0033542651217 0.0043783509172 0.005088693928 0.0057873115875 0.0055624302477 0.0045512877405 0.0032745725475 
0.0023014508188 0.0018538120203 0.0018717639614 0.0023097505327 0.0033635066357 0.0054638539441 0.0091359391809 0.01465573255 0.021564248949 
0.028629409149 0.035323798656 0.043616693467 0.050740733743 0.043138124049 0.029326371849 0.017063122243 0.0088695324957 0.0042569274083 
0.0019536677282 0.0008965585148 0.00043186708353 0.00022402009927 0.00012286799029 6.8117347837e-05 3.6639095924e-05 1.8645045202e-05 8.8699671323e-06 
3.9303572521e-06 1.6241192498e-06 6.2838682879e-07 2.2891681795e-07 7.9007655529e-08 2.5993765362e-08 8.1967463927e-09 2.4878430427e-09 7.2876926716e-10 
2.0627512198e-10 5.6407347543e-11 1.4887585956e-11 3.7871203569e-12 9.2722064835e-13 2.1824556051e-13 4.9346082911e-14 1.0713464993e-14 2.2333400083e-15 
4.47128417e-16 8.6013145152e-17 1.5908408678e-17 2.8310128252e-18 4.8513796544e-19 8.0125412259e-20 1.2765513271e-20 1.9635928824e-21 2.9186874043e-22 
4.1958186262e-23 5.838464478e-24 7.8701304785e-25 1.0285199297e-25 1.3062475018e-26 1.7971975128e-27 2.1403094435e-27 1.6214555195e-26 1.3311348616e-25 
1.0662038891e-24 8.3189460866e-24 6.322867199e-23 4.6825733202e-22 3.3807221006e-21 2.3816264976e-20 1.6392487646e-19 1.1042804309e-18 7.2960117626e-18 
4.7383317546e-17 3.0308022052e-16 1.9119274272e-15 1.1902568808e-14 7.3161684773e-14 4.4496188418e-13 2.6957698226e-12 1.6504983144e-11 1.0430384334e-10 
6.9230376987e-10 4.8108494966e-09 3.3981624625e-08 2.3369021562e-07 1.5017764099e-06 8.7281805463e-06 4.4721065933e-05 0.00019778231217 0.0007407151279 
0.0023039688822 0.0058069401421 0.011390679516 0.016507450491 0.019475672394 0.020228639245 0.021599357948 0.019128600135 0.014585743658 
0.0097594037652 0.0061901574954 0.0043405494653 0.0039763893001 0.0047271340154 0.0069718905725 0.011767635122 0.020627168939 0.034773189574 
0.053593225777 0.073489457369 0.092322096229 0.12355685234 0.1658988446 0.13150036335 0.081680178642 0.043991047889 0.021475188434 
0.0097886258736 0.0043064495549 0.0019142157398 0.00090515502961 0.00046748988098 0.00025786360493 0.00014448357979 7.8714598203e-05 4.0594652091e-05 
1.9554880055e-05 8.7579255705e-06 3.6502387957e-06 1.4221044466e-06 5.2115535709e-07 1.8090919696e-07 5.9886986037e-08 1.9013917552e-08 5.8144635773e-09 
1.7167955946e-09 4.8983583856e-10 1.3498897833e-10 3.5885232286e-11 9.1882742734e-12 2.2626861322e-12 5.3529842234e-13 1.2157222657e-13 2.6497242104e-14 
5.5425634785e-15 1.1130232097e-15 2.146913928e-16 3.9805433236e-17 7.0995778738e-18 1.2191529671e-18 2.0174685694e-19 3.2201123427e-20 4.9618360382e-21 
7.3876482986e-22 1.0637469976e-22 1.4825305961e-23 2.0014951277e-24 2.6196327773e-25 3.3319728188e-26 4.591697788e-27 4.3057969544e-27 3.2629758393e-26 
2.6804399015e-25 2.149281513e-24 1.6798059336e-23 1.2800339776e-22 9.5158253842e-22 6.9084670732e-21 4.9056314581e-20 3.4141962501e-19 2.3348701005e-18 
1.5732500449e-17 1.0470055147e-16 6.8930678333e-16 4.4917394863e-15 2.8970566451e-14 1.8520803652e-13 1.1811064279e-12 7.6294404822e-12 5.1147246161e-11 
3.6383185353e-10 2.7459876595e-09 2.1335676337e-08 1.630812676e-07 1.1755519154e-06 7.7359200077e-06 4.5350243454e-05 0.00023215117108 0.0010192892514 
0.0037729924079 0.011566209607 0.028677705675 0.054878681898 0.073787666857 0.079165033996 0.072850987315 0.074027068913 0.058616988361 
0.040866732597 0.025854136795 0.015790443867 0.0097314286977 0.0081049529836 0.0090369302779 0.013221475296 0.023025168106 0.042406540364 
0.075769782066 0.12386976928 0.17663128674 0.22117398679 0.33435019851 0.58472275734 0.3999581337 0.21477662027 0.10363926739 
0.046746719629 0.02012132667 0.0085029266775 0.003693370847 0.0017386965919 0.00090746785281 0.00050940952497 0.0002912011696 0.00016214774223 
8.547915786e-05 4.1971245082e-05 1.9065355445e-05 8.0165764302e-06 3.1372021567e-06 1.1517741996e-06 4.0015646618e-07 1.3262278742e-07 4.2202831452e-08 
1.2951213435e-08 3.8414742498e-09 1.1017171619e-09 3.0522898098e-10 8.1558190757e-11 2.0981360746e-11 5.188651158e-12 1.2320679416e-12 2.8072222281e-13 
6.1357691118e-14 1.2866359318e-14 2.5894284242e-15 5.0046189947e-16 9.2956009522e-17 1.6606759219e-17 2.8561388499e-18 4.7332453383e-19 7.5652794988e-20 
1.1672813336e-20 1.7402078708e-21 2.5088927181e-22 3.500955231e-23 4.7322688909e-24 6.2012972057e-25 7.8971460063e-26 1.0897263685e-26 8.3364933052e-27 
6.328058525e-26 5.2079739076e-25 4.1855342466e-24 3.2809034282e-23 2.5098625752e-22 1.875764921e-21 1.3717745174e-20 9.8387750727e-20 6.9403420904e-19 
4.8301317626e-18 3.3260227673e-17 2.2704802854e-16 1.5372696139e-15 1.0317167923e-14 6.8646592588e-14 4.5496326975e-13 3.0470524107e-12 2.1174286283e-11 
1.5718013002e-10 1.2566472307e-09 1.0530570194e-08 8.8162614986e-08 7.0456616186e-07 5.1952906688e-06 3.4496340959e-05 0.00020235803095 0.0010310347425 
0.0044882865623 0.016424205154 0.049727018923 0.12225402147 0.23335888982 0.29332071543 0.28975963593 0.23322486877 0.23585766554 
0.15886050463 0.097681112587 0.062531687319 0.044288609177 0.021911220625 0.016320655122 0.016451112926 0.023021290079 0.040202751756 
0.077726840973 0.14902481437 0.26482972503 0.40222641826 0.46477609873 0.78926384449 2.1919333935 1.1483877897 0.50823515654 
0.21459636092 0.088539838791 0.035968702286 0.014720330015 0.0063595008105 0.0030538956635 0.0016487918328 0.00095953734126 0.0005692250561 
0.00033006627928 0.00018099053705 9.1670226539e-05 4.2435236537e-05 1.7968517568e-05 7.0159035204e-06 2.5551189538e-06 8.7848019348e-07 2.8821492037e-07 
9.0977167133e-08 2.7771625e-08 8.2158031489e-09 2.3550064121e-09 6.5300420626e-10 1.7476435576e-10 4.5044978164e-11 1.1161160537e-11 2.6551330579e-12 
6.0597658618e-13 1.3264872057e-13 2.7853458743e-14 5.6125669399e-15 1.0859717302e-15 2.0192037265e-16 3.6109123729e-17 6.2161527019e-18 1.0310938684e-18 
1.649499988e-19 2.5473317769e-20 3.8009401511e-21 5.4846795156e-22 7.6601290594e-23 1.0363385619e-23 1.3592548686e-24 1.7325291071e-25 2.3931126318e-26 
1.5772720673e-26 1.2009010752e-25 9.9126151147e-25 7.992476001e-24 6.288646413e-23 4.832849177e-22 3.6329913867e-21 2.6772064032e-20 1.9395292856e-19 
1.3859903336e-18 9.8019959602e-18 6.8777407721e-17 4.7923768903e-16 3.3134855282e-15 2.2705761696e-14 1.545013439e-13 1.0551700572e-12 7.4161041891e-12 
5.5589147868e-11 4.5477721589e-10 3.9966994159e-09 3.594778164e-08 3.1424283975e-07 2.5686292702e-06 1.9126942789e-05 0.00012731231982 0.00074541301001 
0.0037795754615 0.016330212355 0.059148196131 0.17704379559 0.43425568938 0.85982823372 1.0150784254 0.94212502241 0.63568246365 
0.71547204256 0.37485533953 0.19859027863 0.19392341375 0.20243553817 0.060508776456 0.033913198858 0.029885072261 0.041547089815 
0.061751719564 0.12263857573 0.25548791885 0.51588535309 0.90828204155 0.75942224264 0.90068638325 1.5109574795 2.5480647087 
0.90939933062 0.34775424004 0.13563379645 0.053406648338 0.021773217246 0.0096974922344 0.0049380520359 0.0028470228426 0.0017633573152 
0.0011180081638 0.00069821137004 0.00040913478006 0.00021680635109 0.0001025390884 4.346915739e-05 1.6737203623e-05 5.9518692979e-06 1.9884207632e-06 
6.3366786662e-07 1.9488635417e-07 5.8258340374e-08 1.6972020234e-08 4.8145176734e-09 1.3261987064e-09 3.535264026e-10 9.0912576078e-11 2.24977207e-11 
5.3484274301e-12 1.2202707378e-12 2.670862934e-13 5.6082779886e-14 1.1301834407e-14 2.1870992091e-15 4.0673638037e-16 7.2752870832e-17 1.2527692563e-17 
2.0786384981e-18 3.3264326456e-19 5.1389193322e-20 7.6709813873e-21 1.1073838041e-21 1.5473300921e-22 2.0944081906e-23 2.7484349784e-24 3.5051239665e-25 
4.844633018e-26 2.9644986062e-26 2.265760622e-25 1.8766127272e-24 1.5182274987e-23 1.1987659058e-22 9.2478812678e-22 6.9827533852e-21 5.173429889e-20 
3.7730134997e-19 2.7183369705e-18 1.941015207e-17 1.376340792e-16 9.6918716847e-16 6.7668001024e-15 4.6799901872e-14 3.2211494756e-13 2.2453254533e-12 
1.6412376666e-11 1.3088706508e-10 1.1504491804e-09 1.0740428102e-08 1.0049548393e-07 8.97686391e-07 7.4132603913e-06 5.5422253354e-05 0.00036920749699 
0.002160305623 0.010937746614 0.047136172652 0.16979789734 0.50243979692 1.2207878828 2.7566065788 3.0278360844 2.744281292 
1.2939727306 2.1826987267 0.69976645708 0.35547566414 1.1535595655 1.3114993572 0.20012316108 0.072265192866 0.060738712549 
0.14242006838 0.089604228735 0.1563744843 0.3480527997 0.84598594904 2.3288748264 1.0541844368 0.85353249311 1.045132041 
1.2124091387 0.70778232813 0.34019166231 0.14773924649 0.061889532954 0.026986075565 0.013230439276 0.007523725275 0.0047980640084 
0.0032733851112 0.002319318708 0.0016295814421 0.0010432105046 0.00058023515157 0.00027870200574 0.00011714682478 4.3950334657e-05 1.5038219317e-05 
4.7949552027e-06 1.453589789e-06 4.2600655092e-07 1.2207597422e-07 3.4376579805e-08 9.5079579765e-09 2.5726198949e-09 6.7744060361e-10 1.727688409e-10 
4.2511556775e-11 1.0066037413e-11 2.2899820061e-12 5.0013709537e-13 1.0484472177e-13 2.1100905311e-14 4.0791603256e-15 7.5797426205e-16 1.354881874e-16 
2.3317955116e-17 3.8673671487e-18 6.1869160032e-19 9.5557151595e-20 1.4261693975e-20 2.0586221215e-21 2.8763822455e-22 3.8934501345e-23 5.1096524538e-24 
6.5172345191e-25 9.0095594444e-26 5.5962643107e-26 4.2923371385e-25 3.5649807598e-24 2.8908142349e-23 2.2867378752e-22 1.7665290164e-21 1.3350819487e-20 
9.896582719e-20 7.2188046888e-19 5.200104008e-18 3.711291402e-17 2.6291828567e-16 1.8485697863e-15 1.2877476625e-14 8.8824177776e-14 6.1033253104e-13 
4.2656078322e-12 3.1544471896e-11 2.5713997598e-10 2.3187711751e-09 2.2097983887e-08 2.0940943557e-07 1.8829912278e-06 1.5600286133e-05 0.00011686028301 
0.00078032084275 0.0045846295543 0.023382101208 0.10195215046 0.37281292677 1.1067301035 2.4320263863 1.4216833115 1.1861703396 
1.0019879341 0.66332799196 0.73221957684 0.38664862514 0.20835933089 0.2047932148 0.21985203028 0.095286265016 0.32467478514 
0.15935313702 1.0495928526 0.1726565659 0.14731457829 0.27377155423 0.52647936344 0.89097481966 0.66071283817 0.58581542969 
0.65236836672 0.67069345713 0.46390023828 0.25444889069 0.12310229987 0.057940226048 0.029301483184 0.01700405404 0.011253884993 
0.0081662144512 0.0063954265788 0.0053180358373 0.004321063403 0.0030037709512 0.0017239506124 0.00082855467917 0.00034192737076 0.00012424090528 
4.0704209823e-05 1.2304432857e-05 3.5100201785e-06 9.6488543022e-07 2.5996300224e-07 6.9352246612e-08 1.836559882e-08 4.8098751648e-09 1.2373145841e-09 
3.1041264004e-10 7.5500196373e-11 1.7728738616e-11 4.0083700248e-12 8.7130904705e-13 1.8197521669e-13 3.6513947112e-14 7.04122946e-15 1.3056461252e-15 
2.3297074761e-16 4.0033946843e-17 6.6310272061e-18 1.0596009939e-18 1.6349263581e-19 2.4379715529e-20 3.5164598945e-21 4.9101035245e-22 6.6425224731e-23 
8.7132384886e-24 1.1108959162e-24 1.5351595599e-25 1.0599555438e-25 8.1469511379e-25 6.7743106803e-24 5.4949886023e-23 4.3437099773e-22 3.3490658824e-21 
2.5223866269e-20 1.8599702788e-19 1.3468392548e-18 9.6110959097e-18 6.7822278811e-17 4.7443352991e-16 3.2918868234e-15 2.2628400483e-14 1.5392256968e-13 
1.03978512e-12 7.0867261712e-12 5.0423901166e-11 3.9093409065e-10 3.3574305558e-09 3.088146272e-08 2.8655531992e-07 2.5481308512e-06 2.1000119887e-05 
0.0001571096218 0.0010519081261 0.0062331524678 0.032403785735 0.14714702964 0.58757084608 2.1521239281 1.1621873379 0.65887272358 
0.4640648067 0.36861014366 0.27983346581 0.26788437366 0.18220615387 0.11658246815 0.081257380545 0.068162329495 0.057685602456 
0.066724143922 0.068694651127 0.148642838 0.084129743278 0.11252696812 0.1838387996 0.29219266772 0.39873898029 0.36213037372 
0.34173211455 0.36151462793 0.35486379266 0.26468357444 0.16129055619 0.089376315475 0.050358410925 0.031458728015 0.022184632719 
0.01715490967 0.014451357536 0.013530942611 0.013550536707 0.012625490315 0.0092265140265 0.0053151445463 0.0025125665125 0.0010098399362 
0.00035493864561 0.00011171327787 3.2181145798e-05 8.6714044301e-06 2.2341887416e-06 5.6195131037e-07 1.4024175243e-07 3.501943624e-08 8.7471843102e-09 
2.1711761278e-09 5.3073834216e-10 1.2670127447e-10 2.9350032821e-11 6.5688483299e-12 1.4167506144e-12 2.9405416904e-13 5.8702812034e-14 1.1271775749e-14 
2.0824946636e-15 3.7041155771e-16 6.347516676e-17 1.0487817196e-17 1.6722045449e-18 2.5750427152e-19 3.8329859682e-20 5.5196187078e-21 7.6957902424e-22 
1.0397097747e-22 1.3621565751e-23 1.7347388544e-24 2.3945941803e-25 1.9867821816e-25 1.5273219802e-24 1.2691030949e-23 1.0276796459e-22 8.0993321016e-22 
6.2155025735e-21 4.6491673404e-20 3.3952468348e-19 2.4267448444e-18 1.7029802545e-17 1.1775604234e-16 8.0497712615e-16 5.4516082336e-15 3.6582668589e-14 
2.428669787e-13 1.5933257318e-12 1.0368025015e-11 6.7925644276e-11 4.6168416312e-10 3.3707396874e-09 2.6716712398e-08 2.2281366796e-07 1.8528492092e-06 
1.4634215404e-05 0.00010605461284 0.00068828527583 0.0039218049496 0.019233444706 0.079208090901 0.26298627257 0.63212007284 0.50637799501 
0.37883064151 0.25218379498 0.18088211119 0.13972944021 0.12117598951 0.092967860401 0.0683337152 0.05152182281 0.043731965125 
0.043444544077 0.047770179808 0.048401102424 0.057333104312 0.064430229366 0.087022721767 0.12276308984 0.16717521846 0.201991871 
0.19749459624 0.19003425539 0.19156609476 0.18223470449 0.1441565156 0.099374547601 0.06614793092 0.04665825516 0.036097045988 
0.030085250735 0.026882745326 0.026878528297 0.030759911984 0.036724336445 0.038238827139 0.028279896826 0.015910802409 0.0072774402797 
0.002826097887 0.00095962896012 0.00029137270758 8.0668462033e-05 2.0759900508e-05 5.0679900596e-06 1.1987801827e-06 2.8023612231e-07 6.5676367456e-08 
1.5515155383e-08 3.6816474314e-09 8.696616205e-10 2.0240585596e-10 4.6011482818e-11 1.0151868061e-11 2.1652462809e-12 4.4538426224e-13 8.825142765e-14 
1.6838086643e-14 3.093746547e-15 5.4760584749e-16 9.3431975864e-17 1.537691701e-17 2.4429807455e-18 3.7496655514e-19 5.5646268651e-20 7.990945188e-21 
1.1112727243e-21 1.4977428005e-22 1.9578585768e-23 2.4881659027e-24 3.4272961822e-25 3.6126619781e-25 2.7728987383e-24 2.2990893543e-23 1.8559780428e-22 
1.456409392e-21 1.1109640664e-20 8.2413038404e-20 5.9505894682e-19 4.1885378059e-18 2.8807544214e-17 1.9418901325e-16 1.2875692774e-15 8.4266445953e-15 
5.4570666833e-14 3.4993568373e-13 2.2194273329e-12 1.3899725988e-11 8.6044796288e-11 5.3078313966e-10 3.3234885954e-09 2.1648187243e-08 1.4873174337e-07 
1.0620011608e-06 7.5687712524e-06 5.1377122873e-05 0.0003191823198 0.0017589470372 0.0083790598437 0.033702664077 0.1116149053 0.29069986939 
0.51575452089 0.58683341742 0.33973586559 0.18725292385 0.11870600283 0.085032679141 0.063326336443 0.049700181931 0.042314726859 
0.039732959121 0.040580604225 0.043107613921 0.045130766928 0.049610573798 0.057628452778 0.070465564728 0.087320297956 0.10498879105 
0.11641060561 0.11507336795 0.11020979285 0.10677395016 0.099995993078 0.085042566061 0.068317502737 0.055823817849 0.04828697443 
0.043886750937 0.041603613645 0.042918249965 0.051717747003 0.071694433689 0.099571712315 0.11429763585 0.082552008331 0.044159322977 
0.019207904115 0.0071362433955 0.0023318002932 0.00068385823397 0.00018305599224 4.5459353714e-05 1.0659345207e-05 2.4065063826e-06 5.3382433407e-07 
1.1841693492e-07 2.6544951126e-08 6.0182605566e-09 1.3701985102e-09 3.0992269862e-10 6.8923519669e-11 1.4949118332e-11 3.1449641068e-12 6.3960051448e-13 
1.2551370804e-13 2.3746138384e-14 4.3303475226e-15 7.6131326593e-16 1.2909421361e-16 2.1125714734e-17 3.3386864475e-18 5.0994020063e-19 7.5330763236e-20 
1.0771280173e-20 1.4918804154e-21 2.0030684161e-22 2.6090216022e-23 3.3044004785e-24 4.5355883151e-25 6.2582214086e-25 4.7901487988e-24 3.9593348507e-23 
3.1841432641e-22 2.4868195569e-21 1.8855074769e-20 1.387674706e-19 9.9149983444e-19 6.8816993276e-18 4.645115117e-17 3.0549365561e-16 1.9627163698e-15 
1.2359405864e-14 7.6555068166e-14 4.6788761017e-13 2.8267733206e-12 1.6882656731e-11 9.9555211297e-11 5.7932941777e-10 3.3375626707e-09 1.9224254189e-08 
1.1244248554e-07 6.7620072741e-07 4.163021913e-06 2.5563751478e-05 0.00015089234512 0.0008294985164 0.0041891857982 0.019634347409 0.086672022939 
0.34123569727 0.96334153414 1.1495240927 0.57490587234 0.26473170519 0.14138405025 0.085144296288 0.057818170637 0.046161275357 
0.042587324977 0.042568184435 0.043735239655 0.04508529976 0.046433452517 0.048934888095 0.053311023861 0.059536572546 0.066698811948 
0.072925239801 0.075674362481 0.073678433895 0.069886617362 0.066611737013 0.063315570354 0.059024587274 0.055340096354 0.053576551378 
0.053381331265 0.05410233885 0.057149596512 0.068202838302 0.098206542432 0.1605027616 0.25605282187 0.32694920897 0.22238400578 
0.10981889814 0.044528394938 0.015631737188 0.0048827915452 0.0013808205258 0.00035838939948 8.6517757154e-05 1.9717284886e-05 4.3162417569e-06 
9.2516171435e-07 1.9775868054e-07 4.2704755288e-08 9.3524397116e-09 2.0666857115e-09 4.5609710453e-10 9.9418862032e-11 2.1209988627e-11 4.4001738017e-12 
8.8406072827e-13 1.7161585467e-13 3.215019261e-14 5.8099836384e-15 1.0128641048e-15 1.7039638715e-16 2.7677650239e-17 4.3434219989e-18 6.5897767429e-19 
9.6729912758e-20 1.3747480056e-20 1.8931189522e-21 2.5277877669e-22 3.2751343306e-23 4.1270619042e-24 5.6348186549e-25 1.0211046126e-24 7.7872080826e-24 
6.4127203494e-23 5.1357914545e-22 3.991951018e-21 3.0096953663e-20 2.1999320755e-19 1.5584519078e-18 1.0698275932e-17 7.1177806449e-17 4.5925141724e-16 
2.8770488375e-15 1.7532912852e-14 1.0420921667e-13 6.060179485e-13 3.4596657136e-12 1.9442943783e-11 1.0773799214e-10 5.8885246679e-10 3.1748217388e-09 
1.6920170154e-08 8.9718049878e-08 4.7853637852e-07 2.592741339e-06 1.4242656107e-05 7.7820273873e-05 0.00041089835577 0.0020479063969 0.0095486287028 
0.041338220239 0.15682417154 0.43368437886 0.57259476185 0.37077286839 0.2267729789 0.13890230656 0.084376692772 0.057137992233 
0.047789108008 0.046808678657 0.048211999238 0.04927783832 0.049363061786 0.048919446766 0.048862490803 0.049749575555 0.051460295916 
0.053271505982 0.054170817137 0.053325798362 0.050786722451 0.047948110849 0.046169057488 0.045907270163 0.047166641802 0.050141580403 
0.054544147104 0.05956254527 0.065340958536 0.075879730284 0.10309203714 0.17154082656 0.32166400552 0.5906265974 0.85715782642 
0.52984249592 0.2346984297 0.086963415146 0.028488051146 0.0084484899417 0.0022985481191 0.00057957746321 0.00013685696467 3.0643386708e-05 
6.6071684159e-06 1.3964383925e-06 2.9439758009e-07 6.2698099157e-08 1.35440823e-08 2.9536133539e-09 6.4370131447e-10 1.3865750215e-10 2.9249817846e-11 
6.0030691355e-12 1.1936604049e-12 2.2940370849e-13 4.2560302071e-14 7.619020703e-15 1.3161281579e-15 2.1945533108e-16 3.5340004578e-17 5.4996070827e-18 
8.2763794003e-19 1.2053302362e-19 1.6999939684e-20 2.3237100818e-21 3.0805167286e-22 3.9635805001e-23 4.9608638207e-24 6.7248612303e-25 1.5643840461e-24 
1.1878305424e-23 9.7401747751e-23 7.7653680267e-22 6.0062682877e-21 4.5038798513e-20 3.2720313032e-19 2.3015740129e-18 1.5666529487e-17 1.0315290316e-16 
6.568403281e-16 4.0452527497e-15 2.4107665598e-14 1.3916645614e-13 7.7947235255e-13 4.2456381293e-12 2.2550551704e-11 1.1713685577e-10 5.9656635187e-10 
2.9847555538e-09 1.4697418393e-08 7.1452518569e-08 3.4510986779e-07 1.6716071514e-06 8.1817233877e-06 4.0332553908e-05 0.00019642291591 0.00091772619635 
0.0039979121648 0.015808019787 0.053983852267 0.14008374512 0.21014595032 0.18605427444 0.1477855742 0.10366394371 0.069282017648 
0.052884668112 0.049644388258 0.051883075386 0.054485391825 0.055240657181 0.053920831531 0.051348187029 0.0486038737 0.046387147158 
0.044750884175 0.043252352625 0.041360940784 0.038870189339 0.036158550531 0.034158408642 0.033846121281 0.035849932581 0.04039907828 
0.047313347459 0.055813264102 0.064962111413 0.075550749898 0.094009146094 0.13904829323 0.25332355499 0.52620261908 1.1021153927 
1.8567355871 1.0089588165 0.39668539166 0.13369785249 0.040796969086 0.011491867714 0.0030166108627 0.00074330694042 0.00017333462893 
3.8670463255e-05 8.3712002379e-06 1.7872839635e-06 3.8211817355e-07 8.2596280038e-08 1.8068371688e-08 3.9735414958e-09 8.6932605559e-10 1.8724435891e-10 
3.9379575989e-11 8.0409966879e-12 1.5885815883e-12 3.0306323857e-13 5.5782049308e-14 9.9035947696e-15 1.6963167787e-15 2.8043026834e-16 4.4771464983e-17 
6.9076450883e-18 1.0306858616e-18 1.4883849795e-19 2.0817289353e-20 2.8221348685e-21 3.7110329291e-22 4.7369043165e-23 5.8823144947e-24 7.907011205e-25 
2.2612835899e-24 1.7083811577e-23 1.3941505961e-22 1.1059263426e-21 8.5088999998e-21 6.3448281425e-20 4.5818469877e-19 3.2019485292e-18 2.1638622962e-17 
1.4131749461e-16 8.9136739287e-16 5.4276355071e-15 3.1896062397e-14 1.8089620513e-13 9.9045175273e-13 5.239411769e-12 2.6811681347e-11 1.3295728407e-10 
6.4026745017e-10 3.0010220975e-09 1.3723754577e-08 6.1399539675e-08 2.6981464885e-07 1.1718634596e-06 5.0709045354e-06 2.1980411475e-05 9.4946764875e-05 
0.00040030188393 0.0015936947893 0.0057612648234 0.017990406603 0.044545091689 0.075637355447 0.088160261512 0.086469106376 0.069312505424 
0.053902596235 0.048827506602 0.051435306668 0.056371528655 0.059823241085 0.060161035508 0.057484384626 0.052894581109 0.047722216696 
0.042912263423 0.038769047707 0.035109821707 0.031660292298 0.028412176296 0.025764629245 0.024435868487 0.025217488408 0.02875120379 
0.035350948572 0.044785108417 0.056140065193 0.068382978439 0.082429997623 0.10545178503 0.15831588209 0.28970712423 0.61110973358 
1.3782651424 3.142575264 1.26301682 0.45206475258 0.14509478211 0.042687583715 0.011694058776 0.0030164094642 0.00073907605838 
0.00017354164447 3.948018275e-05 8.8190327006e-06 1.9611720745e-06 4.3866211286e-07 9.9007941401e-08 2.2451850157e-08 5.0688564457e-09 1.1278047385e-09 
2.4517918251e-10 5.1757115954e-11 1.0567677809e-11 2.0822692529e-12 3.9552307826e-13 7.2400283468e-14 1.2773282256e-14 2.1729232657e-15 3.5663837847e-16 
5.651448161e-17 8.6530693863e-18 1.2811550137e-18 1.8356899429e-19 2.5474519766e-20 3.4265589329e-21 4.4707844882e-22 5.6625136285e-23 6.9774605072e-24 
9.3006197827e-25 3.1164360268e-24 2.3416655973e-23 1.9010329815e-22 1.499872321e-21 1.1474691463e-20 8.5056869201e-20 6.1041457261e-19 4.2379233836e-18 
2.8442291034e-17 1.8439099933e-16 1.1539247366e-15 6.966352171e-15 4.0550164138e-14 2.2749277505e-13 1.2298129095e-12 6.4064855851e-12 3.2170120734e-11 
1.5582309054e-10 7.288127879e-10 3.2963003438e-09 1.4442345098e-08 6.142913378e-08 2.543101516e-07 1.0280967899e-06 4.0749323489e-06 1.5891864678e-05 
6.0973608925e-05 0.00022817941499 0.00081618438708 0.0027056061663 0.0079923747107 0.02003570646 0.040269549936 0.063104085624 0.07985983789 
0.068405039608 0.053736098111 0.049940928817 0.053788170218 0.059492822737 0.06309466809 0.062903687358 0.059066921473 0.052841927856 
0.045776184648 0.03905139491 0.033202271909 0.028241256252 0.024017162621 0.0205431059 0.018130561337 0.017343053594 0.018864234909 
0.023341825232 0.031166220084 0.042157847434 0.055379882455 0.069655172527 0.08549554646 0.10887591541 0.15704141557 0.26865726709 
0.52864253521 1.0956591368 1.8933087587 0.97745347023 0.36338815093 0.11605608463 0.033781796694 0.0092050135136 0.0023872803431 
0.00059646752197 0.00014509291213 3.4731911001e-05 8.2671976998e-06 1.9715187136e-06 4.7191574026e-07 1.128972329e-07 2.6770884176e-08 6.2348153307e-09 
1.4150138838e-09 3.1117242116e-10 6.6063376991e-11 1.3512805458e-11 2.6603621649e-12 5.0401853914e-13 9.1909681634e-14 1.6140073897e-14 2.7313225364e-15 
4.4575860591e-16 7.0217357114e-17 1.0685017882e-17 1.5720327659e-18 2.2380467487e-19 3.085714234e-20 4.1235304926e-21 5.34498424e-22 6.7254431138e-23 
8.2328119421e-24 1.0895360281e-24 4.1429006534e-24 3.0965750336e-23 2.501158852e-22 1.9628953527e-21 1.4933322627e-20 1.1004604074e-19 7.8490082651e-19 
5.4143326198e-18 3.6094449545e-17 2.3237605107e-16 1.4438071515e-15 8.6523992046e-15 4.9987059847e-14 2.7829897675e-13 1.4928261535e-12 7.7152719977e-12 
3.8428364657e-11 1.84572857e-10 8.5572010589e-10 3.8352299114e-09 1.6651158674e-08 7.0218376891e-08 2.8852142009e-07 1.1588307416e-06 4.5605956984e-06 
1.7591542928e-05 6.6286891524e-05 0.00024209816183 0.00084682635497 0.0027966452762 0.0085948593915 0.024135839194 0.058194734156 0.09279063344 
0.13921886683 0.13428425789 0.083409145474 0.060696810484 0.057778339833 0.061343804002 0.064107067883 0.063182428479 0.058378878981 
0.050963554531 0.042624372989 0.034714587033 0.027926165611 0.022383661941 0.017972055823 0.01465226803 0.01261867024 0.012308662757 
0.014336288907 0.019365279004 0.027862891555 0.039736855775 0.054116353393 0.069849617779 0.087275959551 0.11110452563 0.15286430717 
0.23114708066 0.37223103642 0.60669881105 0.84366780519 0.48375126719 0.19713571668 0.067236721516 0.020572440699 0.0058744987473 
0.0016065048985 0.0004279948771 0.00011235832062 2.9286196877e-05 7.6067349255e-06 1.9670842448e-06 5.0391457762e-07 1.2694336249e-07 3.1211214946e-08 
7.4427379815e-09 1.7136363439e-09 3.798671655e-10 8.0946950531e-11 1.6571206213e-11 3.2590364869e-12 6.1599016903e-13 1.1196499592e-13 1.9586310452e-14 
3.3003414827e-15 5.3615809133e-16 8.4052945476e-17 1.2727286282e-17 1.8630816411e-18 2.6388948546e-19 3.6197239428e-20 4.8122520566e-21 6.2056029623e-22 
7.768192906e-23 9.46032842e-24 1.244972885e-24 5.3472865463e-24 3.9801898087e-23 3.201887712e-22 2.5020917021e-21 1.8949030854e-20 1.3896536063e-19 
9.8610258434e-19 6.7655358727e-18 4.4846576291e-17 2.8701724653e-16 1.7724541351e-15 1.0556272619e-14 6.0611204369e-14 3.35439982e-13 1.7893854801e-12 
9.2033681023e-12 4.5668906157e-11 2.1887379409e-10 1.0148019092e-09 4.5625747624e-09 1.9956216235e-08 8.5261966376e-08 3.5745867422e-07 1.4766258118e-06 
6.0225529523e-06 2.4212620701e-05 9.5375879027e-05 0.00036469852785 0.0013404898345 0.0047034034505 0.015720926225 0.049393575639 0.12220449746 
0.0021721799858 0.0044875163585 0.30335983634 0.16376629472 0.086878806353 0.065267197788 0.063019648194 0.063787937164 0.061816994101 
0.056123074144 0.047842115164 0.03872506693 0.030220128596 0.023092776537 0.017499864101 0.013303047977 0.010383465327 0.008825394325 
0.008971019648 0.011393052526 0.016777213663 0.02565673925 0.038033675402 0.053206294775 0.070428960025 0.090896695852 0.12028243393 
0.16825655103 0.2395273596 0.31959486008 0.37799930573 0.37771365047 0.22257658839 0.097332105041 0.035687055439 0.011762296781 
0.0036425541621 0.0010890124831 0.00031893985579 9.2081238108e-05 2.6237119528e-05 7.361171356e-06 2.0243505787e-06 5.4264461369e-07 1.4102438683e-07 
3.5375084195e-08 8.5377616088e-09 1.9786594585e-09 4.3988190868e-10 9.3779456423e-11 1.9176533625e-11 3.7631482132e-12 7.0920304135e-13 1.2847038158e-13 
2.2390043717e-14 3.7579209628e-15 6.0800422001e-16 9.4919239988e-17 1.4312142002e-17 2.0862237443e-18 2.9424773773e-19 4.0191768923e-20 5.3210121581e-21 
6.8333075364e-22 8.5189701311e-23 1.0332536424e-23 1.3538010787e-24 6.6792568855e-24 4.9610657691e-23 3.9826224664e-22 3.1052174403e-21 2.3459682277e-20 
1.7159272441e-19 1.2141546249e-18 8.3044036591e-18 5.4863035369e-17 3.4985787973e-16 2.1522128867e-15 1.2765968126e-14 7.2989560901e-14 4.0221732195e-13 
2.1366174888e-12 1.0946682796e-11 5.4143467487e-11 2.5893295841e-10 1.2000580529e-09 5.4075246503e-09 2.3793582216e-08 1.0277953066e-07 4.3834828034e-07 
1.8544460545e-06 7.7940449046e-06 3.2440013456e-05 0.00013266013411 0.00052750844043 0.0020215392578 0.0074612661265 0.02715455927 0.10216365755 
0.33238521218 0.0034209841397 0.018894717097 0.69045567513 0.2963540256 0.12520231307 0.075824797153 0.065458893776 0.063531771302 
0.060276839882 0.05367968604 0.044683936983 0.035056259483 0.026282584295 0.019140066579 0.013763606548 0.0099588464946 0.0075237415731 
0.0064548021182 0.00703272596 0.0098144840449 0.015510292724 0.024696141481 0.037436496466 0.053214568645 0.071905478835 0.096315838397 
0.1349785924 0.19937682152 0.28645041585 0.35415688157 0.34294301271 0.25850859284 0.13949598372 0.0607326217 0.023024104536 
0.0080326292664 0.0026728422381 0.00086384784663 0.00027288531419 8.4271232481e-05 2.5380304578e-05 7.4292688623e-06 2.1057164759e-06 5.7585469904e-07 
1.5149232979e-07 3.8254004409e-08 9.2589633738e-09 2.146560929e-09 4.7660492219e-10 1.0137440887e-10 2.0668073156e-11 4.042098687e-12 7.5899258666e-13 
1.3696594585e-13 2.3777685279e-14 3.9751285861e-15 6.4061647078e-16 9.9619200819e-17 1.4962633527e-17 2.1727079589e-18 3.0529302875e-19 4.1546374112e-20 
5.4804071964e-21 7.0129981861e-22 8.7125660636e-23 1.0531209465e-23 1.3747944423e-24 7.9707839038e-24 5.922267223e-23 4.7556973183e-22 3.7090705965e-21 
2.8029228314e-20 2.0506016765e-19 1.4511585174e-18 9.9256172755e-18 6.5564439698e-17 4.1795382297e-16 2.5695167971e-15 1.5226462466e-14 8.6935504368e-14 
4.7814432535e-13 2.5334582522e-12 1.293730921e-11 6.3728917976e-11 3.0328686784e-10 1.3977418112e-09 6.2599876394e-09 2.7377561551e-08 1.17643566e-07 
5.0010720543e-07 2.1155849481e-06 8.9278428277e-06 3.7471992982e-05 0.00015507341595 0.00062513491139 0.002426719293 0.0090184388682 0.032139085233 
0.10737127811 0.27049252391 0.019092664123 1.1470658779 0.75258225203 0.3252171278 0.14108073711 0.08259472996 0.068178974092 
0.064365312457 0.059926845133 0.05243325606 0.042767670006 0.032707344741 0.023741938174 0.016631614417 0.011473128572 0.0080143949017 
0.0059844604693 0.0053190272301 0.0062673194334 0.0093907443807 0.015422038734 0.024943968281 0.037994865328 0.054057810456 0.073236726224 
0.099134303629 0.14173418283 0.21311408281 0.30532726645 0.36366841197 0.32967066765 0.28317883611 0.12090955675 0.04797603935 
0.018196376041 0.0065696174279 0.0022866758518 0.00077329098713 0.00025425900822 8.1096659414e-05 2.5017461667e-05 7.4434119597e-06 2.1305988867e-06 
5.8550023141e-07 1.5422811828e-07 3.8900918042e-08 9.3904617415e-09 2.1692372343e-09 4.7966303152e-10 1.0157977237e-10 2.0617554539e-11 4.0142229818e-12 
7.5043427418e-13 1.3483580029e-13 2.3309006702e-14 3.880736505e-15 6.2289977084e-16 9.6486859746e-17 1.4437277885e-17 2.0887040454e-18 2.9243921071e-19 
3.9658715642e-20 5.213718997e-21 6.6498051107e-22 8.2349619036e-23 9.9228770118e-24 1.2910993571e-24 8.9260360844e-24 6.6487853976e-23 5.3523169861e-22 
4.1852713666e-21 3.1714424572e-20 2.3268153776e-19 1.6514496527e-18 1.1329073114e-17 7.5055470342e-17 4.7981584196e-16 2.9575847302e-15 1.756576079e-14 
1.0046283738e-13 5.5303949354e-13 2.9296012231e-12 1.4933804193e-11 7.3285051638e-11 3.4653899195e-10 1.5817124277e-09 6.9882726272e-09 3.0016416019e-08 
1.2611249645e-07 5.2232513781e-07 2.1501105039e-06 8.8494689408e-06 3.6435842048e-05 0.00014902422845 0.00059725844767 0.0023056343198 0.0084299417213 
0.028785515577 0.090143732727 0.24127472937 0.44408389926 0.80511319637 0.54287129641 0.26709070802 0.13179178536 0.084409616888 
0.071611501276 0.067210063338 0.061749093235 0.05333410576 0.042991969734 0.032488297671 0.023267835379 0.016058415174 0.010933429934 
0.0076108206995 0.0057807103731 0.0053454842418 0.0065437774174 0.009950466454 0.016311855987 0.026177760214 0.039449416101 0.055302459747 
0.073234267533 0.095612980425 0.13005119562 0.18546830118 0.2539177537 0.29385754466 0.31820529699 1.0523580313 0.22676068544 
0.048207469285 0.015123431571 0.0055057033896 0.0019934708253 0.00069880834781 0.00023621668515 7.6821444964e-05 2.398950528e-05 7.1821068559e-06 
2.0590628083e-06 5.6483963817e-07 1.4818827765e-07 3.7176249634e-08 8.9193203934e-09 2.047234382e-09 4.4979339697e-10 9.4661826988e-11 1.9098939444e-11 
3.6974997716e-12 6.8752365997e-13 1.2290700142e-13 2.1145147536e-14 3.5044935754e-15 5.6008100167e-16 8.6399299531e-17 1.28770068e-17 1.8559426588e-18 
2.5890773852e-19 3.4988712398e-20 4.5842713055e-21 5.8279327116e-22 7.1944303883e-23 8.6425178973e-24 1.1208707666e-24 9.2144728192e-24 6.8915645987e-23 
5.5698507449e-22 4.3737110265e-21 3.32897125e-20 2.4537901866e-19 1.7500389318e-18 1.2065655116e-17 8.0344251421e-17 5.162602286e-16 3.1982145085e-15 
1.9085290463e-14 1.0962008346e-13 6.0556486041e-13 3.2154023367e-12 1.6402428027e-11 8.0366567567e-11 3.7826120014e-10 1.7114329953e-09 7.455509099e-09 
3.1366059972e-08 1.2809829286e-07 5.118878903e-07 2.0231452709e-06 8.0027275544e-06 3.19535975e-05 0.00012874530512 0.00051714596339 0.0020266957581 
0.0075509115122 0.025990515947 0.078601948917 0.17543879151 0.1396407187 0.60036200285 0.49280485511 0.25662595034 0.13462659717 
0.091937571764 0.079656399786 0.073901079595 0.06671525538 0.05696239695 0.045792073011 0.034792646766 0.025223458186 0.01772897318 
0.012378219515 0.0089052096009 0.0070038917474 0.0065704849549 0.0078422194347 0.011400788091 0.017988951877 0.028099695221 0.041451953351 
0.056782126427 0.072602525353 0.089168578386 0.11029422283 0.14094017446 0.17625939846 0.19163940847 0.17633666098 0.2778827548 
1.026026845 0.10562673211 0.015599611215 0.0046615423635 0.0017168363556 0.00062256102683 0.00021570002718 7.1214562922e-05 2.2401845854e-05 
6.7159721766e-06 1.9197152596e-06 5.2349304269e-07 1.3627268913e-07 3.3887026518e-08 8.0558013593e-09 1.8322153794e-09 3.9902084414e-10 8.3279792784e-11 
1.6672321509e-11 3.2045217174e-12 5.9189897992e-13 1.051625082e-13 1.7989409401e-14 2.9657048115e-15 4.7163159786e-16 7.2417558282e-17 1.0745957932e-17 
1.5423777206e-18 2.1431551738e-19 2.8853239144e-20 3.7667058598e-21 4.7718890354e-22 5.8709767492e-23 7.0296846768e-24 9.0856265898e-25 8.6450146421e-24 
6.4970924942e-23 5.2759663576e-22 4.163708529e-21 3.1859042238e-20 2.3613964386e-19 1.6939298233e-18 1.1749204765e-17 7.872175981e-17 5.090186263e-16 
3.1732079783e-15 1.9052842325e-14 1.1007500792e-13 6.113115656e-13 3.2604138573e-12 1.6685394386e-11 8.1868921364e-11 3.8492015131e-10 1.7337861147e-09 
7.4847923415e-09 3.1018679181e-08 1.2386252024e-07 4.8002539188e-07 1.827797405e-06 6.959188795e-06 2.699599645e-05 0.00010777259013 0.00043907365762 
0.0017780989874 0.0069156144746 0.024873968214 0.077235341072 0.16266277432 0.0042136777192 0.12845666707 0.49874126911 0.28897485137 
0.15894789994 0.11370677501 0.097922869027 0.087556228042 0.076269127429 0.063836619258 0.051293861121 0.039648350328 0.029654692858 
0.021726213396 0.015913845971 0.012013555504 0.0097722187638 0.009105803445 0.010247338563 0.013760731556 0.020356981084 0.030467104167 
0.043670833111 0.058376230299 0.072332456708 0.084172792733 0.094982594252 0.10739079863 0.1201980859 0.12506088614 0.13538785279 
0.291354388 1.0934669971 0.10918602347 0.014336722903 0.0041455137543 0.0015662735095 0.00057997665135 0.00020307114755 6.7208784458e-05 
2.1071979063e-05 6.2716298999e-06 1.7751422092e-06 4.7857906793e-07 1.2307181407e-07 3.0227546688e-08 7.0989112366e-09 1.595841348e-09 3.4374084135e-10 
7.1011446723e-11 1.408250079e-11 2.6833396616e-12 4.917016772e-13 8.6724471192e-14 1.4735959238e-14 2.4143113503e-15 3.817376323e-16 5.8300020445e-17 
8.6074495483e-18 1.2295477323e-18 1.7007350382e-19 2.2797878011e-20 2.9638390258e-21 3.7397499904e-22 4.5833203557e-23 5.4672541462e-24 7.0381031046e-25 
7.3039550475e-24 5.5169479656e-23 4.5020799256e-22 3.5713890493e-21 2.7476199913e-20 2.0482265049e-19 1.4780915181e-18 1.0316030808e-17 6.9563811638e-17 
4.5276335663e-16 2.841319082e-15 1.7173559124e-14 9.9864411987e-14 5.5805869908e-13 2.9934301565e-12 1.5394980429e-11 7.5826692147e-11 3.5731009818e-10 
1.6094586774e-09 6.9269332492e-09 2.849895786e-08 1.1233647257e-07 4.266498479e-07 1.5792743397e-06 5.8085684032e-06 2.1764113626e-05 8.4668303316e-05 
0.0003407948534 0.0013771930244 0.0053500705399 0.01907376945 0.057984422892 0.11788248271 0.00138614967 0.022574104369 0.36069327593 
0.26141431928 0.19889707863 0.16203507781 0.13597519696 0.11330308765 0.092565916479 0.074524089694 0.059374965727 0.046729378402 
0.036250412464 0.02782834135 0.021419491619 0.016907393932 0.014135452919 0.013060280122 0.013898533769 0.017157647759 0.023476120085 
0.033222593367 0.045929383487 0.059918038547 0.072663336992 0.082121096551 0.088315479457 0.093455672264 0.099144503474 0.10406976193 
0.12367483228 0.27925541997 1.0552756786 0.10472281277 0.014688291587 0.004461013712 0.0016830136301 0.00061311718309 0.00021011904755 
6.7935601692e-05 2.0806484827e-05 6.0552169998e-06 1.6784539412e-06 4.4393058829e-07 1.1219221108e-07 2.7124558599e-08 6.279967657e-09 1.3936225507e-09 
2.9668589807e-10 6.0640943655e-11 1.1909593971e-11 2.2492121013e-12 4.0879620652e-13 7.1559742181e-14 1.2074282715e-14 1.9653146433e-15 3.0883745052e-16 
4.6892577758e-17 6.8849662775e-18 9.7828893288e-19 1.3462916354e-19 1.7957696895e-20 2.3234146313e-21 2.9179924494e-22 3.5598967091e-23 4.227421183e-24 
5.4159457454e-25 5.5343637267e-24 4.2005912347e-23 3.4440470578e-22 2.7456394431e-21 2.1233774792e-20 1.5915650334e-19 1.1551304285e-18 8.1100989332e-18 
5.5026416775e-17 3.6042069822e-16 2.2764933723e-15 1.3849911954e-14 8.1065898081e-14 4.5593926854e-13 2.4609487625e-12 1.2730897933e-11 6.3037984555e-11 
2.9837679549e-10 1.3484080519e-09 5.8124252078e-09 2.3890352807e-08 9.3721524763e-08 3.5220571704e-07 1.2789282664e-06 4.5615101953e-06 1.6375473933e-05 
6.0613787355e-05 0.00023265862546 0.00090359244496 0.0033914346714 0.011663022451 0.034024786204 0.066768817604 0.0014036300126 0.0039570177905 
0.24285933375 0.28807160258 0.35311684012 0.28615060449 0.21375854313 0.15834130347 0.11767185479 0.089085705578 0.069375149906 
0.055188480765 0.044204697013 0.03537107259 0.028413198888 0.023292565718 0.019967341796 0.01844217442 0.018906975165 0.021781228483 
0.027589119971 0.036623947322 0.04845148325 0.061564620584 0.073689982295 0.0830161497 0.089986920357 0.098304219544 0.1129475385 
0.13348577917 0.14739395678 0.16859839857 0.75702500343 0.069748006761 0.015757314861 0.0058569279499 0.0021695704199 0.00075195130194 
0.00024475622922 7.5356911111e-05 2.2073045329e-05 6.1767423176e-06 1.6558101379e-06 4.2592066052e-07 1.0521829807e-07 2.4973267898e-08 5.6959210681e-09 
1.2485849021e-09 2.6309862622e-10 5.3307136483e-11 1.0389218132e-11 1.9485780177e-12 3.5191175061e-13 6.1235576072e-14 1.0273640594e-14 1.6630637475e-15 
2.5994551767e-16 3.9262375929e-17 5.7349168059e-18 8.1071739192e-19 1.1100351523e-19 1.473184114e-20 1.8964993663e-21 2.3699446515e-22 2.8769135591e-23 
3.3993684847e-24 4.3315030964e-25 3.7619703719e-24 2.868071375e-23 2.3617079339e-22 1.8913640206e-21 1.4697290194e-20 1.1071754338e-19 8.0780457879e-19 
5.7027212821e-18 3.8913424825e-17 2.5638559701e-16 1.6292173697e-15 9.9734995517e-15 5.8744702896e-14 3.3249794519e-13 1.8060594253e-12 9.4015862803e-12 
4.6836496487e-11 2.2297989843e-10 1.0130941641e-09 4.3874646138e-09 1.8097258803e-08 7.1104672372e-08 2.6664494612e-07 9.5968380265e-07 3.353217835e-06 
1.1591861949e-05 4.055921454e-05 0.00014560362615 0.00053035171004 0.0018886461621 0.006257200148 0.01825129427 0.043122686446 0.071878112853 
0.13195747137 0.26098781824 0.50351023674 0.89644432068 0.58135437965 0.35465794802 0.2259850949 0.15035960078 0.10564380139 
0.079531490803 0.063449554145 0.052136741579 0.043215375394 0.036050409079 0.030631864443 0.02699261345 0.02516547963 0.025339186192 
0.027882773429 0.03320620954 0.041485447437 0.052305351943 0.064500071108 0.076555661857 0.087720356882 0.10016263276 0.12168100476 
0.16577829421 0.2403499037 0.30658939481 0.22409659624 0.38924622536 0.059187367558 0.022788781673 0.0086371675134 0.0030299909413 
0.00099055864848 0.0003044224286 8.8674867584e-05 2.4660197596e-05 6.585578376e-06 1.695774472e-06 4.2200545636e-07 1.0157189934e-07 2.3637062085e-08 
5.3135491562e-09 1.1526217758e-09 2.410431299e-10 4.8564811894e-11 9.4236120643e-12 1.7610011756e-12 3.1698176527e-13 5.4980878113e-14 9.1944350693e-15 
1.4833779897e-15 2.310464211e-16 3.476905805e-17 5.0590494477e-18 7.1230621518e-19 9.7123708891e-20 1.283452146e-20 1.6449723415e-21 2.0463633745e-22 
2.4726968136e-23 2.9080345557e-24 3.6861709955e-25 2.3026695996e-24 1.7625492384e-23 1.4570181402e-22 1.1716272226e-21 9.1437288082e-21 6.9194356174e-20 
5.072535697e-19 3.59882379e-18 2.4684856189e-17 1.6351865168e-16 1.0449143492e-15 6.4336569621e-15 3.8120863481e-14 2.1708787654e-13 1.1865735174e-12 
6.2163937192e-12 3.1171103893e-11 1.4938898729e-10 6.8334660153e-10 2.9797893042e-09 1.237547842e-08 4.8941391384e-08 1.8450660377e-07 6.6543856292e-07 
2.3134055027e-06 7.8544426287e-06 2.6508841984e-05 9.0355468274e-05 0.00031166925328 0.0010661585256 0.0034765498713 0.01028807275 0.0263986215 
0.058958616108 0.13732746243 0.35104086995 0.97243702412 2.7224268913 1.1100115776 0.53549224138 0.29734182358 0.18026588857 
0.11877966672 0.086742475629 0.069392964244 0.058401923627 0.050102949142 0.043508391827 0.038544747978 0.035164117813 0.03335640952 
0.033453948796 0.036022789776 0.041503537446 0.049860842526 0.060405246913 0.072185985744 0.084963217378 0.099821031094 0.12130283564 
0.16379284859 0.26127517223 0.46748656034 0.75871670246 0.67726975679 0.21025526524 0.08582431078 0.033175718039 0.011898498051 
0.0039728847332 0.001241050777 0.00036500164424 0.00010181681864 2.7146123102e-05 6.967473837e-06 1.7315134073e-06 4.1818628915e-07 9.8297547879e-08 
2.2477568251e-08 4.9917976419e-09 1.0742723378e-09 2.2356408391e-10 4.4913670005e-11 8.7003069679e-12 1.6240064848e-12 2.9204432926e-13 5.0603276316e-14 
8.451778604e-15 1.3614576555e-15 2.1166245592e-16 3.1782992287e-17 4.6131933072e-18 6.4776265615e-19 8.8062184387e-20 1.1600322749e-20 1.481828939e-21 
1.8369802527e-22 2.2116534315e-23 2.5912759394e-24 3.2708278403e-25 1.2774813499e-24 9.8132340234e-24 8.1403522376e-23 6.569870908e-22 5.1471794253e-21 
3.9109952392e-20 2.8794250181e-19 2.0521073003e-18 1.4142455825e-17 9.4148486328e-17 6.0475156055e-16 3.7437344315e-15 2.2308216946e-14 1.2779180654e-13 
7.0282587259e-13 3.7060706067e-12 1.8711572222e-11 9.0335086633e-11 4.164912859e-10 1.831844898e-09 7.6804100857e-09 3.0693513509e-08 1.1703490088e-07 
4.2704846237e-07 1.5005642808e-06 5.1371898735e-06 1.7478381778e-05 6.0820664658e-05 0.00022248597816 0.00085256021703 0.0032130237669 0.010610561818 
0.026742564514 0.048747275025 0.12167811394 0.34284842014 0.98177927732 2.7489669323 1.1437723637 0.56291151047 0.312890172 
0.18652525544 0.12058535963 0.087700091302 0.071327589452 0.061957105994 0.05547273159 0.050793167204 0.047618005425 0.045453839004 
0.044035106897 0.044287305325 0.047724992037 0.055317118764 0.066637262702 0.07967863977 0.092652879655 0.10731142759 0.12782204151 
0.15954057872 0.21874733269 0.3656398952 0.78654301167 1.7496013641 0.74722707272 0.28389453888 0.1071100831 0.039039485157 
0.013481421396 0.0043757408857 0.0013338413555 0.00038320760359 0.00010440832557 2.718450196e-05 6.8174972512e-06 1.6583255729e-06 3.9319004941e-07 
9.1080494258e-08 2.0608066365e-08 4.545064769e-09 9.7421848366e-10 2.0234484921e-10 4.0622408215e-11 7.8686415023e-12 1.4690051476e-12 2.6419559357e-13 
4.5771715682e-14 7.6414230304e-15 1.2299630961e-15 1.9100735897e-16 2.864084416e-17 4.1500896239e-18 5.8160961044e-19 7.8899478893e-20 1.036922839e-20 
1.3212971332e-21 1.6337207111e-22 1.9616190767e-23 2.2918775879e-24 2.8838057777e-25 6.4817855752e-25 4.9951201055e-24 4.1565743739e-23 3.3657637832e-22 
2.6461558283e-21 2.01809322e-20 1.4916254596e-19 1.0674575553e-18 7.3887767596e-18 4.941562421e-17 3.1896571464e-16 1.9847699313e-15 1.1891664953e-14 
6.8518162064e-14 3.7918583204e-13 2.0129434144e-12 1.0237688301e-11 4.9825154419e-11 2.3180062036e-10 1.0300211795e-09 4.3698697993e-09 1.7705884758e-08 
6.8628182248e-08 2.5558904326e-07 9.2493746706e-07 3.3460491977e-06 1.2880398572e-05 5.7516583183e-05 0.00030289267306 0.0016779369907 0.0083515215665 
0.032270252705 0.078973017633 0.059190105647 0.089077122509 0.21332676709 0.50222599506 0.93856364489 0.64252465963 0.40571531653 
0.25462576747 0.16110104322 0.10828159004 0.081801921129 0.069412507117 0.063272722065 0.060173980892 0.059391837567 0.060153253376 
0.060880757868 0.059985093772 0.060258924961 0.066234536469 0.080579355359 0.10220713168 0.12488400191 0.142048195 0.15899078548 
0.18835161626 0.23356969655 0.28418138623 0.34849792719 0.51521593332 0.77672308683 0.44440868497 0.20528392494 0.085295185447 
0.032591927797 0.011521385051 0.0037816294935 0.0011577850673 0.00033270494896 9.0433924925e-05 2.3454609618e-05 5.8558084675e-06 1.4183995063e-06 
3.3519759768e-07 7.7492138928e-08 1.752175649e-08 3.8659155877e-09 8.2953632852e-10 1.7252972662e-10 3.4683329125e-11 6.7257107002e-12 1.2565922695e-12 
2.2607764727e-13 3.9166735718e-14 6.5361208436e-15 1.0512774724e-15 1.6308988095e-16 2.4423352964e-17 3.5336849711e-18 4.9439783881e-19 6.6947093858e-20 
8.7814495493e-21 1.1167140218e-21 1.3778724198e-22 1.650861207e-23 1.9245484517e-24 2.4156883209e-25 3.0426616564e-25 2.3517686967e-24 1.9626335518e-23 
1.594088213e-22 1.2573293743e-21 9.6220015687e-21 7.1378352098e-20 5.1278895896e-19 3.5640941984e-18 2.3941262177e-17 1.552614701e-16 9.7098986634e-16 
5.8492906258e-15 3.3901944837e-14 1.8883130465e-13 1.0096188208e-12 5.1761607153e-12 2.5421931921e-11 1.1951672985e-10 5.3762289065e-10 2.3142447958e-09 
9.5450483073e-09 3.7882255555e-08 1.466186319e-07 5.7629733874e-07 2.5395693228e-06 1.4247317267e-05 0.00010039808694 0.00075156096136 0.005148395896 
0.029442967847 0.12951931357 0.37291574478 0.1494153142 0.080755718052 0.11867126822 0.22904343903 0.36141437292 0.32411783934 
0.24860161543 0.17650182545 0.12220083922 0.089046835899 0.072601675987 0.065919280052 0.064097777009 0.065950334072 0.071758501232 
0.080695673823 0.089915521443 0.088541425765 0.085427291691 0.096212491393 0.12668582797 0.17462421954 0.22272850573 0.24783852696 
0.26183983684 0.30865842104 0.40701705217 0.46480199695 0.39520716667 0.35741358995 0.35404098034 0.22939831018 0.11905925721 
0.053546592593 0.02154908888 0.0078837238252 0.0026491973549 0.00082494044909 0.00024018521071 6.6011074523e-05 1.7295047655e-05 4.3610166358e-06 
1.0668486539e-06 2.5458689379e-07 5.9399162922e-08 1.3541161081e-08 3.0082882851e-09 6.490398774e-10 1.3554041223e-10 2.7324961738e-11 5.3083444758e-12 
9.9272489101e-13 1.7865370912e-13 3.0942865728e-14 5.160262781e-15 8.2915843448e-16 1.2847176351e-16 1.9211605562e-17 2.7752420335e-18 3.8762968219e-19 
5.2396793012e-20 6.8603573117e-21 8.7078944924e-22 1.0724088166e-22 1.2824387885e-23 1.4921943e-24 1.869112854e-25 1.3402131715e-25 1.0388786348e-24 
8.693965039e-24 7.0820896534e-23 5.603276233e-22 4.3021328425e-21 3.202590654e-20 2.3093621252e-19 1.6115213344e-18 1.0871755559e-17 7.0833083892e-17 
4.45235616e-16 2.697131628e-15 1.5729659329e-14 8.8227412572e-14 4.7549854679e-13 2.4603871458e-12 1.2215092653e-11 5.8168615757e-11 2.6574151213e-10 
1.1661293042e-09 4.9352721909e-09 2.0404780088e-08 8.5767901226e-08 4.057219769e-07 2.4899788968e-06 1.9899978724e-05 0.00017542188289 0.0014736469602 
0.010952025652 0.069419361651 0.36903265119 1.6848319769 0.3936753273 0.11541732401 0.080405920744 0.11041508615 0.15460652113 
0.16042485833 0.14117333293 0.11245986819 0.08702262491 0.071097366512 0.064344912767 0.063196718693 0.065562032163 0.07338412106 
0.090182363987 0.12189529091 0.17237888277 0.16517361999 0.12935850024 0.1409201175 0.20132753253 0.30314660072 0.40533033013 
0.44137337804 0.43274578452 0.5240598321 0.86732465029 0.98563700914 0.59317326546 0.34521391988 0.21946881711 0.12829220295 
0.066169567406 0.030291110277 0.012454406358 0.0046488437802 0.0015907600755 0.00050379685126 0.00014914221538 4.1698171117e-05 1.1124282537e-05 
2.8585106975e-06 7.1271318802e-07 1.7318558321e-07 4.1064133427e-08 9.4878309653e-09 2.1299353392e-09 4.6304968193e-10 9.7203398108e-11 1.9660117284e-11 
3.8261026292e-12 7.1601546307e-13 1.2884208674e-13 2.230043949e-14 3.7149971447e-15 5.9612479468e-16 9.2222439285e-17 1.3767829862e-17 1.9853571336e-18 
2.7680123199e-19 3.7347110953e-20 4.8808603876e-21 6.1838990638e-22 7.6017893245e-23 9.0742101948e-24 1.0539624442e-24 1.3176862622e-25 5.6305563408e-26 
4.3775010827e-25 3.6737102473e-24 3.0014027519e-23 2.3820176312e-22 1.8348566392e-21 1.3706385981e-20 9.9202051879e-20 6.9501814038e-19 4.7091350914e-18 
3.0827823672e-17 1.9480079603e-16 1.1870957115e-15 6.9703306847e-15 3.9405839567e-14 2.1435763863e-13 1.1215430711e-12 5.6437051213e-12 2.7327126673e-11 
1.2751601164e-10 5.756209398e-10 2.5376118984e-09 1.1183569626e-08 5.1930427958e-08 2.7734813557e-07 1.8201985768e-06 1.4055824977e-05 0.00011354398157 
0.00086590537103 0.0058121164329 0.03241783753 0.13989707828 0.39989566803 0.19577583671 0.11322571337 0.081273965538 0.072361469269 
0.078137822449 0.08201726526 0.078609526157 0.070214025676 0.062384732068 0.058895152062 0.059611029923 0.062093045563 0.066748954356 
0.080643750727 0.11925066262 0.23303370178 0.49731218815 0.47255036235 0.23144173622 0.19761660695 0.29226210713 0.47251644731 
0.65786385536 0.70559871197 0.64129549265 0.85029911995 2.3765771389 2.5698697567 0.91084766388 0.3808234632 0.17682725191 
0.084551528096 0.039167720824 0.017005981877 0.0068289893679 0.0025298164692 0.00086733867647 0.00027699506609 8.3102524513e-05 2.3643910026e-05 
6.4395449044e-06 1.6924816464e-06 4.3169430342e-07 1.0714106935e-07 2.5869569598e-08 6.0640443778e-09 1.3759340334e-09 3.0133065487e-10 6.3548270812e-11 
1.2885972671e-11 2.5104024762e-12 4.6979119813e-13 8.4473464194e-14 1.4603071627e-14 2.4289525266e-15 3.8908077267e-16 6.0079815338e-17 8.9519578657e-18 
1.2883674083e-18 1.7927411745e-19 2.4141427736e-20 3.1489980341e-21 3.9822324536e-22 4.886407342e-23 5.82259023e-24 6.7513373744e-25 8.4255866704e-26 
2.2943372316e-26 1.7894406143e-25 1.5062495333e-24 1.2343899019e-23 9.8278910591e-23 7.5957323874e-22 5.6940956559e-21 4.1367557697e-20 2.9100730937e-19 
1.9805435628e-18 1.3029767207e-17 8.2796875024e-17 5.0781133965e-16 3.0042854682e-15 1.7137561918e-14 9.424589337e-14 4.9980191427e-13 2.5584280788e-12 
1.2670327461e-11 6.1023130993e-11 2.891557549e-10 1.3816554567e-09 6.9602967834e-09 3.9075601421e-08 2.5081385502e-07 1.774780344e-06 1.2901090486e-05 
9.0417219326e-05 0.00058269209694 0.0033137085848 0.01586324349 0.059710741043 0.15600655973 0.20578163862 0.19611135125 0.13799203932 
0.085883066058 0.059009052813 0.049252536148 0.046831775457 0.047379128635 0.050622344017 0.056143134832 0.061405133456 0.063779741526 
0.066531941295 0.084406629205 0.16142897308 0.4885328114 1.4613343477 1.3945552111 0.45541757345 0.24757109582 0.3420253396 
0.57016891241 0.81130206585 0.88237261772 0.69152504206 0.63266581297 0.89311981201 0.96985030174 0.5475872159 0.26973089576 
0.12524488568 0.055799182504 0.023818645626 0.009665472433 0.0037002735771 0.0013307454064 0.00044951529708 0.0001431194687 4.3211046432e-05 
1.2462858649e-05 3.4583495108e-06 9.2848415534e-07 2.4193090553e-07 6.1213100366e-08 1.5016837551e-08 3.5626586126e-09 8.151557207e-10 1.7946344411e-10 
3.7956200682e-11 7.7051021813e-12 1.5008981471e-12 2.8060656554e-13 5.0380557473e-14 8.6934023755e-15 1.4430492688e-15 2.3066057112e-16 3.5539874575e-17 
5.2839619242e-18 7.5883724428e-19 1.0536941359e-19 1.4160357888e-20 1.8434360127e-21 2.3268024166e-22 2.8499338851e-23 3.3900820141e-24 3.9243576851e-25 
4.889292406e-26 9.1926184693e-27 7.1948668995e-26 6.0759126952e-25 4.995675858e-24 3.9908520527e-23 3.0952102411e-22 2.3287981716e-21 1.6984417123e-20 
1.1997985951e-19 8.2030803413e-19 5.4243836914e-18 3.4670517678e-17 2.1409080673e-16 1.2768621457e-15 7.3554511548e-15 4.0945267738e-14 2.2052905292e-13 
1.152278468e-12 5.8744107669e-12 2.9584674988e-11 1.5100667938e-10 8.1701434507e-10 4.9400079583e-09 3.4037320518e-08 2.5649629265e-07 1.9707749743e-06 
1.4553412257e-05 9.9331409729e-05 0.00061043468304 0.003309406573 0.015528167598 0.06162076816 0.19714011252 0.43565309048 0.37440109253 
0.23989525437 0.13327008486 0.071783334017 0.043688375503 0.037173591554 0.044150866568 0.059060901403 0.073865406215 0.080228403211 
0.075502939522 0.067631229758 0.075632251799 0.14269052446 0.49665629864 2.1350328922 0.96775734425 0.32315433025 0.19930414855 
0.2803298533 0.45641544461 0.66227424145 1.2641570568 0.5423297286 0.41129735112 0.4164673388 0.41397601366 0.27991655469 
0.15441641212 0.075008399785 0.03328602761 0.013758150861 0.0053491154686 0.0019652533811 0.00068398274016 0.00022609287407 7.1250207839e-05 
2.1512438252e-05 6.2558942773e-06 1.7600132196e-06 4.8029818345e-07 1.2719254983e-07 3.2639526637e-08 8.0958413307e-09 1.9355912428e-09 4.4499548491e-10 
9.8205409083e-11 2.0783437471e-11 4.2164583457e-12 8.2015194332e-13 1.5303345613e-13 2.7413374305e-14 4.718778621e-15 7.8132897211e-16 1.2457737072e-16 
1.914755035e-17 2.839998695e-18 4.069163546e-19 5.6378097311e-20 7.5605535834e-21 9.8228343976e-22 1.2374991024e-22 1.5130222789e-23 1.7967815813e-24 
2.0767145434e-25 2.5833163945e-26 3.6465164677e-27 2.8649215569e-26 2.427799308e-25 2.0031351695e-24 1.605898502e-23 1.2500182619e-22 9.4403703969e-22 
6.9122903602e-21 4.9035538131e-20 3.3680067432e-19 2.2385225843e-18 1.4390897868e-17 8.9464116197e-17 5.3785586299e-16 3.1285272021e-15 1.7625718864e-14 
9.6389937048e-14 5.1387317795e-13 2.6941912243e-12 1.4144914406e-11 7.6950341932e-11 4.5607584376e-10 3.0667117734e-09 2.3174560937e-08 1.8581766881e-07 
1.4833021851e-06 1.1268542039e-05 7.9342658864e-05 0.00051073211944 0.0029931510799 0.016007307917 0.077518902719 0.31688776612 0.855512321 
0.55710810423 0.3140604198 0.17607863247 0.095696508884 0.054491735995 0.047948822379 0.07041323185 0.11069528013 0.14317959547 
0.14636316895 0.11978060752 0.083981558681 0.067806720734 0.10213447362 0.3608341217 1.7745585442 0.47238180041 0.15917134285 
0.12494394928 0.17775900662 0.27600196004 0.60305351019 0.3991112113 0.29461142421 0.22811046243 0.20292970538 0.18348746002 
0.13116198778 0.07691578567 0.038878582418 0.017534164712 0.0072236522101 0.0027633546852 0.00099307228811 0.00033818653901 0.00010990579904 
3.4296874219e-05 1.0332229067e-05 3.0173484902e-06 8.5609605094e-07 2.360108482e-07 6.311073264e-08 1.6323300045e-08 4.0709875471e-09 9.7631647211e-10 
2.246963865e-10 4.9564533033e-11 1.0473157931e-11 2.1199461457e-12 4.1124804842e-13 7.6512411587e-14 1.3664927581e-14 2.3451852033e-15 3.871794484e-16 
6.1559072354e-17 9.4361124685e-18 1.3959917744e-18 1.9953301142e-19 2.7582033795e-20 3.6909441128e-21 4.7857578412e-22 6.0179806633e-23 7.3452353498e-24 
8.7090993354e-25 1.0051579373e-25 1.2486358497e-26 1.4299828577e-27 1.1279655535e-26 9.5933947841e-26 7.944028503e-25 6.3919143008e-24 4.9938609258e-23 
3.7858050784e-22 2.7829409266e-21 1.982430588e-20 1.3677108311e-19 9.1347157707e-19 5.9043945329e-18 3.6933022089e-17 2.2363578279e-16 1.3118701233e-15 
7.4663743544e-15 4.1339002534e-14 2.2376187275e-13 1.195539002e-12 6.4256759635e-12 3.5943793081e-11 2.1926455096e-10 1.50857693e-09 1.1548730861e-08 
9.3120696931e-08 7.456517892e-07 5.6851204135e-06 4.0220293158e-05 0.00025993271265 0.0015191062121 0.0079549103975 0.036590129137 0.13855206966 
0.3540237546 0.3046810329 0.22005604208 0.15704712272 0.10157576203 0.069261431694 0.082570590079 0.15141101182 0.25490856171 
0.32802295685 0.32324907184 0.24536399543 0.14222067595 0.077082060277 0.065547689795 0.16941846907 0.66470354795 0.18625484407 
0.073072694242 0.06881479919 0.095319069922 0.1375118345 0.17585833371 0.17425845563 0.14149312675 0.11083512753 0.093155071139 
0.078659050167 0.056661188602 0.0342486687 0.017817599699 0.0081964330748 0.0034090476111 0.0013050340349 0.00046655663755 0.00015766796423 
5.0882896176e-05 1.5813282516e-05 4.7619960242e-06 1.3945827959e-06 3.9753098235e-07 1.1013699464e-07 2.9569475757e-08 7.6663146942e-09 1.913190717e-09 
4.5841597185e-10 1.0528343475e-10 2.315654786e-11 4.8764182796e-12 9.8345940766e-13 1.9006722736e-13 3.5230732855e-14 6.2694706367e-15 1.0722619725e-15 
1.7644669056e-16 2.7967456275e-17 4.2746241466e-18 6.3068887282e-19 8.9920167752e-20 1.240108205e-20 1.655927032e-21 2.142906444e-22 2.6898601234e-23 
3.2778440678e-24 3.880941246e-25 4.4735901342e-26 5.5508632856e-27 5.5006624772e-28 4.3564724083e-27 3.7188656439e-26 3.0907962232e-25 2.4960805441e-24 
1.9573961465e-23 1.4895110054e-22 1.0991991387e-21 7.8617555707e-21 5.4469145403e-20 3.6542774096e-19 2.3734729654e-18 1.492535746e-17 9.090857207e-17 
5.3680935378e-16 3.0779891931e-15 1.7183535478e-14 9.3835671926e-14 5.0551029291e-13 2.7303344047e-12 1.5216878105e-11 9.1175698935e-11 6.079547421e-10 
4.496708339e-09 3.5271895626e-08 2.7726537155e-07 2.0890070118e-06 1.4646649106e-05 9.3675364042e-05 0.00053778139409 0.0027226912789 0.01182103157 
0.041476882994 0.10157266259 0.11879511923 0.11179215461 0.10061345249 0.079268656671 0.079702667892 0.15079405904 0.33940196037 
0.57218837738 0.72297775745 0.71041744947 0.53717947006 0.2784126997 0.11772760004 0.053504012525 0.050607293844 0.11974816769 
0.047693181783 0.031469546258 0.034024238586 0.045364797115 0.061731148511 0.074441112578 0.073655471206 0.061360772699 0.048466287553 
0.039345286787 0.03162496537 0.022571602836 0.013831076212 0.0073414547369 0.0034412641544 0.0014523735736 0.00056156871142 0.00020199865685 
6.8515575549e-05 2.2171645469e-05 6.9097782216e-06 2.0875313567e-06 6.1338658952e-07 1.7532960328e-07 4.8649990703e-08 1.3061198345e-08 3.380982605e-09 
8.4132800726e-10 2.0081845908e-10 4.591755795e-11 1.0051565483e-11 2.1065172176e-12 4.2281935874e-13 8.1341766547e-14 1.5011880221e-14 2.6605038058e-15 
4.5328491716e-16 7.432577131e-17 1.174221757e-17 1.7892801733e-18 2.6326111254e-19 3.7438940925e-20 5.1513524869e-21 6.8642869245e-22 8.8663592302e-23 
1.1111006454e-23 1.3520306776e-24 1.598831112e-25 1.8411161496e-26 2.2825295477e-27 2.0545892869e-28 1.6337569348e-27 1.3997683488e-26 1.1676288943e-25 
9.4643044762e-25 7.4493358014e-24 5.6899842896e-23 4.2150163452e-22 3.0264494896e-21 2.1052300736e-20 1.4182045206e-19 9.2506565072e-19 5.8429842306e-18 
3.5752916596e-17 2.1212453886e-16 1.2221644637e-15 6.8543943206e-15 3.7564955758e-14 2.0250702428e-13 1.0868329891e-12 5.9336355274e-12 3.407353219e-11 
2.1331034161e-10 1.4743166687e-09 1.0943819184e-08 8.2866293383e-08 6.0960843484e-07 4.2045094233e-06 2.6510058888e-05 0.00014966164599 0.00073982262984 
0.0031039447058 0.010480036959 0.025704244152 0.038362257183 0.045326583087 0.049725681543 0.052461076528 0.0944615677 0.28011077642 
0.80007243156 1.2334666252 1.491245389 1.4913036823 1.1769288778 0.52406471968 0.18778800964 0.061927437782 0.025963669643 
0.023222485557 0.01523416955 0.013637276366 0.015254413709 0.019623236731 0.025491777807 0.029677851126 0.029096662998 0.024556893855 
0.019416077062 0.015317328274 0.011840002611 0.0083224130794 0.005123752635 0.0027583732735 0.0013150650775 0.00056429143297 0.00022147425625 
8.0715442891e-05 2.7691850846e-05 9.050348126e-06 2.8443039355e-06 8.6498653218e-07 2.5528848369e-07 7.3117647048e-08 2.0280747748e-08 5.4314712727e-09 
1.4002888848e-09 3.4666575166e-10 8.2271738033e-11 1.8698880985e-11 4.0687631216e-12 8.4773973865e-13 1.692170167e-13 3.238486817e-14 5.9478729789e-15 
1.0494186586e-15 1.780621015e-16 2.9087475368e-17 4.5795961259e-18 6.9566876963e-19 1.0206762524e-19 1.4478583317e-20 1.9876691697e-21 2.6433454135e-22 
3.4084079629e-23 4.2649863448e-24 5.183433924e-25 6.1236276866e-26 7.0464476506e-27 8.7314788109e-28 7.383432813e-29 5.8943548171e-28 5.0685253014e-27 
4.2433453634e-26 3.4520782475e-25 2.7271637385e-24 2.0908461681e-23 1.5546927518e-22 1.1205448818e-21 7.8245421366e-21 5.2913587025e-20 3.4646723621e-19 
2.1966256795e-18 1.3489660602e-17 8.0302846068e-17 4.6399236653e-16 2.6074041574e-15 1.4293338784e-14 7.6799914898e-14 4.0779136795e-13 2.1711298124e-12 
1.1875471093e-11 6.8923880492e-11 4.3528361471e-10 2.9773035148e-09 2.1238447445e-08 1.5035830359e-07 1.0123095535e-06 6.2780386543e-06 3.4961769416e-05 
0.0001705045288 0.00070588168455 0.0023707137443 0.0060263648629 0.010723712854 0.015261517838 0.020332951099 0.032876968384 0.10857331008 
0.49732849002 2.2657732964 2.919396162 3.2459304333 3.2835934162 2.7898290157 0.83148896694 0.2421939224 0.066716082394 
0.019438043237 0.0086681805551 0.005986248143 0.0055834921077 0.0062312134542 0.0078071509488 0.0097971977666 0.01110373158 0.010797073133 
0.0091539649293 0.0071989316493 0.0055331951007 0.0041379407048 0.0028589037247 0.0017598521663 0.00095723097911 0.00046342483256 0.00020232704992 
8.0826350313e-05 2.9968032322e-05 1.0448402463e-05 3.4641791444e-06 1.1017148154e-06 3.3797871879e-07 1.0026721498e-07 2.8765752447e-08 7.9676834019e-09 
2.1258104166e-09 5.4509002867e-10 1.3408413269e-10 3.1603310247e-11 7.1330719109e-12 1.5416112397e-12 3.1912859399e-13 6.331605162e-14 1.2049559518e-14 
2.2016406473e-15 3.8661858024e-16 6.5319150868e-17 1.0628863071e-17 1.6675808121e-18 2.5252195589e-19 3.6946358102e-20 5.2280496588e-21 7.1618462677e-22 
9.5068025825e-23 1.2239412814e-23 1.5296117476e-24 1.8572058614e-25 2.192566317e-26 2.521959425e-27 3.12468989e-28 2.535535221e-29 2.0320595177e-28 
1.7536479997e-27 1.4734567396e-26 1.2030759893e-25 9.5394464357e-25 7.3408934594e-24 5.478967784e-23 3.963847072e-22 2.7782720817e-21 1.8857656477e-20 
1.2391833783e-19 7.8829619613e-19 4.8556023081e-18 2.8976659636e-17 1.6770785164e-16 9.4285831397e-16 5.1608933971e-15 2.7596292764e-14 1.4491841971e-13 
7.5416729068e-13 3.9507633276e-12 2.1345701248e-11 1.2233379587e-10 7.5501099817e-10 4.9444683903e-09 3.2994471155e-08 2.1413850959e-07 1.2993745031e-06 
7.1435947575e-06 3.4600234358e-05 0.00014323620417 0.00048790944857 0.0013040599879 0.0026373579167 0.0043468913063 0.0067901387811 0.013670365326 
0.047133132815 0.18593612313 0.59973812103 0.88554984331 1.0750428438 1.1318025589 0.94714158773 0.40940347314 0.13928835094 
0.040535245091 0.011173309758 0.0038915600162 0.0023270847742 0.0021031547803 0.0023365535308 0.0028781082947 0.0035208666231 0.0039077508263 
0.0037680193782 0.0031909907702 0.0024876941461 0.0018680179492 0.0013579288498 0.00092225207482 0.0005662428448 0.00031046039658 0.00015245629766 
6.7740627856e-05 2.7583286283e-05 1.0427050256e-05 3.7032207274e-06 1.2481634712e-06 4.0228073317e-07 1.2457954313e-07 3.715328134e-08 1.0672943418e-08 
2.9503974819e-09 7.8368872503e-10 1.9973192544e-10 4.8787893864e-11 1.1414367715e-11 2.557254972e-12 5.4872051998e-13 1.1282009262e-13 2.2242275431e-14 
4.20820156e-15 7.6480378283e-16 1.3365283906e-16 2.2481915399e-17 3.6439514555e-18 5.6970668822e-19 8.6003919916e-20 1.2549100527e-20 1.7715870159e-21 
2.4220496085e-22 3.2097857243e-23 4.1269550135e-24 5.1525061392e-25 6.2517701288e-26 7.3779702979e-27 8.4858919281e-28 1.0517052036e-28 8.2855778203e-30 
6.6658746491e-29 5.7731324531e-28 4.8682023946e-27 3.9893910083e-26 3.174963984e-25 2.4523614783e-24 1.8372431643e-23 1.3341980509e-22 9.3864532055e-22 
6.3944292525e-21 4.2166274895e-20 2.6909904311e-19 1.6621338277e-18 9.9399308088e-18 5.7595116979e-17 3.237342719e-16 1.7682162175e-15 9.4071487592e-15 
4.891456367e-14 2.4992093356e-13 1.2662318026e-12 6.4603340039e-12 3.3944770605e-11 1.8796038337e-10 1.105465941e-09 6.7723022745e-09 4.1508020132e-08 
2.4350453032e-07 1.3157513195e-06 6.3385859903e-06 2.6397781767e-05 9.1947142209e-05 0.00025871317484 0.00057669659145 0.0010702083819 0.0019131677691 
0.0043701580726 0.014478741214 0.050028435886 0.13961867988 0.22861918807 0.30195364356 0.33433112502 0.28635683656 0.14607232809 
0.055372457951 0.017109727487 0.0047517921776 0.0015230228892 0.00082390080206 0.00072750251275 0.00081058166688 0.00098894559778 0.0011868802831 
0.0012949318625 0.0012377189705 0.0010437610326 0.00080604117829 0.00059340125881 0.00042125055916 0.00028164670221 0.00017233402468 9.5123126812e-05 
4.7344045015e-05 2.1407282475e-05 8.8888327809e-06 3.4280515138e-06 1.2408437442e-06 4.2523845423e-07 1.3886734962e-07 4.3393100668e-08 1.3002111388e-08 
3.7380876172e-09 1.0308840448e-09 2.7253163615e-10 6.9022829119e-11 1.673975368e-11 3.8870759909e-12 8.6433003766e-13 1.8411795255e-13 3.7595841967e-14 
7.3645533709e-15 1.3851589079e-15 2.5038923902e-16 4.3544183726e-17 7.2927080032e-18 1.1774427983e-18 1.8345485629e-19 2.7611925388e-20 4.0185831641e-21 
5.6608103201e-22 7.7254170812e-23 1.0223492181e-23 1.3130874743e-24 1.6382304001e-25 1.9870098111e-26 2.3448686259e-27 2.6977733326e-28 3.3457998282e-29 
2.5708264578e-30 2.0761512763e-29 1.8044852558e-28 1.5271056752e-27 1.2560019925e-26 1.0032975814e-25 7.7786393768e-25 5.8496442148e-24 4.264143447e-23 
3.0112759457e-22 2.0589787624e-21 1.3625197881e-20 8.7234977925e-20 5.4031329045e-19 3.2379267499e-18 1.8782320331e-17 1.0554697561e-16 5.7529058997e-16 
3.0464988374e-15 1.570944404e-14 7.91303126e-14 3.9130642628e-13 1.9159467849e-12 9.4203872134e-12 4.7435080169e-11 2.4915361441e-10 1.3696574985e-09 
7.7160819956e-09 4.2844945369e-08 2.2466730343e-07 1.0705625755e-06 4.4814651119e-06 1.5969048036e-05 4.7090827138e-05 0.00011357382027 0.00023385268287 
0.00047441493371 0.0011912704213 0.0037784441374 0.011728381738 0.029980292544 0.052746225148 0.074561484158 0.086305968463 0.076038353145 
0.04249259457 0.017284182832 0.00559076434 0.0015845261514 0.00049884431064 0.00026163517032 0.00023230878287 0.00026203104062 0.0003183762019 
0.00037648010766 0.0004047776456 0.00038345617941 0.00032160250703 0.00024623188074 0.00017844980175 0.00012431162759 8.2026766904e-05 5.0035851018e-05 
2.7789285014e-05 1.4009686311e-05 6.4431355895e-06 2.7267933547e-06 1.0721452099e-06 3.9515072103e-07 1.375234433e-07 4.5444721763e-08 1.4311327234e-08 
4.3043120179e-09 1.2377152636e-09 3.4041869323e-10 8.9564404504e-11 2.2543364744e-11 5.4291805426e-12 1.2514687637e-12 2.7623950761e-13 5.8426204955e-14 
1.1849959592e-14 2.3066759091e-15 4.3134086107e-16 7.7560887921e-17 1.342422069e-17 2.2387262776e-18 3.6009757004e-19 5.5922262632e-20 8.3931754934e-21 
1.2186184929e-21 1.7132563181e-22 2.3344872786e-23 3.0857818781e-24 3.9602318743e-25 4.9388039048e-26 5.9899040535e-27 7.0706430122e-28 8.1397280484e-29 
1.0105347647e-29 7.5683620732e-31 6.1351912733e-30 5.3512547302e-29 4.5449288904e-28 3.7517369539e-27 3.0080375652e-26 2.3409573087e-25 1.7671566989e-24 
1.2931322714e-23 9.1668780009e-23 6.2914825257e-22 4.1783994667e-21 2.6841665142e-20 1.6673730346e-19 1.0014895913e-18 5.8173490763e-18 3.2694323637e-17 
1.7792378367e-16 9.3865067781e-16 4.8076044251e-15 2.3952126632e-14 1.1639094636e-13 5.5401142658e-13 2.6023137638e-12 1.2210306551e-11 5.8179471657e-11 
2.8562158194e-10 1.4458303443e-09 7.3917005849e-09 3.6776047097e-08 1.7081157466e-07 7.1272432933e-07 2.5844412903e-06 7.9373703556e-06 2.0510065951e-05 
4.6652505262e-05 0.00010708739865 0.00029135963996 0.00089777534595 0.0025802021846 0.0061991736293 0.011318678036 0.01669597812 0.019885448739 
0.017876988277 0.010537365451 0.0044858520851 0.0014996499522 0.0004348308139 0.00013934723393 7.5098432717e-05 6.9031360908e-05 7.9438766988e-05 
9.6470255812e-05 0.00011273041309 0.00011965209706 0.00011236588762 9.3718663265e-05 7.1265880251e-05 5.106174649e-05 3.50808441e-05 2.2919321054e-05 
1.3953829693e-05 7.7972026702e-06 3.9789765651e-06 1.8593738105e-06 8.0093593624e-07 3.2051534049e-07 1.2004053929e-07 4.2338079709e-08 1.4129695636e-08 
4.4773216246e-09 1.3501880725e-09 3.8808328773e-10 1.064290045e-10 2.7869921648e-11 6.9733949518e-12 1.6683082867e-12 3.8189324749e-13 8.3710470467e-14 
1.7585586443e-14 3.5437685874e-15 6.856734355e-16 1.2750848853e-16 2.2812129208e-17 3.9304061696e-18 6.5282102069e-19 1.0463411465e-19 1.6199715143e-20 
2.4250524296e-21 3.5134239034e-22 4.9310742241e-23 6.7104034806e-24 8.8620555206e-25 1.1367612602e-25 1.4174570138e-26 1.7194910544e-27 2.0308389596e-28 
2.3399228799e-29 2.9087148798e-30 2.114464427e-31 1.7205045013e-30 1.5059475172e-29 1.2836095579e-28 1.0634588411e-27 8.5582441087e-27 6.6855333094e-26 
5.0662013049e-25 3.7216063315e-24 2.6484446104e-23 1.8246746537e-22 1.2163420297e-21 7.8410663618e-21 4.8861125806e-20 2.9424207671e-19 1.7122462904e-18 
9.6297744751e-18 5.2364499933e-17 2.7550479822e-16 1.4037946915e-15 6.9354181042e-15 3.327166762e-14 1.5530935912e-13 7.077881033e-13 3.1680090409e-12 
1.4065200393e-11 6.2767617492e-11 2.8473748359e-10 1.3122224418e-09 6.0257265844e-09 2.6632898553e-08 1.089002879e-07 3.9740319835e-07 1.2615562355e-06 
3.4752013107e-06 8.7240669018e-06 2.2479958716e-05 6.5290623752e-05 0.00019800140581 0.00054183637258 0.0012465461623 0.0022962505464 0.0034444138873 
0.0041448189877 0.0037581149954 0.0022834767587 0.0010006903904 0.00034260653774 0.00010181550897 3.4143384255e-05 1.9808339857e-05 1.9259079636e-05 
2.27107721e-05 2.7619542379e-05 3.1959189073e-05 3.3535943658e-05 3.1237981602e-05 2.5925599402e-05 1.9621946194e-05 1.3957757801e-05 9.5039904409e-06 
6.1701039158e-06 3.7554757455e-06 2.1116147764e-06 1.0898178289e-06 5.1665546152e-07 2.2605053118e-07 9.1842501604e-08 3.4862978282e-08 1.2430101393e-08 
4.1806180739e-09 1.3307827063e-09 4.0195272111e-10 1.1542233141e-10 3.1559137248e-11 8.2270830773e-12 2.0471734117e-12 4.8676628049e-13 1.1071272208e-13 
2.4112066781e-14 5.0336093326e-15 1.0082817624e-15 1.939958368e-16 3.5889030821e-17 6.3905633205e-18 1.0964060851e-18 1.8142645433e-19 2.8984269723e-20 
4.4749182708e-21 6.6832578618e-22 9.6645444713e-23 1.3544512973e-23 1.8412863525e-24 2.4301321176e-25 3.1163826801e-26 3.8862623902e-27 4.7163713222e-28 
5.5744832516e-29 6.4295147462e-30 8.0038357105e-31 5.6105939819e-32 4.5822918599e-31 4.0249009327e-30 3.4428922762e-29 2.862786288e-28 2.3124016841e-27 
1.813243167e-26 1.37933907e-25 1.0172043856e-24 7.2672043845e-24 5.0263534754e-23 3.3634204245e-22 2.1761478056e-21 1.3606392447e-20 8.2178590862e-20 
4.793030334e-19 2.699282865e-18 1.4679564049e-17 7.71148589e-17 3.9151136018e-16 1.9223044279e-15 9.1350521304e-15 4.2054382844e-14 1.8779731459e-13 
8.1536567862e-13 3.4571332342e-12 1.442312849e-11 5.9814125875e-11 2.4867849446e-10 1.0351837165e-09 4.2412078294e-09 1.6586117368e-08 5.9832487409e-08 
1.9414818553e-07 5.6674826965e-07 1.5606967736e-06 4.4340108616e-06 1.3501560716e-05 4.0556675231e-05 0.00010772856331 0.00024067101185 0.00044006705866 
0.00065831892425 0.00078820652561 0.00071306328755 0.00043997308239 0.00019629935559 6.8435758294e-05 2.093493822e-05 7.5547113738e-06 4.8907186283e-06 
5.0855887821e-06 6.1503374127e-06 7.4955109994e-06 8.600784895e-06 8.9342274805e-06 8.2613669292e-06 6.8295557867e-06 5.1561833061e-06 3.6554117742e-06 
2.478113629e-06 1.6044041331e-06 9.7798954357e-07 5.5339813798e-07 2.8853892786e-07 1.3850244329e-07 6.1397393836e-08 2.525638898e-08 9.6902068591e-09 
3.4839024998e-09 1.1784541121e-09 3.7628938854e-10 1.1373442466e-10 3.2615354861e-11 8.8912826754e-12 2.3081441272e-12 5.714581911e-13 1.3512632582e-13 
3.0556266339e-14 6.6161624925e-15 1.3733334809e-15 2.7359712121e-16 5.2372109994e-17 9.643115244e-18 1.7097353836e-18 2.9220685051e-19 4.8188999553e-20 
7.6760454452e-21 1.1821838729e-21 1.7619995917e-22 2.5439195938e-23 3.5609796573e-24 4.8370801062e-25 6.3813201947e-26 8.182823355e-27 1.0207019445e-27 
1.2394257157e-28 1.4661630707e-29 1.6928965589e-30 2.1104602231e-31 1.4155132526e-32 1.1603640928e-31 1.0227630281e-30 8.7796879369e-30 7.3267930189e-29 
5.9400682088e-28 4.6754156516e-27 3.5702729072e-26 2.6431990108e-25 1.8958181376e-24 1.3164147121e-23 8.8432853643e-23 5.7433632885e-22 3.6039362638e-21 
2.1837474467e-20 1.2771461863e-19 7.2068307324e-19 3.9231232579e-18 2.0601268991e-17 1.043735372e-16 5.1031193973e-16 2.4086372884e-15 1.0978394029e-14 
4.8337161639e-14 2.0569754667e-13 8.4709290363e-13 3.3856136211e-12 1.3202988182e-11 5.0614987895e-11 1.9195679768e-10 7.1943334623e-10 2.6296123057e-09 
9.1643945765e-09 2.9858483686e-08 9.1088033116e-08 2.7030588967e-07 8.2426424797e-07 2.5827491754e-06 7.6951273513e-06 2.0050281819e-05 4.3891406676e-05 
7.9136290879e-05 0.0001167249502 0.00013761941227 0.00012319593225 7.6418742537e-05 3.4461616451e-05 1.220300237e-05 3.8765324462e-06 1.553251991e-06 
1.1488870086e-06 1.2790250139e-06 1.5832257532e-06 1.9332335341e-06 2.2021019959e-06 2.267241598e-06 2.0833472263e-06 1.7176249685e-06 1.2963288327e-06 
9.1902205668e-07 6.2276450308e-07 4.0337374685e-07 2.4664043963e-07 1.4044472607e-07 7.3882112872e-08 3.5832162126e-08 1.6051826535e-08 6.6671281829e-09 
2.5787698643e-09 9.3281304903e-10 3.1678321077e-10 1.0134213607e-10 3.0631192027e-11 8.7701399962e-12 2.3840042353e-12 6.1651801286e-13 1.5195506799e-13 
3.5754968322e-14 8.044011861e-15 1.7327694768e-15 3.578645116e-16 7.0950199432e-17 1.3519715383e-17 2.4789072674e-18 4.3783858895e-19 7.4575262994e-20 
1.2261793397e-20 1.9481813929e-21 2.993957104e-22 4.4546536711e-23 6.4229196898e-24 8.9822611593e-25 1.2193939469e-25 1.6082866268e-26 2.0624589256e-27 
2.5735662586e-28 3.1269705522e-29 3.702131625e-30 4.2791158801e-31 5.3416972982e-32 3.400015656e-33 2.7973964934e-32 2.4741765129e-31 2.1313676126e-30 
1.7850504259e-29 1.4525115677e-28 1.1475560166e-27 8.7965571392e-27 6.5377346721e-26 4.7076275386e-25 3.2818424093e-24 2.2133699929e-23 1.44309342e-22 
9.0893457219e-22 5.5268739057e-21 3.2424442805e-20 1.8343606378e-19 1.0003106521e-18 5.2564606504e-18 2.6612340872e-17 1.2979853474e-16 6.0987446875e-16 
2.760387625e-15 1.2033426928e-14 5.0510519432e-14 2.0410554486e-13 7.9420568429e-13 2.9804602796e-12 1.0825391798e-11 3.8263819196e-11 1.3231900298e-10 
4.48173193e-10 1.4789826031e-09 4.7239412382e-09 1.4681732274e-08 4.5555122341e-08 1.445240656e-07 4.5799941972e-07 1.3515096953e-06 3.4707477425e-06 
7.4819304245e-06 1.3281474821e-05 1.9218296075e-05 2.2185262424e-05 1.9543003873e-05 1.2106605936e-05 5.4945130614e-06 1.9778469778e-06 6.6240517071e-07 
3.0478295798e-07 2.5981771046e-07 3.0767171211e-07 3.8842759409e-07 4.7490769362e-07 5.3744486195e-07 5.4909997971e-07 5.0197058954e-07 4.1327510303e-07 
3.1241111742e-07 2.221106854e-07 1.5093098682e-07 9.8055913611e-08 6.0213118047e-08 3.449574848e-08 1.8283946801e-08 8.9407556914e-09 4.0376320065e-09 
1.6891394949e-09 6.5716965203e-10 2.3872606669e-10 8.1279462327e-11 2.6027225514e-11 7.8631892664e-12 2.2475584761e-12 6.0933495662e-13 1.5704195485e-13 
3.8554645994e-14 9.0332582519e-15 2.0232739315e-15 4.3389522127e-16 8.9220104534e-17 1.7614685413e-17 3.3432857785e-18 6.1077496487e-19 1.075217117e-19 
1.8259756759e-20 2.9945735515e-21 4.7474043076e-22 7.2825284809e-23 1.0819839471e-23 1.5583484713e-24 2.1776608827e-25 2.9550116293e-26 3.8968808123e-27 
4.9979697246e-28 6.2388135266e-29 7.5847176195e-30 8.9865583917e-31 1.0396475233e-31 1.2992531879e-32 7.7859557093e-34 6.4292781897e-33 5.7058507544e-32 
4.9323822894e-31 4.1456334184e-30 3.3856039854e-29 2.684731898e-28 2.0657773028e-27 1.5412476247e-26 1.1141601487e-25 7.7979778089e-25 5.2801142514e-24 
3.4561902146e-23 2.18531081e-22 1.3337247343e-21 7.8513859246e-21 4.4551724841e-20 2.435341991e-19 1.2817569944e-18 6.4924794166e-18 3.1638414351e-17 
1.4827715406e-16 6.6808945503e-16 2.8926412318e-15 1.2027451958e-14 4.79852906e-14 1.8353360823e-13 6.7261978322e-13 2.3631999135e-12 7.9790245591e-12 
2.6011515858e-11 8.2409135072e-11 2.5556076699e-10 7.8239392742e-10 2.3978030672e-09 7.4942727579e-09 2.3965409213e-08 7.5586761739e-08 2.2016871526e-07 
5.5801103827e-07 1.1874083157e-06 2.0762317945e-06 2.943953632e-06 3.3201301903e-06 2.8689210012e-06 1.7678426047e-06 8.0614131548e-07 2.9648145983e-07 
1.0713860377e-07 5.8367557898e-08 5.6944521987e-08 7.0973015909e-08 9.1009830783e-08 1.1132414812e-07 1.2525123338e-07 1.2713134367e-07 1.1575952641e-07 
9.5297416181e-08 7.2280016639e-08 5.1650822286e-08 3.5282450739e-08 2.3034674612e-08 1.4216408495e-08 8.190505163e-09 4.3681680495e-09 2.1495532021e-09 
9.7652574915e-10 4.1063261125e-10 1.604042732e-10 5.8431280647e-11 1.9924227199e-11 6.3820840973e-12 1.9266495951e-12 5.4978065286e-13 1.4869243261e-13 
3.8208246788e-14 9.3486873923e-15 2.1824199874e-15 4.8698084072e-16 1.0403915109e-16 2.1313808988e-17 4.1929946551e-18 7.9316710086e-19 1.44452502e-19 
2.5358181337e-20 4.2956644355e-21 7.0295034281e-22 1.1123543347e-22 1.7037604839e-23 2.5282790853e-24 3.638137255e-25 5.0808922369e-26 6.8922299659e-27 
9.0881003698e-28 1.1657306082e-28 1.4555787315e-29 1.7703932339e-30 2.0988160111e-31 2.4297399171e-32 3.038911873e-33 1.7022365837e-34 1.4106860667e-33 
1.2561852789e-32 1.089636361e-31 9.1905151251e-31 7.5325632862e-30 5.9951364441e-29 4.6302750315e-28 3.4677913245e-27 2.5165989457e-26 1.7683059213e-25 
1.2021043099e-24 7.899896074e-24 5.0146931645e-23 3.0722792537e-22 1.8151991847e-21 1.0334706524e-20 5.6657839454e-20 2.988864115e-19 1.5161915605e-18 
7.391623088e-18 3.4610576862e-17 1.555596257e-16 6.7065622956e-16 2.7710178885e-15 1.0960541963e-14 4.1446921307e-14 1.4962373517e-13 5.1509111646e-13 
1.6910167927e-12 5.3058829032e-12 1.6004220518e-11 4.6914187812e-11 1.3599468773e-10 3.9912545491e-10 1.2110111802e-09 3.7861673796e-09 1.1692207202e-08 
3.3429213175e-08 8.3524767547e-08 1.7555387899e-07 3.026418085e-07 4.2086352892e-07 4.6375964757e-07 3.9264992324e-07 2.4027161771e-07 1.1023450242e-07 
4.187097602e-08 1.6848840545e-08 1.1073998607e-08 1.2126588622e-08 1.5723962576e-08 2.0398822187e-08 2.4943677346e-08 2.7918233059e-08 2.8183096745e-08 
2.559085921e-08 2.1092123603e-08 1.6074892528e-08 1.1565717273e-08 7.9555499966e-09 5.2257069783e-09 3.2425531149e-09 1.8776176169e-09 1.0063242462e-09 
4.9753662301e-10 2.2698187774e-10 9.5781695075e-11 3.7513551293e-11 1.3688348198e-11 4.6710287548e-12 1.496018912e-12 4.5121195734e-13 1.2855248279e-13 
3.4694188305e-14 8.8923907436e-15 2.1695700741e-15 5.049379392e-16 1.1231700556e-16 2.3919882867e-17 4.8851611937e-18 9.5818937457e-19 1.8074910973e-19 
3.2833199275e-20 5.750263966e-21 9.7206343749e-22 1.5878209971e-22 2.5087195158e-23 3.8376714365e-24 5.6891691991e-25 8.1804247248e-26 1.141852818e-26 
1.5484401642e-27 2.0415177596e-28 2.6187432186e-29 3.2704122346e-30 3.9788142191e-31 4.7185474655e-32 5.4646851579e-33 6.8378621182e-34 3.5580592529e-35 
2.9591403468e-34 2.6438458541e-33 2.3011068927e-32 1.9475977142e-31 1.6019125438e-30 1.2795728087e-29 9.9191801872e-29 7.4568820033e-28 5.4323049642e-27 
3.8319479302e-26 2.6152713626e-25 1.7255158871e-24 1.0996680787e-23 6.7635526686e-23 4.0113044392e-22 2.2920344766e-21 1.2607020942e-20 6.6695585715e-20 
3.3909470465e-19 1.6555314789e-18 7.7553393665e-18 3.48299981e-17 1.4983185656e-16 6.1673421802e-16 2.4259629238e-15 9.1052916278e-15 3.25502666e-14 
1.1063114265e-13 3.5700744661e-13 1.0939484995e-12 3.1932997913e-12 8.9600098174e-12 2.4604679405e-11 6.7995976905e-11 1.9448387345e-10 5.7770138673e-10 
1.7147537834e-09 4.7692805261e-09 1.1703275682e-08 2.4270821797e-08 4.1274038409e-08 5.6381686875e-08 6.0798527102e-08 5.0471314239e-08 3.0694106812e-08 
1.4243663138e-08 5.6925864023e-09 2.6448088164e-09 2.0947492629e-09 2.509269903e-09 3.3490517026e-09 4.3802783622e-09 5.350783816e-09 5.9612190739e-09 
5.9913456418e-09 5.4314361897e-09 4.4871679705e-09 3.440499885e-09 2.4954491806e-09 1.7303257716e-09 1.1442601311e-09 7.1382599831e-10 4.1517367322e-10 
2.2336930916e-10 1.1080766166e-10 5.0696037646e-11 2.1440998282e-11 8.4108969789e-12 3.0718290325e-12 1.0484720731e-12 3.3566538763e-13 1.0114205616e-13 
2.8774302141e-14 7.7514517632e-15 1.9825020006e-15 4.8254815848e-16 1.120248983e-16 2.4854266087e-17 5.2794769509e-18 1.0754980611e-18 2.104381858e-19 
3.9605255864e-20 7.1790674168e-21 1.254888828e-21 2.1177085859e-22 3.4539974968e-23 5.4502612934e-24 8.3285863613e-25 1.2336172323e-25 1.7726340868e-26 
2.473096849e-27 3.3525885507e-28 4.4192749616e-29 5.6682574576e-30 7.0787047292e-31 8.6124092368e-32 1.0214409672e-32 1.1830633406e-33 1.4804612073e-34 
7.1200971352e-36 5.9423873965e-35 5.3267228042e-34 4.6517169383e-33 3.9505585087e-32 3.2607084817e-31 2.6138713682e-30 2.0336366737e-29 1.5344945536e-28 
1.1221052376e-27 7.945824579e-27 5.4441460437e-26 3.6061410567e-25 2.3072958743e-24 1.4247126138e-23 8.482459124e-23 4.8650523724e-22 2.6854733626e-21 
1.4253291307e-20 7.2671151385e-20 3.5559085742e-19 1.668255688e-18 7.4965997524e-18 3.223217452e-17 1.3243972906e-16 5.1933501114e-16 1.940284608e-15 
6.8935179254e-15 2.3241133952e-14 7.4205581729e-14 2.2409339467e-13 6.4061624928e-13 1.7429249233e-12 4.5751570935e-12 1.188274739e-11 3.1525528715e-11 
8.6859880399e-11 2.4260457532e-10 6.474618619e-10 1.5487997551e-09 3.1587297222e-09 5.2959316932e-09 7.1171113447e-09 7.5283672629e-09 6.1424776376e-09 
3.7268219621e-09 1.7685815035e-09 7.6471362576e-10 4.2307859993e-10 3.9467726309e-10 5.0400966733e-10 6.8629718575e-10 9.0236185191e-10 1.1006130451e-09 
1.2212293399e-09 1.2232491686e-09 1.1083565177e-09 9.1880497655e-10 7.0944189412e-10 5.1915571841e-10 3.630727663e-10 2.4175927926e-10 1.51584717e-10 
8.8494545025e-11 4.7748756338e-11 2.3741368246e-11 1.0881647146e-11 4.6083185011e-12 1.8092765784e-12 6.6101719367e-13 2.2559066431e-13 7.2182135215e-14 
2.1729229269e-14 6.1739160029e-15 1.6605877643e-15 4.2395592491e-16 1.0299284702e-16 2.3861387963e-17 5.2829382882e-18 1.1198468326e-18 2.2766101673e-19 
4.4457927083e-20 8.3516169377e-21 1.51125181e-21 2.6374896674e-22 4.4446622744e-23 7.2402639957e-24 1.1412530588e-24 1.7423613954e-25 2.5787870695e-26 
3.7032435787e-27 5.1639877747e-28 6.9976118691e-29 9.2210839968e-30 1.1824106775e-30 1.476309938e-31 1.7958131523e-32 2.1294212408e-33 2.4658025869e-34 
3.0847488632e-35 1.3658807241e-36 1.1439065275e-35 1.0287236644e-34 9.0132994629e-34 7.6804942132e-33 6.3611083336e-32 5.1171225114e-31 3.9954627926e-30 
3.0258164986e-29 2.2208798561e-28 1.5786056197e-27 1.0857602625e-26 7.2200093757e-26 4.6377088245e-25 2.8749911445e-24 1.7184211482e-23 9.8938265779e-23 
5.4816482702e-22 2.9196521118e-21 1.4933965631e-20 7.3279717209e-20 3.4457431092e-19 1.5508794829e-18 6.6733238459e-18 2.7415677176e-17 1.0737438302e-16 
4.002243646e-16 1.4169339725e-15 4.7541566461e-15 1.5082119581e-14 4.5147188126e-14 1.2741140066e-13 3.3971453038e-13 8.6279789736e-13 2.1257884775e-12 
5.2290086323e-12 1.3179631865e-11 3.3917167686e-11 8.5241681769e-11 1.9630427839e-10 3.9106934357e-10 6.4482830187e-10 8.5316720355e-10 8.8783252972e-10 
7.1517264333e-10 4.3644354797e-10 2.1581725296e-10 1.0451550736e-10 6.9648141421e-11 7.3700136272e-11 9.8155976402e-11 1.3541387456e-10 1.7857897106e-10 
2.1740827194e-10 2.4040403002e-10 2.4021928891e-10 2.1776959402e-10 1.8131630919e-10 1.4108897384e-10 1.0421229851e-10 7.35166511e-11 4.9282276177e-11 
3.1043674575e-11 1.8178968747e-11 9.829262404e-12 4.8944125662e-12 2.2456062617e-12 9.5162300349e-13 3.7373289142e-13 1.3653993572e-13 4.6582448185e-14 
1.4895631725e-14 4.4801021007e-15 1.2715118621e-15 3.4155097468e-16 8.7072988509e-17 2.111987153e-17 4.8850673087e-18 1.0797581446e-18 2.2849990712e-19 
4.6377396464e-20 9.0423773727e-21 1.6961132473e-21 3.0648874377e-22 5.3420720179e-23 8.9918641603e-24 1.4632190445e-24 2.304260732e-25 3.5150455564e-26 
5.1987039138e-27 7.4608320856e-28 1.0397941695e-28 1.4082962486e-29 1.8549203055e-30 2.3774972747e-31 2.9671472816e-32 3.6076700392e-33 4.2758111099e-34 
4.9486412323e-35 6.1868196229e-36 2.5150477933e-37 2.1135214801e-36 1.9067948995e-35 1.6760983648e-34 1.4329875822e-33 1.1908352133e-32 9.6125709645e-32 
7.531918457e-31 5.7244821988e-30 4.2170011599e-29 3.0086140923e-28 2.0771516525e-27 1.3865561612e-26 8.9410290022e-26 5.5643748551e-25 3.3389251733e-24 
1.9298598522e-23 1.0733113997e-22 5.7377763862e-22 2.9451036676e-21 1.4497757105e-20 6.8364151182e-20 3.0841953882e-19 1.3294318592e-18 5.467371027e-18 
2.141866902e-17 7.9787863271e-17 2.8205694218e-16 9.4407666499e-16 2.9845434595e-15 8.8896997199e-15 2.4900859437e-14 6.5580502725e-14 1.6298660826e-13 
3.864060493e-13 8.9222021698e-13 2.0601532633e-12 4.8196542243e-12 1.1175727878e-11 2.433972815e-11 4.6823756678e-11 7.5514448861e-11 9.83069251e-11 
1.0097786496e-10 8.0891071619e-11 5.0358214126e-11 2.6660779487e-11 1.4913991916e-11 1.1769139482e-11 1.3558560524e-11 1.851871087e-11 2.5747183899e-11 
3.3996524346e-11 4.1304328013e-11 4.5543405852e-11 4.5440019802e-11 4.1254086952e-11 3.4526374815e-11 2.7088723625e-11 2.019839157e-11 1.4370458816e-11 
9.6942289265e-12 6.1315345162e-12 3.5993844624e-12 1.9489427433e-12 9.7125920587e-13 4.4582040967e-13 1.8895750578e-13 7.4205141272e-14 2.7102867273e-14 
9.2422145037e-15 2.9534679383e-15 8.8758374963e-16 2.5166746467e-16 6.7529635545e-17 1.7195380943e-17 4.165597606e-18 9.6226241191e-19 2.124106626e-19 
4.4891363262e-20 9.0995344221e-21 1.7719375983e-21 3.3196879954e-22 5.9918630565e-23 1.0432625518e-23 1.7542982661e-24 2.8521081139e-25 4.4876879414e-26 
6.8404555763e-27 1.0109664649e-27 1.4498933863e-28 2.019377269e-29 2.7333373293e-30 3.5979498176e-31 4.6086731269e-32 5.7479150116e-33 6.9838842305e-34 
8.2711478903e-35 9.5649510409e-36 1.1946640241e-36 4.4505665222e-38 3.7526510552e-37 3.3962890175e-36 2.9949483843e-35 2.5688971149e-34 2.1418897461e-33 
1.7348170443e-32 1.3640074395e-31 1.0403349759e-30 7.6912283163e-30 5.5073417226e-29 3.8164068889e-28 2.5571729356e-27 1.6552671456e-26 1.0341214584e-25 
6.2293924868e-25 3.6144947978e-24 2.0179775086e-23 1.0828573739e-22 5.5784290077e-22 2.7555981241e-21 1.3035742837e-20 5.8978714383e-20 2.5484840137e-19 
1.0501142662e-18 4.1194595394e-18 1.5356708988e-17 5.4290186325e-17 1.8160019783e-16 5.7331075634e-16 1.7037112704e-15 4.7540427202e-15 1.2436136885e-14 
3.0513816436e-14 7.0575666079e-14 1.5576614705e-13 3.3464501786e-13 7.1312861215e-13 1.505146268e-12 3.0405964205e-12 5.5590046455e-12 8.6877111408e-12 
1.1100598739e-11 1.1298739722e-11 9.1003645591e-12 5.9001657726e-12 3.4458104772e-12 2.249559046e-12 2.0192085851e-12 2.4446566733e-12 3.3831550842e-12 
4.7216956907e-12 6.2340952713e-12 7.5584486586e-12 8.3155019329e-12 8.2912721827e-12 7.5450184295e-12 6.3514241609e-12 5.0259119783e-12 3.7826196168e-12 
2.7130069025e-12 1.8407293918e-12 1.1683301895e-12 6.8713009458e-13 3.7238590575e-13 1.8563977937e-13 8.5212307317e-14 3.6110203776e-14 1.4176318641e-14 
5.1755712075e-15 1.7639518301e-15 5.6333551402e-16 1.6917196132e-16 4.7928475891e-17 1.2849214359e-17 3.2687619752e-18 7.9107526449e-19 1.8255302262e-19 
4.0254951305e-20 8.4986862579e-21 1.7209106923e-21 3.3477025288e-22 6.2656747834e-23 1.1298487136e-23 1.9654280127e-24 3.3020950818e-25 5.364033521e-26 
8.433391463e-27 1.2844892505e-27 1.8969518006e-28 2.7185265518e-29 3.7834856142e-30 5.1172804978e-31 6.7307231366e-32 8.6144509236e-33 1.0734633697e-33 
1.3030913927e-34 1.5417601382e-35 1.781042187e-36 2.2217571457e-37 7.5774794069e-39 6.4104735616e-38 5.8197741306e-37 5.1482398e-36 4.4300430286e-35 
3.70574089e-34 3.0114402027e-33 2.3757826693e-32 1.8182764085e-31 1.3489841515e-30 9.694051766e-30 6.7421294379e-29 4.5342683867e-28 2.9460711544e-27 
1.8475419764e-26 1.1171987423e-25 6.5073131141e-25 3.6470124332e-24 1.9644638669e-23 1.0157941627e-22 5.0359375674e-22 2.3905495469e-21 1.0850641852e-20 
4.7023250039e-20 1.9425939898e-19 7.6369351826e-19 2.851731218e-18 1.0093683832e-17 3.3786569314e-17 1.0668203947e-16 3.1688998099e-16 8.8307419916e-16 
2.3030484905e-15 5.6136418247e-15 1.2802952126e-14 2.7474846874e-14 5.6131965395e-14 1.1088336195e-13 2.13584738e-13 3.9558094756e-13 6.7649526389e-13 
1.0125309879e-12 1.2645665765e-12 1.2813785406e-12 1.0526310726e-12 7.2728016101e-13 4.7718865534e-13 3.5643799652e-13 3.4710756947e-13 4.3034000842e-13 
5.984221365e-13 8.3594882318e-13 1.1025982644e-12 1.3341516477e-12 1.4653584336e-12 1.4612975543e-12 1.3338631415e-12 1.1299579978e-12 9.0188306042e-13 
6.8491637058e-13 4.9493780385e-13 3.3752902274e-13 2.1485879753e-13 1.265375066e-13 6.8606477107e-14 3.4199595602e-14 1.5693638405e-14 6.6476805885e-15 
2.6085169469e-15 9.5182892228e-16 3.2422041588e-16 1.0348004978e-16 3.1055324811e-17 8.7922954639e-18 2.3554261592e-18 5.9875003351e-19 1.44789423e-19 
3.3385287404e-20 7.3557278309e-21 1.5516535042e-21 3.139330916e-22 6.1018712874e-23 1.1411027611e-23 2.0559975277e-24 3.5736281545e-25 5.9992360315e-26 
9.7376643473e-27 1.5297588363e-27 2.328127191e-28 3.4354419366e-29 4.9192757155e-30 6.840507256e-31 9.2437372775e-32 1.2146809244e-32 1.5530899523e-33 
1.933294692e-34 2.3442185602e-35 2.7702618657e-36 3.1961205496e-37 3.9810637138e-38 1.2426700769e-39 1.0547368951e-38 9.6048471965e-38 8.5229564442e-37 
7.3571381826e-36 6.1740303821e-35 5.0336734401e-34 3.9843693262e-33 3.0597133475e-32 2.2778332213e-31 1.6426350535e-30 1.1465149732e-29 7.7385917485e-29 
5.0465411963e-28 3.176597265e-27 1.9281154897e-26 1.1273314141e-25 6.3422005824e-25 3.4292256867e-24 1.7798850879e-23 8.8566928442e-23 4.2193733818e-22 
1.9217602828e-21 8.3553303648e-21 3.4620416692e-20 1.3647101042e-19 5.1080656892e-19 1.8116293527e-18 6.0740269426e-18 1.9203358571e-17 5.7092019113e-17 
1.5915283211e-16 4.1481995989e-16 1.0085090849e-15 2.2844588702e-15 4.8278735e-15 9.5690286139e-15 1.795148943e-14 3.2153943272e-14 5.4870130249e-14 
8.7204366178e-14 1.2389690511e-13 1.5067524865e-13 1.5274297127e-13 1.2972507454e-13 9.6853758737e-14 7.0905148343e-14 5.821486007e-14 5.9105220447e-14 
7.3771318102e-14 1.0250510157e-13 1.4302137762e-13 1.8832995601e-13 2.2745832453e-13 2.495570211e-13 2.490770448e-13 2.2819653068e-13 1.9460033086e-13 
1.566520893e-13 1.1998487327e-13 8.7298081904e-14 5.9799922989e-14 3.8156415148e-14 2.2492260265e-14 1.2195965775e-14 6.0775185713e-15 2.7874261872e-15 
1.1800393977e-15 4.6276628634e-16 1.6876072683e-16 5.7451458868e-17 1.8325964787e-17 5.496606485e-18 1.5552672625e-18 4.1639992862e-19 1.0578348211e-19 
2.5564217164e-20 5.8906960504e-21 1.2970178878e-21 2.7341176815e-22 5.5278474989e-23 1.0736759796e-23 2.0064170281e-24 3.6124346876e-25 6.2742508157e-26 
1.052486356e-26 1.7070035172e-27 2.6794834982e-28 4.0744591727e-29 6.0071030142e-30 8.5937749477e-31 1.1938499302e-31 1.6116222976e-32 2.1154618781e-33 
2.7017031809e-34 3.3589676458e-35 4.0676158215e-36 4.8002373484e-37 5.5300338129e-38 6.8764938631e-39 1.9650128106e-40 1.6732484573e-39 1.5283299536e-38 
1.3603288693e-37 1.1779048532e-36 9.9160689937e-36 8.1105046486e-35 6.4407732388e-34 4.9624831145e-33 3.7068479669e-32 2.6823386949e-31 1.8787407111e-30 
1.2725895071e-29 8.3288134429e-29 5.2618230899e-28 3.2056148663e-27 1.8812642393e-26 1.0623526948e-25 5.7657986544e-25 3.0039028493e-24 1.5003116787e-23 
7.1737603393e-23 3.2790350269e-22 1.4305442459e-21 5.9468587059e-21 2.3513890072e-20 8.8260688347e-20 3.1383118703e-19 1.0546415291e-18 3.3411278711e-18 
9.950923212e-18 2.7780209054e-17 7.2475149905e-17 1.7618170159e-16 3.9813370199e-16 8.3544686002e-16 1.6296721205e-15 2.966366556e-15 5.0643710281e-15 
8.1199475176e-15 1.2099453146e-14 1.6332870454e-14 1.9341312948e-14 1.9688100095e-14 1.7383892652e-14 1.3954297753e-14 1.1078664943e-14 9.5962327711e-15 
9.8875587419e-15 1.2296353578e-14 1.70097294e-14 2.3669546276e-14 3.1103358143e-14 3.7503701723e-14 4.1124571061e-14 4.1105672062e-14 3.7817422398e-14 
3.2470198269e-14 2.6355823177e-14 2.0347755802e-14 1.4895365757e-14 1.0242381691e-14 6.5474393214e-15 3.8616367591e-15 2.0934802574e-15 1.0426555241e-15 
4.7788524211e-16 2.0216893711e-16 7.9230151632e-17 2.8875541769e-17 9.8244530866e-18 3.1321115312e-18 9.3893974434e-19 2.6553759113e-19 7.1057574041e-20 
1.804239082e-20 4.3579295675e-21 1.0036420065e-21 2.2085848573e-22 4.6529868711e-23 9.4017065884e-24 1.8249397741e-24 3.408072628e-25 6.1317794547e-26 
1.0642230501e-26 1.7838379146e-27 2.8908355317e-28 4.5338819368e-29 6.888064372e-30 1.0145566669e-30 1.4499494771e-31 2.0120927987e-32 2.7130688797e-33 
3.5568886373e-34 4.5366700664e-35 5.6325594002e-36 6.8109176912e-37 8.025259847e-38 9.2303249585e-39 1.1456287569e-39 2.9994793629e-41 2.5619939823e-40 
2.3470572187e-39 2.0953568293e-38 1.8199145203e-37 1.5368345629e-36 1.2609662211e-35 1.0045778166e-34 7.765280784e-34 5.8196745336e-33 4.2253905573e-32 
2.9696353918e-31 2.0185124437e-30 1.3257326851e-29 8.4054431861e-29 5.1393416492e-28 3.0271583903e-27 1.7157621459e-26 9.3467395494e-26 4.887668277e-25 
2.4502368787e-24 1.1759005989e-23 5.3943917975e-23 2.361752615e-22 9.8516443551e-22 3.9081686887e-21 1.4715415466e-20 5.2478212141e-20 1.7684109493e-19 
5.6167507467e-19 1.6768297253e-18 4.6914565873e-18 1.2262629981e-17 2.984975539e-17 6.7466147779e-17 1.4124741587e-16 2.7357642184e-16 4.9038406028e-16 
8.1486740048e-16 1.2562469519e-15 1.7885782543e-15 2.3198296955e-15 2.6886236056e-15 2.7513819707e-15 2.5120151185e-15 2.1251931709e-15 1.7705480992e-15 
1.5703223218e-15 1.6164100198e-15 1.9912175461e-15 2.735766283e-15 3.7928445547e-15 4.9725162342e-15 5.9872930452e-15 6.564860248e-15 6.5748569309e-15 
6.076394135e-15 5.2530141593e-15 4.2977359071e-15 3.3423111182e-15 2.4599537207e-15 1.6969323599e-15 1.0862787796e-15 6.4082256449e-16 3.4725907677e-16 
1.7283028339e-16 7.9151767997e-17 3.3459330046e-17 1.3103440875e-17 4.7725202873e-18 1.62284492e-18 5.1710684176e-19 1.549430521e-19 4.3798832156e-20 
1.1715323473e-20 2.9733457463e-21 7.1785211464e-22 1.6524549585e-22 3.6345488253e-23 7.6531672042e-24 1.5455181417e-24 2.9981770504e-25 5.5955210558e-26 
1.0060536488e-26 1.7448110628e-27 2.9223268937e-28 4.7318320258e-29 7.414500019e-30 1.1253455049e-30 1.6558148608e-31 2.3637610355e-32 3.2762787126e-33 
4.4120637622e-34 5.7764974781e-35 7.3571475096e-36 9.1205400622e-37 1.1011014332e-37 1.2952470755e-38 1.4871139823e-39 1.8420348573e-40 4.4224979534e-42 
3.7896715669e-41 3.4820024761e-40 3.1178120117e-39 2.7161216794e-38 2.3006506977e-37 1.8935286523e-36 1.5132730543e-35 1.1734837274e-34 8.8232100877e-34 
6.4272453192e-33 4.5322492433e-32 3.09112767e-31 2.0372225522e-30 1.2961686072e-29 7.9532914094e-29 4.7014453651e-28 2.6743971653e-27 1.4622234835e-26 
7.6744616661e-26 3.8614359206e-25 1.8599498155e-24 8.5634827121e-24 3.762685711e-23 1.575059752e-22 6.2696857309e-22 2.3685367683e-21 8.4735630702e-21 
2.8641154559e-20 9.1233239427e-20 2.7312415567e-19 7.6616777057e-19 2.0075778932e-18 4.8975387108e-18 1.1087001189e-17 2.3219672824e-17 4.4877026464e-17 
7.9916592426e-17 1.3105112442e-16 1.9781344076e-16 2.7419528529e-16 3.4673963381e-16 3.9623298653e-16 4.0723274167e-16 3.8020953192e-16 3.3168537018e-16 
2.8284529162e-16 2.5236110525e-16 2.5742268297e-16 3.1315702739e-16 4.2671166719e-16 5.8901321193e-16 7.7033993723e-16 9.2647246161e-16 1.0161963324e-15 
1.0201826812e-15 9.4733827123e-16 8.2450303553e-16 6.7961482059e-16 5.3203605843e-16 3.9342819574e-16 2.7211195481e-16 1.7436498798e-16 1.0285830113e-16 
5.5705776903e-17 2.770209508e-17 1.2675932428e-17 5.3540530734e-18 2.0952321548e-18 7.6263033268e-19 2.591777096e-19 8.2543655393e-20 2.4721772484e-20 
6.9853464026e-21 1.8676900146e-21 4.7382964351e-22 1.1434940194e-22 2.6311278513e-23 5.7844728655e-24 1.2174170862e-24 2.4571890606e-25 4.7639445652e-26 
8.8852878133e-27 1.5964239384e-27 2.7665875318e-28 4.6298245444e-29 7.4898693313e-30 1.1724759634e-30 1.7776726002e-31 2.6126848947e-32 3.7252275558e-33 
5.1566563223e-34 6.9347474187e-35 9.0660554255e-36 1.1529000386e-36 1.4269045593e-37 1.7197229413e-38 2.0193243364e-39 2.314104284e-40 2.8606106851e-41 
6.3338690587e-43 5.4230250569e-42 4.9950685059e-41 4.4855703973e-40 3.9192580437e-39 3.3297331811e-38 2.7488653161e-37 2.2036390068e-36 1.7142002233e-35 
1.2929821413e-34 9.4491488909e-34 6.6850503321e-33 4.5745881989e-32 3.025092394e-31 1.9312896344e-30 1.1891545356e-29 7.0541824501e-29 4.0270003468e-28 
2.209652166e-27 1.1639200463e-26 5.877540062e-26 2.8413231527e-25 1.3129185595e-24 5.789512109e-24 2.4320842032e-23 9.7149021961e-23 3.6825665362e-22 
1.3218283585e-21 4.4822397078e-21 1.4322179942e-20 4.3005565949e-20 1.2099146263e-19 3.1792376651e-19 7.7764009358e-19 1.7645423031e-18 3.7018330053e-18 
7.1578593654e-18 1.2723659922e-17 2.0753562868e-17 3.1020209339e-17 4.2419830206e-17 5.2917804353e-17 6.000304636e-17 6.1833034573e-17 5.8440766881e-17 
5.1745156721e-17 4.4499332488e-17 3.9582891873e-17 3.9868070661e-17 4.7828496225e-17 6.4583125559e-17 8.8724232918e-17 1.1575513876e-16 1.3908893769e-16 
1.5266586999e-16 1.5367939785e-16 1.4340216181e-16 1.2562471372e-16 1.0426962346e-16 8.2112657691e-17 6.0967261021e-17 4.2257762363e-17 2.7096153849e-17 
1.5980161633e-17 8.6483420491e-18 4.2969361029e-18 1.9644154021e-18 8.2903158427e-19 3.2418774679e-19 1.1792268718e-19 4.0053264638e-20 1.2750055333e-20 
3.8169740456e-21 1.0780872519e-21 2.8814079837e-22 7.3073024999e-23 1.7627817946e-23 4.0543944042e-24 8.90947888e-25 1.8741902832e-25 3.7807357582e-26 
7.3255980997e-27 1.3653972785e-27 2.4514170408e-28 4.2448591347e-29 7.0974159662e-30 1.1470757875e-30 1.7937767552e-31 2.7166032973e-32 3.9878087492e-33 
5.6785207128e-34 7.8496040218e-35 1.054070534e-35 1.3758761748e-36 1.7467785114e-37 2.158192734e-38 2.596379044e-39 3.0429896802e-40 3.4805451257e-41 
4.2907758978e-42 8.6880504788e-44 7.5109597688e-43 6.9350260999e-42 6.245166866e-41 5.4726029966e-40 4.663196188e-39 3.8612647462e-38 3.1048157532e-37 
2.4226702525e-36 1.8330794077e-35 1.3438686489e-34 9.5381365684e-34 6.5482529117e-33 4.344568052e-32 2.7829753524e-31 1.7193854307e-30 1.0234645255e-29 
5.8629406127e-29 3.2283489767e-28 1.7065326274e-27 8.6483052151e-27 4.1957089499e-26 1.945683761e-25 8.6103625463e-25 3.6298823187e-24 1.4550241207e-23 
5.534491601e-23 1.9932878031e-22 6.7815097934e-22 2.173919709e-21 6.548298175e-21 1.847971087e-20 4.870410043e-20 1.1947556368e-19 2.7184161213e-19 
5.7166302207e-19 1.1073040862e-18 1.9694924299e-18 3.2084615425e-18 4.7782571985e-18 6.4962443291e-18 8.0530276069e-18 9.0975499254e-18 9.3875834364e-18 
8.9224134558e-18 7.9451053523e-18 6.8380142651e-18 6.0398829949e-18 5.9995566993e-18 7.0950234173e-18 9.4904193573e-18 1.2973527197e-17 1.6885768894e-17 
2.0275650997e-17 2.2276801077e-17 2.2490069745e-17 2.1088365875e-17 1.8589380453e-17 1.5528062761e-17 1.2292948632e-17 9.1589796664e-18 6.3590965428e-18 
4.0791129778e-18 2.4047104072e-18 1.3003704193e-18 6.4548542792e-19 2.948204569e-19 1.2431556547e-19 4.8576417348e-20 1.7658149269e-20 5.9943795859e-21 
1.9072547337e-21 5.7072821791e-22 1.6113599754e-22 4.3050553512e-23 1.0913558513e-23 2.6317003277e-24 6.0503457133e-25 1.3289409654e-25 2.7941175929e-26 
5.6332638131e-27 1.0908161945e-27 2.0317094799e-28 3.6448612393e-29 6.3059956806e-30 1.0533707381e-30 1.7006954702e-31 2.6565514052e-32 4.0183962142e-33 
5.8911286107e-34 8.377184598e-35 1.1563004451e-35 1.550295279e-36 2.0202650001e-37 2.5604391015e-38 3.157758827e-39 3.7917314757e-40 4.4353898993e-41 
5.0614900531e-42 6.2497911509e-43 9.8090892503e-45 1.022947879e-43 9.3326477724e-43 8.4232050691e-42 7.4005374498e-41 6.3246204889e-40 5.2524702182e-39 
4.2361185314e-38 3.3154405533e-37 2.5162877518e-36 1.8504852476e-35 1.3175295399e-34 9.0742084374e-34 6.0399713585e-33 3.8816927599e-32 2.4061718137e-31 
1.4370939418e-30 8.2604444345e-30 4.5641382962e-29 2.4210097366e-28 1.2311960726e-27 5.9940921808e-27 2.7894340394e-26 1.2387700964e-25 5.2406174649e-25 
2.1080014079e-24 8.0458968727e-24 2.9076576774e-23 9.9255185914e-23 3.1922562883e-22 9.646798004e-22 2.7310074743e-21 7.220009626e-21 1.7764883033e-20 
4.0537950472e-20 8.5480107793e-20 1.6596587999e-19 2.9571037399e-19 4.8211177687e-19 7.1762198799e-19 9.7388181797e-19 1.2044382512e-18 1.3586797249e-18 
1.4027640054e-18 1.3358796287e-18 1.1907695052e-18 1.0220912482e-18 8.9519729618e-19 8.7698153832e-19 1.0225222093e-18 1.3548025226e-18 1.8428099258e-18 
2.3930523305e-18 2.8720852377e-18 3.1593576198e-18 3.1992839736e-18 3.0142333308e-18 2.672671224e-18 2.2455403847e-18 1.7859745528e-18 1.33456741e-18 
9.2782543544e-19 5.9526212306e-19 3.5073300662e-19 1.8949955616e-19 9.3974548288e-20 4.2881941221e-20 1.8066417831e-20 7.0541873781e-21 2.5626321949e-21 
8.6944830997e-22 2.7650152805e-22 8.2704644309e-23 2.3340944259e-23 6.2335520518e-24 1.5796185279e-24 3.8075254129e-25 8.7496926385e-26 1.9209020346e-26 
4.0365246e-27 8.1331530439e-28 1.5738227653e-28 2.929128195e-29 5.2504333509e-30 9.0754586785e-31 1.5144636634e-31 2.4424630272e-32 3.8106915052e-33 
5.7568219527e-34 8.4281705175e-35 1.1967356141e-35 1.6492905359e-36 2.2076446128e-37 2.8719331767e-38 3.6332530271e-39 4.4723981917e-40 5.3596863663e-41 
6.2567976432e-42 7.1326091834e-43 8.9683101717e-44 0 1.2611686179e-44 1.219129664e-43 1.1000192945e-42 9.6997879701e-42 8.3136235291e-41 
6.9247125432e-40 5.6012506034e-39 4.3969514416e-38 3.3471863534e-37 2.4690561463e-36 1.763389611e-35 1.218305878e-34 8.1350371239e-34 5.2449342032e-33 
3.2617964017e-32 1.9545345415e-31 1.1272119078e-30 6.2491299659e-30 3.3260539306e-29 1.6972404487e-28 8.2914779669e-28 3.8718899454e-27 1.7254355527e-26 
7.324710323e-26 2.956472193e-25 1.132302643e-24 4.1058498289e-24 1.406264786e-23 4.5378018193e-23 1.3757583988e-22 3.9072313452e-22 1.0362047711e-21 
2.5574249556e-21 5.8532548185e-21 1.2377672192e-20 2.4095575758e-20 4.3030313512e-20 7.0275668642e-20 1.0470730075e-19 1.4212203695e-19 1.7570329507e-19 
1.981407889e-19 2.0460097902e-19 1.9488271834e-19 1.7352103752e-19 1.4833656734e-19 1.2880342096e-19 1.2451914237e-19 1.4321192495e-19 1.8798292051e-19 
2.5443995509e-19 3.2970258579e-19 3.9558142112e-19 4.3574106571e-19 4.4260470024e-19 4.1892944694e-19 3.7349417365e-19 3.1545675203e-19 2.5191899293e-19 
1.8871174418e-19 1.3133100057e-19 8.4256668893e-20 4.9614276985e-20 2.6782489416e-20 1.3268821977e-20 6.0491055805e-21 2.5463664636e-21 9.9351055865e-22 
3.6068803179e-22 1.2230549962e-22 3.8876374918e-23 1.1623162563e-23 3.2789198769e-24 8.7532558246e-25 2.2171953865e-25 5.3419756142e-26 1.2269953305e-26 
2.6923094694e-27 5.654205316e-28 1.138512644e-28 2.2014936559e-29 4.0940015688e-30 7.3318949277e-31 1.266085116e-31 2.1105094469e-32 3.3997790878e-33 
5.2976178396e-34 7.992333602e-35 1.1684177084e-35 1.6565236574e-36 2.2792541033e-37 3.0456731668e-38 3.9550373974e-39 4.994115623e-40 6.1358655857e-41 
7.3400013561e-42 8.5479206324e-43 9.6689594038e-44 1.1210387715e-44 0 0 1.4012984643e-44 1.3872854797e-43 1.2345439471e-42 
1.0602224181e-41 8.8546648662e-41 7.183210071e-40 5.6553365202e-39 4.3179193293e-38 3.194687862e-37 2.2885705184e-36 1.586013081e-35 1.0623323566e-34 
6.8708021331e-34 4.2865382306e-33 2.5768640554e-32 1.490963533e-31 8.2929424335e-31 4.42852582e-30 2.2673864902e-29 1.1114144486e-28 5.2075860138e-28 
2.3285527252e-27 9.918660162e-27 4.0170701653e-26 1.5437087167e-25 5.6164687641e-25 1.9300647588e-24 6.2485344925e-24 1.9005675535e-23 5.4149848537e-23 
1.4405780265e-22 3.5663987531e-22 8.1870408125e-22 1.7363029967e-21 3.3893244962e-21 6.0678686056e-21 9.9311175096e-21 1.4821462605e-20 2.013959094e-20 
2.4912633101e-20 2.8100743894e-20 2.901667517e-20 2.7622122974e-20 2.4546011144e-20 2.0890422136e-20 1.7989860004e-20 1.7176361799e-20 1.9499453313e-20 
2.5364352879e-20 3.4167848731e-20 4.4185897753e-20 5.3006625456e-20 5.8473223018e-20 5.9575395948e-20 5.663680451e-20 5.074997981e-20 4.3066706228e-20 
3.4514799299e-20 2.5908529478e-20 1.8044431306e-20 1.1574888561e-20 6.8112773902e-21 3.6734953679e-21 1.8182047826e-21 8.2813476822e-22 3.4831099352e-22 
1.3579941347e-22 4.9269323888e-23 1.669724449e-23 5.3047476164e-24 1.5852630249e-24 4.4700778542e-25 1.1927859151e-25 3.0199475159e-26 7.2725633816e-27 
1.6695547724e-27 3.6612708244e-28 7.6842269591e-29 1.5461713164e-29 2.9874105591e-30 5.5506946689e-31 9.9311593209e-32 1.7131371081e-32 2.8524775506e-33 
4.5893503508e-34 7.1417784914e-35 1.0759312564e-35 1.5705606108e-36 2.2231102395e-37 3.0536911163e-38 4.0733167969e-39 5.2797563019e-40 6.6542058877e-41 
8.1597609578e-42 9.781063281e-43 1.1490647407e-43 1.2611686179e-44 0 0 0 0 1.5414283108e-44 
1.5274153261e-43 1.3116153626e-42 1.0988982557e-41 8.9409848516e-41 7.0595875204e-40 5.40583673e-39 4.0114222845e-38 2.8822397829e-37 2.003471346e-36 
1.3460525257e-35 8.7327159638e-35 5.4651717023e-34 3.2957812659e-33 1.9130130247e-32 1.0674738256e-31 5.718973268e-31 2.9376914738e-30 1.444735445e-29 
6.7918521342e-29 3.0470744318e-28 1.3022611542e-27 5.2917868043e-27 2.0403414305e-26 7.4479815491e-26 2.5678790646e-25 8.3405514091e-25 2.5450536208e-24 
7.2742473347e-24 1.9412538436e-23 4.8206283332e-23 1.1099337308e-22 2.3607557473e-22 4.621020965e-22 8.2943102446e-22 1.3606532397e-21 2.034652463e-21 
2.7688893575e-21 3.4285905337e-21 3.8693449182e-21 3.9952714534e-21 3.799911426e-21 3.369216091e-21 2.854909073e-21 2.4395632294e-21 2.3024826805e-21 
2.5820101528e-21 3.329564332e-21 4.4647380524e-21 5.7631123266e-21 6.9133526087e-21 7.6378666979e-21 7.8049628361e-21 7.4507639363e-21 6.7073616141e-21 
5.7160062486e-21 4.5951639978e-21 3.4553442528e-21 2.4078821715e-21 1.544196156e-21 9.0804902849e-22 4.8929136774e-22 2.419465174e-22 1.1009924657e-22 
4.6269244845e-23 1.8026221102e-23 6.5358490727e-24 2.2137048249e-24 7.0293048403e-25 2.0995989053e-25 5.9175796834e-26 1.5782807923e-26 3.9939808075e-27 
9.6131233171e-28 2.2056072316e-28 4.8337639746e-29 1.0137979371e-29 2.0383310904e-30 3.9349884983e-31 7.3045060268e-32 1.3055705884e-32 2.2496265585e-33 
3.741265615e-34 6.0115355073e-35 9.3419766086e-36 1.4053204824e-36 2.0481656372e-37 2.8943620796e-38 3.9688233717e-39 5.2843945999e-40 6.8363746881e-41 
8.5997686756e-42 1.0551777436e-42 1.2751816025e-43 1.4012984643e-44 0 0 0 0 0 
0 1.8216880036e-44 1.5834672647e-43 1.3256283473e-42 1.0809616354e-41 8.5588507604e-41 6.5728044599e-40 4.8915531871e-39 3.524951153e-38 
2.4575033037e-37 1.6560544355e-36 1.0776492976e-35 6.7648959466e-35 4.0922154227e-34 2.3827268654e-33 1.333774959e-32 7.1684355028e-32 3.6940652887e-31 
1.8225878161e-30 8.5960354704e-30 3.8690915451e-29 1.6589897948e-28 6.7634610379e-28 2.6163068812e-27 9.5816193402e-27 3.3142172855e-26 1.0799303647e-25 
3.3058088911e-25 9.478302813e-25 2.5372577029e-24 6.3197508829e-24 1.4594065586e-23 3.1129640922e-23 6.1101795705e-23 1.0995629235e-22 1.8080734862e-22 
2.7093123605e-22 3.6932390038e-22 4.5787334767e-22 5.1707305458e-22 5.3388535917e-22 5.0730173116e-22 4.488022803e-22 3.7872007942e-22 3.2131733455e-22 
3.0003987529e-22 3.3261611987e-22 4.2539328101e-22 5.6795768792e-22 7.3187717801e-22 8.7800284384e-22 9.7149464985e-22 9.9558567934e-22 9.5409104037e-22 
8.6254167497e-22 7.3783743236e-22 5.9475967263e-22 4.4788129465e-22 3.122346299e-22 2.0017591595e-22 1.1762722628e-22 6.3325588286e-23 3.1284484852e-23 
1.4223605461e-23 5.9726319686e-24 2.3252087361e-24 8.4251202564e-25 2.8519229781e-25 9.0509462922e-26 2.7020479726e-26 7.611661867e-27 2.0290604114e-27 
5.1319407819e-28 1.234494011e-28 2.8306108598e-29 6.1992487565e-30 1.2992037525e-30 2.6099985375e-31 5.0340075376e-32 9.3353220995e-33 1.6667431746e-33 
2.8685974352e-34 4.7646293007e-35 7.6455367963e-36 1.186406901e-36 1.781984734e-37 2.5929212e-38 3.6579326957e-39 5.006895465e-40 6.653925628e-41 
8.5927621832e-42 1.0789998175e-42 1.3312335411e-43 1.5414283108e-44 0 0 0 0 0 
0 0 0 1.8216880036e-44 1.56945428e-43 1.2737803041e-42 1.0087947645e-41 7.7665566087e-41 5.7965551756e-40 
4.1892195942e-39 2.9291470719e-38 1.9797085078e-37 1.2921004094e-36 8.1355114542e-36 4.9362796005e-35 2.8830041287e-34 1.6188079843e-33 8.7275070315e-33 
4.511634305e-32 2.2330095058e-31 1.0565286801e-30 4.7706668985e-30 2.0521317702e-29 8.3931268641e-29 3.257138259e-28 1.1966728154e-27 4.1524078048e-27 
1.3573353358e-26 4.1680048329e-26 1.1987345426e-25 3.2186836414e-25 8.0409977506e-25 1.8623091012e-24 3.983613465e-24 7.8403591638e-24 1.4145467211e-23 
2.3315413565e-23 3.5010729291e-23 4.7809300125e-23 5.9349464266e-23 6.7072109606e-23 6.9253934786e-23 6.5746173263e-23 5.8041905227e-23 4.8789936272e-23 
4.1123378943e-23 3.802333229e-23 4.1700866146e-23 5.2918960467e-23 7.0366051958e-23 9.0533735384e-23 1.0862384949e-22 1.2037120006e-22 1.2369147143e-22 
1.1896327898e-22 1.0796390739e-22 9.2666790028e-23 7.4873874538e-23 5.6452514587e-23 3.9366128167e-23 2.5228882465e-23 1.4814392859e-23 7.9685222396e-24 
3.9331184785e-24 1.7866650318e-24 7.496411076e-25 2.9163204055e-25 1.0559997761e-25 3.5724231694e-26 1.1331104057e-26 3.3809033802e-27 9.5187854906e-28 
2.5360236248e-28 6.4103813845e-29 1.5410519538e-29 3.5311150644e-30 7.7276486108e-31 1.6181991591e-31 3.2479434947e-32 6.2583561683e-33 1.1593571093e-33 
2.0675696668e-34 3.5540695746e-35 5.8953753711e-36 9.4466412725e-37 1.4636988455e-37 2.1949915323e-38 3.1885425517e-39 4.4903207991e-40 6.1348846768e-41 
8.1387414808e-42 1.0509738482e-42 1.3172205565e-43 1.5414283108e-44 0 0 0 0 0 
0 0 0 0 0 1.6815581572e-44 1.4853763722e-43 1.1574725315e-42 8.936080307e-42 
6.6878370508e-41 4.8473015829e-40 3.3990694291e-39 2.3040054062e-38 1.5081807671e-37 9.5242028062e-37 5.7961797621e-36 3.3954492967e-35 1.9123534438e-34 
1.0341762363e-33 5.3626515135e-33 2.6624814803e-32 1.2636745297e-31 5.7239686488e-31 2.4699720518e-30 1.0134017672e-29 3.9451639723e-29 1.4540276357e-28 
5.0612745604e-28 1.6595907813e-27 5.1119168883e-27 1.4747025851e-26 3.9716015786e-26 9.9512713945e-26 2.3113816808e-25 4.9580504469e-25 9.7844508556e-25 
1.7697968191e-24 2.9239811817e-24 4.3999785895e-24 6.0191712122e-24 7.482158726e-24 8.462384665e-24 8.7382595788e-24 8.2887839899e-24 7.3030746787e-24 
6.1170148135e-24 5.1245615305e-24 4.6951092035e-24 5.0976325802e-24 6.4216263524e-24 8.5060891369e-24 1.0928505061e-23 1.3114620067e-23 1.4554278597e-23 
1.4994235791e-23 1.4469324589e-23 1.317781887e-23 1.1345020463e-23 9.1857740594e-24 6.9330137172e-24 4.8355280224e-24 3.0977964269e-24 1.8177449682e-24 
9.769224854e-25 4.817701245e-25 2.1866536505e-25 9.1674573502e-26 3.5638252019e-26 1.2895996093e-26 4.3599610378e-27 1.3820782393e-27 4.1213427473e-28 
1.15966104e-28 3.0877210027e-29 7.7999101982e-30 1.8738049514e-30 4.2903865199e-31 9.3817026985e-32 1.9628412017e-32 3.9359286734e-33 7.5761621101e-34 
1.4019084529e-34 2.4971141863e-35 4.2868849067e-36 7.101115617e-37 1.1361971214e-37 1.7577271365e-38 2.6315992796e-39 3.8162261728e-40 5.364590911e-41 
7.3147779838e-42 9.7250113424e-43 1.2751816025e-43 1.5414283108e-44 0 0 0 0 0 
0 0 0 0 0 0 0 1.6815581572e-44 1.4433374183e-43 
1.1070257868e-42 8.3068972965e-42 6.0387556022e-41 4.24768597e-40 2.8882092583e-39 1.896551253e-38 1.2014851863e-37 7.3353687755e-37 4.3110121722e-36 
2.4359224733e-35 1.3216420482e-34 6.875955482e-34 3.4251804187e-33 1.6311112592e-32 7.4131669614e-32 3.2096805071e-31 1.3213490316e-30 5.1614027253e-30 
1.9087103251e-29 6.6663296501e-29 2.1932044835e-28 6.7779916979e-28 1.9617545525e-27 5.3003949408e-27 1.3322869991e-26 3.1040989449e-26 6.6785124473e-26 
1.3217829155e-25 2.3973847758e-25 3.9709608756e-25 5.9891774387e-25 8.2091853608e-25 1.0219719651e-24 1.1568960719e-24 1.1947751019e-24 1.1324088434e-24 
9.957705418e-25 8.3105253909e-25 6.9197690384e-25 6.2817353801e-25 6.7509814009e-25 8.4409408618e-25 1.1137435069e-24 1.4289236124e-24 1.7151827953e-24 
1.9063967623e-24 1.9691849628e-24 1.9066278985e-24 1.74250519e-24 1.5045961795e-24 1.2206724193e-24 9.2220590973e-25 6.432926489e-25 4.1193813572e-25 
2.4153991541e-25 1.2969739796e-25 6.3901585183e-26 2.8977643632e-26 1.213849626e-26 4.7150817195e-27 1.7049265944e-27 5.7600577962e-28 1.8246470942e-28 
5.4373678729e-29 1.5289015928e-29 4.0679244021e-30 1.026817073e-30 2.4647551608e-31 5.6385096218e-32 1.2317909793e-32 2.5745056464e-33 5.1567091277e-34 
9.9140986918e-35 1.832155887e-35 3.2589640998e-36 5.5865074862e-37 9.23935941e-38 1.4758601543e-38 2.2791853276e-39 3.4060240734e-40 4.9300482572e-41 
6.9154079214e-42 9.4307386649e-43 1.2611686179e-43 1.4012984643e-44 0 0 0 0 0 
0 
