TotalArea_x,TotalArea_y
0.,9536.
1.,9541.
2.,9564.
3.,9592.
4.,11703.
5.,14107.
6.,15918.
7.,17844.
8.,19980.
9.,21915.
10.,23808.
11.,24771.
12.,25226.
13.,25508.
14.,25633.
15.,25658.
16.,25680.
17.,25707.
18.,25685.
19.,25682.
20.,25672.
21.,25694.
22.,25689.
23.,25683.
24.,25678.
25.,25675.
26.,25683.
27.,25676.
28.,25678.
29.,25683.
30.,25675.
31.,25665.
32.,25662.
33.,25666.
34.,25667.
35.,25660.
36.,25656.
37.,25649.
38.,25653.
39.,25659.
40.,25657.
41.,25657.
42.,25658.
43.,25661.
44.,25661.
45.,25660.
46.,25661.
47.,25663.
48.,25667.
49.,25668.
50.,25666.
51.,25669.
52.,25669.
53.,25667.
54.,25667.
55.,25667.
56.,25667.
57.,25668.
58.,25667.
59.,25668.
60.,25669.
61.,25670.
62.,25672.
63.,25671.
64.,25672.
65.,25671.
66.,25670.
67.,25669.
68.,25668.
69.,25668.
70.,25669.
71.,25671.
72.,25673.
73.,25670.
74.,25667.
75.,25671.
76.,25673.
77.,25669.
78.,25669.
79.,25672.
80.,25675.
81.,25679.
82.,25684.
83.,25685.
84.,25683.
85.,25686.
86.,25685.
87.,25679.
88.,25681.
89.,25679.
90.,25679.
91.,25684.
92.,25683.
93.,25684.
94.,25682.
95.,25685.
96.,25684.
97.,25684.
98.,25689.
99.,25694.
100.,25690.
101.,25693.
102.,25691.
103.,25694.
104.,25693.
105.,25693.
106.,25695.
107.,25693.
108.,25698.
109.,25699.
110.,25699.
111.,25701.
112.,25700.
113.,25699.
114.,25698.
115.,25695.
116.,25695.
117.,25694.
118.,25695.
119.,25694.
120.,25695.
121.,25692.
122.,25694.
123.,25695.
124.,25694.
125.,25696.
126.,25696.
127.,25697.
128.,25696.
129.,25696.
130.,25698.
131.,25701.
132.,25700.
133.,25700.
134.,25701.
135.,25701.
136.,25702.
137.,25704.
138.,25703.
139.,25706.
140.,25708.
141.,25704.
142.,25703.
143.,25704.
144.,25705.
145.,25707.
146.,25705.
147.,25707.
148.,25705.
149.,25703.
150.,25704.
151.,25703.
152.,25706.
153.,25705.
154.,25707.
155.,25708.
156.,25708.
157.,25709.
158.,25708.
159.,25708.
160.,25710.
161.,25709.
162.,25710.
163.,25710.
164.,25710.
165.,25711.
166.,25711.
167.,25711.
168.,25710.
169.,25712.
170.,25712.
171.,25710.
172.,25709.
173.,25711.
174.,25710.
175.,25711.
176.,25715.
177.,25716.
178.,25714.
179.,25715.
180.,25714.
181.,25714.
182.,25713.
183.,25714.
184.,25716.
185.,25716.
186.,25716.
187.,25717.
188.,25718.
189.,25718.
190.,25720.
191.,25723.
192.,25724.
193.,25726.
194.,25726.
195.,25727.
196.,25727.
197.,25727.
198.,25727.
199.,25727.
200.,25729.
201.,25726.
202.,25724.
203.,25723.
204.,25723.
205.,25725.
206.,25725.
207.,25728.
208.,25727.
209.,25726.
210.,25724.
211.,25723.
212.,25723.
213.,25724.
214.,25723.
215.,25723.
216.,25722.
217.,25723.
218.,25727.
219.,25732.
220.,25731.
221.,25729.
222.,25729.
223.,25731.
224.,25729.
225.,25730.
226.,25730.
227.,25730.
228.,25733.
229.,25730.
230.,25733.
231.,25732.
232.,25734.
233.,25734.
234.,25735.
235.,25739.
236.,25739.
237.,25739.
238.,25739.
239.,25739.
240.,25740.
241.,25742.
242.,25741.
243.,25741.
244.,25742.
245.,25740.
246.,25741.
247.,25743.
248.,25741.
249.,25740.
250.,25739.
251.,25740.
252.,25740.
253.,25744.
254.,25744.
255.,25745.
256.,25745.
257.,25743.
258.,25743.
259.,25743.
260.,25741.
261.,25743.
262.,25743.
263.,25745.
264.,25746.
265.,25746.
266.,25746.
267.,25747.
268.,25747.
269.,25747.
270.,25748.
271.,25748.
272.,25747.
273.,25747.
274.,25748.
275.,25748.
276.,25747.
277.,25747.
278.,25747.
279.,25745.
280.,25747.
281.,25746.
282.,25745.
283.,25746.
284.,25747.
285.,25747.
286.,25747.
287.,25747.
288.,25747.
289.,25746.
290.,25747.
291.,25747.
292.,25749.
293.,25749.
294.,25749.
295.,25749.
296.,25749.
297.,25749.
298.,25750.
299.,25750.
300.,25749.
301.,25749.
302.,25749.
303.,25750.
304.,25751.
305.,25751.
306.,25752.
307.,25752.
308.,25753.
309.,25755.
310.,25755.
311.,25756.
312.,25756.
313.,25754.
314.,25753.
315.,25753.
316.,25752.
317.,25752.
318.,25752.
319.,25752.
320.,25752.
321.,25752.
322.,25753.
323.,25753.
324.,25755.
325.,25755.
326.,25756.
327.,25755.
328.,25758.
329.,25757.
330.,25760.
331.,25760.
332.,25760.
333.,25760.
334.,25761.
335.,25761.
336.,25762.
337.,25760.
338.,25760.
339.,25760.
340.,25762.
341.,25762.
342.,25763.
343.,25763.
344.,25763.
345.,25762.
346.,25763.
347.,25763.
348.,25762.
349.,25762.
350.,25764.
351.,25764.
352.,25766.
353.,25766.
354.,25765.
355.,25766.
356.,25766.
357.,25765.
358.,25764.
359.,25766.
360.,25767.
361.,25767.
362.,25768.
363.,25769.
364.,25769.
365.,25770.
366.,25771.
367.,25771.
368.,25771.
369.,25771.
370.,25771.
371.,25773.
372.,25773.
373.,25775.
374.,25775.
375.,25776.
376.,25776.
377.,25776.
378.,25777.
379.,25777.
380.,25778.
381.,25778.
382.,25778.
383.,25778.
384.,25778.
385.,25780.
386.,25780.
387.,25779.
388.,25781.
389.,25780.
390.,25780.
391.,25780.
392.,25780.
393.,25780.
394.,25780.
395.,25780.
396.,25781.
397.,25781.
398.,25781.
399.,25781.
400.,25781.
401.,25781.
402.,25781.
403.,25781.
404.,25782.
405.,25782.
406.,25782.
407.,25780.
408.,25782.
409.,25782.
410.,25781.
411.,25781.
412.,25782.
413.,25783.
414.,25781.
415.,25780.
416.,25781.
417.,25781.
418.,25781.
419.,25781.
420.,25782.
421.,25785.
422.,25784.
423.,25784.
424.,25785.
425.,25785.
426.,25789.
427.,25789.
428.,25792.
429.,25792.
430.,25791.
431.,25790.
432.,25790.
433.,25791.
434.,25792.
435.,25794.
436.,25794.
437.,25794.
438.,25793.
439.,25794.
440.,25794.
441.,25794.
442.,25797.
443.,25798.
444.,25797.
445.,25798.
446.,25798.
447.,25799.
448.,25801.
449.,25800.
450.,25801.
451.,25798.
452.,25799.
453.,25800.
454.,25802.
455.,25801.
456.,25800.
457.,25800.
458.,25801.
459.,25801.
460.,25801.
461.,25801.
462.,25802.
463.,25802.
464.,25802.
465.,25802.
466.,25802.
467.,25802.
468.,25803.
469.,25802.
470.,25802.
471.,25802.
472.,25802.
473.,25801.
474.,25801.
475.,25801.
476.,25803.
477.,25803.
478.,25803.
479.,25804.
480.,25803.
481.,25804.
482.,25805.
483.,25806.
484.,25806.
485.,25807.
486.,25810.
487.,25808.
488.,25809.
489.,25810.
490.,25812.
491.,25813.
492.,25814.
493.,25815.
494.,25817.
495.,25817.
496.,25818.
497.,25818.
498.,25817.
499.,25818.
500.,25819.
501.,25818.
502.,25819.
503.,25820.
504.,25822.
505.,25822.
506.,25823.
507.,25823.
508.,25823.
509.,25824.
510.,25824.
511.,25825.
512.,25828.
513.,25828.
514.,25829.
515.,25828.
516.,25829.
517.,25828.
518.,25828.
519.,25828.
520.,25830.
521.,25830.
522.,25831.
523.,25832.
524.,25833.
525.,25833.
526.,25833.
527.,25831.
528.,25831.
529.,25832.
530.,25832.
531.,25833.
532.,25834.
533.,25833.
534.,25833.
535.,25834.
536.,25833.
537.,25833.
538.,25834.
539.,25835.
540.,25839.
541.,25840.
542.,25843.
543.,25842.
544.,25842.
545.,25842.
546.,25842.
547.,25840.
548.,25842.
549.,25843.
550.,25846.
551.,25848.
552.,25848.
553.,25848.
554.,25848.
555.,25849.
556.,25850.
557.,25853.
558.,25854.
559.,25853.
560.,25853.
561.,25853.
562.,25853.
563.,25854.
564.,25856.
565.,25857.
566.,25857.
567.,25859.
568.,25860.
569.,25860.
570.,25860.
571.,25860.
572.,25861.
573.,25861.
574.,25861.
575.,25861.
576.,25861.
577.,25861.
578.,25861.
579.,25861.
580.,25862.
581.,25861.
582.,25861.
583.,25861.
584.,25861.
585.,25863.
586.,25863.
587.,25863.
588.,25864.
589.,25863.
590.,25863.
591.,25862.
592.,25862.
593.,25863.
594.,25863.
595.,25864.
596.,25864.
597.,25864.
598.,25865.
599.,25867.
600.,25867.
601.,25867.
602.,25868.
603.,25868.
604.,25868.
605.,25868.
606.,25868.
607.,25868.
608.,25868.
609.,25868.
610.,25869.
611.,25869.
612.,25869.
613.,25870.
614.,25870.
615.,25870.
616.,25870.
617.,25871.
618.,25872.
619.,25872.
620.,25872.
621.,25872.
622.,25872.
623.,25874.
624.,25875.
625.,25874.
626.,25872.
627.,25874.
628.,25874.
629.,25877.
630.,25878.
631.,25878.
632.,25878.
633.,25878.
634.,25877.
635.,25877.
636.,25877.
637.,25877.
638.,25877.
639.,25877.
640.,25877.
641.,25877.
642.,25877.
643.,25877.
644.,25879.
645.,25880.
646.,25878.
647.,25879.
648.,25880.
649.,25879.
650.,25879.
651.,25879.
652.,25881.
653.,25881.
654.,25882.
655.,25883.
656.,25882.
657.,25883.
658.,25883.
659.,25884.
660.,25884.
661.,25886.
662.,25888.
663.,25888.
664.,25889.
665.,25889.
666.,25889.
667.,25889.
668.,25889.
669.,25889.
670.,25890.
671.,25890.
672.,25891.
673.,25891.
674.,25892.
675.,25892.
676.,25892.
677.,25894.
678.,25894.
679.,25895.
680.,25895.
681.,25896.
682.,25895.
683.,25895.
684.,25894.
685.,25894.
686.,25894.
687.,25894.
688.,25894.
689.,25894.
690.,25894.
691.,25894.
692.,25894.
693.,25894.
694.,25894.
695.,25894.
696.,25894.
697.,25894.
698.,25895.
699.,25896.
700.,25896.
701.,25897.
702.,25896.
703.,25899.
704.,25900.
705.,25902.
706.,25904.
707.,25906.
708.,25904.
709.,25905.
710.,25906.
711.,25907.
712.,25907.
713.,25906.
714.,25905.
715.,25906.
716.,25906.
717.,25906.
718.,25907.
719.,25907.
720.,25908.
721.,25908.
722.,25908.
723.,25907.
724.,25910.
725.,25908.
726.,25913.
727.,25917.
728.,25921.
729.,25922.
730.,25921.
731.,25921.
732.,25922.
733.,25922.
734.,25925.
735.,25924.
736.,25922.
737.,25924.
738.,25925.
739.,25925.
740.,25924.
741.,25922.
742.,25922.
743.,25921.
744.,25923.
745.,25924.
746.,25921.
747.,25921.
748.,25924.
749.,25930.
750.,25930.
751.,25930.
752.,25929.
753.,25931.
754.,25933.
755.,25935.
756.,25936.
757.,25934.
758.,25933.
759.,25936.
760.,25935.
761.,25937.
762.,25938.
763.,25939.
764.,25941.
765.,25940.
766.,25941.
767.,25942.
768.,25946.
769.,25947.
770.,25946.
771.,25950.
772.,25950.
773.,25952.
774.,25951.
775.,25950.
776.,25952.
777.,25952.
778.,25955.
779.,25952.
780.,25954.
781.,25955.
782.,25954.
783.,25955.
784.,25955.
785.,25954.
786.,25956.
787.,25957.
788.,25958.
789.,25958.
790.,25959.
791.,25958.
792.,25960.
793.,25959.
794.,25961.
795.,25957.
796.,25960.
797.,25961.
798.,25963.
799.,25963.
800.,25965.
801.,25967.
802.,25969.
803.,25971.
804.,25972.
805.,25972.
806.,25970.
807.,25969.
808.,25969.
809.,25974.
810.,25974.
811.,25977.
812.,25976.
813.,25977.
814.,25976.
815.,25979.
816.,25978.
817.,25974.
818.,25972.
819.,25972.
820.,25973.
821.,25975.
822.,25973.
823.,25971.
824.,25973.
825.,25974.
826.,25973.
827.,25970.
828.,25969.
829.,25965.
830.,25964.
831.,25964.
832.,25959.
833.,25956.
834.,25956.
835.,25954.
836.,25951.
837.,25950.
838.,25947.
839.,25948.
840.,25946.
841.,25946.
842.,25947.
843.,25947.
844.,25945.
845.,25943.
846.,25942.
847.,25943.
848.,25940.
849.,25941.
850.,25941.
851.,25945.
852.,25942.
853.,25941.
854.,25937.
855.,25940.
856.,25940.
857.,25943.
858.,25942.
859.,25940.
860.,25943.
861.,25942.
862.,25940.
863.,25944.
864.,25946.
865.,25945.
866.,25948.
867.,25948.
868.,25947.
869.,25948.
870.,25945.
871.,25945.
872.,25949.
873.,25951.
874.,25952.
875.,25955.
876.,25953.
877.,25952.
878.,25954.
879.,25952.
880.,25949.
881.,25945.
882.,25943.
883.,25942.
884.,25943.
885.,25943.
886.,25943.
887.,25942.
888.,25942.
889.,25940.
890.,25937.
891.,25942.
892.,25942.
893.,25943.
894.,25940.
895.,25939.
896.,25940.
897.,25940.
898.,25941.
899.,25940.
900.,25939.
901.,25940.
902.,25938.
903.,25936.
904.,25937.
905.,25937.
906.,25938.
907.,25937.
908.,25936.
909.,25934.
910.,25936.
911.,25934.
912.,25932.
913.,25932.
914.,25933.
915.,25933.
916.,25935.
917.,25934.
918.,25933.
919.,25930.
920.,25930.
921.,25928.
922.,25927.
923.,25925.
924.,25923.
925.,25921.
926.,25918.
927.,25910.
928.,25907.
929.,25902.
930.,25900.
931.,25894.
932.,25892.
933.,25889.
934.,25887.
935.,25885.
936.,25881.
937.,25881.
938.,25881.
939.,25878.
940.,25877.
941.,25872.
942.,25872.
943.,25872.
944.,25871.
945.,25871.
946.,25871.
947.,25869.
948.,25870.
949.,25869.
950.,25869.
951.,25865.
952.,25867.
953.,25865.
954.,25868.
955.,25866.
956.,25865.
957.,25865.
958.,25860.
959.,25861.
960.,25860.
961.,25857.
962.,25856.
963.,25855.
964.,25851.
965.,25848.
966.,25847.
967.,25845.
968.,25844.
969.,25841.
970.,25839.
971.,25841.
972.,25840.
973.,25840.
974.,25839.
975.,25836.
976.,25836.
977.,25833.
978.,25834.
979.,25834.
980.,25833.
981.,25835.
982.,25835.
983.,25833.
984.,25831.
985.,25828.
986.,25825.
987.,25826.
988.,25826.
989.,25822.
990.,25821.
991.,25823.
992.,25821.
993.,25819.
994.,25818.
995.,25817.
996.,25816.
997.,25815.
998.,25813.
999.,25810.
1000.,25811.
1001.,25811.
1002.,25809.
1003.,25806.
1004.,25806.
1005.,25803.
1006.,25801.
1007.,25800.
1008.,25796.
1009.,25797.
1010.,25797.
1011.,25797.
1012.,25800.
1013.,25799.
1014.,25796.
1015.,25798.
1016.,25797.
1017.,25798.
1018.,25797.
1019.,25797.
1020.,25796.
1021.,25799.
1022.,25797.
1023.,25794.
1024.,25795.
1025.,25788.
1026.,25785.
1027.,25783.
1028.,25782.
1029.,25780.
1030.,25779.
1031.,25777.
1032.,25771.
1033.,25766.
1034.,25760.
1035.,25752.
1036.,25750.
1037.,25746.
1038.,25744.
1039.,25741.
1040.,25739.
1041.,25739.
1042.,25737.
1043.,25732.
1044.,25731.
1045.,25729.
1046.,25723.
1047.,25722.
1048.,25721.
1049.,25719.
1050.,25718.
1051.,25717.
1052.,25712.
1053.,25709.
1054.,25709.
1055.,25708.
1056.,25705.
1057.,25705.
1058.,25706.
1059.,25705.
1060.,25707.
1061.,25705.
1062.,25704.
1063.,25705.
1064.,25705.
1065.,25705.
1066.,25705.
1067.,25705.
1068.,25706.
1069.,25703.
1070.,25704.
1071.,25702.
1072.,25704.
1073.,25699.
1074.,25698.
1075.,25697.
1076.,25695.
1077.,25696.
1078.,25697.
1079.,25694.
1080.,25693.
1081.,25691.
1082.,25692.
1083.,25692.
1084.,25693.
1085.,25688.
1086.,25691.
1087.,25689.
1088.,25688.
1089.,25689.
1090.,25687.
1091.,25687.
1092.,25682.
1093.,25683.
1094.,25681.
1095.,25681.
1096.,25684.
1097.,25681.
1098.,25684.
1099.,25685.
1100.,25683.
1101.,25685.
1102.,25685.
1103.,25683.
1104.,25683.
1105.,25687.
1106.,25687.
1107.,25687.
1108.,25688.
1109.,25687.
1110.,25687.
1111.,25686.
1112.,25686.
1113.,25686.
1114.,25686.
1115.,25687.
1116.,25687.
1117.,25687.
1118.,25687.
1119.,25687.
1120.,25687.
1121.,25687.
1122.,25687.
1123.,25684.
1124.,25684.
1125.,25684.
1126.,25684.
1127.,25682.
1128.,25680.
1129.,25680.
1130.,25681.
1131.,25680.
1132.,25680.
1133.,25678.
1134.,25677.
1135.,25677.
1136.,25679.
1137.,25678.
1138.,25678.
1139.,25678.
1140.,25676.
1141.,25676.
1142.,25677.
1143.,25676.
1144.,25676.
1145.,25676.
1146.,25675.
1147.,25673.
1148.,25674.
1149.,25670.
1150.,25669.
1151.,25668.
1152.,25670.
1153.,25669.
1154.,25673.
1155.,25674.
1156.,25672.
1157.,25679.
1158.,25679.
1159.,25681.
1160.,25679.
1161.,25680.
1162.,25679.
1163.,25676.
1164.,25675.
1165.,25674.
1166.,25674.
1167.,25674.
1168.,25675.
1169.,25676.
1170.,25679.
1171.,25679.
1172.,25681.
1173.,25682.
1174.,25685.
1175.,25682.
1176.,25683.
1177.,25685.
1178.,25684.
1179.,25683.
1180.,25683.
1181.,25680.
1182.,25679.
1183.,25682.
1184.,25681.
1185.,25680.
1186.,25681.
1187.,25680.
1188.,25685.
1189.,25685.
1190.,25683.
1191.,25686.
1192.,25686.
1193.,25687.
1194.,25686.
1195.,25686.
1196.,25685.
1197.,25686.
1198.,25683.
1199.,25681.
1200.,25683.
1201.,25685.
1202.,25684.
1203.,25686.
1204.,25686.
1205.,25687.
1206.,25687.
1207.,25685.
1208.,25687.
1209.,25688.
1210.,25689.
1211.,25689.
1212.,25690.
1213.,25688.
1214.,25688.
1215.,25689.
1216.,25688.
1217.,25688.
1218.,25690.
1219.,25689.
1220.,25689.
1221.,25692.
1222.,25696.
1223.,25692.
1224.,25692.
1225.,25690.
1226.,25691.
1227.,25692.
1228.,25696.
1229.,25692.
1230.,25692.
1231.,25692.
1232.,25693.
1233.,25696.
1234.,25695.
1235.,25696.
1236.,25696.
1237.,25697.
1238.,25696.
1239.,25696.
1240.,25697.
1241.,25697.
1242.,25697.
1243.,25697.
1244.,25699.
1245.,25699.
1246.,25698.
1247.,25698.
1248.,25698.
1249.,25698.
1250.,25700.
1251.,25700.
1252.,25700.
1253.,25699.
1254.,25699.
1255.,25698.
1256.,25698.
1257.,25697.
1258.,25697.
1259.,25697.
1260.,25697.
1261.,25696.
1262.,25697.
1263.,25698.
1264.,25698.
1265.,25699.
1266.,25699.
1267.,25699.
1268.,25699.
1269.,25699.
1270.,25699.
1271.,25700.
1272.,25700.
1273.,25699.
1274.,25700.
1275.,25700.
1276.,25699.
1277.,25699.
1278.,25700.
1279.,25700.
1280.,25701.
1281.,25699.
1282.,25696.
1283.,25697.
1284.,25693.
1285.,25693.
1286.,25692.
1287.,25690.
1288.,25688.
1289.,25687.
1290.,25687.
1291.,25690.
1292.,25689.
1293.,25692.
1294.,25691.
1295.,25693.
1296.,25695.
1297.,25695.
1298.,25696.
1299.,25696.
1300.,25696.
1301.,25697.
1302.,25695.
1303.,25696.
1304.,25696.
1305.,25696.
1306.,25696.
1307.,25696.
1308.,25697.
1309.,25696.
1310.,25696.
1311.,25696.
1312.,25695.
1313.,25695.
1314.,25695.
1315.,25695.
1316.,25695.
1317.,25696.
1318.,25696.
1319.,25697.
1320.,25697.
1321.,25696.
1322.,25695.
1323.,25696.
1324.,25697.
1325.,25697.
1326.,25697.
1327.,25697.
1328.,25697.
1329.,25697.
1330.,25697.
1331.,25698.
1332.,25697.
1333.,25697.
1334.,25697.
1335.,25697.
1336.,25697.
1337.,25698.
1338.,25697.
1339.,25697.
1340.,25698.
1341.,25699.
1342.,25698.
1343.,25698.
1344.,25698.
1345.,25699.
1346.,25698.
1347.,25700.
1348.,25700.
1349.,25701.
1350.,25700.
1351.,25700.
1352.,25700.
1353.,25700.
1354.,25700.
1355.,25700.
1356.,25700.
1357.,25700.
1358.,25700.
1359.,25700.
1360.,25700.
1361.,25700.
1362.,25701.
1363.,25701.
1364.,25701.
1365.,25700.
1366.,25700.
1367.,25700.
1368.,25701.
1369.,25700.
1370.,25701.
1371.,25701.
1372.,25702.
1373.,25701.
1374.,25703.
1375.,25703.
1376.,25703.
1377.,25703.
1378.,25703.
1379.,25703.
1380.,25703.
1381.,25703.
1382.,25705.
1383.,25706.
1384.,25706.
1385.,25706.
1386.,25706.
1387.,25706.
1388.,25706.
1389.,25706.
1390.,25706.
1391.,25708.
1392.,25706.
1393.,25706.
1394.,25707.
1395.,25707.
1396.,25706.
1397.,25706.
1398.,25706.
1399.,25706.
1400.,25706.
1401.,25706.
1402.,25706.
1403.,25707.
1404.,25706.
1405.,25703.
1406.,25705.
1407.,25705.
1408.,25706.
1409.,25703.
1410.,25703.
1411.,25707.
1412.,25707.
1413.,25707.
1414.,25707.
1415.,25706.
1416.,25706.
1417.,25705.
1418.,25706.
1419.,25707.
1420.,25707.
1421.,25704.
1422.,25703.
1423.,25703.
1424.,25702.
1425.,25704.
1426.,25706.
1427.,25706.
1428.,25705.
1429.,25706.
1430.,25705.
1431.,25706.
1432.,25705.
1433.,25705.
1434.,25708.
1435.,25707.
1436.,25708.
1437.,25708.
1438.,25708.
1439.,25708.
1440.,25708.
1441.,25709.
1442.,25708.
1443.,25708.
1444.,25708.
1445.,25707.
1446.,25707.
1447.,25708.
1448.,25710.
1449.,25712.
1450.,25713.
1451.,25713.
1452.,25713.
1453.,25714.
1454.,25714.
1455.,25714.
1456.,25715.
1457.,25715.
1458.,25715.
1459.,25715.
1460.,25715.
1461.,25717.
1462.,25717.
1463.,25717.
1464.,25717.
1465.,25716.
1466.,25718.
1467.,25718.
1468.,25718.
1469.,25716.
1470.,25717.
1471.,25718.
1472.,25718.
1473.,25719.
1474.,25720.
1475.,25719.
1476.,25720.
1477.,25722.
1478.,25720.
1479.,25720.
1480.,25720.
1481.,25721.
1482.,25722.
1483.,25723.
1484.,25723.
1485.,25723.
1486.,25723.
1487.,25723.
1488.,25723.
1489.,25723.
1490.,25721.
1491.,25723.
1492.,25722.
1493.,25722.
1494.,25722.
1495.,25722.
1496.,25722.
1497.,25722.
1498.,25722.
1499.,25722.
1500.,25722.
1501.,25723.
1502.,25722.
1503.,25722.
1504.,25722.
1505.,25723.
1506.,25723.
1507.,25724.
1508.,25724.
1509.,25724.
1510.,25724.
1511.,25722.
1512.,25723.
1513.,25725.
1514.,25725.
1515.,25724.
1516.,25724.
1517.,25724.
1518.,25725.
1519.,25725.
1520.,25725.
1521.,25725.
1522.,25726.
1523.,25726.
1524.,25727.
1525.,25727.
1526.,25727.
1527.,25727.
1528.,25727.
1529.,25727.
1530.,25727.
1531.,25728.
1532.,25728.
1533.,25729.
1534.,25727.
1535.,25727.
1536.,25728.
1537.,25728.
1538.,25730.
1539.,25729.
1540.,25728.
1541.,25729.
1542.,25729.
1543.,25729.
1544.,25729.
1545.,25730.
1546.,25729.
1547.,25730.
1548.,25730.
1549.,25729.
1550.,25729.
1551.,25729.
1552.,25729.
1553.,25729.
1554.,25730.
1555.,25730.
1556.,25730.
1557.,25730.
1558.,25731.
1559.,25731.
1560.,25731.
1561.,25730.
1562.,25731.
1563.,25730.
1564.,25730.
1565.,25730.
1566.,25730.
1567.,25730.
1568.,25730.
1569.,25730.
1570.,25731.
1571.,25732.
1572.,25732.
1573.,25733.
1574.,25733.
1575.,25733.
1576.,25733.
1577.,25733.
1578.,25733.
1579.,25733.
1580.,25733.
1581.,25733.
1582.,25733.
1583.,25733.
1584.,25731.
1585.,25730.
1586.,25731.
1587.,25731.
1588.,25732.
1589.,25730.
1590.,25730.
1591.,25729.
1592.,25729.
1593.,25730.
1594.,25730.
1595.,25729.
1596.,25729.
1597.,25732.
1598.,25730.
1599.,25729.
1600.,25729.
1601.,25731.
1602.,25729.
1603.,25728.
1604.,25729.
1605.,25728.
1606.,25729.
1607.,25729.
1608.,25729.
1609.,25730.
1610.,25730.
1611.,25728.
1612.,25729.
1613.,25727.
1614.,25728.
1615.,25728.
1616.,25729.
1617.,25730.
1618.,25729.
1619.,25730.
1620.,25730.
1621.,25731.
1622.,25729.
1623.,25728.
1624.,25730.
1625.,25730.
1626.,25732.
1627.,25731.
1628.,25733.
1629.,25731.
1630.,25731.
1631.,25731.
1632.,25733.
1633.,25732.
1634.,25732.
1635.,25731.
1636.,25731.
1637.,25731.
1638.,25731.
1639.,25731.
1640.,25734.
1641.,25735.
1642.,25735.
1643.,25736.
1644.,25737.
1645.,25738.
1646.,25739.
1647.,25738.
1648.,25739.
1649.,25738.
1650.,25739.
1651.,25740.
1652.,25741.
1653.,25741.
1654.,25742.
1655.,25741.
1656.,25742.
1657.,25743.
1658.,25743.
1659.,25743.
1660.,25743.
1661.,25742.
1662.,25741.
1663.,25741.
1664.,25743.
1665.,25743.
1666.,25744.
1667.,25743.
1668.,25743.
1669.,25743.
1670.,25745.
1671.,25744.
1672.,25745.
1673.,25747.
1674.,25746.
1675.,25747.
1676.,25748.
1677.,25747.
1678.,25747.
1679.,25747.
1680.,25747.
1681.,25747.
1682.,25747.
1683.,25748.
1684.,25747.
1685.,25747.
1686.,25747.
1687.,25747.
1688.,25748.
1689.,25749.
1690.,25749.
1691.,25750.
1692.,25751.
1693.,25751.
1694.,25751.
1695.,25751.
1696.,25751.
1697.,25751.
1698.,25753.
1699.,25753.
1700.,25753.
1701.,25752.
1702.,25751.
1703.,25751.
1704.,25752.
1705.,25752.
1706.,25752.
1707.,25753.
1708.,25752.
1709.,25753.
1710.,25753.
1711.,25753.
1712.,25752.
1713.,25755.
1714.,25755.
1715.,25754.
1716.,25756.
1717.,25756.
1718.,25755.
1719.,25756.
1720.,25756.
1721.,25756.
1722.,25756.
1723.,25756.
1724.,25756.
1725.,25759.
1726.,25761.
1727.,25761.
1728.,25762.
1729.,25763.
1730.,25763.
1731.,25762.
1732.,25763.
1733.,25762.
1734.,25761.
1735.,25762.
1736.,25762.
1737.,25762.
1738.,25762.
1739.,25762.
1740.,25763.
1741.,25762.
1742.,25763.
1743.,25763.
1744.,25763.
1745.,25763.
1746.,25763.
1747.,25763.
1748.,25764.
1749.,25764.
1750.,25764.
1751.,25764.
1752.,25764.
1753.,25764.
1754.,25764.
1755.,25764.
1756.,25763.
1757.,25764.
1758.,25764.
1759.,25763.
1760.,25764.
1761.,25764.
1762.,25764.
1763.,25764.
1764.,25764.
1765.,25764.
1766.,25764.
1767.,25764.
1768.,25764.
1769.,25764.
1770.,25765.
1771.,25765.
1772.,25765.
1773.,25765.
1774.,25765.
1775.,25765.
1776.,25766.
1777.,25765.
1778.,25765.
1779.,25766.
1780.,25766.
1781.,25766.
1782.,25766.
1783.,25766.
1784.,25766.
1785.,25767.
1786.,25767.
1787.,25766.
1788.,25765.
1789.,25765.
1790.,25767.
1791.,25768.
1792.,25767.
1793.,25766.
1794.,25766.
1795.,25765.
1796.,25765.
1797.,25765.
1798.,25766.
1799.,25765.
1800.,25764.
1801.,25765.
1802.,25764.
1803.,25764.
1804.,25765.
1805.,25765.
1806.,25765.
1807.,25765.
1808.,25765.
1809.,25765.
1810.,25765.
1811.,25764.
1812.,25764.
1813.,25765.
1814.,25764.
1815.,25764.
1816.,25764.
1817.,25766.
1818.,25765.
1819.,25767.
1820.,25767.
1821.,25768.
1822.,25766.
1823.,25767.
1824.,25768.
1825.,25768.
1826.,25769.
1827.,25770.
1828.,25770.
1829.,25767.
1830.,25767.
1831.,25766.
1832.,25764.
1833.,25766.
1834.,25766.
1835.,25764.
1836.,25768.
1837.,25767.
1838.,25767.
1839.,25770.
1840.,25770.
1841.,25772.
1842.,25771.
1843.,25769.
1844.,25769.
1845.,25769.
1846.,25769.
1847.,25769.
1848.,25770.
1849.,25770.
1850.,25771.
1851.,25770.
1852.,25770.
1853.,25770.
1854.,25770.
1855.,25770.
1856.,25770.
1857.,25770.
1858.,25770.
1859.,25770.
1860.,25770.
1861.,25771.
1862.,25772.
1863.,25772.
1864.,25772.
1865.,25772.
1866.,25772.
1867.,25772.
1868.,25773.
1869.,25772.
1870.,25772.
1871.,25772.
1872.,25772.
1873.,25772.
1874.,25772.
1875.,25772.
1876.,25772.
1877.,25772.
1878.,25772.
1879.,25772.
1880.,25772.
1881.,25772.
1882.,25772.
1883.,25771.
1884.,25771.
1885.,25772.
1886.,25772.
1887.,25772.
1888.,25772.
1889.,25772.
1890.,25774.
1891.,25775.
1892.,25775.
1893.,25775.
1894.,25776.
1895.,25776.
1896.,25775.
1897.,25776.
1898.,25776.
1899.,25776.
1900.,25777.
1901.,25777.
1902.,25778.
1903.,25778.
1904.,25779.
1905.,25780.
1906.,25780.
1907.,25780.
1908.,25780.
1909.,25780.
1910.,25781.
1911.,25780.
1912.,25781.
1913.,25781.
1914.,25781.
1915.,25782.
1916.,25784.
1917.,25783.
1918.,25782.
1919.,25782.
1920.,25782.
1921.,25782.
1922.,25782.
1923.,25784.
1924.,25784.
1925.,25784.
1926.,25784.
1927.,25785.
1928.,25785.
1929.,25784.
1930.,25785.
1931.,25786.
1932.,25785.
1933.,25787.
1934.,25787.
1935.,25787.
1936.,25787.
1937.,25787.
1938.,25788.
1939.,25788.
1940.,25788.
1941.,25789.
1942.,25790.
1943.,25790.
1944.,25790.
1945.,25790.
1946.,25789.
1947.,25790.
1948.,25790.
1949.,25790.
1950.,25789.
1951.,25789.
1952.,25790.
1953.,25789.
1954.,25789.
1955.,25789.
1956.,25790.
1957.,25790.
1958.,25790.
1959.,25790.
1960.,25790.
1961.,25790.
1962.,25790.
1963.,25790.
1964.,25790.
1965.,25791.
1966.,25791.
1967.,25792.
1968.,25792.
1969.,25791.
1970.,25791.
1971.,25792.
1972.,25793.
1973.,25793.
1974.,25793.
1975.,25793.
1976.,25793.
1977.,25793.
1978.,25794.
1979.,25794.
1980.,25794.
1981.,25792.
1982.,25791.
1983.,25792.
1984.,25793.
1985.,25793.
1986.,25793.
1987.,25793.
1988.,25793.
1989.,25793.
1990.,25793.
1991.,25794.
1992.,25794.
1993.,25796.
1994.,25795.
1995.,25796.
1996.,25796.
1997.,25796.
1998.,25796.
1999.,25795.
2000.,25795.
2001.,25796.
2002.,25796.
2003.,25796.
2004.,25796.
2005.,25797.
2006.,25796.
2007.,25796.
2008.,25796.
2009.,25797.
2010.,25796.
2011.,25798.
2012.,25799.
2013.,25799.
2014.,25800.
2015.,25799.
2016.,25799.
2017.,25799.
2018.,25799.
2019.,25799.
2020.,25799.
2021.,25799.
2022.,25799.
2023.,25800.
2024.,25800.
2025.,25801.
2026.,25802.
2027.,25802.
2028.,25803.
2029.,25803.
2030.,25803.
2031.,25803.
2032.,25804.
2033.,25806.
2034.,25806.
2035.,25806.
2036.,25806.
2037.,25806.
2038.,25806.
2039.,25806.
2040.,25806.
2041.,25806.
2042.,25806.
2043.,25806.
2044.,25806.
2045.,25806.
2046.,25806.
2047.,25806.
2048.,25806.
2049.,25805.
2050.,25805.
2051.,25806.
2052.,25808.
2053.,25808.
2054.,25807.
2055.,25807.
2056.,25807.
2057.,25807.
2058.,25808.
2059.,25807.
2060.,25807.
2061.,25808.
2062.,25808.
2063.,25810.
2064.,25810.
2065.,25811.
2066.,25811.
2067.,25811.
2068.,25810.
2069.,25811.
2070.,25811.
2071.,25810.
2072.,25812.
2073.,25812.
2074.,25812.
2075.,25812.
2076.,25812.
2077.,25812.
2078.,25812.
2079.,25812.
2080.,25812.
2081.,25813.
2082.,25812.
2083.,25812.
2084.,25812.
2085.,25812.
2086.,25812.
2087.,25812.
2088.,25812.
2089.,25812.
2090.,25812.
2091.,25812.
2092.,25813.
2093.,25812.
2094.,25812.
2095.,25812.
2096.,25812.
2097.,25812.
2098.,25812.
2099.,25812.
2100.,25812.
2101.,25813.
2102.,25814.
2103.,25814.
2104.,25813.
2105.,25813.
2106.,25814.
2107.,25814.
2108.,25814.
2109.,25814.
2110.,25814.
2111.,25814.
2112.,25813.
2113.,25815.
2114.,25818.
2115.,25818.
2116.,25818.
2117.,25818.
2118.,25818.
2119.,25818.
2120.,25818.
2121.,25818.
2122.,25818.
2123.,25818.
2124.,25818.
2125.,25818.
2126.,25818.
2127.,25818.
2128.,25817.
2129.,25818.
2130.,25818.
2131.,25818.
2132.,25818.
2133.,25818.
2134.,25818.
2135.,25818.
2136.,25818.
2137.,25818.
2138.,25818.
2139.,25818.
2140.,25819.
2141.,25818.
2142.,25818.
2143.,25820.
2144.,25820.
2145.,25820.
2146.,25820.
2147.,25820.
2148.,25819.
2149.,25819.
2150.,25820.
2151.,25819.
2152.,25818.
2153.,25819.
2154.,25820.
2155.,25820.
2156.,25820.
2157.,25821.
2158.,25820.
2159.,25820.
2160.,25821.
2161.,25821.
2162.,25822.
2163.,25821.
2164.,25822.
2165.,25822.
2166.,25821.
2167.,25821.
2168.,25821.
2169.,25822.
2170.,25822.
2171.,25819.
2172.,25819.
2173.,25820.
2174.,25820.
2175.,25821.
2176.,25822.
2177.,25823.
2178.,25822.
2179.,25822.
2180.,25822.
2181.,25821.
2182.,25821.
2183.,25821.
2184.,25821.
2185.,25822.
2186.,25823.
2187.,25823.
2188.,25824.
2189.,25823.
2190.,25824.
2191.,25824.
2192.,25824.
2193.,25826.
2194.,25825.
2195.,25824.
2196.,25827.
2197.,25827.
2198.,25828.
2199.,25826.
2200.,25827.
2201.,25828.
2202.,25829.
2203.,25830.
2204.,25829.
2205.,25827.
2206.,25828.
2207.,25826.
2208.,25825.
2209.,25824.
2210.,25826.
2211.,25827.
2212.,25825.
2213.,25824.
2214.,25822.
2215.,25822.
2216.,25823.
2217.,25826.
2218.,25827.
2219.,25827.
2220.,25825.
2221.,25824.
2222.,25824.
2223.,25826.
2224.,25826.
2225.,25824.
2226.,25825.
2227.,25825.
2228.,25825.
2229.,25826.
2230.,25827.
2231.,25827.
2232.,25827.
2233.,25826.
2234.,25826.
2235.,25826.
2236.,25826.
2237.,25827.
2238.,25826.
2239.,25827.
2240.,25828.
2241.,25828.
2242.,25829.
2243.,25829.
2244.,25830.
2245.,25830.
2246.,25829.
2247.,25830.
2248.,25830.
2249.,25829.
2250.,25828.
2251.,25830.
2252.,25829.
2253.,25830.
2254.,25832.
2255.,25833.
2256.,25832.
2257.,25836.
2258.,25836.
2259.,25836.
2260.,25836.
2261.,25835.
2262.,25835.
2263.,25836.
2264.,25836.
2265.,25836.
2266.,25836.
2267.,25837.
2268.,25838.
2269.,25837.
2270.,25839.
2271.,25840.
2272.,25842.
2273.,25841.
2274.,25841.
2275.,25842.
2276.,25837.
2277.,25840.
2278.,25836.
2279.,25838.
2280.,25837.
2281.,25838.
2282.,25836.
2283.,25836.
2284.,25835.
2285.,25836.
2286.,25835.
2287.,25834.
2288.,25833.
2289.,25834.
2290.,25835.
2291.,25834.
2292.,25835.
2293.,25835.
2294.,25836.
2295.,25836.
2296.,25835.
2297.,25836.
2298.,25836.
2299.,25836.
2300.,25836.
2301.,25836.
2302.,25835.
2303.,25835.
2304.,25835.
2305.,25835.
2306.,25835.
2307.,25835.
2308.,25835.
2309.,25835.
2310.,25835.
2311.,25835.
2312.,25835.
2313.,25835.
2314.,25835.
2315.,25835.
2316.,25835.
2317.,25835.
2318.,25836.
2319.,25837.
2320.,25835.
2321.,25835.
2322.,25835.
2323.,25836.
2324.,25836.
2325.,25836.
2326.,25836.
2327.,25836.
2328.,25836.
2329.,25836.
2330.,25836.
2331.,25836.
2332.,25837.
2333.,25837.
2334.,25837.
2335.,25837.
2336.,25836.
2337.,25837.
2338.,25837.
2339.,25838.
2340.,25837.
2341.,25837.
2342.,25837.
2343.,25837.
2344.,25837.
2345.,25837.
2346.,25836.
2347.,25837.
2348.,25837.
2349.,25836.
2350.,25836.
2351.,25839.
2352.,25840.
2353.,25840.
2354.,25840.
2355.,25840.
2356.,25840.
2357.,25840.
2358.,25840.
2359.,25840.
2360.,25840.
2361.,25841.
2362.,25842.
2363.,25841.
2364.,25841.
2365.,25842.
2366.,25842.
2367.,25843.
2368.,25843.
2369.,25843.
2370.,25843.
2371.,25842.
2372.,25843.
2373.,25843.
2374.,25843.
2375.,25843.
2376.,25843.
2377.,25844.
2378.,25843.
2379.,25843.
2380.,25843.
2381.,25843.
2382.,25843.
2383.,25843.
2384.,25843.
2385.,25843.
2386.,25843.
2387.,25843.
2388.,25843.
2389.,25843.
2390.,25845.
2391.,25845.
2392.,25845.
2393.,25845.
2394.,25845.
2395.,25845.
2396.,25845.
2397.,25845.
2398.,25845.
2399.,25845.
2400.,25845.
2401.,25846.
2402.,25846.
2403.,25846.
2404.,25846.
2405.,25846.
2406.,25846.
2407.,25846.
2408.,25846.
2409.,25846.
2410.,25846.
2411.,25846.
2412.,25845.
2413.,25847.
2414.,25845.
2415.,25845.
2416.,25845.
2417.,25846.
2418.,25846.
2419.,25847.
2420.,25846.
2421.,25847.
2422.,25846.
2423.,25846.
2424.,25847.
2425.,25847.
2426.,25846.
2427.,25847.
2428.,25847.
2429.,25846.
2430.,25846.
2431.,25847.
2432.,25846.
2433.,25846.
2434.,25844.
2435.,25844.
2436.,25845.
2437.,25844.
2438.,25844.
2439.,25844.
2440.,25844.
2441.,25845.
2442.,25845.
2443.,25845.
2444.,25846.
2445.,25846.
2446.,25846.
2447.,25845.
2448.,25846.
2449.,25845.
2450.,25845.
2451.,25845.
2452.,25845.
2453.,25846.
2454.,25846.
2455.,25847.
2456.,25847.
2457.,25847.
2458.,25847.
2459.,25848.
2460.,25849.
2461.,25849.
2462.,25853.
2463.,25853.
2464.,25855.
2465.,25857.
2466.,25857.
2467.,25856.
2468.,25857.
2469.,25856.
2470.,25857.
2471.,25858.
2472.,25857.
2473.,25857.
2474.,25857.
2475.,25859.
2476.,25859.
2477.,25859.
2478.,25859.
2479.,25859.
2480.,25859.
2481.,25859.
2482.,25859.
2483.,25859.
2484.,25859.
2485.,25858.
2486.,25859.
2487.,25858.
2488.,25858.
2489.,25858.
2490.,25858.
2491.,25859.
2492.,25859.
2493.,25859.
2494.,25859.
2495.,25859.
2496.,25859.
2497.,25859.
2498.,25860.
2499.,25860.
2500.,25860.
2501.,25860.
2502.,25861.
2503.,25861.
2504.,25861.
2505.,25862.
2506.,25862.
2507.,25861.
2508.,25861.
2509.,25861.
2510.,25861.
2511.,25861.
2512.,25861.
2513.,25861.
2514.,25861.
2515.,25861.
2516.,25861.
2517.,25861.
2518.,25862.
2519.,25862.
2520.,25862.
2521.,25862.
2522.,25864.
2523.,25862.
2524.,25862.
2525.,25862.
2526.,25862.
2527.,25863.
2528.,25863.
2529.,25863.
2530.,25863.
2531.,25868.
2532.,25866.
2533.,25867.
2534.,25867.
2535.,25867.
2536.,25866.
2537.,25867.
2538.,25868.
2539.,25868.
2540.,25868.
2541.,25868.
2542.,25868.
2543.,25868.
2544.,25868.
2545.,25869.
2546.,25869.
2547.,25869.
2548.,25869.
2549.,25869.
2550.,25869.
2551.,25869.
2552.,25869.
2553.,25869.
2554.,25869.
2555.,25869.
2556.,25869.
2557.,25870.
2558.,25870.
2559.,25870.
2560.,25871.
2561.,25871.
2562.,25871.
2563.,25872.
2564.,25872.
2565.,25872.
2566.,25872.
2567.,25872.
2568.,25872.
2569.,25872.
2570.,25872.
2571.,25871.
2572.,25871.
2573.,25871.
2574.,25871.
2575.,25871.
2576.,25871.
2577.,25871.
2578.,25871.
2579.,25871.
2580.,25872.
2581.,25872.
2582.,25872.
2583.,25871.
2584.,25871.
2585.,25872.
2586.,25872.
2587.,25873.
2588.,25873.
2589.,25874.
2590.,25874.
2591.,25875.
2592.,25874.
2593.,25874.
2594.,25874.
2595.,25876.
2596.,25875.
2597.,25875.
2598.,25874.
2599.,25875.
2600.,25875.
2601.,25874.
2602.,25874.
2603.,25874.
2604.,25875.
2605.,25875.
2606.,25875.
2607.,25875.
2608.,25875.
2609.,25875.
2610.,25875.
2611.,25875.
2612.,25876.
2613.,25876.
2614.,25876.
2615.,25876.
2616.,25876.
2617.,25876.
2618.,25876.
2619.,25876.
2620.,25876.
2621.,25876.
2622.,25877.
2623.,25877.
2624.,25877.
2625.,25877.
2626.,25877.
2627.,25877.
2628.,25877.
2629.,25877.
2630.,25877.
2631.,25877.
2632.,25878.
2633.,25878.
2634.,25877.
2635.,25877.
2636.,25878.
2637.,25878.
2638.,25877.
2639.,25877.
2640.,25878.
2641.,25877.
2642.,25877.
2643.,25877.
2644.,25877.
2645.,25877.
2646.,25877.
2647.,25877.
2648.,25878.
2649.,25879.
2650.,25879.
2651.,25880.
2652.,25880.
2653.,25882.
2654.,25882.
2655.,25882.
2656.,25881.
2657.,25882.
2658.,25882.
2659.,25882.
2660.,25883.
2661.,25885.
2662.,25885.
2663.,25885.
2664.,25885.
2665.,25885.
2666.,25885.
2667.,25885.
2668.,25885.
2669.,25885.
2670.,25885.
2671.,25886.
2672.,25885.
2673.,25887.
2674.,25887.
2675.,25887.
2676.,25887.
2677.,25887.
2678.,25888.
2679.,25888.
2680.,25888.
2681.,25887.
2682.,25888.
2683.,25888.
2684.,25889.
2685.,25890.
2686.,25890.
2687.,25890.
2688.,25890.
2689.,25889.
2690.,25889.
2691.,25887.
2692.,25888.
2693.,25889.
2694.,25889.
2695.,25889.
2696.,25889.
2697.,25889.
2698.,25889.
2699.,25889.
2700.,25889.
2701.,25890.
2702.,25890.
2703.,25890.
2704.,25893.
2705.,25895.
2706.,25894.
2707.,25894.
2708.,25895.
2709.,25894.
2710.,25895.
2711.,25895.
2712.,25895.
2713.,25896.
2714.,25897.
2715.,25896.
2716.,25895.
2717.,25895.
2718.,25895.
2719.,25894.
2720.,25895.
2721.,25896.
2722.,25896.
2723.,25896.
2724.,25897.
2725.,25898.
2726.,25897.
2727.,25897.
2728.,25897.
2729.,25897.
2730.,25897.
2731.,25893.
2732.,25893.
2733.,25895.
2734.,25896.
2735.,25895.
2736.,25898.
2737.,25898.
2738.,25899.
2739.,25899.
2740.,25900.
2741.,25900.
2742.,25899.
2743.,25900.
2744.,25902.
2745.,25903.
2746.,25903.
2747.,25901.
2748.,25902.
2749.,25902.
2750.,25903.
2751.,25904.
2752.,25905.
2753.,25905.
2754.,25904.
2755.,25905.
2756.,25906.
2757.,25906.
2758.,25906.
2759.,25905.
2760.,25905.
2761.,25903.
2762.,25903.
2763.,25903.
2764.,25903.
2765.,25903.
2766.,25901.
2767.,25900.
2768.,25900.
2769.,25901.
2770.,25902.
2771.,25903.
2772.,25901.
2773.,25901.
2774.,25900.
2775.,25901.
2776.,25900.
2777.,25901.
2778.,25901.
2779.,25901.
2780.,25899.
2781.,25899.
2782.,25902.
2783.,25902.
2784.,25902.
2785.,25902.
2786.,25902.
2787.,25904.
2788.,25906.
2789.,25907.
2790.,25905.
2791.,25906.
2792.,25906.
2793.,25907.
2794.,25906.
2795.,25906.
2796.,25906.
2797.,25907.
2798.,25907.
2799.,25907.
2800.,25908.
2801.,25907.
2802.,25908.
2803.,25909.
2804.,25909.
2805.,25908.
2806.,25910.
2807.,25910.
2808.,25910.
2809.,25909.
2810.,25908.
2811.,25908.
2812.,25906.
2813.,25906.
2814.,25906.
2815.,25909.
2816.,25909.
2817.,25908.
2818.,25908.
2819.,25909.
2820.,25909.
2821.,25910.
2822.,25910.
2823.,25909.
2824.,25909.
2825.,25909.
2826.,25910.
2827.,25909.
2828.,25908.
2829.,25910.
2830.,25914.
2831.,25913.
2832.,25912.
2833.,25911.
2834.,25908.
2835.,25908.
2836.,25907.
2837.,25907.
2838.,25908.
2839.,25907.
2840.,25907.
2841.,25908.
2842.,25907.
2843.,25907.
2844.,25907.
2845.,25908.
2846.,25909.
2847.,25909.
2848.,25909.
2849.,25909.
2850.,25908.
2851.,25908.
2852.,25908.
2853.,25910.
2854.,25906.
2855.,25907.
2856.,25908.
2857.,25908.
2858.,25904.
2859.,25902.
2860.,25903.
2861.,25903.
2862.,25903.
2863.,25907.
2864.,25904.
2865.,25904.
2866.,25902.
2867.,25903.
2868.,25906.
2869.,25909.
2870.,25909.
2871.,25911.
2872.,25908.
2873.,25910.
2874.,25911.
2875.,25912.
2876.,25909.
2877.,25909.
2878.,25909.
2879.,25912.
2880.,25909.
2881.,25907.
2882.,25905.
2883.,25906.
2884.,25905.
2885.,25907.
2886.,25908.
2887.,25907.
2888.,25907.
2889.,25906.
2890.,25907.
2891.,25907.
2892.,25904.
2893.,25906.
2894.,25908.
2895.,25908.
2896.,25907.
2897.,25909.
2898.,25909.
2899.,25910.
2900.,25910.
2901.,25911.
2902.,25912.
2903.,25915.
2904.,25914.
2905.,25912.
2906.,25914.
2907.,25916.
2908.,25916.
2909.,25915.
2910.,25915.
2911.,25915.
2912.,25916.
2913.,25916.
2914.,25917.
2915.,25917.
2916.,25913.
2917.,25913.
2918.,25912.
2919.,25910.
2920.,25913.
2921.,25912.
2922.,25912.
2923.,25913.
2924.,25914.
2925.,25912.
2926.,25912.
2927.,25913.
2928.,25913.
2929.,25915.
2930.,25917.
2931.,25914.
2932.,25915.
2933.,25915.
2934.,25916.
2935.,25918.
2936.,25919.
2937.,25919.
2938.,25919.
2939.,25918.
2940.,25918.
2941.,25916.
2942.,25913.
2943.,25913.
2944.,25912.
2945.,25913.
2946.,25912.
2947.,25916.
2948.,25919.
2949.,25919.
2950.,25919.
2951.,25920.
2952.,25921.
2953.,25922.
2954.,25923.
2955.,25924.
2956.,25924.
2957.,25927.
2958.,25928.
2959.,25929.
2960.,25929.
2961.,25930.
2962.,25931.
2963.,25931.
2964.,25930.
2965.,25930.
2966.,25930.
2967.,25931.
2968.,25931.
2969.,25932.
2970.,25932.
2971.,25931.
2972.,25931.
2973.,25932.
2974.,25933.
2975.,25934.
2976.,25934.
2977.,25934.
2978.,25936.
2979.,25935.
2980.,25937.
2981.,25939.
2982.,25940.
2983.,25939.
2984.,25939.
2985.,25941.
2986.,25941.
2987.,25941.
2988.,25940.
2989.,25940.
2990.,25942.
2991.,25942.
2992.,25942.
2993.,25943.
2994.,25945.
2995.,25946.
2996.,25945.
2997.,25946.
2998.,25946.
2999.,25946.
3000.,25946.
3001.,25946.
3002.,25946.
3003.,25946.
3004.,25946.
3005.,25946.
3006.,25946.
3007.,25946.
3008.,25946.
3009.,25946.
3010.,25946.
3011.,25946.
3012.,25946.
3013.,25946.
3014.,25946.
3015.,25946.
3016.,25946.
3017.,25946.
3018.,25946.
3019.,25947.
3020.,25946.
3021.,25946.
3022.,25947.
3023.,25947.
3024.,25946.
3025.,25947.
3026.,25946.
3027.,25946.
3028.,25946.
3029.,25946.
3030.,25946.
3031.,25947.
3032.,25947.
3033.,25947.
3034.,25948.
3035.,25946.
3036.,25946.
3037.,25946.
3038.,25946.
3039.,25946.
3040.,25946.
3041.,25948.
3042.,25949.
3043.,25949.
3044.,25950.
3045.,25948.
3046.,25948.
3047.,25948.
3048.,25948.
3049.,25948.
3050.,25947.
3051.,25948.
3052.,25948.
3053.,25947.
3054.,25947.
3055.,25947.
3056.,25947.
3057.,25947.
3058.,25947.
3059.,25947.
3060.,25947.
3061.,25949.
3062.,25949.
3063.,25949.
3064.,25947.
3065.,25946.
3066.,25945.
3067.,25948.
3068.,25946.
3069.,25946.
3070.,25947.
3071.,25947.
3072.,25947.
3073.,25947.
3074.,25948.
3075.,25949.
3076.,25950.
3077.,25950.
3078.,25950.
3079.,25949.
3080.,25949.
3081.,25948.
3082.,25949.
3083.,25950.
3084.,25949.
3085.,25949.
3086.,25949.
3087.,25949.
3088.,25949.
3089.,25949.
3090.,25949.
3091.,25949.
3092.,25950.
3093.,25950.
3094.,25951.
3095.,25951.
3096.,25951.
3097.,25951.
3098.,25951.
3099.,25951.
3100.,25952.
3101.,25951.
3102.,25952.
3103.,25952.
3104.,25952.
3105.,25952.
3106.,25952.
3107.,25952.
3108.,25952.
3109.,25952.
3110.,25954.
3111.,25956.
3112.,25955.
3113.,25955.
3114.,25955.
3115.,25955.
3116.,25955.
3117.,25955.
3118.,25956.
3119.,25956.
3120.,25956.
3121.,25957.
3122.,25957.
3123.,25957.
3124.,25957.
3125.,25957.
3126.,25959.
3127.,25959.
3128.,25960.
3129.,25959.
3130.,25961.
3131.,25959.
3132.,25960.
3133.,25960.
3134.,25961.
3135.,25961.
3136.,25960.
3137.,25960.
3138.,25961.
3139.,25961.
3140.,25961.
3141.,25961.
3142.,25961.
3143.,25961.
3144.,25961.
3145.,25961.
3146.,25962.
3147.,25962.
3148.,25962.
3149.,25963.
3150.,25963.
3151.,25962.
3152.,25961.
3153.,25962.
3154.,25963.
3155.,25962.
3156.,25963.
3157.,25963.
3158.,25962.
3159.,25963.
3160.,25963.
3161.,25964.
3162.,25965.
3163.,25965.
3164.,25968.
3165.,25968.
3166.,25970.
3167.,25969.
3168.,25968.
3169.,25968.
3170.,25968.
3171.,25969.
3172.,25970.
3173.,25971.
3174.,25971.
3175.,25971.
3176.,25972.
3177.,25973.
3178.,25973.
3179.,25973.
3180.,25973.
3181.,25973.
3182.,25974.
3183.,25974.
3184.,25974.
3185.,25975.
3186.,25975.
3187.,25976.
3188.,25977.
3189.,25977.
3190.,25977.
3191.,25977.
3192.,25977.
3193.,25977.
3194.,25977.
3195.,25977.
3196.,25977.
3197.,25978.
3198.,25979.
3199.,25979.
3200.,25979.
3201.,25979.
3202.,25979.
3203.,25979.
3204.,25979.
3205.,25979.
3206.,25979.
3207.,25979.
3208.,25979.
3209.,25979.
3210.,25979.
3211.,25981.
3212.,25980.
3213.,25980.
3214.,25979.
3215.,25979.
3216.,25980.
3217.,25979.
3218.,25980.
3219.,25980.
3220.,25980.
3221.,25979.
3222.,25980.
3223.,25981.
3224.,25980.
3225.,25981.
3226.,25981.
3227.,25981.
3228.,25981.
3229.,25981.
3230.,25983.
3231.,25982.
3232.,25981.
3233.,25982.
3234.,25982.
3235.,25982.
3236.,25982.
3237.,25982.
3238.,25983.
3239.,25983.
3240.,25983.
3241.,25983.
3242.,25984.
3243.,25984.
3244.,25983.
3245.,25984.
3246.,25985.
3247.,25986.
3248.,25985.
3249.,25987.
3250.,25988.
3251.,25989.
3252.,25988.
3253.,25988.
3254.,25990.
3255.,25991.
3256.,25991.
3257.,25991.
3258.,25991.
3259.,25991.
3260.,25993.
3261.,25992.
3262.,25993.
3263.,25995.
3264.,25995.
3265.,25996.
3266.,25997.
3267.,25999.
3268.,25999.
3269.,26000.
3270.,26001.
3271.,26000.
3272.,26001.
3273.,26001.
3274.,26001.
3275.,26001.
3276.,26002.
3277.,26000.
3278.,26000.
3279.,26000.
3280.,26001.
3281.,26003.
3282.,26002.
3283.,26002.
3284.,26003.
3285.,26004.
3286.,26004.
3287.,26004.
3288.,26004.
3289.,26004.
3290.,26003.
3291.,26003.
3292.,26004.
3293.,26004.
3294.,26004.
3295.,26004.
3296.,26004.
3297.,26004.
3298.,26004.
3299.,26003.
3300.,26004.
3301.,26004.
3302.,26005.
3303.,26005.
3304.,26005.
3305.,26004.
3306.,26005.
3307.,26004.
3308.,26005.
3309.,26005.
3310.,26005.
3311.,26005.
3312.,26004.
3313.,26004.
3314.,26004.
3315.,26004.
3316.,26004.
3317.,26004.
3318.,26003.
3319.,26004.
3320.,26004.
3321.,26004.
3322.,26002.
3323.,26002.
3324.,26002.
3325.,26002.
3326.,26002.
3327.,26002.
3328.,26002.
3329.,26002.
3330.,26003.
3331.,26003.
3332.,26002.
3333.,26002.
3334.,26002.
3335.,26002.
3336.,26004.
3337.,26004.
3338.,26003.
3339.,26003.
3340.,26003.
3341.,26001.
3342.,26001.
3343.,26002.
3344.,26001.
3345.,26002.
3346.,26003.
3347.,26004.
3348.,26004.
3349.,26005.
3350.,26005.
3351.,26004.
3352.,26005.
3353.,26004.
3354.,26004.
3355.,26005.
3356.,26005.
3357.,26005.
3358.,26005.
3359.,26005.
3360.,26005.
3361.,26006.
3362.,26006.
3363.,26007.
3364.,26007.
3365.,26007.
3366.,26007.
3367.,26008.
3368.,26009.
3369.,26009.
3370.,26008.
3371.,26009.
3372.,26008.
3373.,26008.
3374.,26008.
3375.,26007.
3376.,26008.
3377.,26007.
3378.,26007.
3379.,26007.
3380.,26008.
3381.,26011.
3382.,26010.
3383.,26012.
3384.,26013.
3385.,26015.
3386.,26013.
3387.,26013.
3388.,26013.
3389.,26013.
3390.,26013.
3391.,26014.
3392.,26013.
3393.,26013.
3394.,26013.
3395.,26013.
3396.,26015.
3397.,26015.
3398.,26015.
3399.,26015.
3400.,26014.
3401.,26015.
3402.,26013.
3403.,26012.
3404.,26012.
3405.,26012.
3406.,26013.
3407.,26013.
3408.,26013.
3409.,26013.
3410.,26013.
3411.,26013.
3412.,26014.
3413.,26011.
3414.,26012.
3415.,26012.
3416.,26013.
3417.,26013.
3418.,26013.
3419.,26013.
3420.,26014.
3421.,26011.
3422.,26013.
3423.,26016.
3424.,26010.
3425.,26006.
3426.,26004.
3427.,26002.
3428.,26000.
3429.,26000.
3430.,25999.
3431.,25999.
3432.,25995.
3433.,25992.
3434.,25990.
3435.,25991.
3436.,25992.
3437.,25993.
3438.,25994.
3439.,25993.
3440.,25993.
3441.,25994.
3442.,25994.
3443.,25996.
3444.,25997.
3445.,25997.
3446.,25997.
3447.,25997.
3448.,25997.
3449.,25997.
3450.,25997.
3451.,25998.
3452.,25999.
3453.,25999.
3454.,25999.
3455.,26000.
3456.,26000.
3457.,26001.
3458.,26001.
3459.,25999.
3460.,26000.
3461.,26000.
3462.,26002.
3463.,26002.
3464.,26001.
3465.,26001.
3466.,26001.
3467.,26001.
3468.,26001.
3469.,26002.
3470.,26002.
3471.,26003.
3472.,26002.
3473.,26002.
3474.,26003.
3475.,26002.
3476.,26002.
3477.,26002.
3478.,26002.
3479.,26002.
3480.,26003.
3481.,26004.
3482.,26004.
3483.,26005.
3484.,26005.
3485.,26005.
3486.,26005.
3487.,26005.
3488.,26006.
3489.,26006.
3490.,26006.
3491.,26006.
3492.,26005.
3493.,26005.
3494.,26006.
3495.,26007.
3496.,26009.
3497.,26009.
3498.,26009.
3499.,26010.
3500.,26010.
3501.,26011.
3502.,26011.
3503.,26009.
3504.,26009.
3505.,26009.
3506.,26010.
3507.,26010.
3508.,26010.
3509.,26010.
3510.,26010.
3511.,26010.
3512.,26009.
3513.,26009.
3514.,26010.
3515.,26012.
3516.,26009.
3517.,26010.
3518.,26010.
3519.,26010.
3520.,26012.
3521.,26011.
3522.,26010.
3523.,26011.
3524.,26011.
3525.,26011.
3526.,26012.
3527.,26012.
3528.,26012.
3529.,26012.
3530.,26013.
3531.,26014.
3532.,26016.
3533.,26017.
3534.,26016.
3535.,26016.
3536.,26018.
3537.,26018.
3538.,26018.
3539.,26018.
3540.,26018.
3541.,26017.
3542.,26016.
3543.,26017.
3544.,26017.
3545.,26017.
3546.,26019.
3547.,26019.
3548.,26019.
3549.,26018.
3550.,26019.
3551.,26020.
3552.,26020.
3553.,26021.
3554.,26020.
3555.,26020.
3556.,26022.
3557.,26022.
3558.,26021.
3559.,26022.
3560.,26022.
3561.,26021.
3562.,26021.
3563.,26021.
3564.,26021.
3565.,26023.
3566.,26023.
3567.,26023.
3568.,26025.
3569.,26025.
3570.,26025.
3571.,26025.
3572.,26025.
3573.,26024.
3574.,26025.
3575.,26026.
3576.,26026.
3577.,26026.
3578.,26026.
3579.,26026.
3580.,26026.
3581.,26026.
3582.,26026.
3583.,26026.
3584.,26026.
3585.,26026.
3586.,26026.
3587.,26026.
3588.,26026.
3589.,26026.
3590.,26026.
3591.,26026.
3592.,26026.
3593.,26027.
3594.,26028.
3595.,26027.
3596.,26027.
3597.,26026.
3598.,26026.
3599.,26026.
3600.,26027.
3601.,26028.
3602.,26026.
3603.,26027.
3604.,26027.
3605.,26028.
3606.,26028.
3607.,26029.
3608.,26030.
3609.,26030.
3610.,26030.
3611.,26032.
3612.,26032.
3613.,26031.
3614.,26029.
3615.,26028.
3616.,26030.
3617.,26032.
3618.,26032.
3619.,26032.
3620.,26032.
3621.,26030.
3622.,26032.
3623.,26031.
3624.,26030.
3625.,26032.
3626.,26032.
3627.,26032.
3628.,26031.
3629.,26034.
3630.,26033.
3631.,26030.
3632.,26030.
3633.,26031.
3634.,26034.
3635.,26031.
3636.,26032.
3637.,26032.
3638.,26034.
3639.,26033.
3640.,26036.
3641.,26036.
3642.,26034.
3643.,26036.
3644.,26034.
3645.,26037.
3646.,26034.
3647.,26035.
3648.,26035.
3649.,26036.
3650.,26035.
3651.,26036.
3652.,26038.
3653.,26039.
3654.,26039.
3655.,26038.
3656.,26038.
3657.,26039.
3658.,26040.
3659.,26039.
3660.,26039.
3661.,26040.
3662.,26041.
3663.,26039.
3664.,26041.
3665.,26041.
3666.,26043.
3667.,26041.
3668.,26042.
3669.,26043.
3670.,26043.
3671.,26041.
3672.,26042.
3673.,26042.
3674.,26043.
3675.,26044.
3676.,26043.
3677.,26043.
3678.,26044.
3679.,26045.
3680.,26045.
3681.,26048.
3682.,26048.
3683.,26049.
3684.,26049.
3685.,26046.
3686.,26047.
3687.,26048.
3688.,26050.
3689.,26050.
3690.,26050.
3691.,26047.
3692.,26047.
3693.,26047.
3694.,26047.
3695.,26046.
3696.,26045.
3697.,26044.
3698.,26044.
3699.,26046.
3700.,26049.
3701.,26050.
3702.,26047.
3703.,26048.
3704.,26046.
3705.,26049.
3706.,26050.
3707.,26048.
3708.,26051.
3709.,26052.
3710.,26052.
3711.,26049.
3712.,26051.
3713.,26050.
3714.,26051.
3715.,26048.
3716.,26051.
3717.,26050.
3718.,26055.
3719.,26055.
3720.,26053.
3721.,26052.
3722.,26052.
3723.,26054.
3724.,26054.
3725.,26053.
3726.,26053.
3727.,26050.
3728.,26049.
3729.,26049.
3730.,26052.
3731.,26052.
3732.,26056.
3733.,26051.
3734.,26055.
3735.,26057.
3736.,26057.
3737.,26055.
3738.,26051.
3739.,26051.
3740.,26054.
3741.,26055.
3742.,26056.
3743.,26054.
3744.,26057.
3745.,26057.
3746.,26055.
3747.,26053.
3748.,26052.
3749.,26050.
3750.,26050.
3751.,26047.
3752.,26049.
3753.,26046.
3754.,26045.
3755.,26049.
3756.,26046.
3757.,26046.
3758.,26046.
3759.,26046.
3760.,26045.
3761.,26045.
3762.,26046.
3763.,26046.
3764.,26046.
3765.,26048.
3766.,26049.
3767.,26049.
3768.,26049.
3769.,26049.
3770.,26049.
3771.,26053.
3772.,26051.
3773.,26048.
3774.,26049.
3775.,26050.
3776.,26049.
3777.,26048.
3778.,26050.
3779.,26049.
3780.,26050.
3781.,26049.
3782.,26050.
3783.,26050.
3784.,26050.
3785.,26050.
3786.,26050.
3787.,26050.
3788.,26051.
3789.,26050.
3790.,26050.
3791.,26051.
3792.,26052.
3793.,26051.
3794.,26052.
3795.,26053.
3796.,26053.
3797.,26055.
3798.,26054.
3799.,26055.
3800.,26054.
3801.,26053.
3802.,26054.
3803.,26056.
3804.,26056.
3805.,26055.
3806.,26055.
3807.,26055.
3808.,26056.
3809.,26055.
3810.,26055.
3811.,26055.
3812.,26056.
3813.,26057.
3814.,26056.
3815.,26056.
3816.,26056.
3817.,26056.
3818.,26056.
3819.,26056.
3820.,26056.
3821.,26057.
3822.,26057.
3823.,26058.
3824.,26058.
3825.,26058.
3826.,26058.
3827.,26058.
3828.,26058.
3829.,26058.
3830.,26058.
3831.,26058.
3832.,26057.
3833.,26057.
3834.,26057.
3835.,26057.
3836.,26057.
3837.,26056.
3838.,26057.
3839.,26057.
3840.,26056.
3841.,26057.
3842.,26057.
3843.,26059.
3844.,26059.
3845.,26059.
3846.,26059.
3847.,26060.
3848.,26060.
3849.,26059.
3850.,26061.
3851.,26062.
3852.,26062.
3853.,26061.
3854.,26062.
3855.,26066.
3856.,26067.
3857.,26065.
3858.,26065.
3859.,26068.
3860.,26067.
3861.,26068.
3862.,26068.
3863.,26069.
3864.,26068.
3865.,26069.
3866.,26071.
3867.,26068.
3868.,26066.
3869.,26070.
3870.,26071.
3871.,26070.
3872.,26069.
3873.,26070.
3874.,26070.
3875.,26070.
3876.,26070.
3877.,26069.
3878.,26068.
3879.,26066.
3880.,26068.
3881.,26067.
3882.,26070.
3883.,26073.
3884.,26073.
3885.,26073.
3886.,26072.
3887.,26072.
3888.,26071.
3889.,26071.
3890.,26071.
3891.,26072.
3892.,26073.
3893.,26072.
3894.,26073.
3895.,26074.
3896.,26073.
3897.,26069.
3898.,26072.
3899.,26069.
3900.,26071.
3901.,26073.
3902.,26073.
3903.,26073.
3904.,26072.
3905.,26072.
3906.,26072.
3907.,26071.
3908.,26068.
3909.,26071.
3910.,26070.
3911.,26068.
3912.,26066.
3913.,26065.
3914.,26064.
3915.,26060.
3916.,26059.
3917.,26059.
3918.,26059.
3919.,26061.
3920.,26058.
3921.,26055.
3922.,26057.
3923.,26057.
3924.,26058.
3925.,26059.
3926.,26057.
3927.,26057.
3928.,26058.
3929.,26056.
3930.,26057.
3931.,26056.
3932.,26058.
3933.,26056.
3934.,26055.
3935.,26058.
3936.,26056.
3937.,26059.
3938.,26057.
3939.,26057.
3940.,26060.
3941.,26064.
3942.,26066.
3943.,26066.
3944.,26066.
3945.,26068.
3946.,26068.
3947.,26070.
3948.,26070.
3949.,26074.
3950.,26074.
3951.,26073.
3952.,26069.
3953.,26071.
3954.,26069.
3955.,26071.
3956.,26070.
3957.,26071.
3958.,26070.
3959.,26070.
3960.,26069.
3961.,26070.
3962.,26070.
3963.,26071.
3964.,26072.
3965.,26071.
3966.,26072.
3967.,26072.
3968.,26074.
3969.,26074.
3970.,26074.
3971.,26076.
3972.,26075.
3973.,26075.
3974.,26073.
3975.,26074.
3976.,26074.
3977.,26073.
3978.,26072.
3979.,26073.
3980.,26075.
3981.,26077.
3982.,26078.
3983.,26077.
3984.,26075.
3985.,26071.
3986.,26072.
3987.,26072.
3988.,26072.
3989.,26073.
3990.,26072.
3991.,26072.
3992.,26073.
3993.,26072.
3994.,26072.
3995.,26071.
3996.,26070.
3997.,26068.
3998.,26070.
3999.,26067.
4000.,26068.
4001.,26070.
4002.,26072.
4003.,26071.
4004.,26074.
4005.,26076.
4006.,26076.
4007.,26075.
4008.,26075.
4009.,26075.
4010.,26071.
4011.,26074.
4012.,26075.
4013.,26074.
4014.,26074.
4015.,26074.
4016.,26074.
4017.,26074.
4018.,26074.
4019.,26077.
4020.,26077.
4021.,26076.
4022.,26076.
4023.,26077.
4024.,26077.
4025.,26076.
4026.,26077.
4027.,26076.
4028.,26077.
4029.,26078.
4030.,26079.
4031.,26078.
4032.,26080.
4033.,26082.
4034.,26081.
4035.,26081.
4036.,26081.
4037.,26082.
4038.,26082.
4039.,26083.
4040.,26082.
4041.,26083.
4042.,26083.
4043.,26083.
4044.,26085.
4045.,26084.
4046.,26084.
4047.,26081.
4048.,26081.
4049.,26083.
4050.,26083.
4051.,26082.
4052.,26081.
4053.,26081.
4054.,26082.
4055.,26082.
4056.,26082.
4057.,26083.
4058.,26081.
4059.,26079.
4060.,26080.
4061.,26083.
4062.,26084.
4063.,26083.
4064.,26083.
4065.,26081.
4066.,26082.
4067.,26083.
4068.,26083.
4069.,26084.
4070.,26086.
4071.,26087.
4072.,26085.
4073.,26085.
4074.,26085.
4075.,26086.
4076.,26085.
4077.,26085.
4078.,26085.
4079.,26084.
4080.,26085.
4081.,26085.
4082.,26085.
4083.,26085.
4084.,26087.
4085.,26089.
4086.,26089.
4087.,26088.
4088.,26090.
4089.,26089.
4090.,26089.
4091.,26090.
4092.,26090.
4093.,26091.
4094.,26091.
4095.,26091.
4096.,26092.
4097.,26092.
4098.,26092.
4099.,26092.
4100.,26092.
4101.,26092.
4102.,26091.
4103.,26092.
4104.,26092.
4105.,26093.
4106.,26092.
4107.,26092.
4108.,26092.
4109.,26091.
4110.,26091.
4111.,26092.
4112.,26093.
4113.,26093.
4114.,26094.
4115.,26094.
4116.,26094.
4117.,26095.
4118.,26095.
4119.,26097.
4120.,26097.
4121.,26097.
4122.,26097.
4123.,26096.
4124.,26096.
4125.,26096.
4126.,26097.
4127.,26097.
4128.,26097.
4129.,26097.
4130.,26097.
4131.,26097.
4132.,26098.
4133.,26099.
4134.,26098.
4135.,26099.
4136.,26099.
4137.,26099.
4138.,26099.
4139.,26099.
4140.,26102.
4141.,26102.
4142.,26103.
4143.,26103.
4144.,26103.
4145.,26103.
4146.,26103.
4147.,26103.
4148.,26103.
4149.,26103.
4150.,26103.
4151.,26104.
4152.,26105.
4153.,26105.
4154.,26105.
4155.,26105.
4156.,26105.
4157.,26105.
4158.,26105.
4159.,26105.
4160.,26105.
4161.,26105.
4162.,26104.
4163.,26106.
4164.,26106.
4165.,26106.
4166.,26106.
4167.,26106.
4168.,26107.
4169.,26107.
4170.,26107.
4171.,26105.
4172.,26105.
4173.,26106.
4174.,26106.
4175.,26106.
4176.,26106.
4177.,26106.
4178.,26106.
4179.,26107.
4180.,26107.
4181.,26107.
4182.,26108.
4183.,26110.
4184.,26110.
4185.,26110.
4186.,26110.
4187.,26110.
4188.,26109.
4189.,26109.
4190.,26109.
4191.,26110.
4192.,26110.
4193.,26110.
4194.,26111.
4195.,26111.
4196.,26112.
4197.,26113.
4198.,26114.
4199.,26114.
4200.,26111.
4201.,26110.
4202.,26111.
4203.,26111.
4204.,26111.
4205.,26111.
4206.,26111.
4207.,26111.
4208.,26111.
4209.,26111.
4210.,26111.
4211.,26111.
4212.,26111.
4213.,26111.
4214.,26111.
4215.,26111.
4216.,26111.
4217.,26111.
4218.,26112.
4219.,26111.
4220.,26111.
4221.,26111.
4222.,26114.
4223.,26116.
4224.,26117.
4225.,26117.
4226.,26117.
4227.,26117.
4228.,26117.
4229.,26117.
4230.,26115.
4231.,26115.
4232.,26115.
4233.,26116.
4234.,26116.
4235.,26118.
4236.,26118.
4237.,26116.
4238.,26116.
4239.,26116.
4240.,26116.
4241.,26118.
4242.,26118.
4243.,26118.
4244.,26120.
4245.,26118.
4246.,26118.
4247.,26119.
4248.,26120.
4249.,26119.
4250.,26119.
4251.,26117.
4252.,26118.
4253.,26120.
4254.,26119.
4255.,26119.
4256.,26121.
4257.,26119.
4258.,26121.
4259.,26121.
4260.,26119.
4261.,26120.
4262.,26119.
4263.,26121.
4264.,26124.
4265.,26122.
4266.,26118.
4267.,26117.
4268.,26116.
4269.,26115.
4270.,26115.
4271.,26114.
4272.,26113.
4273.,26112.
4274.,26112.
4275.,26112.
4276.,26112.
4277.,26113.
4278.,26113.
4279.,26113.
4280.,26114.
4281.,26115.
4282.,26115.
4283.,26115.
4284.,26114.
4285.,26114.
4286.,26114.
4287.,26115.
4288.,26114.
4289.,26114.
4290.,26114.
4291.,26114.
4292.,26113.
4293.,26115.
4294.,26114.
4295.,26115.
4296.,26115.
4297.,26117.
4298.,26117.
4299.,26117.
4300.,26117.
4301.,26117.
4302.,26118.
4303.,26118.
4304.,26117.
4305.,26118.
4306.,26118.
4307.,26118.
4308.,26118.
4309.,26118.
4310.,26117.
4311.,26117.
4312.,26117.
4313.,26118.
4314.,26118.
4315.,26118.
4316.,26118.
4317.,26118.
4318.,26120.
4319.,26120.
4320.,26121.
4321.,26122.
4322.,26123.
4323.,26123.
4324.,26123.
4325.,26123.
4326.,26125.
4327.,26125.
4328.,26125.
4329.,26126.
4330.,26125.
4331.,26123.
4332.,26121.
4333.,26121.
4334.,26120.
4335.,26120.
4336.,26120.
4337.,26120.
4338.,26120.
4339.,26120.
4340.,26120.
4341.,26120.
4342.,26120.
4343.,26121.
4344.,26120.
4345.,26119.
4346.,26119.
4347.,26119.
4348.,26120.
4349.,26120.
4350.,26121.
4351.,26121.
4352.,26124.
4353.,26126.
4354.,26126.
4355.,26126.
4356.,26127.
4357.,26126.
4358.,26128.
4359.,26128.
4360.,26128.
4361.,26126.
4362.,26125.
4363.,26126.
4364.,26126.
4365.,26126.
4366.,26128.
4367.,26128.
4368.,26129.
4369.,26128.
4370.,26130.
4371.,26129.
4372.,26128.
4373.,26128.
4374.,26127.
4375.,26127.
4376.,26128.
4377.,26129.
4378.,26129.
4379.,26129.
4380.,26129.
4381.,26129.
4382.,26130.
4383.,26130.
4384.,26130.
4385.,26129.
4386.,26130.
4387.,26131.
4388.,26131.
4389.,26131.
4390.,26132.
4391.,26132.
4392.,26132.
4393.,26132.
4394.,26132.
4395.,26131.
4396.,26131.
4397.,26130.
4398.,26131.
4399.,26131.
4400.,26131.
4401.,26133.
4402.,26134.
4403.,26135.
4404.,26135.
4405.,26134.
4406.,26135.
4407.,26135.
4408.,26135.
4409.,26135.
4410.,26136.
4411.,26136.
4412.,26136.
4413.,26136.
4414.,26137.
4415.,26137.
4416.,26137.
4417.,26137.
4418.,26137.
4419.,26137.
4420.,26137.
4421.,26138.
4422.,26138.
4423.,26138.
4424.,26138.
4425.,26138.
4426.,26138.
4427.,26139.
4428.,26138.
4429.,26139.
4430.,26139.
4431.,26138.
4432.,26138.
4433.,26140.
4434.,26142.
4435.,26144.
4436.,26144.
4437.,26144.
4438.,26144.
4439.,26145.
4440.,26142.
4441.,26144.
4442.,26144.
4443.,26145.
4444.,26145.
4445.,26145.
4446.,26144.
4447.,26144.
4448.,26144.
4449.,26144.
4450.,26144.
4451.,26145.
4452.,26145.
4453.,26144.
4454.,26144.
4455.,26144.
4456.,26145.
4457.,26145.
4458.,26146.
4459.,26146.
4460.,26146.
4461.,26146.
4462.,26146.
4463.,26146.
4464.,26146.
4465.,26146.
4466.,26146.
4467.,26146.
4468.,26146.
4469.,26146.
4470.,26146.
4471.,26148.
4472.,26149.
4473.,26149.
4474.,26149.
4475.,26148.
4476.,26149.
4477.,26148.
4478.,26149.
4479.,26150.
4480.,26151.
4481.,26152.
4482.,26153.
4483.,26153.
4484.,26151.
4485.,26151.
4486.,26151.
4487.,26152.
4488.,26152.
4489.,26152.
4490.,26152.
4491.,26152.
4492.,26153.
4493.,26153.
4494.,26154.
4495.,26154.
4496.,26154.
4497.,26154.
4498.,26154.
4499.,26154.
4500.,26154.
4501.,26155.
4502.,26154.
4503.,26153.
4504.,26153.
4505.,26153.
4506.,26154.
4507.,26153.
4508.,26153.
4509.,26154.
4510.,26154.
4511.,26156.
4512.,26155.
4513.,26154.
4514.,26154.
4515.,26154.
4516.,26154.
4517.,26155.
4518.,26154.
4519.,26154.
4520.,26154.
4521.,26155.
4522.,26155.
4523.,26155.
4524.,26155.
4525.,26155.
4526.,26155.
4527.,26155.
4528.,26155.
4529.,26155.
4530.,26155.
4531.,26157.
4532.,26155.
4533.,26157.
4534.,26157.
4535.,26157.
4536.,26158.
4537.,26157.
4538.,26160.
4539.,26160.
4540.,26161.
4541.,26160.
4542.,26161.
4543.,26162.
4544.,26162.
4545.,26162.
4546.,26162.
4547.,26162.
4548.,26162.
4549.,26162.
4550.,26162.
4551.,26163.
4552.,26163.
4553.,26163.
4554.,26164.
4555.,26165.
4556.,26165.
4557.,26165.
4558.,26165.
4559.,26165.
4560.,26165.
4561.,26165.
4562.,26165.
4563.,26165.
4564.,26166.
4565.,26166.
4566.,26166.
4567.,26166.
4568.,26167.
4569.,26167.
4570.,26167.
4571.,26168.
4572.,26168.
4573.,26167.
4574.,26167.
4575.,26166.
4576.,26166.
4577.,26166.
4578.,26166.
4579.,26167.
4580.,26167.
4581.,26167.
4582.,26167.
4583.,26168.
4584.,26168.
4585.,26168.
4586.,26168.
4587.,26168.
4588.,26168.
4589.,26168.
4590.,26168.
4591.,26169.
4592.,26168.
4593.,26168.
4594.,26168.
4595.,26168.
4596.,26168.
4597.,26168.
4598.,26168.
4599.,26168.
4600.,26168.
4601.,26168.
4602.,26169.
4603.,26169.
4604.,26168.
4605.,26168.
4606.,26169.
4607.,26169.
4608.,26169.
4609.,26169.
4610.,26170.
4611.,26169.
4612.,26169.
4613.,26169.
4614.,26170.
4615.,26171.
4616.,26171.
4617.,26171.
4618.,26172.
4619.,26172.
4620.,26172.
4621.,26172.
4622.,26173.
4623.,26173.
4624.,26173.
4625.,26173.
4626.,26173.
4627.,26174.
4628.,26174.
4629.,26173.
4630.,26173.
4631.,26173.
4632.,26174.
4633.,26175.
4634.,26175.
4635.,26175.
4636.,26175.
4637.,26175.
4638.,26175.
4639.,26175.
4640.,26175.
4641.,26175.
4642.,26175.
4643.,26175.
4644.,26175.
4645.,26175.
4646.,26175.
4647.,26175.
4648.,26176.
4649.,26176.
4650.,26176.
4651.,26176.
4652.,26176.
4653.,26176.
4654.,26176.
4655.,26176.
4656.,26176.
4657.,26176.
4658.,26176.
4659.,26176.
4660.,26178.
4661.,26178.
4662.,26178.
4663.,26178.
4664.,26179.
4665.,26179.
4666.,26179.
4667.,26179.
4668.,26180.
4669.,26181.
4670.,26181.
4671.,26183.
4672.,26183.
4673.,26183.
4674.,26183.
4675.,26183.
4676.,26183.
4677.,26184.
4678.,26186.
4679.,26186.
4680.,26186.
4681.,26185.
4682.,26185.
4683.,26184.
4684.,26185.
4685.,26184.
4686.,26184.
4687.,26184.
4688.,26181.
4689.,26182.
4690.,26182.
4691.,26183.
4692.,26186.
4693.,26187.
4694.,26188.
4695.,26188.
4696.,26188.
4697.,26188.
4698.,26188.
4699.,26188.
4700.,26188.
4701.,26188.
4702.,26188.
4703.,26187.
4704.,26187.
4705.,26188.
4706.,26188.
4707.,26188.
4708.,26188.
4709.,26188.
4710.,26188.
4711.,26188.
4712.,26188.
4713.,26188.
4714.,26188.
4715.,26188.
4716.,26188.
4717.,26188.
4718.,26188.
4719.,26188.
4720.,26189.
4721.,26190.
4722.,26190.
4723.,26190.
4724.,26191.
4725.,26193.
4726.,26194.
4727.,26193.
4728.,26194.
4729.,26196.
4730.,26196.
4731.,26196.
4732.,26196.
4733.,26197.
4734.,26197.
4735.,26195.
4736.,26195.
4737.,26195.
4738.,26195.
4739.,26195.
4740.,26195.
4741.,26195.
4742.,26195.
4743.,26194.
4744.,26196.
4745.,26195.
4746.,26194.
4747.,26194.
4748.,26195.
4749.,26196.
4750.,26197.
4751.,26196.
4752.,26198.
4753.,26199.
4754.,26199.
4755.,26199.
4756.,26199.
4757.,26198.
4758.,26198.
4759.,26198.
4760.,26198.
4761.,26198.
4762.,26199.
4763.,26199.
4764.,26199.
4765.,26199.
4766.,26199.
4767.,26199.
4768.,26199.
4769.,26199.
4770.,26200.
4771.,26200.
4772.,26199.
4773.,26199.
4774.,26199.
4775.,26199.
4776.,26199.
4777.,26199.
4778.,26199.
4779.,26199.
4780.,26199.
4781.,26199.
4782.,26199.
4783.,26199.
4784.,26199.
4785.,26199.
4786.,26199.
4787.,26199.
4788.,26199.
4789.,26199.
4790.,26199.
4791.,26199.
4792.,26199.
4793.,26199.
4794.,26199.
4795.,26199.
4796.,26199.
4797.,26199.
4798.,26198.
4799.,26198.
4800.,26198.
4801.,26198.
4802.,26198.
4803.,26198.
4804.,26199.
4805.,26198.
4806.,26198.
4807.,26199.
4808.,26200.
4809.,26200.
4810.,26200.
4811.,26201.
4812.,26201.
4813.,26201.
4814.,26202.
4815.,26202.
4816.,26202.
4817.,26204.
4818.,26204.
4819.,26204.
4820.,26204.
4821.,26205.
4822.,26205.
4823.,26205.
4824.,26205.
4825.,26205.
4826.,26205.
4827.,26205.
4828.,26204.
4829.,26204.
4830.,26205.
4831.,26205.
4832.,26205.
4833.,26204.
4834.,26204.
4835.,26205.
4836.,26205.
4837.,26206.
4838.,26206.
4839.,26206.
4840.,26206.
4841.,26207.
4842.,26207.
4843.,26206.
4844.,26205.
4845.,26205.
4846.,26206.
4847.,26206.
4848.,26205.
4849.,26205.
4850.,26204.
4851.,26204.
4852.,26204.
4853.,26204.
4854.,26204.
4855.,26205.
4856.,26205.
4857.,26205.
4858.,26205.
4859.,26205.
4860.,26205.
4861.,26205.
4862.,26205.
4863.,26208.
4864.,26209.
4865.,26209.
4866.,26209.
4867.,26209.
4868.,26209.
4869.,26208.
4870.,26208.
4871.,26208.
4872.,26209.
4873.,26209.
4874.,26209.
4875.,26209.
4876.,26209.
4877.,26209.
4878.,26209.
4879.,26209.
4880.,26209.
4881.,26208.
4882.,26209.
4883.,26209.
4884.,26209.
4885.,26209.
4886.,26209.
4887.,26209.
4888.,26209.
4889.,26209.
4890.,26210.
4891.,26209.
4892.,26210.
4893.,26209.
4894.,26210.
4895.,26210.
4896.,26209.
4897.,26210.
4898.,26210.
4899.,26210.
4900.,26209.
4901.,26209.
4902.,26209.
4903.,26209.
4904.,26209.
4905.,26209.
4906.,26209.
4907.,26209.
4908.,26209.
4909.,26209.
4910.,26209.
4911.,26209.
4912.,26209.
4913.,26210.
4914.,26211.
4915.,26210.
4916.,26210.
4917.,26209.
4918.,26209.
4919.,26211.
4920.,26211.
4921.,26211.
4922.,26211.
4923.,26210.
4924.,26210.
4925.,26211.
4926.,26211.
4927.,26211.
4928.,26211.
4929.,26212.
4930.,26212.
4931.,26212.
4932.,26212.
4933.,26214.
4934.,26214.
4935.,26214.
4936.,26212.
4937.,26212.
4938.,26212.
4939.,26214.
4940.,26213.
4941.,26213.
4942.,26212.
4943.,26212.
4944.,26211.
4945.,26210.
4946.,26208.
4947.,26206.
4948.,26204.
4949.,26205.
4950.,26203.
4951.,26206.
4952.,26207.
4953.,26208.
4954.,26208.
4955.,26208.
4956.,26207.
4957.,26208.
4958.,26209.
4959.,26208.
4960.,26208.
4961.,26210.
4962.,26210.
4963.,26211.
4964.,26213.
4965.,26213.
4966.,26213.
4967.,26212.
4968.,26211.
4969.,26211.
4970.,26211.
4971.,26211.
4972.,26212.
4973.,26211.
4974.,26211.
4975.,26212.
4976.,26212.
4977.,26213.
4978.,26214.
4979.,26214.
4980.,26214.
4981.,26214.
4982.,26212.
4983.,26212.
4984.,26212.
4985.,26213.
4986.,26212.
4987.,26212.
4988.,26213.
4989.,26216.
4990.,26215.
4991.,26213.
4992.,26214.
4993.,26214.
4994.,26213.
4995.,26213.
4996.,26213.
4997.,26213.
4998.,26213.
4999.,26213.
5000.,26215.
5001.,26215.
5002.,26216.
5003.,26214.
5004.,26215.
5005.,26216.
5006.,26216.
5007.,26217.
5008.,26215.
5009.,26215.
5010.,26215.
5011.,26214.
5012.,26215.
5013.,26216.
5014.,26216.
5015.,26216.
5016.,26216.
5017.,26219.
5018.,26217.
5019.,26218.
5020.,26220.
5021.,26221.
5022.,26221.
5023.,26221.
5024.,26221.
5025.,26226.
5026.,26226.
5027.,26226.
5028.,26224.
5029.,26222.
5030.,26222.
5031.,26225.
5032.,26226.
5033.,26227.
5034.,26226.
5035.,26226.
5036.,26228.
5037.,26231.
5038.,26231.
5039.,26229.
5040.,26229.
5041.,26228.
5042.,26230.
5043.,26230.
5044.,26230.
5045.,26232.
5046.,26231.
5047.,26229.
5048.,26230.
5049.,26232.
5050.,26231.
5051.,26231.
5052.,26230.
5053.,26229.
5054.,26230.
5055.,26231.
5056.,26232.
5057.,26232.
5058.,26232.
5059.,26230.
5060.,26231.
5061.,26232.
5062.,26230.
5063.,26230.
5064.,26231.
5065.,26231.
5066.,26231.
5067.,26230.
5068.,26232.
5069.,26234.
5070.,26232.
5071.,26231.
5072.,26234.
5073.,26233.
5074.,26230.
5075.,26233.
5076.,26236.
5077.,26237.
5078.,26238.
5079.,26240.
5080.,26239.
5081.,26242.
5082.,26242.
5083.,26241.
5084.,26240.
5085.,26240.
5086.,26240.
5087.,26242.
5088.,26240.
5089.,26241.
5090.,26240.
5091.,26242.
5092.,26244.
5093.,26246.
5094.,26245.
5095.,26247.
5096.,26244.
5097.,26245.
5098.,26244.
5099.,26246.
5100.,26249.
5101.,26250.
5102.,26248.
5103.,26248.
5104.,26249.
5105.,26250.
5106.,26251.
5107.,26251.
5108.,26251.
5109.,26252.
5110.,26253.
5111.,26255.
5112.,26254.
5113.,26253.
5114.,26254.
5115.,26256.
5116.,26257.
5117.,26257.
5118.,26259.
5119.,26258.
5120.,26262.
5121.,26261.
5122.,26260.
5123.,26261.
5124.,26261.
5125.,26262.
5126.,26262.
5127.,26263.
5128.,26263.
5129.,26263.
5130.,26264.
5131.,26265.
5132.,26265.
5133.,26264.
5134.,26265.
5135.,26265.
5136.,26267.
5137.,26266.
5138.,26267.
5139.,26267.
5140.,26268.
5141.,26268.
5142.,26270.
5143.,26270.
5144.,26269.
5145.,26269.
5146.,26269.
5147.,26269.
5148.,26269.
5149.,26269.
5150.,26269.
5151.,26269.
5152.,26270.
5153.,26268.
5154.,26268.
5155.,26269.
5156.,26271.
5157.,26271.
5158.,26268.
5159.,26267.
5160.,26268.
5161.,26267.
5162.,26267.
5163.,26268.
5164.,26269.
5165.,26269.
5166.,26269.
5167.,26268.
5168.,26268.
5169.,26268.
5170.,26271.
5171.,26270.
5172.,26269.
5173.,26270.
5174.,26269.
5175.,26271.
5176.,26272.
5177.,26271.
5178.,26271.
5179.,26271.
5180.,26272.
5181.,26272.
5182.,26271.
5183.,26271.
5184.,26272.
5185.,26272.
5186.,26272.
5187.,26273.
5188.,26274.
5189.,26271.
5190.,26272.
5191.,26271.
5192.,26270.
5193.,26269.
5194.,26270.
5195.,26272.
5196.,26271.
5197.,26270.
5198.,26269.
5199.,26270.
5200.,26270.
5201.,26270.
5202.,26270.
5203.,26270.
5204.,26271.
5205.,26272.
5206.,26272.
5207.,26272.
5208.,26271.
5209.,26270.
5210.,26271.
5211.,26271.
5212.,26271.
5213.,26271.
5214.,26274.
5215.,26272.
5216.,26273.
5217.,26273.
5218.,26273.
5219.,26271.
5220.,26273.
5221.,26276.
5222.,26277.
5223.,26275.
5224.,26275.
5225.,26276.
5226.,26276.
5227.,26277.
5228.,26277.
5229.,26278.
5230.,26279.
5231.,26277.
5232.,26277.
5233.,26276.
5234.,26276.
5235.,26276.
5236.,26276.
5237.,26278.
5238.,26278.
5239.,26281.
5240.,26281.
5241.,26280.
5242.,26282.
5243.,26282.
5244.,26282.
5245.,26284.
5246.,26284.
5247.,26284.
5248.,26283.
5249.,26283.
5250.,26284.
5251.,26285.
5252.,26286.
5253.,26286.
5254.,26288.
5255.,26288.
5256.,26289.
5257.,26289.
5258.,26289.
5259.,26290.
5260.,26291.
5261.,26289.
5262.,26289.
5263.,26289.
5264.,26290.
5265.,26290.
5266.,26289.
5267.,26289.
5268.,26289.
5269.,26289.
5270.,26289.
5271.,26290.
5272.,26290.
5273.,26290.
5274.,26290.
5275.,26291.
5276.,26290.
5277.,26290.
5278.,26292.
5279.,26293.
5280.,26293.
5281.,26295.
5282.,26297.
5283.,26296.
5284.,26297.
5285.,26299.
5286.,26300.
5287.,26298.
5288.,26301.
5289.,26301.
5290.,26301.
5291.,26303.
5292.,26304.
5293.,26306.
5294.,26306.
5295.,26306.
5296.,26309.
5297.,26310.
5298.,26310.
5299.,26312.
5300.,26312.
5301.,26312.
5302.,26313.
5303.,26312.
5304.,26312.
5305.,26311.
5306.,26311.
5307.,26311.
5308.,26311.
5309.,26311.
5310.,26311.
5311.,26311.
5312.,26311.
5313.,26311.
5314.,26311.
5315.,26311.
5316.,26311.
5317.,26311.
5318.,26311.
5319.,26311.
5320.,26311.
5321.,26311.
5322.,26311.
5323.,26311.
5324.,26311.
5325.,26311.
5326.,26311.
5327.,26311.
5328.,26311.
5329.,26311.
5330.,26311.
5331.,26312.
5332.,26312.
5333.,26312.
5334.,26311.
5335.,26312.
5336.,26313.
5337.,26313.
5338.,26313.
5339.,26313.
5340.,26313.
5341.,26314.
5342.,26313.
5343.,26313.
5344.,26313.
5345.,26313.
5346.,26313.
5347.,26313.
5348.,26313.
5349.,26312.
5350.,26312.
5351.,26311.
5352.,26312.
5353.,26313.
5354.,26313.
5355.,26314.
5356.,26314.
5357.,26314.
5358.,26315.
5359.,26315.
5360.,26314.
5361.,26315.
5362.,26316.
5363.,26316.
5364.,26315.
5365.,26315.
5366.,26315.
5367.,26315.
5368.,26315.
5369.,26316.
5370.,26315.
5371.,26313.
5372.,26313.
5373.,26314.
5374.,26314.
5375.,26313.
5376.,26313.
5377.,26313.
5378.,26313.
5379.,26313.
5380.,26313.
5381.,26313.
5382.,26312.
5383.,26313.
5384.,26312.
5385.,26312.
5386.,26312.
5387.,26313.
5388.,26313.
5389.,26313.
5390.,26312.
5391.,26314.
5392.,26315.
5393.,26315.
5394.,26317.
5395.,26319.
5396.,26319.
5397.,26319.
5398.,26320.
5399.,26319.
5400.,26319.
5401.,26318.
5402.,26318.
5403.,26319.
5404.,26320.
5405.,26320.
5406.,26322.
5407.,26322.
5408.,26324.
5409.,26324.
5410.,26325.
5411.,26325.
5412.,26321.
5413.,26323.
5414.,26325.
5415.,26325.
5416.,26327.
5417.,26327.
5418.,26327.
5419.,26327.
5420.,26327.
5421.,26327.
5422.,26328.
5423.,26328.
5424.,26328.
5425.,26327.
5426.,26327.
5427.,26327.
5428.,26327.
5429.,26327.
5430.,26327.
5431.,26328.
5432.,26327.
5433.,26327.
5434.,26328.
5435.,26326.
5436.,26327.
5437.,26328.
5438.,26328.
5439.,26328.
5440.,26329.
5441.,26329.
5442.,26328.
5443.,26328.
5444.,26328.
5445.,26328.
5446.,26328.
5447.,26328.
5448.,26328.
5449.,26328.
5450.,26328.
5451.,26330.
5452.,26330.
5453.,26330.
5454.,26330.
5455.,26330.
5456.,26330.
5457.,26330.
5458.,26330.
5459.,26330.
5460.,26330.
5461.,26329.
5462.,26329.
5463.,26329.
5464.,26329.
5465.,26329.
5466.,26329.
5467.,26329.
5468.,26329.
5469.,26329.
5470.,26329.
5471.,26330.
5472.,26330.
5473.,26330.
5474.,26330.
5475.,26331.
5476.,26331.
5477.,26332.
5478.,26332.
5479.,26334.
5480.,26333.
5481.,26333.
5482.,26333.
5483.,26333.
5484.,26333.
5485.,26333.
5486.,26333.
5487.,26333.
5488.,26333.
5489.,26334.
5490.,26333.
5491.,26334.
5492.,26333.
5493.,26333.
5494.,26332.
5495.,26332.
5496.,26331.
5497.,26331.
5498.,26331.
5499.,26331.
5500.,26331.
5501.,26330.
5502.,26332.
5503.,26331.
5504.,26329.
5505.,26329.
5506.,26328.
5507.,26327.
5508.,26329.
5509.,26328.
5510.,26329.
5511.,26329.
5512.,26329.
5513.,26329.
5514.,26329.
5515.,26332.
5516.,26330.
5517.,26330.
5518.,26329.
5519.,26327.
5520.,26326.
5521.,26325.
5522.,26323.
5523.,26322.
5524.,26322.
5525.,26321.
5526.,26321.
5527.,26321.
5528.,26321.
5529.,26321.
5530.,26321.
5531.,26321.
5532.,26321.
5533.,26321.
5534.,26321.
5535.,26321.
5536.,26321.
5537.,26322.
5538.,26323.
5539.,26322.
5540.,26322.
5541.,26323.
5542.,26323.
5543.,26323.
5544.,26324.
5545.,26325.
5546.,26325.
5547.,26326.
5548.,26326.
5549.,26326.
5550.,26327.
5551.,26327.
5552.,26328.
5553.,26328.
5554.,26329.
5555.,26329.
5556.,26329.
5557.,26329.
5558.,26330.
5559.,26329.
5560.,26330.
5561.,26332.
5562.,26333.
5563.,26334.
5564.,26336.
5565.,26337.
5566.,26339.
5567.,26340.
5568.,26339.
5569.,26338.
5570.,26339.
5571.,26340.
5572.,26338.
5573.,26339.
5574.,26337.
5575.,26340.
5576.,26340.
5577.,26340.
5578.,26341.
5579.,26340.
5580.,26340.
5581.,26341.
5582.,26343.
5583.,26344.
5584.,26346.
5585.,26345.
5586.,26343.
5587.,26345.
5588.,26345.
5589.,26346.
5590.,26345.
5591.,26344.
5592.,26344.
5593.,26345.
5594.,26346.
5595.,26348.
5596.,26346.
5597.,26346.
5598.,26346.
5599.,26347.
5600.,26348.
5601.,26348.
5602.,26350.
5603.,26349.
5604.,26350.
5605.,26349.
5606.,26349.
5607.,26349.
5608.,26349.
5609.,26348.
5610.,26348.
5611.,26347.
5612.,26348.
5613.,26348.
5614.,26348.
5615.,26348.
5616.,26348.
5617.,26347.
5618.,26348.
5619.,26348.
5620.,26348.
5621.,26350.
5622.,26349.
5623.,26350.
5624.,26351.
5625.,26350.
5626.,26351.
5627.,26351.
5628.,26350.
5629.,26351.
5630.,26351.
5631.,26351.
5632.,26350.
5633.,26351.
5634.,26351.
5635.,26350.
5636.,26351.
5637.,26351.
5638.,26350.
5639.,26350.
5640.,26350.
5641.,26350.
5642.,26350.
5643.,26348.
5644.,26349.
5645.,26350.
5646.,26350.
5647.,26350.
5648.,26351.
5649.,26350.
5650.,26351.
5651.,26350.
5652.,26351.
5653.,26351.
5654.,26351.
5655.,26351.
5656.,26351.
5657.,26351.
5658.,26352.
5659.,26352.
5660.,26351.
5661.,26352.
5662.,26352.
5663.,26352.
5664.,26352.
5665.,26352.
5666.,26351.
5667.,26352.
5668.,26352.
5669.,26351.
5670.,26352.
5671.,26352.
5672.,26352.
5673.,26353.
5674.,26353.
5675.,26352.
5676.,26352.
5677.,26352.
5678.,26352.
5679.,26352.
5680.,26352.
5681.,26353.
5682.,26353.
5683.,26352.
5684.,26352.
5685.,26353.
5686.,26352.
5687.,26353.
5688.,26353.
5689.,26353.
5690.,26353.
5691.,26353.
5692.,26353.
5693.,26353.
5694.,26352.
5695.,26356.
5696.,26358.
5697.,26358.
5698.,26358.
5699.,26355.
5700.,26358.
5701.,26358.
5702.,26361.
5703.,26361.
5704.,26361.
5705.,26361.
5706.,26364.
5707.,26365.
5708.,26364.
5709.,26364.
5710.,26367.
5711.,26366.
5712.,26368.
5713.,26370.
5714.,26371.
5715.,26371.
5716.,26370.
5717.,26373.
5718.,26372.
5719.,26372.
5720.,26373.
5721.,26372.
5722.,26371.
5723.,26373.
5724.,26373.
5725.,26372.
5726.,26372.
5727.,26374.
5728.,26375.
5729.,26375.
5730.,26375.
5731.,26375.
5732.,26374.
5733.,26374.
5734.,26373.
5735.,26372.
5736.,26375.
5737.,26375.
5738.,26375.
5739.,26376.
5740.,26375.
5741.,26379.
5742.,26377.
5743.,26377.
5744.,26377.
5745.,26378.
5746.,26379.
5747.,26380.
5748.,26380.
5749.,26380.
5750.,26379.
5751.,26379.
5752.,26378.
5753.,26379.
5754.,26380.
5755.,26380.
5756.,26380.
5757.,26379.
5758.,26384.
5759.,26385.
5760.,26385.
5761.,26385.
5762.,26385.
5763.,26385.
5764.,26385.
5765.,26383.
5766.,26383.
5767.,26383.
5768.,26385.
5769.,26384.
5770.,26386.
5771.,26386.
5772.,26386.
5773.,26387.
5774.,26387.
5775.,26387.
5776.,26386.
5777.,26386.
5778.,26386.
5779.,26387.
5780.,26387.
5781.,26387.
5782.,26388.
5783.,26388.
5784.,26388.
5785.,26388.
5786.,26388.
5787.,26388.
5788.,26388.
5789.,26389.
5790.,26389.
5791.,26389.
5792.,26390.
5793.,26390.
5794.,26389.
5795.,26389.
5796.,26389.
5797.,26390.
5798.,26390.
5799.,26389.
5800.,26389.
5801.,26391.
5802.,26392.
5803.,26392.
5804.,26393.
5805.,26393.
5806.,26393.
5807.,26395.
5808.,26396.
5809.,26396.
5810.,26397.
5811.,26397.
5812.,26397.
5813.,26397.
5814.,26397.
5815.,26397.
5816.,26397.
5817.,26397.
5818.,26397.
5819.,26397.
5820.,26397.
5821.,26398.
5822.,26398.
5823.,26398.
5824.,26398.
5825.,26398.
5826.,26398.
5827.,26398.
5828.,26398.
5829.,26398.
5830.,26397.
5831.,26397.
5832.,26396.
5833.,26396.
5834.,26396.
5835.,26396.
5836.,26396.
5837.,26396.
5838.,26396.
5839.,26396.
5840.,26396.
5841.,26397.
5842.,26398.
5843.,26398.
5844.,26399.
5845.,26397.
5846.,26397.
5847.,26399.
5848.,26400.
5849.,26399.
5850.,26399.
5851.,26398.
5852.,26397.
5853.,26397.
5854.,26397.
5855.,26397.
5856.,26397.
5857.,26397.
5858.,26397.
5859.,26397.
5860.,26398.
5861.,26398.
5862.,26398.
5863.,26397.
5864.,26398.
5865.,26398.
5866.,26398.
5867.,26398.
5868.,26398.
5869.,26398.
5870.,26398.
5871.,26399.
5872.,26399.
5873.,26399.
5874.,26399.
5875.,26399.
5876.,26399.
5877.,26401.
5878.,26402.
5879.,26402.
5880.,26404.
5881.,26404.
5882.,26403.
5883.,26402.
5884.,26402.
5885.,26403.
5886.,26404.
5887.,26405.
5888.,26404.
5889.,26409.
5890.,26408.
5891.,26409.
5892.,26408.
5893.,26410.
5894.,26410.
5895.,26411.
5896.,26412.
5897.,26416.
5898.,26416.
5899.,26416.
5900.,26416.
5901.,26416.
5902.,26415.
5903.,26414.
5904.,26414.
5905.,26414.
5906.,26415.
5907.,26415.
5908.,26416.
5909.,26417.
5910.,26417.
5911.,26417.
5912.,26417.
5913.,26417.
5914.,26417.
5915.,26417.
5916.,26417.
5917.,26417.
5918.,26417.
5919.,26417.
5920.,26418.
5921.,26420.
5922.,26419.
5923.,26420.
5924.,26419.
5925.,26419.
5926.,26420.
5927.,26420.
5928.,26420.
5929.,26421.
5930.,26423.
5931.,26424.
5932.,26424.
5933.,26424.
5934.,26424.
5935.,26424.
5936.,26424.
5937.,26424.
5938.,26424.
5939.,26424.
5940.,26424.
5941.,26423.
5942.,26422.
5943.,26423.
5944.,26423.
5945.,26423.
5946.,26423.
5947.,26423.
5948.,26423.
5949.,26423.
5950.,26423.
5951.,26423.
5952.,26422.
5953.,26423.
5954.,26423.
5955.,26423.
5956.,26423.
5957.,26423.
5958.,26423.
5959.,26423.
5960.,26423.
5961.,26423.
5962.,26423.
5963.,26423.
5964.,26423.
5965.,26424.
5966.,26424.
5967.,26424.
5968.,26424.
5969.,26424.
5970.,26424.
5971.,26425.
5972.,26425.
5973.,26425.
5974.,26425.
5975.,26425.
5976.,26425.
5977.,26425.
5978.,26425.
5979.,26425.
5980.,26425.
5981.,26425.
5982.,26425.
5983.,26425.
5984.,26425.
5985.,26425.
5986.,26425.
5987.,26425.
5988.,26425.
5989.,26425.
5990.,26425.
5991.,26425.
5992.,26426.
5993.,26426.
5994.,26426.
5995.,26426.
5996.,26425.
5997.,26425.
5998.,26424.
5999.,26425.
6000.,26425.
6001.,26425.
6002.,26425.
6003.,26426.
6004.,26424.
6005.,26427.
6006.,26426.
6007.,26426.
6008.,26427.
6009.,26427.
6010.,26427.
6011.,26427.
6012.,26428.
6013.,26428.
6014.,26428.
6015.,26428.
6016.,26428.
6017.,26428.
6018.,26428.
6019.,26427.
6020.,26427.
6021.,26427.
6022.,26428.
6023.,26428.
6024.,26428.
6025.,26428.
6026.,26428.
6027.,26428.
6028.,26428.
6029.,26428.
6030.,26428.
6031.,26428.
6032.,26428.
6033.,26428.
6034.,26428.
6035.,26428.
6036.,26428.
6037.,26428.
6038.,26428.
6039.,26428.
6040.,26428.
6041.,26428.
6042.,26428.
6043.,26428.
6044.,26428.
6045.,26428.
6046.,26428.
6047.,26428.
6048.,26428.
6049.,26428.
6050.,26428.
6051.,26428.
6052.,26428.
6053.,26428.
6054.,26428.
6055.,26429.
6056.,26429.
6057.,26429.
6058.,26429.
6059.,26429.
6060.,26428.
6061.,26428.
6062.,26428.
6063.,26429.
6064.,26428.
6065.,26428.
6066.,26428.
6067.,26428.
6068.,26430.
6069.,26429.
6070.,26428.
6071.,26429.
6072.,26429.
6073.,26429.
6074.,26429.
6075.,26429.
6076.,26429.
6077.,26429.
6078.,26429.
6079.,26429.
6080.,26429.
6081.,26430.
6082.,26431.
6083.,26431.
6084.,26431.
6085.,26431.
6086.,26431.
6087.,26431.
6088.,26431.
6089.,26431.
6090.,26430.
6091.,26431.
6092.,26431.
6093.,26430.
6094.,26431.
6095.,26431.
6096.,26430.
6097.,26429.
6098.,26429.
6099.,26429.
6100.,26429.
6101.,26429.
6102.,26428.
6103.,26428.
6104.,26428.
6105.,26428.
6106.,26428.
6107.,26428.
6108.,26428.
6109.,26428.
6110.,26428.
6111.,26427.
6112.,26427.
6113.,26427.
6114.,26427.
6115.,26427.
6116.,26427.
6117.,26427.
6118.,26428.
6119.,26428.
6120.,26430.
6121.,26432.
6122.,26434.
6123.,26434.
6124.,26436.
6125.,26436.
6126.,26435.
6127.,26436.
6128.,26436.
6129.,26436.
6130.,26436.
6131.,26436.
6132.,26436.
6133.,26436.
6134.,26437.
6135.,26437.
6136.,26437.
6137.,26440.
6138.,26439.
6139.,26440.
6140.,26441.
6141.,26441.
6142.,26441.
6143.,26441.
6144.,26442.
6145.,26443.
6146.,26443.
6147.,26443.
6148.,26443.
6149.,26443.
6150.,26444.
6151.,26444.
6152.,26445.
6153.,26445.
6154.,26448.
6155.,26448.
6156.,26448.
6157.,26448.
6158.,26448.
6159.,26448.
6160.,26448.
6161.,26448.
6162.,26448.
6163.,26448.
6164.,26448.
6165.,26448.
6166.,26448.
6167.,26448.
6168.,26448.
6169.,26448.
6170.,26448.
6171.,26449.
6172.,26449.
6173.,26449.
6174.,26449.
6175.,26449.
6176.,26449.
6177.,26449.
6178.,26449.
6179.,26449.
6180.,26449.
6181.,26449.
6182.,26449.
6183.,26451.
6184.,26451.
6185.,26451.
6186.,26451.
6187.,26451.
6188.,26451.
6189.,26451.
6190.,26451.
6191.,26450.
6192.,26450.
6193.,26450.
6194.,26450.
6195.,26450.
6196.,26450.
6197.,26450.
6198.,26450.
6199.,26450.
6200.,26452.
6201.,26453.
6202.,26452.
6203.,26453.
6204.,26454.
6205.,26454.
6206.,26454.
6207.,26456.
6208.,26456.
6209.,26456.
6210.,26455.
6211.,26455.
6212.,26456.
6213.,26456.
6214.,26456.
6215.,26457.
6216.,26457.
6217.,26454.
6218.,26454.
6219.,26455.
6220.,26455.
6221.,26455.
6222.,26456.
6223.,26458.
6224.,26457.
6225.,26456.
6226.,26457.
6227.,26456.
6228.,26456.
6229.,26457.
6230.,26459.
6231.,26459.
6232.,26459.
6233.,26459.
6234.,26459.
6235.,26459.
6236.,26459.
6237.,26459.
6238.,26459.
6239.,26459.
6240.,26459.
6241.,26459.
6242.,26459.
6243.,26459.
6244.,26459.
6245.,26459.
6246.,26459.
6247.,26459.
6248.,26459.
6249.,26459.
6250.,26459.
6251.,26459.
6252.,26459.
6253.,26459.
6254.,26459.
6255.,26459.
6256.,26459.
6257.,26459.
6258.,26459.
6259.,26459.
6260.,26459.
6261.,26460.
6262.,26460.
6263.,26460.
6264.,26460.
6265.,26460.
6266.,26460.
6267.,26459.
6268.,26458.
6269.,26458.
6270.,26458.
6271.,26456.
6272.,26457.
6273.,26458.
6274.,26458.
6275.,26459.
6276.,26459.
6277.,26459.
6278.,26459.
6279.,26459.
6280.,26459.
6281.,26458.
6282.,26459.
6283.,26459.
6284.,26460.
6285.,26460.
6286.,26460.
6287.,26460.
6288.,26460.
6289.,26460.
6290.,26460.
6291.,26461.
6292.,26461.
6293.,26461.
6294.,26461.
6295.,26461.
6296.,26461.
6297.,26461.
6298.,26461.
6299.,26461.
6300.,26461.
6301.,26461.
6302.,26461.
6303.,26461.
6304.,26461.
6305.,26461.
6306.,26461.
6307.,26461.
6308.,26461.
6309.,26461.
6310.,26461.
6311.,26461.
6312.,26461.
6313.,26461.
6314.,26462.
6315.,26461.
6316.,26462.
6317.,26465.
6318.,26465.
6319.,26466.
6320.,26466.
6321.,26466.
6322.,26464.
6323.,26464.
6324.,26465.
6325.,26466.
6326.,26470.
6327.,26469.
6328.,26470.
6329.,26470.
6330.,26470.
6331.,26470.
6332.,26473.
6333.,26473.
6334.,26474.
6335.,26474.
6336.,26474.
6337.,26474.
6338.,26475.
6339.,26476.
6340.,26477.
6341.,26476.
6342.,26475.
6343.,26475.
6344.,26475.
6345.,26475.
6346.,26477.
6347.,26478.
6348.,26478.
6349.,26478.
6350.,26478.
6351.,26478.
6352.,26479.
6353.,26480.
6354.,26480.
6355.,26480.
6356.,26480.
6357.,26480.
6358.,26480.
6359.,26480.
6360.,26480.
6361.,26481.
6362.,26481.
6363.,26482.
6364.,26483.
6365.,26484.
6366.,26485.
6367.,26485.
6368.,26485.
6369.,26485.
6370.,26485.
6371.,26485.
6372.,26485.
6373.,26485.
6374.,26485.
6375.,26485.
6376.,26486.
6377.,26486.
6378.,26486.
6379.,26486.
6380.,26486.
6381.,26486.
6382.,26486.
6383.,26486.
6384.,26486.
6385.,26486.
6386.,26486.
6387.,26486.
6388.,26486.
6389.,26486.
6390.,26486.
6391.,26486.
6392.,26486.
6393.,26486.
6394.,26486.
6395.,26486.
6396.,26486.
6397.,26487.
6398.,26487.
6399.,26488.
6400.,26488.
6401.,26488.
6402.,26488.
6403.,26488.
6404.,26488.
6405.,26488.
6406.,26488.
6407.,26488.
6408.,26490.
6409.,26489.
6410.,26489.
6411.,26489.
6412.,26489.
6413.,26489.
6414.,26489.
6415.,26489.
6416.,26489.
6417.,26489.
6418.,26488.
6419.,26488.
6420.,26489.
6421.,26489.
6422.,26489.
6423.,26489.
6424.,26489.
6425.,26489.
6426.,26488.
6427.,26488.
6428.,26488.
6429.,26487.
6430.,26487.
6431.,26488.
6432.,26488.
6433.,26488.
6434.,26489.
6435.,26490.
6436.,26490.
6437.,26490.
6438.,26490.
6439.,26490.
6440.,26489.
6441.,26489.
6442.,26486.
6443.,26487.
6444.,26488.
6445.,26488.
6446.,26488.
6447.,26488.
6448.,26488.
6449.,26488.
6450.,26488.
6451.,26488.
6452.,26488.
6453.,26488.
6454.,26487.
6455.,26488.
6456.,26488.
6457.,26488.
6458.,26488.
6459.,26488.
6460.,26488.
6461.,26488.
6462.,26489.
6463.,26488.
6464.,26490.
6465.,26490.
6466.,26490.
6467.,26491.
6468.,26490.
6469.,26489.
6470.,26490.
6471.,26489.
6472.,26491.
6473.,26491.
6474.,26491.
6475.,26492.
6476.,26492.
6477.,26493.
6478.,26496.
6479.,26496.
6480.,26495.
6481.,26495.
6482.,26495.
6483.,26493.
6484.,26493.
6485.,26493.
6486.,26495.
6487.,26496.
6488.,26497.
6489.,26497.
6490.,26497.
6491.,26497.
6492.,26497.
6493.,26499.
6494.,26498.
6495.,26496.
6496.,26496.
6497.,26497.
6498.,26494.
6499.,26494.
6500.,26494.
6501.,26494.
6502.,26491.
6503.,26491.
6504.,26490.
6505.,26491.
6506.,26489.
6507.,26489.
6508.,26489.
6509.,26489.
6510.,26489.
6511.,26489.
6512.,26490.
6513.,26492.
6514.,26494.
6515.,26492.
6516.,26495.
6517.,26494.
6518.,26494.
6519.,26493.
6520.,26493.
6521.,26496.
6522.,26494.
6523.,26495.
6524.,26495.
6525.,26495.
6526.,26494.
6527.,26495.
6528.,26494.
6529.,26495.
6530.,26496.
6531.,26496.
6532.,26497.
6533.,26496.
6534.,26496.
6535.,26496.
6536.,26496.
6537.,26495.
6538.,26495.
6539.,26495.
6540.,26494.
6541.,26493.
6542.,26494.
6543.,26495.
6544.,26495.
6545.,26495.
6546.,26495.
6547.,26495.
6548.,26495.
6549.,26495.
6550.,26495.
6551.,26496.
6552.,26495.
6553.,26495.
6554.,26495.
6555.,26495.
6556.,26495.
6557.,26495.
6558.,26496.
6559.,26496.
6560.,26496.
6561.,26496.
6562.,26496.
6563.,26496.
6564.,26496.
6565.,26496.
6566.,26496.
6567.,26496.
6568.,26496.
6569.,26496.
6570.,26496.
6571.,26495.
6572.,26496.
6573.,26497.
6574.,26497.
6575.,26497.
6576.,26497.
6577.,26497.
6578.,26497.
6579.,26497.
6580.,26496.
6581.,26497.
6582.,26497.
6583.,26496.
6584.,26496.
6585.,26498.
6586.,26498.
6587.,26498.
6588.,26498.
6589.,26498.
6590.,26498.
6591.,26498.
6592.,26498.
6593.,26497.
6594.,26497.
6595.,26498.
6596.,26498.
6597.,26498.
6598.,26498.
6599.,26498.
6600.,26498.
6601.,26499.
6602.,26499.
6603.,26499.
6604.,26499.
6605.,26499.
6606.,26500.
6607.,26500.
6608.,26502.
6609.,26502.
6610.,26502.
6611.,26502.
6612.,26502.
6613.,26501.
6614.,26502.
6615.,26502.
6616.,26502.
6617.,26502.
6618.,26502.
6619.,26502.
6620.,26502.
6621.,26502.
6622.,26502.
6623.,26502.
6624.,26502.
6625.,26502.
6626.,26502.
6627.,26502.
6628.,26502.
6629.,26502.
6630.,26502.
6631.,26502.
6632.,26502.
6633.,26502.
6634.,26502.
6635.,26502.
6636.,26502.
6637.,26502.
6638.,26502.
6639.,26502.
6640.,26502.
6641.,26502.
6642.,26502.
6643.,26502.
6644.,26502.
6645.,26502.
6646.,26502.
6647.,26502.
6648.,26502.
6649.,26502.
6650.,26502.
6651.,26502.
6652.,26502.
6653.,26502.
6654.,26502.
6655.,26502.
6656.,26502.
6657.,26502.
6658.,26502.
6659.,26502.
6660.,26502.
6661.,26502.
6662.,26502.
6663.,26502.
6664.,26502.
6665.,26502.
6666.,26502.
6667.,26502.
6668.,26502.
6669.,26502.
6670.,26502.
6671.,26502.
6672.,26502.
6673.,26502.
6674.,26502.
6675.,26502.
6676.,26502.
6677.,26503.
6678.,26503.
6679.,26503.
6680.,26503.
6681.,26503.
6682.,26503.
6683.,26503.
6684.,26503.
6685.,26503.
6686.,26503.
6687.,26503.
6688.,26503.
6689.,26503.
6690.,26503.
6691.,26503.
6692.,26503.
6693.,26503.
6694.,26503.
6695.,26503.
6696.,26503.
6697.,26503.
6698.,26503.
6699.,26503.
6700.,26503.
6701.,26504.
6702.,26504.
6703.,26506.
6704.,26506.
6705.,26506.
6706.,26506.
6707.,26506.
6708.,26507.
6709.,26507.
6710.,26507.
6711.,26507.
6712.,26507.
6713.,26507.
6714.,26506.
6715.,26508.
6716.,26509.
6717.,26510.
6718.,26510.
6719.,26509.
6720.,26510.
6721.,26510.
6722.,26510.
6723.,26510.
6724.,26510.
6725.,26509.
6726.,26508.
6727.,26508.
6728.,26509.
6729.,26509.
6730.,26509.
6731.,26510.
6732.,26510.
6733.,26511.
6734.,26512.
6735.,26512.
6736.,26512.
6737.,26511.
6738.,26512.
6739.,26513.
6740.,26513.
6741.,26512.
6742.,26512.
6743.,26514.
6744.,26515.
6745.,26514.
6746.,26513.
6747.,26512.
6748.,26512.
6749.,26512.
6750.,26513.
6751.,26515.
6752.,26514.
6753.,26514.
6754.,26514.
6755.,26512.
6756.,26511.
6757.,26512.
6758.,26512.
6759.,26512.
6760.,26515.
6761.,26515.
6762.,26515.
6763.,26513.
6764.,26513.
6765.,26515.
6766.,26515.
6767.,26515.
6768.,26515.
6769.,26514.
6770.,26516.
6771.,26516.
6772.,26518.
6773.,26519.
6774.,26517.
6775.,26518.
6776.,26518.
6777.,26517.
6778.,26517.
6779.,26517.
6780.,26517.
6781.,26517.
6782.,26517.
6783.,26516.
6784.,26517.
6785.,26519.
6786.,26519.
6787.,26519.
6788.,26519.
6789.,26520.
6790.,26521.
6791.,26521.
6792.,26520.
6793.,26520.
6794.,26519.
6795.,26519.
6796.,26517.
6797.,26517.
6798.,26518.
6799.,26518.
6800.,26518.
6801.,26522.
6802.,26522.
6803.,26522.
6804.,26522.
6805.,26523.
6806.,26524.
6807.,26525.
6808.,26524.
6809.,26524.
6810.,26525.
6811.,26527.
6812.,26527.
6813.,26527.
6814.,26527.
6815.,26527.
6816.,26527.
6817.,26526.
6818.,26527.
6819.,26529.
6820.,26529.
6821.,26529.
6822.,26529.
6823.,26529.
6824.,26529.
6825.,26529.
6826.,26529.
6827.,26529.
6828.,26529.
6829.,26529.
6830.,26529.
6831.,26529.
6832.,26529.
6833.,26529.
6834.,26529.
6835.,26529.
6836.,26528.
6837.,26528.
6838.,26528.
6839.,26529.
6840.,26529.
6841.,26528.
6842.,26528.
6843.,26528.
6844.,26528.
6845.,26529.
6846.,26528.
6847.,26528.
6848.,26528.
6849.,26528.
6850.,26528.
6851.,26529.
6852.,26529.
6853.,26529.
6854.,26529.
6855.,26529.
6856.,26529.
6857.,26529.
6858.,26529.
6859.,26529.
6860.,26529.
6861.,26529.
6862.,26532.
6863.,26532.
6864.,26532.
6865.,26531.
6866.,26533.
6867.,26533.
6868.,26534.
6869.,26533.
6870.,26533.
6871.,26535.
6872.,26534.
6873.,26535.
6874.,26533.
6875.,26536.
6876.,26538.
6877.,26536.
6878.,26536.
6879.,26536.
6880.,26539.
6881.,26540.
6882.,26540.
6883.,26539.
6884.,26540.
6885.,26540.
6886.,26540.
6887.,26540.
6888.,26539.
6889.,26541.
6890.,26541.
6891.,26542.
6892.,26542.
6893.,26542.
6894.,26542.
6895.,26542.
6896.,26542.
6897.,26542.
6898.,26542.
6899.,26542.
6900.,26542.
6901.,26542.
6902.,26542.
6903.,26541.
6904.,26542.
6905.,26542.
6906.,26541.
6907.,26542.
6908.,26542.
6909.,26542.
6910.,26542.
6911.,26543.
6912.,26544.
6913.,26545.
6914.,26546.
6915.,26546.
6916.,26547.
6917.,26547.
6918.,26548.
6919.,26548.
6920.,26548.
6921.,26550.
6922.,26551.
6923.,26552.
6924.,26552.
6925.,26552.
6926.,26552.
6927.,26552.
6928.,26552.
6929.,26553.
6930.,26554.
6931.,26554.
6932.,26555.
6933.,26555.
6934.,26556.
6935.,26556.
6936.,26556.
6937.,26556.
6938.,26558.
6939.,26558.
6940.,26558.
6941.,26557.
6942.,26558.
6943.,26557.
6944.,26557.
6945.,26558.
6946.,26559.
6947.,26559.
6948.,26560.
6949.,26560.
6950.,26559.
6951.,26560.
6952.,26561.
6953.,26562.
6954.,26562.
6955.,26565.
6956.,26565.
6957.,26566.
6958.,26567.
6959.,26571.
6960.,26572.
6961.,26572.
6962.,26575.
6963.,26577.
6964.,26578.
6965.,26578.
6966.,26579.
6967.,26579.
6968.,26579.
6969.,26580.
6970.,26580.
6971.,26580.
6972.,26580.
6973.,26580.
6974.,26580.
6975.,26580.
6976.,26580.
6977.,26580.
6978.,26580.
6979.,26580.
6980.,26580.
6981.,26580.
6982.,26580.
6983.,26580.
6984.,26580.
6985.,26580.
6986.,26580.
6987.,26580.
6988.,26580.
6989.,26580.
6990.,26580.
6991.,26580.
6992.,26580.
6993.,26581.
6994.,26580.
6995.,26580.
6996.,26580.
6997.,26580.
6998.,26580.
6999.,26580.
7000.,26580.
7001.,26580.
7002.,26581.
7003.,26581.
7004.,26581.
7005.,26581.
7006.,26581.
7007.,26581.
7008.,26581.
7009.,26580.
7010.,26579.
7011.,26580.
7012.,26580.
7013.,26580.
7014.,26579.
7015.,26579.
7016.,26579.
7017.,26579.
7018.,26579.
7019.,26579.
7020.,26580.
7021.,26580.
7022.,26580.
7023.,26580.
7024.,26580.
7025.,26581.
7026.,26582.
7027.,26582.
7028.,26582.
7029.,26582.
7030.,26582.
7031.,26581.
7032.,26581.
7033.,26581.
7034.,26581.
7035.,26581.
7036.,26581.
7037.,26581.
7038.,26581.
7039.,26581.
7040.,26581.
7041.,26582.
7042.,26584.
7043.,26585.
7044.,26586.
7045.,26585.
7046.,26588.
7047.,26591.
7048.,26592.
7049.,26592.
7050.,26594.
7051.,26592.
7052.,26595.
7053.,26594.
7054.,26595.
7055.,26596.
7056.,26596.
7057.,26596.
7058.,26596.
7059.,26596.
7060.,26596.
7061.,26596.
7062.,26596.
7063.,26596.
7064.,26595.
7065.,26596.
7066.,26596.
7067.,26596.
7068.,26596.
7069.,26596.
7070.,26597.
7071.,26600.
7072.,26600.
7073.,26600.
7074.,26602.
7075.,26602.
7076.,26602.
7077.,26603.
7078.,26604.
7079.,26604.
7080.,26603.
7081.,26603.
7082.,26603.
7083.,26603.
7084.,26605.
7085.,26604.
7086.,26605.
7087.,26606.
7088.,26606.
7089.,26606.
7090.,26606.
7091.,26607.
7092.,26607.
7093.,26606.
7094.,26606.
7095.,26606.
7096.,26606.
7097.,26606.
7098.,26606.
7099.,26607.
7100.,26607.
7101.,26608.
7102.,26609.
7103.,26609.
7104.,26610.
7105.,26610.
7106.,26610.
7107.,26611.
7108.,26611.
7109.,26611.
7110.,26613.
7111.,26613.
7112.,26613.
7113.,26613.
7114.,26613.
7115.,26613.
7116.,26613.
7117.,26613.
7118.,26613.
7119.,26612.
7120.,26613.
7121.,26613.
7122.,26613.
7123.,26614.
7124.,26614.
7125.,26614.
7126.,26614.
7127.,26614.
7128.,26614.
7129.,26615.
7130.,26615.
7131.,26615.
7132.,26616.
7133.,26616.
7134.,26616.
7135.,26616.
7136.,26616.
7137.,26616.
7138.,26618.
7139.,26618.
7140.,26617.
7141.,26616.
7142.,26617.
7143.,26617.
7144.,26617.
7145.,26618.
7146.,26618.
7147.,26618.
7148.,26618.
7149.,26618.
7150.,26615.
7151.,26616.
7152.,26615.
7153.,26615.
7154.,26611.
7155.,26612.
7156.,26611.
7157.,26611.
7158.,26611.
7159.,26612.
7160.,26611.
7161.,26612.
7162.,26611.
7163.,26610.
7164.,26610.
7165.,26610.
7166.,26610.
7167.,26612.
7168.,26612.
7169.,26612.
7170.,26612.
7171.,26612.
7172.,26612.
7173.,26612.
7174.,26612.
7175.,26612.
7176.,26614.
7177.,26614.
7178.,26614.
7179.,26614.
7180.,26615.
7181.,26615.
7182.,26615.
7183.,26616.
7184.,26615.
7185.,26612.
7186.,26611.
7187.,26612.
7188.,26612.
7189.,26611.
7190.,26611.
7191.,26611.
7192.,26611.
7193.,26612.
7194.,26611.
7195.,26612.
7196.,26612.
7197.,26612.
7198.,26612.
7199.,26611.
7200.,26611.
7201.,26611.
7202.,26611.
7203.,26612.
7204.,26612.
7205.,26611.
7206.,26611.
7207.,26612.
7208.,26612.
7209.,26612.
7210.,26613.
7211.,26615.
7212.,26614.
7213.,26614.
7214.,26614.
7215.,26614.
7216.,26614.
7217.,26614.
7218.,26614.
7219.,26616.
7220.,26616.
7221.,26616.
7222.,26616.
7223.,26616.
7224.,26615.
7225.,26615.
7226.,26615.
7227.,26615.
7228.,26615.
7229.,26615.
7230.,26615.
7231.,26615.
7232.,26616.
7233.,26616.
7234.,26616.
7235.,26616.
7236.,26616.
7237.,26616.
7238.,26616.
7239.,26616.
7240.,26617.
7241.,26618.
7242.,26618.
7243.,26618.
7244.,26618.
7245.,26618.
7246.,26618.
7247.,26618.
7248.,26618.
7249.,26618.
7250.,26618.
7251.,26620.
7252.,26618.
7253.,26620.
7254.,26620.
7255.,26620.
7256.,26620.
7257.,26620.
7258.,26620.
7259.,26620.
7260.,26620.
7261.,26620.
7262.,26620.
7263.,26620.
7264.,26621.
7265.,26621.
7266.,26621.
7267.,26620.
7268.,26620.
7269.,26620.
7270.,26620.
7271.,26621.
7272.,26621.
7273.,26621.
7274.,26621.
7275.,26620.
7276.,26619.
7277.,26619.
7278.,26620.
7279.,26620.
7280.,26622.
7281.,26623.
7282.,26624.
7283.,26623.
7284.,26625.
7285.,26626.
7286.,26625.
7287.,26625.
7288.,26626.
7289.,26625.
7290.,26626.
7291.,26627.
7292.,26627.
7293.,26627.
7294.,26627.
7295.,26627.
7296.,26627.
7297.,26627.
7298.,26627.
7299.,26627.
7300.,26626.
7301.,26627.
7302.,26626.
7303.,26626.
7304.,26626.
7305.,26626.
7306.,26626.
7307.,26624.
7308.,26624.
7309.,26624.
7310.,26624.
7311.,26624.
7312.,26626.
7313.,26628.
7314.,26628.
7315.,26629.
7316.,26628.
7317.,26627.
7318.,26626.
7319.,26626.
7320.,26626.
7321.,26625.
7322.,26627.
7323.,26626.
7324.,26626.
7325.,26627.
7326.,26627.
7327.,26628.
7328.,26628.
7329.,26628.
7330.,26628.
7331.,26628.
7332.,26628.
7333.,26629.
7334.,26629.
7335.,26629.
7336.,26629.
7337.,26629.
7338.,26628.
7339.,26628.
7340.,26629.
7341.,26629.
7342.,26630.
7343.,26629.
7344.,26630.
7345.,26630.
7346.,26630.
7347.,26631.
7348.,26632.
7349.,26632.
7350.,26632.
7351.,26634.
7352.,26634.
7353.,26634.
7354.,26633.
7355.,26632.
7356.,26632.
7357.,26633.
7358.,26633.
7359.,26633.
7360.,26632.
7361.,26632.
7362.,26632.
7363.,26632.
7364.,26632.
7365.,26631.
7366.,26631.
7367.,26631.
7368.,26630.
7369.,26630.
7370.,26629.
7371.,26633.
7372.,26631.
7373.,26632.
7374.,26631.
7375.,26633.
7376.,26633.
7377.,26633.
7378.,26632.
7379.,26634.
7380.,26633.
7381.,26633.
7382.,26634.
7383.,26633.
7384.,26633.
7385.,26633.
7386.,26633.
7387.,26634.
7388.,26634.
7389.,26634.
7390.,26635.
7391.,26635.
7392.,26635.
7393.,26635.
7394.,26635.
7395.,26635.
7396.,26635.
7397.,26633.
7398.,26633.
7399.,26633.
7400.,26634.
7401.,26634.
7402.,26633.
7403.,26633.
7404.,26634.
7405.,26633.
7406.,26634.
7407.,26634.
7408.,26635.
7409.,26635.
7410.,26635.
7411.,26636.
7412.,26635.
7413.,26634.
7414.,26633.
7415.,26631.
7416.,26627.
7417.,26627.
7418.,26624.
7419.,26625.
7420.,26626.
7421.,26624.
7422.,26624.
7423.,26624.
7424.,26625.
7425.,26624.
7426.,26624.
7427.,26624.
7428.,26624.
7429.,26625.
7430.,26627.
7431.,26626.
7432.,26626.
7433.,26630.
7434.,26628.
7435.,26629.
7436.,26629.
7437.,26630.
7438.,26630.
7439.,26631.
7440.,26632.
7441.,26636.
7442.,26636.
7443.,26636.
7444.,26636.
7445.,26638.
7446.,26639.
7447.,26639.
7448.,26638.
7449.,26637.
7450.,26637.
7451.,26637.
7452.,26638.
7453.,26638.
7454.,26638.
7455.,26638.
7456.,26639.
7457.,26639.
7458.,26640.
7459.,26641.
7460.,26641.
7461.,26643.
7462.,26644.
7463.,26644.
7464.,26646.
7465.,26647.
7466.,26646.
7467.,26646.
7468.,26644.
7469.,26642.
7470.,26645.
7471.,26642.
7472.,26639.
7473.,26639.
7474.,26642.
7475.,26643.
7476.,26642.
7477.,26644.
7478.,26644.
7479.,26645.
7480.,26646.
7481.,26645.
7482.,26645.
7483.,26645.
7484.,26645.
7485.,26645.
7486.,26644.
7487.,26645.
7488.,26645.
7489.,26646.
7490.,26646.
7491.,26647.
7492.,26646.
7493.,26646.
7494.,26646.
7495.,26647.
7496.,26647.
7497.,26647.
7498.,26647.
7499.,26647.
7500.,26647.
7501.,26647.
7502.,26647.
7503.,26648.
7504.,26649.
7505.,26651.
7506.,26652.
7507.,26652.
7508.,26653.
7509.,26653.
7510.,26655.
7511.,26656.
7512.,26657.
7513.,26657.
7514.,26657.
7515.,26658.
7516.,26658.
7517.,26658.
7518.,26658.
7519.,26658.
7520.,26658.
7521.,26658.
7522.,26657.
7523.,26658.
7524.,26658.
7525.,26659.
7526.,26659.
7527.,26660.
7528.,26660.
7529.,26661.
7530.,26661.
7531.,26662.
7532.,26662.
7533.,26662.
7534.,26662.
7535.,26662.
7536.,26663.
7537.,26663.
7538.,26664.
7539.,26663.
7540.,26664.
7541.,26665.
7542.,26665.
7543.,26666.
7544.,26666.
7545.,26666.
7546.,26666.
7547.,26669.
7548.,26669.
7549.,26670.
7550.,26668.
7551.,26668.
7552.,26667.
7553.,26667.
7554.,26670.
7555.,26671.
7556.,26675.
7557.,26675.
7558.,26675.
7559.,26675.
7560.,26676.
7561.,26677.
7562.,26677.
7563.,26675.
7564.,26676.
7565.,26674.
7566.,26675.
7567.,26674.
7568.,26676.
7569.,26676.
7570.,26676.
7571.,26678.
7572.,26679.
7573.,26680.
7574.,26680.
7575.,26681.
7576.,26680.
7577.,26680.
7578.,26679.
7579.,26680.
7580.,26682.
7581.,26682.
7582.,26682.
7583.,26681.
7584.,26682.
7585.,26683.
7586.,26683.
7587.,26683.
7588.,26682.
7589.,26683.
7590.,26682.
7591.,26683.
7592.,26686.
7593.,26687.
7594.,26687.
7595.,26687.
7596.,26688.
7597.,26688.
7598.,26688.
7599.,26689.
7600.,26689.
7601.,26690.
7602.,26691.
7603.,26693.
7604.,26691.
7605.,26692.
7606.,26693.
7607.,26693.
7608.,26693.
7609.,26693.
7610.,26693.
7611.,26693.
7612.,26695.
7613.,26695.
7614.,26696.
7615.,26697.
7616.,26698.
7617.,26696.
7618.,26696.
7619.,26697.
7620.,26697.
7621.,26697.
7622.,26697.
7623.,26699.
7624.,26699.
7625.,26699.
7626.,26700.
7627.,26700.
7628.,26702.
7629.,26699.
7630.,26701.
7631.,26701.
7632.,26702.
7633.,26704.
7634.,26703.
7635.,26707.
7636.,26714.
7637.,26711.
7638.,26714.
7639.,26714.
7640.,26715.
7641.,26718.
7642.,26719.
7643.,26720.
7644.,26723.
7645.,26725.
7646.,26727.
7647.,26727.
7648.,26729.
7649.,26728.
7650.,26728.
7651.,26731.
7652.,26730.
7653.,26734.
7654.,26734.
7655.,26736.
7656.,26737.
7657.,26738.
7658.,26739.
7659.,26738.
7660.,26738.
7661.,26737.
7662.,26737.
7663.,26739.
7664.,26739.
7665.,26738.
7666.,26738.
7667.,26738.
7668.,26738.
7669.,26738.
7670.,26738.
7671.,26738.
7672.,26743.
7673.,26742.
7674.,26745.
7675.,26747.
7676.,26747.
7677.,26748.
7678.,26748.
7679.,26749.
7680.,26748.
7681.,26749.
7682.,26750.
7683.,26749.
7684.,26749.
7685.,26749.
7686.,26750.
7687.,26750.
7688.,26750.
7689.,26750.
7690.,26750.
7691.,26749.
7692.,26749.
7693.,26751.
7694.,26752.
7695.,26753.
7696.,26754.
7697.,26754.
7698.,26757.
7699.,26758.
7700.,26760.
7701.,26761.
7702.,26763.
7703.,26763.
7704.,26763.
7705.,26766.
7706.,26766.
7707.,26766.
7708.,26766.
7709.,26767.
7710.,26768.
7711.,26769.
7712.,26769.
7713.,26770.
7714.,26770.
7715.,26770.
7716.,26771.
7717.,26771.
7718.,26774.
7719.,26776.
7720.,26777.
7721.,26779.
7722.,26778.
7723.,26780.
7724.,26782.
7725.,26783.
7726.,26783.
7727.,26783.
7728.,26785.
7729.,26784.
7730.,26784.
7731.,26784.
7732.,26783.
7733.,26784.
7734.,26784.
7735.,26784.
7736.,26785.
7737.,26785.
7738.,26785.
7739.,26785.
7740.,26786.
7741.,26785.
7742.,26785.
7743.,26785.
7744.,26784.
7745.,26786.
7746.,26786.
7747.,26788.
7748.,26790.
7749.,26790.
7750.,26789.
7751.,26790.
7752.,26790.
7753.,26789.
7754.,26790.
7755.,26790.
7756.,26790.
7757.,26790.
7758.,26791.
7759.,26790.
7760.,26792.
7761.,26792.
7762.,26792.
7763.,26791.
7764.,26791.
7765.,26791.
7766.,26791.
7767.,26791.
7768.,26791.
7769.,26791.
7770.,26791.
7771.,26792.
7772.,26792.
7773.,26792.
7774.,26792.
7775.,26792.
7776.,26792.
7777.,26792.
7778.,26792.
7779.,26792.
7780.,26792.
7781.,26792.
7782.,26791.
7783.,26791.
7784.,26791.
7785.,26791.
7786.,26791.
7787.,26791.
7788.,26791.
7789.,26791.
7790.,26791.
7791.,26792.
7792.,26792.
7793.,26793.
7794.,26793.
7795.,26792.
7796.,26792.
7797.,26792.
7798.,26793.
7799.,26793.
7800.,26791.
7801.,26791.
7802.,26791.
7803.,26790.
7804.,26790.
7805.,26790.
7806.,26790.
7807.,26790.
7808.,26790.
7809.,26790.
7810.,26790.
7811.,26790.
7812.,26790.
7813.,26790.
7814.,26790.
7815.,26790.
7816.,26790.
7817.,26790.
7818.,26790.
7819.,26790.
7820.,26790.
7821.,26790.
7822.,26790.
7823.,26790.
7824.,26790.
7825.,26790.
7826.,26790.
7827.,26790.
7828.,26790.
7829.,26790.
7830.,26790.
7831.,26790.
7832.,26790.
7833.,26790.
7834.,26790.
7835.,26790.
7836.,26790.
7837.,26790.
7838.,26790.
7839.,26790.
7840.,26790.
7841.,26789.
7842.,26790.
7843.,26791.
7844.,26790.
7845.,26790.
7846.,26790.
7847.,26790.
7848.,26790.
7849.,26790.
7850.,26790.
7851.,26790.
7852.,26790.
7853.,26790.
7854.,26791.
7855.,26791.
7856.,26791.
7857.,26791.
7858.,26791.
7859.,26790.
7860.,26791.
7861.,26791.
7862.,26791.
7863.,26791.
7864.,26790.
7865.,26790.
7866.,26791.
7867.,26791.
7868.,26791.
7869.,26791.
7870.,26791.
7871.,26791.
7872.,26792.
7873.,26792.
7874.,26792.
7875.,26792.
7876.,26791.
7877.,26791.
7878.,26790.
7879.,26790.
7880.,26791.
7881.,26793.
7882.,26793.
7883.,26793.
7884.,26794.
7885.,26794.
7886.,26794.
7887.,26794.
7888.,26793.
7889.,26793.
7890.,26793.
7891.,26793.
7892.,26793.
7893.,26793.
7894.,26793.
7895.,26793.
7896.,26793.
7897.,26793.
7898.,26794.
7899.,26794.
7900.,26793.
7901.,26794.
7902.,26794.
7903.,26794.
7904.,26794.
7905.,26794.
7906.,26794.
7907.,26795.
7908.,26795.
7909.,26795.
7910.,26795.
7911.,26796.
7912.,26795.
7913.,26795.
7914.,26795.
7915.,26795.
7916.,26796.
7917.,26796.
7918.,26796.
7919.,26796.
7920.,26796.
7921.,26800.
7922.,26802.
7923.,26801.
7924.,26804.
7925.,26804.
7926.,26804.
7927.,26803.
7928.,26803.
7929.,26804.
7930.,26804.
7931.,26804.
7932.,26804.
7933.,26805.
7934.,26806.
7935.,26805.
7936.,26805.
7937.,26806.
7938.,26806.
7939.,26805.
7940.,26805.
7941.,26807.
7942.,26809.
7943.,26809.
7944.,26809.
7945.,26810.
7946.,26811.
7947.,26811.
7948.,26811.
7949.,26811.
7950.,26811.
7951.,26811.
7952.,26810.
7953.,26810.
7954.,26810.
7955.,26810.
7956.,26810.
7957.,26810.
7958.,26811.
7959.,26811.
7960.,26811.
7961.,26812.
7962.,26815.
7963.,26816.
7964.,26817.
7965.,26817.
7966.,26817.
7967.,26818.
7968.,26818.
7969.,26818.
7970.,26819.
7971.,26819.
7972.,26819.
7973.,26818.
7974.,26820.
7975.,26821.
7976.,26821.
7977.,26822.
7978.,26822.
7979.,26823.
7980.,26823.
7981.,26824.
7982.,26824.
7983.,26824.
7984.,26825.
7985.,26826.
7986.,26826.
7987.,26824.
7988.,26825.
7989.,26824.
7990.,26824.
7991.,26824.
7992.,26822.
7993.,26823.
7994.,26823.
7995.,26824.
7996.,26823.
7997.,26823.
7998.,26823.
7999.,26824.
8000.,26823.
8001.,26823.
8002.,26825.
8003.,26827.
8004.,26828.
8005.,26827.
8006.,26828.
8007.,26828.
8008.,26828.
8009.,26828.
8010.,26829.
8011.,26829.
8012.,26829.
8013.,26831.
8014.,26832.
8015.,26833.
8016.,26836.
8017.,26839.
8018.,26841.
8019.,26845.
8020.,26845.
8021.,26842.
8022.,26842.
8023.,26842.
8024.,26842.
8025.,26842.
8026.,26841.
8027.,26840.
8028.,26841.
8029.,26841.
8030.,26841.
8031.,26839.
8032.,26839.
8033.,26840.
8034.,26841.
8035.,26842.
8036.,26842.
8037.,26841.
8038.,26841.
8039.,26842.
8040.,26843.
8041.,26843.
8042.,26843.
8043.,26843.
8044.,26843.
8045.,26843.
8046.,26844.
8047.,26845.
8048.,26845.
8049.,26847.
8050.,26848.
8051.,26847.
8052.,26846.
8053.,26845.
8054.,26844.
8055.,26843.
8056.,26841.
8057.,26839.
8058.,26839.
8059.,26839.
8060.,26839.
8061.,26841.
8062.,26841.
8063.,26840.
8064.,26839.
8065.,26841.
8066.,26843.
8067.,26843.
8068.,26843.
8069.,26845.
8070.,26845.
8071.,26847.
8072.,26847.
8073.,26844.
8074.,26845.
8075.,26844.
8076.,26846.
8077.,26846.
8078.,26846.
8079.,26847.
8080.,26847.
8081.,26846.
8082.,26846.
8083.,26847.
8084.,26847.
8085.,26847.
8086.,26847.
8087.,26849.
8088.,26850.
8089.,26849.
8090.,26850.
8091.,26850.
8092.,26849.
8093.,26850.
8094.,26851.
8095.,26851.
8096.,26851.
8097.,26849.
8098.,26850.
8099.,26852.
8100.,26852.
8101.,26852.
8102.,26852.
8103.,26852.
8104.,26853.
8105.,26853.
8106.,26854.
8107.,26854.
8108.,26855.
8109.,26855.
8110.,26855.
8111.,26854.
8112.,26854.
8113.,26854.
8114.,26854.
8115.,26854.
8116.,26854.
8117.,26855.
8118.,26856.
8119.,26856.
8120.,26857.
8121.,26857.
8122.,26858.
8123.,26858.
8124.,26858.
8125.,26858.
8126.,26858.
8127.,26859.
8128.,26860.
8129.,26860.
8130.,26860.
8131.,26861.
8132.,26861.
8133.,26861.
8134.,26861.
8135.,26860.
8136.,26860.
8137.,26860.
8138.,26860.
8139.,26860.
8140.,26860.
8141.,26860.
8142.,26860.
8143.,26860.
8144.,26861.
8145.,26862.
8146.,26862.
8147.,26861.
8148.,26862.
8149.,26862.
8150.,26862.
8151.,26863.
8152.,26865.
8153.,26865.
8154.,26864.
8155.,26865.
8156.,26868.
8157.,26870.
8158.,26870.
8159.,26870.
8160.,26870.
8161.,26871.
8162.,26871.
8163.,26872.
8164.,26872.
8165.,26872.
8166.,26872.
8167.,26872.
8168.,26872.
8169.,26872.
8170.,26872.
8171.,26872.
8172.,26872.
8173.,26871.
8174.,26871.
8175.,26871.
8176.,26871.
8177.,26872.
8178.,26872.
8179.,26872.
8180.,26872.
8181.,26872.
8182.,26872.
8183.,26871.
8184.,26871.
8185.,26871.
8186.,26872.
8187.,26871.
8188.,26871.
8189.,26871.
8190.,26871.
8191.,26871.
8192.,26871.
8193.,26872.
8194.,26873.
8195.,26872.
8196.,26873.
8197.,26873.
8198.,26873.
8199.,26875.
8200.,26876.
8201.,26875.
8202.,26879.
8203.,26879.
8204.,26877.
8205.,26877.
8206.,26878.
8207.,26879.
8208.,26879.
8209.,26878.
8210.,26879.
8211.,26878.
8212.,26879.
8213.,26879.
8214.,26879.
8215.,26879.
8216.,26879.
8217.,26880.
8218.,26880.
8219.,26879.
8220.,26881.
8221.,26880.
8222.,26880.
8223.,26880.
8224.,26880.
8225.,26881.
8226.,26883.
8227.,26883.
8228.,26886.
8229.,26888.
8230.,26887.
8231.,26888.
8232.,26886.
8233.,26884.
8234.,26885.
8235.,26885.
8236.,26885.
8237.,26886.
8238.,26887.
8239.,26888.
8240.,26891.
8241.,26892.
8242.,26891.
8243.,26891.
8244.,26892.
8245.,26894.
8246.,26894.
8247.,26893.
8248.,26894.
8249.,26895.
8250.,26895.
8251.,26893.
8252.,26895.
8253.,26894.
8254.,26894.
8255.,26893.
8256.,26892.
8257.,26893.
8258.,26893.
8259.,26895.
8260.,26895.
8261.,26895.
8262.,26897.
8263.,26897.
8264.,26899.
8265.,26898.
8266.,26898.
8267.,26898.
8268.,26899.
8269.,26899.
8270.,26901.
8271.,26900.
8272.,26902.
8273.,26902.
8274.,26903.
8275.,26903.
8276.,26903.
8277.,26903.
8278.,26903.
8279.,26903.
8280.,26902.
8281.,26902.
8282.,26902.
8283.,26902.
8284.,26902.
8285.,26901.
8286.,26901.
8287.,26902.
8288.,26902.
8289.,26902.
8290.,26902.
8291.,26903.
8292.,26901.
8293.,26901.
8294.,26901.
8295.,26902.
8296.,26902.
8297.,26902.
8298.,26902.
8299.,26902.
8300.,26902.
8301.,26902.
8302.,26902.
8303.,26902.
8304.,26902.
8305.,26902.
8306.,26902.
8307.,26902.
8308.,26901.
8309.,26903.
8310.,26904.
8311.,26905.
8312.,26904.
8313.,26903.
8314.,26903.
8315.,26903.
8316.,26904.
8317.,26904.
8318.,26904.
8319.,26904.
8320.,26905.
8321.,26903.
8322.,26904.
8323.,26904.
8324.,26904.
8325.,26904.
8326.,26904.
8327.,26904.
8328.,26904.
8329.,26904.
8330.,26904.
8331.,26905.
8332.,26905.
8333.,26905.
8334.,26905.
8335.,26905.
8336.,26905.
8337.,26905.
8338.,26905.
8339.,26905.
8340.,26905.
8341.,26906.
8342.,26906.
8343.,26907.
8344.,26907.
8345.,26907.
8346.,26908.
8347.,26908.
8348.,26908.
8349.,26908.
8350.,26908.
8351.,26908.
8352.,26909.
8353.,26910.
8354.,26910.
8355.,26909.
8356.,26909.
8357.,26910.
8358.,26910.
8359.,26909.
8360.,26910.
8361.,26911.
8362.,26911.
8363.,26912.
8364.,26913.
8365.,26912.
8366.,26912.
8367.,26911.
8368.,26912.
8369.,26913.
8370.,26913.
8371.,26913.
8372.,26914.
8373.,26914.
8374.,26915.
8375.,26914.
8376.,26914.
8377.,26914.
8378.,26914.
8379.,26915.
8380.,26914.
8381.,26914.
8382.,26913.
8383.,26913.
8384.,26914.
8385.,26914.
8386.,26913.
8387.,26914.
8388.,26913.
8389.,26914.
8390.,26913.
8391.,26914.
8392.,26914.
8393.,26914.
8394.,26914.
8395.,26914.
8396.,26914.
8397.,26914.
8398.,26914.
8399.,26913.
8400.,26915.
8401.,26917.
8402.,26917.
8403.,26916.
8404.,26917.
8405.,26917.
8406.,26917.
8407.,26918.
8408.,26919.
8409.,26918.
8410.,26920.
8411.,26921.
8412.,26919.
8413.,26920.
8414.,26921.
8415.,26922.
8416.,26922.
8417.,26922.
8418.,26922.
8419.,26922.
8420.,26922.
8421.,26922.
8422.,26921.
8423.,26922.
8424.,26923.
8425.,26923.
8426.,26923.
8427.,26923.
8428.,26923.
8429.,26924.
8430.,26924.
8431.,26927.
8432.,26926.
8433.,26928.
8434.,26931.
8435.,26930.
8436.,26931.
8437.,26931.
8438.,26931.
8439.,26935.
8440.,26935.
8441.,26933.
8442.,26935.
8443.,26935.
8444.,26936.
8445.,26937.
8446.,26937.
8447.,26937.
8448.,26938.
8449.,26938.
8450.,26938.
8451.,26939.
8452.,26941.
8453.,26941.
8454.,26943.
8455.,26945.
8456.,26945.
8457.,26944.
8458.,26948.
8459.,26948.
8460.,26949.
8461.,26948.
8462.,26946.
8463.,26946.
8464.,26947.
8465.,26947.
8466.,26947.
8467.,26947.
8468.,26947.
8469.,26946.
8470.,26946.
8471.,26946.
8472.,26948.
8473.,26948.
8474.,26948.
8475.,26948.
8476.,26951.
8477.,26952.
8478.,26952.
8479.,26955.
8480.,26954.
8481.,26959.
8482.,26962.
8483.,26964.
8484.,26965.
8485.,26964.
8486.,26965.
8487.,26964.
8488.,26965.
8489.,26965.
8490.,26965.
8491.,26965.
8492.,26966.
8493.,26966.
8494.,26966.
8495.,26967.
8496.,26968.
8497.,26969.
8498.,26968.
8499.,26970.
8500.,26970.
8501.,26970.
8502.,26975.
8503.,26976.
8504.,26977.
8505.,26977.
8506.,26979.
8507.,26981.
8508.,26981.
8509.,26983.
8510.,26982.
8511.,26982.
8512.,26984.
8513.,26986.
8514.,26986.
8515.,26986.
8516.,26985.
8517.,26985.
8518.,26987.
8519.,26987.
8520.,26988.
8521.,26989.
8522.,26990.
8523.,26992.
8524.,26993.
8525.,26992.
8526.,26993.
8527.,26995.
8528.,26994.
8529.,26994.
8530.,26994.
8531.,26996.
8532.,26997.
8533.,26999.
8534.,27002.
8535.,27004.
8536.,27008.
8537.,27008.
8538.,27009.
8539.,27009.
8540.,27011.
8541.,27010.
8542.,27008.
8543.,27011.
8544.,27014.
8545.,27016.
8546.,27016.
8547.,27018.
8548.,27018.
8549.,27016.
8550.,27014.
8551.,27012.
8552.,27014.
8553.,27013.
8554.,27013.
8555.,27014.
8556.,27013.
8557.,27018.
8558.,27021.
8559.,27020.
8560.,27022.
8561.,27022.
8562.,27026.
8563.,27027.
8564.,27027.
8565.,27027.
8566.,27027.
8567.,27027.
8568.,27027.
8569.,27025.
8570.,27023.
8571.,27025.
8572.,27025.
8573.,27024.
8574.,27024.
8575.,27023.
8576.,27024.
8577.,27024.
8578.,27027.
8579.,27029.
8580.,27029.
8581.,27030.
8582.,27031.
8583.,27032.
8584.,27033.
8585.,27034.
8586.,27034.
8587.,27033.
8588.,27034.
8589.,27034.
8590.,27034.
8591.,27034.
8592.,27035.
8593.,27035.
8594.,27034.
8595.,27036.
8596.,27036.
8597.,27035.
8598.,27034.
8599.,27034.
8600.,27033.
8601.,27033.
8602.,27034.
8603.,27034.
8604.,27036.
8605.,27035.
8606.,27036.
8607.,27035.
8608.,27034.
8609.,27035.
8610.,27034.
8611.,27033.
8612.,27034.
8613.,27034.
8614.,27033.
8615.,27034.
8616.,27034.
8617.,27035.
8618.,27035.
8619.,27034.
8620.,27033.
8621.,27033.
8622.,27034.
8623.,27034.
8624.,27034.
8625.,27035.
8626.,27036.
8627.,27036.
8628.,27036.
8629.,27036.
8630.,27036.
8631.,27036.
8632.,27037.
8633.,27038.
8634.,27038.
8635.,27038.
8636.,27039.
8637.,27041.
8638.,27042.
8639.,27041.
8640.,27042.
8641.,27043.
8642.,27046.
8643.,27049.
8644.,27051.
8645.,27051.
8646.,27051.
8647.,27050.
8648.,27052.
8649.,27054.
8650.,27055.
8651.,27055.
8652.,27052.
8653.,27054.
8654.,27054.
8655.,27054.
8656.,27056.
8657.,27058.
8658.,27060.
8659.,27060.
8660.,27062.
8661.,27063.
8662.,27062.
8663.,27061.
8664.,27061.
8665.,27064.
8666.,27064.
8667.,27065.
8668.,27067.
8669.,27067.
8670.,27067.
8671.,27066.
8672.,27066.
8673.,27067.
8674.,27069.
8675.,27069.
8676.,27070.
8677.,27070.
8678.,27069.
8679.,27067.
8680.,27068.
8681.,27070.
8682.,27069.
8683.,27070.
8684.,27072.
8685.,27072.
8686.,27071.
8687.,27074.
8688.,27072.
8689.,27073.
8690.,27074.
8691.,27076.
8692.,27076.
8693.,27078.
8694.,27079.
8695.,27079.
8696.,27079.
8697.,27080.
8698.,27081.
8699.,27081.
8700.,27080.
8701.,27080.
8702.,27080.
8703.,27079.
8704.,27078.
8705.,27080.
8706.,27079.
8707.,27079.
8708.,27082.
8709.,27083.
8710.,27082.
8711.,27082.
8712.,27083.
8713.,27083.
8714.,27085.
8715.,27084.
8716.,27085.
8717.,27086.
8718.,27086.
8719.,27086.
8720.,27087.
8721.,27087.
8722.,27088.
8723.,27087.
8724.,27086.
8725.,27084.
8726.,27085.
8727.,27086.
8728.,27086.
8729.,27086.
8730.,27087.
8731.,27087.
8732.,27088.
8733.,27088.
8734.,27088.
8735.,27088.
8736.,27089.
8737.,27089.
8738.,27088.
8739.,27088.
8740.,27090.
8741.,27090.
8742.,27090.
8743.,27090.
8744.,27091.
8745.,27090.
8746.,27090.
8747.,27090.
8748.,27090.
8749.,27090.
8750.,27090.
8751.,27090.
8752.,27090.
8753.,27090.
8754.,27090.
8755.,27090.
8756.,27090.
8757.,27090.
8758.,27090.
8759.,27090.
8760.,27090.
8761.,27090.
8762.,27091.
8763.,27091.
8764.,27092.
8765.,27091.
8766.,27090.
8767.,27091.
8768.,27092.
8769.,27091.
8770.,27091.
8771.,27091.
8772.,27091.
8773.,27092.
8774.,27091.
8775.,27091.
8776.,27092.
8777.,27092.
8778.,27092.
8779.,27092.
8780.,27092.
8781.,27093.
8782.,27092.
8783.,27092.
8784.,27092.
8785.,27092.
8786.,27092.
8787.,27092.
8788.,27092.
8789.,27093.
8790.,27092.
8791.,27093.
8792.,27092.
8793.,27092.
8794.,27093.
8795.,27093.
8796.,27093.
8797.,27093.
8798.,27093.
8799.,27093.
8800.,27093.
8801.,27093.
8802.,27094.
8803.,27095.
8804.,27095.
8805.,27094.
8806.,27095.
8807.,27095.
8808.,27095.
8809.,27095.
8810.,27096.
8811.,27096.
8812.,27096.
8813.,27096.
8814.,27096.
8815.,27096.
8816.,27096.
8817.,27094.
8818.,27096.
8819.,27097.
8820.,27095.
8821.,27093.
8822.,27092.
8823.,27092.
8824.,27092.
8825.,27092.
8826.,27094.
8827.,27095.
8828.,27091.
8829.,27094.
8830.,27090.
8831.,27092.
8832.,27092.
8833.,27087.
8834.,27085.
8835.,27087.
8836.,27089.
8837.,27090.
8838.,27090.
8839.,27092.
8840.,27094.
8841.,27095.
8842.,27096.
8843.,27094.
8844.,27093.
8845.,27092.
8846.,27096.
8847.,27093.
8848.,27096.
8849.,27093.
8850.,27091.
8851.,27096.
8852.,27095.
8853.,27097.
8854.,27098.
8855.,27101.
8856.,27097.
8857.,27098.
8858.,27102.
8859.,27102.
8860.,27106.
8861.,27107.
8862.,27100.
8863.,27102.
8864.,27105.
8865.,27107.
8866.,27109.
8867.,27107.
8868.,27110.
8869.,27109.
8870.,27111.
8871.,27116.
8872.,27116.
8873.,27116.
8874.,27116.
8875.,27116.
8876.,27111.
8877.,27112.
8878.,27113.
8879.,27113.
8880.,27118.
8881.,27119.
8882.,27119.
8883.,27123.
8884.,27125.
8885.,27126.
8886.,27128.
8887.,27129.
8888.,27133.
8889.,27128.
8890.,27129.
8891.,27130.
8892.,27131.
8893.,27131.
8894.,27129.
8895.,27131.
8896.,27131.
8897.,27132.
8898.,27132.
8899.,27137.
8900.,27139.
8901.,27139.
8902.,27137.
8903.,27139.
8904.,27139.
8905.,27136.
8906.,27138.
8907.,27139.
8908.,27144.
8909.,27145.
8910.,27142.
8911.,27142.
8912.,27142.
8913.,27142.
8914.,27144.
8915.,27144.
8916.,27145.
8917.,27146.
8918.,27146.
8919.,27145.
8920.,27149.
8921.,27149.
8922.,27149.
8923.,27149.
8924.,27149.
8925.,27151.
8926.,27150.
8927.,27150.
8928.,27151.
8929.,27151.
8930.,27152.
8931.,27156.
8932.,27159.
8933.,27162.
8934.,27163.
8935.,27166.
8936.,27167.
8937.,27166.
8938.,27168.
8939.,27169.
8940.,27168.
8941.,27169.
8942.,27172.
8943.,27175.
8944.,27176.
8945.,27176.
8946.,27178.
8947.,27178.
8948.,27179.
8949.,27179.
8950.,27180.
8951.,27180.
8952.,27179.
8953.,27179.
8954.,27178.
8955.,27178.
8956.,27179.
8957.,27180.
8958.,27180.
8959.,27181.
8960.,27181.
8961.,27180.
8962.,27180.
8963.,27181.
8964.,27182.
8965.,27182.
8966.,27182.
8967.,27182.
8968.,27182.
8969.,27182.
8970.,27182.
8971.,27183.
8972.,27184.
8973.,27188.
8974.,27190.
8975.,27191.
8976.,27191.
8977.,27192.
8978.,27192.
8979.,27194.
8980.,27197.
8981.,27201.
8982.,27201.
8983.,27202.
8984.,27203.
8985.,27204.
8986.,27206.
8987.,27208.
8988.,27211.
8989.,27213.
8990.,27215.
8991.,27215.
8992.,27215.
8993.,27215.
8994.,27215.
8995.,27215.
8996.,27215.
8997.,27215.
8998.,27215.
8999.,27215.
9000.,27215.
9001.,27214.
9002.,27214.
9003.,27214.
9004.,27214.
9005.,27214.
9006.,27216.
9007.,27216.
9008.,27217.
9009.,27217.
9010.,27217.
9011.,27217.
9012.,27218.
9013.,27221.
9014.,27222.
9015.,27222.
9016.,27221.
9017.,27221.
9018.,27220.
9019.,27221.
9020.,27222.
9021.,27222.
9022.,27223.
9023.,27223.
9024.,27224.
9025.,27226.
9026.,27228.
9027.,27228.
9028.,27228.
9029.,27228.
9030.,27231.
9031.,27231.
9032.,27231.
9033.,27233.
9034.,27234.
9035.,27234.
9036.,27236.
9037.,27236.
9038.,27236.
9039.,27237.
9040.,27239.
9041.,27238.
9042.,27239.
9043.,27239.
9044.,27239.
9045.,27239.
9046.,27239.
9047.,27239.
9048.,27239.
9049.,27238.
9050.,27238.
9051.,27238.
9052.,27238.
9053.,27239.
9054.,27239.
9055.,27240.
9056.,27239.
9057.,27239.
9058.,27240.
9059.,27241.
9060.,27242.
9061.,27244.
9062.,27244.
9063.,27245.
9064.,27244.
9065.,27246.
9066.,27247.
9067.,27248.
9068.,27246.
9069.,27246.
9070.,27247.
9071.,27247.
9072.,27247.
9073.,27246.
9074.,27246.
9075.,27248.
9076.,27249.
9077.,27249.
9078.,27248.
9079.,27247.
9080.,27247.
9081.,27247.
9082.,27246.
9083.,27246.
9084.,27246.
9085.,27244.
9086.,27245.
9087.,27246.
9088.,27246.
9089.,27246.
9090.,27246.
9091.,27246.
9092.,27246.
9093.,27245.
9094.,27244.
9095.,27243.
9096.,27245.
9097.,27246.
9098.,27245.
9099.,27243.
9100.,27243.
9101.,27243.
9102.,27245.
9103.,27247.
9104.,27248.
9105.,27248.
9106.,27247.
9107.,27247.
9108.,27247.
9109.,27247.
9110.,27247.
9111.,27246.
9112.,27246.
9113.,27249.
9114.,27250.
9115.,27249.
9116.,27247.
9117.,27247.
9118.,27248.
9119.,27249.
9120.,27249.
9121.,27249.
9122.,27248.
9123.,27251.
9124.,27249.
9125.,27252.
9126.,27251.
9127.,27254.
9128.,27255.
9129.,27258.
9130.,27256.
9131.,27256.
9132.,27258.
9133.,27260.
9134.,27258.
9135.,27259.
9136.,27258.
9137.,27259.
9138.,27259.
9139.,27259.
9140.,27260.
9141.,27262.
9142.,27264.
9143.,27260.
9144.,27259.
9145.,27264.
9146.,27264.
9147.,27264.
9148.,27264.
9149.,27266.
9150.,27264.
9151.,27265.
9152.,27265.
9153.,27266.
9154.,27264.
9155.,27262.
9156.,27264.
9157.,27264.
9158.,27263.
9159.,27264.
9160.,27266.
9161.,27267.
9162.,27266.
9163.,27266.
9164.,27266.
9165.,27267.
9166.,27268.
9167.,27267.
9168.,27266.
9169.,27265.
9170.,27268.
9171.,27269.
9172.,27269.
9173.,27271.
9174.,27270.
9175.,27271.
9176.,27272.
9177.,27274.
9178.,27275.
9179.,27275.
9180.,27276.
9181.,27277.
9182.,27277.
9183.,27278.
9184.,27276.
9185.,27275.
9186.,27275.
9187.,27276.
9188.,27277.
9189.,27277.
9190.,27278.
9191.,27279.
9192.,27279.
9193.,27280.
9194.,27280.
9195.,27280.
9196.,27281.
9197.,27280.
9198.,27280.
9199.,27281.
9200.,27281.
9201.,27281.
9202.,27282.
9203.,27283.
9204.,27283.
9205.,27283.
9206.,27283.
9207.,27283.
9208.,27284.
9209.,27285.
9210.,27285.
9211.,27285.
9212.,27285.
9213.,27286.
9214.,27286.
9215.,27288.
9216.,27287.
9217.,27287.
9218.,27287.
9219.,27287.
9220.,27287.
9221.,27287.
9222.,27288.
9223.,27287.
9224.,27289.
9225.,27289.
9226.,27289.
9227.,27291.
9228.,27292.
9229.,27291.
9230.,27291.
9231.,27291.
9232.,27291.
9233.,27291.
9234.,27293.
9235.,27294.
9236.,27294.
9237.,27294.
9238.,27296.
9239.,27296.
9240.,27295.
9241.,27295.
9242.,27295.
9243.,27295.
9244.,27295.
9245.,27295.
9246.,27295.
9247.,27295.
9248.,27295.
9249.,27295.
9250.,27295.
9251.,27295.
9252.,27295.
9253.,27295.
9254.,27295.
9255.,27296.
9256.,27296.
9257.,27296.
9258.,27296.
9259.,27296.
9260.,27296.
9261.,27296.
9262.,27296.
9263.,27296.
9264.,27296.
9265.,27296.
9266.,27296.
9267.,27296.
9268.,27296.
9269.,27297.
9270.,27297.
9271.,27297.
9272.,27297.
9273.,27296.
9274.,27299.
9275.,27299.
9276.,27300.
9277.,27300.
9278.,27300.
9279.,27300.
9280.,27300.
9281.,27300.
9282.,27301.
9283.,27302.
9284.,27302.
9285.,27301.
9286.,27301.
9287.,27301.
9288.,27301.
9289.,27301.
9290.,27301.
9291.,27302.
9292.,27302.
9293.,27302.
9294.,27303.
9295.,27302.
9296.,27302.
9297.,27302.
9298.,27302.
9299.,27302.
9300.,27302.
9301.,27302.
9302.,27304.
9303.,27305.
9304.,27307.
9305.,27307.
9306.,27307.
9307.,27307.
9308.,27307.
9309.,27307.
9310.,27308.
9311.,27312.
9312.,27311.
9313.,27309.
9314.,27311.
9315.,27311.
9316.,27312.
9317.,27316.
9318.,27316.
9319.,27320.
9320.,27323.
9321.,27326.
9322.,27328.
9323.,27330.
9324.,27334.
9325.,27331.
9326.,27331.
9327.,27331.
9328.,27331.
9329.,27331.
9330.,27331.
9331.,27331.
9332.,27331.
9333.,27331.
9334.,27330.
9335.,27331.
9336.,27331.
9337.,27331.
9338.,27332.
9339.,27332.
9340.,27332.
9341.,27333.
9342.,27334.
9343.,27335.
9344.,27335.
9345.,27334.
9346.,27334.
9347.,27334.
9348.,27334.
9349.,27334.
9350.,27334.
9351.,27334.
9352.,27336.
9353.,27335.
9354.,27336.
9355.,27336.
9356.,27336.
9357.,27335.
9358.,27336.
9359.,27336.
9360.,27335.
9361.,27335.
9362.,27336.
9363.,27336.
9364.,27336.
9365.,27336.
9366.,27337.
9367.,27337.
9368.,27338.
9369.,27338.
9370.,27339.
9371.,27340.
9372.,27340.
9373.,27340.
9374.,27340.
9375.,27340.
9376.,27340.
9377.,27339.
9378.,27339.
9379.,27340.
9380.,27340.
9381.,27340.
9382.,27341.
9383.,27340.
9384.,27340.
9385.,27340.
9386.,27341.
9387.,27341.
9388.,27340.
9389.,27341.
9390.,27341.
9391.,27341.
9392.,27339.
9393.,27339.
9394.,27340.
9395.,27340.
9396.,27341.
9397.,27343.
9398.,27342.
9399.,27342.
9400.,27344.
9401.,27344.
9402.,27343.
9403.,27343.
9404.,27342.
9405.,27343.
9406.,27343.
9407.,27343.
9408.,27343.
9409.,27343.
9410.,27343.
9411.,27343.
9412.,27343.
9413.,27343.
9414.,27343.
9415.,27344.
9416.,27344.
9417.,27344.
9418.,27343.
9419.,27343.
9420.,27343.
9421.,27346.
9422.,27346.
9423.,27347.
9424.,27347.
9425.,27348.
9426.,27347.
9427.,27347.
9428.,27347.
9429.,27347.
9430.,27347.
9431.,27347.
9432.,27349.
9433.,27349.
9434.,27350.
9435.,27348.
9436.,27349.
9437.,27349.
9438.,27350.
9439.,27350.
9440.,27351.
9441.,27352.
9442.,27353.
9443.,27353.
9444.,27358.
9445.,27358.
9446.,27358.
9447.,27360.
9448.,27359.
9449.,27361.
9450.,27362.
9451.,27362.
9452.,27362.
9453.,27362.
9454.,27362.
9455.,27365.
9456.,27365.
9457.,27365.
9458.,27365.
9459.,27365.
9460.,27365.
9461.,27367.
9462.,27365.
9463.,27366.
9464.,27366.
9465.,27367.
9466.,27368.
9467.,27368.
9468.,27369.
9469.,27369.
9470.,27371.
9471.,27371.
9472.,27372.
9473.,27374.
9474.,27375.
9475.,27374.
9476.,27376.
9477.,27376.
9478.,27374.
9479.,27374.
9480.,27374.
9481.,27374.
9482.,27374.
9483.,27374.
9484.,27374.
9485.,27374.
9486.,27375.
9487.,27377.
9488.,27377.
9489.,27377.
9490.,27377.
9491.,27376.
9492.,27375.
9493.,27376.
9494.,27374.
9495.,27375.
9496.,27375.
9497.,27374.
9498.,27374.
9499.,27375.
9500.,27375.
9501.,27375.
9502.,27377.
9503.,27378.
9504.,27379.
9505.,27379.
9506.,27380.
9507.,27381.
9508.,27381.
9509.,27382.
9510.,27383.
9511.,27383.
9512.,27383.
9513.,27382.
9514.,27382.
9515.,27382.
9516.,27383.
9517.,27388.
9518.,27390.
9519.,27390.
9520.,27391.
9521.,27391.
9522.,27392.
9523.,27393.
9524.,27393.
9525.,27394.
9526.,27395.
9527.,27395.
9528.,27395.
9529.,27396.
9530.,27397.
9531.,27398.
9532.,27398.
9533.,27397.
9534.,27396.
9535.,27397.
9536.,27398.
9537.,27399.
9538.,27398.
9539.,27398.
9540.,27397.
9541.,27397.
9542.,27400.
9543.,27400.
9544.,27400.
9545.,27400.
9546.,27400.
9547.,27400.
9548.,27401.
9549.,27405.
9550.,27405.
9551.,27405.
9552.,27406.
9553.,27406.
9554.,27408.
9555.,27410.
9556.,27410.
9557.,27410.
9558.,27410.
9559.,27411.
9560.,27411.
9561.,27411.
9562.,27411.
9563.,27411.
9564.,27411.
9565.,27411.
9566.,27410.
9567.,27410.
9568.,27410.
9569.,27410.
9570.,27411.
9571.,27411.
9572.,27411.
9573.,27411.
9574.,27411.
9575.,27411.
9576.,27413.
9577.,27413.
9578.,27413.
9579.,27413.
9580.,27413.
9581.,27413.
9582.,27413.
9583.,27414.
9584.,27414.
9585.,27415.
9586.,27416.
9587.,27417.
9588.,27418.
9589.,27418.
9590.,27418.
9591.,27418.
9592.,27418.
9593.,27418.
9594.,27418.
9595.,27420.
9596.,27420.
9597.,27419.
9598.,27419.
9599.,27419.
9600.,27419.
9601.,27421.
9602.,27427.
9603.,27431.
9604.,27429.
9605.,27430.
9606.,27435.
9607.,27435.
9608.,27436.
9609.,27435.
9610.,27436.
9611.,27436.
9612.,27436.
9613.,27436.
9614.,27436.
9615.,27437.
9616.,27439.
9617.,27439.
9618.,27439.
9619.,27440.
9620.,27442.
9621.,27441.
9622.,27442.
9623.,27444.
9624.,27444.
9625.,27445.
9626.,27446.
9627.,27446.
9628.,27447.
9629.,27449.
9630.,27453.
9631.,27452.
9632.,27453.
9633.,27453.
9634.,27454.
9635.,27453.
9636.,27453.
9637.,27454.
9638.,27456.
9639.,27456.
9640.,27455.
9641.,27457.
9642.,27459.
9643.,27461.
9644.,27463.
9645.,27465.
9646.,27465.
9647.,27465.
9648.,27466.
9649.,27467.
9650.,27471.
9651.,27473.
9652.,27474.
9653.,27473.
9654.,27473.
9655.,27473.
9656.,27477.
9657.,27477.
9658.,27476.
9659.,27477.
9660.,27476.
9661.,27476.
9662.,27475.
9663.,27478.
9664.,27478.
9665.,27478.
9666.,27478.
9667.,27480.
9668.,27482.
9669.,27484.
9670.,27484.
9671.,27484.
9672.,27485.
9673.,27485.
9674.,27485.
9675.,27485.
9676.,27484.
9677.,27485.
9678.,27485.
9679.,27483.
9680.,27485.
9681.,27485.
9682.,27484.
9683.,27485.
9684.,27487.
9685.,27488.
9686.,27492.
9687.,27493.
9688.,27496.
9689.,27498.
9690.,27499.
9691.,27499.
9692.,27501.
9693.,27503.
9694.,27504.
9695.,27506.
9696.,27507.
9697.,27507.
9698.,27507.
9699.,27507.
9700.,27507.
9701.,27507.
9702.,27507.
9703.,27509.
9704.,27509.
9705.,27511.
9706.,27511.
9707.,27510.
9708.,27512.
9709.,27511.
9710.,27512.
9711.,27512.
9712.,27513.
9713.,27512.
9714.,27512.
9715.,27512.
9716.,27514.
9717.,27514.
9718.,27513.
9719.,27513.
9720.,27513.
9721.,27513.
9722.,27512.
9723.,27511.
9724.,27511.
9725.,27510.
9726.,27512.
9727.,27514.
9728.,27515.
9729.,27515.
9730.,27516.
9731.,27516.
9732.,27517.
9733.,27515.
9734.,27515.
9735.,27513.
9736.,27513.
9737.,27513.
9738.,27514.
9739.,27514.
9740.,27515.
9741.,27516.
9742.,27514.
9743.,27513.
9744.,27511.
9745.,27511.
9746.,27511.
9747.,27511.
9748.,27511.
9749.,27512.
9750.,27513.
9751.,27513.
9752.,27514.
9753.,27515.
9754.,27515.
9755.,27515.
9756.,27515.
9757.,27513.
9758.,27513.
9759.,27514.
9760.,27517.
9761.,27516.
9762.,27515.
9763.,27516.
9764.,27516.
9765.,27517.
9766.,27518.
9767.,27520.
9768.,27521.
9769.,27521.
9770.,27521.
9771.,27524.
9772.,27526.
9773.,27525.
9774.,27526.
9775.,27526.
9776.,27526.
9777.,27526.
9778.,27528.
9779.,27529.
9780.,27530.
9781.,27530.
9782.,27531.
9783.,27532.
9784.,27534.
9785.,27535.
9786.,27537.
9787.,27537.
9788.,27537.
9789.,27538.
9790.,27538.
9791.,27538.
9792.,27535.
9793.,27534.
9794.,27533.
9795.,27535.
9796.,27536.
9797.,27538.
9798.,27539.
9799.,27539.
9800.,27540.
9801.,27539.
9802.,27540.
9803.,27542.
9804.,27542.
9805.,27542.
9806.,27542.
9807.,27542.
9808.,27541.
9809.,27541.
9810.,27541.
9811.,27541.
9812.,27542.
9813.,27543.
9814.,27544.
9815.,27545.
9816.,27545.
9817.,27545.
9818.,27548.
9819.,27550.
9820.,27551.
9821.,27553.
9822.,27551.
9823.,27553.
9824.,27557.
9825.,27557.
9826.,27556.
9827.,27558.
9828.,27560.
9829.,27561.
9830.,27561.
9831.,27563.
9832.,27562.
9833.,27563.
9834.,27565.
9835.,27565.
9836.,27567.
9837.,27567.
9838.,27569.
9839.,27570.
9840.,27573.
9841.,27573.
9842.,27575.
9843.,27575.
9844.,27576.
9845.,27577.
9846.,27577.
9847.,27577.
9848.,27577.
9849.,27577.
9850.,27578.
9851.,27578.
9852.,27578.
9853.,27578.
9854.,27578.
9855.,27578.
9856.,27579.
9857.,27580.
9858.,27580.
9859.,27580.
9860.,27581.
9861.,27581.
9862.,27582.
9863.,27582.
9864.,27582.
9865.,27583.
9866.,27583.
9867.,27582.
9868.,27583.
9869.,27583.
9870.,27583.
9871.,27582.
9872.,27582.
9873.,27583.
9874.,27583.
9875.,27584.
9876.,27585.
9877.,27585.
9878.,27586.
9879.,27586.
9880.,27587.
9881.,27586.
9882.,27586.
9883.,27586.
9884.,27586.
9885.,27587.
9886.,27588.
9887.,27588.
9888.,27588.
9889.,27587.
9890.,27587.
9891.,27587.
9892.,27588.
9893.,27590.
9894.,27590.
9895.,27591.
9896.,27591.
9897.,27591.
9898.,27591.
9899.,27591.
9900.,27590.
9901.,27591.
9902.,27591.
9903.,27591.
9904.,27591.
9905.,27591.
9906.,27591.
9907.,27591.
9908.,27591.
9909.,27591.
9910.,27591.
9911.,27591.
9912.,27591.
9913.,27591.
9914.,27591.
9915.,27590.
9916.,27591.
9917.,27589.
9918.,27590.
9919.,27590.
9920.,27589.
9921.,27589.
9922.,27588.
9923.,27590.
9924.,27590.
9925.,27590.
9926.,27590.
9927.,27590.
9928.,27590.
9929.,27590.
9930.,27589.
9931.,27589.
9932.,27588.
9933.,27588.
9934.,27589.
9935.,27589.
9936.,27589.
9937.,27589.
9938.,27589.
9939.,27589.
9940.,27589.
9941.,27589.
9942.,27589.
9943.,27589.
9944.,27589.
9945.,27589.
9946.,27589.
9947.,27589.
9948.,27589.
9949.,27589.
9950.,27589.
9951.,27590.
9952.,27591.
9953.,27591.
9954.,27591.
9955.,27591.
9956.,27591.
9957.,27591.
9958.,27591.
9959.,27591.
9960.,27591.
9961.,27590.
9962.,27590.
9963.,27591.
9964.,27591.
9965.,27591.
9966.,27591.
9967.,27590.
9968.,27591.
9969.,27591.
9970.,27591.
9971.,27591.
9972.,27591.
9973.,27591.
9974.,27591.
9975.,27591.
9976.,27591.
9977.,27592.
9978.,27592.
9979.,27593.
9980.,27593.
9981.,27593.
9982.,27596.
9983.,27596.
9984.,27597.
9985.,27597.
9986.,27597.
9987.,27597.
9988.,27597.
9989.,27598.
9990.,27598.
9991.,27598.
9992.,27598.
9993.,27599.
9994.,27600.
9995.,27600.
9996.,27601.
9997.,27601.
9998.,27601.
9999.,27601.
