# vtk DataFile Version 5.1
vtk output
ASCII
DATASET STRUCTURED_POINTS
DIMENSIONS 100 100 1
SPACING 1 1 1
ORIGIN 0 0 0
POINT_DATA 10000
FIELD FieldData 7
CellType 1 10000 char
0 0 0 0 0 0 0 0 0 
0 0 0 0 0 0 0 0 0 
0 0 0 0 0 0 0 0 0 
0 0 0 0 0 0 0 0 0 
0 0 0 0 0 0 0 0 0 
0 0 0 0 0 0 0 0 0 
0 0 0 0 0 0 0 0 0 
0 0 0 0 0 0 0 0 0 
0 0 0 0 0 0 0 0 0 
0 0 0 0 0 0 0 0 0 
0 0 0 0 0 0 0 0 0 
0 0 0 0 0 0 0 0 0 
0 0 0 0 0 0 0 0 0 
0 0 0 0 0 0 0 0 0 
0 0 0 0 0 0 0 0 0 
0 0 0 0 0 0 0 0 0 
0 0 0 0 0 0 0 0 0 
0 0 0 0 0 0 0 0 0 
0 0 0 0 0 0 0 0 0 
0 0 0 0 0 0 0 0 0 
0 0 0 0 0 0 0 0 0 
0 0 0 0 0 0 0 0 0 
0 0 0 0 0 0 0 0 0 
0 0 0 0 0 0 0 0 0 
0 0 0 0 0 0 0 0 0 
0 0 0 0 0 0 0 0 0 
0 0 0 0 0 0 0 0 0 
0 0 0 0 0 0 0 0 0 
0 0 0 0 0 0 0 0 0 
0 0 0 0 0 0 0 0 0 
0 0 0 0 0 0 0 0 0 
0 0 0 0 0 0 0 0 0 
0 0 0 0 0 0 0 0 0 
0 0 0 0 0 0 0 0 0 
0 0 0 0 0 0 0 0 0 
0 0 0 0 0 0 3 3 0 
0 0 0 0 0 0 0 0 0 
0 0 0 0 0 0 0 0 0 
0 0 0 0 0 0 0 3 3 
0 0 0 0 0 0 0 0 0 
3 3 0 0 0 0 0 0 0 
0 0 0 0 0 0 0 0 0 
0 0 0 0 0 0 0 0 0 
0 0 0 0 0 0 0 0 0 
0 0 0 0 0 0 0 0 3 
3 0 0 0 3 3 3 3 3 
0 3 3 0 0 0 0 3 3 
0 0 0 0 0 0 3 3 0 
0 0 0 0 3 3 0 0 0 
0 0 0 0 0 0 0 0 3 
3 0 0 0 0 0 0 3 0 
0 3 3 3 0 0 3 3 3 
3 0 0 0 0 0 0 0 0 
0 3 3 3 0 0 0 0 3 
3 0 0 0 3 3 0 0 0 
0 0 0 0 0 0 0 0 0 
3 3 3 0 0 3 3 3 3 
3 3 3 3 3 3 3 0 3 
3 3 3 3 0 0 0 3 3 
0 3 3 3 0 3 3 3 0 
0 0 0 0 0 3 3 0 0 
3 3 3 3 3 3 0 3 3 
3 3 0 3 3 0 3 3 3 
3 3 3 3 0 0 0 0 3 
3 3 3 3 3 3 3 3 0 
3 3 0 0 3 3 3 3 3 
3 0 0 0 0 0 0 0 0 
0 3 3 3 3 0 3 3 0 
0 0 3 3 3 3 3 3 3 
3 3 3 3 3 3 3 3 3 
3 0 3 3 3 3 3 3 3 
0 0 0 0 0 0 3 3 3 
0 3 3 0 3 3 3 3 3 
3 3 3 3 3 3 3 3 3 
3 3 3 3 3 0 0 0 3 
3 3 3 3 3 3 3 3 3 
0 3 3 0 0 3 3 3 3 
3 3 0 0 0 0 0 0 0 
0 0 3 3 3 3 3 3 3 
0 0 0 0 0 3 3 3 3 
3 3 3 3 3 3 3 3 3 
3 3 0 0 0 0 3 3 3 
3 3 3 3 0 3 3 0 3 
3 3 3 3 3 0 0 0 3 
3 3 3 3 3 3 3 3 0 
0 3 3 3 3 0 0 0 0 
0 3 3 3 3 3 3 3 3 
0 0 3 3 0 0 3 3 3 
3 3 0 0 0 0 0 0 0 
0 0 3 3 3 3 3 3 3 
3 0 0 0 0 0 3 3 3 
3 3 3 3 3 3 3 3 3 
3 3 3 3 3 0 0 3 3 
3 3 3 3 3 3 3 3 3 
3 3 3 3 3 3 3 0 0 
0 0 3 3 0 0 3 3 0 
0 3 3 3 3 3 0 0 0 
0 0 3 3 3 3 3 3 3 
3 3 3 3 3 0 0 3 3 
3 3 3 0 0 0 0 0 0 
0 0 0 3 3 3 3 3 3 
3 0 0 0 0 3 3 3 3 
3 0 3 3 3 3 3 3 3 
3 3 3 3 3 3 3 3 3 
3 3 3 3 3 3 3 3 3 
3 3 3 3 3 3 3 3 3 
3 3 3 3 3 0 0 3 3 
0 3 3 3 3 3 3 3 0 
0 0 0 3 3 3 3 3 3 
3 3 3 3 3 3 3 0 3 
3 3 3 3 3 0 0 0 0 
0 0 0 0 0 0 3 3 3 
3 0 0 0 0 0 3 3 3 
3 3 3 0 3 0 0 0 3 
3 3 3 3 3 3 3 3 3 
3 3 3 3 3 3 3 3 3 
3 3 3 3 3 3 3 3 3 
3 3 3 3 3 3 0 0 3 
3 0 0 3 3 3 3 3 3 
3 0 0 0 3 3 3 3 3 
3 3 3 0 0 3 3 3 3 
3 3 3 3 3 3 3 0 0 
0 0 0 0 0 0 0 0 3 
3 0 0 0 0 0 0 0 3 
3 3 3 3 3 0 0 0 0 
0 3 3 3 3 3 3 3 3 
3 3 3 3 3 3 3 3 3 
3 3 3 3 3 3 3 3 3 
3 3 3 3 3 3 3 3 3 
3 3 3 0 0 0 3 3 3 
3 0 0 0 0 0 3 3 3 
3 3 3 3 0 0 0 0 3 
3 3 3 0 0 3 3 0 0 
0 0 0 0 0 0 0 0 0 
3 3 3 0 0 0 0 0 0 
3 3 3 3 3 3 0 0 0 
0 0 3 3 3 3 3 3 3 
3 4 4 3 3 3 3 3 3 
3 3 3 3 0 3 3 3 3 
0 0 3 3 3 3 4 4 3 
3 3 3 3 3 3 0 3 3 
3 0 0 0 3 0 0 3 3 
3 3 3 3 3 0 0 0 0 
3 3 3 3 0 0 3 3 0 
0 0 0 0 0 0 0 0 0 
0 3 3 3 3 3 3 3 3 
3 3 3 3 3 3 3 3 3 
3 0 3 3 3 3 3 3 3 
3 3 4 4 4 3 3 3 3 
3 3 3 3 3 3 3 3 3 
3 3 0 3 3 3 0 4 4 
4 4 4 3 3 3 3 3 0 
3 3 3 0 3 3 3 3 3 
3 3 3 3 3 3 0 0 3 
3 3 3 3 3 3 0 3 3 
0 0 0 0 0 0 0 0 0 
3 3 3 3 3 3 3 3 3 
3 3 3 3 3 3 3 3 3 
3 3 3 3 3 3 3 3 3 
3 3 3 3 4 4 4 3 3 
3 3 3 3 3 3 3 3 3 
3 3 3 3 3 3 3 0 4 
4 2 2 2 4 4 3 3 3 
3 0 3 3 3 0 3 3 3 
3 3 3 3 3 3 3 0 0 
3 3 3 3 3 3 3 3 3 
3 0 0 0 0 0 0 0 0 
0 3 3 3 3 3 3 3 3 
3 3 3 3 3 3 3 3 3 
3 3 3 3 3 3 3 3 3 
3 3 3 3 3 3 4 4 3 
3 4 4 3 3 3 3 3 4 
4 3 3 3 3 3 3 3 3 
4 2 2 2 2 2 4 4 3 
3 3 0 0 3 3 0 3 3 
3 3 3 3 3 3 3 3 0 
0 0 3 3 3 3 3 3 3 
3 3 0 0 0 0 0 0 0 
0 0 0 3 3 3 4 4 4 
3 3 3 3 3 3 3 3 3 
3 3 3 3 3 3 3 3 3 
3 3 3 3 3 3 3 3 4 
4 4 4 4 4 3 3 4 4 
4 4 4 3 3 3 3 3 3 
3 4 2 2 2 2 2 4 4 
3 3 0 0 0 0 0 0 3 
3 3 3 3 3 3 3 3 3 
3 3 0 0 3 3 3 3 3 
3 3 3 0 0 0 0 0 0 
0 0 0 0 3 3 3 3 4 
4 4 4 3 3 3 3 3 3 
3 3 3 3 3 3 3 3 3 
3 3 3 3 3 3 3 3 3 
4 4 4 4 4 4 4 4 4 
4 2 4 4 4 3 3 3 3 
3 3 4 2 2 2 2 2 2 
4 3 3 3 3 3 3 0 0 
3 3 0 3 3 3 3 3 3 
3 3 3 0 0 0 3 3 3 
3 3 3 0 0 0 0 0 0 
0 0 0 0 0 3 3 3 3 
4 4 4 4 4 3 3 3 3 
3 3 3 3 3 3 3 3 3 
3 3 3 3 3 3 3 3 3 
3 3 3 4 4 4 2 2 2 
4 2 2 2 2 4 4 3 3 
3 3 3 4 2 2 2 2 2 
2 3 3 3 3 0 3 3 3 
3 3 3 0 0 3 3 3 3 
3 3 3 3 3 0 0 0 3 
3 0 0 0 0 0 0 0 0 
0 0 0 0 0 0 0 3 3 
3 4 4 4 4 4 4 3 3 
3 3 3 3 3 3 3 3 3 
3 3 3 3 0 0 0 3 3 
4 4 3 3 3 4 2 2 2 
2 2 2 2 2 2 2 4 3 
3 3 3 2 2 2 2 2 4 
4 4 3 3 3 3 3 0 3 
3 3 3 3 0 0 0 3 3 
3 0 3 3 3 3 3 3 3 
3 3 3 0 0 0 0 0 0 
0 0 0 0 0 0 3 0 0 
3 3 4 4 2 2 4 4 4 
4 4 3 3 3 4 4 3 3 
3 3 3 3 3 0 0 0 3 
3 4 4 4 4 3 2 2 2 
2 2 2 2 2 2 2 2 4 
3 3 3 2 2 2 2 2 2 
4 4 4 4 3 3 3 3 3 
0 0 3 3 3 0 0 0 0 
3 3 3 0 0 3 3 3 3 
3 3 3 3 0 0 0 0 0 
0 0 0 0 0 0 3 3 3 
3 0 3 4 4 2 2 2 2 
2 4 4 4 4 4 4 4 3 
3 3 3 3 3 3 3 0 0 
3 3 3 3 4 4 4 2 2 
2 2 2 2 2 2 2 2 4 
4 4 4 4 2 2 2 2 2 
2 4 4 4 4 4 3 3 3 
3 3 3 0 3 3 0 0 3 
3 3 3 3 3 3 3 3 3 
0 3 3 3 3 3 3 3 0 
0 0 0 0 0 0 0 3 3 
3 3 3 3 4 4 2 2 2 
2 2 2 2 4 4 4 4 4 
0 3 3 3 3 3 3 3 3 
0 3 3 3 4 4 4 4 2 
2 2 2 2 4 4 2 2 4 
4 4 4 4 4 4 2 2 2 
2 2 4 4 4 4 4 4 3 
3 3 3 3 3 3 3 0 0 
3 3 3 3 3 3 3 3 3 
3 3 0 0 3 0 0 3 3 
3 3 0 0 0 0 0 0 3 
3 3 4 3 3 4 4 2 2 
2 2 2 2 2 2 3 3 4 
4 0 0 3 3 3 3 3 3 
3 3 3 3 3 3 4 4 4 
4 2 2 2 2 4 4 2 2 
4 4 4 4 4 4 4 2 2 
2 2 2 2 4 4 4 4 4 
3 3 3 3 3 3 3 3 0 
0 0 0 3 3 3 0 0 3 
3 3 3 0 0 0 0 0 0 
0 3 3 3 0 0 0 0 0 
0 3 3 4 4 4 4 2 2 
2 2 2 2 2 2 2 4 3 
4 4 3 3 3 3 3 3 3 
3 3 3 3 3 3 3 3 3 
4 4 2 2 2 2 2 2 2 
2 4 4 4 4 4 4 4 2 
2 2 2 2 2 2 2 4 4 
4 3 3 3 3 3 3 3 3 
0 0 0 0 3 3 0 0 0 
3 3 3 3 3 0 0 0 0 
0 0 0 3 0 0 0 0 0 
0 4 3 3 4 4 4 4 2 
2 2 2 2 2 2 2 2 4 
4 4 4 3 3 3 3 3 3 
3 3 3 3 3 3 3 3 3 
3 3 3 4 2 2 2 2 2 
2 2 4 4 2 2 2 2 4 
4 2 2 2 2 2 2 2 4 
4 3 4 3 3 3 3 3 3 
3 3 3 3 0 3 3 3 3 
0 0 3 3 3 3 3 3 3 
3 3 3 0 0 0 0 0 0 
0 0 4 4 4 4 4 4 4 
2 2 2 2 2 2 2 2 2 
4 4 4 4 4 0 3 3 4 
3 3 3 3 0 3 3 3 3 
3 3 3 3 4 4 2 2 2 
2 2 2 4 4 2 2 2 2 
2 4 4 4 2 2 2 2 2 
2 4 3 3 3 3 3 3 3 
3 3 3 3 3 3 0 3 3 
3 3 3 3 3 3 0 3 3 
3 3 3 3 3 3 0 0 0 
0 0 0 3 3 4 4 4 4 
2 2 2 2 2 2 2 2 2 
2 2 2 2 4 4 4 3 3 
4 4 4 3 3 3 0 3 3 
3 3 3 3 3 4 4 4 4 
4 4 2 2 4 4 2 2 2 
2 2 2 2 4 2 2 2 2 
2 2 4 3 3 3 3 3 3 
3 3 3 3 3 3 3 3 3 
3 3 3 3 3 3 3 0 0 
3 3 3 0 0 3 3 0 0 
0 0 0 0 0 3 3 3 3 
4 4 2 2 2 4 2 2 2 
2 2 2 2 2 2 2 4 2 
2 4 4 4 4 3 3 3 0 
3 3 3 3 3 3 4 4 4 
4 4 4 2 2 2 4 4 2 
2 2 2 2 2 2 2 2 2 
2 2 2 4 4 3 3 3 3 
3 3 3 3 3 3 3 3 3 
3 3 3 3 3 3 3 3 3 
0 0 3 3 3 0 0 0 0 
0 0 0 0 0 0 3 3 3 
3 4 4 4 4 4 4 4 4 
2 2 2 2 2 2 2 2 2 
2 2 4 4 4 4 4 3 3 
3 0 3 4 3 3 0 4 4 
4 4 4 4 2 2 2 2 4 
4 2 2 2 2 2 2 2 2 
2 2 2 2 4 4 4 3 4 
4 3 3 3 3 3 3 3 3 
3 3 3 3 3 3 3 3 3 
3 0 0 0 3 3 3 0 0 
0 0 0 0 0 0 0 3 3 
3 3 3 3 3 4 4 4 4 
4 4 4 4 2 2 2 2 2 
4 4 2 2 4 4 4 4 3 
3 3 3 3 4 4 3 3 4 
4 4 4 4 2 2 2 2 2 
2 4 4 2 2 2 2 2 4 
2 2 2 2 2 2 4 4 4 
4 4 4 4 4 3 3 3 3 
3 3 3 3 3 3 3 3 3 
0 0 0 0 0 0 3 3 3 
0 0 0 0 0 0 0 0 0 
0 3 3 3 3 3 3 3 3 
3 4 4 4 4 2 2 2 2 
2 4 4 2 2 2 2 4 4 
4 4 4 3 3 4 4 4 3 
4 4 1 4 4 2 2 2 2 
2 2 4 4 4 2 2 2 2 
4 4 4 2 2 2 2 2 4 
4 4 4 4 4 4 3 3 3 
3 3 3 3 3 3 3 3 3 
3 0 0 0 0 0 0 0 3 
0 0 0 0 0 0 0 0 0 
0 0 0 3 3 3 3 3 3 
3 3 3 3 4 4 4 2 2 
2 4 4 4 2 2 2 2 2 
2 4 4 4 4 4 1 4 4 
4 4 4 4 1 4 4 4 2 
2 2 2 2 4 4 2 2 2 
2 2 4 4 4 2 2 2 2 
2 2 4 4 2 2 2 4 3 
3 3 3 3 3 3 3 3 3 
3 3 3 3 0 0 0 0 0 
0 0 0 0 0 0 0 0 0 
0 0 0 0 0 3 3 3 3 
3 3 3 3 3 3 4 4 4 
4 4 4 4 4 4 2 2 2 
2 2 2 4 4 1 4 4 4 
4 4 4 4 4 4 1 4 4 
4 4 2 2 2 2 2 2 2 
2 4 4 4 0 4 2 2 2 
2 2 2 4 4 2 2 2 2 
4 3 3 3 0 0 0 0 3 
3 3 3 3 3 3 0 3 3 
3 3 3 0 0 0 0 0 0 
0 0 0 3 3 3 0 3 3 
3 3 3 3 3 3 3 3 4 
4 4 4 4 1 1 4 4 4 
2 2 2 2 4 4 4 1 4 
4 4 4 4 1 4 4 1 1 
4 4 2 2 2 2 2 2 2 
2 2 4 4 4 4 4 2 2 
2 2 2 2 4 4 2 2 2 
2 2 4 4 4 4 0 0 0 
0 3 3 3 3 3 0 0 3 
3 3 3 3 3 3 0 0 0 
0 0 0 0 3 3 3 3 3 
3 3 3 3 3 3 3 3 3 
3 4 4 4 4 1 1 1 4 
4 4 2 2 2 4 4 4 4 
4 4 4 4 1 4 1 4 1 
4 4 4 2 2 2 2 2 2 
2 2 2 2 4 4 4 4 4 
4 2 2 2 2 4 4 2 2 
2 2 2 2 2 4 4 4 0 
0 0 0 3 3 3 0 0 0 
0 3 3 0 0 3 3 0 0 
0 0 0 0 0 3 3 3 3 
3 3 3 3 3 3 3 3 3 
3 3 3 3 4 4 4 1 1 
4 4 4 2 2 2 2 2 2 
4 4 4 2 4 4 4 4 4 
4 1 4 4 2 2 2 2 2 
2 2 2 2 2 4 4 4 1 
4 4 4 2 2 2 2 2 2 
2 2 2 2 2 2 2 4 3 
3 0 0 0 3 3 3 3 0 
0 0 3 3 3 0 0 0 0 
0 0 0 0 0 0 3 3 3 
3 3 3 3 3 3 3 3 3 
3 3 3 3 3 3 4 4 4 
4 4 4 2 2 2 2 2 2 
2 2 2 2 2 2 4 4 1 
1 4 4 4 2 2 2 2 2 
2 2 2 2 2 2 4 4 1 
1 4 4 4 4 2 2 2 2 
2 2 2 2 2 2 2 2 4 
3 3 3 3 3 3 3 3 3 
3 3 0 0 3 3 0 0 0 
0 0 0 0 0 0 0 3 3 
3 3 3 3 3 3 3 3 3 
3 3 4 4 4 3 3 4 4 
4 4 4 2 2 2 2 2 2 
2 2 2 2 2 2 2 2 4 
4 1 1 4 2 2 2 2 2 
2 2 2 2 2 2 4 4 1 
1 1 4 2 2 2 2 2 2 
2 2 2 2 2 2 2 2 2 
4 4 3 3 3 3 3 3 0 
0 3 3 3 0 0 0 0 0 
0 0 0 0 0 0 0 0 3 
3 3 3 3 3 3 3 3 3 
3 3 3 3 4 4 4 1 4 
4 4 4 4 2 2 2 2 2 
2 2 2 2 2 2 2 2 2 
2 4 1 1 4 2 2 2 2 
2 2 2 2 2 2 4 4 1 
1 1 4 4 2 2 2 2 2 
2 2 2 2 2 2 2 2 2 
3 4 4 4 3 3 3 3 3 
0 0 0 0 3 0 0 0 0 
0 0 0 0 0 0 0 0 3 
3 3 3 3 3 3 3 3 3 
3 3 3 3 3 3 4 1 4 
4 2 2 4 4 2 2 2 2 
2 2 2 2 2 2 2 2 2 
2 2 4 4 1 4 2 2 2 
2 2 2 2 2 2 2 4 4 
1 1 4 4 4 2 2 2 2 
2 2 4 4 4 4 2 2 2 
3 3 3 4 4 4 3 3 3 
3 3 3 0 0 0 0 0 0 
0 0 0 0 0 0 0 0 0 
3 3 3 3 3 3 3 3 3 
3 4 3 3 3 4 4 4 3 
4 4 2 2 2 2 2 2 2 
2 2 2 2 2 2 2 2 2 
2 2 2 4 1 4 4 2 2 
2 2 2 2 2 2 2 2 4 
4 1 1 1 4 4 4 4 4 
2 2 3 3 3 4 4 4 4 
3 3 3 0 3 3 3 4 3 
3 3 3 3 3 3 0 0 3 
3 0 0 0 0 0 0 0 0 
0 0 3 3 3 3 3 3 3 
3 3 3 4 4 4 4 4 4 
4 4 2 2 2 2 2 2 2 
2 2 2 2 2 2 2 2 2 
2 2 2 2 2 4 4 2 2 
2 2 2 2 2 2 2 2 2 
4 4 1 1 1 1 3 3 4 
4 4 4 3 3 3 3 3 3 
3 4 3 3 3 0 3 3 3 
4 3 0 0 0 3 3 3 0 
3 3 3 0 0 0 0 0 0 
0 3 3 3 3 3 3 4 3 
3 3 3 3 4 4 4 4 4 
4 4 4 2 2 2 2 2 2 
2 2 2 2 2 2 2 2 2 
2 2 2 2 2 2 2 2 2 
2 2 2 2 2 2 2 2 2 
2 4 4 4 1 1 4 4 3 
3 3 4 4 4 3 3 3 3 
3 3 3 3 3 3 3 3 3 
3 3 0 0 0 0 0 3 3 
3 0 3 3 3 0 0 0 0 
0 0 3 3 3 3 3 3 4 
4 4 3 4 4 4 1 4 4 
4 4 4 2 2 2 2 2 2 
2 2 4 4 2 2 2 2 2 
2 2 2 2 2 2 2 2 2 
2 2 2 2 2 2 2 2 2 
2 2 4 4 4 1 1 4 4 
4 3 3 3 3 4 3 3 3 
3 3 3 3 3 3 3 3 3 
3 3 3 0 0 0 0 0 0 
3 3 3 0 3 3 0 0 0 
0 0 0 0 3 3 3 3 3 
3 4 4 4 4 4 4 4 1 
4 4 4 4 2 2 2 2 2 
2 2 2 4 4 2 2 2 2 
2 2 2 2 2 2 2 2 2 
2 2 2 2 2 2 2 2 2 
2 2 2 4 4 4 1 1 4 
4 4 4 4 4 3 4 4 4 
3 3 3 3 3 3 3 3 3 
3 3 3 3 3 0 3 3 3 
3 0 3 3 3 0 0 0 0 
0 0 0 0 0 0 3 3 4 
3 3 3 1 4 1 4 4 4 
4 2 4 4 2 2 2 2 2 
2 2 2 2 4 4 2 2 2 
2 2 2 2 2 2 2 2 2 
2 4 4 4 4 4 2 2 2 
2 2 2 4 4 4 4 1 1 
1 4 2 2 4 4 4 4 4 
4 4 4 4 4 3 3 3 3 
3 3 3 3 3 3 3 3 3 
3 3 3 3 3 3 3 0 0 
0 0 0 0 0 0 0 3 3 
4 4 4 4 3 1 4 4 2 
4 2 2 2 2 2 2 2 2 
2 2 2 2 2 4 4 2 2 
2 2 2 2 2 2 2 2 2 
2 4 4 4 1 4 4 4 2 
2 2 2 2 2 4 4 4 4 
1 4 4 2 2 2 2 4 4 
4 4 4 4 4 4 4 4 3 
3 3 3 3 3 3 3 3 3 
3 3 3 3 3 3 3 0 0 
0 0 0 0 0 0 0 0 3 
3 3 4 4 4 4 4 4 4 
2 2 2 2 2 2 2 2 2 
2 2 2 2 2 2 4 4 2 
2 2 2 2 2 2 2 2 4 
4 4 4 4 1 1 1 4 4 
2 2 2 2 2 2 2 4 4 
4 4 4 2 2 2 2 2 2 
2 2 2 2 2 4 1 4 4 
4 3 3 3 3 3 3 3 3 
3 3 3 3 3 3 3 0 0 
0 0 0 0 0 0 0 3 3 
0 3 3 4 4 4 4 4 4 
4 2 2 2 2 2 2 2 2 
2 2 2 2 2 2 2 4 4 
4 2 2 2 2 4 2 2 4 
4 4 1 1 1 1 1 1 1 
4 2 2 2 2 2 2 2 2 
4 4 4 4 2 2 2 2 2 
2 2 2 2 2 2 4 4 1 
3 3 3 3 3 3 3 3 3 
3 3 3 3 3 3 3 3 3 
0 0 0 0 0 0 0 0 3 
3 3 3 3 4 4 4 4 1 
4 4 2 2 2 2 2 2 2 
2 2 2 2 2 2 2 2 4 
4 4 2 2 2 2 4 4 4 
4 4 1 1 1 1 1 1 1 
1 4 4 4 4 2 2 2 2 
2 2 2 2 2 2 2 2 2 
2 2 2 2 2 2 2 4 4 
3 3 3 3 3 3 3 3 3 
3 3 3 3 3 3 3 0 3 
3 0 0 0 0 0 0 0 0 
0 0 3 3 3 3 3 4 4 
4 4 4 2 2 2 2 2 2 
2 2 2 2 2 2 2 2 2 
4 4 4 2 2 2 4 4 4 
1 1 1 1 1 1 1 1 1 
1 4 4 4 4 4 4 2 2 
2 2 2 2 2 2 2 2 2 
2 2 2 2 2 2 2 2 4 
4 3 3 3 3 3 3 3 3 
3 3 3 3 3 3 3 3 3 
0 0 0 0 0 0 0 0 0 
0 0 0 3 3 3 3 3 3 
4 4 1 4 2 2 2 2 2 
2 2 2 2 2 4 4 2 2 
2 4 4 4 4 2 2 4 4 
4 4 1 1 1 1 1 1 1 
1 1 4 4 1 1 1 4 4 
4 2 2 2 2 2 2 2 2 
2 2 2 2 2 2 2 2 4 
4 3 3 3 3 3 3 3 3 
3 3 3 3 3 3 3 3 3 
3 3 0 0 0 0 0 0 0 
0 0 0 0 0 3 3 3 3 
3 4 4 4 4 2 2 2 2 
2 2 2 2 2 2 4 4 2 
2 2 2 2 4 4 4 4 4 
4 4 4 1 1 1 1 1 1 
1 1 1 1 1 1 4 1 1 
4 4 4 4 2 2 2 2 2 
2 2 2 2 2 2 2 2 2 
4 4 4 3 3 3 3 3 3 
3 3 3 3 3 3 3 3 3 
3 3 3 3 0 0 0 0 0 
0 0 0 0 3 3 3 3 3 
3 3 3 4 4 4 4 2 2 
2 2 2 2 2 2 2 4 4 
2 2 2 2 2 0 1 1 4 
4 4 1 1 1 1 1 1 1 
1 1 1 1 0 0 4 4 4 
1 1 1 4 4 2 2 2 2 
2 2 2 2 2 2 2 4 4 
4 2 4 4 4 3 3 3 3 
3 3 3 3 3 3 3 3 3 
3 3 3 3 3 3 0 0 0 
0 0 0 0 0 3 3 3 3 
3 3 3 3 3 3 4 4 4 
4 4 2 2 2 2 2 2 4 
4 2 2 2 2 0 0 1 1 
1 4 4 1 4 4 4 0 0 
0 0 0 0 0 2 2 2 2 
4 4 1 1 1 4 2 2 2 
2 2 2 2 2 2 2 2 2 
4 4 4 4 3 4 3 3 3 
3 3 3 3 3 3 3 3 3 
3 0 0 0 3 3 3 0 0 
0 0 0 0 0 0 0 3 3 
3 3 3 3 4 3 3 3 3 
4 4 4 4 4 2 2 2 2 
4 4 4 4 2 0 0 1 4 
1 4 4 4 4 4 2 2 2 
2 2 2 2 2 2 2 2 2 
2 2 4 4 4 4 4 2 2 
2 2 2 2 2 2 2 2 2 
2 2 2 4 4 3 3 3 3 
3 3 3 3 3 3 3 3 3 
3 3 0 0 0 3 3 0 0 
0 0 0 0 0 0 0 0 3 
3 3 3 3 4 4 4 3 3 
3 3 3 3 4 4 2 2 2 
2 4 4 4 4 4 4 1 1 
4 4 4 2 2 4 2 2 2 
2 2 2 2 2 2 2 2 2 
2 2 2 2 2 4 4 2 2 
2 2 2 2 2 2 2 2 2 
2 2 2 2 2 4 4 3 3 
3 3 3 3 3 3 3 3 3 
3 3 3 3 0 0 3 3 0 
0 0 0 0 0 0 0 0 0 
3 3 3 3 3 3 4 4 4 
3 4 4 3 3 3 3 2 2 
2 2 4 4 4 4 4 4 4 
4 4 4 2 2 2 2 2 2 
2 2 2 2 2 2 2 2 2 
2 2 2 2 2 2 2 2 2 
2 2 2 2 2 2 2 2 2 
2 2 2 2 2 2 2 4 4 
4 3 3 3 3 3 3 3 3 
3 3 3 3 3 3 0 3 3 
0 0 0 0 0 0 0 0 0 
0 3 3 3 3 3 3 3 4 
4 4 4 4 4 4 3 3 4 
2 2 2 4 4 4 4 4 4 
1 4 4 4 2 2 2 2 2 
2 2 2 2 2 2 2 2 2 
2 2 2 2 2 2 2 2 2 
2 2 2 2 2 2 2 2 4 
4 4 2 2 2 2 2 2 4 
4 4 4 4 3 3 3 3 3 
3 3 3 3 3 3 3 3 3 
3 0 0 0 0 0 0 0 0 
0 0 3 3 3 3 3 3 0 
3 4 2 2 2 4 4 4 4 
4 4 2 2 4 4 1 4 4 
4 4 1 4 4 2 2 2 2 
2 2 2 2 2 2 2 2 2 
2 2 2 2 2 2 2 2 2 
2 2 2 2 2 2 2 2 2 
2 4 4 4 4 2 2 2 2 
2 4 4 4 4 4 4 3 3 
3 3 3 3 3 3 3 3 3 
3 3 0 0 0 0 0 0 0 
0 0 0 3 3 0 3 3 3 
3 3 3 2 2 2 2 2 2 
2 4 4 2 2 4 4 1 4 
5 4 4 1 4 2 2 2 2 
2 2 4 2 2 2 2 2 2 
2 2 2 2 2 2 2 2 2 
4 4 2 2 2 2 2 2 2 
2 2 2 2 4 4 2 2 2 
2 2 4 4 4 4 4 4 3 
3 3 3 3 3 3 3 3 3 
3 3 3 0 0 0 0 0 0 
0 0 0 0 3 3 0 0 3 
3 3 3 3 2 2 2 2 2 
2 2 4 4 1 1 4 4 1 
1 5 5 4 4 2 2 2 2 
2 2 2 4 4 4 2 0 0 
0 2 2 2 2 2 2 2 2 
4 4 4 2 2 2 2 2 2 
2 2 2 2 2 2 2 2 2 
2 2 2 1 4 4 4 4 4 
3 3 3 3 3 3 3 3 3 
3 3 3 3 0 0 0 0 0 
0 0 0 0 3 3 3 0 0 
3 3 3 4 4 4 4 2 2 
2 2 2 4 4 1 1 1 1 
1 1 5 2 2 2 2 2 2 
2 2 2 2 2 4 4 4 1 
1 1 0 2 2 2 2 2 2 
2 4 4 2 2 2 2 2 2 
2 2 2 2 2 2 2 2 2 
2 2 2 4 4 1 4 4 4 
4 3 3 3 3 3 3 3 3 
3 0 3 3 3 0 0 0 0 
0 0 0 0 0 3 3 3 3 
3 0 3 3 3 4 4 4 4 
4 4 4 4 4 4 1 1 1 
1 1 1 5 5 2 2 2 2 
2 2 2 2 2 2 3 4 4 
4 4 1 0 2 2 2 2 2 
2 2 2 2 2 2 2 2 2 
2 2 2 2 2 2 2 2 4 
4 4 4 4 4 4 4 4 4 
0 3 3 3 3 3 3 3 3 
3 3 0 0 3 3 0 0 0 
0 0 0 0 0 0 3 3 3 
3 3 3 3 3 3 3 3 3 
4 4 3 4 4 4 4 4 1 
1 5 4 4 5 5 4 4 4 
2 2 2 2 2 2 4 4 3 
4 4 4 4 4 2 2 2 2 
2 2 2 2 2 2 2 2 2 
2 2 2 2 2 2 2 2 2 
4 4 1 4 4 4 4 4 4 
4 4 3 3 0 0 3 3 3 
3 3 3 0 0 3 3 0 0 
0 0 0 0 0 0 0 0 3 
3 3 0 3 3 3 3 3 3 
3 3 3 3 3 4 4 4 4 
4 5 5 4 4 4 5 4 4 
4 4 2 2 2 2 4 4 4 
4 3 3 3 4 4 2 2 2 
2 2 2 2 2 2 2 2 2 
2 2 2 2 2 2 2 2 2 
2 4 4 1 1 4 4 4 4 
4 4 4 3 3 0 0 0 3 
3 3 3 3 3 0 3 3 0 
0 0 0 0 0 0 0 0 0 
3 3 3 3 0 0 3 3 3 
3 3 3 3 3 3 4 4 4 
4 4 5 2 2 2 4 4 4 
4 4 4 2 2 2 4 4 1 
4 4 4 3 3 3 4 2 2 
2 2 2 2 2 2 2 2 2 
2 2 2 2 2 2 4 4 2 
2 2 4 4 1 1 1 4 4 
4 4 4 4 3 3 0 0 0 
3 3 3 3 0 0 0 3 3 
0 0 0 0 0 0 0 0 0 
0 3 3 3 3 0 0 0 3 
3 3 3 3 3 3 3 3 3 
4 4 4 5 2 2 2 2 2 
4 4 4 4 4 4 4 4 4 
4 4 4 4 4 3 3 4 4 
4 2 2 2 4 4 4 4 4 
2 2 2 2 2 2 2 4 4 
4 4 4 4 4 4 4 4 1 
4 4 4 4 4 3 3 3 3 
0 3 3 3 3 3 0 0 3 
3 0 0 0 0 0 0 0 0 
0 0 3 3 3 3 3 0 0 
0 0 0 3 3 3 3 3 3 
3 3 3 3 5 2 2 2 2 
2 2 2 4 4 4 4 4 4 
1 4 4 4 4 4 3 3 0 
4 4 4 4 4 4 4 4 4 
4 4 4 2 2 2 2 2 3 
3 4 4 4 4 4 4 4 4 
4 4 4 4 4 4 3 3 3 
3 3 3 3 3 3 3 3 3 
3 3 0 0 0 0 0 0 0 
0 0 0 3 3 0 0 3 0 
0 0 0 0 0 3 3 3 3 
3 3 3 3 3 5 2 2 2 
2 2 2 2 2 2 2 2 4 
4 4 3 3 4 4 4 3 3 
0 0 3 4 4 3 3 3 3 
3 3 4 4 4 4 4 2 2 
3 3 3 3 3 4 4 4 4 
4 4 4 4 4 4 4 3 3 
3 3 3 3 3 3 3 3 3 
3 3 3 3 3 0 0 0 0 
0 0 0 0 3 3 3 0 0 
0 0 0 3 3 3 0 3 3 
3 3 3 3 5 5 2 2 2 
2 2 0 2 2 2 2 2 2 
2 4 4 3 3 3 3 3 3 
3 0 0 3 3 3 3 3 3 
3 3 3 3 3 4 4 4 2 
2 2 3 3 3 3 3 3 3 
4 4 4 4 3 4 4 3 3 
3 3 3 3 3 3 3 3 3 
3 3 0 0 3 3 0 0 0 
0 0 0 0 0 0 3 3 0 
0 0 0 3 3 3 3 0 3 
3 3 3 3 3 3 5 5 2 
0 0 0 0 2 2 0 4 4 
4 4 3 3 3 3 3 3 3 
3 3 0 0 3 3 3 3 3 
3 3 3 3 3 3 3 4 4 
2 2 2 3 3 3 3 3 3 
3 3 3 4 4 3 3 3 3 
3 3 3 3 3 3 3 3 3 
3 3 3 0 0 0 0 0 0 
0 0 0 0 3 3 3 0 3 
3 3 0 0 3 3 3 3 3 
3 3 3 3 3 3 3 3 5 
5 5 5 0 0 0 0 0 1 
4 4 4 4 3 3 3 3 3 
3 3 3 3 3 0 3 3 3 
3 3 3 3 3 3 3 3 4 
4 2 2 4 3 3 3 3 3 
3 3 3 3 3 4 3 3 3 
3 3 3 3 3 3 3 3 3 
3 3 3 3 3 3 0 0 0 
0 0 0 0 0 0 3 3 3 
3 3 3 3 3 0 3 3 3 
3 3 3 3 3 3 3 3 3 
3 0 1 5 1 0 0 0 0 
0 1 3 3 3 4 4 3 3 
3 3 3 3 3 3 3 0 3 
3 3 3 3 3 3 3 3 3 
4 4 3 4 4 4 3 3 3 
3 3 3 3 3 3 3 3 3 
3 3 3 3 3 3 3 3 3 
3 3 3 3 0 3 3 0 0 
0 0 0 0 0 0 0 0 0 
3 3 3 3 3 3 3 3 3 
3 3 3 3 3 3 3 3 3 
3 3 0 0 1 5 1 0 0 
1 4 4 4 3 3 3 3 3 
3 3 3 3 3 3 3 3 3 
3 3 0 3 3 3 3 3 3 
3 3 3 3 3 3 4 4 4 
3 3 3 3 3 3 3 3 3 
3 3 3 3 3 3 3 3 3 
3 3 3 3 3 3 0 0 0 
0 0 0 0 0 0 0 0 0 
0 0 3 3 3 0 3 3 3 
3 3 3 3 3 0 3 3 0 
0 3 0 0 0 0 1 0 1 
1 1 4 4 4 4 4 3 3 
3 3 3 3 3 3 3 3 3 
3 3 0 0 0 3 3 3 3 
3 3 3 3 3 3 3 3 4 
4 3 3 3 3 3 3 3 3 
3 3 3 3 3 3 3 3 3 
3 3 3 3 3 3 3 3 0 
0 0 0 0 0 0 0 0 0 
0 0 3 0 3 3 3 0 3 
3 3 3 3 3 3 3 3 3 
3 0 0 3 3 0 0 0 0 
0 1 0 3 0 4 4 3 4 
3 3 3 3 3 3 3 3 3 
3 3 3 0 0 3 0 3 3 
3 3 3 3 3 3 3 3 3 
3 4 3 3 3 3 3 3 3 
3 3 3 3 3 3 3 3 3 
3 3 3 3 3 3 0 3 3 
0 0 0 0 0 0 0 0 0 
0 0 3 3 3 3 3 3 3 
0 3 3 3 0 3 3 3 3 
3 3 0 0 3 3 3 0 0 
3 3 3 3 3 3 3 3 3 
3 3 3 3 3 3 3 3 3 
3 3 3 3 0 0 3 3 3 
3 3 3 3 3 3 3 3 3 
3 3 3 3 3 3 3 3 3 
3 0 3 3 3 3 3 3 3 
3 3 3 3 3 3 3 3 0 
0 0 0 0 0 0 0 0 0 
0 0 0 0 3 3 3 3 3 
3 0 0 3 3 3 0 0 0 
0 0 0 0 0 0 3 3 3 
3 3 3 3 3 3 3 3 3 
3 3 3 3 3 3 3 3 3 
3 3 3 0 0 0 0 0 3 
3 3 3 3 3 3 3 3 3 
3 3 3 3 0 3 3 3 3 
3 3 3 0 3 3 3 3 3 
3 3 3 3 3 3 3 3 3 
0 0 0 0 0 0 0 0 0 
0 0 3 3 3 0 3 3 3 
3 3 3 0 3 3 3 0 0 
0 0 0 0 0 0 0 0 3 
3 3 3 0 0 3 3 3 3 
3 3 3 3 3 3 0 0 3 
3 3 3 3 0 0 0 0 0 
3 3 0 3 3 3 3 3 3 
3 3 3 3 3 0 0 0 3 
3 3 3 3 3 0 3 3 3 
3 3 3 3 3 3 3 3 3 
3 0 0 0 0 0 0 0 0 
0 0 0 3 3 3 3 3 3 
3 3 3 3 3 3 3 3 3 
3 3 3 3 0 0 0 3 3 
0 3 3 3 0 0 3 3 3 
3 3 3 3 3 3 3 0 0 
3 3 3 3 3 0 0 0 3 
3 3 3 3 3 3 3 3 3 
3 3 3 3 3 3 3 0 0 
0 3 3 0 3 3 3 0 3 
3 3 3 3 3 3 3 3 3 
3 3 3 3 0 0 0 0 0 
0 0 0 0 0 0 0 3 3 
3 3 3 3 3 3 3 3 0 
3 3 3 3 3 3 3 0 3 
3 3 0 3 3 0 0 3 3 
3 3 3 3 3 3 3 3 0 
0 3 3 3 3 3 3 0 0 
3 3 3 3 3 3 3 3 3 
3 3 3 3 3 3 3 3 0 
0 0 3 3 0 0 0 3 3 
3 3 3 3 3 3 3 3 3 
3 3 3 3 3 0 0 0 0 
0 0 0 0 0 0 0 0 0 
0 0 0 0 3 3 3 3 0 
0 0 0 0 0 0 3 3 3 
3 3 3 3 3 3 0 0 0 
3 3 3 3 3 3 3 3 3 
0 0 3 3 3 3 3 3 3 
0 0 3 3 3 3 3 3 3 
0 0 0 0 0 3 3 3 3 
0 0 0 3 3 0 0 0 0 
3 3 3 3 3 3 0 3 3 
3 3 3 3 3 3 0 0 0 
0 0 0 0 0 0 0 0 0 
0 0 3 0 0 3 3 3 0 
0 0 0 0 0 0 0 0 3 
3 3 3 3 3 3 3 0 3 
3 0 0 3 3 3 0 0 3 
3 3 3 3 3 3 3 3 3 
3 3 0 0 0 3 3 3 3 
3 3 0 0 0 0 0 3 3 
3 3 0 0 3 3 3 3 0 
0 3 3 3 3 3 3 3 0 
3 3 3 3 3 3 3 0 0 
0 0 0 0 0 0 0 0 0 
0 3 3 3 3 3 3 3 3 
3 3 3 3 3 0 0 3 3 
0 0 3 3 3 3 3 3 0 
3 3 3 0 0 3 3 0 0 
3 3 3 3 3 3 3 3 3 
3 3 3 3 3 0 0 3 3 
0 3 3 3 0 0 0 0 0 
0 3 3 3 0 3 3 3 3 
3 3 3 3 3 3 0 3 3 
3 0 3 3 3 3 3 3 3 
0 0 0 0 0 0 0 0 0 
0 0 3 3 3 3 3 3 3 
3 3 3 3 3 3 3 3 3 
3 0 0 3 3 3 0 3 3 
3 3 3 3 0 0 3 3 3 
0 3 3 3 3 3 3 3 3 
3 3 3 3 3 3 0 0 3 
3 0 0 3 3 3 0 0 0 
0 0 0 3 3 0 3 3 0 
0 3 3 3 3 3 3 3 3 
3 3 3 0 3 3 3 0 3 
3 0 0 0 0 0 0 0 0 
0 0 0 3 3 3 3 3 3 
3 3 3 3 3 3 3 3 3 
3 3 3 3 0 3 3 0 0 
0 3 3 3 3 3 0 0 3 
3 3 3 3 3 3 0 3 3 
3 3 3 3 3 3 0 0 0 
3 3 0 0 0 3 0 0 0 
0 3 3 3 3 3 3 3 3 
0 0 0 0 0 0 3 3 3 
3 3 3 3 3 3 3 3 0 
0 0 0 0 0 0 0 0 0 
0 0 0 3 3 3 3 3 3 
3 3 3 3 3 3 3 3 3 
3 3 3 3 3 3 3 3 3 
0 0 0 3 3 3 3 3 0 
0 3 3 3 3 3 3 3 0 
0 0 3 3 0 3 3 0 0 
0 3 3 3 0 0 0 0 0 
0 3 3 3 3 3 3 3 3 
3 3 3 0 0 0 0 3 3 
3 3 3 3 3 3 3 3 0 
0 0 0 0 0 0 0 0 0 
0 0 0 3 3 3 3 3 3 
3 3 3 3 3 3 3 3 3 
0 3 3 3 3 3 3 3 3 
3 3 3 0 3 3 3 3 3 
3 3 3 3 3 3 3 3 3 
3 0 0 3 3 0 0 3 3 
3 3 3 3 3 3 3 3 0 
0 3 3 3 3 3 3 3 3 
3 3 3 3 3 3 0 0 3 
3 0 3 3 3 3 3 3 3 
0 0 3 3 0 0 0 0 0 
0 0 0 0 3 3 3 3 3 
3 3 3 3 0 3 3 3 0 
0 0 0 3 3 3 0 3 3 
3 0 3 3 3 3 3 3 3 
0 3 3 3 3 3 3 3 3 
3 3 0 0 3 3 0 0 3 
3 3 3 3 3 3 3 3 3 
0 0 3 3 3 3 3 3 3 
3 3 3 3 3 3 3 3 3 
3 3 0 3 3 3 3 3 3 
3 0 0 3 3 0 0 0 0 
0 0 0 3 3 0 0 0 3 
3 3 3 3 3 3 0 0 0 
0 0 0 0 0 3 0 0 0 
3 3 3 0 0 3 3 3 3 
3 3 0 3 3 3 3 3 3 
3 3 0 0 0 3 3 3 3 
0 3 3 3 3 3 3 3 0 
0 0 0 0 3 3 3 3 3 
3 3 3 3 3 3 3 3 3 
3 3 3 3 0 3 3 3 3 
3 3 0 0 0 3 3 0 0 
0 0 0 0 3 3 3 3 0 
0 3 3 3 3 3 3 0 0 
0 0 0 3 3 0 0 0 0 
0 0 3 3 0 0 0 0 3 
3 3 3 3 3 3 3 3 3 
3 3 3 0 0 0 3 3 3 
3 3 3 3 3 3 3 3 3 
0 0 0 0 0 0 3 3 3 
3 3 3 3 3 3 3 3 3 
3 3 3 3 3 3 3 3 3 
3 3 3 3 3 0 3 3 3 
0 0 0 0 0 0 0 3 3 
3 0 0 3 3 3 3 3 3 
0 0 3 3 3 3 3 3 3 
3 3 0 3 3 3 3 0 0 
3 3 0 0 3 3 3 3 3 
3 3 3 3 0 0 0 3 3 
3 3 3 3 3 3 3 3 3 
3 3 3 0 3 3 3 0 3 
3 3 3 3 3 3 3 3 3 
3 0 3 0 0 0 3 3 3 
3 3 3 3 3 3 3 3 3 
3 0 0 0 0 0 0 0 0 
3 3 0 0 3 3 0 0 3 
3 0 0 3 3 3 0 3 3 
3 3 3 3 3 3 3 3 3 
3 3 3 0 0 0 3 3 3 
3 3 3 3 3 0 0 0 3 
3 3 3 3 3 0 0 3 3 
0 0 3 3 0 3 3 3 3 
3 3 3 3 0 3 3 3 0 
3 3 0 0 0 0 0 0 3 
3 3 0 0 0 0 0 3 3 
3 0 0 0 0 0 0 0 0 
0 0 0 0 0 0 0 0 0 
0 0 0 0 0 3 3 3 0 
3 3 0 0 3 3 3 0 0 
3 3 3 3 0 0 0 0 0 
3 3 0 3 3 0 0 0 0 
0 0 3 3 3 0 0 0 3 
3 0 0 0 0 0 0 0 0 
3 3 3 3 3 3 0 0 0 
0 0 0 0 0 0 0 0 0 
0 3 0 0 0 0 0 0 0 
0 0 0 0 0 0 0 0 0 
0 0 0 0 0 0 0 0 0 
0 0 0 0 0 0 0 3 3 
0 0 0 0 0 0 0 0 0 
0 0 0 3 3 0 0 0 0 
0 0 0 0 0 0 0 0 0 
0 0 0 0 0 0 0 0 0 
0 0 0 0 0 0 0 0 0 
0 0 0 0 0 3 0 0 0 
0 0 0 0 0 0 0 0 0 
0 0 0 0 0 0 0 0 0 
0 0 0 0 0 0 0 0 0 
0 0 0 0 0 0 0 0 0 
0 0 0 0 0 0 0 0 0 
0 0 0 0 0 0 0 0 0 
0 0 0 0 0 0 0 0 0 
0 0 0 0 0 0 0 0 0 
0 0 0 0 0 0 0 0 0 
0 0 0 0 0 0 0 0 0 
0 0 0 0 0 0 0 0 0 
0 0 0 0 0 0 0 0 0 
0 0 0 0 0 0 0 0 0 
0 0 0 0 0 0 0 0 0 
0 0 0 0 0 0 0 0 0 
0 0 0 0 0 0 0 0 0 
0 0 0 0 0 0 0 0 0 
0 0 0 0 0 0 0 0 0 
0 0 0 0 0 0 0 0 0 
0 0 0 0 0 0 0 0 0 
0 0 0 0 0 0 0 0 0 
0 0 0 0 0 0 0 0 0 
0 0 0 0 0 0 0 0 0 
0 0 0 0 0 0 0 0 0 
0 0 0 0 0 0 0 0 0 
0 0 0 0 0 0 0 0 0 
0 0 0 0 0 0 0 0 0 
0 0 0 0 0 0 0 0 0 
0 0 0 0 0 0 0 0 0 
0 0 0 0 0 0 0 0 0 
0 0 0 0 0 0 0 0 0 
0 0 0 0 0 0 0 0 0 
0 0 0 0 0 0 0 0 0 
0 0 0 0 0 0 0 0 0 
0 0 0 0 0 0 0 0 0 
0 0 0 0 0 0 0 0 0 
0 
CellId 1 10000 long
0 0 0 0 0 0 0 0 0 
0 0 0 0 0 0 0 0 0 
0 0 0 0 0 0 0 0 0 
0 0 0 0 0 0 0 0 0 
0 0 0 0 0 0 0 0 0 
0 0 0 0 0 0 0 0 0 
0 0 0 0 0 0 0 0 0 
0 0 0 0 0 0 0 0 0 
0 0 0 0 0 0 0 0 0 
0 0 0 0 0 0 0 0 0 
0 0 0 0 0 0 0 0 0 
0 0 0 0 0 0 0 0 0 
0 0 0 0 0 0 0 0 0 
0 0 0 0 0 0 0 0 0 
0 0 0 0 0 0 0 0 0 
0 0 0 0 0 0 0 0 0 
0 0 0 0 0 0 0 0 0 
0 0 0 0 0 0 0 0 0 
0 0 0 0 0 0 0 0 0 
0 0 0 0 0 0 0 0 0 
0 0 0 0 0 0 0 0 0 
0 0 0 0 0 0 0 0 0 
0 0 0 0 0 0 0 0 0 
0 0 0 0 0 0 0 0 0 
0 0 0 0 0 0 0 0 0 
0 0 0 0 0 0 0 0 0 
0 0 0 0 0 0 0 0 0 
0 0 0 0 0 0 0 0 0 
0 0 0 0 0 0 0 0 0 
0 0 0 0 0 0 0 0 0 
0 0 0 0 0 0 0 0 0 
0 0 0 0 0 0 0 0 0 
0 0 0 0 0 0 0 0 0 
0 0 0 0 0 0 0 0 0 
0 0 0 0 0 0 0 0 0 
0 0 0 0 0 0 93 93 0 
0 0 0 0 0 0 0 0 0 
0 0 0 0 0 0 0 0 0 
0 0 0 0 0 0 0 254 254 
0 0 0 0 0 0 0 0 0 
323 323 0 0 0 0 0 0 0 
0 0 0 0 0 0 0 0 0 
0 0 0 0 0 0 0 0 0 
0 0 0 0 0 0 0 0 0 
0 0 0 0 0 0 0 0 1 
1 0 0 0 24 24 47 47 47 
0 70 70 0 0 0 0 93 93 
0 0 0 0 0 0 139 139 0 
0 0 0 0 185 185 0 0 0 
0 0 0 0 0 0 0 0 254 
254 0 0 0 0 0 0 300 0 
0 323 323 323 0 0 369 369 369 
369 0 0 0 0 0 0 0 0 
0 438 438 438 0 0 0 0 461 
461 0 0 0 507 507 0 0 0 
0 0 0 0 0 0 0 0 0 
1 1 1 0 0 24 24 47 47 
47 47 47 70 70 70 70 0 93 
93 116 116 116 0 0 0 139 139 
0 162 162 162 0 185 185 185 0 
0 0 0 0 0 231 231 0 0 
254 254 277 277 277 277 0 300 300 
300 300 0 323 323 0 346 346 369 
369 369 369 369 0 0 0 0 392 
415 415 415 438 438 438 438 438 0 
461 461 0 0 507 507 507 507 507 
507 0 0 0 0 0 0 0 0 
0 25 1 1 1 0 24 24 0 
0 0 47 47 47 70 70 70 70 
93 93 116 116 116 116 116 116 139 
139 0 162 162 162 162 162 185 185 
0 0 0 0 0 0 231 231 231 
0 254 254 0 277 277 277 277 277 
300 300 300 300 323 323 323 346 346 
346 346 346 369 369 0 0 0 392 
392 392 415 415 415 415 438 438 438 
0 461 461 0 0 484 484 508 507 
507 507 0 0 0 0 0 0 0 
0 0 25 25 1 1 1 24 24 
0 0 0 0 0 47 94 94 94 
70 93 93 140 140 140 140 116 116 
139 139 0 0 0 0 162 162 162 
185 185 232 232 0 208 208 0 231 
231 231 254 254 278 0 0 0 277 
277 301 301 300 300 324 324 323 0 
0 346 346 346 346 0 0 0 0 
0 392 392 392 392 415 415 415 439 
0 0 461 461 0 0 484 484 484 
508 508 0 0 0 0 0 0 0 
0 0 2 2 25 25 25 25 24 
24 0 0 0 0 0 71 71 94 
94 94 94 93 117 117 140 140 140 
140 139 139 163 163 0 0 186 186 
186 185 185 232 232 232 208 208 208 
208 231 231 255 255 278 278 0 0 
0 0 301 301 0 0 324 324 0 
0 347 370 370 370 346 0 0 0 
0 0 416 416 416 392 392 392 439 
439 462 462 461 461 0 0 485 484 
484 508 508 0 0 0 0 0 0 
0 0 0 2 2 2 2 25 25 
25 0 0 0 0 48 48 71 71 
71 0 94 94 94 117 117 117 117 
140 140 187 187 163 163 163 163 163 
186 186 210 209 209 209 232 232 232 
208 208 208 208 255 255 278 278 278 
278 278 278 301 301 0 0 324 324 
0 347 347 347 370 370 370 370 0 
0 0 0 393 416 416 416 416 416 
439 439 462 462 462 462 462 0 485 
485 484 484 508 508 0 0 0 0 
0 0 0 0 0 0 2 2 2 
25 0 0 0 0 0 48 48 48 
71 71 71 0 94 0 0 0 117 
117 117 187 187 187 187 187 163 163 
163 186 186 186 210 209 209 209 209 
232 232 257 257 208 255 255 302 302 
302 278 278 278 301 301 0 0 324 
324 0 0 347 347 347 347 370 370 
370 0 0 0 393 393 393 416 416 
416 439 439 0 0 462 462 462 462 
485 485 484 484 508 508 508 0 0 
0 0 0 0 0 0 0 0 2 
2 0 0 0 0 0 0 0 48 
48 48 71 71 71 0 0 0 0 
0 117 117 164 164 164 187 187 187 
211 211 211 186 186 210 210 233 209 
209 209 232 257 257 257 255 255 302 
302 302 302 302 302 301 301 325 325 
324 324 348 0 0 0 347 347 347 
370 0 0 0 0 0 393 393 393 
393 393 439 439 0 0 0 0 486 
462 485 485 0 0 509 508 0 0 
0 0 0 0 0 0 0 0 0 
26 26 26 0 0 0 0 0 0 
72 72 48 48 71 95 0 0 0 
0 0 141 141 141 164 164 164 164 
164 284 284 211 211 186 210 210 210 
233 233 233 233 0 257 257 255 255 
0 0 279 279 302 302 303 303 325 
325 325 325 325 348 348 0 371 371 
371 0 0 0 394 0 0 417 417 
440 393 393 439 439 0 0 0 0 
486 486 485 485 0 0 509 509 0 
0 0 0 0 0 0 0 0 0 
0 26 26 26 26 26 26 50 49 
49 72 72 72 72 72 95 95 95 
95 0 118 118 141 141 141 141 164 
164 164 284 284 284 211 211 234 210 
210 210 233 233 233 233 257 257 256 
256 256 0 279 279 279 0 303 303 
326 326 326 325 325 348 348 348 0 
371 371 371 0 394 394 394 394 417 
417 440 440 440 440 440 0 0 463 
463 510 486 486 485 486 0 509 509 
0 0 0 0 0 0 0 0 0 
27 27 3 3 3 3 26 26 50 
50 49 49 49 72 72 72 72 95 
95 95 95 118 118 118 165 141 141 
141 188 188 188 284 284 284 211 211 
234 234 234 234 281 281 281 233 257 
256 256 256 256 256 279 279 0 303 
303 10935 10935 10935 326 326 325 348 348 
348 0 371 371 371 0 394 394 394 
394 417 417 440 440 440 440 0 0 
463 463 463 510 486 486 486 486 509 
509 0 0 0 0 0 0 0 0 
0 27 27 27 3 3 3 3 3 
50 50 73 49 49 49 49 96 72 
97 97 95 95 142 118 118 118 165 
165 165 189 188 188 188 284 284 211 
211 235 235 234 234 234 281 281 258 
258 257 280 280 256 256 279 279 279 
303 10935 10935 10935 10935 10935 326 326 349 
348 348 0 0 371 371 0 395 395 
394 394 417 417 417 464 464 440 0 
0 0 463 463 463 510 510 510 486 
509 509 0 0 0 0 0 0 0 
0 0 0 27 27 27 76 76 76 
3 3 50 50 73 73 49 96 96 
96 97 97 119 142 142 142 118 118 
118 165 165 165 189 188 188 188 283 
283 235 235 235 235 234 234 237 237 
258 258 258 280 280 280 280 280 280 
279 303 10935 10935 10935 10935 10935 326 326 
349 349 0 0 0 0 0 0 395 
395 418 418 418 417 417 464 464 464 
464 464 0 0 463 463 487 510 510 
510 509 509 0 0 0 0 0 0 
0 0 0 0 4 4 27 27 76 
76 75 75 50 50 50 73 73 73 
73 96 97 97 96 119 119 119 142 
142 142 142 165 165 189 189 259 259 
283 283 283 283 235 235 235 235 237 
237 10625 258 258 258 304 304 304 280 
280 280 303 10935 10935 10935 10935 10935 10935 
326 349 349 349 372 372 372 0 0 
395 395 0 418 418 418 441 441 441 
464 464 464 0 0 0 487 487 487 
510 510 510 0 0 0 0 0 0 
0 0 0 0 0 4 4 4 27 
76 76 76 75 75 50 74 74 74 
73 73 73 97 97 96 96 119 119 
119 119 142 142 142 165 189 189 259 
259 259 259 283 283 283 5820 5820 5820 
237 10625 10625 10625 10625 258 258 304 304 
304 304 304 303 10935 10935 10935 10935 10935 
10935 350 350 349 349 0 372 372 372 
372 395 395 0 0 418 418 418 441 
441 441 441 441 464 0 0 0 487 
487 0 0 0 0 0 0 0 0 
0 0 0 0 0 0 0 4 4 
4 28 76 76 75 75 75 74 74 
74 74 74 73 97 97 96 96 143 
143 119 119 119 0 0 0 166 189 
212 212 259 259 259 283 5820 5820 5820 
5820 10625 10625 10625 10625 10625 10625 258 281 
281 304 304 9223 9223 9223 9223 9223 328 
328 327 350 350 350 349 349 0 372 
372 372 395 395 0 0 0 418 418 
418 0 441 441 441 465 488 488 488 
487 487 487 0 0 0 0 0 0 
0 0 0 0 0 0 5 0 0 
4 4 28 28 7799 7799 75 75 75 
51 51 74 74 74 99 99 120 120 
143 143 143 143 191 0 0 0 166 
166 212 212 212 212 259 5820 5820 5820 
5820 5820 10625 10625 10625 10625 10625 10625 305 
281 281 281 9223 9223 9223 9223 9223 9223 
328 328 327 327 350 350 373 373 373 
0 0 372 396 396 0 0 0 0 
442 442 442 0 0 465 465 465 488 
488 488 487 487 0 0 0 0 0 
0 0 0 0 0 0 6 5 5 
5 0 4 28 28 7799 7799 7799 7799 
7799 51 51 51 51 51 99 99 120 
120 120 120 143 143 143 191 0 0 
166 166 189 189 212 212 212 5820 5820 
5820 5820 5820 10625 10625 10625 10625 10625 282 
305 305 305 305 9223 9223 9223 9223 9223 
9223 328 328 329 327 327 350 350 373 
373 373 373 0 396 396 0 0 419 
419 419 442 442 442 442 442 465 465 
0 488 488 488 488 511 511 511 0 
0 0 0 0 0 0 0 6 6 
5 5 5 5 28 28 7799 7799 7799 
7799 6385 6385 6385 51 51 51 99 99 
0 120 120 120 120 143 145 145 191 
0 166 166 189 236 236 236 212 5820 
5820 5820 5820 5820 237 237 10625 10625 282 
282 282 305 305 305 305 9223 7860 7860 
7860 7860 328 328 329 329 327 327 350 
397 397 373 373 373 396 396 0 0 
419 419 419 419 419 442 442 442 465 
465 465 0 0 488 0 0 511 511 
511 511 0 0 0 0 0 0 6 
6 6 29 5 5 28 28 7799 7799 
7799 7799 6385 6385 6385 6385 121 121 99 
99 0 0 122 122 144 144 145 145 
191 191 166 166 213 213 236 236 236 
236 5820 5820 5820 5820 237 237 9391 9391 
261 282 282 282 260 260 305 7860 7860 
7860 7860 7860 7860 328 329 329 327 327 
375 375 397 397 397 373 396 396 0 
0 0 0 419 419 419 0 0 466 
466 465 465 0 0 0 0 0 0 
0 511 511 511 0 0 0 0 0 
0 6 6 29 29 29 28 11277 11277 
7799 7799 6385 6385 6385 6385 6385 123 121 
99 99 121 121 122 122 144 144 145 
145 167 167 166 166 213 213 213 213 
236 236 5820 5820 5820 9391 9391 9391 9391 
9391 261 261 282 282 282 260 260 7860 
7860 7860 7860 7860 7860 7860 7860 329 329 
327 375 375 374 397 397 397 396 396 
0 0 0 0 443 443 0 0 0 
466 466 466 489 489 0 0 0 0 
0 0 0 511 0 0 0 0 0 
0 53 6 6 29 29 29 29 11277 
11277 11277 11277 6385 6385 6385 6385 6385 123 
123 98 98 121 121 122 122 121 121 
145 145 167 167 167 167 190 190 190 
213 213 213 214 9391 9391 9391 9391 9391 
9391 9391 261 261 8486 8486 8486 8486 260 
260 7860 7860 7860 7860 4261 4261 4261 329 
329 351 327 375 375 374 374 397 397 
421 420 420 420 0 443 443 443 443 
0 0 466 466 489 489 489 489 512 
512 512 512 0 0 0 0 0 0 
0 0 53 53 53 53 53 29 29 
11277 11277 11277 11277 6385 6385 6385 6385 6385 
123 123 98 98 98 0 122 122 169 
121 145 145 144 0 167 167 167 190 
190 190 190 213 214 214 9391 9391 9391 
9391 9391 9391 261 261 8486 8486 8486 8486 
8486 260 260 260 4261 4261 4261 4261 4261 
4261 329 351 351 375 375 374 374 374 
421 421 421 420 420 420 0 443 443 
443 443 490 466 466 466 0 489 489 
489 512 512 512 512 512 0 0 0 
0 0 0 30 30 53 53 53 53 
11277 11277 11277 11277 11277 6385 6385 6385 6385 
11577 11577 11577 11577 98 98 98 122 122 
169 169 169 144 144 144 0 191 191 
191 216 216 190 190 215 215 214 551 
551 551 5045 5045 261 261 8486 8486 8486 
8486 8486 1085 1085 260 4261 4261 4261 4261 
4261 4261 353 351 351 351 375 375 374 
374 374 421 421 421 420 420 420 467 
467 443 490 490 490 490 466 0 0 
489 489 513 0 0 512 512 0 0 
0 0 0 0 0 30 30 30 30 
100 100 11277 11277 11277 52 6385 6385 6385 
11577 11577 11577 11577 11577 11577 11577 98 579 
579 169 169 169 169 144 144 144 0 
191 191 216 216 216 190 215 215 214 
214 551 551 5045 5045 5045 261 285 8486 
8486 8486 1085 1085 1085 1085 4261 4261 4261 
4261 4261 4261 353 353 351 351 351 375 
398 398 398 374 421 421 421 420 420 
444 467 467 467 467 490 490 490 490 
0 0 513 513 513 0 0 0 0 
0 0 0 0 0 0 7 30 30 
30 100 100 100 100 100 52 52 52 
11577 11577 11577 11577 11577 9451 9451 9451 9451 
579 579 146 146 146 169 169 168 168 
168 0 191 192 216 216 0 215 215 
214 214 551 551 5045 5045 5045 5045 285 
285 8486 1085 1085 1085 1085 1085 4261 4261 
4261 4261 4261 4261 353 353 353 351 352 
352 398 398 398 398 398 421 445 445 
444 444 444 444 467 467 467 467 490 
490 0 0 0 513 513 513 0 0 
0 0 0 0 0 0 0 7 7 
7 7 7 30 30 100 100 100 52 
52 52 148 148 11577 9451 9451 9451 9451 
123 123 579 579 146 146 146 146 168 
168 168 168 168 192 192 216 216 215 
215 214 214 214 5045 5045 5045 5045 5045 
5045 285 285 1085 1085 1085 1085 1085 306 
4261 4261 4261 9168 9168 9168 353 353 352 
352 352 352 352 352 422 422 398 445 
445 445 468 444 444 444 467 467 467 
0 0 0 0 0 0 513 513 513 
0 0 0 0 0 0 0 0 0 
0 7 7 7 7 54 77 77 77 
77 52 52 148 148 9451 9451 9451 9451 
9451 123 123 579 579 579 579 146 146 
146 170 170 168 168 192 192 192 216 
215 215 11234 238 238 5045 5045 5045 5045 
5045 5045 285 285 285 1085 1085 1085 1085 
306 306 306 9168 9168 9168 9168 9168 353 
353 377 377 352 352 352 422 422 422 
398 445 445 445 468 444 444 444 491 
491 0 0 0 0 0 0 0 513 
0 0 0 0 0 0 0 0 0 
0 0 0 31 31 31 54 54 54 
77 77 77 77 148 148 148 9451 9451 
9451 147 147 147 579 579 579 579 11677 
11677 146 170 170 193 193 6226 192 192 
262 262 262 238 11234 238 238 238 5045 
5045 5045 585 585 285 285 1085 1085 1085 
1085 1085 306 306 306 9168 9168 9168 9168 
11026 11026 377 377 9795 9795 9795 399 422 
422 422 398 445 445 445 468 444 468 
491 491 491 491 0 0 0 0 0 
0 0 0 0 0 0 0 0 0 
0 0 0 0 0 31 31 31 54 
54 54 54 77 77 77 148 148 124 
194 194 194 147 147 147 579 579 11677 
11677 11677 11677 170 170 6226 193 193 193 
192 192 262 262 262 262 1458 238 238 
238 238 9583 585 585 585 585 585 1085 
1085 308 308 308 0 306 9168 9168 9168 
11026 11026 11026 377 377 9795 9795 9795 9795 
399 422 422 422 0 0 0 0 468 
468 468 491 491 491 491 0 515 515 
514 514 514 0 0 0 0 0 0 
0 0 0 8 8 8 0 31 31 
31 78 54 54 101 101 101 101 148 
124 124 194 194 7601 7110 147 147 147 
11677 11677 11677 11677 170 170 530 6226 193 
193 193 192 239 11421 262 262 1146 1458 
544 544 9583 9583 9583 585 585 585 585 
10908 10908 308 308 308 308 308 9168 9168 
11026 11026 11026 11026 377 377 9795 9795 9795 
9795 9795 399 399 399 399 0 0 0 
0 468 468 468 468 491 0 0 515 
515 514 514 514 514 514 0 0 0 
0 0 0 0 8 8 8 8 8 
31 55 55 78 78 78 101 101 101 
101 124 124 124 124 7110 7601 8670 147 
194 194 11677 11677 11677 170 170 530 530 
530 530 193 193 11421 239 11421 239 1458 
544 544 544 9583 9583 9583 9583 585 585 
585 10908 10908 10908 573 573 308 354 354 
354 11026 11026 11026 11026 377 377 9795 9795 
9795 9795 9795 10881 10881 399 399 399 0 
0 0 0 469 469 468 0 0 0 
0 515 515 0 0 514 514 0 0 
0 0 0 0 0 32 32 32 8 
8 8 55 55 55 78 78 78 78 
195 195 195 101 124 124 171 8670 7601 
194 194 194 1993 11677 11677 4582 4582 4582 
530 530 530 9034 193 537 537 239 239 
239 1146 544 544 9583 9583 9583 9583 9583 
585 10908 10908 10908 10908 573 573 573 7901 
354 354 354 11026 11026 11026 589 589 589 
589 589 9795 10881 10881 10881 10881 399 446 
446 0 0 0 469 469 492 492 0 
0 0 515 515 515 0 0 0 0 
0 0 0 0 0 0 32 32 32 
32 32 56 56 55 55 55 102 78 
78 195 195 195 195 195 171 171 171 
171 171 171 1993 1993 1993 1993 4582 4582 
4582 4582 4582 9034 9034 9034 537 537 4110 
925 239 239 239 587 587 9583 9583 9583 
9583 10908 10908 10908 10908 10908 573 573 11270 
7901 572 354 354 354 11026 589 589 589 
589 589 589 589 10881 10881 10881 10881 376 
446 446 446 446 446 469 469 492 492 
492 492 0 0 515 515 0 0 0 
0 0 0 0 0 0 0 9 9 
9 32 32 56 56 56 55 55 102 
102 102 172 172 172 195 195 125 125 
125 171 171 1993 1993 1993 1993 1993 4582 
4582 4582 4582 4582 9034 9034 9034 9034 537 
537 4110 925 239 587 587 587 587 9583 
9583 9013 9013 10908 10908 10908 307 573 11270 
7901 11270 572 9390 9390 9390 9390 589 589 
589 589 589 589 589 10881 10881 10881 10881 
376 376 470 446 446 446 469 469 0 
0 492 492 492 0 0 0 0 0 
0 0 0 0 0 0 0 0 9 
9 9 9 9 9 56 56 79 79 
55 102 102 102 172 172 172 10457 125 
125 125 125 125 1993 1993 1993 1993 1993 
4582 4582 4582 4582 4582 9034 9034 9034 9034 
9034 537 925 4110 533 587 587 587 587 
587 9013 9013 9013 9013 9013 307 307 7901 
8233 11270 572 572 9390 9390 9390 9390 9390 
589 589 589 589 589 589 10881 10881 10881 
423 376 376 376 470 470 470 469 469 
0 0 0 0 492 0 0 0 0 
0 0 0 0 0 0 0 0 10 
10 33 33 33 9 9 56 56 79 
79 79 79 79 102 102 172 10457 172 
172 1340 1340 125 125 1993 1993 1993 1993 
9330 9330 4582 4582 9498 9498 9498 9034 9034 
9034 9034 537 533 6564 533 587 587 587 
587 587 9013 9013 9013 9013 9013 307 307 
8233 1868 572 572 572 9390 9390 9390 9390 
9390 9390 330 330 330 330 589 10881 10881 
423 423 447 376 376 376 470 470 470 
469 493 493 0 0 0 0 0 0 
0 0 0 0 0 0 0 0 0 
10 10 10 33 33 33 80 80 56 
56 127 79 79 79 149 149 149 102 
172 172 1340 1340 8782 8782 8782 1993 1993 
9330 9330 9330 9330 9498 9498 9498 9498 3285 
3285 3285 3285 533 6564 533 533 587 587 
587 587 587 1335 9013 9013 9013 9013 307 
307 1868 3072 1868 572 572 331 331 331 
9390 9390 379 379 378 330 330 330 330 
400 400 400 0 447 447 447 376 470 
470 470 493 493 493 493 0 0 516 
516 0 0 0 0 0 0 0 0 
0 0 10 10 10 33 33 80 80 
80 80 80 127 127 126 149 149 149 
149 149 1340 1340 1340 8782 8782 8782 8782 
9330 9330 9330 9330 9330 9498 9498 9498 3285 
3285 3285 3285 3285 3285 533 533 593 593 
593 593 593 593 1335 1335 1335 1335 1335 
307 307 3072 1868 8233 831 332 332 331 
331 331 331 379 379 378 378 401 401 
401 330 400 400 400 0 447 447 447 
376 470 0 0 0 493 493 493 0 
516 516 516 0 0 0 0 0 0 
0 11 11 34 10 10 10 81 33 
33 80 80 80 127 127 126 126 126 
126 149 149 1340 1340 1340 8782 8782 8782 
8782 9330 9330 9330 9330 591 9498 9498 9498 
3285 3285 3285 3285 3285 1323 1323 593 593 
593 593 593 593 593 1335 1335 1335 1335 
1335 307 565 565 3072 831 576 576 332 
332 332 331 331 331 379 379 378 378 
401 401 401 401 400 400 400 424 447 
447 447 0 0 0 0 0 493 493 
517 0 516 516 516 0 0 0 0 
0 0 11 11 11 34 34 34 81 
81 81 33 104 104 104 10158 127 126 
126 126 126 1340 1340 1340 1340 8782 8782 
8782 8782 150 150 9330 591 591 591 9498 
9498 5937 3285 3285 3285 1323 1323 1323 593 
593 593 593 593 593 593 1335 1335 1335 
1335 1335 565 565 565 831 1435 576 576 
576 332 332 332 332 355 379 379 378 
378 378 401 401 423 423 400 400 424 
424 424 447 0 0 0 0 0 0 
517 517 517 0 516 516 0 0 0 
0 0 0 0 11 11 11 34 34 
34 81 81 81 81 104 104 104 10158 
127 127 127 126 1340 1340 1340 1340 8782 
8782 8782 8782 150 150 591 591 591 591 
5937 5937 5937 5937 5937 1323 1323 1323 1323 
1323 593 593 593 593 593 588 588 1335 
1335 1335 1335 558 565 565 1435 11072 576 
576 576 333 333 333 332 355 355 355 
379 378 378 402 402 423 423 448 448 
448 424 424 424 424 0 494 494 494 
494 0 517 517 517 0 0 0 0 
0 0 0 0 0 0 11 11 58 
34 34 34 9880 81 9880 81 104 104 
104 6102 127 127 5291 5291 1340 1340 1340 
8782 8782 8782 8782 150 150 591 591 591 
591 5937 5937 5937 5937 5937 1323 1323 1323 
1323 532 532 531 531 531 588 588 588 
588 1335 1335 558 558 558 558 11072 1435 
9682 575 9125 9125 333 333 333 333 355 
355 355 356 356 356 402 423 423 402 
448 448 448 448 424 424 424 471 494 
494 494 494 494 517 517 517 0 0 
0 0 0 0 0 0 0 35 35 
58 58 58 58 34 9880 57 57 5640 
104 6102 6102 6102 6102 5291 5291 5291 5291 
9438 9438 9438 9438 9438 150 150 591 591 
591 10787 5937 5937 5937 5937 5937 1323 1323 
1323 532 532 532 11606 531 531 531 588 
588 588 5165 5165 5165 558 558 574 574 
9682 575 575 9125 9125 9125 9125 333 333 
333 355 355 355 356 356 356 356 402 
402 402 425 425 448 448 448 471 471 
495 495 518 518 494 494 517 0 0 
0 0 0 0 0 0 0 0 35 
35 35 105 58 58 58 58 57 57 
5640 5640 6102 6102 6102 6102 5291 5291 5291 
5291 9438 9438 9438 9438 9438 150 150 591 
10787 10787 10787 10787 5937 5937 5937 5937 543 
543 532 532 532 11606 11606 11606 531 531 
588 588 588 5165 5165 5165 5165 574 574 
574 575 575 9125 9125 9125 9125 9125 9125 
590 590 590 590 590 578 9919 356 356 
356 402 402 402 425 425 425 448 472 
471 471 495 495 518 518 518 0 0 
0 0 0 0 0 0 0 12 12 
0 35 35 105 105 105 58 58 57 
57 5640 5640 6102 6102 6102 6102 5291 5291 
5291 5291 9438 9438 9438 9438 9438 173 173 
173 10787 10787 10787 10787 196 5937 5937 543 
543 543 11041 11041 11041 11606 11606 11606 11606 
534 588 588 588 5165 5165 5165 5165 5165 
574 574 575 575 9125 9125 9125 9125 9125 
9125 590 590 590 590 590 578 578 9919 
426 426 426 449 449 449 425 425 425 
472 471 471 495 495 518 518 518 518 
0 0 0 0 0 0 0 0 12 
12 12 12 12 105 105 105 105 11339 
57 57 5640 5640 6102 6102 6102 6102 5291 
5291 5291 5291 9438 9438 9438 9438 9438 173 
173 173 10787 10787 10787 10787 196 196 543 
543 543 11041 11041 11041 11041 11041 11606 11606 
11606 534 557 557 557 5165 5165 5165 5165 
6440 6440 6440 6440 6440 9125 9125 9125 9125 
9125 9125 590 590 590 590 590 578 578 
403 403 426 426 426 449 449 449 425 
425 472 472 471 471 495 495 0 518 
518 0 0 0 0 0 0 0 0 
0 0 12 12 12 35 36 105 105 
105 57 57 5640 5640 5640 6102 6102 7596 
7596 7596 5291 5291 9438 9438 9438 9438 9438 
174 174 174 10787 10787 10787 173 196 196 
9339 580 9339 11041 11041 11041 11041 11041 11606 
11606 534 534 534 557 557 557 5165 5165 
6440 6440 6440 6440 6440 6440 9125 9125 9125 
9125 9125 9125 590 590 590 590 590 578 
578 403 403 403 403 426 426 449 449 
449 496 472 472 472 471 495 495 495 
0 0 0 0 0 0 0 0 0 
0 0 0 13 13 13 35 36 36 
82 82 11339 57 5640 5640 5640 7596 7596 
7596 7596 7596 7596 7596 128 128 9438 7147 
7147 174 174 174 174 10787 10787 173 173 
196 196 9339 580 11041 11041 11041 11041 11041 
11606 11606 534 534 582 4062 1778 335 335 
335 6440 6440 6440 6440 6440 6440 586 586 
586 586 586 586 586 590 590 590 357 
357 380 380 380 403 403 403 426 426 
449 449 496 496 472 472 471 519 519 
519 519 0 0 0 0 0 0 0 
0 0 0 0 0 13 13 35 36 
36 82 82 82 57 5640 5640 5640 7596 
7596 7596 7596 7596 7596 7596 128 128 7147 
7147 7147 7147 7147 174 174 174 197 197 
173 196 196 1659 7256 8914 11041 11041 11041 
6634 840 11606 5068 582 4062 550 4062 1778 
335 335 335 335 6440 6440 6440 586 586 
586 586 586 586 586 586 590 590 590 
357 357 357 380 380 380 380 403 450 
450 473 473 473 496 472 472 496 496 
496 519 519 519 0 0 0 0 0 
0 0 0 0 60 60 13 13 13 
36 36 83 82 82 82 82 5640 5640 
7596 7596 7596 7596 7596 7596 7596 128 128 
7147 7147 7147 7147 7147 0 2588 793 197 
197 197 9363 1659 9363 8914 7256 8914 840 
6634 840 6634 5068 0 0 550 550 550 
900 814 1324 335 335 6440 6440 6440 586 
586 586 586 586 586 586 10111 334 334 
334 590 357 357 357 380 380 380 450 
450 450 450 450 473 473 473 497 496 
496 496 496 519 519 519 0 0 0 
0 0 0 0 0 60 60 60 13 
13 36 36 83 83 83 82 82 59 
59 59 7596 7596 7596 7596 9356 9356 128 
128 7147 7147 7147 7147 0 0 3836 2588 
793 197 197 1659 535 535 535 0 0 
0 0 0 0 0 7752 7752 7752 7752 
550 550 900 814 1324 577 9689 9689 9689 
9689 586 586 586 586 586 10111 10111 10111 
334 334 334 334 381 357 404 404 380 
427 427 427 450 450 450 473 473 473 
497 0 0 0 520 520 519 0 0 
0 0 0 0 0 0 0 60 60 
60 60 36 36 108 83 83 83 106 
59 59 59 59 59 9356 9356 9356 9356 
128 128 198 198 7147 0 0 3836 175 
793 535 535 197 197 535 4067 4067 4067 
4067 8138 8138 8138 8138 11138 7752 7752 7752 
7752 7752 550 577 577 577 577 9689 9689 
9689 9689 9689 9689 586 586 10111 10111 10111 
10111 5920 5920 334 334 381 381 381 404 
404 404 427 427 427 474 474 474 473 
473 497 0 0 0 520 520 0 0 
0 0 0 0 0 0 0 0 14 
14 37 37 60 108 108 108 83 83 
83 106 106 106 59 59 9356 9356 9356 
9356 129 128 198 198 198 198 3836 2588 
175 175 535 2166 2166 197 4067 4067 4067 
4067 4067 8138 8138 8138 8138 11138 11138 7752 
7752 7752 7752 2489 2489 577 577 5867 5867 
5867 9689 9689 9689 9689 9689 10111 10111 10111 
10111 5920 5920 5920 5920 358 358 381 381 
381 404 404 404 427 427 427 474 474 
474 474 497 497 0 0 520 520 0 
0 0 0 0 0 0 0 0 0 
14 14 14 37 37 37 108 108 108 
83 107 107 106 106 106 106 9356 9356 
9356 9356 129 129 152 152 198 198 198 
198 175 175 2166 2166 2166 2166 4067 4067 
4067 4067 4067 8138 8138 8138 8138 11138 11138 
11138 7752 7752 2489 2489 2489 2489 5867 5867 
5867 5867 5867 9689 9689 9689 9689 10111 10111 
10111 10111 5920 5920 5920 5920 5920 358 358 
405 381 381 428 428 404 427 451 451 
474 474 474 497 497 521 0 520 520 
0 0 0 0 0 0 0 0 0 
0 15 14 14 14 37 37 37 108 
108 108 107 107 107 107 106 106 103 
9356 9356 9356 129 129 152 152 151 151 
8821 198 175 175 2166 2166 2166 2166 4067 
4067 4067 4067 4067 8138 8138 8138 8138 11138 
11138 11138 11138 2489 2489 2489 2489 2489 5867 
5867 5867 5867 5867 5867 6203 6203 6203 336 
336 336 10111 5920 5920 5920 5920 5920 358 
358 405 405 405 428 428 428 428 451 
451 451 451 451 498 498 521 521 520 
520 0 0 0 0 0 0 0 0 
0 0 15 15 14 14 61 61 0 
37 108 10592 10592 10592 107 107 107 107 
103 103 9356 9356 129 129 11436 152 151 
151 151 8821 175 175 2166 2166 2166 2166 
4067 4067 4067 4067 4067 8138 8138 8138 8138 
11138 11138 11138 11138 2489 2489 2489 2489 2489 
5867 5867 5867 5867 5867 5867 6203 6203 6203 
6203 336 336 336 336 5920 5920 5920 7191 
7191 358 358 405 405 405 405 428 428 
428 475 451 451 451 498 498 521 521 
521 520 0 0 0 0 0 0 0 
0 0 0 15 15 0 14 61 61 
61 61 61 10592 10592 10592 10592 10592 10592 
10592 103 103 9356 9356 129 129 11436 152 
153 151 151 8821 175 11133 2166 2166 2166 
2166 2166 222 4067 4067 4067 8138 8138 8138 
8138 594 594 594 594 2489 2489 2489 2489 
571 571 7025 7025 7025 7025 7025 6203 6203 
6203 6203 6203 6203 336 336 7191 7191 7191 
7191 7191 358 358 382 382 405 405 429 
429 429 475 475 475 475 498 498 497 
521 521 521 0 0 0 0 0 0 
0 0 0 0 15 15 0 0 38 
38 61 61 61 10592 10592 10592 10592 10592 
10592 10592 103 103 11302 11302 129 129 11436 
11436 153 153 151 151 11133 11133 11133 2166 
2166 2166 2166 222 222 222 4067 0 0 
0 594 594 594 594 594 2489 2489 2489 
571 571 571 7025 7025 7025 7025 7025 9191 
6203 6203 6203 6203 6203 3839 7191 7191 7191 
7191 7191 7191 8489 382 382 382 382 382 
429 429 429 429 475 475 475 475 498 
497 497 521 521 0 0 0 0 0 
0 0 0 0 16 15 15 0 0 
38 38 38 84 84 84 84 10592 10592 
10592 10592 10592 103 103 11302 11436 11436 11436 
11436 11436 153 11133 11133 11133 11133 11133 11133 
2166 2166 5775 5775 5775 222 222 222 6627 
4802 6627 0 594 594 594 594 4773 2489 
2489 571 571 7025 7025 7025 7025 7025 9191 
9191 9191 6203 6203 3839 3839 3839 7191 7191 
7191 7191 7191 430 406 8489 406 382 382 
382 452 452 452 429 429 429 475 498 
498 0 497 522 522 0 0 0 0 
0 0 0 0 0 16 16 15 39 
39 0 38 38 38 84 84 84 84 
84 131 131 131 103 103 11302 11436 11436 
11436 11436 11436 153 153 11133 11133 11133 11133 
11133 11133 5775 5775 5775 5775 199 222 222 
292 292 4802 0 594 594 594 594 4773 
4773 11122 11122 11122 7025 7025 7025 7025 7025 
9191 9191 9191 9191 3839 3839 3839 3839 383 
383 359 359 359 430 430 406 406 406 
0 453 452 452 452 452 452 499 499 
498 498 0 0 522 522 0 0 0 
0 0 0 0 0 0 16 16 16 
39 39 39 39 39 38 38 85 85 
84 84 109 131 131 131 131 131 11436 
11436 130 154 154 153 153 152 152 176 
11133 11133 5775 5775 5775 5775 223 223 199 
292 292 292 292 292 594 594 594 594 
4773 4773 11122 11122 11122 11122 7025 7025 7025 
7025 9191 9191 9191 9191 3839 3839 3839 3839 
383 383 11103 359 359 359 430 430 406 
406 406 453 453 0 0 452 452 499 
499 499 499 0 0 522 522 0 0 
0 0 0 0 0 0 0 0 16 
16 16 0 39 39 39 62 38 85 
85 85 109 109 109 155 155 131 131 
131 130 130 154 154 154 153 152 152 
176 176 5775 5775 5775 5775 536 223 223 
223 199 199 199 292 292 594 594 594 
4773 4773 4773 11122 11122 11122 11122 11122 8949 
8949 8949 8949 9191 9191 9191 3839 3839 3839 
3839 383 383 11103 11103 359 359 359 430 
430 406 406 453 453 0 0 0 476 
476 499 499 499 499 0 522 522 0 
0 0 0 0 0 0 0 0 0 
40 40 16 16 0 0 62 62 62 
62 85 85 85 109 109 155 155 155 
155 155 130 592 592 592 154 154 154 
154 176 176 5775 5775 5775 536 536 9204 
223 223 223 199 199 199 269 594 594 
4773 4773 4773 4773 11122 11122 11122 11122 8949 
8949 8949 8949 8949 11245 9191 314 314 3839 
3839 3839 291 291 11103 11103 11103 359 407 
407 430 430 406 453 453 0 0 0 
476 476 476 476 0 0 0 522 522 
0 0 0 0 0 0 0 0 0 
0 40 40 40 40 0 0 0 62 
62 62 62 85 85 109 109 132 132 
155 155 155 130 592 592 592 592 592 
154 154 176 176 177 177 536 536 536 
536 200 200 223 223 247 199 269 269 
269 4773 4773 4773 564 564 564 268 268 
8949 8949 8949 8949 11245 11245 11245 314 314 
314 314 314 291 291 291 291 291 11103 
407 407 407 407 430 453 453 477 477 
0 500 500 476 476 476 0 0 522 
522 0 0 0 0 0 0 0 0 
0 0 17 17 40 40 40 0 0 
0 0 0 62 86 86 85 109 132 
132 132 132 132 130 592 592 592 592 
592 7493 7493 176 176 177 177 177 177 
9204 200 200 200 200 200 247 247 0 
269 269 269 269 564 564 564 564 268 
268 268 268 8949 8949 11245 11245 11245 315 
315 314 314 314 383 383 291 291 291 
431 431 431 407 407 407 453 453 477 
477 477 477 500 500 476 476 523 523 
523 523 0 0 0 0 0 0 0 
0 0 0 17 17 0 0 40 0 
0 0 0 0 0 86 86 86 86 
109 109 132 132 132 130 592 592 592 
592 592 7493 7493 7493 7493 7493 7493 177 
177 177 224 224 200 200 200 247 247 
0 0 245 269 269 246 293 293 293 
316 316 268 268 268 337 337 11245 11245 
362 315 315 315 315 383 383 360 360 
360 431 431 431 431 431 407 454 454 
454 477 477 477 477 500 500 500 500 
523 523 523 523 523 0 0 0 0 
0 0 0 0 17 17 17 0 0 
0 0 0 63 63 63 0 87 86 
86 86 133 133 156 156 592 592 592 
592 592 0 7493 7493 7493 7493 7493 7493 
7493 177 177 224 224 224 224 224 247 
247 0 0 245 245 246 246 246 293 
293 293 293 316 316 268 337 337 11245 
11245 11245 362 315 315 315 315 338 338 
360 360 360 360 408 431 431 384 454 
454 454 454 454 501 501 524 524 500 
500 500 0 0 523 523 0 0 0 
0 0 0 0 0 0 17 17 0 
0 0 0 64 64 63 63 0 87 
87 86 86 133 133 133 156 130 592 
0 0 0 0 7493 7493 0 178 178 
178 178 201 201 201 201 224 224 224 
247 247 0 0 245 245 245 246 246 
246 246 293 293 316 316 316 337 337 
11245 11245 11245 362 362 385 385 385 338 
338 338 338 360 360 408 408 384 384 
384 478 454 454 454 501 501 501 501 
501 524 524 0 0 0 0 0 0 
0 0 0 0 18 18 18 0 17 
41 41 0 0 64 64 63 63 63 
87 87 110 110 110 133 133 133 156 
156 156 156 0 0 0 0 0 11384 
178 178 178 178 201 201 201 201 248 
248 248 247 271 271 0 245 245 270 
270 246 246 317 317 317 316 316 337 
337 11245 11245 339 362 362 362 385 385 
385 338 338 338 338 360 408 408 408 
384 384 384 384 478 478 478 502 501 
501 501 524 524 524 524 0 0 0 
0 0 0 0 0 0 18 18 18 
18 41 41 41 41 0 64 64 63 
63 87 87 111 110 110 110 110 133 
133 0 10774 156 10774 0 0 0 0 
0 11384 202 202 202 178 178 201 201 
201 248 248 248 271 271 271 0 245 
245 270 270 294 294 317 317 317 317 
337 337 364 339 339 339 362 362 386 
386 385 385 385 385 361 361 361 408 
408 432 432 384 384 478 478 478 478 
478 525 525 525 0 524 524 0 0 
0 0 0 0 0 0 0 0 0 
18 18 18 41 41 41 41 64 64 
64 63 87 87 111 111 111 110 110 
110 133 0 0 10774 156 8984 0 0 
11384 179 179 179 202 202 202 202 202 
225 225 225 248 248 248 271 271 271 
271 245 0 270 270 294 294 294 317 
317 340 340 364 364 364 339 339 339 
363 363 386 386 386 386 386 361 361 
361 408 432 432 432 432 432 455 455 
478 478 502 525 525 525 0 0 0 
0 0 0 0 0 0 0 0 0 
0 0 42 42 42 0 41 65 65 
64 88 88 87 87 0 111 111 0 
0 110 0 0 0 0 10774 0 8984 
11384 8984 179 179 179 179 179 202 202 
202 225 225 225 225 225 272 272 248 
271 271 0 0 0 270 270 294 294 
294 317 340 340 340 364 364 364 339 
339 363 363 363 363 386 386 386 409 
361 361 361 456 456 432 432 432 455 
455 455 502 502 502 525 525 525 0 
0 0 0 0 0 0 0 0 0 
0 0 19 0 42 42 42 0 65 
65 65 88 88 88 88 88 111 111 
111 0 0 134 134 0 0 0 0 
0 8984 0 180 0 179 179 203 179 
226 226 226 249 249 225 225 272 272 
272 272 272 0 0 295 0 270 270 
318 294 294 340 340 341 341 364 364 
364 339 387 363 363 363 363 410 386 
409 409 361 361 456 456 456 456 479 
479 455 455 455 502 502 0 525 525 
0 0 0 0 0 0 0 0 0 
0 0 19 19 19 19 42 42 42 
0 65 65 65 0 88 88 88 88 
111 111 0 0 134 134 134 0 0 
157 157 157 180 180 180 180 203 203 
203 226 226 226 226 226 249 249 249 
272 272 272 272 0 0 295 295 295 
295 318 318 318 340 340 341 341 341 
341 341 387 387 387 387 387 410 410 
410 0 409 409 409 433 433 456 456 
456 479 479 479 455 455 502 502 0 
0 0 0 0 0 0 0 0 0 
0 0 0 0 19 19 19 19 42 
42 0 0 65 65 65 0 0 0 
0 0 0 0 0 0 134 134 134 
158 158 157 157 157 157 180 180 180 
203 203 203 227 227 226 226 226 249 
249 249 249 0 0 0 0 0 295 
295 295 295 318 318 318 318 388 388 
341 341 341 341 0 387 387 387 411 
410 410 410 0 409 409 433 433 433 
456 456 503 479 479 479 455 502 502 
0 0 0 0 0 0 0 0 0 
0 0 20 20 20 0 43 19 19 
66 66 66 0 89 89 89 0 0 
0 0 0 0 0 0 0 0 134 
134 158 158 0 0 157 157 157 180 
180 180 203 203 227 227 0 0 273 
273 273 249 249 0 0 0 0 0 
319 319 0 295 342 342 318 318 318 
365 388 388 388 388 0 0 0 387 
411 411 410 410 410 0 409 409 433 
433 433 433 503 503 479 479 526 526 
526 0 0 0 0 0 0 0 0 
0 0 0 20 20 20 20 20 43 
43 43 66 66 66 66 89 89 89 
89 89 112 112 0 0 0 135 135 
0 134 158 158 0 0 181 181 157 
204 204 204 180 203 227 227 0 0 
250 273 273 273 273 0 0 0 296 
296 319 319 319 319 342 342 342 342 
342 365 365 388 388 388 388 0 0 
0 411 411 0 410 434 434 0 409 
457 457 433 433 480 480 503 479 526 
526 526 526 526 0 0 0 0 0 
0 0 0 0 0 0 0 20 20 
20 43 43 43 43 66 66 66 0 
89 89 89 112 112 112 112 0 135 
135 135 0 158 158 0 0 181 181 
181 204 204 204 204 204 227 227 0 
0 250 250 250 250 273 273 0 0 
296 296 296 296 319 319 319 319 342 
342 342 342 365 365 365 389 388 0 
0 0 411 411 0 0 0 434 434 
434 457 457 457 480 480 480 480 480 
480 503 503 526 526 0 0 0 0 
0 0 0 0 0 0 0 0 0 
0 0 0 0 43 43 43 66 0 
0 0 0 0 0 0 112 112 112 
136 135 135 135 158 158 0 0 0 
181 181 181 181 204 204 204 227 227 
0 0 274 250 250 250 250 273 273 
0 0 296 296 296 320 320 319 343 
0 0 0 0 0 365 365 365 389 
0 0 0 411 411 0 0 0 0 
434 434 434 457 457 457 0 504 480 
480 480 503 503 503 503 0 0 0 
0 0 0 0 0 0 0 0 0 
0 0 44 0 0 67 67 43 0 
0 0 0 0 0 0 0 0 112 
112 136 159 159 135 135 158 0 182 
182 0 0 181 181 181 0 0 228 
227 251 274 274 274 274 250 250 297 
297 297 0 0 0 296 320 320 343 
343 343 0 0 0 0 0 365 365 
389 389 0 0 412 412 435 435 0 
0 458 434 434 434 457 457 457 0 
504 504 504 527 527 527 527 0 0 
0 0 0 0 0 0 0 0 0 
0 21 44 44 44 44 67 67 67 
67 90 90 90 90 0 0 113 113 
0 0 136 136 159 159 159 159 0 
182 182 182 0 0 205 205 0 0 
228 228 251 251 251 274 274 274 274 
297 297 297 297 297 0 0 320 320 
0 343 343 343 0 0 0 0 0 
0 389 389 389 0 412 412 435 435 
435 435 435 458 458 458 0 457 481 
481 0 504 504 504 527 527 527 527 
0 0 0 0 0 0 0 0 0 
0 0 21 21 21 44 44 44 44 
67 67 67 67 90 90 90 90 113 
113 0 0 136 136 136 0 159 159 
159 159 182 182 0 0 205 205 205 
0 228 228 252 251 251 251 251 274 
274 274 298 298 297 297 0 0 320 
320 0 0 343 343 343 0 0 0 
0 0 0 389 389 0 412 412 0 
0 435 435 435 435 458 458 458 458 
481 481 481 0 504 504 504 0 527 
527 0 0 0 0 0 0 0 0 
0 0 0 45 21 21 21 21 44 
44 91 91 91 67 67 114 90 90 
90 113 113 137 0 136 136 0 0 
0 159 159 182 182 182 0 0 205 
205 205 228 228 252 252 0 251 251 
251 275 275 298 298 298 0 0 0 
320 320 0 0 0 343 0 0 0 
0 366 366 366 389 389 413 412 412 
0 0 0 0 0 0 459 459 458 
458 458 481 481 481 505 505 504 0 
0 0 0 0 0 0 0 0 0 
0 0 0 45 45 45 45 21 21 
68 68 68 91 91 91 91 91 114 
114 114 113 113 113 137 136 136 160 
0 0 0 183 183 182 206 206 0 
0 205 205 228 228 252 252 252 0 
0 0 275 275 0 298 298 0 0 
0 320 344 344 0 0 0 0 0 
0 390 366 366 366 366 413 413 412 
412 436 436 0 0 0 0 459 459 
482 482 482 506 481 481 505 505 0 
0 0 0 0 0 0 0 0 0 
0 0 0 22 22 22 45 45 45 
45 68 68 68 68 68 91 91 91 
0 114 114 114 113 113 137 137 160 
160 160 160 0 183 183 183 206 206 
206 206 229 205 228 228 229 252 252 
252 0 0 275 275 0 0 298 298 
321 321 321 344 344 344 344 344 0 
0 367 367 390 390 366 366 366 413 
413 413 436 436 436 436 0 0 459 
459 0 482 482 506 506 481 505 505 
0 0 528 528 0 0 0 0 0 
0 0 0 0 22 22 22 46 46 
45 45 69 69 0 68 68 68 0 
0 0 0 114 114 114 0 137 137 
137 0 160 160 160 160 183 183 183 
0 206 206 206 253 229 229 229 229 
252 252 0 0 275 275 0 0 298 
298 321 321 321 321 321 344 344 344 
0 0 367 367 367 390 390 390 390 
366 413 413 413 460 436 436 436 436 
459 459 0 482 482 506 506 506 505 
505 0 0 528 528 0 0 0 0 
0 0 0 23 23 0 0 0 46 
46 46 22 69 69 69 0 0 0 
0 0 0 0 0 114 0 0 0 
137 137 137 0 0 160 160 184 183 
183 183 0 206 206 253 253 253 229 
229 229 0 0 0 275 275 299 299 
0 298 322 322 345 321 321 321 0 
0 0 0 0 367 367 367 414 390 
390 390 437 413 413 460 460 460 460 
436 459 459 483 0 482 482 506 506 
505 505 0 0 0 528 528 0 0 
0 0 0 0 23 23 23 23 0 
0 46 46 22 22 69 69 0 0 
0 0 0 115 115 0 0 0 0 
0 0 137 161 0 0 0 0 184 
184 183 207 207 207 230 230 253 253 
253 229 229 0 0 0 275 275 299 
299 299 299 322 322 322 345 345 345 
0 0 0 0 0 0 367 367 391 
414 414 414 437 437 437 437 460 460 
460 460 460 459 483 483 483 482 482 
506 506 529 529 529 0 528 528 528 
0 0 0 0 0 0 0 23 23 
23 0 0 46 46 22 22 69 69 
0 0 92 92 115 115 115 115 138 
138 138 0 161 161 161 161 0 0 
184 184 0 0 207 207 207 230 230 
230 253 253 253 0 0 0 276 276 
276 299 299 299 299 322 322 345 345 
345 345 345 0 368 368 368 0 391 
391 391 414 414 414 414 437 437 437 
437 0 460 0 0 0 483 483 483 
482 506 506 529 529 529 529 529 528 
528 0 0 0 0 0 0 0 0 
23 23 0 0 46 46 0 0 69 
69 0 0 92 92 92 0 115 115 
115 138 138 138 138 138 161 161 161 
161 184 184 0 0 0 207 207 207 
230 230 230 230 253 0 0 0 276 
276 276 276 276 299 0 0 322 322 
0 0 345 345 0 368 368 368 368 
368 391 391 391 0 414 414 414 0 
437 437 0 0 0 0 0 0 483 
483 483 0 0 0 0 0 529 529 
529 0 0 0 0 0 0 0 0 
0 0 0 0 0 0 0 0 0 
0 0 0 0 0 92 92 92 0 
115 115 0 0 138 138 138 0 0 
161 161 184 184 0 0 0 0 0 
207 207 0 230 230 0 0 0 0 
0 0 276 276 276 0 0 0 322 
322 0 0 0 0 0 0 0 0 
368 368 368 391 391 391 0 0 0 
0 0 0 0 0 0 0 0 0 
0 483 0 0 0 0 0 0 0 
0 0 0 0 0 0 0 0 0 
0 0 0 0 0 0 0 0 0 
0 0 0 0 0 0 0 92 92 
0 0 0 0 0 0 0 0 0 
0 0 0 184 184 0 0 0 0 
0 0 0 0 0 0 0 0 0 
0 0 0 0 0 0 0 0 0 
0 0 0 0 0 0 0 0 0 
0 0 0 0 0 391 0 0 0 
0 0 0 0 0 0 0 0 0 
0 0 0 0 0 0 0 0 0 
0 0 0 0 0 0 0 0 0 
0 0 0 0 0 0 0 0 0 
0 0 0 0 0 0 0 0 0 
0 0 0 0 0 0 0 0 0 
0 0 0 0 0 0 0 0 0 
0 0 0 0 0 0 0 0 0 
0 0 0 0 0 0 0 0 0 
0 0 0 0 0 0 0 0 0 
0 0 0 0 0 0 0 0 0 
0 0 0 0 0 0 0 0 0 
0 0 0 0 0 0 0 0 0 
0 0 0 0 0 0 0 0 0 
0 0 0 0 0 0 0 0 0 
0 0 0 0 0 0 0 0 0 
0 0 0 0 0 0 0 0 0 
0 0 0 0 0 0 0 0 0 
0 0 0 0 0 0 0 0 0 
0 0 0 0 0 0 0 0 0 
0 0 0 0 0 0 0 0 0 
0 0 0 0 0 0 0 0 0 
0 0 0 0 0 0 0 0 0 
0 0 0 0 0 0 0 0 0 
0 0 0 0 0 0 0 0 0 
0 0 0 0 0 0 0 0 0 
0 0 0 0 0 0 0 0 0 
0 0 0 0 0 0 0 0 0 
0 0 0 0 0 0 0 0 0 
0 0 0 0 0 0 0 0 0 
0 0 0 0 0 0 0 0 0 
0 0 0 0 0 0 0 0 0 
0 0 0 0 0 0 0 0 0 
0 0 0 0 0 0 0 0 0 
0 0 0 0 0 0 0 0 0 
0 0 0 0 0 0 0 0 0 
0 
ClusterId 1 10000 long
0 0 0 0 0 0 0 0 0 
0 0 0 0 0 0 0 0 0 
0 0 0 0 0 0 0 0 0 
0 0 0 0 0 0 0 0 0 
0 0 0 0 0 0 0 0 0 
0 0 0 0 0 0 0 0 0 
0 0 0 0 0 0 0 0 0 
0 0 0 0 0 0 0 0 0 
0 0 0 0 0 0 0 0 0 
0 0 0 0 0 0 0 0 0 
0 0 0 0 0 0 0 0 0 
0 0 0 0 0 0 0 0 0 
0 0 0 0 0 0 0 0 0 
0 0 0 0 0 0 0 0 0 
0 0 0 0 0 0 0 0 0 
0 0 0 0 0 0 0 0 0 
0 0 0 0 0 0 0 0 0 
0 0 0 0 0 0 0 0 0 
0 0 0 0 0 0 0 0 0 
0 0 0 0 0 0 0 0 0 
0 0 0 0 0 0 0 0 0 
0 0 0 0 0 0 0 0 0 
0 0 0 0 0 0 0 0 0 
0 0 0 0 0 0 0 0 0 
0 0 0 0 0 0 0 0 0 
0 0 0 0 0 0 0 0 0 
0 0 0 0 0 0 0 0 0 
0 0 0 0 0 0 0 0 0 
0 0 0 0 0 0 0 0 0 
0 0 0 0 0 0 0 0 0 
0 0 0 0 0 0 0 0 0 
0 0 0 0 0 0 0 0 0 
0 0 0 0 0 0 0 0 0 
0 0 0 0 0 0 0 0 0 
0 0 0 0 0 0 0 0 0 
0 0 0 0 0 0 93 93 0 
0 0 0 0 0 0 0 0 0 
0 0 0 0 0 0 0 0 0 
0 0 0 0 0 0 0 254 254 
0 0 0 0 0 0 0 0 0 
323 323 0 0 0 0 0 0 0 
0 0 0 0 0 0 0 0 0 
0 0 0 0 0 0 0 0 0 
0 0 0 0 0 0 0 0 0 
0 0 0 0 0 0 0 0 1 
1 0 0 0 24 24 47 47 47 
0 70 70 0 0 0 0 93 93 
0 0 0 0 0 0 139 139 0 
0 0 0 0 185 185 0 0 0 
0 0 0 0 0 0 0 0 254 
254 0 0 0 0 0 0 300 0 
0 323 323 323 0 0 369 369 369 
369 0 0 0 0 0 0 0 0 
0 438 438 438 0 0 0 0 461 
461 0 0 0 507 507 0 0 0 
0 0 0 0 0 0 0 0 0 
1 1 1 0 0 24 24 47 47 
47 47 47 70 70 70 70 0 93 
93 116 116 116 0 0 0 139 139 
0 162 162 162 0 185 185 185 0 
0 0 0 0 0 231 231 0 0 
254 254 277 277 277 277 0 300 300 
300 300 0 323 323 0 346 346 369 
369 369 369 369 0 0 0 0 392 
415 415 415 438 438 438 438 438 0 
461 461 0 0 507 507 507 507 507 
507 0 0 0 0 0 0 0 0 
0 25 1 1 1 0 24 24 0 
0 0 47 47 47 70 70 70 70 
93 93 116 116 116 116 116 116 139 
139 0 162 162 162 162 162 185 185 
0 0 0 0 0 0 231 231 231 
0 254 254 0 277 277 277 277 277 
300 300 300 300 323 323 323 346 346 
346 346 346 369 369 0 0 0 392 
392 392 415 415 415 415 438 438 438 
0 461 461 0 0 484 484 508 507 
507 507 0 0 0 0 0 0 0 
0 0 25 25 1 1 1 24 24 
0 0 0 0 0 47 94 94 94 
70 93 93 140 140 140 140 116 116 
139 139 0 0 0 0 162 162 162 
185 185 232 232 0 208 208 0 231 
231 231 254 254 278 0 0 0 277 
277 301 301 300 300 324 324 323 0 
0 346 346 346 346 0 0 0 0 
0 392 392 392 392 415 415 415 439 
0 0 461 461 0 0 484 484 484 
508 508 0 0 0 0 0 0 0 
0 0 2 2 25 25 25 25 24 
24 0 0 0 0 0 71 71 94 
94 94 94 93 117 117 140 140 140 
140 139 139 163 163 0 0 186 186 
186 185 185 232 232 232 208 208 208 
208 231 231 255 255 278 278 0 0 
0 0 301 301 0 0 324 324 0 
0 347 370 370 370 346 0 0 0 
0 0 416 416 416 392 392 392 439 
439 462 462 461 461 0 0 485 484 
484 508 508 0 0 0 0 0 0 
0 0 0 2 2 2 2 25 25 
25 0 0 0 0 48 48 71 71 
71 0 94 94 94 117 117 117 117 
140 140 187 187 163 163 163 163 163 
186 186 210 209 209 209 232 232 232 
208 208 208 208 255 255 278 278 278 
278 278 278 301 301 0 0 324 324 
0 347 347 347 370 370 370 370 0 
0 0 0 393 416 416 416 416 416 
439 439 462 462 462 462 462 0 485 
485 484 484 508 508 0 0 0 0 
0 0 0 0 0 0 2 2 2 
25 0 0 0 0 0 48 48 48 
71 71 71 0 94 0 0 0 117 
117 117 187 187 187 187 187 163 163 
163 186 186 186 210 209 209 209 209 
232 232 257 257 208 255 255 302 302 
302 278 278 278 301 301 0 0 324 
324 0 0 347 347 347 347 370 370 
370 0 0 0 393 393 393 416 416 
416 439 439 0 0 462 462 462 462 
485 485 484 484 508 508 508 0 0 
0 0 0 0 0 0 0 0 2 
2 0 0 0 0 0 0 0 48 
48 48 71 71 71 0 0 0 0 
0 117 117 164 164 164 187 187 187 
211 211 211 186 186 210 210 233 209 
209 209 232 257 257 257 255 255 302 
302 302 302 302 302 301 301 325 325 
324 324 348 0 0 0 347 347 347 
370 0 0 0 0 0 393 393 393 
393 393 439 439 0 0 0 0 486 
462 485 485 0 0 509 508 0 0 
0 0 0 0 0 0 0 0 0 
26 26 26 0 0 0 0 0 0 
72 72 48 48 71 95 0 0 0 
0 0 141 141 141 164 164 164 164 
164 284 284 211 211 186 210 210 210 
233 233 233 233 0 257 257 255 255 
0 0 279 279 302 302 303 303 325 
325 325 325 325 348 348 0 371 371 
371 0 0 0 394 0 0 417 417 
440 393 393 439 439 0 0 0 0 
486 486 485 485 0 0 509 509 0 
0 0 0 0 0 0 0 0 0 
0 26 26 26 26 26 26 50 49 
49 72 72 72 72 72 95 95 95 
95 0 118 118 141 141 141 141 164 
164 164 284 284 284 211 211 234 210 
210 210 233 233 233 233 257 257 256 
256 256 0 279 279 279 0 303 303 
326 326 326 325 325 348 348 348 0 
371 371 371 0 394 394 394 394 417 
417 440 440 440 440 440 0 0 463 
463 510 486 486 485 486 0 509 509 
0 0 0 0 0 0 0 0 0 
27 27 3 3 3 3 26 26 50 
50 49 49 49 72 72 72 72 95 
95 95 95 118 118 118 165 141 141 
141 188 188 188 284 284 284 211 211 
234 234 234 234 281 281 281 233 257 
256 256 256 256 256 279 279 0 303 
303 10935 10935 10935 326 326 325 348 348 
348 0 371 371 371 0 394 394 394 
394 417 417 440 440 440 440 0 0 
463 463 463 510 486 486 486 486 509 
509 0 0 0 0 0 0 0 0 
0 27 27 27 3 3 3 3 3 
50 50 73 49 49 49 49 96 72 
97 97 95 95 142 118 118 118 165 
165 165 189 188 188 188 284 284 211 
211 235 235 234 234 234 281 281 258 
258 257 280 280 256 256 279 279 279 
303 10935 10935 10935 10935 10935 326 326 349 
348 348 0 0 371 371 0 395 395 
394 394 417 417 417 464 464 440 0 
0 0 463 463 463 510 510 510 486 
509 509 0 0 0 0 0 0 0 
0 0 0 27 27 27 76 76 76 
3 3 50 50 73 73 49 96 96 
96 97 97 119 142 142 142 118 118 
118 165 165 165 189 188 188 188 283 
283 235 235 235 235 234 234 237 237 
258 258 258 280 280 280 280 280 280 
279 303 10935 10935 10935 10935 10935 326 326 
349 349 0 0 0 0 0 0 395 
395 418 418 418 417 417 464 464 464 
464 464 0 0 463 463 487 510 510 
510 509 509 0 0 0 0 0 0 
0 0 0 0 4 4 27 27 76 
76 75 75 50 50 50 73 73 73 
73 96 97 97 96 119 119 119 142 
142 142 142 165 165 189 189 259 259 
283 283 283 283 235 235 235 235 237 
237 10625 258 258 258 304 304 304 280 
280 280 303 10935 10935 10935 10935 10935 10935 
326 349 349 349 372 372 372 0 0 
395 395 0 418 418 418 441 441 441 
464 464 464 0 0 0 487 487 487 
510 510 510 0 0 0 0 0 0 
0 0 0 0 0 4 4 4 27 
76 76 76 75 75 50 74 74 74 
73 73 73 97 97 96 96 119 119 
119 119 142 142 142 165 189 189 259 
259 259 259 283 283 283 5820 5820 5820 
237 10625 10625 10625 10625 258 258 304 304 
304 304 304 303 10935 10935 10935 10935 10935 
10935 350 350 349 349 0 372 372 372 
372 395 395 0 0 418 418 418 441 
441 441 441 441 464 0 0 0 487 
487 0 0 0 0 0 0 0 0 
0 0 0 0 0 0 0 4 4 
4 28 76 76 75 75 75 74 74 
74 74 74 73 97 97 96 96 143 
143 119 119 119 0 0 0 166 189 
212 212 259 259 259 283 5820 5820 5820 
5820 10625 10625 10625 10625 10625 10625 258 281 
281 304 304 9223 9223 9223 9223 9223 328 
328 327 350 350 350 349 349 0 372 
372 372 395 395 0 0 0 418 418 
418 0 441 441 441 465 488 488 488 
487 487 487 0 0 0 0 0 0 
0 0 0 0 0 0 5 0 0 
4 4 28 28 7799 7799 75 75 75 
51 51 74 74 74 99 99 120 120 
143 143 143 143 191 0 0 0 166 
166 212 212 212 212 259 5820 5820 5820 
5820 5820 10625 10625 10625 10625 10625 10625 305 
281 281 281 9223 9223 9223 9223 9223 9223 
328 328 327 327 350 350 373 373 373 
0 0 372 396 396 0 0 0 0 
442 442 442 0 0 465 465 465 488 
488 488 487 487 0 0 0 0 0 
0 0 0 0 0 0 6 5 5 
5 0 4 28 28 7799 7799 7799 7799 
7799 51 51 51 51 51 99 99 120 
120 120 120 143 143 143 191 0 0 
166 166 189 189 212 212 212 5820 5820 
5820 5820 5820 10625 10625 10625 10625 10625 282 
305 305 305 305 9223 9223 9223 9223 9223 
9223 328 328 329 327 327 350 350 373 
373 373 373 0 396 396 0 0 419 
419 419 442 442 442 442 442 465 465 
0 488 488 488 488 511 511 511 0 
0 0 0 0 0 0 0 6 6 
5 5 5 5 28 28 7799 7799 7799 
7799 6385 6385 6385 51 51 51 99 99 
0 120 120 120 120 143 145 145 191 
0 166 166 189 236 236 236 212 5820 
5820 5820 5820 5820 237 237 10625 10625 282 
282 282 305 305 305 305 9223 7860 7860 
7860 7860 328 328 329 329 327 327 350 
397 397 373 373 373 396 396 0 0 
419 419 419 419 419 442 442 442 465 
465 465 0 0 488 0 0 511 511 
511 511 0 0 0 0 0 0 6 
6 6 29 5 5 28 28 7799 7799 
7799 7799 6385 6385 6385 6385 121 121 99 
99 0 0 122 122 144 144 145 145 
191 191 166 166 213 213 236 236 236 
236 5820 5820 5820 5820 237 237 9391 9391 
261 282 282 282 260 260 305 7860 7860 
7860 7860 7860 7860 328 329 329 327 327 
375 375 397 397 397 373 396 396 0 
0 0 0 419 419 419 0 0 466 
466 465 465 0 0 0 0 0 0 
0 511 511 511 0 0 0 0 0 
0 6 6 29 29 29 28 11277 11277 
7799 7799 6385 6385 6385 6385 6385 123 121 
99 99 121 121 122 122 144 144 145 
145 167 167 166 166 213 213 213 213 
236 236 5820 5820 5820 9391 9391 9391 9391 
9391 261 261 282 282 282 260 260 7860 
7860 7860 7860 7860 7860 7860 7860 329 329 
327 375 375 374 397 397 397 396 396 
0 0 0 0 443 443 0 0 0 
466 466 466 489 489 0 0 0 0 
0 0 0 511 0 0 0 0 0 
0 53 6 6 29 29 29 29 11277 
11277 11277 11277 6385 6385 6385 6385 6385 123 
123 98 98 121 121 122 122 121 121 
145 145 167 167 167 167 190 190 190 
213 213 213 214 9391 9391 9391 9391 9391 
9391 9391 261 261 8486 8486 8486 8486 260 
260 7860 7860 7860 7860 4261 4261 4261 329 
329 351 327 375 375 374 374 397 397 
421 420 420 420 0 443 443 443 443 
0 0 466 466 489 489 489 489 512 
512 512 512 0 0 0 0 0 0 
0 0 53 53 53 53 53 29 29 
11277 11277 11277 11277 6385 6385 6385 6385 6385 
123 123 98 98 98 0 122 122 169 
121 145 145 144 0 167 167 167 190 
190 190 190 213 214 214 9391 9391 9391 
9391 9391 9391 261 261 8486 8486 8486 8486 
8486 260 260 260 4261 4261 4261 4261 4261 
4261 329 351 351 375 375 374 374 374 
421 421 421 420 420 420 0 443 443 
443 443 490 466 466 466 0 489 489 
489 512 512 512 512 512 0 0 0 
0 0 0 30 30 53 53 53 53 
11277 11277 11277 11277 11277 6385 6385 6385 6385 
11577 11577 11577 11577 98 98 98 122 122 
169 169 169 144 144 144 0 191 191 
191 216 216 190 190 215 215 214 551 
551 551 5045 5045 261 261 8486 8486 8486 
8486 8486 1085 1085 260 4261 4261 4261 4261 
4261 4261 353 351 351 351 375 375 374 
374 374 421 421 421 420 420 420 467 
467 443 490 490 490 490 466 0 0 
489 489 513 0 0 512 512 0 0 
0 0 0 0 0 30 30 30 30 
100 100 11277 11277 11277 52 6385 6385 6385 
11577 11577 11577 11577 11577 11577 11577 98 579 
579 169 169 169 169 144 144 144 0 
191 191 216 216 216 190 215 215 214 
214 551 551 5045 5045 5045 261 285 8486 
8486 8486 1085 1085 1085 1085 4261 4261 4261 
4261 4261 4261 353 353 351 351 351 375 
398 398 398 374 421 421 421 420 420 
444 467 467 467 467 490 490 490 490 
0 0 513 513 513 0 0 0 0 
0 0 0 0 0 0 7 30 30 
30 100 100 100 100 100 52 52 52 
11577 11577 11577 11577 11577 9451 9451 9451 9451 
579 579 146 146 146 169 169 168 168 
168 0 191 192 216 216 0 215 215 
214 214 551 551 5045 5045 5045 5045 285 
285 8486 1085 1085 1085 1085 1085 4261 4261 
4261 4261 4261 4261 353 353 353 351 352 
352 398 398 398 398 398 421 445 445 
444 444 444 444 467 467 467 467 490 
490 0 0 0 513 513 513 0 0 
0 0 0 0 0 0 0 7 7 
7 7 7 30 30 100 100 100 52 
52 52 148 148 11577 9451 9451 9451 9451 
123 123 579 579 146 146 146 146 168 
168 168 168 168 192 192 216 216 215 
215 214 214 214 5045 5045 5045 5045 5045 
5045 285 285 1085 1085 1085 1085 1085 306 
4261 4261 4261 9168 9168 9168 353 353 352 
352 352 352 352 352 422 422 398 445 
445 445 468 444 444 444 467 467 467 
0 0 0 0 0 0 513 513 513 
0 0 0 0 0 0 0 0 0 
0 7 7 7 7 54 77 77 77 
77 52 52 148 148 9451 9451 9451 9451 
9451 123 123 579 579 579 579 146 146 
146 170 170 168 168 192 192 192 216 
215 215 11234 238 238 5045 5045 5045 5045 
5045 5045 285 285 285 1085 1085 1085 1085 
306 306 306 9168 9168 9168 9168 9168 353 
353 377 377 352 352 352 422 422 422 
398 445 445 445 468 444 444 444 491 
491 0 0 0 0 0 0 0 513 
0 0 0 0 0 0 0 0 0 
0 0 0 31 31 31 54 54 54 
77 77 77 77 148 148 148 9451 9451 
9451 147 147 147 579 579 579 579 11677 
11677 146 170 170 193 193 6226 192 192 
262 262 262 238 11234 238 238 238 5045 
5045 5045 585 585 285 285 1085 1085 1085 
1085 1085 306 306 306 9168 9168 9168 9168 
11026 11026 377 377 9795 9795 9795 399 422 
422 422 398 445 445 445 468 444 468 
491 491 491 491 0 0 0 0 0 
0 0 0 0 0 0 0 0 0 
0 0 0 0 0 31 31 31 54 
54 54 54 77 77 77 148 148 124 
194 194 194 147 147 147 579 579 11677 
11677 11677 11677 170 170 6226 193 193 193 
192 192 262 262 262 262 1458 238 238 
238 238 9583 585 585 585 585 585 1085 
1085 308 308 308 0 306 9168 9168 9168 
11026 11026 11026 377 377 9795 9795 9795 9795 
399 422 422 422 0 0 0 0 468 
468 468 491 491 491 491 0 515 515 
514 514 514 0 0 0 0 0 0 
0 0 0 8 8 8 0 31 31 
31 78 54 54 101 101 101 101 148 
124 124 194 194 7601 7110 147 147 147 
11677 11677 11677 11677 170 170 530 6226 193 
193 193 192 239 11421 262 262 1146 1458 
544 544 9583 9583 9583 585 585 585 585 
10908 10908 308 308 308 308 308 9168 9168 
11026 11026 11026 11026 377 377 9795 9795 9795 
9795 9795 399 399 399 399 0 0 0 
0 468 468 468 468 491 0 0 515 
515 514 514 514 514 514 0 0 0 
0 0 0 0 8 8 8 8 8 
31 55 55 78 78 78 101 101 101 
101 124 124 124 124 7110 7601 8670 147 
194 194 11677 11677 11677 170 170 530 530 
530 530 193 193 11421 239 11421 239 1458 
544 544 544 9583 9583 9583 9583 585 585 
585 10908 10908 10908 573 573 308 354 354 
354 11026 11026 11026 11026 377 377 9795 9795 
9795 9795 9795 10881 10881 399 399 399 0 
0 0 0 469 469 468 0 0 0 
0 515 515 0 0 514 514 0 0 
0 0 0 0 0 32 32 32 8 
8 8 55 55 55 78 78 78 78 
195 195 195 101 124 124 171 8670 7601 
194 194 194 1993 11677 11677 4582 4582 4582 
530 530 530 9034 193 537 537 239 239 
239 1146 544 544 9583 9583 9583 9583 9583 
585 10908 10908 10908 10908 573 573 573 7901 
354 354 354 11026 11026 11026 589 589 589 
589 589 9795 10881 10881 10881 10881 399 446 
446 0 0 0 469 469 492 492 0 
0 0 515 515 515 0 0 0 0 
0 0 0 0 0 0 32 32 32 
32 32 56 56 55 55 55 102 78 
78 195 195 195 195 195 171 171 171 
171 171 171 1993 1993 1993 1993 4582 4582 
4582 4582 4582 9034 9034 9034 537 537 4110 
925 239 239 239 587 587 9583 9583 9583 
9583 10908 10908 10908 10908 10908 573 573 11270 
7901 572 354 354 354 11026 589 589 589 
589 589 589 589 10881 10881 10881 10881 376 
446 446 446 446 446 469 469 492 492 
492 492 0 0 515 515 0 0 0 
0 0 0 0 0 0 0 9 9 
9 32 32 56 56 56 55 55 102 
102 102 172 172 172 195 195 125 125 
125 171 171 1993 1993 1993 1993 1993 4582 
4582 4582 4582 4582 9034 9034 9034 9034 537 
537 4110 925 239 587 587 587 587 9583 
9583 9013 9013 10908 10908 10908 307 573 11270 
7901 11270 572 9390 9390 9390 9390 589 589 
589 589 589 589 589 10881 10881 10881 10881 
376 376 470 446 446 446 469 469 0 
0 492 492 492 0 0 0 0 0 
0 0 0 0 0 0 0 0 9 
9 9 9 9 9 56 56 79 79 
55 102 102 102 172 172 172 10457 125 
125 125 125 125 1993 1993 1993 1993 1993 
4582 4582 4582 4582 4582 9034 9034 9034 9034 
9034 537 925 4110 533 587 587 587 587 
587 9013 9013 9013 9013 9013 307 307 7901 
8233 11270 572 572 9390 9390 9390 9390 9390 
589 589 589 589 589 589 10881 10881 10881 
423 376 376 376 470 470 470 469 469 
0 0 0 0 492 0 0 0 0 
0 0 0 0 0 0 0 0 10 
10 33 33 33 9 9 56 56 79 
79 79 79 79 102 102 172 10457 172 
172 1340 1340 125 125 1993 1993 1993 1993 
9330 9330 4582 4582 9498 9498 9498 9034 9034 
9034 9034 537 533 6564 533 587 587 587 
587 587 9013 9013 9013 9013 9013 307 307 
8233 1868 572 572 572 9390 9390 9390 9390 
9390 9390 330 330 330 330 589 10881 10881 
423 423 447 376 376 376 470 470 470 
469 493 493 0 0 0 0 0 0 
0 0 0 0 0 0 0 0 0 
10 10 10 33 33 33 80 80 56 
56 127 79 79 79 149 149 149 102 
172 172 1340 1340 8782 8782 8782 1993 1993 
9330 9330 9330 9330 9498 9498 9498 9498 3285 
3285 3285 3285 533 6564 533 533 587 587 
587 587 587 1335 9013 9013 9013 9013 307 
307 1868 3072 1868 572 572 331 331 331 
9390 9390 379 379 378 330 330 330 330 
400 400 400 0 447 447 447 376 470 
470 470 493 493 493 493 0 0 516 
516 0 0 0 0 0 0 0 0 
0 0 10 10 10 33 33 80 80 
80 80 80 127 127 126 149 149 149 
149 149 1340 1340 1340 8782 8782 8782 8782 
9330 9330 9330 9330 9330 9498 9498 9498 3285 
3285 3285 3285 3285 3285 533 533 593 593 
593 593 593 593 1335 1335 1335 1335 1335 
307 307 3072 1868 8233 831 332 332 331 
331 331 331 379 379 378 378 401 401 
401 330 400 400 400 0 447 447 447 
376 470 0 0 0 493 493 493 0 
516 516 516 0 0 0 0 0 0 
0 11 11 34 10 10 10 81 33 
33 80 80 80 127 127 126 126 126 
126 149 149 1340 1340 1340 8782 8782 8782 
8782 9330 9330 9330 9330 591 9498 9498 9498 
3285 3285 3285 3285 3285 1323 1323 593 593 
593 593 593 593 593 1335 1335 1335 1335 
1335 307 565 565 3072 831 576 576 332 
332 332 331 331 331 379 379 378 378 
401 401 401 401 400 400 400 424 447 
447 447 0 0 0 0 0 493 493 
517 0 516 516 516 0 0 0 0 
0 0 11 11 11 34 34 34 81 
81 81 33 104 104 104 10158 127 126 
126 126 126 1340 1340 1340 1340 8782 8782 
8782 8782 150 150 9330 591 591 591 9498 
9498 5937 3285 3285 3285 1323 1323 1323 593 
593 593 593 593 593 593 1335 1335 1335 
1335 1335 565 565 565 831 1435 576 576 
576 332 332 332 332 355 379 379 378 
378 378 401 401 423 423 400 400 424 
424 424 447 0 0 0 0 0 0 
517 517 517 0 516 516 0 0 0 
0 0 0 0 11 11 11 34 34 
34 81 81 81 81 104 104 104 10158 
127 127 127 126 1340 1340 1340 1340 8782 
8782 8782 8782 150 150 591 591 591 591 
5937 5937 5937 5937 5937 1323 1323 1323 1323 
1323 593 593 593 593 593 588 588 1335 
1335 1335 1335 558 565 565 1435 11072 576 
576 576 333 333 333 332 355 355 355 
379 378 378 402 402 423 423 448 448 
448 424 424 424 424 0 494 494 494 
494 0 517 517 517 0 0 0 0 
0 0 0 0 0 0 11 11 58 
34 34 34 9880 81 9880 81 104 104 
104 6102 127 127 5291 5291 1340 1340 1340 
8782 8782 8782 8782 150 150 591 591 591 
591 5937 5937 5937 5937 5937 1323 1323 1323 
1323 532 532 531 531 531 588 588 588 
588 1335 1335 558 558 558 558 11072 1435 
9682 575 9125 9125 333 333 333 333 355 
355 355 356 356 356 402 423 423 402 
448 448 448 448 424 424 424 471 494 
494 494 494 494 517 517 517 0 0 
0 0 0 0 0 0 0 35 35 
58 58 58 58 34 9880 57 57 5640 
104 6102 6102 6102 6102 5291 5291 5291 5291 
9438 9438 9438 9438 9438 150 150 591 591 
591 10787 5937 5937 5937 5937 5937 1323 1323 
1323 532 532 532 11606 531 531 531 588 
588 588 5165 5165 5165 558 558 574 574 
9682 575 575 9125 9125 9125 9125 333 333 
333 355 355 355 356 356 356 356 402 
402 402 425 425 448 448 448 471 471 
495 495 518 518 494 494 517 0 0 
0 0 0 0 0 0 0 0 35 
35 35 105 58 58 58 58 57 57 
5640 5640 6102 6102 6102 6102 5291 5291 5291 
5291 9438 9438 9438 9438 9438 150 150 591 
10787 10787 10787 10787 5937 5937 5937 5937 543 
543 532 532 532 11606 11606 11606 531 531 
588 588 588 5165 5165 5165 5165 574 574 
574 575 575 9125 9125 9125 9125 9125 9125 
590 590 590 590 590 578 9919 356 356 
356 402 402 402 425 425 425 448 472 
471 471 495 495 518 518 518 0 0 
0 0 0 0 0 0 0 12 12 
0 35 35 105 105 105 58 58 57 
57 5640 5640 6102 6102 6102 6102 5291 5291 
5291 5291 9438 9438 9438 9438 9438 173 173 
173 10787 10787 10787 10787 196 5937 5937 543 
543 543 11041 11041 11041 11606 11606 11606 11606 
534 588 588 588 5165 5165 5165 5165 5165 
574 574 575 575 9125 9125 9125 9125 9125 
9125 590 590 590 590 590 578 578 9919 
426 426 426 449 449 449 425 425 425 
472 471 471 495 495 518 518 518 518 
0 0 0 0 0 0 0 0 12 
12 12 12 12 105 105 105 105 11339 
57 57 5640 5640 6102 6102 6102 6102 5291 
5291 5291 5291 9438 9438 9438 9438 9438 173 
173 173 10787 10787 10787 10787 196 196 543 
543 543 11041 11041 11041 11041 11041 11606 11606 
11606 534 557 557 557 5165 5165 5165 5165 
6440 6440 6440 6440 6440 9125 9125 9125 9125 
9125 9125 590 590 590 590 590 578 578 
403 403 426 426 426 449 449 449 425 
425 472 472 471 471 495 495 0 518 
518 0 0 0 0 0 0 0 0 
0 0 12 12 12 35 36 105 105 
105 57 57 5640 5640 5640 6102 6102 7596 
7596 7596 5291 5291 9438 9438 9438 9438 9438 
174 174 174 10787 10787 10787 173 196 196 
9339 580 9339 11041 11041 11041 11041 11041 11606 
11606 534 534 534 557 557 557 5165 5165 
6440 6440 6440 6440 6440 6440 9125 9125 9125 
9125 9125 9125 590 590 590 590 590 578 
578 403 403 403 403 426 426 449 449 
449 496 472 472 472 471 495 495 495 
0 0 0 0 0 0 0 0 0 
0 0 0 13 13 13 35 36 36 
82 82 11339 57 5640 5640 5640 7596 7596 
7596 7596 7596 7596 7596 128 128 9438 7147 
7147 174 174 174 174 10787 10787 173 173 
196 196 9339 580 11041 11041 11041 11041 11041 
11606 11606 534 534 582 4062 1778 335 335 
335 6440 6440 6440 6440 6440 6440 586 586 
586 586 586 586 586 590 590 590 357 
357 380 380 380 403 403 403 426 426 
449 449 496 496 472 472 471 519 519 
519 519 0 0 0 0 0 0 0 
0 0 0 0 0 13 13 35 36 
36 82 82 82 57 5640 5640 5640 7596 
7596 7596 7596 7596 7596 7596 128 128 7147 
7147 7147 7147 7147 174 174 174 197 197 
173 196 196 1659 7256 8914 11041 11041 11041 
6634 840 11606 5068 582 4062 550 4062 1778 
335 335 335 335 6440 6440 6440 586 586 
586 586 586 586 586 586 590 590 590 
357 357 357 380 380 380 380 403 450 
450 473 473 473 496 472 472 496 496 
496 519 519 519 0 0 0 0 0 
0 0 0 0 60 60 13 13 13 
36 36 83 82 82 82 82 5640 5640 
7596 7596 7596 7596 7596 7596 7596 128 128 
7147 7147 7147 7147 7147 0 2588 793 197 
197 197 9363 1659 9363 8914 7256 8914 840 
6634 840 6634 5068 0 0 550 550 550 
900 814 1324 335 335 6440 6440 6440 586 
586 586 586 586 586 586 10111 334 334 
334 590 357 357 357 380 380 380 450 
450 450 450 450 473 473 473 497 496 
496 496 496 519 519 519 0 0 0 
0 0 0 0 0 60 60 60 13 
13 36 36 83 83 83 82 82 59 
59 59 7596 7596 7596 7596 9356 9356 128 
128 7147 7147 7147 7147 0 0 3836 2588 
793 197 197 1659 535 535 535 0 0 
0 0 0 0 0 7752 7752 7752 7752 
550 550 900 814 1324 577 9689 9689 9689 
9689 586 586 586 586 586 10111 10111 10111 
334 334 334 334 381 357 404 404 380 
427 427 427 450 450 450 473 473 473 
497 0 0 0 520 520 519 0 0 
0 0 0 0 0 0 0 60 60 
60 60 36 36 108 83 83 83 106 
59 59 59 59 59 9356 9356 9356 9356 
128 128 198 198 7147 0 0 3836 175 
793 535 535 197 197 535 4067 4067 4067 
4067 8138 8138 8138 8138 11138 7752 7752 7752 
7752 7752 550 577 577 577 577 9689 9689 
9689 9689 9689 9689 586 586 10111 10111 10111 
10111 5920 5920 334 334 381 381 381 404 
404 404 427 427 427 474 474 474 473 
473 497 0 0 0 520 520 0 0 
0 0 0 0 0 0 0 0 14 
14 37 37 60 108 108 108 83 83 
83 106 106 106 59 59 9356 9356 9356 
9356 129 128 198 198 198 198 3836 2588 
175 175 535 2166 2166 197 4067 4067 4067 
4067 4067 8138 8138 8138 8138 11138 11138 7752 
7752 7752 7752 2489 2489 577 577 5867 5867 
5867 9689 9689 9689 9689 9689 10111 10111 10111 
10111 5920 5920 5920 5920 358 358 381 381 
381 404 404 404 427 427 427 474 474 
474 474 497 497 0 0 520 520 0 
0 0 0 0 0 0 0 0 0 
14 14 14 37 37 37 108 108 108 
83 107 107 106 106 106 106 9356 9356 
9356 9356 129 129 152 152 198 198 198 
198 175 175 2166 2166 2166 2166 4067 4067 
4067 4067 4067 8138 8138 8138 8138 11138 11138 
11138 7752 7752 2489 2489 2489 2489 5867 5867 
5867 5867 5867 9689 9689 9689 9689 10111 10111 
10111 10111 5920 5920 5920 5920 5920 358 358 
405 381 381 428 428 404 427 451 451 
474 474 474 497 497 521 0 520 520 
0 0 0 0 0 0 0 0 0 
0 15 14 14 14 37 37 37 108 
108 108 107 107 107 107 106 106 103 
9356 9356 9356 129 129 152 152 151 151 
8821 198 175 175 2166 2166 2166 2166 4067 
4067 4067 4067 4067 8138 8138 8138 8138 11138 
11138 11138 11138 2489 2489 2489 2489 2489 5867 
5867 5867 5867 5867 5867 6203 6203 6203 336 
336 336 10111 5920 5920 5920 5920 5920 358 
358 405 405 405 428 428 428 428 451 
451 451 451 451 498 498 521 521 520 
520 0 0 0 0 0 0 0 0 
0 0 15 15 14 14 61 61 0 
37 108 10592 10592 10592 107 107 107 107 
103 103 9356 9356 129 129 11436 152 151 
151 151 8821 175 175 2166 2166 2166 2166 
4067 4067 4067 4067 4067 8138 8138 8138 8138 
11138 11138 11138 11138 2489 2489 2489 2489 2489 
5867 5867 5867 5867 5867 5867 6203 6203 6203 
6203 336 336 336 336 5920 5920 5920 7191 
7191 358 358 405 405 405 405 428 428 
428 475 451 451 451 498 498 521 521 
521 520 0 0 0 0 0 0 0 
0 0 0 15 15 0 14 61 61 
61 61 61 10592 10592 10592 10592 10592 10592 
10592 103 103 9356 9356 129 129 11436 152 
153 151 151 8821 175 11133 2166 2166 2166 
2166 2166 222 4067 4067 4067 8138 8138 8138 
8138 594 594 594 594 2489 2489 2489 2489 
571 571 7025 7025 7025 7025 7025 6203 6203 
6203 6203 6203 6203 336 336 7191 7191 7191 
7191 7191 358 358 382 382 405 405 429 
429 429 475 475 475 475 498 498 497 
521 521 521 0 0 0 0 0 0 
0 0 0 0 15 15 0 0 38 
38 61 61 61 10592 10592 10592 10592 10592 
10592 10592 103 103 11302 11302 129 129 11436 
11436 153 153 151 151 11133 11133 11133 2166 
2166 2166 2166 222 222 222 4067 0 0 
0 594 594 594 594 594 2489 2489 2489 
571 571 571 7025 7025 7025 7025 7025 9191 
6203 6203 6203 6203 6203 3839 7191 7191 7191 
7191 7191 7191 8489 382 382 382 382 382 
429 429 429 429 475 475 475 475 498 
497 497 521 521 0 0 0 0 0 
0 0 0 0 16 15 15 0 0 
38 38 38 84 84 84 84 10592 10592 
10592 10592 10592 103 103 11302 11436 11436 11436 
11436 11436 153 11133 11133 11133 11133 11133 11133 
2166 2166 5775 5775 5775 222 222 222 6627 
4802 6627 0 594 594 594 594 4773 2489 
2489 571 571 7025 7025 7025 7025 7025 9191 
9191 9191 6203 6203 3839 3839 3839 7191 7191 
7191 7191 7191 430 406 8489 406 382 382 
382 452 452 452 429 429 429 475 498 
498 0 497 522 522 0 0 0 0 
0 0 0 0 0 16 16 15 39 
39 0 38 38 38 84 84 84 84 
84 131 131 131 103 103 11302 11436 11436 
11436 11436 11436 153 153 11133 11133 11133 11133 
11133 11133 5775 5775 5775 5775 199 222 222 
292 292 4802 0 594 594 594 594 4773 
4773 11122 11122 11122 7025 7025 7025 7025 7025 
9191 9191 9191 9191 3839 3839 3839 3839 383 
383 359 359 359 430 430 406 406 406 
0 453 452 452 452 452 452 499 499 
498 498 0 0 522 522 0 0 0 
0 0 0 0 0 0 16 16 16 
39 39 39 39 39 38 38 85 85 
84 84 109 131 131 131 131 131 11436 
11436 130 154 154 153 153 152 152 176 
11133 11133 5775 5775 5775 5775 223 223 199 
292 292 292 292 292 594 594 594 594 
4773 4773 11122 11122 11122 11122 7025 7025 7025 
7025 9191 9191 9191 9191 3839 3839 3839 3839 
383 383 11103 359 359 359 430 430 406 
406 406 453 453 0 0 452 452 499 
499 499 499 0 0 522 522 0 0 
0 0 0 0 0 0 0 0 16 
16 16 0 39 39 39 62 38 85 
85 85 109 109 109 155 155 131 131 
131 130 130 154 154 154 153 152 152 
176 176 5775 5775 5775 5775 536 223 223 
223 199 199 199 292 292 594 594 594 
4773 4773 4773 11122 11122 11122 11122 11122 8949 
8949 8949 8949 9191 9191 9191 3839 3839 3839 
3839 383 383 11103 11103 359 359 359 430 
430 406 406 453 453 0 0 0 476 
476 499 499 499 499 0 522 522 0 
0 0 0 0 0 0 0 0 0 
40 40 16 16 0 0 62 62 62 
62 85 85 85 109 109 155 155 155 
155 155 130 592 592 592 154 154 154 
154 176 176 5775 5775 5775 536 536 9204 
223 223 223 199 199 199 269 594 594 
4773 4773 4773 4773 11122 11122 11122 11122 8949 
8949 8949 8949 8949 11245 9191 314 314 3839 
3839 3839 291 291 11103 11103 11103 359 407 
407 430 430 406 453 453 0 0 0 
476 476 476 476 0 0 0 522 522 
0 0 0 0 0 0 0 0 0 
0 40 40 40 40 0 0 0 62 
62 62 62 85 85 109 109 132 132 
155 155 155 130 592 592 592 592 592 
154 154 176 176 177 177 536 536 536 
536 200 200 223 223 247 199 269 269 
269 4773 4773 4773 564 564 564 268 268 
8949 8949 8949 8949 11245 11245 11245 314 314 
314 314 314 291 291 291 291 291 11103 
407 407 407 407 430 453 453 477 477 
0 500 500 476 476 476 0 0 522 
522 0 0 0 0 0 0 0 0 
0 0 17 17 40 40 40 0 0 
0 0 0 62 86 86 85 109 132 
132 132 132 132 130 592 592 592 592 
592 7493 7493 176 176 177 177 177 177 
9204 200 200 200 200 200 247 247 0 
269 269 269 269 564 564 564 564 268 
268 268 268 8949 8949 11245 11245 11245 315 
315 314 314 314 383 383 291 291 291 
431 431 431 407 407 407 453 453 477 
477 477 477 500 500 476 476 523 523 
523 523 0 0 0 0 0 0 0 
0 0 0 17 17 0 0 40 0 
0 0 0 0 0 86 86 86 86 
109 109 132 132 132 130 592 592 592 
592 592 7493 7493 7493 7493 7493 7493 177 
177 177 224 224 200 200 200 247 247 
0 0 245 269 269 246 293 293 293 
316 316 268 268 268 337 337 11245 11245 
362 315 315 315 315 383 383 360 360 
360 431 431 431 431 431 407 454 454 
454 477 477 477 477 500 500 500 500 
523 523 523 523 523 0 0 0 0 
0 0 0 0 17 17 17 0 0 
0 0 0 63 63 63 0 87 86 
86 86 133 133 156 156 592 592 592 
592 592 0 7493 7493 7493 7493 7493 7493 
7493 177 177 224 224 224 224 224 247 
247 0 0 245 245 246 246 246 293 
293 293 293 316 316 268 337 337 11245 
11245 11245 362 315 315 315 315 338 338 
360 360 360 360 408 431 431 384 454 
454 454 454 454 501 501 524 524 500 
500 500 0 0 523 523 0 0 0 
0 0 0 0 0 0 17 17 0 
0 0 0 64 64 63 63 0 87 
87 86 86 133 133 133 156 130 592 
0 0 0 0 7493 7493 0 178 178 
178 178 201 201 201 201 224 224 224 
247 247 0 0 245 245 245 246 246 
246 246 293 293 316 316 316 337 337 
11245 11245 11245 362 362 385 385 385 338 
338 338 338 360 360 408 408 384 384 
384 478 454 454 454 501 501 501 501 
501 524 524 0 0 0 0 0 0 
0 0 0 0 18 18 18 0 17 
41 41 0 0 64 64 63 63 63 
87 87 110 110 110 133 133 133 156 
156 156 156 0 0 0 0 0 11384 
178 178 178 178 201 201 201 201 248 
248 248 247 271 271 0 245 245 270 
270 246 246 317 317 317 316 316 337 
337 11245 11245 339 362 362 362 385 385 
385 338 338 338 338 360 408 408 408 
384 384 384 384 478 478 478 502 501 
501 501 524 524 524 524 0 0 0 
0 0 0 0 0 0 18 18 18 
18 41 41 41 41 0 64 64 63 
63 87 87 111 110 110 110 110 133 
133 0 10774 156 10774 0 0 0 0 
0 11384 202 202 202 178 178 201 201 
201 248 248 248 271 271 271 0 245 
245 270 270 294 294 317 317 317 317 
337 337 364 339 339 339 362 362 386 
386 385 385 385 385 361 361 361 408 
408 432 432 384 384 478 478 478 478 
478 525 525 525 0 524 524 0 0 
0 0 0 0 0 0 0 0 0 
18 18 18 41 41 41 41 64 64 
64 63 87 87 111 111 111 110 110 
110 133 0 0 10774 156 8984 0 0 
11384 179 179 179 202 202 202 202 202 
225 225 225 248 248 248 271 271 271 
271 245 0 270 270 294 294 294 317 
317 340 340 364 364 364 339 339 339 
363 363 386 386 386 386 386 361 361 
361 408 432 432 432 432 432 455 455 
478 478 502 525 525 525 0 0 0 
0 0 0 0 0 0 0 0 0 
0 0 42 42 42 0 41 65 65 
64 88 88 87 87 0 111 111 0 
0 110 0 0 0 0 10774 0 8984 
11384 8984 179 179 179 179 179 202 202 
202 225 225 225 225 225 272 272 248 
271 271 0 0 0 270 270 294 294 
294 317 340 340 340 364 364 364 339 
339 363 363 363 363 386 386 386 409 
361 361 361 456 456 432 432 432 455 
455 455 502 502 502 525 525 525 0 
0 0 0 0 0 0 0 0 0 
0 0 19 0 42 42 42 0 65 
65 65 88 88 88 88 88 111 111 
111 0 0 134 134 0 0 0 0 
0 8984 0 180 0 179 179 203 179 
226 226 226 249 249 225 225 272 272 
272 272 272 0 0 295 0 270 270 
318 294 294 340 340 341 341 364 364 
364 339 387 363 363 363 363 410 386 
409 409 361 361 456 456 456 456 479 
479 455 455 455 502 502 0 525 525 
0 0 0 0 0 0 0 0 0 
0 0 19 19 19 19 42 42 42 
0 65 65 65 0 88 88 88 88 
111 111 0 0 134 134 134 0 0 
157 157 157 180 180 180 180 203 203 
203 226 226 226 226 226 249 249 249 
272 272 272 272 0 0 295 295 295 
295 318 318 318 340 340 341 341 341 
341 341 387 387 387 387 387 410 410 
410 0 409 409 409 433 433 456 456 
456 479 479 479 455 455 502 502 0 
0 0 0 0 0 0 0 0 0 
0 0 0 0 19 19 19 19 42 
42 0 0 65 65 65 0 0 0 
0 0 0 0 0 0 134 134 134 
158 158 157 157 157 157 180 180 180 
203 203 203 227 227 226 226 226 249 
249 249 249 0 0 0 0 0 295 
295 295 295 318 318 318 318 388 388 
341 341 341 341 0 387 387 387 411 
410 410 410 0 409 409 433 433 433 
456 456 503 479 479 479 455 502 502 
0 0 0 0 0 0 0 0 0 
0 0 20 20 20 0 43 19 19 
66 66 66 0 89 89 89 0 0 
0 0 0 0 0 0 0 0 134 
134 158 158 0 0 157 157 157 180 
180 180 203 203 227 227 0 0 273 
273 273 249 249 0 0 0 0 0 
319 319 0 295 342 342 318 318 318 
365 388 388 388 388 0 0 0 387 
411 411 410 410 410 0 409 409 433 
433 433 433 503 503 479 479 526 526 
526 0 0 0 0 0 0 0 0 
0 0 0 20 20 20 20 20 43 
43 43 66 66 66 66 89 89 89 
89 89 112 112 0 0 0 135 135 
0 134 158 158 0 0 181 181 157 
204 204 204 180 203 227 227 0 0 
250 273 273 273 273 0 0 0 296 
296 319 319 319 319 342 342 342 342 
342 365 365 388 388 388 388 0 0 
0 411 411 0 410 434 434 0 409 
457 457 433 433 480 480 503 479 526 
526 526 526 526 0 0 0 0 0 
0 0 0 0 0 0 0 20 20 
20 43 43 43 43 66 66 66 0 
89 89 89 112 112 112 112 0 135 
135 135 0 158 158 0 0 181 181 
181 204 204 204 204 204 227 227 0 
0 250 250 250 250 273 273 0 0 
296 296 296 296 319 319 319 319 342 
342 342 342 365 365 365 389 388 0 
0 0 411 411 0 0 0 434 434 
434 457 457 457 480 480 480 480 480 
480 503 503 526 526 0 0 0 0 
0 0 0 0 0 0 0 0 0 
0 0 0 0 43 43 43 66 0 
0 0 0 0 0 0 112 112 112 
136 135 135 135 158 158 0 0 0 
181 181 181 181 204 204 204 227 227 
0 0 274 250 250 250 250 273 273 
0 0 296 296 296 320 320 319 343 
0 0 0 0 0 365 365 365 389 
0 0 0 411 411 0 0 0 0 
434 434 434 457 457 457 0 504 480 
480 480 503 503 503 503 0 0 0 
0 0 0 0 0 0 0 0 0 
0 0 44 0 0 67 67 43 0 
0 0 0 0 0 0 0 0 112 
112 136 159 159 135 135 158 0 182 
182 0 0 181 181 181 0 0 228 
227 251 274 274 274 274 250 250 297 
297 297 0 0 0 296 320 320 343 
343 343 0 0 0 0 0 365 365 
389 389 0 0 412 412 435 435 0 
0 458 434 434 434 457 457 457 0 
504 504 504 527 527 527 527 0 0 
0 0 0 0 0 0 0 0 0 
0 21 44 44 44 44 67 67 67 
67 90 90 90 90 0 0 113 113 
0 0 136 136 159 159 159 159 0 
182 182 182 0 0 205 205 0 0 
228 228 251 251 251 274 274 274 274 
297 297 297 297 297 0 0 320 320 
0 343 343 343 0 0 0 0 0 
0 389 389 389 0 412 412 435 435 
435 435 435 458 458 458 0 457 481 
481 0 504 504 504 527 527 527 527 
0 0 0 0 0 0 0 0 0 
0 0 21 21 21 44 44 44 44 
67 67 67 67 90 90 90 90 113 
113 0 0 136 136 136 0 159 159 
159 159 182 182 0 0 205 205 205 
0 228 228 252 251 251 251 251 274 
274 274 298 298 297 297 0 0 320 
320 0 0 343 343 343 0 0 0 
0 0 0 389 389 0 412 412 0 
0 435 435 435 435 458 458 458 458 
481 481 481 0 504 504 504 0 527 
527 0 0 0 0 0 0 0 0 
0 0 0 45 21 21 21 21 44 
44 91 91 91 67 67 114 90 90 
90 113 113 137 0 136 136 0 0 
0 159 159 182 182 182 0 0 205 
205 205 228 228 252 252 0 251 251 
251 275 275 298 298 298 0 0 0 
320 320 0 0 0 343 0 0 0 
0 366 366 366 389 389 413 412 412 
0 0 0 0 0 0 459 459 458 
458 458 481 481 481 505 505 504 0 
0 0 0 0 0 0 0 0 0 
0 0 0 45 45 45 45 21 21 
68 68 68 91 91 91 91 91 114 
114 114 113 113 113 137 136 136 160 
0 0 0 183 183 182 206 206 0 
0 205 205 228 228 252 252 252 0 
0 0 275 275 0 298 298 0 0 
0 320 344 344 0 0 0 0 0 
0 390 366 366 366 366 413 413 412 
412 436 436 0 0 0 0 459 459 
482 482 482 506 481 481 505 505 0 
0 0 0 0 0 0 0 0 0 
0 0 0 22 22 22 45 45 45 
45 68 68 68 68 68 91 91 91 
0 114 114 114 113 113 137 137 160 
160 160 160 0 183 183 183 206 206 
206 206 229 205 228 228 229 252 252 
252 0 0 275 275 0 0 298 298 
321 321 321 344 344 344 344 344 0 
0 367 367 390 390 366 366 366 413 
413 413 436 436 436 436 0 0 459 
459 0 482 482 506 506 481 505 505 
0 0 528 528 0 0 0 0 0 
0 0 0 0 22 22 22 46 46 
45 45 69 69 0 68 68 68 0 
0 0 0 114 114 114 0 137 137 
137 0 160 160 160 160 183 183 183 
0 206 206 206 253 229 229 229 229 
252 252 0 0 275 275 0 0 298 
298 321 321 321 321 321 344 344 344 
0 0 367 367 367 390 390 390 390 
366 413 413 413 460 436 436 436 436 
459 459 0 482 482 506 506 506 505 
505 0 0 528 528 0 0 0 0 
0 0 0 23 23 0 0 0 46 
46 46 22 69 69 69 0 0 0 
0 0 0 0 0 114 0 0 0 
137 137 137 0 0 160 160 184 183 
183 183 0 206 206 253 253 253 229 
229 229 0 0 0 275 275 299 299 
0 298 322 322 345 321 321 321 0 
0 0 0 0 367 367 367 414 390 
390 390 437 413 413 460 460 460 460 
436 459 459 483 0 482 482 506 506 
505 505 0 0 0 528 528 0 0 
0 0 0 0 23 23 23 23 0 
0 46 46 22 22 69 69 0 0 
0 0 0 115 115 0 0 0 0 
0 0 137 161 0 0 0 0 184 
184 183 207 207 207 230 230 253 253 
253 229 229 0 0 0 275 275 299 
299 299 299 322 322 322 345 345 345 
0 0 0 0 0 0 367 367 391 
414 414 414 437 437 437 437 460 460 
460 460 460 459 483 483 483 482 482 
506 506 529 529 529 0 528 528 528 
0 0 0 0 0 0 0 23 23 
23 0 0 46 46 22 22 69 69 
0 0 92 92 115 115 115 115 138 
138 138 0 161 161 161 161 0 0 
184 184 0 0 207 207 207 230 230 
230 253 253 253 0 0 0 276 276 
276 299 299 299 299 322 322 345 345 
345 345 345 0 368 368 368 0 391 
391 391 414 414 414 414 437 437 437 
437 0 460 0 0 0 483 483 483 
482 506 506 529 529 529 529 529 528 
528 0 0 0 0 0 0 0 0 
23 23 0 0 46 46 0 0 69 
69 0 0 92 92 92 0 115 115 
115 138 138 138 138 138 161 161 161 
161 184 184 0 0 0 207 207 207 
230 230 230 230 253 0 0 0 276 
276 276 276 276 299 0 0 322 322 
0 0 345 345 0 368 368 368 368 
368 391 391 391 0 414 414 414 0 
437 437 0 0 0 0 0 0 483 
483 483 0 0 0 0 0 529 529 
529 0 0 0 0 0 0 0 0 
0 0 0 0 0 0 0 0 0 
0 0 0 0 0 92 92 92 0 
115 115 0 0 138 138 138 0 0 
161 161 184 184 0 0 0 0 0 
207 207 0 230 230 0 0 0 0 
0 0 276 276 276 0 0 0 322 
322 0 0 0 0 0 0 0 0 
368 368 368 391 391 391 0 0 0 
0 0 0 0 0 0 0 0 0 
0 483 0 0 0 0 0 0 0 
0 0 0 0 0 0 0 0 0 
0 0 0 0 0 0 0 0 0 
0 0 0 0 0 0 0 92 92 
0 0 0 0 0 0 0 0 0 
0 0 0 184 184 0 0 0 0 
0 0 0 0 0 0 0 0 0 
0 0 0 0 0 0 0 0 0 
0 0 0 0 0 0 0 0 0 
0 0 0 0 0 391 0 0 0 
0 0 0 0 0 0 0 0 0 
0 0 0 0 0 0 0 0 0 
0 0 0 0 0 0 0 0 0 
0 0 0 0 0 0 0 0 0 
0 0 0 0 0 0 0 0 0 
0 0 0 0 0 0 0 0 0 
0 0 0 0 0 0 0 0 0 
0 0 0 0 0 0 0 0 0 
0 0 0 0 0 0 0 0 0 
0 0 0 0 0 0 0 0 0 
0 0 0 0 0 0 0 0 0 
0 0 0 0 0 0 0 0 0 
0 0 0 0 0 0 0 0 0 
0 0 0 0 0 0 0 0 0 
0 0 0 0 0 0 0 0 0 
0 0 0 0 0 0 0 0 0 
0 0 0 0 0 0 0 0 0 
0 0 0 0 0 0 0 0 0 
0 0 0 0 0 0 0 0 0 
0 0 0 0 0 0 0 0 0 
0 0 0 0 0 0 0 0 0 
0 0 0 0 0 0 0 0 0 
0 0 0 0 0 0 0 0 0 
0 0 0 0 0 0 0 0 0 
0 0 0 0 0 0 0 0 0 
0 0 0 0 0 0 0 0 0 
0 0 0 0 0 0 0 0 0 
0 0 0 0 0 0 0 0 0 
0 0 0 0 0 0 0 0 0 
0 0 0 0 0 0 0 0 0 
0 0 0 0 0 0 0 0 0 
0 0 0 0 0 0 0 0 0 
0 0 0 0 0 0 0 0 0 
0 0 0 0 0 0 0 0 0 
0 0 0 0 0 0 0 0 0 
0 0 0 0 0 0 0 0 0 
0 
DRUG 1 10000 double
2.3420050144 2.3401505947 2.3376967907 2.3346500397 2.3310194016 2.3268163204 2.3220534325 2.3167471886 2.3109152317 
2.3045783043 2.2977585793 2.2904818058 2.2827744484 2.2746665478 2.2661888599 2.2573745251 2.2482590675 2.2388784885 
2.2292704582 2.2194740772 2.2095293999 2.1994767189 2.1893577576 2.1792137623 2.1690869331 2.1590192318 2.1490519047 
2.139226675 2.1295838356 2.1201629639 2.1110029221 2.1021409035 2.0936129093 2.0854525566 2.0776929855 2.0703639984 
2.0634942055 2.0571095943 2.0512344837 2.0458915234 2.041100502 2.0368804932 2.0332484245 2.0302202702 2.0278098583 
2.0260298252 2.0248916149 2.0244047642 2.024576664 2.0254123211 2.0269145966 2.0290825367 2.0319108963 2.0353910923 
2.039509058 2.0442457199 2.0495772362 2.0554745197 2.0619053841 2.0688331127 2.0762188435 2.0840227604 2.0922040939 
2.1007220745 2.1095378399 2.118612051 2.1279075146 2.1373875141 2.14701581 2.1567571163 2.1665761471 2.1764376163 
2.1863064766 2.1961483955 2.2059278488 2.2156105042 2.2251625061 2.2345497608 2.2437391281 2.2526977062 2.2613940239 
2.2697973251 2.2778768539 2.2856047153 2.2929530144 2.2998948097 2.3064050674 2.3124608994 2.3180394173 2.323120594 
2.3276851177 2.3317155838 2.3351962566 2.3381140232 2.3404564857 2.3422133923 2.3433773518 2.3439412117 2.3439016342 
2.3432564735 2.3411507607 2.3392839432 2.336815834 2.333753109 2.330104351 2.3258807659 2.321095705 2.3157651424 
2.309907198 2.303542614 2.2966938019 2.2893862724 2.2816476822 2.2735068798 2.2649960518 2.2561488152 2.2469992638 
2.2375853062 2.2279436588 2.2181134224 2.2081348896 2.1980478764 2.1878933907 2.1777129173 2.1675479412 2.1574397087 
2.1474294662 2.1375575066 2.1278650761 2.1183905602 2.1091732979 2.1002502441 2.0916569233 2.083427906 2.0755953789 
2.0681900978 2.0612406731 2.0547733307 2.0488126278 2.0433809757 2.0384993553 2.0341866016 2.0304603577 2.0273375511 
2.0248329639 2.0229613781 2.0217349529 2.021166563 2.0212652683 2.0220394135 2.0234940052 2.0256302357 2.0284459591 
2.0319333076 2.0360796452 2.0408658981 2.0462660789 2.0522503853 2.0587825775 2.0658223629 2.0733275414 2.0812542439 
2.0895581245 2.0981967449 2.1071283817 2.1163136959 2.1257150173 2.1352951527 2.145018816 2.1548507214 2.1647562981 
2.174700737 2.1846487522 2.1945660114 2.2044174671 2.214168787 2.2237856388 2.2332341671 2.2424809933 2.251493454 
2.2602398396 2.2686889172 2.2768111229 2.2845773697 2.2919602394 2.2989330292 2.3054711819 2.3115506172 2.317150116 
2.3222486973 2.3268277645 2.3308696747 2.3343594074 2.3372831345 2.3396291733 2.3413872719 2.3425498009 2.3431105614 
2.3430652618 2.3424119949 2.3396573067 2.3377716541 2.3352818489 2.3321931362 2.3285152912 2.3242592812 2.3194384575 
2.3140685558 2.3081679344 2.3017573357 2.2948594093 2.2875003815 2.2797074318 2.2715103626 2.2629418373 2.254034996 
2.2448256016 2.2353506088 2.2256476879 2.2157561779 2.2057156563 2.1955659389 2.1853487492 2.1751041412 2.1648736 
2.1546978951 2.1446185112 2.1346752644 2.1249084473 2.1153576374 2.1060609818 2.0970556736 2.0883777142 2.080062151 
2.0721409321 2.0646448135 2.057602644 2.0510411263 2.0449848175 2.0394558907 2.0344753265 2.0300624371 2.026235342 
2.0230112076 2.0204060078 2.0184361935 2.0171163082 2.0164606571 2.0164823532 2.0171923637 2.0185990334 2.0207073689 
2.0235176086 2.0270245075 2.031216383 2.0360736847 2.041570425 2.0476727486 2.0543410778 2.0615301132 2.0691921711 
2.0772781372 2.085739851 2.0945317745 2.1036105156 2.1129353046 2.1224687099 2.1321742535 2.1420173645 2.1519632339 
2.1619780064 2.1720271111 2.1820764542 2.1920907497 2.2020356655 2.2118763924 2.2215781212 2.2311074734 2.2404305935 
2.2495148182 2.2583284378 2.2668397427 2.2750191689 2.2828383446 2.2902691364 2.29728508 2.3038620949 2.3099756241 
2.3156046867 2.3207287788 2.3253288269 2.3293881416 2.3328912258 2.3358242512 2.338176012 2.339936018 2.3410971165 
2.3416526318 2.3415989876 2.3409337997 2.3375277519 2.3356170654 2.3330967426 2.3299734592 2.3262560368 2.321955204 
2.3170843124 2.3116595745 2.3056993484 2.2992241383 2.292257309 2.2848248482 2.2769546509 2.2686774731 2.2600257397 
2.2510335445 2.2417371273 2.2321739197 2.2223820686 2.2124011517 2.2022707462 2.1920309067 2.1817228794 2.1713867188 
2.1610639095 2.1507947445 2.1406197548 2.1305799484 2.1207146645 2.1110634804 2.1016647816 2.0925564766 2.0837748051 
2.0753538609 2.0673274994 2.0597257614 2.0525782108 2.0459110737 2.0397484303 2.0341134071 2.0290255547 2.0245051384 
2.0205693245 2.0172359943 2.0145220757 2.0124452114 2.0110228062 2.0102717876 2.0102086067 2.0108480453 2.0122036934 
2.0142841339 2.0170936584 2.0206305981 2.0248842239 2.0298364162 2.0354588032 2.0417149067 2.0485584736 2.0559387207 
2.0638000965 2.0720865726 2.0807447433 2.0897247791 2.0989818573 2.1084749699 2.1181669235 2.1280224323 2.1380085945 
2.1480917931 2.1582386494 2.168415308 2.1785879135 2.1887214184 2.1987812519 2.2087323666 2.2185399532 2.2281701565 
2.2375891209 2.2467637062 2.2556614876 2.264251709 2.2725045681 2.2803907394 2.2878828049 2.2949545383 2.3015811443 
2.3077390194 2.3134071827 2.3185641766 2.3231921196 2.3272743225 2.3307948112 2.3337404728 2.3360998631 2.3378629684 
2.3390221596 2.3395709991 2.3395061493 2.3388249874 2.3347673416 2.3328244686 2.3302659988 2.3270983696 2.3233304024 
2.3189723492 2.3140377998 2.3085427284 2.3025057316 2.2959470749 2.2888908386 2.2813630104 2.2733919621 2.2650096416 
2.2562487125 2.2471444607 2.2377333641 2.228054285 2.2181453705 2.2080466747 2.1977982521 2.1874406338 2.1770141125 
2.1665594578 2.1561169624 2.1457276344 2.1354317665 2.1252698898 2.1152815819 2.1055061817 2.0959832668 2.0867502689 
2.0778441429 2.0692999363 2.0611512661 2.0534293652 2.0461628437 2.039378643 2.0331003666 2.0273499489 2.0221471786 
2.0175106525 2.0134577751 2.0100064278 2.007174015 2.004979372 2.0034422874 2.0025830269 2.0024223328 2.0029811859 
2.0042772293 2.0063254833 2.0091354847 2.0127100945 2.0170419216 2.0221133232 2.0278944969 2.0343441963 2.0414094925 
2.0490295887 2.0571393967 2.0656728745 2.0745699406 2.0837752819 2.0932426453 2.1029324532 2.112808466 2.1228382587 
2.1329903603 2.1432335377 2.1535348892 2.1638622284 2.1741807461 2.1844563484 2.194653511 2.2047371864 2.2146720886 
2.2244238853 2.2339582443 2.2432420254 2.2522425652 2.2609288692 2.2692706585 2.2772388458 2.2848062515 2.2919461727 
2.2986338139 2.3048462868 2.3105618954 2.3157603741 2.3204231262 2.3245332241 2.3280756474 2.3310370445 2.3334062099 
2.3351728916 2.3363296986 2.3368706703 2.3367915154 2.3360903263 2.3313820362 2.3294005394 2.3267960548 2.323574543 
2.3197448254 2.3153173923 2.3103051186 2.3047242165 2.298592329 2.2919313908 2.2847645283 2.277118206 2.2690227032 
2.2605087757 2.251611948 2.2423677444 2.2328138351 2.222990036 2.2129354477 2.2026906013 2.1922960281 2.1817922592 
2.1712195873 2.1606190205 2.1500306129 2.1394948959 2.1290519238 2.1187419891 2.1086056232 2.0986821651 2.0890109539 
2.0796308517 2.0705800056 2.0618934631 2.0536055565 2.0457479954 2.0383498669 2.0314376354 2.0250341892 2.0191607475 
2.0138356686 2.0090754032 2.0048975945 2.0013179779 1.9983553886 1.9960292578 1.9943618774 1.9933773279 1.9931018353 
1.9935621023 1.9947838783 1.996789813 1.9995969534 2.0032138824 2.007638216 2.0128545761 2.0188314915 2.0255219936 
2.0328640938 2.0407834053 2.0491998196 2.0580346584 2.0672163963 2.0766866207 2.0863966942 2.0963096619 2.1063935757 
2.1166200638 2.1269600391 2.1373853683 2.1478643417 2.1583647728 2.1688530445 2.1792936325 2.1896517277 2.199890852 
2.209975481 2.2198705673 2.2295415401 2.2389543056 2.2480762005 2.2568759918 2.2653231621 2.2733886242 2.2810451984 
2.2882659435 2.2950265408 2.3013038635 2.3070762157 2.3123238087 2.3170278072 2.3211717606 2.3247404099 2.3277206421 
2.33010149 2.3318729401 2.333026886 2.3335578442 2.3334615231 2.3327362537 2.3273804188 2.3253536224 2.3226947784 
2.3194100857 2.3155081272 2.3109984398 2.3058943748 2.3002114296 2.2939674854 2.2871835232 2.2798841 2.2720963955 
2.2638499737 2.2551782131 2.246117115 2.2367036343 2.2269773483 2.2169790268 2.2067494392 2.1963293552 2.1857597828 
2.1750817299 2.1643357277 2.1535618305 2.1428005695 2.1320915222 2.1214754581 2.1109917164 2.1006813049 2.0905845165 
2.0807414055 2.0711913109 2.0619733334 2.0531246662 2.0446794033 2.0366714001 2.0291287899 2.0220785141 2.0155422688 
2.0095393658 2.0040855408 1.9991964102 1.9948856831 1.9911682606 1.9880621433 1.9855878353 1.9837697744 1.9826368093 
1.9822214842 1.9825587273 1.9836835861 1.9856292009 1.988422513 1.9920815229 1.9966106415 2.0019981861 2.0082125664 
2.0152008533 2.0228874683 2.0311794281 2.0399744511 2.0491740704 2.058693409 2.0684673786 2.0784506798 2.0886111259 
2.0989234447 2.1093657017 2.1199142933 2.1305427551 2.1412220001 2.1519196033 2.1626017094 2.1732327938 2.1837759018 
2.1941947937 2.2044529915 2.2145140171 2.224342823 2.2339053154 2.2431681156 2.252099514 2.260668993 2.2688477039 
2.2766075134 2.2839224339 2.2907676697 2.2971203327 2.3029589653 2.3082635403 2.3130156994 2.3171985149 2.3207979202 
2.3238005638 2.3261950016 2.32797122 2.3291220665 2.3296413422 2.3295252323 2.3287715912 2.3227725029 2.3206932545 
2.3179724216 2.3146154881 2.3106296062 2.3060255051 2.3008153439 2.295014143 2.2886397839 2.2817132473 2.2742586136 
2.2663037777 2.257879734 2.2490215302 2.2397656441 2.2301528454 2.2202231884 2.2100193501 2.1995835304 2.188958168 
2.1781845093 2.167304039 2.1563563347 2.1453819275 2.1344211102 2.1235122681 2.1126961708 2.1020123959 2.0915017128 
2.081205368 2.071164608 2.0614202023 2.052012682 2.0429804325 2.0343599319 2.0261852741 2.0184867382 2.0112893581 
2.0046141148 1.998478055 1.9928935766 1.9878715277 1.9834220409 1.9795575142 1.9762934446 1.9736509323 1.9716571569 
1.9703456163 1.9697566032 1.9699355364 1.9709298611 1.9727865458 1.9755460024 1.9792387486 1.9838802814 1.9894658327 
1.9959657192 2.0033204556 2.0114381313 2.0201976299 2.0294632912 2.0391049385 2.0490190983 2.0591361523 2.0694172382 
2.0798420906 2.0903978348 2.1010723114 2.1118471622 2.1227002144 2.1336026192 2.1445224285 2.155424118 2.1662714481 
2.1770262718 2.1876506805 2.1981070042 2.208357811 2.2183675766 2.2281014919 2.2375254631 2.246607542 2.2553169727 
2.2636246681 2.2715027332 2.2789251804 2.2858674526 2.2923061848 2.298220396 2.3035898209 2.3083968163 2.3126249313 
2.3162593842 2.3192868233 2.3216965199 2.3234784603 2.3246254921 2.3251311779 2.3249921799 2.3242058754 2.3175702095 
2.3154320717 2.3126409054 2.309201479 2.3051216602 2.3004107475 2.2950801849 2.289144516 2.2826213837 2.2755305767 
2.2678971291 2.2597491741 2.2511188984 2.2420427799 2.232560873 2.2227144241 2.2125484943 2.202105999 2.191432476 
2.1805708408 2.1695632935 2.1584513187 2.1472747326 2.1360731125 2.1248850822 2.1137499809 2.1027066708 2.0917956829 
2.0810575485 2.0705347061 2.0602688789 2.0503034592 2.0406813622 2.031443119 2.0226278305 2.0142712593 2.0064048767 
1.9990537167 1.9922372103 1.9859684706 1.9802547693 1.9751006365 1.9705103636 1.9664905071 1.9630538225 1.9602203369 
1.9580196142 1.9564906359 1.9556828737 1.9556548595 1.9564706087 1.9581950903 1.9608873129 1.9645950794 1.9693487883 
1.9751565456 1.9819953442 1.9898018837 1.9984638691 2.0078196526 2.0176775455 2.0278587341 2.0382299423 2.0487225056 
2.0593149662 2.0700104237 2.0808162689 2.0917329788 2.1027500629 2.113847971 2.1249976158 2.1361660957 2.147315979 
2.1584084034 2.1694030762 2.1802606583 2.1909418106 2.2014083862 2.2116231918 2.221550703 2.2311573029 2.2404096127 
2.2492773533 2.2577307224 2.2657423019 2.2732858658 2.2803370953 2.2868731022 2.2928719521 2.2983150482 2.3031840324 
2.3074624538 2.3111360073 2.3141915798 2.3166184425 2.3184068203 2.3195490837 2.3200395107 2.3198745251 2.3190515041 
2.3117864132 2.3095827103 2.3067131042 2.3031826019 2.298997879 2.294167757 2.2887029648 2.2826168537 2.2759258747 
2.2686498165 2.260812521 2.2524430752 2.2435753345 2.2342481613 2.224503994 2.2143890858 2.2039499283 2.1932344437 
2.1822891235 2.171159029 2.1598873138 2.148514986 2.1370818615 2.1256258488 2.114184618 2.1027963161 2.0914990902 
2.0803325176 2.0693385601 2.0585594177 2.0480396748 2.0378248692 2.0279603004 2.0184907913 2.0094592571 2.0009043217 
1.9928594828 1.9853504896 1.9783943892 1.9719994068 1.9661656618 1.9608877897 1.9561598301 1.9519803524 1.9483562708 
1.9453061819 1.9428608418 1.9410651922 1.9399790764 1.9396779537 1.9402480125 1.9417780638 1.9443515539 1.9480391741 
1.9528924227 1.9589390755 1.9661723375 1.9745352268 1.9838961363 1.9940319061 2.0046546459 2.015499115 2.0263900757 
2.0372722149 2.0481672287 2.0591211319 2.0701711178 2.0813343525 2.0926077366 2.1039717197 2.1153960228 2.126843214 
2.1382722855 2.1496412754 2.1609070301 2.1720275879 2.1829624176 2.1936717033 2.2041172981 2.2142629623 2.2240736485 
2.23351717 2.2425620556 2.2511787415 2.2593393326 2.2670180798 2.2741909027 2.2808349133 2.2869288921 2.292453289 
2.2973909378 2.301725626 2.3054428101 2.308529377 2.3109750748 2.3127698898 2.313906908 2.3143801689 2.3141856194 
2.313321352 2.3054366112 2.3031599522 2.300204277 2.2965734005 2.292273283 2.2873122692 2.2816998959 2.275447607 
2.2685704231 2.2610867023 2.2530198097 2.2443988323 2.2352595329 2.2256436348 2.2155983448 2.2051742077 2.1944229603 
2.183396101 2.1721432209 2.1607117653 2.1491448879 2.1374840736 2.125767231 2.114030838 2.1023106575 2.0906426907 
2.0790638924 2.0676133633 2.0563328266 2.0452663898 2.0344600677 2.0239629745 2.0138249397 2.0040957928 1.9948233366 
1.9860517979 1.9778181314 1.9701498747 1.9630624056 1.9565571547 1.9506232738 1.9452406168 1.9403874874 1.9360493422 
1.9322248697 1.928929925 1.9261959791 1.9240721464 1.9226299524 1.9219667912 1.9221981764 1.9234465361 1.9258263111 
1.9294366837 1.9343557358 1.9406402111 1.9483171701 1.9573615789 1.9676396847 1.9788401127 1.9904863834 2.0021600723 
2.0136144161 2.0248541832 2.0359995365 2.0471704006 2.0584435463 2.0698525906 2.0813970566 2.0930528641 2.1047828197 
2.116543293 2.128287077 2.1399679184 2.1515390873 2.1629559994 2.1741757393 2.1851570606 2.1958603859 2.2062489986 
2.2162878513 2.2259438038 2.2351849079 2.2439825535 2.2523086071 2.2601370811 2.2674446106 2.274207592 2.2804062366 
2.2860207558 2.2910342216 2.2954304218 2.2991950512 2.3023159504 2.3047819138 2.306583643 2.3077142239 2.3081681728 
2.3079407215 2.3070304394 2.2985367775 2.2961809635 2.2931306362 2.289390564 2.2849652767 2.2798621655 2.2740888596 
2.267655611 2.2605745792 2.2528617382 2.2445383072 2.2356333733 2.2261843681 2.216237545 2.2058465481 2.1950678825 
2.1839601994 2.1725800037 2.1609818935 2.1492142677 2.1373217106 2.1253442764 2.1133179665 2.1012766361 2.0892524719 
2.0772790909 2.0653913021 2.053627491 2.0420284271 2.0306398869 2.019510746 2.0086944103 1.9982464314 1.9882231951 
1.9786804914 1.9696704149 1.9612370729 1.9534115791 1.9462085962 1.9396219254 1.9336241484 1.9281728268 1.9232211113 
1.918733716 1.9146986008 1.911129117 1.9080570936 1.9055312872 1.9036318064 1.9024860859 1.9022523165 1.9030982256 
1.9051799774 1.9086279869 1.9135489464 1.9200353622 1.9281772375 1.9380402565 1.9495583773 1.9622823 1.9753715992 
1.9881039858 2.0001177788 2.0115692616 2.0228292942 2.0341320038 2.045592308 2.0572462082 2.0690824986 2.081063509 
2.0931391716 2.1052544117 2.1173548698 2.1293878555 2.1413025856 2.1530516148 2.1645894051 2.1758737564 2.1868638992 
2.1975226402 2.2078137398 2.2177040577 2.2271623611 2.2361593246 2.2446670532 2.2526600361 2.2601146698 2.2670087814 
2.273321867 2.2790353298 2.2841310501 2.2885944843 2.2924110889 2.2955684662 2.2980566025 2.2998654842 2.3009889126 
2.3014204502 2.3011569977 2.300195694 2.291105032 2.2886621952 2.2855100632 2.2816514969 2.27709198 2.2718367577 
2.2658917904 2.2592642307 2.2519631386 2.2440001965 2.2353928089 2.2261683941 2.2163670063 2.206040144 2.1952505112 
2.1840648651 2.1725506783 2.1607718468 2.1487867832 2.1366477013 2.1243989468 2.1120786667 2.099719286 2.0873506069 
2.0750000477 2.0626971722 2.0504734516 2.0383651257 2.0264134407 2.01466465 2.0031714439 1.9919925928 1.9811902046 
1.9708305597 1.9609804153 1.9517036676 1.9430562258 1.9350779057 1.9277851582 1.9211629629 1.9151620865 1.909704566 
1.9047026634 1.9000867605 1.8958328962 1.891958952 1.8884999752 1.885488987 1.8830001354 1.8812074661 1.880333662 
1.8806151152 1.8822606802 1.8854322433 1.890253067 1.8968480825 1.9054014683 1.9161864519 1.9293109179 1.9443595409 
1.9595307112 1.9737488031 1.9861890078 1.997549057 2.0086398125 2.0199351311 2.0315401554 2.0434498787 2.0556154251 
2.0679702759 2.0804431438 2.0929646492 2.1054704189 2.1179010868 2.1302018166 2.1423220634 2.1542143822 2.1658351421 
2.1771426201 2.1880991459 2.1986680031 2.2088165283 2.2185125351 2.2277271748 2.236433506 2.2446064949 2.2522218227 
2.2592585087 2.2656958103 2.2715158463 2.2767016888 2.2812373638 2.2851102352 2.2883074284 2.2908184528 2.2926347256 
2.293749094 2.2941560745 2.2938520908 2.2928352356 2.2831604481 2.2806236744 2.2773609161 2.2733755112 2.2686724663 
2.263256073 2.2571296692 2.2502980232 2.2427637577 2.2345325947 2.2256147861 2.2160334587 2.2058286667 2.1950628757 
2.1838123798 2.1721580029 2.1601793766 2.1479494572 2.1355335712 2.1229867935 2.1103525162 2.0976660252 2.0849542618 
2.0722396374 2.0595433712 2.0468885899 2.0343029499 2.0218191147 2.0094776154 1.9973264933 1.985421896 1.9738280773 
1.9626171589 1.9518671036 1.9416596889 1.9320770502 1.9231932163 1.9150654078 1.9077183008 1.9011304379 1.8952236176 
1.8898653984 1.8848962784 1.8801853657 1.875700593 1.8714917898 1.8676149845 1.8640441895 1.8607863188 1.858114481 
1.8563547134 1.8558529615 1.8568924665 1.8596543074 1.8642441034 1.8707766533 1.8795236349 1.890956521 1.9058429003 
1.9249384403 1.9431387186 1.9597758055 1.972009182 1.982714057 1.993314743 2.0044288635 2.016159296 2.0283713341 
2.0409348011 2.0537352562 2.0666735172 2.0796635151 2.09263134 2.1055109501 2.1182441711 2.1307783127 2.1430640221 
2.1550562382 2.1667134762 2.1779966354 2.1888699532 2.1992998123 2.2092554569 2.2187075615 2.2276296616 2.2359972 
2.2437870502 2.2509777546 2.2575497627 2.2634849548 2.2687673569 2.2733812332 2.2773139477 2.2805531025 2.2830889225 
2.284911871 2.2860159874 2.2863953114 2.2860469818 2.2849686146 2.2747237682 2.2720844746 2.268702507 2.2645814419 
2.2597265244 2.2541406155 2.2478268147 2.2407844067 2.2330102921 2.2244987488 2.2152473927 2.2052676678 2.1945996284 
2.1833205223 2.1715316772 2.1593341827 2.146822691 2.1340837479 2.1211893559 2.1081981659 2.0951528549 2.0820817947 
2.069003582 2.0559306145 2.0428743362 2.0298492908 2.016876936 2.0039858818 1.9912151098 1.9786138535 1.9662423134 
1.9541716576 1.9424843788 1.931273818 1.9206414223 1.9106940031 1.901535511 1.8932522535 1.8858927488 1.8794391155 
1.8737803698 1.8687019348 1.8639149666 1.8591541052 1.8543982506 1.8498095274 1.8455519676 1.841391921 1.8371137381 
1.8332196474 1.8302081823 1.8286223412 1.8288606405 1.8310967684 1.8353453875 1.8415899277 1.8499116898 1.86076653 
1.8765796423 1.8925600052 1.9168348312 1.942291379 1.9577419758 1.9664145708 1.9763813019 1.9873402119 1.9992674589 
2.0118973255 2.0249745846 2.0383229256 2.0518138409 2.0653467178 2.0788407326 2.09222579 2.1054418087 2.1184346676 
2.1311542988 2.1435554028 2.155595541 2.1672363281 2.1784412861 2.1891775131 2.1994142532 2.209123373 2.2182788849 
2.2268564701 2.2348334789 2.2421901226 2.2489068508 2.2549660206 2.2603516579 2.2650492191 2.2690458298 2.2723295689 
2.2748904228 2.276720047 2.2778115273 2.2781600952 2.277762413 2.2766170502 2.2658159733 2.2630655766 2.259554863 
2.2552886009 2.2502725124 2.2445108891 2.2380053997 2.2307524681 2.2227399349 2.213947773 2.2043499947 2.193931818 
2.1827218533 2.1708302498 2.1584033966 2.1455717087 2.1324474812 2.1191325188 2.1057093143 2.0922391415 2.0787615776 
2.0652956963 2.0518465042 2.0384116173 2.0249881744 2.011579752 1.9981985092 1.9848681688 1.9716255665 1.9585208893 
1.9456179142 1.9329954386 1.9207478762 1.9089852571 1.8978335857 1.8874326944 1.8779293299 1.8694610596 1.8621275425 
1.8559443951 1.8507809639 1.8463073969 1.8419733047 1.8372083902 1.8320404291 1.8269616365 1.8224464655 1.8179405928 
1.8121222258 1.8065817356 1.8017539978 1.7986420393 1.7978749275 1.7995582819 1.8035020828 1.8093357086 1.8164598942 
1.8240355253 1.8382627964 1.8408759832 1.8606274128 1.8905994892 1.9349540472 1.9470914602 1.9570235014 1.9682488441 
1.9806542397 1.9939200878 2.0076839924 2.0217132568 2.0358603001 2.0500192642 2.0641083717 2.0780587196 2.0918102264 
2.1053094864 2.1185059547 2.1313545704 2.1438128948 2.1558420658 2.1674067974 2.1784739494 2.1890144348 2.1990003586 
2.2084062099 2.2172093391 2.2253875732 2.2329213619 2.2397925854 2.2459840775 2.2514801025 2.2562665939 2.2603309155 
2.2636613846 2.2662482262 2.2680835724 2.2691605091 2.2694745064 2.2690222263 2.2678022385 2.2564606667 2.2535881996 
2.2499372959 2.2455146313 2.2403280735 2.2343838215 2.2276849747 2.2202274799 2.2119927406 2.2029428482 2.1930141449 
2.1821291447 2.1702661514 2.1576111317 2.1444153786 2.1308374405 2.1170034409 2.1030371189 2.0890309811 2.0750508308 
2.0611300468 2.0472729206 2.0334627628 2.019674778 2.00588727 1.9920881987 1.9782793522 1.9644778967 1.9507176876 
1.9370497465 1.9235411882 1.9102785587 1.8973670006 1.8849344254 1.8731341362 1.8621457815 1.8521742821 1.8434383869 
1.8361414671 1.8304024935 1.8261293173 1.8227493763 1.8194229603 1.8145825863 1.8086550236 1.8024760485 1.7981766462 
1.7947425842 1.7856202126 1.7781746387 1.7706706524 1.765437603 1.7634887695 1.7647832632 1.7688062191 1.7747848034 
1.7811897993 1.7854295969 1.7851616144 1.7934362888 1.8137004375 1.8457640409 1.8956371546 1.9239581823 1.9346266985 
1.9467858076 1.9601610899 1.9743825197 1.9890530109 2.0039155483 2.0188286304 2.0336992741 2.0484538078 2.0630304813 
2.0773718357 2.0914258957 2.1051435471 2.1184792519 2.1313910484 2.1438410282 2.1557936668 2.1672177315 2.1780841351 
2.1883661747 2.198040247 2.2070839405 2.2154765129 2.2231996059 2.2302350998 2.236566782 2.2421798706 2.2470602989 
2.251196146 2.2545757294 2.2571892738 2.2590293884 2.260089159 2.2603638172 2.259850502 2.2585492134 2.2466821671 
2.2436757088 2.2398710251 2.2352781296 2.2299075127 2.2237710953 2.2168769836 2.2092266083 2.2008042336 2.1915638447 
2.1813938618 2.1700465679 2.1573450565 2.1436920166 2.1295535564 2.115093708 2.1004245281 2.0857169628 2.0710697174 
2.0565543175 2.042195797 2.027971983 2.0138320923 1.9997189045 1.9855839014 1.9713959694 1.9571443796 1.9428397417 
1.9285130501 1.9142152071 1.9000171423 1.886010766 1.8723112345 1.859061718 1.8464403152 1.8346688747 1.8240225315 
1.8148379326 1.8075047731 1.8023923635 1.7994135618 1.797749877 1.7969372272 1.7915303707 1.7840073109 1.7742364407 
1.7716497183 1.7646843195 1.7559195757 1.748264432 1.7359822989 1.7279179096 1.7249591351 1.7263286114 1.7312444448 
1.7386840582 1.7464396954 1.7499778271 1.7463339567 1.7534531355 1.773666501 1.8023461103 1.8421961069 1.8951932192 
1.9088314772 1.9226136208 1.9377198219 1.9533317089 1.9691425562 1.9849821329 2.0007610321 2.0164203644 2.0319066048 
2.0471682549 2.0621533394 2.076811552 2.0910949707 2.1049585342 2.1183605194 2.1312634945 2.1436333656 2.1554391384 
2.1666538715 2.1772520542 2.1872110367 2.1965103149 2.2051305771 2.2130537033 2.2202632427 2.2267432213 2.2324800491 
2.2374596596 2.2416706085 2.245100975 2.2477421761 2.2495856285 2.2506251335 2.2508559227 2.2502756119 2.2488837242 
2.2365071774 2.2333519459 2.2293772697 2.2245957851 2.2190229893 2.212678194 2.2055804729 2.1977467537 2.1891891956 
2.1798977852 2.1696698666 2.1579623222 2.1440315247 2.1289825439 2.1138067245 2.0983133316 2.0826404095 2.0670793056 
2.0517160892 2.0366435051 2.0218775272 2.0073473454 1.9929420948 1.9785561562 1.9641064405 1.9495404959 1.9348350763 
1.9199945927 1.9050482512 1.8900477886 1.875066638 1.8602005243 1.8455700874 1.831327796 1.8176680803 1.8048447371 
1.7932009697 1.7832164764 1.7755713463 1.7709597349 1.7696317434 1.7701326609 1.7654284239 1.7548259497 1.7444435358 
1.7365486622 1.7297654152 1.698871851 1.7102651596 1.704523325 1.695433259 1.6837553978 1.6810332537 1.6834591627 
1.6900948286 1.7008057833 1.7138675451 1.7185851336 1.7117851973 1.7197163105 1.7436938286 1.7668106556 1.7965118885 
1.8422635794 1.8765245676 1.8956500292 1.9135848284 1.9309830666 1.9481028318 1.9650093317 1.9817204475 1.9982277155 
2.0145027637 2.0305044651 2.0461859703 2.061498642 2.0763936043 2.0908265114 2.1047558784 2.1181447506 2.1309602261 
2.1431732178 2.1547574997 2.1656908989 2.1759517193 2.1855208874 2.1943809986 2.2025153637 2.2099080086 2.2165446281 
2.2224113941 2.2274954319 2.2317848206 2.2352685928 2.2379376888 2.239783287 2.240799427 2.240981102 2.2403261662 
2.2388339043 2.2259654999 2.2226443291 2.2184791565 2.2134854794 2.2076847553 2.2011048794 2.1937782764 2.1857511997 
2.17710042 2.1678740978 2.1578752995 2.1465032101 2.1302230358 2.1127505302 2.0969307423 2.0804350376 2.0634772778 
2.0470280647 2.030847311 2.0151810646 2.0000753403 1.9853525162 1.9707938433 1.9562197924 1.9415071011 1.9265826941 
1.911413908 1.8960025311 1.8803783655 1.8645955324 1.8487303257 1.8328793049 1.8171633482 1.801733017 1.7867819071 
1.772570014 1.7594717741 1.7480777502 1.7392870188 1.7344198227 1.73607862 1.7290875912 1.6879726648 1.6670330763 
1.6578570604 1.6723921299 1.6326472759 1.613629818 1.6125605106 1.6164935827 1.6382998228 1.6290416718 1.6306266785 
1.6352295876 1.6433192492 1.658844471 1.6711925268 1.6793626547 1.6691462994 1.6891263723 1.7342247963 1.7593480349 
1.7833793163 1.8133978844 1.8448877335 1.8684031963 1.8887622356 1.9077928066 1.9261598587 1.9441187382 1.9617781639 
1.9791691303 1.9962794781 2.0130734444 2.0295045376 2.0455219746 2.0610759258 2.0761208534 2.0906152725 2.1045229435 
2.1178123951 2.1304564476 2.1424322128 2.1537184715 2.164296627 2.1741497517 2.1832618713 2.1916174889 2.199202776 
2.2060036659 2.2120068073 2.2172002792 2.2215719223 2.2251112461 2.2278084755 2.2296552658 2.2306447029 2.2307715416 
2.2300338745 2.228430748 2.2150900364 2.2115843296 2.2072045803 2.2019696236 2.1959061623 2.1890485287 2.1814432144 
2.1731626987 2.1643335819 2.155105114 2.1457314491 2.1341142654 2.1074500084 2.0927197933 2.0786061287 2.0613305569 
2.0421783924 2.0253286362 2.0082249641 1.9919799566 1.9766690731 1.9619574547 1.9474219084 1.9327807426 1.9178718328 
1.9026118517 1.8869675398 1.8709439039 1.8545765877 1.8379253149 1.821069479 1.8041055202 1.7871477604 1.7703329325 
1.7538306713 1.7378641367 1.7227585316 1.7090300322 1.6974776983 1.6894484758 1.6892572641 1.6444238424 1.6087948084 
1.5833693743 1.5648971796 1.5510042906 1.5343440771 1.5291862488 1.5296462774 1.5322064161 1.5386083126 1.5663677454 
1.5757403374 1.5819989443 1.5874593258 1.6024296284 1.5932660103 1.6009209156 1.6162654161 1.6525235176 1.7142350674 
1.7446848154 1.7678443193 1.7935804129 1.8196059465 1.842864275 1.8640930653 1.8841410875 1.9034903049 1.9223995209 
1.940985918 1.9592815638 1.9772698879 1.9949089289 2.0121450424 2.0289213657 2.0451841354 2.060885191 2.0759823322 
2.0904407501 2.1042318344 2.1173305511 2.1297166348 2.1413731575 2.1522834301 2.162432909 2.1718080044 2.1803956032 
2.1881818771 2.1951541901 2.2013003826 2.2066082954 2.2110664845 2.2146632671 2.217389822 2.2192363739 2.2201960087 
2.2202632427 2.2194342613 2.2177088261 2.2039189339 2.2002079487 2.1955871582 2.1900775433 2.1837086678 2.1765193939 
2.1685607433 2.1599099636 2.150686264 2.1408936977 2.1301488876 2.1115703583 2.0771608353 2.0668020248 2.0507519245 
2.0304200649 2.0164825916 2.0019578934 1.9831171036 1.9665498734 1.9515246153 1.9371851683 1.9229283333 1.908367753 
1.8933314085 1.8777506351 1.8616074324 1.8449187279 1.8277323246 1.8101189137 1.7921639681 1.7739627361 1.7556190491 
1.7372461557 1.7189700603 1.7009367943 1.6833338737 1.66642344 1.6504144669 1.6353213787 1.6131548882 1.5694181919 
1.534514308 1.50677073 1.4813941717 1.4487296343 1.4414339066 1.4564400911 1.4627481699 1.464823246 1.486908555 
1.5100851059 1.5224142075 1.5280287266 1.5272270441 1.5091240406 1.5196881294 1.5341688395 1.5611007214 1.6095495224 
1.6864022017 1.7231894732 1.7473301888 1.7718738317 1.7957065105 1.8181550503 1.8394726515 1.860029459 1.8801065683 
1.899861455 1.9193539619 1.9385797977 1.9574964046 1.9760415554 1.9941452742 2.0117399693 2.0287647247 2.0451672077 
2.060905695 2.0759468079 2.0902647972 2.1038393974 2.1166541576 2.128695488 2.1399505138 2.1504080296 2.1600568295 
2.1688849926 2.1768805981 2.1840322018 2.1903281212 2.1957557201 2.2003040314 2.2039616108 2.2067182064 2.2085642815 
2.2094919682 2.2094938755 2.2085659504 2.2067070007 2.1924955845 2.1885585785 2.1836695671 2.1778488159 2.1711273193 
2.1635475159 2.155163765 2.1460568905 2.1363296509 2.1257841587 2.1135308743 2.089905262 2.0429885387 2.0141773224 
1.9930295944 1.9790614843 1.9828807116 1.9679592848 1.9538260698 1.9378368855 1.9244306087 1.9112035036 1.8975423574 
1.8831959963 1.8680694103 1.8521553278 1.835468173 1.8180419207 1.7999449968 1.7812665701 1.7621030807 1.7425502539 
1.7227005959 1.7026412487 1.6824483871 1.6621774435 1.6418514252 1.621414423 1.6005023718 1.5779463053 1.5358918905 
1.5021246672 1.4680712223 1.4415563345 1.4198503494 1.4111001492 1.4081606865 1.4093378782 1.4186918736 1.426928401 
1.4456089735 1.4628671408 1.4742404222 1.4790022373 1.4761853218 1.4635062218 1.4626526833 1.4736604691 1.5030173063 
1.557199955 1.6468063593 1.697934866 1.7241153717 1.7493984699 1.7720525265 1.7934919596 1.8144475222 1.8352171183 
1.8558756113 1.8764302731 1.8968456984 1.9170547724 1.9369710684 1.9564995766 1.9755467176 1.9940277338 2.0118718147 
2.0290234089 2.0454406738 2.0610938072 2.0759623051 2.0900306702 2.1032888889 2.115727663 2.1273391247 2.1381146908 
2.1480460167 2.1571233273 2.1653366089 2.1726746559 2.1791260242 2.1846795082 2.18932271 2.1930444241 2.1958332062 
2.1976788044 2.1985721588 2.1985049248 2.1974713802 2.1954679489 2.1808698177 2.1766872406 2.1715025902 2.1653339863 
2.1582114697 2.1501786709 2.1413030624 2.1316974163 2.1214501858 2.1102778912 2.0971889496 2.0655589104 2.0090303421 
1.9720067978 1.9462211132 1.9292120934 1.9208019972 1.9136344194 1.917265892 1.9048112631 1.8957083225 1.8845103979 
1.8717015982 1.8575863838 1.8423181772 1.8260067701 1.8087006807 1.7904354334 1.7713136673 1.7514559031 1.7309750319 
1.7099695206 1.6885232925 1.6667022705 1.6445434093 1.6220321655 1.5990653038 1.5753747225 1.5501955748 1.5215473175 
1.4850467443 1.4521408081 1.4088026285 1.3859301805 1.3771628141 1.383135438 1.3815450668 1.372471571 1.3781388998 
1.3894147873 1.4034087658 1.4196041822 1.4312689304 1.4359618425 1.4329586029 1.4233163595 1.4124734402 1.4140542746 
1.4387007952 1.4884053469 1.5635676384 1.6619204283 1.6994440556 1.7276607752 1.7481304407 1.7681260109 1.7884645462 
1.8093322515 1.8305660486 1.8519701958 1.8733882904 1.8946779966 1.9156990051 1.936314106 1.9563977718 1.9758437872 
1.9945706129 2.0125191212 2.0296506882 2.0459420681 2.0613794327 2.0759561062 2.0896687508 2.1025145054 2.1144907475 
2.1255922318 2.1358141899 2.1451487541 2.1535871029 2.1611187458 2.167732954 2.173418045 2.1781616211 2.1819512844 
2.1847753525 2.1866221428 2.1874809265 2.1873416901 2.186196804 2.1840400696 2.1690971851 2.1646533012 2.1591484547 
2.1525959969 2.1450209618 2.1364667416 2.1270134449 2.1168019772 2.105979681 2.0946345329 2.0785574913 2.0226142406 
1.9737638235 1.9359949827 1.9079253674 1.8880819082 1.8755910397 1.86883986 1.86977005 1.8724513054 1.8676797152 
1.8583432436 1.8460975885 1.8319500685 1.8163294792 1.7994991541 1.7814797163 1.76222229 1.7419235706 1.7207565308 
1.6988515854 1.6763073206 1.65320158 1.6295903921 1.6054925919 1.5808616877 1.555547595 1.5292278528 1.5013469458 
1.4711601734 1.4391927719 1.3958979845 1.3508633375 1.3309373856 1.3221282959 1.3400044441 1.3385459185 1.3185975552 
1.329690814 1.3427436352 1.3564070463 1.3790011406 1.3935739994 1.398668766 1.3939548731 1.3781808615 1.3507698774 
1.3506804705 1.3679161072 1.4125797749 1.4771643877 1.5578149557 1.6476774216 1.7024413347 1.7228518724 1.7408878803 
1.7607752085 1.7819163799 1.8038976192 1.8263146877 1.848891139 1.8714141846 1.8936876059 1.9155249596 1.9367605448 
1.9572632313 1.976939559 1.9957319498 2.0136086941 2.030557394 2.0465762615 2.0616695881 2.0758428574 2.0891008377 
2.1014471054 2.1128811836 2.1234002113 2.1329994202 2.1416702271 2.1494033337 2.1561875343 2.1620109081 2.1668608189 
2.1707241535 2.1735875607 2.1754379272 2.1762633324 2.1760518551 2.1747922897 2.1724765301 2.1572403908 2.152523756 
2.1466798782 2.1397125721 2.1316354275 2.1224813461 2.1123278141 2.1013245583 2.0894269943 2.0760886669 2.0507223606 
1.9921838045 1.9448823929 1.90754354 1.8785738945 1.8568310738 1.8421399593 1.835085988 1.8386179209 1.8453079462 
1.8425796032 1.8339648247 1.8213608265 1.8066725731 1.7903140783 1.7728915215 1.7540338039 1.7335194349 1.7118198872 
1.6892002821 1.665774107 1.641622901 1.6168168783 1.5914158821 1.5654449463 1.5388631821 1.5115308762 1.4831702709 
1.4533182383 1.4214829206 1.3873466253 1.3491433859 1.3120934963 1.2829474211 1.2558091879 1.2445828915 1.2427694798 
1.2502391338 1.2731112242 1.2880995274 1.2979210615 1.3227622509 1.3443257809 1.3505641222 1.3447768688 1.3318413496 
1.3091061115 1.2910536528 1.2888622284 1.3352156878 1.3929173946 1.4643851519 1.5479900837 1.6420727968 1.6906114817 
1.7099465132 1.7304919958 1.7525057793 1.7756048441 1.7993063927 1.823266387 1.8472317457 1.8709558249 1.8941917419 
1.91672194 1.9383844137 1.9590784311 1.9787546396 1.9973978996 2.0150134563 2.0316169262 2.0472266674 2.0618600845 
2.0755314827 2.0882499218 2.1000204086 2.1108429432 2.1207132339 2.1296243668 2.1375665665 2.1445291042 2.1504983902 
2.1554620266 2.1594052315 2.1623134613 2.1641726494 2.1649680138 2.1646857262 2.1633117199 2.1608338356 2.145365715 
2.1403725147 2.1341805458 2.1267783642 2.1181600094 2.1083357334 2.0973701477 2.0853652954 2.0723390579 2.0580675602 
2.0272908211 1.9686772823 1.9233164787 1.8878891468 1.8591119051 1.8357492685 1.8186153173 1.8097269535 1.8139693737 
1.8233385086 1.8212976456 1.8121689558 1.7973160744 1.7817846537 1.7643141747 1.746748805 1.7268170118 1.704253912 
1.6809152365 1.6567403078 1.631741643 1.6059435606 1.5794101954 1.5522278547 1.5244568586 1.4960901737 1.4670301676 
1.4370763302 1.405926466 1.3732700348 1.3390706778 1.3031799793 1.2652651072 1.2241880894 1.1810730696 1.1552007198 
1.1528033018 1.1818172932 1.2140655518 1.2303111553 1.2323980331 1.2284451723 1.2335333824 1.240375638 1.2499932051 
1.277674675 1.2708512545 1.2595877647 1.2526831627 1.2660080194 1.3130127192 1.3768464327 1.4569917917 1.5505349636 
1.6522419453 1.6757512093 1.6971529722 1.7207946777 1.7455258369 1.770835638 1.796440959 1.822108984 1.8475430012 
1.8724074364 1.8964059353 1.9193403721 1.9411132336 1.9616992474 1.981113553 1.9993897676 2.0165672302 2.0326831341 
2.0477690697 2.0618491173 2.0749392509 2.0870485306 2.0981788635 2.1083271503 2.1174869537 2.1256473064 2.1327967644 
2.1389217377 2.1440069675 2.1480381489 2.1509985924 2.1528728008 2.1536440849 2.153295517 2.1518111229 2.1491732597 
2.1335430145 2.1282801628 2.121743679 2.1139037609 2.104726553 2.0941803455 2.0822477341 2.0689888 2.0547816753 
2.0344948769 1.9910752773 1.9490664005 1.9086854458 1.8792102337 1.8513989449 1.8257454634 1.8044964075 1.7902499437 
1.7864984274 1.7979595661 1.7953037024 1.7836711407 1.7720074654 1.7571399212 1.73757267 1.7227711678 1.7009575367 
1.6735041142 1.6486973763 1.6232200861 1.5967248678 1.5692822933 1.5409892797 1.5120167732 1.4825003147 1.4524854422 
1.4219264984 1.3906943798 1.3585941792 1.3254449368 1.2912793159 1.2561374903 1.2189759016 1.1768659353 1.1435930729 
1.1234396696 1.1173342466 1.1257581711 1.1573303938 1.177523613 1.1687602997 1.138449192 1.139010787 1.1452041864 
1.1572012901 1.1796474457 1.2161107063 1.2176347971 1.2138265371 1.2078902721 1.2348341942 1.2909156084 1.3705197573 
1.4705959558 1.5885065794 1.6330854893 1.6600161791 1.6867492199 1.7136667967 1.7408540249 1.7683423758 1.7960244417 
1.8235186338 1.8503203392 1.8759975433 1.9003140926 1.9232040644 1.9446976185 1.9648612738 1.9837698936 2.0014936924 
2.0180926323 2.0336141586 2.0480928421 2.0615508556 2.0739998817 2.0854432583 2.0958778858 2.1052949429 2.1136837006 
2.1210310459 2.1273212433 2.1325385571 2.1366670132 2.1396887302 2.1415865421 2.1423418522 2.1419353485 2.1403477192 
2.1375575066 2.1218430996 2.1163277626 2.1094670296 2.1012129784 2.0915005207 2.0802345276 2.0672857761 2.0523798466 
2.034768343 2.0122742653 1.9811528921 1.94039464 1.9004797935 1.881243825 1.8605488539 1.8293238878 1.8009573221 
1.7782970667 1.7637091875 1.75656569 1.7490875721 1.7413417101 1.7417662144 1.7222709656 1.7059466839 1.6958259344 
1.6657364368 1.6369380951 1.6142110825 1.5885418653 1.5608061552 1.5317157507 1.501555562 1.4707204103 1.4394789934 
1.4079265594 1.3760492802 1.3437592983 1.310911417 1.2773641348 1.2431274652 1.2084965706 1.1735241413 1.138461709 
1.1099842787 1.0921670198 1.0844596624 1.079156518 1.0889286995 1.1213773489 1.1118841171 1.0833396912 1.0575630665 
1.0606718063 1.0705771446 1.0861884356 1.1053181887 1.1195598841 1.1491193771 1.1219557524 1.1456831694 1.1992571354 
1.2814773321 1.391400218 1.5312637091 1.5888447762 1.6212517023 1.6512645483 1.6803686619 1.7093571424 1.7388304472 
1.7689247131 1.7990010977 1.8281846046 1.8557863235 1.8815603256 1.9055508375 1.927899003 1.9487514496 1.9682352543 
1.9864569902 2.0035014153 2.0194330215 2.0342955589 2.0481159687 2.0609064102 2.0726690292 2.0833985806 2.0930848122 
2.1017141342 2.1092710495 2.1157388687 2.1210999489 2.1253368855 2.1284306049 2.1303625107 2.1311118603 2.1306583881 
2.1289792061 2.1260499954 2.1103334427 2.1045930386 2.0974447727 2.0888295174 2.0786623955 2.0668165684 2.053098917 
2.0372207165 2.0185427666 1.9957666397 1.9672890902 1.9374086857 1.9079401493 1.8828518391 1.8590372801 1.8358623981 
1.8103170395 1.7760238647 1.7509264946 1.7317274809 1.7156703472 1.7011247873 1.6862255335 1.6660370827 1.6500515938 
1.6283814907 1.615445137 1.6017270088 1.578902483 1.5534778833 1.5243874788 1.4935208559 1.4611432552 1.4282300472 
1.3952606916 1.3622969389 1.3292837143 1.295891881 1.2626594305 1.228728056 1.194324255 1.1598056555 1.125312686 
1.0929015875 1.0672850609 1.051602602 1.0459924936 1.0259462595 1.0157630444 1.0289670229 1.0522128344 1.0354280472 
1.0083736181 0.98755943775 0.99389141798 1.0045074224 1.0150401592 1.0231649876 1.0270830393 1.0037102699 1.0440148115 
1.0966802835 1.1827176809 1.3010185957 1.462651968 1.5451160669 1.5827300549 1.6152880192 1.646079421 1.6762053967 
1.7075047493 1.7406414747 1.7741980553 1.8064601421 1.8362565041 1.8634393215 1.8883913755 1.9114596844 1.9328892231 
1.952857852 1.971506238 1.9889445305 2.0052521229 2.0204808712 2.0346577168 2.0477931499 2.0598843098 2.0709221363 
2.0808913708 2.0897758007 2.0975570679 2.1042165756 2.1097347736 2.1140925884 2.1172709465 2.119248867 2.1200053692 
2.1195180416 2.1177620888 2.1147110462 2.0990753174 2.0931441784 2.0857555866 2.0768475533 2.0663342476 2.0540919304 
2.0399448872 2.0236530304 2.0049173832 1.983276844 1.9585719109 1.9322710037 1.9056073427 1.8802268505 1.855507493 
1.8307362795 1.8041733503 1.7766358852 1.7518134117 1.7230386734 1.6899242401 1.663891077 1.6370944977 1.6087511778 
1.5990959406 1.590008378 1.5792707205 1.5620692968 1.5429832935 1.5196881294 1.4877071381 1.4550859928 1.419660449 
1.3843497038 1.3497253656 1.3153685331 1.2810189724 1.246507287 1.2132322788 1.1795717478 1.1447911263 1.1093138456 
1.0734683275 1.0395900011 1.0148254633 0.99915122986 0.99354439974 0.94690066576 0.93796426058 0.94509899616 0.96113920212 
0.9808280468 0.96239298582 0.94536072016 0.93054044247 0.93757897615 0.94140475988 0.94545644522 0.94972217083 0.94824874401 
0.94909912348 0.97911769152 1.069919467 1.1864959002 1.3286703825 1.4906567335 1.5471194983 1.5791512728 1.6110794544 
1.640743494 1.6731568575 1.7106645107 1.749351263 1.7859563828 1.8181447983 1.8464466333 1.8719832897 1.8955197334 
1.9173587561 1.9376883507 1.9566701651 1.9744369984 1.9910820723 2.0066592693 2.0211911201 2.0346798897 2.0471150875 
2.058478117 2.0687496662 2.0779073238 2.085930109 2.0927965641 2.0984869003 2.1029801369 2.1062560081 2.1082935333 
2.1090712547 2.1085653305 2.1067507267 2.1035981178 2.0881230831 2.0820364952 2.0744566917 2.0653247833 2.0545651913 
2.0420777798 2.0277326107 2.0113763809 1.9928638935 1.972119689 1.9492434263 1.9248753786 1.899725318 1.8746268749 
1.8496106863 1.8244129419 1.7984495163 1.7720228434 1.7468569279 1.7160229683 1.6729658842 1.6340566874 1.5979201794 
1.5712928772 1.5687849522 1.5591043234 1.5401813984 1.5104789734 1.5039664507 1.476546526 1.4495223761 1.4172749519 
1.3761909008 1.3384296894 1.3021309376 1.2660318613 1.2300716639 1.1947022676 1.1624085903 1.1296198368 1.0946474075 
1.0580044985 1.0191441774 0.98268830776 0.95383185148 0.93243008852 0.89412993193 0.85707074404 0.86209946871 0.86796051264 
0.88417303562 0.9072342515 0.91972982883 0.9100304842 0.89738684893 0.89055740833 0.8822478652 0.88357490301 0.89693540335 
0.91254264116 0.91359752417 0.92643237114 0.95176535845 1.0660045147 1.1964703798 1.3392393589 1.4901473522 1.5409976244 
1.5764728785 1.6009522676 1.6322033405 1.6779334545 1.7248274088 1.7682549953 1.8024080992 1.830958128 1.856518507 
1.8801659346 1.9022114277 1.9227488041 1.9419475794 1.9599671364 1.9769104719 1.9928253889 2.0077207088 2.0215816498 
2.034383297 2.0460968018 2.0566937923 2.0661466122 2.0744307041 2.0815227032 2.0874011517 2.0920445919 2.0954329967 
2.0975446701 2.0983581543 2.0978500843 2.0959944725 2.0927629471 2.0775213242 2.071313858 2.0635864735 2.0542895794 
2.0433614254 2.0307285786 2.0163071156 2.0000128746 1.9817910194 1.9616627693 1.9397833347 1.9164954424 1.8922430277 
1.8674485683 1.8422461748 1.816536665 1.7901537418 1.7629773617 1.7348102331 1.7047601938 1.6673938036 1.6148058176 
1.5731765032 1.5552136898 1.5421513319 1.525333643 1.4948968887 1.464877367 1.4440404177 1.4241020679 1.411534667 
1.3664579391 1.3274183273 1.2882068157 1.2516046762 1.2136236429 1.1773071289 1.143206954 1.1124187708 1.0803289413 
1.0450085402 1.0068029165 0.96762752533 0.92870414257 0.89606040716 0.86763679981 0.83847171068 0.81915479898 0.80174571276 
0.79553544521 0.81600147486 0.83712261915 0.87380766869 0.87373942137 0.86666321754 0.84841758013 0.83017301559 0.82841914892 
0.82969081402 0.86410164833 0.87839245796 0.89128184319 0.90583521128 0.95207357407 1.0740841627 1.2028269768 1.3369145393 
1.4680781364 1.5351634026 1.5523543358 1.5747840405 1.6197538376 1.6877820492 1.7523338795 1.7904509306 1.8166940212 
1.8416805267 1.8653755188 1.8874906301 1.9080420732 1.9273020029 1.9454852343 1.9626957178 1.978954792 1.9942390919 
2.0085065365 2.0217106342 2.0338079929 2.0447599888 2.0545341969 2.0631022453 2.0704393387 2.076523304 2.0813331604 
2.0848484039 2.0870490074 2.0879132748 2.0874187946 2.0855405331 2.0822520256 2.0673098564 2.0610096455 2.0531709194 
2.0437524319 2.0327076912 2.0199871063 2.0055401325 1.9893285036 1.971344471 1.9516376257 1.9303411245 1.9076786041 
1.8839225769 1.8593136072 1.8339489698 1.8077774048 1.7806626558 1.7524408102 1.7225592136 1.6897683144 1.6514674425 
1.6116005182 1.5749268532 1.5437093973 1.5143177509 1.4883755445 1.4631458521 1.4362922907 1.4035055637 1.3810671568 
1.3485790491 1.3053760529 1.2711299658 1.2326295376 1.2006188631 1.1634213924 1.1280852556 1.097302556 1.067612052 
1.0340858698 0.995213449 0.95426756144 0.91400444508 0.87780278921 0.84220480919 0.81216049194 0.79258143902 0.78269267082 
0.77088546753 0.76798707247 0.76375848055 0.76860266924 0.78812086582 0.82117700577 0.81830555201 0.78635078669 0.77963912487 
0.79248791933 0.80322819948 0.81838458776 0.83733153343 0.85204178095 0.86453509331 0.8819103837 0.97000271082 1.0839573145 
1.2086575031 1.3344035149 1.4487923384 1.490229845 1.5114067793 1.5343002081 1.6028690338 1.6754734516 1.7644094229 
1.801782012 1.8262580633 1.8508454561 1.8732427359 1.8935824633 1.912650466 1.9308905602 1.9483596087 1.9650019407 
1.9807312489 1.9954618216 2.0091197491 2.0216445923 2.0329887867 2.0431144238 2.0519909859 2.0595936775 2.065901041 
2.0708925724 2.0745491982 2.0768520832 2.0777816772 2.0773162842 2.0754330158 2.0721068382 2.0575213432 2.0511519909 
2.0432276726 2.0337171555 2.0225858688 2.0098028183 1.995341301 1.9791889191 1.9613603354 1.9419106245 1.920946002 
1.8986195326 1.8751057386 1.8505510092 1.8250206709 1.7984784842 1.7707966566 1.7417652607 1.7110412121 1.6779618263 
1.6420089006 1.604609251 1.5666258335 1.5265470743 1.4848239422 1.4522980452 1.4309880733 1.4109941721 1.3901165724 
1.3612601757 1.3131620884 1.2559468746 1.2030806541 1.1839900017 1.1577955484 1.1217154264 1.0866559744 1.056622982 
1.0263801813 0.98959195614 0.94521307945 0.89851164818 0.85794526339 0.82273703814 0.79072499275 0.76005524397 0.74599766731 
0.74273270369 0.7393720746 0.73761898279 0.70940989256 0.70135593414 0.70592617989 0.716406703 0.71858531237 0.71550327539 
0.72484922409 0.75460088253 0.77717244625 0.78555512428 0.79875868559 0.81210720539 0.8245434165 0.83633518219 0.87387406826 
0.97764843702 1.0999902487 1.2322258949 1.3748691082 1.4296972752 1.4533596039 1.4710205793 1.5329288244 1.6025151014 
1.6821473837 1.7727332115 1.8086014986 1.8366351128 1.8595331907 1.8792176247 1.8978087902 1.9160007238 1.9337800741 
1.9509050846 1.9671797752 1.982460022 1.9966411591 2.0096478462 2.0214259624 2.0319354534 2.0411467552 2.0490357876 
2.0555830002 2.0607709885 2.0645823479 2.0670003891 2.068007946 2.0675849915 2.0657119751 2.0623657703 2.048186779 
2.0417647362 2.0337724686 2.0241861343 2.0129821301 2.0001413822 1.9856524467 1.9695177078 1.9517612457 1.9324353933 
1.9116241932 1.8894379139 1.8659950495 1.8413937092 1.8156807423 1.7888320684 1.760746479 1.7312475443 1.7000916004 
1.6670182943 1.631952405 1.5954272747 1.5570338964 1.513599515 1.4661250114 1.4271655083 1.4053883553 1.3915939331 
1.3732212782 1.3461563587 1.3058185577 1.2217965126 1.1614941359 1.1473119259 1.123688817 1.0887619257 1.0508770943 
1.020794034 0.98874646425 0.95025503635 0.89699959755 0.84778475761 0.80492806435 0.77090293169 0.74083483219 0.71597450972 
0.70383733511 0.70378643274 0.70073759556 0.68514937162 0.65274196863 0.6368406415 0.63283205032 0.63574272394 0.64037036896 
0.64781552553 0.6644539237 0.69429302216 0.73984289169 0.74583476782 0.7564124465 0.76891845465 0.78505218029 0.80710995197 
0.83665204048 0.87881571054 1.0008903742 1.13889575 1.3005106449 1.3758007288 1.405762434 1.4198887348 1.4735312462 
1.5371437073 1.6091153622 1.6871665716 1.7672110796 1.8194178343 1.8472328186 1.8642886877 1.8821889162 1.9005022049 
1.9187971354 1.9366039038 1.953582406 1.9695298672 1.9843199253 1.9978704453 2.010127306 2.0210535526 2.0306239128 
2.038818121 2.0456204414 2.0510172844 2.05499506 2.0575392246 2.0586354733 2.0582668781 2.0564160347 2.0530631542 
2.0393362045 2.0328717232 2.0248212814 2.0151662827 2.0038905144 1.9909834862 1.976442337 1.9602769613 1.9425145388 
1.9232023954 1.9024095535 1.8802199364 1.8567222357 1.8319914341 1.8060699701 1.7789503336 1.7505632639 1.7207802534 
1.6894398928 1.6564201117 1.6217763424 1.5859082937 1.5483443737 1.5075814724 1.4616715908 1.4205646515 1.3938732147 
1.3779931068 1.3589502573 1.3316729069 1.2798352242 1.1835637093 1.123765707 1.1072158813 1.0798020363 1.0394617319 
1.0104885101 0.98541241884 0.95537960529 0.90754240751 0.84888952971 0.80054968596 0.75815969706 0.71981161833 0.69138008356 
0.67152971029 0.66441237926 0.66506206989 0.66352236271 0.63733202219 0.59628379345 0.57554250956 0.5676471591 0.56837689877 
0.57493108511 0.58714234829 0.60680145025 0.63526517153 0.67526006699 0.6959092021 0.70707654953 0.71831774712 0.74008655548 
0.77564513683 0.81591868401 0.85350096226 0.90664511919 1.0408586264 1.1811460257 1.3083974123 1.3592754602 1.3763287067 
1.4221488237 1.4807994366 1.5475546122 1.6192193031 1.6914092302 1.7572033405 1.8259593248 1.8468002081 1.8647247553 
1.883926034 1.9032638073 1.9220815897 1.9399780035 1.9567331076 1.9722247124 1.9863815308 1.9991596937 2.0105323792 
2.0204823017 2.0289969444 2.0360667706 2.0416827202 2.0458350182 2.0485134125 2.0497066975 2.0494015217 2.0475826263 
2.0442333221 2.0309977531 2.0244977474 2.0163929462 2.0066690445 1.9953153133 1.9823251963 1.9677006006 1.9514545202 
1.9336137772 1.9142216444 1.8933364153 1.8710278273 1.8473700285 1.8224316835 1.7962632179 1.7688808441 1.7402487993 
1.710277915 1.6788625717 1.6459591389 1.6116762161 1.5753808022 1.5388588905 1.5018172264 1.4619463682 1.4222381115 
1.3915082216 1.369412899 1.3482302427 1.3097351789 1.2123051882 1.1267014742 1.0622318983 1.0194356441 0.98376703262 
0.95546460152 0.95591890812 0.93217897415 0.89661866426 0.82846915722 0.7892203927 0.74843376875 0.70586967468 0.66461098194 
0.63387107849 0.62068873644 0.62068498135 0.62798798084 0.62127918005 0.56959021091 0.5355708003 0.51611894369 0.50838553905 
0.50997233391 0.51916539669 0.53509920835 0.55693084002 0.58231252432 0.61085408926 0.64112132788 0.65208560228 0.6661812067 
0.69469738007 0.74032449722 0.79263913631 0.84217518568 0.88925081491 0.95670551062 1.0941126347 1.2015966177 1.2724659443 
1.322560668 1.3750720024 1.433531642 1.4984236956 1.5683554411 1.6405417919 1.7126797438 1.7894963026 1.822861433 
1.8444792032 1.866086483 1.8872045279 1.9074362516 1.9264793396 1.9441782236 1.9604552984 1.9752706289 1.9886035919 
2.0004441738 2.0107879639 2.0196328163 2.0269770622 2.0328173637 2.0371499062 2.0399680138 2.0412642956 2.0410282612 
2.0392479897 2.0359094143 2.0232021809 2.0166685581 2.0085096359 1.9987130165 1.9872698784 1.97417593 1.9594340324 
1.9430575371 1.9250715971 1.9055150747 1.8844400644 1.861908555 1.8379901648 1.8127584457 1.7862861156 1.7586251497 
1.7297780514 1.6996889114 1.6682883501 1.635591507 1.6003869772 1.5629768372 1.5263541937 1.4930825233 1.4566733837 
1.4177578688 1.383069396 1.3564565182 1.327781558 1.2396352291 1.1477972269 1.0639671087 0.99562352896 0.94256186485 
0.8996116519 0.86513662338 0.84011536837 0.81092441082 0.7769305706 0.73643958569 0.70404189825 0.68725240231 0.65180653334 
0.60932052135 0.57696473598 0.56487345695 0.56869977713 0.57925486565 0.53850907087 0.50187951326 0.47497436404 0.45920693874 
0.4540527761 0.45852512121 0.47173818946 0.49286884069 0.51994079351 0.54655152559 0.57002866268 0.58765554428 0.60045838356 
0.62166941166 0.65862101316 0.7012463212 0.7508520484 0.82141155005 0.88168632984 0.95508909225 1.0555967093 1.1497583389 
1.2244724035 1.2835272551 1.3391020298 1.3969136477 1.4614915848 1.5327641964 1.6075743437 1.6822783947 1.753021121 
1.7962503433 1.8226209879 1.8475344181 1.8709946871 1.8929387331 1.9132919312 1.9320268631 1.9491420984 1.964646101 
1.9785504341 1.9908679724 2.0016105175 2.0107877254 2.0184073448 2.0244731903 2.0289866924 2.0319468975 2.0333485603 
2.033185482 2.031447649 2.028124094 2.0159797668 2.0094134808 2.0011980534 1.991322279 1.9797768593 1.9665569067 
1.9516640902 1.9351092577 1.9169143438 1.8971146345 1.8757576942 1.852902174 1.828618288 1.8029949665 1.7761409283 
1.7481622696 1.7191148996 1.6889779568 1.6577092409 1.6244446039 1.5880610943 1.548951149 1.5146768093 1.4843664169 
1.4488847256 1.4040317535 1.3627997637 1.3300119638 1.2852346897 1.1779043674 1.0820506811 0.99850523472 0.92879647017 
0.87136721611 0.82331502438 0.78269034624 0.74783033133 0.71431738138 0.68099379539 0.64827340841 0.62039035559 0.60089087486 
0.59107661247 0.55298668146 0.52605479956 0.51345449686 0.51498526335 0.50720691681 0.47016102076 0.43912625313 0.41716215014 
0.40545368195 0.40405869484 0.41271182895 0.43129679561 0.46021935344 0.50205284357 0.52308219671 0.53738117218 0.54527676105 
0.56032937765 0.59323847294 0.63692003489 0.6774263978 0.71066564322 0.79071313143 0.86414599419 0.94570285082 1.0414050817 
1.1349980831 1.2100734711 1.2657748461 1.3186229467 1.3712328672 1.4351191521 1.5111550093 1.5925662518 1.6763796806 
1.7282487154 1.7681845427 1.8007166386 1.8293087482 1.8552561998 1.8789907694 1.9006921053 1.9204800129 1.9384385347 
1.9546294212 1.9690998793 1.9818874598 1.9930214882 2.0025246143 2.0104138851 2.0167007446 2.0213930607 2.024492979 
2.0260000229 2.0259103775 2.0242168903 2.0209105015 2.009362936 2.0027630329 1.9944887161 1.9845272303 1.9728672504 
1.9595007896 1.9444253445 1.9276467562 1.9091819525 1.8890621662 1.8673329353 1.8440533876 1.8192999363 1.7931826115 
1.7658578157 1.7375034094 1.7082479 1.6781181097 1.6468635798 1.6138881445 1.577452898 1.5406457186 1.5094131231 
1.4840589762 1.4481757879 1.3711875677 1.3302279711 1.2947473526 1.232519269 1.1102856398 1.0133366585 0.93241769075 
0.86410290003 0.80547702312 0.75444662571 0.70963507891 0.66980302334 0.63330155611 0.5995695591 0.56911635399 0.54364299774 
0.52460461855 0.51131612062 0.50167965889 0.48284855485 0.47217017412 0.4702642262 0.45420461893 0.41117465496 0.38102075458 
0.36238726974 0.35473564267 0.35770824552 0.37116199732 0.39530360699 0.43088752031 0.48050579429 0.50322860479 0.51100790501 
0.51404166222 0.5325935483 0.57246875763 0.62331050634 0.66720384359 0.7079538703 0.78674852848 0.85756158829 0.94014334679 
1.0471049547 1.1580536366 1.2181326151 1.2677054405 1.3187556267 1.365285635 1.4157716036 1.502384305 1.5954315662 
1.6568495035 1.7043097019 1.7457683086 1.7813292742 1.8126335144 1.8406956196 1.8660326004 1.8889775276 1.9097511768 
1.9285048246 1.9453456402 1.9603527784 1.9735863209 1.9850920439 1.9949051142 2.0030515194 2.0095493793 2.0144126415 
2.0176475048 2.0192568302 2.0192394257 2.0175900459 2.0143015385 2.0033833981 1.9967501163 1.9884153605 1.9783637524 
1.9665800333 1.953050375 1.937764883 1.9207205772 1.9019268751 1.8814108372 1.8592222929 1.8354307413 1.8101272583 
1.7834444046 1.7555824518 1.7267910242 1.6970493793 1.6671372652 1.6363710165 1.604416132 1.570969224 1.5372020006 
1.5079425573 1.4791562557 1.4289216995 1.3374658823 1.2914347649 1.2359058857 1.1297626495 1.0290212631 0.94135975838 
0.86762475967 0.80380523205 0.74599593878 0.69329190254 0.64551818371 0.60239863396 0.56350034475 0.5287976265 0.49892035127 
0.47524631023 0.45973628759 0.45549038053 0.45923477411 0.44522798061 0.43694379926 0.43362462521 0.40458527207 0.35370054841 
0.32434424758 0.30937078595 0.306345433 0.31428205967 0.33292126656 0.36252567172 0.4038516283 0.4591037035 0.48333653808 
0.48978587985 0.49173462391 0.50901144743 0.55114942789 0.60828399658 0.66797298193 0.72856998444 0.79556059837 0.85787409544 
0.92962020636 1.0687025785 1.148573041 1.2084069252 1.2654899359 1.3214968443 1.3770893812 1.4375095367 1.5048214197 
1.5728729963 1.6342213154 1.6844884157 1.7275155783 1.7650053501 1.7981828451 1.8278075457 1.8544224501 1.8784091473 
1.9000351429 1.9194902182 1.9369124174 1.9524042606 1.9660435915 1.977889657 1.9879873991 1.9963710308 2.0030653477 
2.0080878735 2.0114495754 2.0131554604 2.0132069588 2.0116007328 2.0083293915 1.9980732203 1.9914083481 1.9830144644 
1.9728726149 1.9609612226 1.9472583532 1.9317425489 1.9143970013 1.8952192068 1.8742359877 1.8515148163 1.8271580935 
1.8012881279 1.7740544081 1.7456693649 1.7157185078 1.68516922 1.6553159952 1.6255196333 1.5946105719 1.5632927418 
1.5326209068 1.5042124987 1.4669694901 1.3671673536 1.2765980959 1.2016628981 1.1259229183 1.0369772911 0.94839388132 
0.86945587397 0.80694943666 0.75136089325 0.6950635314 0.640663445 0.59003305435 0.54391551018 0.50254410505 0.46621784568 
0.4356712997 0.41229045391 0.398214221 0.39692363143 0.41658991575 0.40915313363 0.40248733759 0.39047369361 0.32843607664 
0.2884388566 0.26557809114 0.25665137172 0.25954428315 0.2732296288 0.29746103287 0.33253380656 0.37918666005 0.43949741125 
0.4657124579 0.47445112467 0.47770115733 0.49244871736 0.53228217363 0.59453463554 0.66310065985 0.73242950439 0.80348747969 
0.87661188841 0.95817255974 1.0492163897 1.1304885149 1.1991084814 1.2619966269 1.3223714828 1.3819012642 1.4424314499 
1.5043203831 1.5648988485 1.6208459139 1.6701384783 1.7135353088 1.751983881 1.7862237692 1.8168677092 1.8443982601 
1.8691805601 1.8914865255 1.9115191698 1.9294310808 1.94533813 1.9593294859 1.9714739323 1.9818241596 1.990419507 
1.9972902536 2.0024571419 2.0059347153 2.0077300072 2.0078458786 2.0062799454 2.0030260086 1.9934637547 1.9867711067 
1.9783233404 1.9680964947 1.9560619593 1.9421862364 1.9264322519 1.9087635279 1.8891627789 1.8676627874 1.8443722725 
1.8192301989 1.7931121588 1.7652468681 1.7360209227 1.7042611837 1.6711729765 1.6417722702 1.6133035421 1.583556056 
1.5531624556 1.5229671001 1.4916775227 1.4336563349 1.3143103123 1.2155592442 1.1285561323 1.0447112322 0.95840495825 
0.87243855 0.79592210054 0.75395989418 0.71335470676 0.65575104952 0.5975471139 0.54307717085 0.49350404739 0.44917035103 
0.41035330296 0.37765932083 0.35223707557 0.33566617966 0.32954278588 0.33552467823 0.35596817732 0.34297341108 0.28710854053 
0.24541564286 0.21812748909 0.20463246107 0.2039386034 0.21410363913 0.2343288213 0.26458144188 0.3052662015 0.35705000162 
0.42198643088 0.45073533058 0.46359357238 0.47031840682 0.48315638304 0.52187824249 0.58618426323 0.65901356936 0.73191863298 
0.80729597807 0.88466137648 0.96468538046 1.0461559296 1.1230763197 1.1935453415 1.2594959736 1.3226555586 1.3840484619 
1.444311142 1.503334403 1.5599154234 1.6126023531 1.6604276896 1.7034636736 1.7420912981 1.7767795324 1.8079806566 
1.8360853195 1.8614121675 1.8842126131 1.9046839476 1.9229803085 1.939221859 1.9535028934 1.9658966064 1.9764602184 
1.98523736 1.9922609329 1.9975547791 2.001134634 2.0030105114 2.0031852722 2.0016577244 1.9984207153 1.9895834923 
1.9828704596 1.9743785858 1.9640792608 1.9519361258 1.937903285 1.9219245911 1.9039409161 1.8839193583 1.8619084358 
1.8373888731 1.8113365173 1.7844830751 1.756747961 1.72742486 1.6939188242 1.6584668159 1.6272277832 1.5999189615 
1.5707610846 1.541162014 1.512509346 1.4744894505 1.36566782 1.2572751045 1.1582181454 1.0674651861 0.9808473587 
0.89406514168 0.80260771513 0.76500201225 0.74090284109 0.70734584332 0.63052666187 0.56395840645 0.50422340631 0.45058709383 
0.40276679397 0.36062574387 0.32435461879 0.29466027021 0.27240937948 0.25759485364 0.24783717096 0.23767571151 0.21419449151 
0.18410845101 0.16004781425 0.14576223493 0.1425216645 0.15200825036 0.17046301067 0.19771036506 0.23428590596 0.28089857101 
0.33783143759 0.40541496873 0.43620818853 0.45224502683 0.46184810996 0.47386336327 0.51080477238 0.57593131065 0.64943832159 
0.72619026899 0.80723923445 0.88848149776 0.96809822321 1.0459308624 1.1203916073 1.1910473108 1.2585399151 1.3234547377 
1.3860172033 1.4461102486 1.5034310818 1.5575720072 1.6080213785 1.6544070244 1.6966838837 1.7350307703 1.7697401047 
1.8011350632 1.8295201063 1.8551595211 1.8782737255 1.89904356 1.9176148176 1.9341051579 1.9486078024 1.9611973763 
1.971932292 1.9808578491 1.9880084991 1.993409276 1.9970775843 1.9990234375 1.9992513657 1.9977593422 1.9945408106 
1.9864577055 1.9797340631 1.9712132215 1.9608616829 1.948636651 1.9344812632 1.9183228016 1.9000815153 1.8797135353 
1.8565964699 1.830298543 1.8012355566 1.7739732265 1.7472583055 1.7211622 1.6894702911 1.6531136036 1.6196323633 
1.5882465839 1.556145072 1.5259346962 1.4951970577 1.4383648634 1.3151295185 1.2063990831 1.107863903 1.0172715187 
0.9319010973 0.84947937727 0.7695710063 0.7454803586 0.72658085823 0.69259047508 0.6092223525 0.53682851791 0.47227972746 
0.41456329823 0.36309686303 0.31715783477 0.27630501986 0.24094963074 0.21178129315 0.18856646121 0.16754283011 0.14218850434 
0.10517091304 0.088533051312 0.078199215233 0.075997889042 0.080974534154 0.10313497484 0.12987473607 0.16375985742 0.2064665854 
0.25970321894 0.32366642356 0.38753092289 0.42134734988 0.43981093168 0.45158857107 0.46260583401 0.49620270729 0.55695360899 
0.62889844179 0.71197468042 0.80599421263 0.89232099056 0.9717206955 1.0476343632 1.1201740503 1.19044137 1.2588580847 
1.3253216743 1.3892347813 1.4495452642 1.5054001808 1.5578479767 1.6064220667 1.6513746977 1.6927051544 1.7304992676 
1.7649379969 1.796251893 1.8246763945 1.8504269123 1.873690486 1.894625783 1.9133656025 1.930019021 1.9446749687 
1.9574055672 1.9682676792 1.9773067236 1.9845570326 1.9900439978 1.9937850237 1.9957908392 1.9960656166 1.9946074486 
1.9914091825 1.9841063023 1.9773852825 1.9688540697 1.9584771395 1.9462077618 1.9319834709 1.9157221317 1.8973344564 
1.8765426874 1.8527536392 1.823997736 1.7926968336 1.7635785341 1.7400299311 1.7178940773 1.6885433197 1.6540826559 
1.6207585335 1.5777535439 1.537369132 1.5088413954 1.4705148935 1.3708486557 1.2633116245 1.1597548723 1.0644973516 
0.97668927908 0.89460021257 0.81736302376 0.74638801813 0.72705477476 0.71038877964 0.67647451162 0.59117120504 0.51515561342 
0.44650003314 0.38494578004 0.33020672202 0.28058674932 0.23450772464 0.19266937673 0.1565746516 0.12805260718 0.1020571664 
0.073163889349 0.067887425423 0.059552814811 0.053324848413 0.055174078792 0.060375794768 0.065436623991 0.094446577132 0.13280728459 
0.18000285327 0.24048241973 0.32583412528 0.37526059151 0.40610876679 0.42830353975 0.44286546111 0.45497983694 0.48276627064 
0.53403520584 0.59089332819 0.66580671072 0.8148573041 0.90106773376 0.97679942846 1.0509287119 1.1207467318 1.1902965307 
1.2597242594 1.3283762932 1.3948891163 1.4555820227 1.5095677376 1.5600603819 1.6075491905 1.6509484053 1.6911787987 
1.7282313108 1.762190938 1.7932162285 1.8214886189 1.8471816778 1.8704513311 1.8914328814 1.9102425575 1.9269781113 
1.9417210817 1.9545383453 1.9654842615 1.9746017456 1.9819239378 1.987475872 1.9912741184 1.9933291674 1.9936449528 
1.9922193289 1.9890444279 1.9825437069 1.9758393764 1.9673192501 1.9569473267 1.9446772337 1.9304472208 1.9141777754 
1.8957828283 1.8752257824 1.8517049551 1.82424438 1.7928472757 1.7647749186 1.7425729036 1.7238162756 1.6887620687 
1.6518582106 1.6172344685 1.5499442816 1.5111576319 1.4691147804 1.3944942951 1.3080862761 1.211810112 1.1169291735 
1.0280088186 0.94496446848 0.86687630415 0.793820858 0.72802489996 0.71060991287 0.69481652975 0.661485672 0.57800811529 
0.49940311909 0.42656871676 0.36109980941 0.30441197753 0.25235125422 0.20026731491 0.15095454454 0.10805700719 0.080186240375 
0.057448443025 0.05115134269 0.046989232302 0.037753619254 0.032238207757 0.036580890417 0.046086080372 0.053176227957 0.065342009068 
0.10486745089 0.1514454931 0.20859153569 0.27889594436 0.3602039516 0.39656534791 0.41913458705 0.43789103627 0.45383173227 
0.47920042276 0.5194080472 0.56583940983 0.61993741989 0.75210726261 0.87442141771 0.98543339968 1.0562125444 1.1193232536 
1.1882685423 1.2594602108 1.3318494558 1.4039157629 1.4661017656 1.5150835514 1.5631967783 1.6099584103 1.6529130936 
1.691857934 1.7280038595 1.7613219023 1.7918986082 1.8198674917 1.8453665972 1.868522048 1.8894462585 1.9082376957 
1.9249814749 1.9397497177 1.9526029825 1.9635907412 1.9727526903 1.9801199436 1.9857158661 1.9895560741 1.9916502237 
1.9920015335 1.9906075001 1.9874596596 1.981777668 1.9751048088 1.9666172266 1.9562803507 1.9440512657 1.9298751354 
1.9136832952 1.8954049349 1.8750187159 1.8526649475 1.8273892403 1.799265027 1.771993041 1.7511060238 1.7319647074 
1.7003918886 1.6405702829 1.5765932798 1.5128490925 1.4569578171 1.4000569582 1.3318086863 1.2522829771 1.1662372351 
1.0810091496 0.99986797571 0.9226270318 0.84835451841 0.77772134542 0.71363228559 0.69658857584 0.68065142632 0.64791953564 
0.57404434681 0.4910569191 0.41213938594 0.3410320878 0.28680923581 0.23614652455 0.17569951713 0.11973609775 0.093585774302 
0.068384252489 0.045639317483 0.034811850637 0.026720831171 0.017790999264 0.012772332877 0.018436023965 0.030348036438 0.041602343321 
0.050118844956 0.082781001925 0.12292566895 0.17375902832 0.23434691131 0.30222964287 0.37730121613 0.40965247154 0.4308437109 
0.45216158032 0.47643563151 0.50569719076 0.54378521442 0.61737322807 0.71893376112 0.8251427412 0.92893409729 1.0290756226 
1.1042150259 1.1782752275 1.2544471025 1.3353410959 1.4322060347 1.4881033897 1.5251208544 1.5671122074 1.6134346724 
1.656118989 1.6945248842 1.7296177149 1.7621603012 1.792162776 1.8197110891 1.8449076414 1.8678511381 1.8886313438 
1.9073292017 1.924016118 1.9387543201 1.9515967369 1.9625873566 1.9717620611 1.9791488647 1.9847687483 1.9886363745 
1.9907599688 1.9911415577 1.9897785187 1.9866620302 1.98180902 1.975181818 1.9667463303 1.9564708471 1.9443175793 
1.9302406311 1.914185524 1.8961000443 1.8759782314 1.853961587 1.8297771215 1.8025579453 1.7760161161 1.7552101612 
1.7361204624 1.7016779184 1.6228220463 1.5513477325 1.4838299751 1.4199115038 1.3553986549 1.2858023643 1.2100430727 
1.1314845085 1.0547056198 0.98194473982 0.91139125824 0.8401799202 0.76959174871 0.70363068581 0.68554592133 0.66751593351 
0.64048653841 0.59422689676 0.49154987931 0.40253832936 0.31773641706 0.28375557065 0.24424575269 0.16370470822 0.12179065496 
0.089320518076 0.055468998849 0.029031343758 0.015897164121 0.010028619319 0.0048673572019 0.0027888123877 0.0072239488363 0.019259272143 
0.03292875737 0.043481864035 0.067499540746 0.095176801085 0.13879153132 0.19259928167 0.2518903017 0.31625622511 0.3881149888 
0.41860532761 0.44326469302 0.46953105927 0.49547830224 0.52475148439 0.60629308224 0.69806921482 0.79576563835 0.89482533932 
0.99147129059 1.0803548098 1.1671034098 1.2558811903 1.3517754078 1.4640814066 1.5105952024 1.540802598 1.5775669813 
1.6200374365 1.6615713835 1.6986812353 1.7328591347 1.7645299435 1.7938668728 1.8209080696 1.8457208872 1.8683763742 
1.8889428377 1.907484293 1.9240590334 1.9387187958 1.9515088797 1.962467432 1.9716256857 1.979008317 1.984634161 
1.988515377 1.9906591177 1.9910665751 1.989734292 1.9866532087 1.9826329947 1.9760637283 1.9676971436 1.9575047493 
1.9454530478 1.9315042496 1.9156169891 1.8977538347 1.8779176474 1.8560073376 1.8317086697 1.8043242693 1.7770463228 
1.7560217381 1.7374091148 1.7022125721 1.6150614023 1.5381700993 1.4666230679 1.397693038 1.3284811974 1.2567800283 
1.1825141907 1.1083978415 1.0384275913 0.97578310966 0.91457790136 0.84506386518 0.77111268044 0.69935393333 0.67891734838 
0.6597777009 0.63503456116 0.59310400486 0.4913443923 0.40091618896 0.32430419326 0.2832980752 0.23758976161 0.17745302618 
0.12418656796 0.079690493643 0.041229665279 0.014943989925 0.0046614939347 0.0018806563457 0.00071068690158 0.00052744930144 0.0048919441178 
0.016675688326 0.032799553126 0.048157021403 0.066308192909 0.084731966257 0.10631611198 0.15540909767 0.20777690411 0.26382112503 
0.32294967771 0.38394421339 0.41971343756 0.45243790746 0.48684686422 0.531072855 0.60254448652 0.6879684329 0.78166788816 
0.87964087725 0.97856801748 1.0755341053 1.1711117029 1.2680990696 1.3710445166 1.4846016169 1.5302416086 1.5599645376 
1.5932605267 1.6317681074 1.6694680452 1.7046837807 1.7374800444 1.7682408094 1.7968627214 1.8233431578 1.8477165699 
1.870028615 1.8903279305 1.9086629152 1.9250794649 1.939620018 1.952321887 1.9632173777 1.9723331928 1.979690671 
1.9853051901 1.9891877174 1.9913432598 1.9917724133 1.990470767 1.9874290228 1.984239459 1.9777384996 1.9694546461 
1.9593615532 1.9474295378 1.9336262941 1.9179188013 1.9002790451 1.8807113171 1.8593235016 1.835740447 1.8091814518 
1.781149745 1.75778234 1.7385681868 1.7039345503 1.6147005558 1.5359008312 1.4621931314 1.3901309967 1.3175641298 
1.2434444427 1.1684749126 1.0953477621 1.0290225744 0.98266398907 0.94022130966 0.86776149273 0.78446668386 0.70194780827 
0.67644363642 0.65398997068 0.62761235237 0.58510053158 0.49223473668 0.39286085963 0.34389150143 0.2989525795 0.24424000084 
0.18048489094 0.11915125698 0.069464124739 0.031505096704 0.0092943646014 0.0014293282293 0.00023218779825 0.00011759603512 0.0012537306175 
0.0063076447695 0.017702966928 0.030917005613 0.043163128197 0.059486217797 0.079410456121 0.10155566782 0.12930206954 0.17229107022 
0.22096376121 0.27211004496 0.32433024049 0.37195950747 0.41893419623 0.4692132473 0.52820205688 0.60126960278 0.68596529961 
0.77945685387 0.8792052269 0.9826092124 1.0866191387 1.1889865398 1.2911924124 1.3985042572 1.5031454563 1.5439509153 
1.5745415688 1.6078367233 1.6431080103 1.6781601906 1.7114776373 1.7432186604 1.7730990648 1.8010030985 1.8269019127 
1.850804925 1.8727369308 1.8927302361 1.9108200073 1.927041769 1.9414291382 1.954012394 1.9648182392 1.9738690853 
1.9811820984 1.9867708683 1.9906433821 1.9928034544 1.9932504892 1.9919792414 1.9889802933 1.9866138697 1.9801899195 
1.9720000029 1.9620188475 1.9502187967 1.9365705252 1.9210451841 1.9036179781 1.8842881918 1.8631333113 1.8401684761 
1.8145053387 1.7861734629 1.7603316307 1.7397273779 1.7064938545 1.6216691732 1.5448811054 1.4717239141 1.397939682 
1.3225183487 1.2451204062 1.1669496298 1.0899541378 1.0151128769 0.98863506317 0.96366089582 0.91581332684 0.81091994047 
0.71513134241 0.67831134796 0.64885467291 0.61686098576 0.57716858387 0.51917117834 0.42238870263 0.36666747928 0.31817886233 
0.25904989243 0.19175539911 0.12517470121 0.071340367198 0.033486574888 0.011381742544 0.0027258817572 0.00054481124971 0.00038299517473 
0.0015306819696 0.0064768339507 0.015959037468 0.025164706632 0.034663651139 0.050785351545 0.072235286236 0.10029069334 0.13257151842 
0.16286039352 0.19072325528 0.23437014222 0.28432732821 0.34090909362 0.39868301153 0.45972770452 0.52742755413 0.60452222824 
0.69110929966 0.78638350964 0.88934957981 0.99855583906 1.1110080481 1.2204777002 1.3254733086 1.4486045837 1.5106416941 
1.5488871336 1.5841076374 1.6184570789 1.653002739 1.6866090298 1.7190116644 1.7498565912 1.778938055 1.8061578274 
1.8314803839 1.8549011946 1.8764315844 1.8960922956 1.9139084816 1.9299070835 1.9441137314 1.9565532207 1.9672470093 
1.9762130976 1.9834656715 1.9890151024 1.9928678274 1.9950258732 1.9954873323 1.9942466021 1.9912934303 1.9897379875 
1.9833986759 1.9753116369 1.9654521942 1.9537931681 1.9403057098 1.9249603748 1.907730937 1.8886051178 1.8676229715 
1.8449442387 1.8202306032 1.7931175232 1.7663166523 1.7437298298 1.7124649286 1.6378031969 1.5666855574 1.4977715015 
1.4227114916 1.3443408012 1.262239933 1.1788409948 1.0974302292 1.0209486485 0.99870461226 0.97882324457 0.93980783224 
0.84271687269 0.75751513243 0.69050514698 0.64003896713 0.60885643959 0.56701654196 0.51327240467 0.45570704341 0.39777886868 
0.33937633038 0.274754107 0.20763657987 0.14140662551 0.086866050959 0.047350630164 0.02230803296 0.009656585753 0.0049178786576 
0.0035825269297 0.0042549245991 0.0086385691538 0.017274562269 0.027023436502 0.039355061948 0.057428508997 0.077154643834 0.10080426931 
0.13075643778 0.16284406185 0.19541192055 0.2247775346 0.25298944116 0.32321730256 0.39049831033 0.45936152339 0.53318732977 
0.61413019896 0.7030236125 0.80013746023 0.90597999096 1.0219738483 1.149233222 1.2707960606 1.3594039679 1.4557822943 
1.5135582685 1.5549482107 1.5922766924 1.6278429031 1.6622543335 1.6954307556 1.7271585464 1.7572661638 1.7856422663 
1.8122262955 1.8369910717 1.8599296808 1.8810477257 1.9003586769 1.9178807735 1.9336339235 1.9476386309 1.959913969 
1.9704767466 1.979341507 1.9865194559 1.9920184612 1.9958426952 1.9979928732 1.9984662533 1.9972556829 1.9943510294 
1.9935904741 1.9873423576 1.9793665409 1.9696378708 1.9581283331 1.9448068142 1.9296405315 1.9125959873 1.8936439753 
1.8727796078 1.8500635624 1.8256654739 1.799177289 1.7715188265 1.7437785864 1.7131996155 1.6698850393 1.6035596132 
1.546761632 1.466529727 1.3852119446 1.2956273556 1.2033817768 1.1148737669 1.0341200829 1.0118277073 0.99403840303 
0.96050041914 0.87647777796 0.7959960103 0.72594195604 0.6690838933 0.61973434687 0.57050716877 0.51850903034 0.47058728337 
0.41989046335 0.35911488533 0.29280757904 0.22967834771 0.16875836253 0.1166562438 0.076422140002 0.047966204584 0.03067291528 
0.021955912933 0.01846402511 0.018342429772 0.022239208221 0.028984185308 0.041058581322 0.057157572359 0.078077279031 0.097432531416 
0.1133948788 0.1337300241 0.16224893928 0.1956423521 0.22487382591 0.25065875053 0.3234347105 0.3957310617 0.4695585072 
0.54753488302 0.63137483597 0.72186052799 0.81945890188 0.92592859268 1.0485641956 1.2118989229 1.3049125671 1.3749028444 
1.4390089512 1.506726861 1.5633234978 1.6009129286 1.6372468472 1.6718484163 1.7047377825 1.7359296083 1.7654069662 
1.793148756 1.8191378117 1.8433640003 1.8658251762 1.8865258694 1.9054760933 1.9226895571 1.9381812811 1.9519668818 
1.9640613794 1.9744778872 1.9832276106 1.9903191328 1.9957578182 1.9995464087 2.001683712 2.0021662712 2.0009860992 
1.9981323481 1.99814713 1.9919966459 1.9841398001 1.9745512009 1.9632008076 1.9500542879 1.9350730181 1.9182121754 
1.8994214535 1.878649354 1.8558572531 1.8310340643 1.8041819334 1.7750070095 1.7437155247 1.7082135677 1.666113615 
1.6195999384 1.5770481825 1.5294655561 1.4506958723 1.346889019 1.2388317585 1.1392688751 1.0506216288 1.0261844397 
1.0085397959 0.9820792079 0.92088985443 0.83710050583 0.76423090696 0.70734614134 0.65171873569 0.59539854527 0.54171037674 
0.49594852328 0.44614472985 0.3869817555 0.32571175694 0.26904600859 0.20925007761 0.15680611134 0.11572529376 0.085189580917 
0.064614899457 0.052345659584 0.045931879431 0.043714419007 0.045155938715 0.048827689141 0.060725878924 0.077405773103 0.10572759062 
0.12521153688 0.14006818831 0.15483307838 0.17780533433 0.20753909647 0.23463030159 0.26221391559 0.33892318606 0.41424462199 
0.49095332623 0.57155817747 0.65743154287 0.74877154827 0.84502202272 0.94640088081 1.0566492081 1.1821298599 1.3146474361 
1.3875538111 1.4512586594 1.5154008865 1.5674786568 1.6097646952 1.6473712921 1.6821428537 1.7147340775 1.7454080582 
1.7742877007 1.8014258146 1.8268418312 1.8505420685 1.8725302219 1.892811656 1.9113944769 1.9282889366 1.9435069561 
1.9570605755 1.9689610004 1.9792186022 1.9878418446 1.9948368073 2.0002071857 2.0039534569 2.0060741901 2.0065639019 
2.0054140091 2.0026135445 2.0033810139 1.9973342419 1.98960495 1.9801667929 1.9689879417 1.9560314417 1.9412519932 
1.9245938063 1.9059854746 1.885332346 1.8625110388 1.8373583555 1.8096542358 1.7791022062 1.7453556061 1.7080048323 
1.6668912172 1.6235715151 1.5802558661 1.5352905989 1.4868910313 1.4190815687 1.2803226709 1.1671755314 1.0686197281 
1.0406811237 1.0186368227 0.98885291815 0.94841712713 0.88389754295 0.80839306116 0.74696820974 0.69069230556 0.63898676634 
0.58937126398 0.53964179754 0.48103040457 0.41894575953 0.36845993996 0.31987175345 0.26712530851 0.20124469697 0.15949685872 
0.1291577667 0.10754155368 0.093190722167 0.084600910544 0.081056252122 0.08457044512 0.10932748765 0.12313786149 0.1355060786 
0.14864103496 0.15779860318 0.17308247089 0.18804049492 0.21231870353 0.23546688259 0.25592729449 0.29010239244 0.37004163861 
0.44610157609 0.52369004488 0.60575783253 0.69343733788 0.78601706028 0.88071256876 0.97455871105 1.0700323582 1.1707535982 
1.2748514414 1.3723959923 1.467621088 1.5311720371 1.5795413256 1.6218891144 1.6593263149 1.6936279535 1.7256339788 
1.7556749582 1.7839193344 1.8104476929 1.8352950811 1.8584750891 1.8799932003 1.89985466 1.9180657864 1.9346344471 
1.9495697021 1.962880969 1.9745769501 1.9846656322 1.9931528568 2.0000429153 2.0053377151 2.0090370178 2.0111370087 
2.0116322041 2.0105128288 2.0077679157 2.0092630386 2.0033259392 1.9957325459 1.9864560366 1.9754641056 1.9627180099 
1.9481691122 1.9317545891 1.9133886099 1.8929473162 1.8702448606 1.8449990749 1.8167885542 1.7850501537 1.7492771149 
1.7099387646 1.6680716276 1.625311017 1.5827040672 1.5403448343 1.499435544 1.4436196089 1.3110275269 1.1944334507 
1.088614583 1.05773592 1.033207655 1.0013462305 0.96170717478 0.91168767214 0.84833723307 0.78801196814 0.736764431 
0.69532245398 0.65077120066 0.59780794382 0.53563046455 0.44537690282 0.41026929021 0.37430363894 0.34759610891 0.31351321936 
0.28272643685 0.25683364272 0.23605713248 0.2196995765 0.20701251924 0.19797366858 0.19414322078 0.19814667106 0.20227399468 
0.20700784028 0.21209274232 0.21421407163 0.2086841017 0.22881248593 0.25025221705 0.26631289721 0.28524023294 0.35069718957 
0.41981953382 0.49117138982 0.56715071201 0.64976942539 0.74001157284 0.83654296398 0.93261754513 1.0169203281 1.0956187248 
1.1748957634 1.2602733374 1.3477972746 1.4394518137 1.5395416021 1.5955482721 1.6371318102 1.6733309031 1.7064684629 
1.7374994755 1.7667341232 1.7942752838 1.8201736212 1.8444504738 1.867113471 1.8881649971 1.907607317 1.9254443645 
1.9416824579 1.956328392 1.9693894386 1.9808726311 1.9907838106 1.9991272688 2.0059056282 2.0111193657 2.0147666931 
2.0168430805 2.0173420906 2.0162539482 2.0135660172 2.0157604218 2.0099391937 2.0024898052 1.9933863878 1.9825974703 
1.9700853825 1.9558026791 1.9396878481 1.9216551781 1.9015762806 1.8792465925 1.8543208838 1.8261942863 1.7937277555 
1.7554217577 1.7128925323 1.6687028408 1.6253356934 1.5830389261 1.5415363312 1.5024900436 1.4527896643 1.3401296139 
1.2242941856 1.1121374369 1.0786061287 1.0515166521 1.0184152126 0.98181837797 0.93826502562 0.88662165403 0.83302026987 
0.78956866264 0.7549302578 0.71946150064 0.66164833307 0.60274732113 0.54180264473 0.4779791832 0.47409120202 0.45950058103 
0.43735346198 0.41476637125 0.39363718033 0.37518069148 0.35825583339 0.34179455042 0.32552480698 0.31119576097 0.30092740059 
0.29409623146 0.29089453816 0.29105871916 0.29346525669 0.29738649726 0.3061568141 0.29954501987 0.31779533625 0.37050887942 
0.42346534133 0.48166239262 0.54648154974 0.61923217773 0.70163917542 0.79588586092 0.90316158533 1.0125646591 1.081466794 
1.1376818419 1.1900529861 1.2604641914 1.3367996216 1.4230984449 1.5156418085 1.6084883213 1.6560353041 1.6890381575 
1.7204525471 1.7502057552 1.77848804 1.8052777052 1.830539465 1.854252696 1.8764072657 1.896998167 1.9160240889 
1.9334867001 1.9493910074 1.9637424946 1.9765472412 1.9878108501 1.9975377321 2.0057308674 2.0123913288 2.0175187588 
2.0211100578 2.0231602192 2.0236620903 2.0226049423 2.0199763775 2.0228395462 2.0171384811 2.00984025 2.0009205341 
1.9903492928 1.9780930281 1.9641108513 1.9483515024 1.9307479858 1.9112046957 1.8895714283 1.8655834198 1.8385816813 
1.806634903 1.7640461922 1.7156093121 1.6667642593 1.6226110458 1.5809270144 1.5382249355 1.4946327209 1.4498693943 
1.3886497021 1.2638663054 1.1418172121 1.1034605503 1.0721751451 1.0365133286 1.0037193298 0.96758717299 0.92331695557 
0.8761497736 0.83650964499 0.80749547482 0.77911388874 0.74481499195 0.68231964111 0.63699674606 0.6051658988 0.59540635347 
0.5952475071 0.57620948553 0.55838978291 0.54063802958 0.52602386475 0.50981485844 0.48954254389 0.46372824907 0.43686470389 
0.41317042708 0.39526647329 0.384357512 0.38066536188 0.38416770101 0.39522755146 0.41403764486 0.43434366584 0.45108285546 
0.47141224146 0.50517141819 0.55156177282 0.6089720726 0.67706114054 0.75727683306 0.85449844599 0.98476558924 1.0581408739 
1.1133744717 1.1591185331 1.2059912682 1.2726033926 1.3335465193 1.4187906981 1.5124900341 1.6187520027 1.6694363356 
1.7045606375 1.7351104021 1.7635191679 1.7907770872 1.816814661 1.84146595 1.8646419048 1.8863065243 1.9064472914 
1.9250614643 1.9421505928 1.9577190876 1.9717723131 1.9843156338 1.9953538179 2.0048904419 2.0129275322 2.0194652081 
2.024502039 2.0280339718 2.0300555229 2.0305585861 2.0295329094 2.0269649029 2.0304632187 2.0248863697 2.017745018 
2.0090157986 1.9986729622 1.9866878986 1.9730291367 1.95766294 1.9405540228 1.9216701984 1.9009959698 1.8785489798 
1.8543227911 1.8283433914 1.7862590551 1.7186034918 1.6535127163 1.6151821613 1.5774818659 1.5333490372 1.4854700565 
1.4392044544 1.3907424212 1.3175401688 1.1786046028 1.1313256025 1.0945093632 1.0552020073 1.0263396502 0.9986974597 
0.9621450901 0.9185205102 0.88026583195 0.85186845064 0.82456409931 0.80251598358 0.7558156848 0.72527724504 0.71211916208 
0.72389888763 0.77274531126 0.7328928113 0.71685880423 0.69809776545 0.69205278158 0.67864441872 0.65446215868 0.6125985384 
0.56951415539 0.5314668417 0.50243544579 0.48408198357 0.47675663233 0.48111125827 0.49922332168 0.53444081545 0.58829396963 
0.59644651413 0.57338762283 0.58907222748 0.62559908628 0.67619645596 0.7383902669 0.81172418594 0.89665257931 0.99213212729 
1.0830065012 1.1389681101 1.1877615452 1.2419416904 1.2849340439 1.3249710798 1.4241945744 1.5159497261 1.6046581268 
1.6830960512 1.7225089073 1.749796629 1.7772743702 1.8034543991 1.8287829161 1.8528823853 1.8755655289 1.896766901 
1.9164717197 1.9346802235 1.9513969421 1.9666275978 1.980378747 1.9926558733 2.0034635067 2.0128047466 2.020680666 
2.0270910263 2.0320329666 2.0355029106 2.0374934673 2.0379970074 2.0370020866 2.034496069 2.0385937691 2.0331432819 
2.0261616707 2.0176272392 2.0075178146 1.9958096743 1.9824807644 1.9675129652 1.9509019852 1.9326736927 1.9129298925 
1.8919312954 1.870098114 1.8481853008 1.8160091639 1.7471138239 1.6829714775 1.6257400513 1.5794305801 1.5285335779 
1.4644539356 1.4277698994 1.3858963251 1.3125386238 1.1959426403 1.1572691202 1.1188677549 1.0769612789 1.0506122112 
1.0312583447 1.0021082163 0.96372663975 0.92639613152 0.89595198631 0.86898857355 0.85040742159 0.82532846928 0.80893003941 
0.80954176188 0.83969843388 0.86863929033 0.88813263178 0.89439117908 0.85739648342 0.88054406643 0.87270694971 0.84802347422 
0.76861077547 0.70331996679 0.65063005686 0.61164838076 0.58676606417 0.57562279701 0.57896327972 0.60092401505 0.65317440033 
0.66059821844 0.66076982021 0.65324169397 0.66756099463 0.70116788149 0.747590065 0.80450904369 0.87066918612 0.94450908899 
1.0223276615 1.0952316523 1.1530246735 1.2221944332 1.2719076872 1.3092559576 1.3559867144 1.4556896687 1.5408506393 
1.6214985847 1.7029951811 1.7353392839 1.7614600658 1.7896580696 1.8163691759 1.8411260843 1.8647557497 1.8869937658 
1.9077576399 1.9270381927 1.9448447227 1.9611881971 1.9760783911 1.9895232916 2.0015294552 2.0121014118 2.0212421417 
2.0289523602 2.0352313519 2.040075779 2.0434801579 2.0454378128 2.0459403992 2.0449762344 2.042532444 2.0471918583 
2.0418686867 2.035048008 2.0267095566 2.0168330669 2.0053982735 1.9923888445 1.9777959585 1.9616295099 1.9439390898 
1.9248622656 1.9047071934 1.8840427399 1.8640838861 1.8402020931 1.7905081511 1.7245972157 1.6653530598 1.6101388931 
1.5484405756 1.4688968658 1.4329342842 1.3822928667 1.3086997271 1.2365846634 1.1872917414 1.143384099 1.1011935472 
1.0775158405 1.0650713444 1.0407692194 1.0067294836 0.97575330734 0.95015710592 0.93576014042 0.91616910696 0.89816689491 
0.88906854391 0.89381599426 0.91654902697 0.93085187674 0.96211832762 0.97336405516 0.97281140089 0.9564743638 0.94436138868 
0.93171328306 0.91708159447 0.82893079519 0.7644187212 0.71916723251 0.69011086226 0.67512470484 0.67357707024 0.68985891342 
0.70799779892 0.70612233877 0.70204788446 0.71300601959 0.74332040548 0.7799372673 0.82463300228 0.8776858449 0.93840581179 
1.0050036907 1.0741533041 1.1411881447 1.2031269073 1.2632124424 1.3063253164 1.3619499207 1.4457856417 1.5202926397 
1.5886019468 1.6562876701 1.7236276865 1.7459675074 1.7701696157 1.800455451 1.8286255598 1.8538925648 1.877112627 
1.8989286423 1.9192632437 1.9381209612 1.9555233717 1.9714895487 1.9860341549 1.9991674423 2.010897398 2.0212287903 
2.0301644802 2.0377049446 2.0438485146 2.0485913754 2.0519278049 2.0538511276 2.0543513298 2.0534172058 2.0510356426 
2.056217432 2.0510218143 2.0443618298 2.0362179279 2.0265705585 2.0154006481 2.0026919842 1.9884359837 1.9726382494 
1.9553320408 1.9366002083 1.9166039228 1.8955061436 1.8730983734 1.8478280306 1.8173763752 1.7799019814 1.7193633318 
1.6654597521 1.6047083139 1.5214071274 1.4628437757 1.4048150778 1.3306717873 1.2630611658 1.2127457857 1.1700226068 
1.1324226856 1.1127188206 1.1082071066 1.1001577377 1.0573836565 1.0307197571 1.0344771147 1.0135084391 0.99060356617 
0.97425174713 0.96824365854 0.97372102737 0.98701941967 0.99270606041 1.0232536793 1.0294326544 1.0279693604 1.0081211329 
0.99235504866 0.98226296902 0.97885662317 0.94132250547 0.86984318495 0.8239185214 0.79447370768 0.77693921328 0.76701134443 
0.75874638557 0.75159496069 0.74991387129 0.74962735176 0.79344081879 0.82971805334 0.86702978611 0.90985840559 0.95991444588 
1.0171817541 1.0800359249 1.1452676058 1.2094111443 1.2728475332 1.3403251171 1.4157149792 1.5107904673 1.5647197962 
1.609423399 1.6561435461 1.7106570005 1.7414140701 1.7593491077 1.7833046913 1.8128724098 1.8417785168 1.866967082 
1.8900145292 1.9113904238 1.9312777519 1.9496986866 1.9666862488 1.9822664261 1.9964578152 2.0092730522 2.0207204819 
2.0308060646 2.0395319462 2.0468981266 2.0529029369 2.0575413704 2.0608079433 2.0626943111 2.063190937 2.0622861385 
2.0599665642 2.0656309128 2.0605623722 2.0540621281 2.0461108685 2.0366880894 2.0257740021 2.0133485794 1.9993963242 
1.9839081764 1.9668833017 1.9483311176 1.9282534122 1.9065791368 1.8828974962 1.8561205864 1.8248327971 1.7878934145 
1.7424416542 1.6929712296 1.6379324198 1.5756846666 1.5104885101 1.4453206062 1.3724616766 1.3046762943 1.2526086569 
1.2128542662 1.1798511744 1.1602852345 1.1557117701 1.1577630043 1.1557840109 1.1505717039 1.1430401802 1.1000632048 
1.0695812702 1.05278337 1.0492497683 1.0585976839 1.0785207748 1.1062344313 1.0936979055 1.0901838541 1.0834259987 
1.0695650578 1.0554492474 1.04573071 1.0409568548 1.0192508698 0.96549856663 0.92792493105 0.90308707952 0.88759231567 
0.87604302168 0.85852181911 0.81685763597 0.8171018362 0.86419743299 0.90004467964 0.93177300692 0.96537292004 1.0047720671 
1.052071929 1.1077581644 1.1702682972 1.2351303101 1.2959831953 1.3560943604 1.4270037413 1.5250718594 1.5809366703 
1.6131191254 1.6437988281 1.6814488173 1.7214018106 1.7527717352 1.7770760059 1.8017374277 1.8299167156 1.856754303 
1.8811520338 1.903506875 1.9243885279 1.9437897205 1.9617475271 1.978302002 1.9934829473 2.0073108673 2.0197997093 
2.0309586525 2.0407927036 2.0493042469 2.0564925671 2.0623548031 2.066886425 2.0700802803 2.0719282627 2.0724201202 
2.0715436935 2.0692856312 2.0753922462 2.0704507828 2.0641100407 2.0563499928 2.0471491814 2.0364844799 2.0243322849 
2.0106675625 1.9954633713 1.9786882401 1.9602966309 1.9402022362 1.9182194471 1.8939652443 1.8667396307 1.8356567621 
1.7998714447 1.7587791681 1.7133131027 1.6634089947 1.6093593836 1.5527371168 1.4932783842 1.4274019003 1.3631480932 
1.3106170893 1.2714217901 1.2383545637 1.2132328749 1.201791048 1.1976665258 1.2000203133 1.1997896433 1.1977407932 
1.190718174 1.1487540007 1.1320433617 1.1317628622 1.1474000216 1.1785172224 1.1712880135 1.1573355198 1.1502587795 
1.1436370611 1.1353529692 1.126537919 1.1192042828 1.1148471832 1.0990986824 1.0635234118 1.036454916 1.0193986893 
1.0114200115 1.0083441734 1.0013077259 0.98929125071 0.99145394564 1.0098159313 1.0282074213 1.0491120815 1.0750102997 
1.1090085506 1.153331399 1.2092989683 1.276137948 1.3470429182 1.4012959003 1.4464581013 1.5050941706 1.5847729445 
1.6211066246 1.6403831244 1.6599297523 1.6915118694 1.7306414843 1.7654480934 1.794439435 1.8207770586 1.8472270966 
1.8725180626 1.89577806 1.9175828695 1.9379041195 1.9567723274 1.974235177 1.9903343916 2.0051002502 2.0185530186 
2.0307066441 2.0415697098 2.0511469841 2.0594396591 2.0664463043 2.0721635818 2.0765855312 2.0797049999 2.0815131664 
2.0819988251 2.0811498165 2.0789530277 2.0854620934 2.080647707 2.0744667053 2.0668978691 2.057918787 2.0475037098 
2.0356245041 2.0222482681 2.0073349476 1.9908323288 1.9726661444 1.9527181387 1.930790782 1.9065630436 1.8795785904 
1.8493260145 1.8153498173 1.7774627209 1.7359383106 1.6910295486 1.6432060003 1.5936481953 1.5420130491 1.4865320921 
1.4290018082 1.3773621321 1.3277577162 1.286742568 1.2532888651 1.2383927107 1.2311043739 1.2304024696 1.2313294411 
1.2328139544 1.2346935272 1.2207268476 1.2099997997 1.2138198614 1.2391531467 1.2326681614 1.219238162 1.211178422 
1.2062288523 1.2018772364 1.1976788044 1.1941610575 1.1918658018 1.1914129257 1.1860523224 1.1726453304 1.1528865099 
1.1443078518 1.1481231451 1.1627787352 1.1680407524 1.1682859659 1.1709547043 1.1752887964 1.172413826 1.1791313887 
1.1939009428 1.2203255892 1.2605975866 1.3179553747 1.3961086273 1.4944081306 1.5344403982 1.5414197445 1.5809723139 
1.6357154846 1.6593182087 1.6691944599 1.6783488989 1.7034051418 1.740154624 1.7776751518 1.8102220297 1.8384071589 
1.8642090559 1.8883687258 1.911033988 1.9321957827 1.951893568 1.970184207 1.9871202707 2.0027413368 2.0170755386 
2.0301411152 2.0419504642 2.0525109768 2.0618259907 2.0698957443 2.0767176151 2.0822870731 2.086597681 2.0896410942 
2.0914080143 2.0918867588 2.0910651684 2.0889286995 2.0958008766 2.0911140442 2.0850939751 2.0777184963 2.0689637661 
2.0588035583 2.0472054482 2.0341322422 2.0195372105 2.0033595562 1.9855160713 1.9658894539 1.9443098307 1.9205409288 
1.8942893744 1.8652614355 1.8332499266 1.7982094288 1.7603332996 1.7199209929 1.6774226427 1.6335269213 1.5890100002 
1.5429340601 1.4959149361 1.4526284933 1.3979796171 1.3335250616 1.2790510654 1.2641944885 1.2572138309 1.2590084076 
1.2613629103 1.2660084963 1.2711932659 1.2821395397 1.2908314466 1.2934017181 1.2878738642 1.2745760679 1.2645183802 
1.2609667778 1.2596859932 1.2578927279 1.2567244768 1.257270813 1.2603858709 1.2680824995 1.2942602634 1.3082118034 
1.2763981819 1.2749944925 1.2923390865 1.3461573124 1.3606644869 1.3675154448 1.3723803759 1.3701562881 1.3265436888 
1.3191421032 1.3185805082 1.3350657225 1.3681325912 1.4235687256 1.5151851177 1.5692238808 1.5963116884 1.6236653328 
1.6612232924 1.6904196739 1.6973149776 1.7030398846 1.7091898918 1.7274087667 1.7581475973 1.7921341658 1.826305151 
1.8557698727 1.8815450668 1.9049589634 1.9268615246 1.947286129 1.9663014412 1.9839737415 2.0003530979 2.0154745579 
2.0293610096 2.0420279503 2.0534851551 2.0637373924 2.0727856159 2.0806291103 2.0872635841 2.0926833153 2.0968806744 
2.0998470783 2.1015720367 2.1020433903 2.1012485027 2.099173069 2.1063683033 2.1018104553 2.0959534645 2.0887749195 
2.0802507401 2.0703530312 2.0590496063 2.0463018417 2.0320615768 2.0162689686 1.9988452196 1.9796892405 1.9586702585 
1.9356269836 1.9103832245 1.8827860355 1.8527597189 1.820353508 1.7857679129 1.7493237257 1.7114583254 1.6727310419 
1.6337887049 1.5953094959 1.5571870804 1.5215284824 1.473932147 1.4130221605 1.3572779894 1.3032702208 1.285803318 
1.2859396935 1.2878673077 1.2969619036 1.3053878546 1.3181331158 1.3272898197 1.3317053318 1.3253118992 1.3164747953 
1.3117177486 1.3120342493 1.3124330044 1.3122541904 1.3130580187 1.3161927462 1.3229250908 1.3355615139 1.3597974777 
1.3757139444 1.3898853064 1.4060902596 1.4206284285 1.4274176359 1.4352637529 1.442913413 1.4502199888 1.456423521 
1.4656558037 1.4707275629 1.4432020187 1.449586153 1.4699668884 1.5103224516 1.5821404457 1.6177241802 1.6427618265 
1.6724991798 1.6984409094 1.7186266184 1.7295525074 1.7399624586 1.7498850822 1.7664856911 1.7887561321 1.8158625364 
1.8460252285 1.8747925758 1.8996168375 1.9222220182 1.9431940317 1.9627871513 1.9810636044 1.998079896 2.0138761997 
2.0284790993 2.0419049263 2.0541644096 2.0652627945 2.0752019882 2.0839805603 2.0915954113 2.0980408192 2.1033093929 
2.1073932648 2.1102817059 2.1119637489 2.1124277115 2.1116597652 2.1096451283 2.1171240807 2.1126976013 2.107006073 
2.1000287533 2.0917410851 2.0821170807 2.0711238384 2.0587253571 2.0448765755 2.0295233727 2.0125999451 1.9940263033 
1.973708868 1.9515464306 1.9274436235 1.9013379812 1.8732351065 1.8432391882 1.8115725517 1.7785731554 1.7446894646 
1.7104792595 1.6766177416 1.6439362764 1.6132215261 1.5849790573 1.5520328283 1.4912933111 1.4414522648 1.4008815289 
1.3738596439 1.3275237083 1.3187762499 1.3264545202 1.3327486515 1.3417375088 1.3516690731 1.3623441458 1.3630577326 
1.3594014645 1.3593306541 1.3618755341 1.3630871773 1.3639532328 1.3661938906 1.3706409931 1.3782188892 1.3900088072 
1.4064979553 1.4232283831 1.4434760809 1.4582219124 1.4685225487 1.4719234705 1.478895545 1.4872324467 1.4967882633 
1.5084209442 1.5263948441 1.538615346 1.5518494844 1.5669276714 1.5750192404 1.5821592808 1.633327961 1.6596137285 
1.6813700199 1.7042371035 1.7255131006 1.7437359095 1.7586420774 1.7728260756 1.7875366211 1.8045688868 1.823933363 
1.8453643322 1.8710606098 1.8960187435 1.9188982248 1.9400168657 1.9599254131 1.9786096811 1.9961006641 2.0124311447 
2.0276248455 2.0416958332 2.0546519756 2.0664978027 2.0772333145 2.086856842 2.0953640938 2.1027493477 2.1090049744 
2.1141223907 2.1180918217 2.1209022999 2.1225419044 2.1229982376 2.1222577095 2.1203048229 2.1280274391 2.1237339973 
2.1182112694 2.1114394665 2.1033957005 2.0940546989 2.0833871365 2.071359396 2.057933569 2.043063879 2.0266985893 
2.008780241 1.9892480373 1.9680441618 1.9451285601 1.9204962254 1.8942011595 1.8663794994 1.8372657299 1.8072021008 
1.776645422 1.7461736202 1.7165071964 1.6885253191 1.6627449989 1.6365269423 1.6147618294 1.5624252558 1.5216659307 
1.4948414564 1.495085001 1.4338037968 1.4003059864 1.3717690706 1.370685339 1.3761527538 1.3877145052 1.4006123543 
1.4081033468 1.4077316523 1.4090197086 1.4107738733 1.4117422104 1.4131838083 1.4161131382 1.4209685326 1.4282711744 
1.4384361506 1.4512830973 1.4653477669 1.4801441431 1.4929628372 1.5032042265 1.5110048056 1.5193355083 1.5286930799 
1.5394332409 1.5520759821 1.5672723055 1.5829336643 1.6027377844 1.6172237396 1.6261188984 1.632453084 1.6731185913 
1.692481041 1.7156411409 1.7355359793 1.7539697886 1.770950675 1.7866098881 1.8021116257 1.8181923628 1.8358545303 
1.8543058634 1.8742109537 1.8959469795 1.9177316427 1.9383369684 1.958114624 1.9768987894 1.9946353436 2.0113165379 
2.0269463062 2.0415272713 2.0550601482 2.0675427914 2.0789728165 2.0893449783 2.0986528397 2.1068890095 2.1140451431 
2.1201117039 2.1250779629 2.1289336681 2.1316664219 2.1332640648 2.1337137222 2.1330006123 2.1311104298 2.1390366554 
2.1348779202 2.129527092 2.1229650974 2.1151709557 2.1061215401 2.0957918167 2.0841526985 2.0711724758 2.0568163395 
2.0410466194 2.0238249302 2.0051167011 1.9848965406 1.9631601572 1.9399372339 1.9153094292 1.8894251585 1.8625156879 
1.834908843 1.8070429564 1.7794830799 1.7529779673 1.7286924124 1.7088172436 1.6911314726 1.6667705774 1.6354730129 
1.6072280407 1.5816954374 1.5626312494 1.5326176882 1.4968241453 1.5024278164 1.4991923571 1.4958275557 1.4886720181 
1.4627559185 1.4604251385 1.4583648443 1.4577363729 1.4578504562 1.4583117962 1.4599791765 1.4630514383 1.467794776 
1.4744675159 1.483178854 1.4936957359 1.5053298473 1.5173707008 1.528719306 1.538900733 1.5481686592 1.557577014 
1.5677232742 1.5789602995 1.5916035175 1.6057646275 1.6208822727 1.636864543 1.6506745815 1.6603866816 1.6691244841 
1.7023162842 1.7239319086 1.7503275871 1.7664533854 1.7825528383 1.7984243631 1.8139914274 1.8296343088 1.8458185196 
1.8628815413 1.8809341192 1.8995990753 1.9192217588 1.9386711121 1.9577778578 1.9762539864 1.9939324856 2.0107297897 
2.0266058445 2.0415372849 2.0555078983 2.0685050488 2.080517292 2.0915341377 2.1015453339 2.1105399132 2.1185073853 
2.125436306 2.1313152313 2.1361324787 2.1398756504 2.1425318718 2.1440885067 2.1445319653 2.1438477039 2.1420211792 
2.1501104832 2.1460881233 2.1409108639 2.1345615387 2.1270213127 2.1182701588 2.1082866192 2.0970473289 2.0845277309 
2.0707023144 2.0555462837 2.0390377045 2.0211615562 2.001914978 1.9813166857 1.959416151 1.9363058805 1.9121330976 
1.8871121407 1.8615356684 1.8357893229 1.8103694916 1.7859064341 1.7633240223 1.7442959547 1.7316410542 1.7114607096 
1.6788861752 1.654409647 1.6310344934 1.6099767685 1.6007511616 1.5752866268 1.5585964918 1.5485435724 1.5422936678 
1.5362432003 1.5247926712 1.5118515491 1.5061057806 1.5036052465 1.502532959 1.5028091669 1.5043628216 1.5072647333 
1.5116438866 1.517604351 1.5251367092 1.5340371132 1.5438959599 1.554228425 1.5644886494 1.5744190216 1.5841306448 
1.5940672159 1.6045992374 1.6159908772 1.6284141541 1.6418862343 1.6561719179 1.6708667278 1.6846116781 1.6955401897 
1.7061502934 1.740250349 1.773632288 1.7837551832 1.7960880995 1.8102883101 1.8251798153 1.8403521776 1.8558061123 
1.8717077971 1.8882110119 1.9053616524 1.9230611324 1.9410824776 1.959130764 1.9769165516 1.9942109585 2.010859251 
2.026763916 2.0418641567 2.0561168194 2.0694916248 2.081964016 2.093514204 2.1041252613 2.1137816906 2.1224684715 
2.130171299 2.1368770599 2.1425716877 2.1472425461 2.15087533 2.1534566879 2.1549735069 2.1554114819 2.1547570229 
2.1529948711 2.1612062454 2.1573209763 2.152318716 2.1461834908 2.1388998032 2.1304502487 2.1208176613 2.1099834442 
2.0979304314 2.084641695 2.0701034069 2.0543057919 2.0372486115 2.018944025 1.9994245768 1.9787486792 1.95701015 
1.9343454838 1.9109416008 1.8870428801 1.8629597425 1.8390747309 1.8158451319 1.7938021421 1.7736464739 1.7557829618 
1.7372877598 1.708496809 1.6811162233 1.6564753056 1.640017271 1.6300753355 1.6133255959 1.5913722515 1.5767271519 
1.5693311691 1.5667227507 1.5613148212 1.5543243885 1.5492383242 1.5463027954 1.5450011492 1.5450538397 1.5463728905 
1.5489708185 1.5528947115 1.558168292 1.5647400618 1.5724498034 1.5810337067 1.5901830196 1.5996029377 1.6091409922 
1.6188358068 1.6288807392 1.6394859552 1.6508191824 1.6629804373 1.6759763956 1.689712286 1.7040196657 1.7184553146 
1.7323862314 1.7552424669 1.7884229422 1.8030908108 1.8113182783 1.8230247498 1.8364071846 1.85067451 1.8654288054 
1.8805524111 1.896069169 1.9120194912 1.9283955097 1.9451146126 1.9620195627 1.9789072275 1.9955695868 2.0118281841 
2.0275468826 2.0426268578 2.0569970608 2.0706036091 2.0834059715 2.0953717232 2.106474638 2.1166911125 2.1260020733 
2.1343884468 2.1418335438 2.1483213902 2.1538367271 2.1583640575 2.1618893147 2.1643986702 2.1658771038 2.166311264 
2.1656870842 2.1639902592 2.1722829342 2.1685342789 2.1637067795 2.1577861309 2.1507587433 2.1426110268 2.1333291531 
2.122900486 2.111313343 2.0985581875 2.0846292973 2.0695281029 2.053262949 2.0358564854 2.0173478127 1.9977991581 
1.9772982597 1.955966115 1.9339585304 1.9114689827 1.8887277842 1.8659968376 1.8435528278 1.8216531277 1.8004876375 
1.7800196409 1.7581108809 1.7312039137 1.7007498741 1.6758805513 1.6599427462 1.6497551203 1.6348118782 1.6183011532 
1.6061412096 1.6005600691 1.5992003679 1.5971984863 1.5929276943 1.5891039371 1.5864707232 1.5851390362 1.5850242376 
1.5860954523 1.5883560181 1.5918169022 1.5964665413 1.6022452116 1.6090320349 1.6166518927 1.6249086857 1.6336275339 
1.6427109241 1.652162075 1.6620658636 1.672534585 1.6836664677 1.695524931 1.7081292868 1.7214775085 1.7356251478 
1.7507798672 1.7677454948 1.790263176 1.8101336956 1.8232063055 1.8349882364 1.8474488258 1.8607800007 1.8747588396 
1.8891686201 1.9039301872 1.9190229177 1.934433341 1.950124979 1.9660220146 1.9820065498 1.9979321957 2.013645649 
2.0290067196 2.0438985825 2.0582284927 2.0719225407 2.0849232674 2.0971839428 2.1086668968 2.1193408966 2.129178524 
2.1381561756 2.1462526321 2.1534481049 2.1597249508 2.1650657654 2.1694550514 2.172876358 2.1753156185 2.1767580509 
2.177189827 2.1765971184 2.1749658585 2.1832978725 2.1796855927 2.1750314236 2.1693236828 2.1625506878 2.1547019482 
2.1457679272 2.1357398033 2.1246113777 2.1123790741 2.099044323 2.0846149921 2.0691070557 2.0525486469 2.0349824429 
2.0164678097 1.9970861673 1.9769407511 1.9561579227 1.934885025 1.9132839441 1.8915176392 1.8697243929 1.8479839563 
1.8262928724 1.8043164015 1.7810742855 1.7531832457 1.7229034901 1.6964591742 1.6806120872 1.6666722298 1.652531147 
1.6415885687 1.6385188103 1.636687994 1.635874629 1.6334531307 1.6300208569 1.6267161369 1.6243746281 1.6230639219 
1.6228171587 1.6236526966 1.6255822182 1.6286053658 1.6327006817 1.6378144026 1.6438564062 1.650708437 1.6582422256 
1.6663464308 1.6749531031 1.6840493679 1.6936691999 1.7038680315 1.714699626 1.7262035608 1.7384036779 1.7513260841 
1.7650483847 1.7797743082 1.7958165407 1.8133755922 1.8299326897 1.8440849781 1.8571734428 1.8702604771 1.8837106228 
1.8975149393 1.9116357565 1.9260431528 1.9407106638 1.9556068182 1.9706847668 1.9858748913 2.001083374 2.0161988735 
2.031103611 2.0456857681 2.0598454475 2.0734980106 2.0865731239 2.0990114212 2.1107649803 2.1217925549 2.1320595741 
2.1415362358 2.1501953602 2.1580138206 2.1649699211 2.1710436344 2.1762168407 2.180472374 2.18379426 2.1861667633 
2.1875753403 2.1880064011 2.187445879 2.1858804226 2.1942105293 2.1907324791 2.1862492561 2.1807510853 2.1742286682 
2.1666738987 2.1580805779 2.1484441757 2.137762785 2.1260378361 2.113275528 2.099489212 2.0846991539 2.0689365864 
2.0522449017 2.0346803665 2.0163161755 1.9972391129 1.9775512218 1.9573636055 1.9367877245 1.9159201384 1.8948165178 
1.8734703064 1.8518198729 1.8298171759 1.8066080809 1.781124711 1.7525377274 1.7283216715 1.7088779211 1.69140625 
1.6750266552 1.6697790623 1.6726955175 1.6740589142 1.6721184254 1.6689788103 1.6654242277 1.6624749899 1.660277009 
1.6589490175 1.6585674286 1.6591743231 1.6607877016 1.6634070873 1.6670111418 1.6715564728 1.6769769192 1.6831902266 
1.6901093721 1.6976588964 1.7057881355 1.7144773006 1.7237342596 1.7335819006 1.7440457344 1.7551468611 1.7669010162 
1.779327035 1.7924627066 1.8063718081 1.8210916519 1.8363679647 1.8512641191 1.8652576208 1.8786894083 1.8920171261 
1.9054527283 1.9190816879 1.9329307079 1.9469947815 1.9612512589 1.9756649733 1.990188241 2.004758358 2.0192980766 
2.0337183475 2.047924757 2.0618257523 2.0753362179 2.0883800983 2.1008913517 2.1128122807 2.1240947247 2.1346964836 
2.1445810795 2.1537160873 2.1620731354 2.1696271896 2.1763546467 2.1822345257 2.1872477531 2.1913759708 2.1946029663 
2.1969120502 2.1982896328 2.198720932 2.1981930733 2.1966936588 2.2049803734 2.201634407 2.1973185539 2.1920251846 
2.1857471466 2.1784787178 2.1702170372 2.1609604359 2.1507105827 2.1394731998 2.1272585392 2.1140825748 2.0999693871 
2.0849514008 2.0690710545 2.0523815155 2.0349469185 2.0168430805 1.9981521368 1.9789603949 1.9593482018 1.9393763542 
1.9190667868 1.8983911276 1.8772979975 1.8558062315 1.8341372013 1.8114049435 1.788351059 1.7666244507 1.7487889528 
1.7294871807 1.7142717838 1.7092393637 1.7112919092 1.7101997137 1.7068208456 1.7028844357 1.6994403601 1.6965545416 
1.6943506002 1.6929403543 1.6924010515 1.6927770376 1.6940882206 1.6963351965 1.69950068 1.7035511732 1.7084378004 
1.7141016722 1.7204817533 1.7275229692 1.735185504 1.7434471846 1.7523018122 1.7617528439 1.7718077898 1.7824722528 
1.7937492132 1.805639863 1.8181447983 1.8312506676 1.8448885679 1.8588480949 1.8727288246 1.8862957954 1.8996229172 
1.9128696918 1.9261624813 1.9395780563 1.9531488419 1.9668753147 1.9807370901 1.9946997166 2.0087182522 2.0227370262 
2.0366899967 2.0505032539 2.0640995502 2.0774011612 2.0903344154 2.1028311253 2.1148304939 2.1262779236 2.1371259689 
2.147331953 2.1568586826 2.1656732559 2.1737458706 2.1810495853 2.1875607967 2.193256855 2.1981182098 2.2021255493 
2.2052624226 2.2075123787 2.2088608742 2.2092943192 2.208799839 2.2073652744 2.2155675888 2.2123506069 2.2081978321 
2.2031033039 2.1970620155 2.190071106 2.1821289062 2.1732378006 2.1634018421 2.1526298523 2.1409351826 2.1283361912 
2.1148586273 2.1005353928 2.0854077339 2.0695254803 2.052946806 2.0357370377 2.0179667473 1.9997063875 1.9810208082 
1.9619584084 1.9425396919 1.9227535725 1.9025876522 1.8821136951 1.8615957499 1.8415344954 1.8216354847 1.803851366 
1.7876102924 1.7719395161 1.7582685947 1.7520388365 1.7487627268 1.7445025444 1.7397412062 1.7356011868 1.7320075035 
1.7290074825 1.7266907692 1.7251406908 1.7244175673 1.724557519 1.7255775928 1.7274791002 1.7302486897 1.7338604927 
1.7382779121 1.7434574366 1.7493540049 1.7559256554 1.7631394863 1.7709720135 1.7794097662 1.788444519 1.7980716228 
1.8082844019 1.8190737963 1.8304259777 1.8423188925 1.8547097445 1.8675149679 1.8805873394 1.8937317133 1.9068207741 
1.9198459387 1.932860136 1.9459257126 1.9590879679 1.9723664522 1.9857568741 1.9992380142 2.0127778053 2.0263340473 
2.0398566723 2.0532882214 2.0665659904 2.0796225071 2.0923929214 2.1048107147 2.1168160439 2.1283521652 2.1393675804 
2.1498160362 2.1596565247 2.1688508987 2.1773662567 2.1851723194 2.1922411919 2.198548317 2.2040710449 2.2087888718 
2.2126824856 2.2157344818 2.2179291248 2.2192513943 2.2196884155 2.2192268372 2.217856884 2.2259347439 2.2228424549 
2.2188475132 2.213944912 2.2081317902 2.2014069557 2.1937716007 2.1852295399 2.1757879257 2.1654574871 2.1542541981 
2.1421980858 2.1293156147 2.115639925 2.1012108326 2.0860753059 2.0702869892 2.0539047718 2.0369911194 2.0196089745 
2.0018172264 1.9836655855 1.9651888609 1.946407795 1.9273548126 1.9081354141 1.8890042305 1.8703843355 1.8527739048 
1.8363649845 1.8221228123 1.808576107 1.7971760035 1.789000988 1.7826417685 1.7765731812 1.7713904381 1.7668988705 
1.763040185 1.7598389387 1.7573479414 1.7556190491 1.7546918392 1.7545913458 1.7553304434 1.7569094896 1.7593173981 
1.76253438 1.7665319443 1.7712768316 1.7767342329 1.7828707695 1.7896573544 1.7970708609 1.8050932884 1.8137098551 
1.822906971 1.8326699734 1.842980504 1.8538149595 1.8651400805 1.8769067526 1.8890408278 1.9014401436 1.9139920473 
1.9266152382 1.9392806292 1.9519966841 1.9647856951 1.9776647091 1.9906371832 2.0036921501 2.0168063641 2.0299482346 
2.0430784225 2.0561506748 2.0691144466 2.0819139481 2.0944912434 2.1067872047 2.1187441349 2.1303069592 2.1414234638 
2.1520452499 2.1621282101 2.1716315746 2.1805186272 2.1887562275 2.1963136196 2.203163147 2.2092795372 2.2146399021 
2.219222784 2.2230095863 2.225982666 2.2281255722 2.2294242382 2.229865551 2.2294378281 2.228130579 2.2360446453 
2.2330727577 2.2292289734 2.2245106697 2.2189157009 2.2124452591 2.2051019669 2.1968917847 2.1878240108 2.1779110432 
2.1671700478 2.1556224823 2.1432957649 2.1302227974 2.1164419651 2.1019983292 2.0869419575 2.0713276863 2.0552136898 
2.0386593342 2.021723032 2.00446105 1.9869245291 1.9691648483 1.9512497187 1.9333022833 1.9155461788 1.8983114958 
1.8819696903 1.86683321 1.8531080484 1.8409184217 1.8300936222 1.8212870359 1.8136307001 1.8071044683 1.8014805317 
1.7966208458 1.7924743891 1.7890433073 1.7863500118 1.7844207287 1.7832778692 1.7829369307 1.783405304 1.7846816778 
1.7867568731 1.7896143198 1.7932314873 1.7975819111 1.8026371002 1.8083692789 1.8147525787 1.8217638731 1.8293830156 
1.8375909328 1.8463687897 1.8556963205 1.8655494452 1.8758990765 1.8867083788 1.89792943 1.9095003605 1.9213472605 
1.9333947897 1.9455838203 1.9578806162 1.9702732563 1.9827594757 1.9953365326 2.0079951286 2.0207176208 2.0334784985 
2.046245575 2.0589811802 2.0716431141 2.0841839314 2.0965540409 2.1087009907 2.1205718517 2.1321148872 2.1432785988 
2.1540153027 2.1642794609 2.1740279198 2.1832227707 2.1918268204 2.1998071671 2.2071340084 2.2137796879 2.2197182178 
2.2249267101 2.2293841839 2.2330710888 2.2359704971 2.238065958 2.2393436432 2.239790678 2.2393963337 2.2381503582 
2.2458620071 2.2430052757 2.2393062115 2.2347633839 2.2293763161 2.2231471539 2.2160806656 2.2081847191 2.1994690895 
2.189948082 2.1796405315 2.1685683727 2.1567599773 2.1442468166 2.131067276 2.1172647476 2.1028864384 2.0879850388 
2.0726165771 2.0568387508 2.040712595 2.0242986679 2.0076620579 1.9908741713 1.9740241766 1.9572398663 1.9407100677 
1.9246857166 1.909437418 1.8951961994 1.8821231127 1.8703228235 1.8598514795 1.8506932259 1.8427445889 1.8358489275 
1.829860568 1.824683547 1.8202725649 1.816614747 1.8137129545 1.8115766048 1.8102160692 1.8096388578 1.8098481894 
1.8108407259 1.8126078844 1.8151355982 1.8184049129 1.8223940134 1.8270790577 1.8324357271 1.8384406567 1.8450708389 
1.8523049355 1.8601216078 1.8684990406 1.8774131536 1.8868370056 1.8967394829 1.9070830345 1.9178235531 1.9289089441 
1.9402821064 1.9518864155 1.9636744261 1.9756112099 1.9876744747 1.9998475313 2.0121154785 2.0244596004 2.0368566513 
2.0492789745 2.0616936684 2.0740637779 2.0863492489 2.0985062122 2.1104881763 2.1222479343 2.1337368488 2.1449067593 
2.1557106972 2.1661038399 2.1760423183 2.1854860783 2.1943979263 2.2027418613 2.2104859352 2.2176001072 2.2240562439 
2.2298297882 2.2348976135 2.2392382622 2.2428328991 2.2456641197 2.2477161884 2.2489752769 2.2494292259 2.2490673065 
2.2478806973 2.2553529739 2.2526056767 2.2490446568 2.2446680069 2.2394776344 2.2334766388 2.2266709805 2.2190699577 
2.2106850147 2.2015314102 2.1916284561 2.1809997559 2.1696720123 2.1576786041 2.1450560093 2.1318464279 2.1180961132 
2.1038558483 2.0891797543 2.0741262436 2.0587570667 2.0431370735 2.0273389816 2.0114433765 1.9955484867 1.9797775745 
1.9642897844 1.9492768049 1.9349389076 1.9214509726 1.9089434147 1.8975059986 1.8871903419 1.8779982328 1.8698750734 
1.862731576 1.8564796448 1.8510545492 1.8464182615 1.8425519466 1.839449048 1.8371096849 1.8355367184 1.8347320557 
1.83469522 1.8354218006 1.8369032145 1.8391270638 1.8420766592 1.845733881 1.8500775099 1.855085969 1.8607372046 
1.8670094013 1.8738805056 1.8813277483 1.8893277645 1.897854805 1.9068807364 1.9163734913 1.9262969494 1.9366104603 
1.9472692013 1.9582256079 1.9694333076 1.9808506966 1.9924429655 2.0041821003 2.016043663 2.0280046463 2.0400400162 
2.0521230698 2.0642235279 2.0763075352 2.0883393288 2.1002795696 2.1120865345 2.123717308 2.135127306 2.1462714672 
2.157104969 2.167583704 2.1776652336 2.1873087883 2.1964755058 2.2051286697 2.2132349014 2.2207612991 2.2276792526 
2.2339615822 2.2395830154 2.2445206642 2.2487533092 2.2522625923 2.2550311089 2.2570433617 2.2582864761 2.2587480545 
2.2584180832 2.2572886944 2.2644848824 2.2618420124 2.2584104538 2.2541909218 2.2491858006 2.2433991432 2.2368385792 
2.2295136452 2.2214374542 2.2126262188 2.2031002045 2.1928822994 2.1820008755 2.1704881191 2.1583805084 2.1457185745 
2.1325480938 2.1189181805 2.104883194 2.0905001163 2.0758314133 2.0609445572 2.0459139347 2.0308237076 2.015771389 
2.0008718967 1.9862595797 1.9720858335 1.9585042 1.9456520081 1.933637619 1.9225399494 1.9124076366 1.9032539129 
1.8950563669 1.8877687454 1.8813407421 1.8757306337 1.8709094524 1.8668591976 1.8635703325 1.8610392809 1.8592641354 
1.8582439423 1.8579757214 1.858453989 1.8596702814 1.861613512 1.864268899 1.8676202297 1.8716486692 1.876334548 
1.8816571236 1.8875952959 1.8941268921 1.9012290239 1.9088772535 1.9170453548 1.9257045984 1.934823513 1.9443672895 
1.9542987347 1.964577198 1.9751610756 1.9860100746 1.9970850945 2.0083520412 2.0197796822 2.0313391685 2.0430021286 
2.0547404289 2.0665240288 2.0783205032 2.0900964737 2.1018149853 2.1134383678 2.1249268055 2.136238575 2.1473324299 
2.1581652164 2.168694973 2.1788802147 2.1886799335 2.1980557442 2.2069702148 2.2153885365 2.223277092 2.230604887 
2.2373433113 2.2434654236 2.2489469051 2.2537646294 2.2578983307 2.2613289356 2.2640402317 2.2660167217 2.2672455311 
2.2677154541 2.2674167156 2.2663419247 2.2732281685 2.2706828117 2.2673735619 2.2633016109 2.2584695816 2.2528834343 
2.2465512753 2.2394835949 2.2316946983 2.2232015133 2.2140240669 2.2041869164 2.1937177181 2.1826481819 2.1710150242 
2.1588578224 2.1462209225 2.1331532001 2.119707346 2.1059408188 2.0919146538 2.0776975155 2.0633625984 2.0489928722 
2.0346810818 2.0205318928 2.0066609383 1.9931917191 1.9802466631 1.9679375887 1.9563572407 1.9455757141 1.9356398582 
1.9265713692 1.9183673859 1.9110087156 1.9044692516 1.8987244368 1.8937548399 1.8895465136 1.8860907555 1.8833829165 
1.8814194202 1.880197525 1.8797131777 1.8799606562 1.8809316158 1.8826156855 1.8849998713 1.8880693913 1.8918069601 
1.8961946964 1.9012130499 1.9068413973 1.9130581617 1.9198400974 1.9271628857 1.9350001812 1.9433233738 1.9521019459 
1.9613023996 1.9708895683 1.9808263779 1.9910749197 2.0015974045 2.012357235 2.0233197212 2.0344531536 2.0457248688 
2.0571045876 2.0685608387 2.080062151 2.0915749073 2.1030642986 2.1144945621 2.1258280277 2.1370258331 2.1480488777 
2.1588563919 2.1694078445 2.1796634197 2.1895830631 2.1991283894 2.2082622051 2.2169480324 2.2251524925 2.2328431606 
2.2399897575 2.2465641499 2.25254035 2.2578933239 2.2626013756 2.2666442394 2.2700030804 2.2726621628 2.2746064663 
2.2758233547 2.2763018608 2.2760334015 2.2750103474 2.2815527916 2.279099226 2.275904417 2.2719695568 2.2672991753 
2.2618994713 2.2557792664 2.2489504814 2.2414271832 2.2332277298 2.2243726254 2.2148859501 2.2047958374 2.1941342354 
2.18293643 2.1712422371 2.1590945721 2.1465420723 2.1336357594 2.1204316616 2.1069915295 2.093380928 2.0796718597 
2.0659439564 2.052283287 2.0387842655 2.0255475044 2.0126776695 2.0002760887 1.9884371758 1.9772409201 1.9667512178 
1.9570137262 1.9480555058 1.9398866892 1.9325041771 1.9258985519 1.9200576544 1.9149705172 1.9106286764 1.9070256948 
1.9041575193 1.902020812 1.9006123543 1.8999278545 1.8999615908 1.9007056952 1.9021509886 1.9042853117 1.9070953131 
1.9105653763 1.9146784544 1.9194161892 1.9247586727 1.9306848049 1.9371718168 1.9441953897 1.9517295361 1.9597461224 
1.9682154655 1.9771051407 1.9863818884 1.9960106611 2.0059556961 2.0161809921 2.0266516209 2.0373327732 2.0481905937 
2.0591928959 2.0703070164 2.0814993382 2.0927371979 2.1039865017 2.1152122021 2.126377821 2.1374468803 2.1483809948 
2.1591417789 2.1696910858 2.1799886227 2.1899967194 2.1996772289 2.2089929581 2.2179079056 2.2263870239 2.2343978882 
2.2419095039 2.2488913536 2.2553167343 2.26115942 2.2663955688 2.2710037231 2.2749636173 2.2782576084 2.2808692455 
2.282784462 2.2839913368 2.2844789028 2.2842390537 2.2832653522 2.2894327641 2.2870645523 2.2839758396 2.2801682949 
2.2756471634 2.270419836 2.2644956112 2.2578866482 2.2506084442 2.2426788807 2.2341196537 2.2249546051 2.2152123451 
2.2049236298 2.1941239834 2.1828525066 2.171151638 2.1590681076 2.1466529369 2.133960247 2.1210501194 2.1079859734 
2.0948369503 2.0816781521 2.0685896873 2.0556566715 2.0429680347 2.0306136608 2.0186812878 2.0072519779 1.99639678 
1.9861742258 1.9766293764 1.9677927494 1.9596824646 1.9523062706 1.9456653595 1.9397568703 1.9345775843 1.9301234484 
1.9263917208 1.9233796597 1.9210852385 1.9195053577 1.9186364412 1.9184731245 1.9190084934 1.9202339649 1.9221385717 
1.9247101545 1.927934289 1.9317953587 1.936275363 1.9413555861 1.9470151663 1.9532319307 1.9599821568 1.9672398567 
1.9749779701 1.9831670523 1.991776228 2.0007731915 2.0101242065 2.0197947025 2.0297505856 2.0399570465 2.0503792763 
2.0609838963 2.0717368126 2.0826041698 2.0935528278 2.1045479774 2.115555048 2.1265389919 2.1374635696 2.1482918262 
2.1589872837 2.1695115566 2.1798272133 2.1898965836 2.1996827126 2.2091476917 2.2182569504 2.2269747257 2.2352678776 
2.2431042194 2.2504534721 2.2572865486 2.263576746 2.2692985535 2.2744290829 2.2789466381 2.282831192 2.2860662937 
2.2886352539 2.2905249596 2.2917230129 2.2922196388 2.2920072079 2.2910795212 2.2968418598 2.294552803 2.2915616035 
2.2878718376 2.2834882736 2.2784190178 2.2726745605 2.2662675381 2.2592134476 2.2515311241 2.2432420254 2.23437047 
2.2249448299 2.2149960995 2.2045588493 2.1936714649 2.1823761463 2.1707179546 2.1587469578 2.1465158463 2.1340823174 
2.1215076447 2.1088578701 2.0962026119 2.0836167336 2.0711772442 2.0589640141 2.0470564365 2.0355312824 2.0244605541 
2.0139079094 2.0039286613 1.9945659637 1.985853076 1.9778132439 1.9704611301 1.9638053179 1.957850337 1.9525984526 
1.9480503798 1.9442062378 1.9410659075 1.9386283159 1.9368919134 1.9358537197 1.9355094433 1.9358528852 1.9368765354 
1.9385706186 1.94092381 1.9439229965 1.9475530386 1.951797843 1.9566383362 1.9620549679 1.9680256844 1.9745274782 
1.9815348387 1.9890210629 1.9969576597 2.0053143501 2.0140595436 2.0231611729 2.0325849056 2.0422978401 2.0522649288 
2.0624520779 2.072824955 2.0833494663 2.0939917564 2.1047167778 2.1154901981 2.1262769699 2.1370413303 2.1477472782 
2.1583585739 2.168838501 2.1791503429 2.1892566681 2.1991214752 2.2087080479 2.2179803848 2.2269043922 2.2354454994 
2.2435715199 2.2512509823 2.2584545612 2.2651536465 2.2713220119 2.276935339 2.2819700241 2.2864058018 2.2902231216 
2.2934048176 2.2959358692 2.2978024483 2.2989935875 2.2994997501 2.29931283 2.2984280586 2.3037569523 2.3015401363 
2.2986388206 2.2950561047 2.2907984257 2.2858738899 2.2802932262 2.2740700245 2.2672200203 2.2597622871 2.2517182827 
2.2431130409 2.2339744568 2.2243332863 2.2142238617 2.2036836147 2.1927540302 2.181479454 2.1699078083 2.1580908298 
2.1460835934 2.1339447498 2.1217372417 2.1095263958 2.0973815918 2.0853729248 2.0735731125 2.0620532036 2.0508825779 
2.0401260853 2.0298416615 2.0200812817 2.0108873844 2.0022945404 1.9943293333 1.9870109558 1.9803533554 1.9743663073 
1.9690567255 1.9644291401 1.9604867697 1.9572316408 1.9546648264 1.9527857304 1.9515926838 1.951082468 1.9512501955 
1.9520889521 1.9535903931 1.9557441473 1.9585381746 1.9619580507 1.9659885168 1.9706114531 1.9758076668 1.9815561771 
1.9878338575 1.9946160316 2.0018763542 2.0095868111 2.0177178383 2.0262384415 2.0351169109 2.0443203449 2.0538151264 
2.0635671616 2.0735425949 2.0837070942 2.0940253735 2.1044638157 2.1149873734 2.1255602837 2.1361479759 2.1467149258 
2.1572246552 2.1676411629 2.1779286861 2.1880502701 2.1979701519 2.207652092 2.2170610428 2.2261621952 2.2349207401 
2.243304491 2.2512812614 2.2588210106 2.2658939362 2.2724730968 2.2785327435 2.2840483189 2.2889976501 2.2933602333 
2.2971167564 2.3002512455 2.3027479649 2.3045947552 2.3057801723 2.3062949181 2.306132555 2.3052873611 2.3101558685 
2.3080050945 2.3051850796 2.3017001152 2.2975564003 2.2927625179 2.2873301506 2.2812728882 2.2746071815 2.2673521042 
2.2595293522 2.2511641979 2.2422835827 2.2329189777 2.2231037617 2.2128753662 2.2022736073 2.191341877 2.1801271439 
2.1686789989 2.1570503712 2.1452980042 2.1334805489 2.1216602325 2.109900713 2.0982677937 2.0868270397 2.0756442547 
2.0647819042 2.054299593 2.0442516804 2.034686327 2.0256459713 2.0171658993 2.0092740059 2.0019931793 1.9953410625 
1.9893314838 1.9839749336 1.9792791605 1.9752501249 1.9718922377 1.9692081213 1.9671989679 1.9658643007 1.9652024508 
1.9652093649 1.9658793211 1.9672051668 1.9691773653 1.9717847109 1.9750142097 1.9788508415 1.9832776785 1.9882758856 
1.9938247204 1.99990201 2.0064833164 2.0135426521 2.0210521221 2.0289833546 2.0373053551 2.0459866524 2.0549945831 
2.064296484 2.0738580227 2.0836453438 2.0936238766 2.103758812 2.1140153408 2.124358654 2.1347532272 2.1451637745 
2.1555542946 2.16588974 2.1761336327 2.1862502098 2.1962034702 2.2059583664 2.2154786587 2.2247307301 2.2336792946 
2.2422921658 2.2505364418 2.2583811283 2.265796423 2.2727539539 2.2792267799 2.2851893902 2.2906181812 2.2954916954 
2.2997889519 2.3034918308 2.3065841198 2.3090510368 2.3108801842 2.312060833 2.3125844002 2.3124442101 2.3116352558 
2.3160185814 2.313927412 2.31118083 2.3077831268 2.3037416935 2.2990655899 2.2937660217 2.2878575325 2.2813565731 
2.2742826939 2.2666578293 2.2585062981 2.249856472 2.2407386303 2.2311856747 2.22123456 2.2109241486 2.2002971172 
2.1893982887 2.1782763004 2.1669819355 2.1555690765 2.1440937519 2.1326143742 2.1211905479 2.1098835468 2.098754406 
2.0878629684 2.0772678852 2.0670237541 2.0571820736 2.0477893353 2.0388858318 2.0305075645 2.0226840973 2.0154407024 
2.0087974072 2.0027706623 1.9973742962 1.9926185608 1.9885121584 1.9850614071 1.9822704792 1.9801425934 1.9786787033 
1.9778780937 1.9777380228 1.9782540798 1.9794199467 1.9812273979 1.9836661816 1.9867240191 1.9903866053 1.9946377277 
1.9994592667 2.0048308372 2.0107307434 2.0171351433 2.0240175724 2.0313515663 2.0391075611 2.0472559929 2.055765152 
2.0646028519 2.0737361908 2.0831313133 2.0927536488 2.1025693417 2.1125433445 2.1226406097 2.132825613 2.1430635452 
2.1533181667 2.1635546684 2.1737368107 2.1838293076 2.1937961578 2.2036020756 2.2132120132 2.2225911617 2.2317051888 
2.2405209541 2.2490057945 2.2571277618 2.2648565769 2.2721629143 2.2790188789 2.2853980064 2.2912752628 2.2966277599 
2.3014338017 2.3056735992 2.3093292713 2.3123846054 2.3148252964 2.316639185 2.3178162575 2.3183479309 2.3182277679 
2.3174521923 2.3213269711 2.3192884922 2.3166072369 2.313287735 2.3093366623 2.3047647476 2.2995831966 2.2938065529 
2.2874515057 2.2805378437 2.2730879784 2.2651259899 2.2566797733 2.2477793694 2.2384579182 2.2287509441 2.2186970711 
2.208337307 2.1977162361 2.1868801117 2.1758780479 2.1647610664 2.1535832882 2.1423995495 2.1312658787 2.1202399731 
2.1093785763 2.0987381935 2.0883727074 2.0783340931 2.0686707497 2.0594272614 2.0506434441 2.0423550606 2.0345926285 
2.0273828506 2.0207479 2.0147063732 2.0092744827 2.0044648647 2.0002877712 1.9967520237 1.9938635826 1.9916267395 
1.9900442362 1.9891164303 1.9888422489 1.9892181158 1.990238905 1.9918974638 1.9941843748 1.9970883131 2.000595808 
2.004691124 2.0093567371 2.0145728588 2.0203177929 2.0265679359 2.0332975388 2.0404798985 2.048085928 2.0560851097 
2.0644471645 2.0731394291 2.0821285248 2.0913808346 2.1008625031 2.1105384827 2.1203742027 2.1303341389 2.1403830051 
2.1504855156 2.1606061459 2.1707091331 2.1807594299 2.190721035 2.2005589008 2.2102375031 2.2197227478 2.228979826 
2.2379748821 2.2466757298 2.2550497055 2.263065815 2.2706940174 2.277905941 2.2846734524 2.2909712791 2.2967743874 
2.3020603657 2.3068079948 2.3109977245 2.3146121502 2.3176350594 2.3200531006 2.321854353 2.323028326 2.3235673904 
2.3234658241 2.3227193356 2.3260645866 2.324072361 2.3214480877 2.3181965351 2.3143250942 2.3098442554 2.3047657013 
2.2991039753 2.2928767204 2.286103487 2.2788059711 2.2710092068 2.2627403736 2.2540302277 2.2449100018 2.2354159355 
2.2255847454 2.2154576778 2.2050774097 2.1944887638 2.1837389469 2.1728775501 2.1619553566 2.1510252953 2.140140295 
2.1293544769 2.1187212467 2.1082940102 2.0981240273 2.0882599354 2.0787482262 2.069631815 2.0609500408 2.0527379513 
2.045027256 2.0378453732 2.0312159061 2.0251595974 2.0196936131 2.0148332119 2.0105907917 2.0069761276 2.0039968491 
2.0016596317 1.9999678135 1.9989233017 1.9985262156 1.9987744093 1.999663949 2.0011882782 2.0033392906 2.0061063766 
2.0094769001 2.0134356022 2.0179655552 2.0230472088 2.0286593437 2.0347781181 2.0413784981 2.048432827 2.0559127331 
2.0637881756 2.0720272064 2.0805981159 2.0894675255 2.0986013412 2.1079652309 2.1175248623 2.1272447109 2.1370897293 
2.1470246315 2.1570136547 2.167021513 2.1770124435 2.1869513988 2.1968028545 2.2065315247 2.2161028385 2.225481987 
2.2346355915 2.243530035 2.2521328926 2.2604129314 2.2683391571 2.2758817673 2.2830126286 2.2897050381 2.2959330082 
2.3016726971 2.3069016933 2.3115992546 2.3157458305 2.3193247318 2.3223202229 2.3247189522 2.3265087605 2.3276808262 
2.3282268047 2.3281414509 2.3274209499 2.3302161694 2.328263998 2.3256886005 2.3224956989 2.3186924458 2.3142898083 
2.3092997074 2.3037369251 2.2976193428 2.2909660339 2.2837996483 2.276144743 2.2680284977 2.2594807148 2.2505331039 
2.2412209511 2.2315812111 2.221653223 2.2114782333 2.2011008263 2.1905658245 2.1799213886 2.1692163944 2.1585006714 
2.1478254795 2.1372418404 2.1268002987 2.1165521145 2.1065452099 2.0968265533 2.0874414444 2.0784301758 2.0698320866 
2.0616824627 2.0540120602 2.046849966 2.0402212143 2.0341472626 2.0286474228 2.0237381458 2.0194327831 2.015743494 
2.0126793385 2.0102481842 2.0084550381 2.0073027611 2.0067930222 2.0069248676 2.0076951981 2.0090992451 2.0111293793 
2.0137760639 2.0170264244 2.0208671093 2.0252809525 2.0302491188 2.0357499123 2.0417597294 2.0482540131 2.0552048683 
2.0625829697 2.0703580379 2.0784993172 2.0869734287 2.0957472324 2.1047861576 2.1140565872 2.1235227585 2.1331501007 
2.1429026127 2.1527452469 2.1626424789 2.1725590229 2.1824586391 2.192306757 2.202067852 2.2117073536 2.2211902142 
2.2304825783 2.2395508289 2.2483623028 2.2568840981 2.2650859356 2.2729370594 2.2804083824 2.2874720097 2.2941014767 
2.3002710342 2.3059573174 2.3111383915 2.3157937527 2.3199043274 2.3234531879 2.3264255524 2.3288078308 2.3305885792 
2.3317587376 2.332310915 2.3322396278 2.3315417767 2.333769083 2.3318502903 2.3293159008 2.326171875 2.3224260807 
2.3180887699 2.3131728172 2.3076927662 2.3016672134 2.2951147556 2.2880582809 2.2805221081 2.2725336552 2.2641222477 
2.2553200722 2.246160984 2.2366809845 2.2269194126 2.2169167995 2.2067155838 2.1963603497 2.1858968735 2.1753721237 
2.1648342609 2.1543326378 2.1439154148 2.1336319447 2.123529911 2.1136562824 2.1040558815 2.0947716236 2.0858445168 
2.0773119926 2.0692090988 2.0615677834 2.0544168949 2.0477817059 2.0416862965 2.0361499786 2.0311908722 2.0268239975 
2.0230629444 2.0199179649 2.017398119 2.0155096054 2.014257431 2.01364398 2.0136694908 2.0143322945 2.0156283379 
2.0175511837 2.0200920105 2.0232393742 2.0269799232 2.03129673 2.0361714363 2.0415825844 2.0475063324 2.0539176464 
2.0607886314 2.0680894852 2.07578969 2.0838572979 2.092259407 2.100962162 2.1099305153 2.1191306114 2.128526926 
2.1380844116 2.1477668285 2.1575396061 2.1673665047 2.1772124767 2.1870417595 2.1968193054 2.2065103054 2.2160797119 
2.2254929543 2.2347168922 2.2437176704 2.2524628639 2.2609205246 2.2690596581 2.2768507004 2.2842645645 2.2912738323 
2.2978520393 2.30397439 2.309617281 2.3147594929 2.3193802834 2.3234610558 2.326985836 2.3299388885 2.3323078156 
2.3340811729 2.3352499008 2.335807085 2.3357477188 2.3350687027 2.3367118835 2.3348200321 2.3323187828 2.3292140961 
2.325514555 2.3212304115 2.3163740635 2.3109617233 2.3050103188 2.2985396385 2.2915725708 2.2841329575 2.276248455 
2.2679483891 2.2592639923 2.2502291203 2.2408797741 2.231253624 2.221391201 2.2113335133 2.2011239529 2.1908068657 
2.1804277897 2.1700336933 2.1596713066 2.149387598 2.1392292976 2.1292431355 2.1194739342 2.1099648476 2.1007585526 
2.0918936729 2.0834085941 2.0753371716 2.0677115917 2.0605614185 2.0539126396 2.0477898121 2.0422134399 2.0372028351 
2.03277421 2.0289418697 2.025718689 2.0231134892 2.0211346149 2.0197887421 2.0190787315 2.0190062523 2.0195715427 
2.0207710266 2.0225994587 2.0250492096 2.0281093121 2.0317664146 2.036005497 2.0408067703 2.0461492538 2.0520095825 
2.0583615303 2.065176487 2.0724248886 2.0800747871 2.088093996 2.0964491367 2.1051054001 2.1140277386 2.1231818199 
2.1325318813 2.14204216 2.1516773701 2.1614019871 2.1711802483 2.1809771061 2.1907565594 2.200483799 2.2101242542 
2.2196428776 2.2290058136 2.2381789684 2.2471294403 2.2558252811 2.2642345428 2.2723267078 2.2800719738 2.2874422073 
2.2944095135 2.3009483814 2.3070337772 2.312643528 2.3177547455 2.3223488331 2.3264062405 2.3299114704 2.332849741 
2.3352079391 2.3369755745 2.3381433487 2.338704586 2.3386545181 2.3379905224 2.3390350342 2.3371634483 2.3346877098 
2.3316133022 2.3279490471 2.3237051964 2.31889534 2.3135342598 2.3076405525 2.3012330532 2.29433465 2.2869701385 
2.27916646 2.2709527016 2.2623598576 2.2534217834 2.2441740036 2.2346539497 2.2249004841 2.2149546146 2.2048580647 
2.1946549416 2.1843891144 2.1741054058 2.163850069 2.1536676884 2.143604517 2.1337049007 2.1240122318 2.114569664 
2.1054172516 2.0965945721 2.0881381035 2.0800821781 2.0724589825 2.0652983189 2.0586268902 2.0524692535 2.0468475819 
2.0417821407 2.0372900963 2.0333867073 2.0300853252 2.0273971558 2.0253317356 2.0238962173 2.0230958462 2.0229330063 
2.0234088898 2.0245218277 2.0262672901 2.0286390781 2.0316267014 2.035217762 2.0393965244 2.044144392 2.0494403839 
2.0552597046 2.0615758896 2.0683598518 2.0755805969 2.0832061768 2.0912024975 2.0995359421 2.1081709862 2.1170721054 
2.1262040138 2.1355314255 2.1450185776 2.1546292305 2.1643276215 2.1740789413 2.1838476658 2.193598032 2.2032954693 
2.2129046917 2.2223918438 2.2317223549 2.2408628464 2.2497808933 2.258443594 2.2668206692 2.2748804092 2.2825944424 
2.2899336815 2.2968719006 2.3033828735 2.3094422817 2.3150272369 2.3201165199 2.3246908188 2.3287312984 2.3322219849 
2.3351488113 2.3374991417 2.3392620087 2.340429306 2.3409936428 2.3409507275 2.3402979374 2.3407309055 2.3388733864 
2.336414814 2.3333613873 2.3297216892 2.3255062103 2.320728302 2.3154041767 2.3095505238 2.3031880856 2.2963385582 
2.2890279293 2.2812814713 2.2731297016 2.264603138 2.2557351589 2.2465610504 2.2371177673 2.2274436951 2.2175788879 
2.2075648308 2.1974439621 2.1872591972 2.177054882 2.1668753624 2.1567649841 2.1467671394 2.1369259357 2.12728405 
2.1178824902 2.1087617874 2.0999598503 2.0915133953 2.0834567547 2.0758218765 2.0686388016 2.0619344711 2.0557346344 
2.0500617027 2.0449364185 2.04037714 2.036400795 2.0330209732 2.0302505493 2.0281002522 2.0265784264 2.0256915092 
2.0254435539 2.0258374214 2.0268723965 2.0285456181 2.0308513641 2.0337805748 2.0373210907 2.0414581299 2.0461728573 
2.0514435768 2.0572452545 2.0635504723 2.0703287125 2.077548027 2.0851752758 2.0931756496 2.1015133858 2.1101527214 
2.1190578938 2.1281929016 2.1375217438 2.1470081806 2.1566166878 2.1663119793 2.176058054 2.1858196259 2.195561409 
2.2052490711 2.2148470879 2.2243213654 2.2336382866 2.2427639961 2.2516665459 2.2603132725 2.2686731815 2.2767159939 
2.2844121456 2.291734457 2.2986552715 2.3051495552 2.3111929893 2.3167626858 2.3218381405 2.3263993263 2.3304288387 
2.3339102268 2.3368296623 2.3391742706 2.3409340382 2.3421003819 2.342666626 2.342628479 2.3419833183 2.3417937756 
2.3399436474 2.3374946117 2.3344526291 2.3308265209 2.3266274929 2.3218684196 2.3165650368 2.3107354641 2.3043994904 
2.2975797653 2.2903008461 2.2825901508 2.2744762897 2.2659907341 2.2571663857 2.2480387688 2.2386438847 2.2290201187 
2.2192065716 2.2092447281 2.1991758347 2.1890423298 2.1788873672 2.1687541008 2.1586854458 2.1487250328 2.1389155388 
2.1292982101 2.1199138165 2.1108021736 2.1020007133 2.0935459137 2.0854716301 2.0778105259 2.070592165 2.0638444424 
2.0575928688 2.0518610477 2.0466704369 2.0420398712 2.0379869938 2.0345270634 2.0316736698 2.0294384956 2.0278315544 
2.026860714 2.0265321732 2.026848793 2.0278129578 2.0294225216 2.031673193 2.0345571041 2.0380630493 2.0421762466 
2.0468776226 2.0521454811 2.0579535961 2.0642728806 2.0710721016 2.0783174038 2.085973978 2.0940051079 2.1023745537 
2.1110453606 2.1199800968 2.1291427612 2.1384971142 2.1480071545 2.1576366425 2.167350769 2.1771132946 2.1868889332 
2.1966433525 2.2063410282 2.215947628 2.2254285812 2.2347502708 2.2438790798 2.2527828217 2.2614297867 2.2697885036 
2.277828455 2.2855217457 2.2928392887 2.2997553349 2.3062438965 2.3122811317 2.3178451061 2.3229146004 2.3274703026 
2.3314940929 2.3349707127 2.337886095 2.3402278423 2.3419857025 2.3431510925 2.3437180519 2.3436818123 2.3430404663 
2.3422193527 2.3403701782 2.3379225731 2.3348827362 2.3312602043 2.3270647526 2.3223109245 2.3170135021 2.311191082 
2.3048634529 2.2980537415 2.2907862663 2.2830884457 2.2749891281 2.2665197849 2.2577135563 2.2486050129 2.2392308712 
2.2296290398 2.2198383808 2.2098991871 2.1998529434 2.1897408962 2.1796059608 2.169490099 2.1594355106 2.1494851112 
2.1396803856 2.1300628185 2.1206719875 2.1115472317 2.1027257442 2.0942437649 2.086135149 2.07843256 2.0711655617 
2.0643630028 2.0580501556 2.0522511005 2.0469880104 2.042280674 2.0381469727 2.0346031189 2.0316643715 2.0293431282 
2.0276508331 2.026597023 2.0261890888 2.0264327526 2.0273313522 2.0288844109 2.0310895443 2.0339403152 2.0374264717 
2.0415332317 2.0462419987 2.0515296459 2.0573692322 2.063729763 2.0705780983 2.0778782368 2.0855929852 2.0936839581 
2.1021130085 2.1108419895 2.1198329926 2.1290488243 2.138453722 2.1480107307 2.1576845646 2.1674399376 2.1772408485 
2.1870524883 2.1968400478 2.2065682411 2.2162027359 2.2257094383 2.2350547314 2.2442047596 2.2531273365 2.261790514 
2.2701635361 2.278216362 2.2859194279 2.2932460308 2.3001689911 2.3066630363 2.3127043247 2.3182713985 2.3233428001 
2.3278989792 2.3319237232 2.3354001045 2.3383150101 2.3406558037 2.3424129486 2.3435773849 2.3441438675 2.344107151 
2.3434655666 
GF 1 10000 double
0.033148489892 0.033151868731 0.033156972378 0.03316057846 0.03315801546 0.033143356442 0.033109650016 0.033049173653 0.032953739166 
0.032814972103 0.032624673098 0.03237516433 0.032059744 0.031673114747 0.031211888418 0.030675131828 0.030064838007 0.029386395589 
0.028648952022 0.027865590528 0.02705334872 0.026233034208 0.02542879805 0.02466748096 0.023977793753 0.023389304057 0.02293129079 
0.022631540895 0.022515075281 0.022602913901 0.022910894826 0.023448634893 0.024218671024 0.025215908885 0.026427378878 0.02783244662 
0.029403481632 0.031107025221 0.032905418426 0.034758869559 0.036627724767 0.038474902511 0.040268197656 0.041982203722 0.043599706143 
0.04511217773 0.046519387513 0.047827724367 0.049047481269 0.050188917667 0.051257632673 0.052249595523 0.053146760911 0.053914036602 
0.05449873209 0.054833132774 0.054840415716 0.054443612695 0.053576450795 0.052194360644 0.050283871591 0.047868438065 0.045009467751 
0.041802167892 0.038366451859 0.034834522754 0.031337045133 0.027990214527 0.024885801598 0.022085402161 0.019619310275 0.017489472404 
0.01567533426 0.014141122811 0.012843143195 0.011736090295 0.010777713731 0.0099317319691 0.0091691296548 0.0084682367742 0.0078139891848 
0.0071967649274 0.0066111204214 0.0060545788147 0.0055266129784 0.0050278408453 0.00455943821 0.0041227336042 0.0037189484574 0.0033490555361 
0.0030137107242 0.0027132481337 0.0024477080442 0.002216889523 0.0020204142202 0.0018577979645 0.0017285165377 0.0016320686555 0.0015680288197 
0.0015360893449 0.034076936543 0.034081052989 0.034087568521 0.034093115479 0.034092817456 0.034080494195 0.03404892236 0.033990070224 
0.033895429224 0.033756278455 0.033564053476 0.033310718834 0.032989159226 0.032593682408 0.032120537013 0.031568448991 0.030939169228 
0.030237996951 0.029474148527 0.028660990298 0.027816098183 0.026961047202 0.026120992377 0.025323987007 0.024600096047 0.023980341852 
0.023495454341 0.023174609989 0.023044072092 0.023125875741 0.023436594754 0.023986259475 0.024777460843 0.025804812089 0.027054736391 
0.02850574255 0.030129188672 0.031890586019 0.033751364797 0.03567110002 0.037609953433 0.039531197399 0.041403606534 0.043203406036 
0.044915653765 0.046534638852 0.048063289374 0.049511227757 0.050891634077 0.052216831595 0.053493022919 0.054714739323 0.05585983023 
0.056886155158 0.057730924338 0.058313712478 0.058543145657 0.058327097446 0.057584900409 0.056259889156 0.05433011055 0.051815316081 
0.048778772354 0.045323256403 0.041581552476 0.03770282492 0.033836983144 0.030119637027 0.026660127565 0.023534080014 0.020781330764 
0.018408661708 0.016396079212 0.014704997651 0.013286696747 0.012089698575 0.011065387167 0.010171581991 0.0093742301688 0.0086476346478 
0.0079737044871 0.0073406691663 0.0067416396923 0.0061732279137 0.0056343749166 0.0051254187711 0.004647416994 0.004201666452 0.0037894085981 
0.0034116536845 0.0030690999702 0.0027621171903 0.0024907719344 0.0022548793349 0.0020540680271 0.001887853723 0.0017557074316 0.0016571204178 
0.0015916593838 0.0015590112889 0.035951193422 0.035956598818 0.035965532064 0.035974353552 0.035977791995 0.035969205201 0.035940818489 
0.035884041339 0.03578973189 0.035648558289 0.035451292992 0.035189185292 0.034854367375 0.034440394491 0.033942770213 0.03335955739 
0.032692022622 0.031945213675 0.031128460541 0.03025566414 0.029345398769 0.02842075564 0.027508853003 0.026640137658 0.025847375393 
0.025164455175 0.024625018239 0.02426100336 0.024101149291 0.024169526994 0.024484179914 0.025055946782 0.025887528434 0.026972932741 
0.028297340497 0.029837490991 0.031562693417 0.033436365426 0.035418149084 0.037466444075 0.039541147649 0.041606437415 0.043633263558 
0.045601394027 0.047500666231 0.049331206828 0.051102429628 0.052830521017 0.0545344688 0.056230675429 0.057926423848 0.059613134712 
0.061260268092 0.062811344862 0.064183287323 0.06527031213 0.065952189267 0.06610687077 0.065625309944 0.064426757395 0.062472097576 
0.059772882611 0.056394781917 0.052454259247 0.048108480871 0.043539613485 0.038935799152 0.034471914172 0.030293304473 0.026504876092 
0.02316680178 0.020296627656 0.017876306549 0.015862168744 0.014195626602 0.012812833302 0.01165226195 0.010659673251 0.0097906515002 
0.0090111931786 0.0082969339564 0.0076316352934 0.0070053967647 0.006412928924 0.0058520534076 0.0053225201555 0.0048251273111 0.0043611056171 
0.0039317323826 0.0035380942281 0.0031809725333 0.002860810142 0.002577728359 0.0023315746803 0.0021219945047 0.0019485026132 0.0018105608178 
0.0017076460645 0.0016393101541 0.0016052280553 0.038804538548 0.038811326027 0.038822822273 0.03883497417 0.038841970265 0.038836479187 
0.038810007274 0.038753181696 0.038656096905 0.038508590311 0.038300585002 0.038022387773 0.03766515106 0.037221349776 0.036685418338 
0.03605441004 0.035328801721 0.03451320529 0.033616986126 0.032654732466 0.031646415591 0.030617263168 0.029597269371 0.02862036787 
0.027723310515 0.02694424428 0.0263211485 0.025890085846 0.025683509186 0.025728542358 0.026045441628 0.026646262035 0.027533849701 
0.02870124951 0.030131677166 0.031799092889 0.033669553697 0.03570324555 0.037857126445 0.040087979287 0.042355652899 0.044626165181 
0.04687435925 0.049085956067 0.051258575171 0.053401626647 0.055534604937 0.057683736086 0.059876725078 0.062135789543 0.06446942687 
0.066863782704 0.069275088608 0.071624860168 0.073799498379 0.075655438006 0.077030241489 0.077758349478 0.077689707279 0.07670853287 
0.07474963367 0.071810469031 0.067957021296 0.06332218647 0.058095768094 0.052506670356 0.046799257398 0.041207883507 0.035933908075 
0.03112898767 0.026886878535 0.023244036362 0.020187497139 0.017667323351 0.015610755421 0.013935456052 0.012560164556 0.011411979795 
0.01043030899 0.0095680877566 0.0087910322472 0.0080758044496 0.0074077020399 0.0067783840932 0.0061838743277 0.0056229615584 0.0050960159861 
0.0046041514724 0.0041486895643 0.0037308319006 0.0033514874522 0.0030112131499 0.0027102145832 0.0024483937304 0.0022254195064 0.0020408094861 
0.0018940126756 0.0017844846006 0.0017117552925 0.0016754813259 0.042683288455 0.042690847069 0.042703609914 0.042717017233 0.042724572122 
0.042718153447 0.042688429356 0.042625214905 0.042517777532 0.042355164886 0.042126443237 0.041820984334 0.041428830475 0.040941197425 
0.04035115242 0.03965440765 0.038850270212 0.037942588329 0.036940582097 0.035859499127 0.034720938653 0.033552739769 0.032388530672 
0.031266741455 0.03022929281 0.02931994386 0.028582373634 0.028058147058 0.027784671634 0.027793185785 0.028106961399 0.028739733621 
0.029694536701 0.0309630353 0.032525550574 0.034351922572 0.036403432488 0.038635510951 0.041001349688 0.043455809355 0.045959312469 
0.048481345177 0.051003232598 0.053519934416 0.056040655822 0.058588106185 0.061195828021 0.063903562725 0.066750310361 0.069765359163 
0.072957634926 0.076304890215 0.079744406044 0.083167389035 0.08641935885 0.089307688177 0.091616250575 0.09312555939 0.093635395169 
0.092986635864 0.091080263257 0.087891958654 0.083481550217 0.077995166183 0.071657463908 0.064752973616 0.057597558945 0.05050496012 
0.04375423491 0.037564236671 0.032079033554 0.027365507558 0.023421607912 0.020191852003 0.017586078495 0.01549765747 0.013818630949 
0.012450369075 0.011309704743 0.010331168771 0.0094664078206 0.0086819436401 0.0079561853781 0.0072763916105 0.0066359681077 0.0060322992504 
0.0054651126266 0.0049353353679 0.004444336053 0.0039934674278 0.0035838179756 0.0032161020208 0.0028906452935 0.0026074270718 0.002366153989 
0.0021663499065 0.0020074483473 0.0018888787599 0.0018101420719 0.0017708709929 0.047642484307 0.047649096698 0.047659642994 0.047668993473 
0.047669883817 0.04765336588 0.047609329224 0.047526899725 0.04739478603 0.047201544046 0.046935737133 0.046586055309 0.046141598374 
0.045592315495 0.044929694384 0.044147722423 0.04324407503 0.042221326381 0.041088130325 0.039860147983 0.038560561836 0.037220109254 
0.035876590759 0.034573759884 0.033359803259 0.032285317779 0.031401049346 0.030755436048 0.03039217554 0.030347846448 0.030649734661 
0.031313925982 0.032343789935 0.033729057759 0.035445805639 0.037457682192 0.039718598127 0.042176816612 0.044780064374 0.047480881214 
0.05024150759 0.053037762642 0.055861514062 0.058721799403 0.061644494534 0.064670428634 0.067851401865 0.071243919432 0.074900142848 
0.078856311738 0.083119466901 0.08765411377 0.092371232808 0.097122497857 0.10170241445 0.10585971922 0.10931722075 0.1117971018 
0.11304687709 0.11286252737 0.11110675335 0.10772449523 0.1027565524 0.096349291503 0.088754050434 0.080311149359 0.071417815983 
0.062485076487 0.053892493248 0.045949850231 0.038872599602 0.032773975283 0.027672499418 0.023510733619 0.020179675892 0.017543517053 
0.015460813418 0.013799891807 0.012448125519 0.011315751821 0.010335685685 0.0094608534127 0.0086603658274 0.0079155042768 0.0072161038406 
0.0065576089546 0.0059388503432 0.0053604701534 0.0048238858581 0.004330642987 0.0038820630871 0.0034790690988 0.0031221501995 0.0028113911394 
0.0025465546641 0.0023271774407 0.0021526780911 0.0020224545151 0.001935973065 0.0018928376958 0.053740177304 0.053742546588 0.053744282573 
0.053739614785 0.053720515221 0.053677339107 0.053599420935 0.053475648165 0.053294818848 0.05304576084 0.052717328072 0.052298303694 
0.051777400076 0.051143527031 0.050386510789 0.049498215318 0.048473995179 0.047314424068 0.046026814729 0.044626623392 0.04313826561 
0.041595309973 0.040039997548 0.038522031158 0.037096753716 0.035822737962 0.034759167582 0.033962849528 0.033485382795 0.033370342106 
0.033650595695 0.034345790744 0.035460099578 0.036980587989 0.038876801729 0.04110230878 0.043598793447 0.046302523464 0.04915234074 
0.052097596228 0.055104605854 0.058160547167 0.0612748079 0.0644781515 0.067820347846 0.071366406977 0.075190849602 0.079369433224 
0.083967670798 0.08902643621 0.094545856118 0.10046943277 0.10667192936 0.11295460165 0.11905094981 0.12464439124 0.12939561903 
0.1329741627 0.1350864172 0.1354944855 0.13402679563 0.13058842719 0.12517920136 0.11791750789 0.10905645043 0.09897826612 
0.088161855936 0.077129095793 0.066382847726 0.056350715458 0.047345459461 0.039547931403 0.03301179409 0.027685159817 0.023441530764 
0.020112715662 0.017517803237 0.015484981239 0.013865108602 0.01253791526 0.01141254697 0.010424537584 0.0095310267061 0.0087055563927 
0.0079333055764 0.0072071752511 0.0065247993916 0.0058864317834 0.005293533206 0.004747891333 0.004251122009 0.0038044219837 0.0034084916115 
0.0030635604635 0.0027694688179 0.0025257796515 0.0023318973836 0.0021871880163 0.0020910778549 0.0020431377925 0.061030421406 0.061023123562 
0.061005156487 0.060970127583 0.060909364372 0.060812741518 0.06066961959 0.060469500721 0.060202423483 0.059858959168 0.059429802001 
0.058905255049 0.058274760842 0.057526834309 0.056649699807 0.055632572621 0.054467637092 0.053152225912 0.051691118628 0.050098452717 
0.048399005085 0.046628702432 0.044834133238 0.043071247637 0.041403256357 0.03989784047 0.038624018431 0.037648875266 0.037034206092 
0.03683328256 0.03708743304 0.03782241419 0.039044506848 0.040737066418 0.042858783156 0.045345447958 0.04811643064 0.051085811108 
0.054176107049 0.057331219316 0.060525458306 0.063766792417 0.067094735801 0.070574894547 0.074292242527 0.078344121575 0.082832410932 
0.087853141129 0.093482665718 0.099760487676 0.10667032003 0.114122428 0.12194152176 0.12986473739 0.13755404949 0.14462397993 
0.15068057179 0.15536150336 0.15836387873 0.15945006907 0.15843512118 0.15517808497 0.14960300922 0.14174829423 0.13181819022 
0.12020197511 0.10744655877 0.094191163778 0.081083409488 0.068698257208 0.05747679621 0.0476946868 0.03946108371 0.032742097974 
0.027398874983 0.023230258375 0.020011587068 0.017524676397 0.015577225015 0.014012311585 0.01271019876 0.01158511173 0.010579410009 
0.0096570318565 0.0087973512709 0.0079900724813 0.0072313249111 0.0065208645537 0.0058602024801 0.0052514257841 0.0046965228394 0.0041970377788 
0.0037539468613 0.0033676696476 0.0030381556135 0.0027650108095 0.0025476342998 0.002385359956 0.0022775714751 0.0022238024976 0.069555297494 
0.06953009218 0.069475911558 0.069385781884 0.069250553846 0.069060146809 0.068804785609 0.068476006389 0.068067073822 0.067572653294 
0.066987894475 0.066307060421 0.065522283316 0.064622893929 0.063595697284 0.062426671386 0.061103388667 0.059618216008 0.057971496135 
0.056174244732 0.054250143468 0.052236385643 0.050183355808 0.04815325141 0.046217661351 0.044454481453 0.042944457382 0.041767660528 
0.040999926627 0.04070918262 0.040950972587 0.041762530804 0.043155409396 0.045107670128 0.047558825463 0.050411224365 0.053541086614 
0.056818846613 0.060134626925 0.063421323895 0.066668406129 0.069922693074 0.073277808726 0.076858028769 0.080802433193 0.08525275439 
0.09034319222 0.096188753843 0.10286977887 0.1104125604 0.118768543 0.12779596448 0.13724952936 0.14678391814 0.155976668 
0.16437168419 0.17153640091 0.17711640894 0.18086224794 0.18260896206 0.1822117269 0.17948709428 0.1742297411 0.16630791128 
0.15578740835 0.1430002898 0.1285302043 0.11313162744 0.097616381943 0.082738608122 0.069103591144 0.057115100324 0.04696431011 
0.038653329015 0.032040737569 0.026895431802 0.022947262973 0.019927242771 0.017594361678 0.015749581158 0.01423955895 0.012953474186 
0.011816211976 0.010780282319 0.0098181301728 0.0089156385511 0.0080671431497 0.0072718132287 0.0065312362276 0.0058478787541 0.0052241971716 
0.0046621784568 0.0041631516069 0.0037277846131 0.0033561782911 0.0030480059795 0.0028026753571 0.0026194916572 0.0024977966677 0.0024370858446 
0.079336382449 0.079281456769 0.079167440534 0.078986793756 0.07873018086 0.078388176858 0.077953234315 0.077421031892 0.076790980995 
0.076065585017 0.075248502195 0.074341922998 0.073343850672 0.072246275842 0.071035087109 0.069691948593 0.068197838962 0.066537469625 
0.064703844488 0.062702231109 0.060552842915 0.058292455971 0.055974155664 0.053665980697 0.051448330283 0.0494107306 0.047648403794 
0.046258959919 0.045339178294 0.04498109594 0.045265745372 0.046252891421 0.047966144979 0.050375945866 0.053386647254 0.056836389005 
0.060516446829 0.064210116863 0.067741975188 0.07102175802 0.074067398906 0.076999597251 0.080012045801 0.083331853151 0.087185308337 
0.091777175665 0.097279526293 0.10382156819 0.1114744246 0.12023107708 0.1299854964 0.14051599801 0.15147890151 0.16242063046 
0.1728156656 0.18213279545 0.18992130458 0.19589217007 0.19995214045 0.20214381814 0.20248027146 0.200762555 0.1965752244 
0.18945983052 0.17919228971 0.16594570875 0.15029124916 0.13309031725 0.11533772945 0.098001338542 0.081890933216 0.067577183247 
0.05536550656 0.045317582786 0.037304185331 0.031071500853 0.0263055861 0.022684821859 0.019915925339 0.017753662542 0.016007285565 
0.014537839219 0.013250435703 0.012084601447 0.011004884727 0.0099928425625 0.0090407831594 0.0081472583115 0.0073139984161 0.0065439636819 
0.0058402023278 0.0052052559331 0.0046409047209 0.004148141481 0.0037272693589 0.0033780655358 0.0030999670271 0.0028922609054 0.0027542505413 
0.0026853934396 0.090366192162 0.090265460312 0.090059362352 0.089739836752 0.089297525585 0.088724561036 0.088017314672 0.087178528309 
0.086218044162 0.085151642561 0.083997704089 0.08277246356 0.081484697759 0.080131985247 0.07869977504 0.077163793147 0.075495257974 
0.073667250574 0.071661315858 0.069472983479 0.067115813494 0.064623549581 0.062050323933 0.059469334781 0.056970320642 0.054656598717 
0.052642349154 0.05105067417 0.050011735409 0.049659151584 0.050120804459 0.051500152797 0.053846530616 0.057119231671 0.061158236116 
0.06567966193 0.07031044364 0.074663080275 0.078432030976 0.0814794451 0.08387671411 0.085885301232 0.087886027992 0.090289711952 
0.093466475606 0.097712874413 0.10324510932 0.11019683629 0.11860823631 0.12840726972 0.13939245045 0.15122181177 0.16341409087 
0.17537160218 0.18643644452 0.1959862411 0.20356310904 0.20900562406 0.21252004802 0.21459066868 0.21563929319 0.21553178132 
0.21352489293 0.20854611695 0.19982844591 0.18724033237 0.17128281295 0.15291941166 0.13335211575 0.11380147189 0.095326125622 
0.078706219792 0.064397841692 0.052550174296 0.043065365404 0.035678431392 0.030037244782 0.025769101456 0.022527577356 0.020019285381 
0.018013851717 0.016342217103 0.014888173901 0.013577214442 0.012365367264 0.011229543015 0.010159949772 0.0091545740142 0.0082154152915 
0.0073460829444 0.0065503809601 0.0058315461501 0.005191930104 0.0046329442412 0.0041551645845 0.0037585175596 0.0034425004851 0.0032063997351 
0.0030494898092 0.0029711942188 0.10260051489 0.10243298858 0.10209268332 0.1015707925 0.10085812211 0.099949173629 0.098846301436 
0.097563020885 0.096125423908 0.094570353627 0.092940181494 0.091274365783 0.089600011706 0.087924487889 0.08623316884 0.084493085742 
0.082660704851 0.080691628158 0.078549966216 0.076216183603 0.073692657053 0.071006707847 0.06821128726 0.065383918583 0.062624655664 
0.060054104775 0.057813026011 0.056063503027 0.054990679026 0.054800380021 0.055705145001 0.05789013207 0.061455626041 0.066344991326 
0.072283387184 0.078762881458 0.085103958845 0.09059676528 0.094687469304 0.097145199776 0.098141141236 0.098202072084 0.098055697978 
0.098439157009 0.099957764149 0.10303986818 0.10795075446 0.11481280625 0.12360389531 0.13413988054 0.14606766403 0.15886889398 
0.17187282443 0.18429048359 0.19528774917 0.20411115885 0.21027056873 0.21375751495 0.21523086727 0.21599720418 0.21744409204 
0.21968071163 0.2214897126 0.22059682012 0.21527165174 0.20490016043 0.18987637758 0.17128701508 0.15058256686 0.12928329408 
0.10874392837 0.089997753501 0.073688939214 0.060083884746 0.049138154835 0.040590643883 0.034060426056 0.029128951952 0.025399114937 
0.022530145943 0.020251980051 0.018365042284 0.016731405631 0.015262233093 0.013904901221 0.012631691061 0.011430827901 0.010299913585 
0.0092414347455 0.0082598691806 0.0073599736206 0.006545860786 0.0058205998503 0.005186134018 0.0046434043907 0.0041925478727 0.0038331649266 
0.0035645673051 0.0033860162366 0.0032969084568 0.11595237255 0.11569178104 0.11516436934 0.11436016858 0.11326987296 0.1118908748 
0.11023356766 0.10832670331 0.10621999949 0.10398215801 0.10169287771 0.099428981543 0.097247309983 0.095171064138 0.093185298145 
0.091243214905 0.089278846979 0.087221674621 0.085010193288 0.082602612674 0.079984337091 0.077171951532 0.074214622378 0.071193441749 
0.068220578134 0.065439842641 0.063030682504 0.061215981841 0.060270842165 0.06052339077 0.062333099544 0.066030167043 0.071808978915 
0.079591497779 0.088906913996 0.098855234683 0.10821273178 0.11568980664 0.12028060108 0.12158263475 0.11995086819 0.11640185863 
0.11229383945 0.10892951488 0.10727985203 0.10794602334 0.11123850942 0.11724833399 0.12585547566 0.13669683039 0.14918503165 
0.16254778206 0.17586107552 0.18809036911 0.19816945493 0.20514182746 0.2083863467 0.20794652402 0.20496824384 0.20212580264 
0.2031224817 0.20855925977 0.21672047675 0.22273497283 0.22325436771 0.21706096828 0.20449511707 0.18684904277 0.16589313745 
0.14350539446 0.12138409168 0.1008553803 0.082784853876 0.067583672702 0.05528268218 0.045641478151 0.038262758404 0.03269091621 
0.028484115377 0.02525809966 0.022705597803 0.02059808746 0.018776925281 0.017139637843 0.015625460073 0.01420247741 0.012857316062 
0.011587546207 0.010396455415 0.0092896809801 0.0082731870934 0.007352175191 0.0065306122415 0.0058111208491 0.0051951091737 0.0046830112115 
0.004274582956 0.0039692036808 0.0037661434617 0.0036647873931 0.13028857112 0.12990345061 0.12912540138 0.12794220448 0.1263435781 
0.1243295297 0.12191998959 0.11916334927 0.11614177376 0.11297003925 0.10978446901 0.10672079027 0.10388374329 0.10132069886 
0.099014081061 0.09689398855 0.094859935343 0.092803061008 0.090625166893 0.08825301379 0.08564786613 0.082810595632 0.079783648252 
0.07665143162 0.073541492224 0.07062972337 0.068152479827 0.066425986588 0.065867722034 0.06700348109 0.070434197783 0.076732486486 
0.086255297065 0.098898820579 0.11387652904 0.12964016199 0.14405146241 0.15483219922 0.16019409895 0.15943443775 0.15323884785 
0.14350646734 0.13271613419 0.1231194064 0.11619707197 0.11271999776 0.11300911754 0.11711306125 0.12480397522 0.13544358313 
0.14808483422 0.16159319878 0.17471936345 0.18613602221 0.19449724257 0.1985553056 0.19736626744 0.19065907598 0.1796336621 
0.16847109795 0.16745425761 0.17687778175 0.19603827596 0.21295115352 0.22227184474 0.22241058946 0.2139197588 0.19846770167 
0.17824727297 0.1555557251 0.13247424364 0.11064961553 0.091191202402 0.074674539268 0.06122360006 0.050634719431 0.04250818491 
0.036362919956 0.031721614301 0.028163596988 0.025349576026 0.023025803268 0.021015502512 0.019204366952 0.017524765804 0.015941498801 
0.014440270141 0.013019163162 0.011682709679 0.010438070633 0.0092927273363 0.0082532335073 0.0073246634565 0.0065104924142 0.0058127325028 
0.005232214462 0.0047689280473 0.0044223680161 0.0041918493807 0.0040767653845 0.1454295814 0.14488394558 0.14378233254 0.14210854471 
0.13984906673 0.1370048672 0.13360518217 0.12972129881 0.12547685206 0.12105014175 0.11666156352 0.11253996193 0.1088681072 
0.10572902858 0.10309448093 0.10085435957 0.098855093122 0.096932545304 0.094937726855 0.09275469929 0.090312197804 0.087589792907 
0.08462049067 0.081492476165 0.078353784978 0.075424849987 0.073023714125 0.071604184806 0.071797385812 0.074430190027 0.080475926399 
0.090886645019 0.10628175735 0.12653301656 0.1503777504 0.17526139319 0.19759818912 0.21351450682 0.21993283927 0.21564558148 
0.20191295445 0.18218627572 0.16090163589 0.14186726511 0.12712301314 0.11742953211 0.11299035698 0.11385948211 0.1198316887 
0.12981334329 0.14230655134 0.15565939248 0.16822355986 0.17836634815 0.18446914852 0.18496219814 0.17838133872 0.16349478066 
0.13955131173 0.10873372853 0.10413989425 0.116948165 0.15831267834 0.1915499568 0.21242788434 0.22069178522 0.21760861576 
0.20543240011 0.18686898053 0.16467340291 0.14132289588 0.1187883988 0.098425358534 0.080979146063 0.066676281393 0.055362138897 
0.046648129821 0.0400409922 0.035039834678 0.031197436154 0.028150260448 0.025625122711 0.02343130298 0.021445581689 0.019595496356 
0.01784395799 0.016176754609 0.014593211003 0.013099666685 0.011705254205 0.01041934453 0.0092501463369 0.0082040969282 0.0072857234627 
0.0064978087321 0.0058417050168 0.0053177303635 0.0049255667254 0.0046646161936 0.0045343115926 0.16115283966 0.16040784121 0.15890349448 
0.15661682189 0.15352733433 0.14963275194 0.14496836066 0.139627859 0.1337826997 0.1276935339 0.12170234323 0.11618741602 
0.11146514118 0.10766915977 0.10473676026 0.10248568654 0.10068207234 0.099084667861 0.097476638854 0.09568657726 0.093601427972 
0.091173708439 0.088424764574 0.085448116064 0.08241905272 0.07961820811 0.077475622296 0.076636143029 0.078031346202 0.082916013896 
0.092798724771 0.10918537527 0.13309118152 0.16437804699 0.20111785829 0.23929858208 0.2731847465 0.29646897316 0.30404031277 
0.2938528657 0.26810926199 0.23292255402 0.19611349702 0.16411437094 0.13917088509 0.12136115134 0.11034438014 0.10642608255 
0.11010331661 0.11925362051 0.13160189986 0.14476308227 0.15662166476 0.16529452801 0.16901367903 0.16605009139 0.15456259251 
0.13194391131 0.092246077955 0.072827592492 0.069753974676 0.080679796636 0.1095308736 0.16298559308 0.19615672529 0.21302577853 
0.21589379013 0.20760196447 0.19135791063 0.17034599185 0.14740198851 0.12478517741 0.10407058895 0.086159087718 0.071376867592 
0.059624321759 0.050535295159 0.043617930263 0.038361232728 0.03430345282 0.031066631898 0.028365729377 0.026001632214 0.023846134543 
0.021824629977 0.01989999786 0.018059387803 0.016304265708 0.014643464237 0.013088611886 0.011651387438 0.010342009366 0.0091685662046 
0.0081368805841 0.0072506964207 0.0065120444633 0.0059216869995 0.0054795769975 0.005185272079 0.0050382749178 0.17719981074 0.1762162596 
0.17422881722 0.1712038815 0.16710825264 0.16192901134 0.15569902956 0.14852684736 0.14062942564 0.13236282766 0.12423679978 
0.11687453836 0.11084478348 0.10634750128 0.1032160446 0.10113774985 0.099763460457 0.098749175668 0.09779240191 0.096652731299 
0.095165736973 0.093251608312 0.090918652713 0.088268004358 0.085510000587 0.083002753556 0.081320643425 0.081355713308 0.084431007504 
0.092364236712 0.10737652332 0.13172374666 0.16697782278 0.21303009987 0.26710245013 0.32323017716 0.37269890308 0.40569353104 
0.41400724649 0.39416080713 0.34974685311 0.29129710793 0.23242023587 0.18457992375 0.1486684233 0.12236002088 0.10330311954 
0.092550039291 0.094590485096 0.10329332948 0.11601865292 0.12934720516 0.1406327635 0.14788921177 0.14945288002 0.14385306835 
0.12971995771 0.1053789854 0.067512102425 0.05197910592 0.050139985979 0.059977721423 0.084546133876 0.1362452656 0.17747673392 
0.20159365237 0.20986454189 0.2053771466 0.19170758128 0.17235173285 0.15039847791 0.12831041217 0.10782171786 0.089952066541 
0.075110726058 0.063251309097 0.054037854075 0.046992499381 0.041608147323 0.037421688437 0.034051902592 0.031210653484 0.028696959838 
0.026382258162 0.024192990735 0.022094178945 0.020075811073 0.018142545596 0.016306456178 0.01458225958 0.012984420173 0.011525556445 
0.010215738788 0.0090623581782 0.0080703496933 0.0072426032275 0.0065804710612 0.0060842847452 0.0057538282126 0.0055887294002 0.19328588247 
0.19202773273 0.18948280811 0.1856020987 0.18033206463 0.17363829911 0.16553649306 0.15613088012 0.1456630379 0.13457362354 
0.1235762015 0.11369618028 0.1060583517 0.10092618316 0.097819618881 0.096201136708 0.095578752458 0.095480069518 0.095502614975 
0.095324583352 0.094721093774 0.093576036394 0.091884054244 0.089754514396 0.087437972426 0.085387460887 0.084352582693 0.08552082628 
0.090682923794 0.10233514011 0.12356970459 0.15757912397 0.20666350424 0.27082338929 0.34631252289 0.42478349805 0.49370890856 
0.53851425648 0.54639726877 0.51125657558 0.43830707669 0.34525996447 0.25440579653 0.1906247288 0.14715027809 0.11672881991 
0.089196234941 0.066579505801 0.072576768696 0.081664890051 0.09612839669 0.11043585837 0.12147780508 0.12744702399 0.12707950175 
0.11951762438 0.10449935496 0.082167156041 0.050970148295 0.039187140763 0.039132907987 0.048751525581 0.06864349544 0.10331917554 
0.1584815681 0.18873858452 0.20095710456 0.19948911667 0.1882109344 0.1707341671 0.15022499859 0.12921746075 0.10951444507 
0.092198804021 0.07773437351 0.066119126976 0.057051129639 0.050077259541 0.044707749039 0.040491338819 0.03705509752 0.034117013216 
0.031481135637 0.029023494571 0.0266750101 0.024405159056 0.022208349779 0.020093541592 0.01807686314 0.01617674157 0.014410936274 
0.012794899754 0.011341053061 0.010058665648 0.0089541235939 0.00803139247 0.0072925817221 0.0067385332659 0.0063693528064 0.0061848503537 
0.20911186934 0.20755049586 0.20438843966 0.19955599308 0.19297085702 0.18456396461 0.17431332171 0.16228675842 0.14869958162 
0.13400548697 0.11907181144 0.10552056879 0.095950752497 0.090570494533 0.087928712368 0.087178230286 0.087731428444 0.08895458281 
0.090346112847 0.091493822634 0.092105023563 0.092027850449 0.091241031885 0.089846849442 0.08812572062 0.086646966636 0.086371332407 
0.088814541698 0.096271850169 0.11197660118 0.13998579979 0.18456034362 0.2488836199 0.33320218325 0.43284183741 0.53688806295 
0.6284045577 0.68680894375 0.69263106585 0.63461136818 0.51878613234 0.37404307723 0.23012235761 0.15941347182 0.11961711198 
0.10170611739 0.067579396069 0.050085201859 0.046990152448 0.05304890871 0.073109969497 0.089892707765 0.10096814483 0.10560984164 
0.10320530832 0.093568652868 0.07780392468 0.059707902372 0.037826731801 0.030980236828 0.034234728664 0.046938031912 0.066676788032 
0.09664542973 0.14814721048 0.17759698629 0.1905900985 0.19068846107 0.18129226565 0.16572777927 0.14699576795 0.12754245102 
0.10913508385 0.092855282128 0.079186953604 0.068159177899 0.059504672885 0.05280360952 0.047595411539 0.043452937156 0.040022406727 
0.037036761642 0.034311775118 0.031732875854 0.029238762334 0.026805652305 0.024433916435 0.02213791199 0.019938629121 0.017858859152 
0.015920193866 0.014141374268 0.01253757067 0.011120281182 0.0098976409063 0.0088749285787 0.0080552175641 0.007440011017 0.0070298486389 
0.0068247965537 0.22437624633 0.22249493003 0.21868006885 0.21283660829 0.20484551787 0.19459058344 0.18199162185 0.16704282165 
0.14985588193 0.13072490692 0.11033080518 0.090525574982 0.078837662935 0.074632234871 0.073174752295 0.073763765395 0.076030224562 
0.079036667943 0.082245089114 0.085146121681 0.087379902601 0.088778108358 0.089287370443 0.088903948665 0.087860748172 0.086899831891 
0.087290003896 0.090910613537 0.10053510964 0.12008913606 0.15456913412 0.2093283087 0.28853657842 0.39289316535 0.51709723473 
0.64797019958 0.76420420408 0.83841466904 0.84188485146 0.75303685665 0.57176631689 0.35530400276 0.23195198178 0.16066658497 
0.11666858941 0.087603159249 0.06189281866 0.044898182154 0.037602797151 0.039043866098 0.049763824791 0.070796355605 0.081542044878 
0.084413670003 0.079521164298 0.066484384239 0.046422153711 0.034675363451 0.026422604918 0.025536973029 0.033902574331 0.057858772576 
0.083321370184 0.11251352727 0.1448957324 0.16774076223 0.17887784541 0.17930883169 0.17133370042 0.15768006444 0.14098888636 
0.12348593026 0.10681197047 0.091989383101 0.079489529133 0.06935877353 0.061363343149 0.055122952908 0.050215851516 0.046249300241 
0.042897965759 0.039917383343 0.037140835077 0.034467332065 0.031846296042 0.029262667522 0.026724182069 0.024251580238 0.02187150158 
0.019611727446 0.017498226836 0.015553510748 0.013795931824 0.012239598669 0.010894717649 0.009768168442 0.0088642090559 0.0081851817667 
0.0077321911231 0.0075056441128 0.23878665268 0.23658467829 0.2321138382 0.22525037825 0.21583294868 0.20369008183 0.18867221475 
0.17068189383 0.14968177676 0.12562701106 0.0980579108 0.0642458722 0.051270313561 0.053304579109 0.053696822375 0.055810004473 
0.060606855899 0.065830126405 0.071377284825 0.076592855155 0.081090018153 0.08479539305 0.087543725967 0.088710874319 0.088189259171 
0.08712875843 0.087498322129 0.091687880456 0.10284203291 0.12536422908 0.16497811675 0.22798813879 0.31955984235 0.44111189246 
0.5873478651 0.74384272099 0.88609939814 0.98053354025 0.98738306761 0.86487352848 0.57014495134 0.3848156631 0.26649537683 
0.18921290338 0.13794125617 0.10250674188 0.073023363948 0.050380259752 0.037901632488 0.035391781479 0.042018562555 0.05835159868 
0.065809875727 0.066089212894 0.058600910008 0.040695335716 0.02887948975 0.021978495643 0.018980287015 0.021456727758 0.032471556216 
0.059671908617 0.08630438894 0.11291284114 0.13767652214 0.15571147203 0.16487903893 0.1653573662 0.15868958831 0.14703375101 
0.13261882961 0.11738541722 0.1027925089 0.089763373137 0.078732684255 0.069752991199 0.062622323632 0.057003974915 0.052521910518 
0.048825290054 0.045624196529 0.0427024737 0.039915304631 0.037178467959 0.034454345703 0.031738139689 0.029046095908 0.026406178251 
0.023851361126 0.021415010095 0.019128020853 0.017017170787 0.015104447491 0.013406979851 0.011937409639 0.010704523884 0.0097140138969 
0.0089692678303 0.0084721017629 0.008223365061 0.25206959248 0.24956519902 0.24447408319 0.23664186895 0.22586213052 0.21190528572 
0.19455420971 0.17364270985 0.14908400178 0.12085433304 0.088776826859 0.051443893462 0.03569220379 0.030886914581 0.029997434467 
0.032579146326 0.042153671384 0.049617610872 0.058280024678 0.066764637828 0.074991323054 0.083549827337 0.091789096594 0.095870308578 
0.094787731767 0.091117508709 0.08895470947 0.091801539063 0.10296137631 0.12678264081 0.16918991506 0.23705212772 0.33638653159 
0.46960073709 0.63231611252 0.81062346697 0.9794908762 1.1024158001 1.1319916248 1.0112653971 0.67457544804 0.47658625245 
0.3436216414 0.24999497831 0.18600663543 0.14508509636 0.10380840302 0.066315099597 0.045488256961 0.039932250977 0.046427864581 
0.052082203329 0.054293259978 0.052037745714 0.044150982052 0.028776401654 0.019645353779 0.015019852668 0.014102065936 0.017792355269 
0.029010009021 0.055018611252 0.080220982432 0.10411399603 0.1250025332 0.1401989013 0.1482052207 0.14904144406 0.14384828508 
0.13435481489 0.12241560221 0.10968070477 0.097408659756 0.086405083537 0.077054724097 0.069409407675 0.063297212124 0.058426812291 
0.05447152257 0.051126696169 0.048141825944 0.045332431793 0.042578216642 0.039813622832 0.037015341222 0.03418989107 0.031362753361 
0.02856977284 0.025850825012 0.023245431483 0.020789921284 0.018515856937 0.0164493341 0.014610935934 0.013016129844 0.011675940827 
0.010597780347 0.0097862994298 0.0092441895977 0.0089728496969 0.2639786005 0.26121070981 0.2555771172 0.24689251184 0.23490427434 
0.21932250261 0.19986049831 0.17629060149 0.14852708578 0.11676707864 0.081681929529 0.043984398246 0.027197603136 0.020331434906 
0.018229145557 0.019242106006 0.023461276665 0.030039146543 0.043955732137 0.057929713279 0.074216917157 0.096913382411 0.12276858836 
0.13239984214 0.12556421757 0.1106293872 0.098013244569 0.09405580163 0.10174865276 0.1241273433 0.16615726054 0.23446474969 
0.33551809192 0.47285622358 0.64397931099 0.83760857582 1.0316991806 1.1917871237 1.2688215971 1.1949959993 0.87081259489 
0.64019465446 0.4744579196 0.34911480546 0.26434519887 0.23447686434 0.16814173758 0.09173411876 0.058044288307 0.052577253431 
0.04953199625 0.047662775964 0.045388419181 0.041351940483 0.034557826817 0.024854468182 0.014914969914 0.010948442854 0.010610271245 
0.014077488333 0.023552082479 0.044962152839 0.067424684763 0.088718004525 0.10755864531 0.12148696184 0.12927572429 0.13096611202 
0.12750606239 0.12033052742 0.11098844558 0.10086742043 0.091032870114 0.082171410322 0.074614144862 0.068408787251 0.063411459327 
0.059375558048 0.056023944169 0.053098823875 0.050389990211 0.047745421529 0.045070007443 0.042317397892 0.039479017258 0.036573056132 
0.033634640276 0.030707927421 0.027840159833 0.025077491999 0.022462213412 0.020031180233 0.017815083265 0.015838414431 0.01411987748 
0.012673093937 0.01150749065 0.01062922366 0.010042040609 0.0097479997203 0.27430036664 0.27132847905 0.26527243853 0.25591751933 
0.24296574295 0.226063326 0.20483896136 0.1789599061 0.14823444188 0.11288761348 0.074329070747 0.038638461381 0.022392861545 
0.015110178851 0.012311876751 0.012228837237 0.014468022622 0.019500726834 0.030520383269 0.055360935628 0.093610323966 0.16368857026 
0.24766595662 0.2641145885 0.22985227406 0.17663428187 0.13130667806 0.10616663843 0.10234781355 0.11857368052 0.15630562603 
0.22029642761 0.31660673022 0.44972643256 0.61967295408 0.81955993176 1.0335626602 1.2343703508 1.3794747591 1.4092845917 
1.2558606863 0.90334361792 0.67305147648 0.49126040936 0.36075210571 0.30326655507 0.20996046066 0.11261683702 0.069092921913 
0.059743650258 0.050431814045 0.042988803238 0.037305634469 0.032149311155 0.026359830052 0.019405804574 0.011349332519 0.0081402380019 
0.007855319418 0.010336760432 0.016600109637 0.028811724856 0.049357306212 0.068100571632 0.086741916835 0.10074012727 0.10910852253 
0.11206438392 0.11051553488 0.10571176559 0.098964989185 0.091439962387 0.08402942121 0.077309928834 0.071561180055 0.066825464368 
0.062983937562 0.059831172228 0.057136297226 0.054685585201 0.052306860685 0.049878876656 0.04733048752 0.044633716345 0.041794285178 
0.038841851056 0.035821221769 0.032785087824 0.029788421467 0.026884457096 0.024121934548 0.021543510258 0.019184978679 0.017075214535 
0.0152365705 0.013685639948 0.012434178963 0.011490092613 0.010858373716 0.010541873984 0.28285959363 0.27976173162 0.27344191074 
0.26366069913 0.25007990003 0.23228445649 0.20980684459 0.18214781582 0.14878030121 0.10901200026 0.061029892415 0.033964637667 
0.019872814417 0.012881438248 0.0097330138087 0.0089400950819 0.010224590078 0.014771062881 0.027992524207 0.070472620428 0.16963370144 
0.38033989072 0.61974680424 0.64274436235 0.51864171028 0.35603448749 0.22407986224 0.14465335011 0.11181272566 0.11326628923 
0.14170721173 0.1968203634 0.28259897232 0.40375632048 0.56278425455 0.75788331032 0.98104798794 1.2146388292 1.4252223969 
1.5570179224 1.5346080065 1.3077310324 0.96327996254 0.68335038424 0.47519552708 0.33020046353 0.21464653313 0.12743018568 
0.078842483461 0.064725928009 0.049524556845 0.036750584841 0.028566481546 0.023041754961 0.018512664363 0.014042340219 0.0085222395137 
0.006087100599 0.0057375459 0.0072216861881 0.01096714288 0.017740339041 0.028203874826 0.041801225394 0.064515426755 0.079694114625 
0.089053355157 0.093415424228 0.093759700656 0.091218665242 0.086917079985 0.081832543015 0.076708495617 0.072024442255 0.068013429642 
0.064711146057 0.06201897189 0.059766266495 0.057761762291 0.055829793215 0.053831227124 0.051671728492 0.049301270396 0.046708315611 
0.043911628425 0.040951706469 0.037882789969 0.034766159952 0.0316648148 0.028639461845 0.025745784864 0.023032745346 0.020541742444 
0.018306497484 0.016353458166 0.014702559449 0.013368199579 0.012360293418 0.011685266159 0.011346887797 0.28952336311 0.28639191389 
0.27999719977 0.27008372545 0.2562867403 0.23814858496 0.21512976289 0.18659442663 0.15173622966 0.10955678672 0.059263512492 
0.033590842038 0.020177211612 0.013219819404 0.0096365194768 0.0081720650196 0.0087869707495 0.013656184077 0.033297803253 0.11305849999 
0.34144189954 0.82859736681 1.3309036493 1.4254521132 1.1496597528 0.75265496969 0.43149021268 0.2358610332 0.14167660475 
0.1133993119 0.12578769028 0.1679186523 0.23888193071 0.34218719602 0.48194646835 0.66084396839 0.87840473652 1.1270791292 
1.3843641281 1.6037595272 1.7145321369 1.649042964 1.4047504663 0.93352997303 0.63059812784 0.42192143202 0.26679989696 
0.15626235306 0.092524148524 0.070008717477 0.047559887171 0.026851348579 0.017510239035 0.012804362923 0.010155230761 0.0091155059636 
0.0068903556094 0.0047462969087 0.0043014576659 0.0049767354503 0.0070820143446 0.010975155979 0.017213286832 0.027055263519 0.04559122026 
0.060510445386 0.07048778981 0.07601954788 0.078002639115 0.077441193163 0.075292252004 0.072370670736 0.069291569293 0.066450804472 
0.064039729536 0.062085106969 0.060501430184 0.059143520892 0.057850174606 0.056475166231 0.054905258119 0.053067501634 0.050928931683 
0.048491682857 0.04578583315 0.042861711234 0.039782594889 0.036618344486 0.033440217376 0.030316798016 0.0273111891 0.024479161948 
0.021868208423 0.019517371431 0.017457604408 0.015712559223 0.014299579896 0.013230846263 0.012514398433 0.012155056 0.29420551658 
0.29114037752 0.28487613797 0.27515295148 0.26159980893 0.24374818802 0.22102876008 0.19267274439 0.15734945238 0.11287007481 
0.063420765102 0.037770878524 0.024135934189 0.01680344902 0.012291101739 0.0097699034959 0.009446403943 0.014498576522 0.040735609829 
0.15726996958 0.50471419096 1.2155386209 1.952157259 2.3644263744 2.1165614128 1.4261802435 0.7943482995 0.40219497681 
0.20301546156 0.12436345965 0.11226058751 0.13795125484 0.19176121056 0.27399677038 0.38892164826 0.54207760096 0.73864924908 
0.97962743044 1.253293395 1.5241104364 1.7282706499 1.7871609926 1.6346601248 1.1843754053 0.81910413504 0.57160496712 
0.36390927434 0.20212125778 0.11109220237 0.07601813972 0.046632811427 0.022724833339 0.012502584606 0.0079473201185 0.0058350577019 
0.004942397587 0.004662069492 0.0039569754153 0.003678744426 0.0034938349854 0.0045631681569 0.0068280473351 0.010661986656 0.016945948824 
0.027523016557 0.043851029128 0.054275579751 0.060564048588 0.063763260841 0.06476572901 0.064369656146 0.063243858516 0.06189404428 
0.060646153986 0.05965449661 0.058932416141 0.058397557586 0.057918194681 0.057351466268 0.056570183486 0.055478479713 0.054018191993 
0.052168656141 0.049942437559 0.047378908843 0.04453714937 0.041489027441 0.038312975317 0.035088744015 0.031893219799 0.028797389939 
0.025864325464 0.023148097098 0.020693499595 0.018536394462 0.016704488546 0.015218372457 0.01409271732 0.01333735697 0.012958274223 
0.29687327147 0.29397362471 0.28804367781 0.27883177996 0.26598250866 0.24905350804 0.22749580443 0.20039489865 0.16495910287 
0.11124166101 0.073826417327 0.048409339041 0.033840503544 0.026086723432 0.019224861637 0.014631495811 0.012283275835 0.015070572495 
0.035001333803 0.11806852371 0.38999062777 1.0529526472 2.135163784 2.9119510651 2.9955749512 2.1933662891 1.2305011749 
0.61690723896 0.28941568732 0.14580795169 0.10284214467 0.11029768735 0.14679785073 0.2076715678 0.29581680894 0.41765671968 
0.5814114213 0.79387325048 1.0526108742 1.3343874216 1.5872625113 1.7369987965 1.7115027905 1.4693330526 1.0538905859 
0.83579391241 0.54167348146 0.26028421521 0.12931920588 0.078481160104 0.044612310827 0.020446514711 0.0099586676806 0.0054849348962 
0.0035811825655 0.0027973679826 0.0024933104869 0.0023113179486 0.0025098305196 0.002333996119 0.0029228357598 0.0042860885151 0.0067151617259 
0.010888468474 0.018190162256 0.031615938991 0.041072074324 0.047397650778 0.051271416247 0.053351599723 0.054251555353 0.054503779858 
0.054526038468 0.054591484368 0.05482210964 0.055209714919 0.055661369115 0.056044504046 0.056221630424 0.05607355386 0.055512696505 
0.054488699883 0.052988156676 0.051030732691 0.04866310209 0.045952077955 0.04297779128 0.039827331901 0.036589249969 0.033349189907 
0.030186478049 0.027171958238 0.02436671406 0.02182170935 0.019578047097 0.017667796463 0.016115050763 0.014937168919 0.014145944268 
0.013748615049 0.29755634069 0.29491201043 0.2895000875 0.28108623624 0.26934787631 0.25390401483 0.23434105515 0.21017132699 
0.18058489263 0.14393942058 0.10007508844 0.07052090764 0.053773999214 0.048033561558 0.033881522715 0.025247413665 0.018789568916 
0.017535777763 0.028922906145 0.08093687892 0.25498229265 0.71152681112 1.6056506634 2.6175572872 3.0471057892 2.463950634 
1.3640493155 0.74127686024 0.35244190693 0.16285206378 0.094289444387 0.086023569107 0.1075527221 0.14941349626 0.2124029398 
0.30226615071 0.4278190434 0.5986379385 0.81897431612 1.0772910118 1.3365241289 1.5341910124 1.6000415087 1.4911431074 
1.2323673964 0.93414157629 0.59571987391 0.27873980999 0.13197857141 0.066181726754 0.038262322545 0.019662598148 0.0086046699435 
0.004153995309 0.0023723263294 0.0016710432246 0.0014108916512 0.0013264558511 0.0013791539241 0.0014658314176 0.001862221281 0.0027218817268 
0.0043033361435 0.0071439337917 0.012370507233 0.022562518716 0.030504226685 0.036374140531 0.040456939489 0.043153125793 0.044889774173 
0.046085167676 0.047106813639 0.048202380538 0.049467947334 0.050856761634 0.052245378494 0.053484577686 0.054430052638 0.054960273206 
0.054987207055 0.054461337626 0.053371585906 0.051741603762 0.049623668194 0.047091636807 0.044233817607 0.041146211326 0.037926651537 
0.03466996178 0.031464297324 0.028388699517 0.025511641055 0.022890556604 0.020572101697 0.018592935055 0.01698085852 0.015756083652 
0.014932474121 0.014518622309 0.2963578403 0.29404234886 0.28929701447 0.28190782666 0.27158924937 0.25802564621 0.24092537165 
0.22008432448 0.19545568526 0.16745235026 0.13784556091 0.1108109951 0.090802244842 0.076160416007 0.061347328126 0.047498505563 
0.031647048891 0.024169227108 0.026140121743 0.051423106343 0.14009562135 0.37395456433 0.8442568779 1.5180592537 1.9116748571 
1.7069718838 1.0763220787 0.63595277071 0.32133305073 0.14923737943 0.07893872261 0.063907586038 0.075284041464 0.10233678669 
0.1444003284 0.20586076379 0.29449006915 0.42013791203 0.59068793058 0.80332678556 1.034814477 1.2362350225 1.3419003487 
1.2983732224 1.1106601954 0.85458821058 0.53493350744 0.25234436989 0.11937142164 0.05620617792 0.027608802542 0.015300173312 
0.0076397447847 0.0033411912154 0.0016854439164 0.0010562503012 0.00083186407574 0.00077708106255 0.0008217052673 0.00095551443519 0.0012207748368 
0.001768574235 0.0027883667499 0.0046767657623 0.0082495538518 0.015394712798 0.021850507706 0.027082217857 0.031064489856 0.03399984166 
0.036144305021 0.037840083241 0.03948154673 0.041338182986 0.043491300195 0.045811064541 0.048113279045 0.050217971206 0.051966354251 
0.053226981312 0.05390330404 0.053939782083 0.053322963417 0.052077848464 0.050261244178 0.047953929752 0.045252755284 0.042263198644 
0.039092909545 0.035846419632 0.032621156424 0.02950470522 0.026573190466 0.023890761659 0.021509798244 0.019471717998 0.017808141187 
0.016542254016 0.015690071508 0.015261588618 0.29346415401 0.29153108597 0.28755819798 0.28134804964 0.2726444006 0.26117932796 
0.24673627317 0.22923317552 0.2088329792 0.18611580133 0.16240109503 0.13958574831 0.11977116019 0.10252740234 0.086176596582 
0.070324465632 0.054254457355 0.039904616773 0.030406720936 0.036204930395 0.073122799397 0.17590211332 0.38880223036 0.72180497646 
1.1025493145 1.0973777771 0.69425743818 0.39330488443 0.21223309636 0.10138823092 0.054300628603 0.043146472424 0.049863837659 
0.066836029291 0.093296386302 0.13230739534 0.18983055651 0.27440103889 0.39525008202 0.55379056931 0.73684561253 0.90761655569 
1.0063275099 0.97195631266 0.83390408754 0.6707790494 0.38858741522 0.20447148383 0.099798075855 0.04603144899 0.020868161693 
0.0099717034027 0.0055409879424 0.0027815711219 0.0012691279408 0.00070669600973 0.00051436765352 0.00047928933054 0.0005479620304 0.00076748523861 
0.00089537334861 0.0012323537376 0.0018328328151 0.0029710270464 0.0050513371825 0.0087025184184 0.01438304875 0.019087003544 0.022793276235 
0.025705540553 0.027864081785 0.029569720849 0.031424347311 0.033793348819 0.036777000874 0.040025796741 0.043253201991 0.046248570085 
0.048843950033 0.050894606858 0.05228702724 0.05295188725 0.05286873132 0.052062146366 0.050593484193 0.048551268876 0.046041898429 
0.043181248009 0.040087521076 0.036875501275 0.033652216196 0.030514001846 0.027544796467 0.024815542623 0.022384401411 0.020297598094 
0.018590625376 0.017289660871 0.016412902623 0.015971785411 0.28915038705 0.28763321042 0.28449600935 0.27954983711 0.27255252004 
0.26325640082 0.25147026777 0.23713412881 0.22040562332 0.20174974203 0.18200327456 0.16226518154 0.14349597692 0.12576167285 
0.10859636217 0.091775134206 0.07516926527 0.059238974005 0.045761298388 0.035231396556 0.043475851417 0.082757860422 0.17304797471 
0.33029019833 0.55197876692 0.58247178793 0.37273028493 0.20973570645 0.10333617032 0.048452146351 0.029812827706 0.025681374595 
0.03092963621 0.041642963886 0.057482615113 0.080348417163 0.11416058242 0.16494356096 0.24483005702 0.35267162323 0.4819869101 
0.60665088892 0.67390102148 0.59980505705 0.59162896872 0.50011497736 0.30071538687 0.16585424542 0.080650016665 0.036344319582 
0.015680275857 0.0068962937221 0.0037354002707 0.0019634750206 0.0010036198655 0.00049280835083 0.00033315256587 0.00031452142866 0.00039150484372 
0.00061313784681 0.00082548637874 0.0010750937508 0.0012977905571 0.001884103287 0.0030064142775 0.0048910919577 0.0077871466056 0.012117160484 
0.015368179418 0.018193760887 0.020004423335 0.021013237536 0.022595031187 0.025217864662 0.029222879559 0.033499523997 0.037691976875 
0.041605681181 0.04509729147 0.048007082194 0.050189889967 0.051551345736 0.052059404552 0.05173824355 0.050655733794 0.048910424113 
0.046620197594 0.043912697583 0.040917526931 0.037760183215 0.034557487816 0.031414560974 0.028423096985 0.0256607458 0.023191353306 
0.021065864712 0.019323578104 0.017993627116 0.017096379772 0.016644664109 0.28377744555 0.28269189596 0.2804171145 0.27676233649 
0.27148199081 0.26432162523 0.25507420301 0.2436426878 0.23010112345 0.2147398442 0.19806627929 0.18071198463 0.16321693361 
0.14578942955 0.12840874493 0.11108324677 0.093903012574 0.077122226357 0.061377812177 0.0474104397 0.037455938756 0.046785522252 
0.082632534206 0.1630551517 0.24787309766 0.26274815202 0.16864974797 0.094393715262 0.045547477901 0.021245215088 0.012805849314 
0.012173905037 0.017575804144 0.024730172008 0.033848833293 0.045791752636 0.062764443457 0.082777716219 0.13906359673 0.20719225705 
0.28999057412 0.37352567911 0.42780724168 0.41846981645 0.35226085782 0.32855859399 0.23757526278 0.14145261049 0.063859865069 
0.027850901708 0.011445424519 0.0046740197577 0.0021211034618 0.001182640437 0.00064025836764 0.00031717974343 0.00021826195007 0.00021987729997 
0.00029376079328 0.00044160918333 0.00069108774187 0.00090459955391 0.0010952119483 0.0012561889598 0.0017942145932 0.0027407885063 0.0041686086915 
0.0061262496747 0.0083058960736 0.011675231159 0.012865114957 0.011635235511 0.012341926806 0.014761925675 0.020826904103 0.026347324252 
0.031510476023 0.036332376301 0.04077014327 0.044627092779 0.047689557076 0.04981963709 0.050970923156 0.051171313971 0.050500586629 
0.049071807414 0.047017339617 0.044478356838 0.041596733034 0.038508921862 0.035341475159 0.032208070159 0.029207836837 0.026424825191 
0.023928297684 0.02177368477 0.020003922284 0.018650967628 0.017737258226 0.017276979983 0.27777782083 0.27712589502 0.27571240067 
0.27333423495 0.26972618699 0.26460427046 0.25771707296 0.24889877439 0.23811589181 0.22549398243 0.21130931377 0.1959284395 
0.17970216274 0.16287384927 0.14560379088 0.12805615366 0.11043935269 0.093025036156 0.076192907989 0.060606818646 0.047968275845 
0.043584115803 0.052600584924 0.076267823577 0.10116308928 0.10491119325 0.075526610017 0.04050919041 0.019368000329 0.0092158457264 
0.0058533307165 0.0059687364846 0.0085957124829 0.013995952904 0.018975000829 0.022842168808 0.033816646785 0.048232644796 0.075187698007 
0.11242642254 0.15944312513 0.20876684785 0.24460205436 0.25525137782 0.22885017097 0.17388020456 0.1426589638 0.092552885413 
0.048566788435 0.022090468556 0.0081305177882 0.0030592328403 0.0012383894064 0.00058754580095 0.00031178406789 0.00018147249648 0.00014374859165 
0.00017072768242 0.00027861216222 0.0004132471222 0.00058058387367 0.0007405509823 0.00086988293333 0.00089424347971 0.0011163370218 0.0015678080963 
0.0022881117184 0.0033190166578 0.0047544315457 0.0072179408744 0.007961243391 0.0067694056779 0.0070876083337 0.0087145175785 0.012306659482 
0.018870126456 0.024847669527 0.0304418616 0.035892046988 0.040835216641 0.044896353036 0.047871377319 0.049706786871 0.050447512418 
0.050196141005 0.049087256193 0.047271613032 0.044905722141 0.042144287378 0.039134584367 0.036012403667 0.032899387181 0.029901497066 
0.027108622715 0.024594973773 0.022420087829 0.02063024044 0.019259998575 0.018333716318 0.017866831273 0.27163034678 0.27140441537 
0.27083188295 0.26968771219 0.26767286658 0.26445645094 0.25972402096 0.25322651863 0.24482066929 0.23449280858 0.22235627472 
0.20861899853 0.19353041053 0.17733842134 0.16028732061 0.14264144003 0.1246984899 0.10679225624 0.089307293296 0.072765164077 
0.058097388595 0.047211129218 0.042188495398 0.041501127183 0.037892967463 0.0353936553 0.029452571645 0.018515609205 0.009902831167 
0.0047821146436 0.0031399319414 0.003217919264 0.0045977570117 0.007846117951 0.010644549504 0.013097310439 0.015842914581 0.024851823226 
0.037772379816 0.055908877403 0.07884016633 0.10145128518 0.11092786491 0.13281859457 0.12522774935 0.088557928801 0.066605634987 
0.049168549478 0.027897037566 0.011784889735 0.0046005561016 0.0017455517082 0.00068177399226 0.00030083436286 0.00015783624258 0.0001024892772 
9.4325696409e-05 0.00012786549632 0.00022665077995 0.00034468830563 0.00047106531565 0.00059160438832 0.00069432583405 0.00075807148824 0.00077133456944 
0.00095375825185 0.0013132756576 0.0018871788634 0.0027890119236 0.0043777595274 0.0048420340754 0.0040352744982 0.0042075393721 0.0052471975796 
0.0074172066525 0.011266022921 0.017800197005 0.023767016828 0.030451618135 0.036750547588 0.041976504028 0.045866586268 0.048401143402 
0.049672212452 0.0498223342 0.049016162753 0.047426510602 0.045226242393 0.042582619935 0.039652902633 0.036581113935 0.033495787531 
0.030508782715 0.027715019882 0.025192989036 0.023005804047 0.021202687174 0.019820498303 0.018885307014 0.018413692713 0.265825212 
0.26601144671 0.26624760032 0.26627790928 0.26575744152 0.26429489255 0.26150092483 0.25703680515 0.25065550208 0.24222840369 
0.2317520678 0.21933406591 0.2051654309 0.18949398398 0.17261148989 0.15485011041 0.1365763396 0.11818190664 0.1000842452 
0.082754656672 0.0667835325 0.052954725921 0.041902143508 0.032621480525 0.021895484999 0.016119927168 0.012126478367 0.0093865543604 
0.0060555906966 0.0036217037123 0.002139614895 0.0019357893616 0.0025584020186 0.004254675936 0.0056835599244 0.0069991755299 0.0086193867028 
0.012032729574 0.017629034817 0.025352217257 0.034794539213 0.041150633246 0.053634554148 0.05650703609 0.060591686517 0.044852022082 
0.035035379231 0.024172786623 0.013880772516 0.0057827224955 0.0023036981001 0.00088663527276 0.00034677388612 0.00015127316874 8.1406600657e-05 
5.9007983509e-05 6.1994549469e-05 8.9319401013e-05 0.00015163308126 0.00026569949114 0.00036533156526 0.00045352548477 0.00053070171271 0.00061219185591 
0.00065709848423 0.00066587596666 0.00081835017772 0.0011256251018 0.0016520529753 0.0025853011757 0.0028875537682 0.0024678700138 0.0026242372114 
0.0033075280953 0.0046609374695 0.0069466535933 0.010519655421 0.015437426046 0.024372825399 0.032626777887 0.039204481989 0.044027965516 
0.047218881547 0.048964075744 0.04946411401 0.048919528723 0.047526024282 0.045471765101 0.042934838682 0.040080666542 0.037059754133 
0.034006033093 0.031035967171 0.028248483315 0.02572549507 0.023533064872 0.021722828969 0.020333610475 0.019392922521 0.018918314949 
0.26082229614 0.26140323281 0.26240882277 0.26354423165 0.26440808177 0.26453748345 0.26345947385 0.26074293256 0.25604438782 
0.24914057553 0.23994350433 0.2284976244 0.21496300399 0.19959379733 0.1827185601 0.16472224891 0.14602524042 0.12706118822 
0.10826755315 0.090094700456 0.073027722538 0.057586293668 0.044175487012 0.032627601177 0.022209001705 0.013187522069 0.0088747665286 
0.0071266042069 0.0049178763293 0.0030224341899 0.0016483842628 0.0012540583266 0.0013833377743 0.0018865111051 0.0024260256905 0.0030333322939 
0.0041931318119 0.0055297543295 0.0075896279886 0.0096708619967 0.014521534555 0.01877127029 0.023936705664 0.026381269097 0.026981636882 
0.02206806466 0.014500489458 0.010552872904 0.0061666802503 0.0025889356621 0.0010476387106 0.00041189140757 0.00016505556414 7.4416537245e-05 
4.3103045755e-05 3.569915134e-05 4.2453273636e-05 6.4531472162e-05 0.00011020043166 0.00019941663777 0.00027091169613 0.00032422039658 0.00035330740502 
0.00048409539158 0.00055429490749 0.00059106963454 0.00059802626492 0.00073323852848 0.0009939589072 0.0013512204168 0.0015605003573 0.001618223032 
0.0018469531788 0.0023586875759 0.0032855458558 0.0048335101455 0.0073080239818 0.011204528622 0.017845496535 0.029087906703 0.037038192153 
0.042642913759 0.046340886503 0.048440150917 0.049199890345 0.048851665109 0.047608900815 0.045670606196 0.043222032487 0.040433775634 
0.037460427731 0.034439392388 0.031490214169 0.028714563698 0.026196848601 0.02400531061 0.022193469107 0.020801672712 0.019858608022 
0.019382618368 0.25700816512 0.2579639852 0.25969529152 0.26186001301 0.26399031281 0.26554152369 0.26594921947 0.26468807459 
0.26132488251 0.25555843115 0.24724200368 0.23638546467 0.22314150631 0.20778281987 0.19067768753 0.17226368189 0.1530110836 
0.13337849081 0.11379893124 0.094691671431 0.076504476368 0.059785906225 0.045221645385 0.033287674189 0.023350518197 0.015519318171 
0.010396050289 0.0071292789653 0.0045061176643 0.0023397542536 0.001280810684 0.00085602421314 0.00078003766248 0.00090006092796 0.001086411532 
0.0013147884747 0.0016539068893 0.0020631821826 0.0026956633665 0.0035226063337 0.0050233216025 0.0074389846995 0.0093709975481 0.0093421339989 
0.0093418816105 0.0089030014351 0.0064464947209 0.0043454142287 0.0022580702789 0.0010267090984 0.0004353330296 0.00017839099746 7.5350944826e-05 
3.6774941691e-05 2.423834303e-05 2.3622713343e-05 3.1704370485e-05 5.0571452448e-05 8.6196938355e-05 0.00014951736375 0.00019412323309 0.00021440647834 
0.00027318287175 0.00040768273175 0.00047267254558 0.00052178063197 0.00056372146355 0.00059113831958 0.00075079011731 0.00097979453858 0.0012037620181 
0.0014144282322 0.0017030813033 0.0021556615829 0.0028984681703 0.0041542383842 0.0062666162848 0.0098390411586 0.016077905893 0.027704516426 
0.036077413708 0.04199378565 0.04591717571 0.048188302666 0.049085535109 0.048850763589 0.047702882439 0.045843876898 0.043460804969 
0.040725577623 0.037794027478 0.03480483219 0.031878922135 0.029119424522 0.026612207294 0.024426933378 0.022618392482 0.021228043362 
0.020285444334 0.019809531048 0.25465619564 0.25596526265 0.2583746016 0.26148715615 0.26475831866 0.2675511241 0.26920154691 
0.26908749342 0.26669150591 0.26164981723 0.25378069282 0.2430870086 0.22973778844 0.21403925121 0.19641076028 0.1773609817 
0.15742881596 0.13707666099 0.11668960005 0.096597597003 0.077143274248 0.058909948915 0.043147705495 0.032005298883 0.022740012035 
0.015567337163 0.010488822125 0.0068238605745 0.003636483103 0.0019068265101 0.0010157246143 0.00061121780891 0.00046878584544 0.00046042600297 
0.0005094690714 0.00058551743859 0.0006868908531 0.00080824829638 0.00098827492911 0.001254527946 0.0016968867276 0.0024174735881 0.003384628566 
0.0035828466062 0.0031575225294 0.0028807641938 0.0024275071919 0.0014723691856 0.00079289986752 0.00038215241511 0.00017092788767 7.4663410487e-05 
3.4412470995e-05 1.9178618459e-05 1.5247173906e-05 1.7926393411e-05 2.7269414204e-05 4.6651195589e-05 8.2170357928e-05 0.00011642056779 0.00013796865824 
0.00018393695063 0.00026656140108 0.000389475259 0.0003914400877 0.00043584976811 0.00050675339298 0.0006145730149 0.00081101321848 0.0011003836989 
0.0014546752209 0.0018220180646 0.0022199465893 0.0027009022888 0.003393685678 0.0046244096011 0.0068099014461 0.010635145009 0.017232969403 
0.0284218546 0.036440141499 0.042159982026 0.045993208885 0.048235651106 0.049139451236 0.048931214958 0.0478204377 0.046002961695 
0.043661687523 0.040965799242 0.038069430739 0.035110376775 0.032209280878 0.029469452798 0.02697724849 0.024802971631 0.023002136499 
0.021616868675 0.020677313209 0.020202811807 0.25389528275 0.25553390384 0.25856932998 0.26254165173 0.26681858301 0.27065941691 
0.2732911706 0.27399018407 0.27215874195 0.2673855722 0.25947991014 0.24846887589 0.2345623672 0.21811105311 0.19959941506 
0.1796618402 0.15899179876 0.13800646365 0.11696507782 0.09600700438 0.075155302882 0.054412141442 0.035535659641 0.028385674581 
0.019868712872 0.013466190547 0.0091499025002 0.0058436249383 0.0029258346185 0.0014970795019 0.00078110845061 0.00044233206427 0.00029859045753 
0.00025257893139 0.00025187287247 0.0002711021807 0.00029989721952 0.00033351773163 0.00038040033542 0.00045325490646 0.00057758833282 0.00077727175085 
0.0010361609748 0.0012451709481 0.001049443963 0.00093306263443 0.00084989343304 0.00050012278371 0.00027539947769 0.00013918572222 6.6583881562e-05 
3.1793053495e-05 1.664422598e-05 1.120188972e-05 1.1177640772e-05 1.5800744222e-05 2.7164456696e-05 5.1816688938e-05 7.6773052569e-05 9.231534932e-05 
0.00013151146413 0.00021367518639 0.00036195613211 0.0004740927252 0.00047052965965 0.00054338370683 0.00066392106237 0.0008487123996 0.0011708600214 
0.0016857077135 0.0023952885531 0.0030754720792 0.0037182662636 0.0043289717287 0.0049684597179 0.006358389277 0.0089968079701 0.013939215802 
0.022782143205 0.031143590808 0.037928756326 0.043013751507 0.046494122595 0.048539523035 0.049338370562 0.049081820995 0.047957994044 
0.04614906013 0.043828800321 0.041160210967 0.038293201476 0.035362802446 0.032487943769 0.029770977795 0.027297869325 0.025138890371 
0.023349750787 0.021972877905 0.021038712934 0.020566837862 0.25469154119 0.25663354993 0.26023846865 0.26497510076 0.27011227608 
0.2747926116 0.27812203765 0.27926713228 0.27755069733 0.27252879739 0.26403287053 0.25215432048 0.23716928065 0.21946036816 
0.19956985116 0.17838150263 0.15707533062 0.13582350314 0.11461757123 0.093360751867 0.071471430361 0.046452380717 0.0359271653 
0.02543432638 0.014453401789 0.0090406360105 0.0066949063912 0.0043271929026 0.0021530513186 0.0011018755613 0.00057595240651 0.00031797925476 
0.00019800585869 0.00014805696264 0.00013217395463 0.00013181268878 0.00013777954155 0.00014576141257 0.0001564523991 0.00017392283189 0.00020596572722 
0.00026030340814 0.0003352566273 0.00043355883099 0.00039702668437 0.00031982993823 0.00029621602152 0.00017391784058 9.8099910247e-05 5.2434905228e-05 
2.7240705094e-05 1.4583746633e-05 9.0175235528e-06 7.6201567936e-06 9.461737136e-06 1.5315234123e-05 2.807542478e-05 5.4687530792e-05 7.8014054452e-05 
9.3320515589e-05 0.00015008298215 0.00028964455123 0.00047613901552 0.00064854585798 0.00070903718006 0.00086725794245 0.0010783564067 0.0013520007487 
0.0018962984905 0.0028943822253 0.0045530814677 0.0058994339779 0.0071020815521 0.0080653661862 0.0081917094067 0.0099002243951 0.013311019167 
0.020523287356 0.027636282146 0.034283593297 0.039906140417 0.044241629541 0.04725009948 0.049003090709 0.049626324326 0.049270931631 
0.048098929226 0.046274993569 0.043960891664 0.04131115973 0.038469806314 0.035567700863 0.032720968127 0.03003013134 0.02758003585 
0.025440378115 0.02366662398 0.0223011747 0.021374540403 0.020906409249 0.25684642792 0.25906324387 0.2631765008 0.26857581735 
0.27441948652 0.27971893549 0.28344279528 0.2846339345 0.28252869844 0.27666124701 0.26692399383 0.25353506207 0.23687325418 
0.21727378666 0.19520549476 0.17197348177 0.15052783489 0.12988176942 0.10946593434 0.089178062975 0.069091580808 0.049723871052 
0.035041663796 0.022288473323 0.01144915726 0.0064752339385 0.0040585692041 0.0025063178036 0.001397312968 0.00075500598177 0.00040690531023 
0.00022580022051 0.00013509772543 9.23298212e-05 7.4140058132e-05 6.787244638e-05 6.6806824179e-05 6.7551569373e-05 6.9170971983e-05 7.2565977462e-05 
8.0177575001e-05 9.4810820883e-05 0.0001181849002 0.00015549109958 0.00013764612959 0.00013054073497 0.00011092935893 6.4916384872e-05 3.7811518268e-05 
2.1538729925e-05 1.2286391211e-05 7.5172406468e-06 5.6490544011e-06 6.0167967604e-06 8.8831811809e-06 1.5687302948e-05 2.9827682738e-05 5.8804478613e-05 
8.3851409727e-05 0.0001009624466 0.00016266050807 0.00030157758738 0.00058167864336 0.00089869467774 0.0012114052661 0.0015739317751 0.0019645760767 
0.0022360833827 0.0030900351703 0.0049069430679 0.0067232549191 0.0085072051734 0.010289349593 0.012085561641 0.013978061266 0.016731960699 
0.02067187801 0.026087168604 0.031813975424 0.037238515913 0.04189934954 0.045541930944 0.048074226826 0.049511358142 0.049933116883 
0.0494566001 0.048219379038 0.04636856541 0.04405323416 0.041418716311 0.038602225482 0.035729750991 0.032913900912 0.030252782628 
0.027829641476 0.025713169947 0.023958262056 0.02260703966 0.021689910442 0.021226523444 0.26001113653 0.26247271895 0.26703107357 
0.2729896307 0.27938553691 0.28508362174 0.28889462352 0.28971290588 0.2866653204 0.27925872803 0.26749008894 0.25182598829 
0.23287250102 0.21070927382 0.18519702554 0.15792153776 0.1376812011 0.1193150878 0.10092678666 0.082482233644 0.064295426011 
0.046943336725 0.031398180872 0.016600888222 0.0087378863245 0.0047599091195 0.0027332901955 0.0016007634113 0.00091212632833 0.00050999491941 
0.00028588881833 0.00016299587151 9.6385359939e-05 6.1987448134e-05 4.5283715735e-05 3.7764035369e-05 3.4647739085e-05 3.3384352719e-05 3.2880230719e-05 
3.3075171814e-05 3.4677846998e-05 3.871627996e-05 4.5808337745e-05 5.5391185015e-05 5.9787154896e-05 5.5135849834e-05 4.0150480345e-05 2.5877348889e-05 
1.6084382878e-05 9.8658911156e-06 6.2197509578e-06 4.4122380132e-06 4.0808454287e-06 5.3157850743e-06 8.8508395493e-06 1.6502568542e-05 3.2169598853e-05 
6.4375024522e-05 9.3422364444e-05 0.00011502466077 0.0001792316616 0.00032657707925 0.00061603781069 0.0011066701263 0.0015956487041 0.0021579088643 
0.0028325172607 0.0036665888038 0.0048901936971 0.0066013275646 0.0085523920134 0.010661154985 0.012920671143 0.01536959596 0.018124613911 
0.021457791328 0.025507984683 0.030214941129 0.035086423159 0.039667587727 0.043608665466 0.046690132469 0.048811107874 0.049961086363 
0.05019216612 0.04959731549 0.04829473421 0.046416509897 0.044100143015 0.041482076049 0.038692779839 0.035853125155 0.033071942627 
0.030444605276 0.02805245854 0.025962935761 0.024230146781 0.022895757109 0.021989930421 0.021532217041 0.26371788979 0.26639461517 
0.27133700252 0.27775850892 0.28456735611 0.2904676199 0.29408851266 0.29413768649 0.289578408 0.27983593941 0.26502805948 
0.24611769617 0.22448085248 0.19964802265 0.17016021907 0.13680268824 0.11765059084 0.10386647284 0.088832102716 0.073023840785 
0.056992638856 0.041213989258 0.026205280796 0.013042015955 0.0067202467471 0.0035571970511 0.0019466768717 0.0010928761913 0.00061861926224 
0.00035543504055 0.00021447056497 0.00012987047376 7.6228745456e-05 4.6745051804e-05 3.1458112062e-05 2.3850039724e-05 2.0142910216e-05 1.8277944037e-05 
1.7245869458e-05 1.6719226551e-05 1.6817182768e-05 1.7859361833e-05 1.9997642084e-05 2.2520252969e-05 2.3208838684e-05 2.1029276468e-05 1.6255549781e-05 
1.1353949048e-05 7.5724424278e-06 5.0231342357e-06 3.5203943298e-06 2.9329162317e-06 3.3102717225e-06 5.0244057093e-06 9.0305120466e-06 1.7395808754e-05 
3.4478693124e-05 7.0074194809e-05 0.00010565519187 0.00014528651081 0.00020005152328 0.00037134380545 0.0007684713346 0.0012549955864 0.0018217852339 
0.0025144936517 0.0033833414782 0.0044839666225 0.0059080291539 0.007690878585 0.0097696082667 0.012106513605 0.014702465385 0.017588062212 
0.020823270082 0.024488566443 0.028587261215 0.032982856035 0.037368699908 0.041421160102 0.044874154031 0.047549217939 0.049355853349 
0.050277233124 0.05035238713 0.049659956247 0.048304919153 0.046407949179 0.044097065926 0.041500985622 0.038743969053 0.035942014307 
0.033200200647 0.030611116439 0.028254089877 0.026195177808 0.024487588555 0.023172428831 0.022279551253 0.021828345954 0.26742374897 
0.27028915286 0.27556344867 0.28237122297 0.28949064016 0.29545819759 0.29870119691 0.29769253731 0.29113337398 0.27819854021 
0.25895547867 0.23519638181 0.21111182868 0.18540450931 0.15798360109 0.12629446387 0.092493288219 0.084887467325 0.07385776937 
0.061217017472 0.047726396471 0.03359682858 0.018258435652 0.0096015175804 0.0050231660716 0.0026447826531 0.0014176543336 0.00077745970339 
0.00043892848771 0.00026583895669 0.00020087107259 0.0001349869126 7.1785259934e-05 4.1531911847e-05 2.6304056519e-05 1.8530994566e-05 1.4519237993e-05 
1.2345211871e-05 1.1030999303e-05 1.017933937e-05 9.715199667e-06 9.6863996077e-06 1.0076206308e-05 1.0556963389e-05 1.0378847037e-05 9.3301814559e-06 
7.5251441558e-06 5.5937339312e-06 3.9954115891e-06 2.8676415695e-06 2.2403073672e-06 2.1883124646e-06 2.911273441e-06 4.8973352023e-06 9.2124437288e-06 
1.8046386685e-05 3.5867109546e-05 7.2577524406e-05 0.00010976256453 0.00015211105347 0.0002037408849 0.0003761225671 0.00078200985445 0.0012540183961 
0.0018231277354 0.0025571156293 0.0035167552996 0.0047300998122 0.006242535077 0.0080721536651 0.010213679634 0.012671099976 0.015463868156 
0.018616845831 0.022144161165 0.026032052934 0.030216967687 0.034524448216 0.038696363568 0.042472183704 0.045640397817 0.048058845103 
0.049655281007 0.050418030471 0.050383605063 0.049624413252 0.048237811774 0.046336825937 0.044042348862 0.04147682339 0.038759164512 
0.036000981927 0.033303871751 0.030757734552 0.028439931571 0.026415126398 0.024735582992 0.023441828787 0.022563371807 0.022119415924 
0.27056214213 0.27359598875 0.27916663885 0.28631788492 0.29370802641 0.29971456528 0.30256101489 0.30045327544 0.29171189666 
0.27491343021 0.24927984178 0.21627037227 0.19131326675 0.16459277272 0.14308169484 0.11732428521 0.089797079563 0.063674017787 
0.056762870401 0.047813467681 0.037383668125 0.025882231072 0.013435436413 0.0070452746004 0.0036977350246 0.0019486980746 0.0010392859112 
0.00056693190709 0.00032408445259 0.00020899005176 0.00018005757011 0.0001325586345 7.2430862929e-05 4.2498715629e-05 2.6969586543e-05 1.8790695322e-05 
1.4403867681e-05 1.1869817172e-05 1.0129698239e-05 8.8056995082e-06 7.8145985754e-06 7.1186786954e-06 6.6422653617e-06 6.2902186073e-06 5.8612381508e-06 
5.2721829888e-06 4.3571913011e-06 3.3843775782e-06 2.568212949e-06 1.9760423129e-06 1.6595740817e-06 1.8129337604e-06 2.6813434033e-06 4.7938947318e-06 
9.2777818281e-06 1.8407021344e-05 3.6651854316e-05 7.1697388194e-05 0.00010690630734 0.00014597261907 0.00018956500571 0.00033675698796 0.00068041449413 
0.001085552969 0.0015558764571 0.0022284695879 0.0031995077152 0.0044146850705 0.0059183859266 0.0077083483338 0.0098078791052 0.01225961931 
0.015114847571 0.018411783502 0.022139070556 0.026214465499 0.030574059114 0.034985799342 0.039166778326 0.042872883379 0.045926954597 
0.048219587654 0.049701500684 0.050373692065 0.050277512521 0.049485165626 0.048090912402 0.04620328173 0.043938223273 0.04141330719 
0.038743048906 0.036035247147 0.033388353884 0.030889816582 0.028615133837 0.026627637446 0.024978693575 0.023708252236 0.022845482454 
0.022409411147 0.27259629965 0.27578803897 0.2816426158 0.28914049268 0.29684510827 0.30300617218 0.30568048358 0.30284529924 
0.29244506359 0.27221599221 0.23843243718 0.18037594855 0.16506773233 0.13054558635 0.12517520785 0.10359401256 0.079433232546 
0.055863831192 0.03801387921 0.033431623131 0.026236230507 0.016789961606 0.0093812877312 0.0050110481679 0.002659824444 0.0014168258058 
0.00076325802365 0.00042267798563 0.00025086730602 0.00017648964422 0.00017146585742 0.00013837733422 8.0807221821e-05 5.0260307034e-05 3.3512507798e-05 
2.4372282496e-05 1.9369932488e-05 1.6308518752e-05 1.3716183275e-05 1.1430637642e-05 9.5670366136e-06 8.0542267824e-06 6.6787983997e-06 5.6068315644e-06 
4.967325367e-06 4.7815251492e-06 3.9156675484e-06 3.0136918667e-06 2.3923694243e-06 1.9178035018e-06 1.497813173e-06 1.6351191334e-06 2.5003780593e-06 
4.5813321776e-06 9.0179164545e-06 1.8401939087e-05 3.9298109186e-05 6.8447276135e-05 0.00010124893015 0.0001369969541 0.0001702348527 0.00026879322832 
0.00047064415412 0.00078525446588 0.00098444509786 0.001458771294 0.0024517669808 0.0035612666979 0.004982992541 0.0066215442494 0.0085402932018 
0.0108328918 0.01360679511 0.016953477636 0.020860269666 0.025096865371 0.029782600701 0.034522671252 0.038923896849 0.042734019458 
0.04580963403 0.048079632223 0.049524050206 0.050162475556 0.050046138465 0.049251083285 0.047871641815 0.046014152467 0.043791268021 
0.041316881776 0.038701888174 0.036050803959 0.033459302038 0.031012605876 0.028784498572 0.026837084442 0.025220900774 0.023975359276 
0.023129323497 0.022701648995 0.2730691433 0.27642005682 0.28257450461 0.29047572613 0.29863077402 0.30521398783 0.30819132924 
0.30545043945 0.29491353035 0.27461317182 0.24285300076 0.19866588712 0.14859139919 0.13655078411 0.11610024422 0.081764139235 
0.062900148332 0.038057114929 0.025156358257 0.019063688815 0.014367968775 0.0098931491375 0.0059548649006 0.0033647366799 0.0018583089113 
0.0010223794961 0.00056944129756 0.00032959715463 0.00021066109184 0.00016718564439 0.0001841505582 0.00016314796812 0.00010373125406 6.8890883995e-05 
4.8541554861e-05 3.7299352698e-05 3.1391304219e-05 2.7788339139e-05 2.3326745577e-05 1.8941740564e-05 1.5435971363e-05 1.2661658729e-05 9.5710984169e-06 
7.1744793786e-06 6.200833468e-06 4.8747415349e-06 3.4852969293e-06 2.276195346e-06 1.9994217837e-06 1.7656640239e-06 1.5982141122e-06 1.5534263866e-06 
2.2905578589e-06 4.1057173803e-06 7.8700950326e-06 1.5359424651e-05 3.0075691029e-05 5.8191333665e-05 9.0739085863e-05 0.00012811619672 0.00017212997773 
0.00022857300064 0.00038545191637 0.00053805008065 0.00062779075233 0.00090474641183 0.0014158836566 0.0021726822015 0.0035503846593 0.004898505751 
0.0064554810524 0.0083883013576 0.010890769772 0.014193356968 0.018425304443 0.022589400411 0.027942139655 0.033335205168 0.038173057139 
0.042222615331 0.045411210507 0.04772529006 0.049182865769 0.049826353788 0.049719549716 0.048944432288 0.047597065568 0.045782987028 
0.043612595648 0.041196856648 0.038643609732 0.036054469645 0.033522605896 0.031131178141 0.028952401131 0.027047246695 0.025465480983 
0.024246042594 0.023417523131 0.022998631001 0.27164292336 0.27516821027 0.28167021275 0.29008790851 0.29891902208 0.30632087588 
0.31023582816 0.30853813887 0.29920741916 0.2805762887 0.25182577968 0.21428537369 0.17398963869 0.14390069246 0.11065784842 
0.066782139242 0.043061699718 0.026956873015 0.017568651587 0.012287826277 0.0087914112955 0.0060337879695 0.0038035351317 0.0022682878189 
0.0013197322842 0.00076850195182 0.00045744312229 0.00028706830926 0.00020418688655 0.00018473052478 0.00022705772426 0.00021917998674 0.00015535457351 
0.00010656559607 7.7511780546e-05 6.218013732e-05 5.5423963204e-05 5.2810602938e-05 4.338807048e-05 3.4177639463e-05 2.7724574466e-05 2.3593032893e-05 
1.6410276658e-05 1.0648915122e-05 7.1815697993e-06 4.7856010497e-06 2.7713995223e-06 1.8106901507e-06 1.4653080598e-06 1.524039476e-06 1.5427680182e-06 
1.4855384052e-06 2.0772224616e-06 3.4976362713e-06 6.3174479692e-06 1.1674563211e-05 2.1493699023e-05 3.9237904275e-05 7.1368973295e-05 0.00010738967103 
0.00014933357306 0.00020194880199 0.00027327411226 0.0003074236447 0.00038431145367 0.00054897542577 0.00083225796698 0.0012630253332 0.0019110928988 
0.0026713416446 0.003622001037 0.0049105589278 0.0068005505018 0.009828842245 0.015310049057 0.017994638532 0.025132941082 0.031770732254 
0.037221461535 0.041567292064 0.044894590974 0.04727280885 0.048762090504 0.049427192658 0.049343876541 0.048600010574 0.047293696553 
0.045530155301 0.043417975307 0.041065558791 0.038577906787 0.036053914577 0.033584352583 0.031250376254 0.029122693464 0.027261180803 
0.025714885443 0.024522310123 0.023711783811 0.023301916197 0.26812553406 0.27185592055 0.27878707647 0.28789266944 0.29771360755 
0.30644792318 0.31206211448 0.31242394447 0.30546221137 0.28938087821 0.2630059123 0.22654438019 0.1834204644 0.15011264384 
0.11120950431 0.061892934144 0.036630883813 0.02235548012 0.014151401818 0.0093692168593 0.0063553196378 0.004248813726 0.0027257762849 
0.0016959343338 0.0010524919489 0.00067149737151 0.00044386700029 0.0003077564761 0.00024089640647 0.00023765226069 0.00031133936136 0.0003224289394 
0.0002734583104 0.00017689872766 0.00012923464237 0.00010715358803 0.00010096663755 0.00010946664406 8.3148923295e-05 6.2356390117e-05 5.1018942031e-05 
3.5795845179e-05 2.1357107471e-05 1.1048290617e-05 6.4046598709e-06 3.8977523218e-06 2.3768559458e-06 1.579795935e-06 1.2554767181e-06 1.2647828953e-06 
1.5278121737e-06 1.5340712025e-06 2.0119350665e-06 3.0414873891e-06 4.9013988246e-06 8.3883105617e-06 1.4591370928e-05 2.5302721042e-05 4.3803058361e-05 
7.5599113188e-05 0.00010720828141 0.00014210722293 0.00017646167544 0.0001845251536 0.00023372199212 0.00033200049074 0.00049579178449 0.00074506353121 
0.001106513082 0.0015897797421 0.0022697555833 0.0033105239272 0.0050420039333 0.0081517519429 0.014250059612 0.018674379215 0.021834893152 
0.030529689044 0.03652337566 0.041046530008 0.044446982443 0.046857915819 0.048364527524 0.049044385552 0.048980701715 0.048265378922 
0.046998020262 0.045283395797 0.043228317052 0.040938619524 0.03851640597 0.036057729274 0.033650819212 0.031374745071 0.02929860726 
0.027481142431 0.025970645249 0.024805162102 0.024012787268 0.023612014949 0.26247873902 0.26646065712 0.27393698692 0.28396004438 
0.2951720655 0.30587279797 0.31409800053 0.31770777702 0.31448119879 0.30219465494 0.27857249975 0.24029283226 0.17775295675 
0.15856464207 0.11921237409 0.065420329571 0.037861607969 0.022824658081 0.014259799384 0.0091704456136 0.0059846816584 0.0038885485847 
0.0024927984923 0.0016011953121 0.001072460087 0.00077625463018 0.00057634431869 0.00042509651394 0.00034296530066 0.00034135000897 0.00044898301712 
0.00047631646157 0.00042621881585 0.00028682261473 0.00021631270647 0.00018625879602 0.0001812686387 0.00019118320779 0.0001579868549 0.00011113999062 
7.3809016612e-05 4.550675294e-05 2.291288547e-05 1.202961721e-05 6.6539041654e-06 3.843556442e-06 2.3283021164e-06 1.5577020349e-06 1.2657756088e-06 
1.3336733673e-06 1.6711549051e-06 1.8968661379e-06 2.3726111067e-06 3.1567724363e-06 4.0093268581e-06 6.0176603256e-06 9.6630283224e-06 1.5703046301e-05 
2.5338602427e-05 3.9501785068e-05 5.5415184761e-05 7.2987524618e-05 9.1140434961e-05 0.00010847015074 0.00014311978885 0.00020567969477 0.0003086203651 
0.00046906407806 0.00071300228592 0.0010810553795 0.0016640838003 0.0026501375251 0.0044226627797 0.0077473460697 0.014301897958 0.019844789058 
0.025006974116 0.03118981421 0.03656148538 0.040909651667 0.04424566403 0.046623874456 0.048109039664 0.04877576977 0.048709087074 
0.048003081232 0.046758420765 0.045079343021 0.043070793152 0.04083577916 0.038473144174 0.036075670272 0.03372861445 0.031508568674 
0.029482746497 0.0277085118 0.026233267039 0.025094520301 0.024320077151 0.023928295821 0.25480702519 0.25910049677 0.2672676146 
0.27848699689 0.2915661633 0.30497410893 0.31687101722 0.32513678074 0.32740864158 0.32114163041 0.30371338129 0.27278631926 
0.22794933617 0.18305389583 0.13889755309 0.077905528247 0.046177800745 0.028532911092 0.018163498491 0.011714225635 0.0075486935675 
0.0048177922145 0.0030621397309 0.0020026331767 0.0014432405587 0.0012123865308 0.00098216498736 0.00071133370511 0.0005553526571 0.00052506517386 
0.00065902963979 0.00069795449963 0.0006512189284 0.00047304993495 0.00036501220893 0.00032814894803 0.00034207644057 0.00030520724249 0.00023522041738 
0.00014082842972 8.1254656834e-05 4.606735456e-05 2.4946199119e-05 1.3503362425e-05 7.4519894042e-06 4.2531428335e-06 2.5622766771e-06 1.7106084442e-06 
1.4010158793e-06 1.6064782358e-06 1.7433950461e-06 1.8802211343e-06 2.2550250378e-06 2.9082673336e-06 3.8260527617e-06 4.7195594561e-06 6.7621222115e-06 
9.893034985e-06 1.4763767467e-05 2.1523328542e-05 2.9744984204e-05 3.942899275e-05 5.0875089073e-05 6.5897373133e-05 9.1639849416e-05 0.00013624287385 
0.00021115473646 0.00033496358083 0.00053987803403 0.0008831518353 0.0014728755923 0.0025249666069 0.0044906218536 0.0082257427275 0.014978340827 
0.020946405828 0.026568587869 0.032114423811 0.037083216012 0.04121620208 0.044429190457 0.046721633524 0.048136841506 0.048744615167 
0.048631776124 0.047895632684 0.046638995409 0.044966291636 0.042980734259 0.04078213498 0.03846539557 0.036119166762 0.033824913204 
0.031655997038 0.029677104205 0.027943789959 0.026502234861 0.025389190763 0.024632051587 0.024248959497 0.24532780051 0.25000011921 
0.2590188086 0.27173829079 0.2871966064 0.3041023612 0.32079911232 0.3352176249 0.34484568238 0.34675621986 0.33771827817 
0.31434515119 0.27250990272 0.20170481503 0.17172545195 0.1029086858 0.064325675368 0.041671704501 0.027512945235 0.018036311492 
0.011621676385 0.0073320819065 0.0045992154628 0.0030162313487 0.0023051043972 0.0023641558364 0.0020194561221 0.001301723998 0.00096321711317 
0.00084627844626 0.00096116273198 0.00099729665089 0.00098844070453 0.00083597563207 0.00061628816184 0.00055240036454 0.00053469382692 0.00044050448923 
0.00032319987076 0.00020700746973 0.00010379244486 5.4632353567e-05 2.9318664019e-05 1.598228846e-05 8.9051654868e-06 5.127750228e-06 3.1086462968e-06 
2.0581298941e-06 1.6093453041e-06 1.6963689404e-06 1.6556098217e-06 1.4932774093e-06 1.7080707266e-06 2.1748810468e-06 3.3071103189e-06 4.5191591198e-06 
5.9652584241e-06 7.0504997893e-06 9.403281183e-06 1.2567102203e-05 1.7003028915e-05 2.295899867e-05 3.1172075978e-05 4.3620544602e-05 6.4785468567e-05 
0.00010178967204 0.00016686652089 0.00028250008472 0.00049047282664 0.00086568080587 0.0015390892513 0.002759113675 0.0051270602271 0.010190582834 
0.016156889498 0.0221391581 0.027893930674 0.033301502466 0.038099266589 0.0420900397 0.045177448541 0.047345273197 0.048632632941 
0.049114279449 0.048885915428 0.048053380102 0.046725269407 0.045008249581 0.043004393578 0.040809951723 0.038514763117 0.036202006042 
0.033947873861 0.031821228564 0.029883179814 0.028186643496 0.026775997132 0.025686848909 0.024945922196 0.024571012706 0.23432940245 
0.23944365978 0.24946419895 0.26396682858 0.28228121996 0.30342042446 0.32596519589 0.34792271256 0.36661887169 0.37870687246 
0.38037571311 0.36781096458 0.33800658584 0.29023945332 0.2360496819 0.15164910257 0.09909042716 0.06735882163 0.046118021011 
0.030520761386 0.01960544847 0.012182607315 0.0074956952594 0.004856291227 0.003756250022 0.0040147495456 0.0035350956023 0.0023190458305 
0.0017269941745 0.0014343652874 0.0013397438452 0.0013314171229 0.0014549294719 0.0012299071532 0.0010000652401 0.00087716529379 0.00074519205373 
0.00057687843218 0.00039256791933 0.00024621933699 0.00012371303455 6.5552158048e-05 3.5689892684e-05 1.9836170395e-05 1.1301475752e-05 6.6619086283e-06 
4.1170164877e-06 2.7203541322e-06 1.9924955268e-06 1.7036829831e-06 1.5221378362e-06 1.4645884221e-06 1.761831868e-06 1.8694539676e-06 2.4493663204e-06 
3.7300037548e-06 5.0075573199e-06 6.4013970587e-06 7.8264665717e-06 8.4349776444e-06 1.0964404282e-05 1.5274936231e-05 2.2166377676e-05 3.3598469599e-05 
5.3492531151e-05 8.9033470431e-05 0.00015390504268 0.00027510419022 0.00050578499213 0.00094691105187 0.0017858726205 0.0032499311492 0.0058486638591 
0.011041535996 0.0172160808 0.023466227576 0.029475258663 0.03501091525 0.039841260761 0.043790686876 0.046769928187 0.048771813512 
0.049852222204 0.05010798946 0.049657285213 0.048624664545 0.047131277621 0.045289725065 0.043202191591 0.040960755199 0.038648564368 
0.036341097206 0.034107074142 0.03200879693 0.030102107674 0.028435975313 0.027052028105 0.025984078646 0.025257768109 0.024890294299 
0.22212456167 0.22772319615 0.23884914815 0.25533512235 0.27684915066 0.30275851488 0.33191922307 0.3624253571 0.39140793681 
0.41501623392 0.42871820927 0.42800939083 0.40951940417 0.37240052223 0.31911119819 0.24725215137 0.16224257648 0.11552892625 
0.08187084645 0.053487759084 0.03406040743 0.020659517497 0.01238882076 0.0078817056492 0.0060857613571 0.0066192015074 0.0060197385028 
0.0041713449173 0.0032409213018 0.0026768844109 0.0024080961011 0.0023013218306 0.002258052351 0.0015948890941 0.001226970111 0.0011398182251 
0.00096010114066 0.00070552789839 0.00040239194641 0.00024575585849 0.0001416435407 8.0141398939e-05 4.5323231461e-05 2.5971588911e-05 1.5261017325e-05 
9.2983491413e-06 5.9252729443e-06 3.9728938646e-06 2.8489801025e-06 2.4030314307e-06 1.9991891804e-06 1.8026030375e-06 1.8577989067e-06 2.0291372493e-06 
2.1304720121e-06 2.6770642307e-06 3.5951893551e-06 5.2717646213e-06 6.4549885792e-06 6.5342601374e-06 8.4982439148e-06 1.2481598787e-05 1.9497181711e-05 
3.1703308196e-05 5.3171654145e-05 9.1450448963e-05 0.00016104559472 0.00029120963882 0.00054415606428 0.0010706317844 0.0023140457924 0.0043349838816 
0.0072335130535 0.010780167766 0.018229678273 0.02514169924 0.03168707341 0.037633791566 0.042714003474 0.046738401055 0.049626179039 
0.051398258656 0.052152059972 0.052030876279 0.051196135581 0.049806792289 0.048006936908 0.045920602977 0.043651748449 0.041287258267 
0.038900937885 0.036557238549 0.03431398049 0.032223843038 0.030334839597 0.028690045699 0.027326904237 0.026276443154 0.025562578812 
0.02520154044 0.2090100944 0.21509674191 0.22734501958 0.24586223066 0.27067863941 0.30153954029 0.33759060502 0.37700414658 
0.41666892171 0.4521266818 0.47794479132 0.48862841725 0.47998031974 0.45050403476 0.40200489759 0.33837229013 0.26827326417 
0.2077613771 0.15285542607 0.093828588724 0.059455282986 0.034559678286 0.02009903267 0.012572686188 0.009694295004 0.010711813346 
0.010144133121 0.0077389539219 0.006371400319 0.0052118259482 0.0047317906283 0.0045673809946 0.0036743448582 0.0025635880884 0.0018355465727 
0.0014480580576 0.0012238813797 0.00085953902453 0.0004795161949 0.0003205272078 0.00018936599372 0.00010855821893 6.234808825e-05 3.6530593206e-05 
2.2135678591e-05 1.4001909221e-05 9.264073924e-06 6.3609063545e-06 4.4269372665e-06 2.8331555768e-06 2.0971383492e-06 1.7522004327e-06 1.7200509319e-06 
2.1234366159e-06 2.4515341011e-06 2.6031766538e-06 3.2609384562e-06 4.2962333282e-06 5.7755287344e-06 6.0161301008e-06 8.225700185e-06 1.2901587979e-05 
2.1469688363e-05 3.6652938434e-05 6.3231578679e-05 0.00010941569781 0.00018963130424 0.00033123165485 0.00059213500936 0.0011032003677 0.0021835376974 
0.0045468895696 0.0078860847279 0.012925534509 0.019926968962 0.027514565736 0.034960694611 0.041696660221 0.047306481749 0.051546745002 
0.054346490651 0.055779643357 0.056020010263 0.055292733014 0.053832832724 0.051856227219 0.049544315785 0.047039750963 0.044449903071 
0.041854362935 0.039313372225 0.036875285208 0.034582015127 0.032472137362 0.030582198873 0.0289465487 0.0275963936 0.026558574289 
0.025854367763 0.025498494506 0.19524204731 0.20176649094 0.2150337249 0.23542052507 0.26331222057 0.29882270098 0.34137371182 
0.38919138908 0.43887507915 0.4852733016 0.52191233635 0.54211902618 0.54072612524 0.51588451862 0.47010284662 0.40962159634 
0.34279200435 0.2777813077 0.2161116302 0.15700808167 0.1055380553 0.05548427999 0.031319633126 0.019494222477 0.015087485313 
0.016889099032 0.016713345423 0.015203583054 0.013251109049 0.010207397863 0.0095922695473 0.0076235500164 0.0053093628958 0.0046157152392 
0.0031157452613 0.0023981034756 0.0016021830961 0.0010098716011 0.00060143374139 0.00035236345138 0.0001772105752 9.6500385553e-05 5.5431271903e-05 
3.3497548429e-05 2.1395442673e-05 1.4432534044e-05 1.0172662769e-05 7.353192359e-06 5.3387393564e-06 3.8304697227e-06 2.8467384254e-06 2.2654505756e-06 
2.0322952423e-06 2.1733806079e-06 2.8145886972e-06 3.3776680084e-06 4.2444085011e-06 5.1572137636e-06 6.0135057538e-06 6.6071938818e-06 9.6748553915e-06 
1.6060826965e-05 2.7945970942e-05 4.9318834499e-05 8.6860520241e-05 0.00015094048285 0.00025636825012 0.00042447083979 0.00069850264117 0.0011763778748 
0.0020713827107 0.0037794560194 0.0068627065048 0.013245862909 0.021432476118 0.03064134717 0.039761390537 0.047895934433 0.054438065737 
0.059074278921 0.061761960387 0.062671519816 0.062107551843 0.060430109501 0.057991567999 0.055096048862 0.051981009543 0.048816021532 
0.045712515712 0.04273852706 0.039934001863 0.037323635072 0.034926198423 0.032759912312 0.030844788998 0.029202589765 0.027855506167 
0.026824269444 0.026126271114 0.025774013251 0.18103095889 0.18788227439 0.20193001628 0.22378961742 0.25416061282 0.29348158836 
0.34141021967 0.39619448781 0.45411574841 0.50928539038 0.55410194397 0.58056986332 0.58242440224 0.55762261152 0.51021814346 
0.4496948123 0.38476878405 0.32130777836 0.26045495272 0.20153266191 0.14311859012 0.078577920794 0.046114273369 0.029400713742 
0.022934136912 0.025643009692 0.025518296286 0.02390232496 0.021789079532 0.019098907709 0.016004897654 0.011075654067 0.0083996541798 
0.0074243866839 0.0054034614004 0.0033887568861 0.0017520542024 0.00096262281295 0.00058120244648 0.00030398511444 0.00016616679204 9.5149815024e-05 
5.7851164456e-05 3.7754634832e-05 2.6409761631e-05 1.9491109924e-05 1.47996343e-05 1.1265220564e-05 8.4393132056e-06 6.2212634475e-06 4.6154123083e-06 
3.5670971101e-06 3.0032545055e-06 2.8677723094e-06 3.1285389923e-06 3.7143724967e-06 5.0496910262e-06 5.9176709328e-06 6.2579192672e-06 8.2059505075e-06 
1.2878376765e-05 2.2186695787e-05 3.9741000364e-05 7.2090602771e-05 0.00013049664267 0.0002323910885 0.00039859404205 0.00063999940176 0.00097561738221 
0.0014668018557 0.0022941224743 0.0037757561076 0.0065383198671 0.011914075352 0.022443991154 0.034744337201 0.046747840941 0.057193495333 
0.065238542855 0.070496559143 0.07299529016 0.073076352477 0.071261413395 0.068124972284 0.064199149609 0.059918183833 0.055598597974 
0.051445003599 0.047570798546 0.04402448982 0.040814995766 0.037932302803 0.035361874849 0.033093065023 0.03112257272 0.029454529285 
0.028098475188 0.027066556737 0.026370700449 0.026020230725 0.16655530035 0.17356733978 0.18803443015 0.21075645089 0.24267652631 
0.28448483348 0.33601787686 0.39552140236 0.45897218585 0.51977348328 0.56917715073 0.59769946337 0.59759545326 0.56625837088 
0.51023221016 0.44725826383 0.38693130016 0.33285412192 0.28164336085 0.23082508147 0.17632581294 0.1081982255 0.067561425269 
0.044198211282 0.034381650388 0.037734031677 0.036818552762 0.034113705158 0.031842984259 0.02963851206 0.024667458609 0.018755402416 
0.014621014707 0.011227749288 0.0076658292674 0.0039510675706 0.0020376124885 0.0010670876363 0.00057221419411 0.00031230098102 0.00017824939277 
0.00010896209278 7.259472477e-05 5.2436163969e-05 4.0381961298e-05 3.2189844205e-05 2.5756626201e-05 2.0163030058e-05 1.5202951545e-05 1.1149327293e-05 
8.1688049249e-06 6.2007889028e-06 5.0821113291e-06 4.6504414968e-06 4.772372904e-06 5.3148814914e-06 6.165306786e-06 7.0206256169e-06 8.3070226538e-06 
1.1479934983e-05 1.8359760361e-05 3.2018986531e-05 5.8213590819e-05 0.00010790170927 0.00020172380027 0.00037627803977 0.00068485044176 0.0011128470069 
0.001633174601 0.0022219838575 0.0031216815114 0.0045783501118 0.0072972374037 0.012409843504 0.022042088211 0.040193032473 0.056859605014 
0.070907190442 0.081236958504 0.087385162711 0.08952255547 0.088285155594 0.084546536207 0.079213202 0.073083743453 0.06677659601 
0.060713473707 0.05513965711 0.050163127482 0.045798648149 0.042007677257 0.038729537278 0.035902522504 0.033475812525 0.031414147466 
0.029697628692 0.028318652883 0.027277745306 0.026579421014 0.026228696108 0.15198394656 0.15895399451 0.17339739203 0.19622839987 
0.22854350507 0.27119517326 0.32414028049 0.3856267333 0.45141470432 0.5143533349 0.56467270851 0.59125900269 0.58401679993 
0.53766638041 0.45878824592 0.39156866074 0.34163150191 0.30966204405 0.27790912986 0.24481786788 0.20796349645 0.16231536865 
0.10382457823 0.067299418151 0.051250062883 0.054371990263 0.05095570907 0.045062649995 0.045516982675 0.054371342063 0.038058687001 
0.024784835055 0.019925469533 0.015166146681 0.010020223446 0.0049210302532 0.0024772051256 0.0012691350421 0.00066607812187 0.00036617214209 
0.00021939119324 0.00014651578385 0.00010852661217 8.5926505562e-05 7.1184753324e-05 5.959423288e-05 4.9003443564e-05 3.8643924199e-05 2.8786746043e-05 
2.0689272787e-05 1.4883469703e-05 1.1162901501e-05 9.0922630989e-06 8.2926635514e-06 8.494433132e-06 9.4232145784e-06 1.0595319509e-05 1.1499930224e-05 
1.2978338418e-05 1.7308295355e-05 2.7135070923e-05 4.6926281357e-05 8.5243853391e-05 0.00015903908934 0.00030314738979 0.00059589830926 0.001239923411 
0.0021299740765 0.0031434013508 0.0038888596464 0.0051019759849 0.0066244741902 0.0096768205985 0.015368239023 0.026087790728 0.048020128161 
0.071378387511 0.090769305825 0.10443207622 0.11176925898 0.11321178824 0.10989179462 0.10324185342 0.094668969512 0.085353888571 
0.076165214181 0.067656427622 0.060112968087 0.053621139377 0.048138640821 0.04355501011 0.039736710489 0.03655642271 0.033908713609 
0.031715616584 0.029925502837 0.02850830555 0.027449414134 0.026743687689 0.026390533894 0.13749690354 0.14421345294 0.15816941857 
0.18031829596 0.21181444824 0.25358340144 0.30565857887 0.36634016037 0.43136164546 0.49336445332 0.54200011492 0.5648047924 
0.54858356714 0.47977635264 0.33806443214 0.26969495416 0.23926177621 0.25565806031 0.24973320961 0.23951363564 0.2280716002 
0.21256218851 0.16830737889 0.10307069123 0.076522424817 0.078644327819 0.069833979011 0.055057618767 0.0844534114 0.23024348915 
0.091617681086 0.043529234827 0.024891393259 0.01922082901 0.012141383253 0.0059256497771 0.0029866532423 0.0015353909694 0.00081279186998 
0.00046209280845 0.00030693219742 0.00022675008222 0.000185453624 0.00015602422354 0.00013554745237 0.00011661036842 9.6893338196e-05 7.5832402217e-05 
5.5077834986e-05 3.8469392166e-05 2.7126965506e-05 2.0202396627e-05 1.6519352357e-05 1.5241542314e-05 1.5941319361e-05 1.8249884306e-05 2.0975297957e-05 
2.1637530153e-05 2.1885782189e-05 2.7261456125e-05 4.1192022763e-05 6.9773821451e-05 0.0001248048502 0.00022892426932 0.00042612754623 0.00080354645615 
0.0015432193177 0.0030300032813 0.0048926929012 0.0072879884392 0.0095941489562 0.010697677732 0.014609371312 0.02166582644 0.033675793558 
0.05458483845 0.091451346874 0.11889209598 0.13730971515 0.14614078403 0.14629454911 0.13973852992 0.1287753135 0.11554091424 
0.1017421484 0.088571332395 0.076735816896 0.06654997915 0.058049254119 0.051098793745 0.045481704175 0.040961846709 0.037322618067 
0.034386232495 0.032019235194 0.030129434541 0.028658360243 0.027572397143 0.026854336262 0.026496609673 0.12329383194 0.12956663966 
0.14261709154 0.16336855292 0.19294722378 0.23227612674 0.28144404292 0.33889752626 0.40062403679 0.45960378647 0.50581389666 
0.5268881321 0.50913673639 0.43783715367 0.29352542758 0.2273260802 0.19772541523 0.19463431835 0.19794806838 0.20635463297 
0.22394758463 0.26840817928 0.23754422367 0.15209329128 0.11738364398 0.12203652412 0.10650996864 0.090128712356 0.26369181275 
1.4519773722 0.42805707455 0.098394662142 0.037451613694 0.024173377082 0.012915309519 0.0067917318083 0.0035554503556 0.0018693972379 
0.0010148793226 0.00061554455897 0.0005085982848 0.00039698180626 0.00034916980076 0.00029820660711 0.00026924043777 0.00023463967955 0.00019469714607 
0.00014815942268 0.00010380104504 7.028075197e-05 4.8779744247e-05 3.6346165871e-05 3.0038987461e-05 2.8111222491e-05 3.0084584068e-05 3.6418125092e-05 
4.499102215e-05 4.4295116822e-05 3.7833971874e-05 4.4200503908e-05 6.4653620939e-05 0.00010724974709 0.00018831835769 0.00033779046498 0.00060993601801 
0.0011021239916 0.0019828202203 0.0035231935326 0.0060543068685 0.010676071048 0.014989346266 0.01760532707 0.023967023939 0.034292444587 
0.050312921405 0.07586953789 0.1211065203 0.15793992579 0.18280436099 0.193359375 0.19120402634 0.17972935736 0.16254922748 
0.14280712605 0.12289293855 0.10439298302 0.088178806007 0.074567012489 0.063497103751 0.054691981524 0.047782536596 0.042392279953 
0.038186468184 0.034894153476 0.032312024385 0.030297718942 0.028758168221 0.027636788785 0.026901938021 0.026537705213 0.10958701372 
0.11527181417 0.12709857523 0.14590620995 0.17272609472 0.20842383802 0.25314053893 0.30557605624 0.36226704717 0.41711467505 
0.4614289403 0.48459881544 0.47511616349 0.42055788636 0.30143216252 0.24635723233 0.21584519744 0.21358062327 0.22687488794 
0.25033667684 0.28825971484 0.36698749661 0.33997675776 0.23264023662 0.19988547266 0.22251477838 0.19779920578 0.14876079559 
0.31686222553 1.7971636057 1.6547282934 0.27857232094 0.067449614406 0.028983861208 0.015309676528 0.0081956880167 0.0043524904177 
0.0023220272269 0.0012907261262 0.0008278102614 0.00075989047764 0.00074897630839 0.0007115114131 0.00057858950458 0.00055276829517 0.00048307536053 
0.00039644181379 0.00028398504946 0.00018849561457 0.00012438943668 8.6020030722e-05 6.4905550971e-05 5.4576503317e-05 5.1573100791e-05 5.5697175412e-05 
7.2519011155e-05 7.7636803326e-05 7.224111323e-05 6.2808285293e-05 7.3705101386e-05 0.00010692858632 0.00017535542429 0.00030295088072 0.00053114962066 
0.00093305745395 0.0016365306219 0.0028587435372 0.0049563273787 0.0084464130923 0.013961308636 0.021268097684 0.029715176672 0.041303608567 
0.058333586901 0.082859843969 0.1177116558 0.15598200262 0.20819735527 0.24411138892 0.25640827417 0.25018900633 0.23143090308 
0.20560328662 0.17711797357 0.1491779685 0.12381197512 0.10204702616 0.084157459438 0.069925576448 0.058868829161 0.05040993169 
0.043987445533 0.039115589112 0.035407412797 0.032574668527 0.030415210873 0.028795367107 0.027632022277 0.026876958087 0.026504766196 
0.096582107246 0.10159427673 0.11200919747 0.12854665518 0.15210065246 0.18344512582 0.22277501225 0.26912233233 0.31978544593 
0.3700042367 0.4131450057 0.44157677889 0.44825771451 0.42919802666 0.38803336024 0.35464328527 0.30268406868 0.31048321724 
0.34119325876 0.38194748759 0.43355605006 0.52906322479 0.50070202351 0.38128292561 0.38943719864 0.46434104443 0.45374524593 
0.31122371554 0.40236920118 1.8863376379 1.8473615646 0.30608105659 0.075868941844 0.035649761558 0.019202839583 0.010279142298 
0.0054594427347 0.0029280465096 0.0016575077316 0.0010935534956 0.00095910491655 0.0011302160565 0.0011611735681 0.001076410641 0.00085886195302 
0.00072617572732 0.00059286796022 0.00053465075325 0.00032811905839 0.00021287375421 0.00014928414021 0.00011567968613 9.9674209196e-05 9.4515708042e-05 
9.8333905044e-05 0.00011865866691 0.00012026749027 0.00010382291657 0.00010576355999 0.00013099118951 0.00019378605066 0.00031886994839 0.00054214021657 
0.00091981410515 0.0015535014682 0.0026262809988 0.0044563729316 0.0076417843811 0.013200847432 0.022586677223 0.037096530199 0.053215511143 
0.073162250221 0.10295113921 0.14566160738 0.21640175581 0.26002043486 0.26729094982 0.32587742805 0.33819806576 0.3245742321 
0.29538401961 0.25808936357 0.21842312813 0.18044227362 0.14662723243 0.118131347 0.095127850771 0.077169567347 0.063496910036 
0.053262848407 0.045673225075 0.040057133883 0.035888936371 0.032781150192 0.030463270843 0.028756080195 0.027547104284 0.026770029217 
0.026389149949 0.08445455879 0.088770061731 0.097717173398 0.11188177019 0.13200138509 0.1587407738 0.1923430562 0.2321947366 
0.27642399073 0.32173442841 0.3637060225 0.39772626758 0.42055442929 0.43236023188 0.43899148703 0.45270612836 0.47647586465 
0.52822250128 0.5969195962 0.66779470444 0.72712564468 0.76357775927 0.73867189884 0.66088473797 0.81156760454 1.140344739 
1.2900147438 0.72495353222 0.58057016134 1.9601925611 1.8982112408 0.32982471585 0.090064920485 0.045375533402 0.024562060833 
0.013043321669 0.0068753459491 0.0037005599588 0.002154514892 0.001506152912 0.0013919088524 0.0016468134709 0.0017244175542 0.0016911753919 
0.0015602908097 0.0013659498654 0.0010268395999 0.00089724606369 0.00054343004012 0.0003572771675 0.00025830464438 0.00020768945978 0.00018483721942 
0.00017731268599 0.00017676816788 0.00017963921709 0.00017886338173 0.00017916102661 0.00019808788784 0.00026002552477 0.00040347350296 0.00067782431142 
0.001132137957 0.0018272546586 0.0028943391517 0.0045896647498 0.0073210573755 0.012085986324 0.020875265822 0.037393566221 0.069982737303 
0.099317781627 0.13075780869 0.18491621315 0.25292134285 0.32631519437 0.38331639767 0.41714301705 0.4425022006 0.43996015191 
0.41322264075 0.37009587884 0.31862306595 0.26554629207 0.21572633088 0.17207859457 0.1358448714 0.10703647137 0.084905035794 
0.068344540894 0.056179713458 0.047339469194 0.040937419981 0.036290016025 0.032899323851 0.030420396477 0.028625395149 0.027371058241 
0.026572344825 0.026183014736 0.073330923915 0.076976448298 0.084510713816 0.096387639642 0.11318857223 0.1354636699 0.16348811984 
0.19696766138 0.23479227722 0.27500101924 0.3151358068 0.35308399796 0.38832089305 0.42318335176 0.46345588565 0.51698070765 
0.5886400342 0.6812723279 0.78533095121 0.88380479813 0.95867234468 1.0018693209 1.0384025574 1.1786863804 1.578468442 
2.470872879 3.7236893177 1.6202449799 0.90027189255 1.9062435627 1.8997893333 0.36673069 0.11447744071 0.0625757128 
0.03205370903 0.016420979053 0.0085327113047 0.0046380520798 0.0028428807855 0.0021905684844 0.0022453647107 0.0023399980273 0.0024019437842 
0.0023960962426 0.0023037716746 0.002117728116 0.0018193500582 0.0014490906615 0.00087758759037 0.00059736846015 0.00045041568228 0.00037769164192 
0.00034934756695 0.00034496150329 0.00034497250454 0.00034209745354 0.00033935051761 0.00035267765634 0.00041142595001 0.0005846581771 0.0009745733696 
0.0016897198511 0.0027755449992 0.0042325817049 0.006205575075 0.0090562524274 0.012935899198 0.019354622811 0.03167232126 0.055229570717 
0.10156595707 0.1360719651 0.15413296223 0.23708407581 0.33404290676 0.42817991972 0.50306493044 0.54886138439 0.56553566456 
0.55089223385 0.50985974073 0.45108699799 0.38378724456 0.3158723712 0.25306361914 0.19872091711 0.15415064991 0.11915612221 
0.092633001506 0.073076277971 0.058939311653 0.048842854798 0.041664961725 0.036552891135 0.032892867923 0.030263567343 0.02838832885 
0.027093591169 0.02627617307 0.025879729539 0.063280016184 0.06631718576 0.072569899261 0.082373924553 0.096168272197 0.11439213157 
0.1373296231 0.16493211687 0.19669643044 0.2317212075 0.26906457543 0.30844536424 0.35114470124 0.40070736408 0.46280270815 
0.54356193542 0.64634895325 0.76921361685 0.90110611916 1.0237848759 1.1190458536 1.1862245798 1.2811414003 1.579585433 
2.3493037224 3.5604965687 4.576880455 1.9555969238 0.85738325119 0.73728680611 1.588958621 0.33080780506 0.1151021421 
0.0684254691 0.041002847254 0.019791908562 0.010213089176 0.0057444465347 0.0038651016075 0.0033921117429 0.003051486332 0.0030857482925 
0.0031564696692 0.0031808933709 0.0031218314543 0.0029539144598 0.0026479153894 0.0021642914508 0.0013872191776 0.0010103047825 0.00079792831093 
0.00069617538247 0.00066967972089 0.00068791315425 0.00069957284722 0.00069487543078 0.00069335091393 0.00074423657497 0.00092533149291 0.001448082272 
0.0025943322107 0.0046344157308 0.0075190463103 0.010927479714 0.015019549057 0.020779047161 0.025924963877 0.032786279917 0.048337414861 
0.078830271959 0.13856655359 0.17854483426 0.18679974973 0.25118264556 0.3873488903 0.51241058111 0.61071878672 0.66871762276 
0.68409645557 0.66037529707 0.60590094328 0.53154081106 0.4482652843 0.36536130309 0.28947529197 0.2244246453 0.17157055438 
0.1304885596 0.099695727229 0.077268198133 0.061273649335 0.050016764551 0.042137656361 0.036615684628 0.032724514604 0.029970310628 
0.028031140566 0.026705946773 0.025875419378 0.025474369526 0.054315362126 0.056823689491 0.06196545437 0.069978490472 0.081181153655 
0.095911547542 0.11443912238 0.1368739903 0.16313299537 0.19304986298 0.22670897841 0.26500657201 0.31028586626 0.36668780446 
0.43971452117 0.53459107876 0.65353447199 0.79290938377 0.94108057022 1.0798974037 1.1921467781 1.2807084322 1.4106793404 
1.7802563906 2.7860357761 5.0656433105 4.5706877708 1.7543717623 0.67116510868 0.36397856474 0.35509333014 0.15116000175 
0.091714419425 0.063497297466 0.041160963476 0.021196426824 0.011722664349 0.0071570123546 0.0055912602693 0.0044395416044 0.0034972759895 
0.003824371146 0.0039708488621 0.0040397900157 0.0040228799917 0.0038927006535 0.003612840781 0.0031187541317 0.0022368473001 0.0017798577901 
0.0014415538171 0.0012959877495 0.0012904729228 0.0014006959973 0.0014508354943 0.0014534858055 0.0014754981967 0.0016542520607 0.0021836187225 
0.0037466562353 0.0070809936151 0.012953268364 0.020834226161 0.029119273648 0.038270670921 0.054555568844 0.060676530004 0.061203446239 
0.078386157751 0.11523263901 0.18705941737 0.23780691624 0.25005060434 0.30873084068 0.40810981393 0.57152491808 0.70136934519 
0.77280074358 0.78883141279 0.75782632828 0.69152414799 0.60313516855 0.50539982319 0.40892726183 0.32123354077 0.24655999243 
0.18631418049 0.1398538053 0.10533803701 0.080449298024 0.062895409763 0.05068923533 0.042254179716 0.03641948849 0.032360415906 
0.02952135168 0.027542887256 0.026201855391 0.025366283953 0.024964185432 0.046405665576 0.048468340188 0.052677944303 0.059196379036 
0.068245925009 0.080077335238 0.094927079976 0.11298400164 0.13440901041 0.15946798027 0.18882623315 0.22398939729 0.2677500546 
0.32434478402 0.39893129468 0.49609035254 0.6174492836 0.7591099143 0.91002136469 1.0532848835 1.1731148958 1.273360014 
1.4185916185 1.8009852171 2.7931568623 4.945374012 3.0088486671 1.3779426813 0.55554479361 0.23908682168 0.13505235314 
0.092942938209 0.068726055324 0.051617216319 0.036086115986 0.022826930508 0.014289349318 0.0094001786783 0.0068234633654 0.0053077428602 
0.004755300004 0.0047624660656 0.0048732538708 0.0049708723091 0.0050021824427 0.0049331258051 0.0047359224409 0.0043869516812 0.0038828172255 
0.0033783379477 0.0026405842509 0.0024233751465 0.0024730621371 0.0029393208679 0.0030831482727 0.0031288389582 0.0032752174884 0.0038713139948 
0.0052366512828 0.0097257327288 0.018830465153 0.035160306841 0.056052867323 0.075462833047 0.093329787254 0.1234492287 0.12563250959 
0.12485553324 0.14167131484 0.18293321133 0.24756479263 0.31695264578 0.38433134556 0.46592873335 0.55123758316 0.59558022022 
0.77599233389 0.85694545507 0.87081164122 0.83275079727 0.7566614151 0.65716391802 0.54815852642 0.44118827581 0.34440928698 
0.26238042116 0.19653776288 0.14605991542 0.1088154912 0.082168839872 0.063539117575 0.050707578659 0.041928563267 0.035916872323 
0.031775001436 0.028903366998 0.026917025447 0.025578446686 0.024747794494 0.024349022657 0.039488889277 0.041183158755 0.044626519084 
0.049925420433 0.057229761034 0.066718704998 0.078585274518 0.093035832047 0.11033575982 0.13094136119 0.15574711561 0.18642581999 
0.22574527562 0.27762854099 0.34665730596 0.43679252267 0.54937809706 0.68095254898 0.8218742013 0.95733845234 1.0735138655 
1.1756277084 1.3310278654 1.7273677588 2.6579527855 4.6846780777 2.5692434311 1.1915122271 0.48079833388 0.19131933153 
0.089455872774 0.055041499436 0.040482733399 0.035186771303 0.026555994526 0.018458707258 0.01264776662 0.0091996472329 0.0070505677722 
0.0052779028192 0.0055048801005 0.0056425221264 0.0058018830605 0.0059467833489 0.0060356562026 0.00603943225 0.0059402980842 0.0057329665869 
0.0054347645491 0.0051023615524 0.0047542173415 0.0045904899016 0.0045956782997 0.0047481902875 0.0048593073152 0.0050016776659 0.0054964330047 
0.0072549502365 0.012390323915 0.025061869994 0.047663144767 0.090827077627 0.14339792728 0.18512158096 0.21889440715 0.26970908046 
0.24797853827 0.21428079903 0.20670384169 0.23626546562 0.29779332876 0.37850260735 0.46967256069 0.56881785393 0.66808414459 
0.75743150711 0.86087727547 0.9181753993 0.92129647732 0.87553888559 0.79241025448 0.68603104353 0.57044005394 0.45749419928 
0.35562831163 0.26954987645 0.2006957382 0.14812798798 0.10953336209 0.082079544663 0.063009396195 0.049965798855 0.041105426848 
0.03508022055 0.030955513939 0.028111411259 0.026152687147 0.024836950004 0.024022223428 0.023631570861 0.033485736698 0.034878060222 
0.03769749403 0.042012203485 0.047920286655 0.055545095354 0.065033785999 0.076571755111 0.090434387326 0.10710307956 0.12746179104 
0.15305289626 0.18630187213 0.23053577542 0.28956878185 0.36668094993 0.4630267024 0.57586199045 0.69738590717 0.81556880474 
0.92046904564 1.028118372 1.2453154325 1.8426941633 2.6729631424 4.3079228401 2.1619756222 0.95138514042 0.38793176413 
0.15210597217 0.06772466749 0.03729069978 0.025315467268 0.019677110016 0.01493932493 0.010980957188 0.0083340220153 0.0076961936429 
0.0069877062924 0.0064003528096 0.0063925115392 0.0065444731154 0.0067494967952 0.0069460710511 0.0070947147906 0.007171315141 0.0071648117155 
0.0070770867169 0.0069255949929 0.0067448224872 0.0065737962723 0.0064821434207 0.0064831823111 0.0065609114245 0.0066827000119 0.0069723711349 
0.0079756379128 0.011437592097 0.022063817829 0.050378974527 0.11327789724 0.22415886819 0.35481736064 0.41799485683 0.4839309454 
0.56100964546 0.48146733642 0.36402541399 0.29243004322 0.28557497263 0.33180630207 0.41203430295 0.51098048687 0.61813884974 
0.72347086668 0.81782639027 0.89595866203 0.93613791466 0.92958635092 0.87866592407 0.79279440641 0.68491590023 0.56845939159 
0.45499831438 0.35285255313 0.26668390632 0.19789756835 0.1455168575 0.10718221962 0.080016002059 0.06122476235 0.048428159207 
0.039772260934 0.033907964826 0.029905082658 0.027150413021 0.02525537461 0.023983001709 0.023195210844 0.022817464545 0.028310121968 
0.029455013573 0.031766664237 0.035288091749 0.040082126856 0.046230748296 0.053839091212 0.063053324819 0.074107065797 0.087413705885 
0.10371388495 0.12426090986 0.15097813308 0.18646284938 0.23367233574 0.29516127706 0.37188583612 0.4618473351 0.5591853857 
0.65509790182 0.74606573582 0.87369835377 1.2955163717 3.042755127 3.9356954098 4.1846170425 2.0107207298 0.86622112989 
0.37735247612 0.14659549296 0.065967023373 0.029933238402 0.018195442855 0.013429029845 0.010254388675 0.0079939225689 0.0066052190959 
0.0062179118395 0.0069095902145 0.007030476816 0.007194662001 0.0074311369099 0.0076956660487 0.0079459575936 0.0081512574106 0.0082934955135 
0.008366313763 0.0083742374554 0.0083324015141 0.0082653360441 0.0082025118172 0.0081773176789 0.0082039069384 0.0082848118618 0.0084460116923 
0.0088830702007 0.010386022739 0.015616193414 0.032288078219 0.079073242843 0.19046646357 0.40239229798 0.68328356743 0.83189749718 
0.97982984781 1.0201387405 0.89483171701 0.6186336875 0.4208086729 0.34045118093 0.3512597084 0.4173437655 0.51179772615 
0.61699807644 0.71981197596 0.80899000168 0.87444627285 0.90408706665 0.89205867052 0.84026449919 0.75677555799 0.65317612886 
0.54179674387 0.43343561888 0.33593764901 0.25373053551 0.18815535307 0.13827596605 0.10182712972 0.07604393363 0.058243196458 
0.046141602099 0.037965066731 0.032426867634 0.028643509373 0.026035336778 0.024236908183 0.023026520386 0.022275619209 0.021915094927 
0.023875869811 0.024817017838 0.026713214815 0.029591726139 0.03349243477 0.038468204439 0.044589612633 0.051960363984 0.060753192753 
0.071277216077 0.084081880748 0.10008513182 0.12068056315 0.14773803949 0.1833845973 0.22947126627 0.28672844172 0.35378494859 
0.42644834518 0.49805667996 0.56385493279 0.6426898241 0.85250979662 1.5864925385 3.3803110123 3.9295306206 2.4598484039 
1.331618309 0.79398667812 0.28054901958 0.087664552033 0.03025569208 0.016383027658 0.013010116294 0.010105360299 0.0084420163184 
0.0075454507023 0.0072723794729 0.0074815470725 0.0077147576958 0.0079925144091 0.0083062434569 0.008627413772 0.0089261718094 0.0091801835224 
0.0093769570813 0.0095135318115 0.0095954248682 0.0096354642883 0.0096520697698 0.0096664074808 0.0096990503371 0.0097634689882 0.009872299619 
0.010074032471 0.010598417372 0.012362995185 0.01859016344 0.039168275893 0.099788025022 0.25306916237 0.56823861599 1.0427138805 
1.4277999401 1.7773733139 1.8345392942 1.5474756956 1.0182681084 0.61239475012 0.40967157483 0.36084479094 0.39946991205 
0.47964200377 0.57480812073 0.66852927208 0.74848735332 0.80432933569 0.82742094994 0.81378358603 0.76529610157 0.68892019987 
0.59474396706 0.49365478754 0.3952986002 0.30675190687 0.23204651475 0.17242789268 0.12706720829 0.093915730715 0.070460699499 
0.054259218276 0.043231964111 0.035764802247 0.03068924509 0.02720525302 0.024789789692 0.023114489391 0.021981062368 0.021275063977 
0.020935250446 0.020100247115 0.020872563124 0.022426379845 0.024779448286 0.027957322076 0.031993418932 0.036932401359 0.042841047049 
0.049832902849 0.058113470674 0.068048857152 0.080249644816 0.095640771091 0.11546246707 0.1411280632 0.17387482524 0.21420378983 
0.26121503115 0.31207832694 0.36203569174 0.4059676826 0.44598075747 0.51977342367 0.761526227 1.4640942812 3.0815720558 
3.2396502495 3.0813076496 2.5206975937 0.71189033985 0.16299408674 0.041600547731 0.018819695339 0.012621396221 0.0086487233639 
0.0080732526258 0.0078793521971 0.0079053444788 0.0081326486543 0.0084413271397 0.0087939267978 0.0091657778248 0.0095312939957 0.0098678087816 
0.010159333237 0.010397800244 0.010582672432 0.010719852522 0.010820360854 0.010898740962 0.010971033946 0.011052519083 0.011155872606 
0.011296742596 0.011524132453 0.012045385316 0.013693003915 0.019488878548 0.039132956415 0.099356099963 0.25987362862 0.61452865601 
1.2137180567 1.8593828678 2.5125842094 2.7968599796 2.3371522427 1.5402390957 0.86802875996 0.49527552724 0.36403903365 
0.3651548326 0.42472577095 0.50464421511 0.58510649204 0.65353119373 0.70044517517 0.71902853251 0.70637601614 0.66420429945 
0.59834265709 0.51725685596 0.43016430736 0.34530711174 0.26878780127 0.20412264764 0.15243270993 0.11303948611 0.084196276963 
0.063742749393 0.049570921808 0.039883542806 0.0332849361 0.02876546979 0.025634977967 0.023443397135 0.021909125149 0.020862832665 
0.020207244903 0.019890559837 0.016905372962 0.017537150532 0.018807120621 0.020727440715 0.023314995691 0.026590835303 0.030581759289 
0.035326689482 0.04089179635 0.04739831388 0.055064871907 0.064259111881 0.07554101944 0.089664362371 0.10749061406 0.12977430224 
0.15681454539 0.18803353608 0.22162331641 0.2544645071 0.28263109922 0.30354109406 0.32372045517 0.37918886542 0.55349260569 
0.94463652372 1.2994283438 2.60024333 2.4563941956 0.98746520281 0.24168892205 0.048407174647 0.017725275829 0.011632165872 
0.0090877478942 0.0073562096804 0.0080962516367 0.0084536932409 0.0087990546599 0.009180248715 0.0095863677561 0.0099971126765 0.010391556658 
0.010752562433 0.011068942957 0.011335962452 0.011554765515 0.011731358245 0.01187540777 0.011998944916 0.012114959769 0.012236061506 
0.012373979203 0.012543464079 0.012782655656 0.013239042833 0.014501501806 0.018746463582 0.033150602132 0.078243918717 0.20285093784 
0.49525812268 1.0493657589 1.8403652906 2.6535906792 3.0519635677 2.7789673805 1.9794379473 1.1261492968 0.58097165823 
0.35894724727 0.32000884414 0.35749086738 0.42026421428 0.48567336798 0.54157441854 0.57978016138 0.59482312202 0.5844720602 
0.55013102293 0.49645853043 0.430252105 0.35897064209 0.28934001923 0.22638590634 0.17304173112 0.13028106093 0.097591295838 
0.073568165302 0.056454185396 0.044525217265 0.036306999624 0.030652996153 0.026733467355 0.023981604725 0.022028407082 0.020643662661 
0.019689498469 0.019087135792 0.018794856966 0.014218589291 0.014733233489 0.015767293051 0.017329610884 0.019431892782 0.022087663412 
0.025312317535 0.029126053676 0.033561974764 0.03868168965 0.044599510729 0.051512170583 0.059724185616 0.069649331272 0.081761777401 
0.096472427249 0.11392527819 0.13374730945 0.15483181179 0.17526689172 0.19252638519 0.20411621034 0.20940849185 0.21443480253 
0.23848025501 0.30421194434 0.39719727635 0.64392727613 0.66644793749 1.4425777197 0.21954911947 0.035125926137 0.014001694508 
0.0092302374542 0.0089925862849 0.0085686882958 0.0087856166065 0.0091158952564 0.0095010315999 0.0099203968421 0.010354763828 0.010784220882 
0.01119125355 0.01156285964 0.011891393922 0.012174483389 0.0124143539 0.012616908178 0.012790746987 0.012946159579 0.013094167225 
0.013245719485 0.013411517255 0.013604228385 0.0138496859 0.014234420843 0.015092289075 0.017659870908 0.026065291837 0.052326723933 
0.12587070465 0.30349513888 0.65903937817 1.2197328806 1.8717918396 2.3508222103 2.4504153728 2.0063662529 1.2409083843 
0.62171185017 0.33634111285 0.26736614108 0.28681564331 0.33370864391 0.38437661529 0.42799770832 0.45793089271 0.46991363168 
0.46221539378 0.43587711453 0.39443254471 0.3430852592 0.28759294748 0.23319099844 0.18382890522 0.14184521139 0.10805276036 
0.082096129656 0.062910713255 0.049143336713 0.039457224309 0.03270470351 0.027991015464 0.024667847902 0.022292284295 0.020576337352 
0.019340842962 0.018479000777 0.017930189148 0.017662538216 0.011972481385 0.012389759533 0.013228045776 0.014494104311 0.016196522862 
0.018344337121 0.02094617486 0.024010896683 0.027551146224 0.031591102481 0.036179117858 0.041403632611 0.047407023609 0.05438683182 
0.06256980449 0.072144962847 0.083152070642 0.095342762768 0.10805719346 0.12017758936 0.13021531701 0.13656781614 0.13801756501 
0.1347323209 0.12973795831 0.12811464071 0.13133275509 0.15257509053 0.138771981 0.20861971378 0.049885168672 0.015531805344 
0.0096405446529 0.0086478907615 0.0092646442354 0.0092836022377 0.0094865448773 0.0098153091967 0.010210986249 0.010640611872 0.01107981801 
0.011508982629 0.011913152412 0.01228232123 0.012611317448 0.012899308465 0.013149081729 0.013366258703 0.013558506034 0.013734786771 
0.013904676773 0.014077864587 0.014264028519 0.01447392907 0.01472460106 0.015061099082 0.015641987324 0.017042571679 0.021185858175 
0.033712856472 0.068609967828 0.15363833308 0.32807421684 0.61752897501 0.98958200216 1.3467732668 1.5868222713 1.5120843649 
1.0709556341 0.55673706532 0.28365528584 0.20995911956 0.21972745657 0.25398758054 0.29165944457 0.32421183586 0.34669366479 
0.35594689846 0.35065990686 0.33154153824 0.30113431811 0.26323136687 0.22206872702 0.18153211474 0.14458249509 0.113000907 
0.0874382779 0.067671380937 0.052939482033 0.042256593704 0.034640163183 0.029242288321 0.025399798527 0.022631272674 0.020607665181 
0.019115321338 0.018021784723 0.017248600721 0.016751645133 0.016507983208 0.01010490302 0.010441731662 0.011118382215 0.012140201405 
0.013513763435 0.015245428309 0.017340030521 0.019800275564 0.022627627477 0.025825478137 0.029404981062 0.033392827958 0.03783827275 
0.04281392321 0.048402920365 0.054665081203 0.061579737812 0.068973727524 0.076456412673 0.083393678069 0.088950544596 0.092214331031 
0.09238883853 0.089054018259 0.082473218441 0.073611311615 0.063458800316 0.054106198251 0.040799129754 0.037578549236 0.019897602499 
0.013030500151 0.009388839826 0.0097138499841 0.0098391948268 0.0099496431649 0.010180493817 0.010508031584 0.010896317661 0.01131486427 
0.011739664711 0.012152549811 0.012540748343 0.012896402739 0.013215944171 0.013499407098 0.013749737293 0.013972111046 0.014173327014 
0.014361223206 0.014544192702 0.014730822295 0.014929795638 0.015150367282 0.01540452335 0.015715522692 0.016150845215 0.016939233989 
0.018833067268 0.024040665478 0.038075059652 0.072048008442 0.14238542318 0.26236832142 0.42619508505 0.60620969534 0.76977568865 
0.82607090473 0.67432820797 0.37711378932 0.1998578757 0.15258942544 0.16163860261 0.18669970334 0.21366100013 0.23690079153 
0.25305771828 0.25992000103 0.25653073192 0.24333640933 0.22207376361 0.19537611306 0.1662145108 0.13733951747 0.11086973548 
0.088101662695 0.06953497231 0.055046457797 0.04412451759 0.036089528352 0.030257053673 0.02603280358 0.02295014821 0.020669635385 
0.018959216774 0.017668560147 0.016705002636 0.016014194116 0.015566016547 0.015345102176 0.0085591059178 0.0088300257921 0.0093742702156 
0.010196115822 0.011300705373 0.012692715973 0.01437494345 0.016347145662 0.018605584279 0.021143775433 0.023954641074 0.027033818886 
0.03038287349 0.034009803087 0.037923164666 0.042116209865 0.046539697796 0.051067382097 0.055464554578 0.059375602752 0.062345478684 
0.063881285489 0.063545100391 0.061058010906 0.056393921375 0.049828466028 0.041918832809 0.033614769578 0.02551535517 0.020575867966 
0.016062343493 0.013158050366 0.011223344132 0.010683115572 0.010561116971 0.010640682653 0.010855088942 0.011161892675 0.011525363661 
0.011916373856 0.01231241785 0.012697115541 0.013059500605 0.013393190689 0.013695568778 0.013967049308 0.014210443012 0.014430380426 
0.014632824808 0.014824612997 0.015013085678 0.01520581264 0.01541048754 0.015635125339 0.015888923779 0.016185307875 0.016553016379 
0.017074890435 0.018008226529 0.020097499713 0.025204394013 0.037124320865 0.061637002975 0.10393865407 0.16330845654 0.23130501807 
0.29762730002 0.33706763387 0.30348315835 0.18766655028 0.1179504469 0.10462768376 0.11586038768 0.13399012387 0.15251544118 
0.16838291287 0.17948296666 0.18434180319 0.18228967488 0.1735868305 0.15936164558 0.14135691524 0.12156078964 0.10183211416 
0.083619251847 0.067825347185 0.054818484932 0.044543724507 0.036678355187 0.030779881403 0.026396878064 0.023134564981 0.020681664348 
0.018811348826 0.017368722707 0.016253935173 0.01540605817 0.01478997618 0.014386736788 0.014186986722 0.0072839269415 0.0075013739988 
0.0079381838441 0.0085977455601 0.0094840889797 0.010600733571 0.011949371547 0.013528581709 0.015332839452 0.017352128401 0.01957228221 
0.021976072341 0.024544429034 0.027256725356 0.030088393018 0.033004175872 0.0359464176 0.038820043206 0.041479054838 0.043721947819 
0.045303221792 0.045964296907 0.04548003152 0.043710563332 0.040646992624 0.036444786936 0.031450405717 0.026234835386 0.021473880857 
0.017926730216 0.01527096983 0.013329908252 0.012041267008 0.011443314143 0.011248928495 0.011285953224 0.011467251927 0.011740122922 
0.012067141011 0.012420235202 0.012778646313 0.01312776003 0.013458061963 0.01376417838 0.014044014737 0.014298060909 0.014528828673 
0.014740369283 0.014937857166 0.015127220191 0.01531483978 0.015507324599 0.01571139507 0.0159339495 0.016182424501 0.016465844586 
0.016798283905 0.017210299149 0.017783895135 0.018743913621 0.020645037293 0.024624373764 0.032454896718 0.045843984932 0.064760252833 
0.086330547929 0.10651868582 0.11982370168 0.11524246633 0.085378043354 0.0702990219 0.072706274688 0.082844749093 0.095217451453 
0.10737152398 0.11773254722 0.12502005696 0.12828981876 0.12709213793 0.12156700343 0.11241304874 0.10073164105 0.087794020772 
0.074801363051 0.062701448798 0.052097678185 0.043250929564 0.036147993058 0.03059932217 0.026333663613 0.023069813848 0.020559856668 
0.018607547507 0.017069855705 0.015849513933 0.014884484001 0.014137652703 0.013588342816 0.01322597079 0.013045682572 0.0062339273281 
0.0064084371552 0.0067589464597 0.007288091816 0.0079989833757 0.0088942684233 0.009974992834 0.011239420623 0.012681936845 0.014292237349 
0.016054911539 0.017949502915 0.019950803369 0.022029004991 0.024148892611 0.026267467067 0.028329603374 0.030262509361 0.031971063465 
0.033337235451 0.034226987511 0.034506112337 0.034063838422 0.032839689404 0.030848411843 0.028199536726 0.025110697374 0.021907771006 
0.018967259675 0.016580637544 0.014739790931 0.013381764293 0.012473619543 0.011985369958 0.011801327579 0.011820189655 0.01197200641 
0.012208610773 0.012495282106 0.012806463055 0.013123645447 0.013434003107 0.013729280792 0.014004849829 0.01425892394 0.014491936192 
0.01470606029 0.014904783107 0.015092559159 0.0152745042 0.015456121415 0.015643112361 0.015841262415 0.01605643332 0.016294706613 
0.016562797129 0.016869105399 0.017226930708 0.017663657665 0.018244622275 0.019122419879 0.020606175065 0.023185737431 0.027363084257 
0.033189121634 0.039807263762 0.045772533864 0.049885142595 0.050808183849 0.047156292945 0.047774564475 0.052877161652 0.060132395476 
0.068053998053 0.075675502419 0.082152888179 0.086722806096 0.088801823556 0.088100373745 0.084687404335 0.078976161778 0.071632564068 
0.063435032964 0.055127412081 0.04730495438 0.040355555713 0.034457907081 0.029621059075 0.025743003935 0.02266831696 0.020232520998 
0.018289297819 0.016722522676 0.015447861515 0.014408612624 0.013569426723 0.012910039164 0.012419974431 0.012094542384 0.011932046153 
0.0053694345988 0.005509798415 0.0057916576043 0.0062170079909 0.0067881890573 0.0075071398169 0.0083744870499 0.0093885399401 0.010544287972 
0.011832532473 0.013239235617 0.01474518422 0.016325898468 0.017951691523 0.019587552175 0.021192653105 0.022719252855 0.024111395702 
0.025304162875 0.026224885136 0.026797706261 0.026952192187 0.026635525748 0.025826435536 0.024548312649 0.022879064083 0.020954830572 
0.018961271271 0.017098678276 0.015516106039 0.014257458039 0.013318466954 0.012683683075 0.012325072661 0.01218598336 0.012207098305 
0.012339098379 0.012543791905 0.012792159803 0.013062485494 0.01333899796 0.013610761613 0.013870725408 0.014114929363 0.014341838658 
0.014551821165 0.014746739529 0.014929591678 0.015104205348 0.015274966136 0.01544659026 0.015623942018 0.015811922029 0.016015434638 
0.01623941958 0.016489027068 0.016770003363 0.017089573666 0.017458830029 0.017898498103 0.01845087111 0.019197134301 0.0202659145 
0.021798379719 0.023838274181 0.026195731014 0.028482472524 0.030442800373 0.032129727304 0.033598087728 0.036341063678 0.040280740708 
0.044892225415 0.049714360386 0.054299257696 0.05817963928 0.060910634696 0.062144622207 0.061702780426 0.059615705162 0.056117579341 
0.051594786346 0.04650503397 0.041291225702 0.036313481629 0.031812883914 0.027908485383 0.024618925527 0.021895846352 0.019657401368 
0.017814429477 0.016286827624 0.015011121519 0.013941773213 0.013049011119 0.012315268628 0.011731489561 0.011293971911 0.011001903564 
0.010855651461 0.0046564070508 0.0047698491253 0.0049975672737 0.0053410264663 0.0058019272983 0.0063816341572 0.0070804646239 0.0078968852758 
0.0088266786188 0.0098621640354 0.010991560295 0.012198529206 0.013461983763 0.014756080694 0.016050381586 0.01731004566 0.018496030942 
0.019565440714 0.020472312346 0.021169358864 0.021611234173 0.021759552881 0.021589469165 0.021096872166 0.020304979756 0.019268563017 
0.018073637038 0.01682931371 0.015648134053 0.01461743284 0.01378081087 0.013151182793 0.012724771164 0.012484530918 0.012399626896 
0.012434449978 0.012555705383 0.012735229917 0.012950446457 0.013183976524 0.013422993943 0.013658515178 0.013884712011 0.014098302461 
0.014298033901 0.01448427327 0.014658653177 0.014823771082 0.014982918277 0.015139847994 0.015298572369 0.01546319481 0.015637814999 
0.015826448798 0.016033055261 0.016261577606 0.016516108066 0.016801176593 0.017122402787 0.01748790592 0.017911130562 0.018414983526 
0.019034650177 0.019811717793 0.020771939307 0.021893544123 0.023107500747 0.02437912859 0.025788852945 0.027439737692 0.029542619362 
0.032048564404 0.034807428718 0.037628725171 0.0402809605 0.042504992336 0.044048652053 0.044712070376 0.044389221817 0.043091878295 
0.040947720408 0.03817269206 0.035026282072 0.031763195992 0.028594424948 0.025665849447 0.023055301979 0.020783731714 0.018833344802 
0.017166158184 0.015738775954 0.014511825517 0.013454463333 0.012545355596 0.011771590449 0.011126726866 0.010608701967 0.010217988864 
0.0099561363459 0.0098247341812 0.0040661585517 0.0041585145518 0.0043438221328 0.0046231211163 0.004997597076 0.00546815712 0.0060348836705 
0.0066964151338 0.0074492902495 0.0082873124629 0.0092009948567 0.010177142918 0.011198642664 0.012244442478 0.013289763592 0.014306504279 
0.015263847075 0.016129106283 0.016868909821 0.017450938001 0.017846317962 0.018032774329 0.017998345196 0.017745185643 0.017292700708 
0.016678992659 0.015959380195 0.015200550668 0.014469775371 0.013821759261 0.013290435076 0.01289119944 0.012625886127 0.012485661544 
0.012453054078 0.012506286614 0.012623296119 0.012784170918 0.012972208671 0.013174162246 0.013380060904 0.013582831249 0.013777869754 
0.013962608762 0.014136144891 0.014298917726 0.014452414587 0.014598922804 0.014741290361 0.014882728457 0.015026627108 0.015176414512 
0.015335461125 0.015507007949 0.015694148839 0.015899853781 0.016127014533 0.016378570348 0.016657704487 0.016968255863 0.01731541194 
0.017706759274 0.01815324463 0.018668586388 0.019265593961 0.019950151443 0.020720357075 0.021581992507 0.022567039356 0.023712623864 
0.025044750422 0.026537634432 0.028128428385 0.029722124338 0.031194662675 0.032404325902 0.033212140203 0.033506937325 0.033228185028 
0.03237945959 0.031028136611 0.029291115701 0.027311075479 0.025230405852 0.023169796914 0.021216025576 0.019419634715 0.017800316215 
0.016356248409 0.015073925257 0.013936091214 0.012926945463 0.012034690939 0.011252182536 0.010576394387 0.010007375851 0.0095470827073 
0.0091983359307 0.0089639574289 0.0088461665437 0.003574936185 0.0036508440971 0.0038030711003 0.0040323273279 0.0043394048698 0.0047248550691 
0.0051885903813 0.0057294070721 0.0063444916159 0.0070289238356 0.0077752298675 0.0085730440915 0.0094089172781 0.010266298428 0.011125730351 
0.011965260841 0.012761091813 0.013488449156 0.014122739434 0.014641018584 0.015023775399 0.015257007442 0.015334441327 0.015259575099 
0.015047121793 0.014723266475 0.014324097894 0.013891723007 0.013468259014 0.013089223765 0.012779231183 0.012551662512 0.01241032593 
0.012351227924 0.012364420108 0.012436502613 0.012553060427 0.012700428255 0.012866718695 0.013042249717 0.013219606131 0.013393487781 
0.013560461812 0.01371869538 0.013867676258 0.014007973485 0.014141011983 0.0142688388 0.014393946156 0.014519076794 0.014647081494 
0.014780797064 0.014922949485 0.015076100826 0.015242606401 0.015424632467 0.015624151565 0.015843011439 0.016082992777 0.016345949844 
0.016634019092 0.016949916258 0.017297301441 0.017680874094 0.018105993047 0.018577743322 0.019100664183 0.019680945203 0.020328907296 
0.021053638309 0.021855069324 0.022717146203 0.023606646806 0.024472530931 0.025247912854 0.025856532156 0.026223637164 0.026289151981 
0.026019688696 0.025415826589 0.024512317032 0.023370984942 0.022068612278 0.020683350042 0.019283395261 0.017920197919 0.016626846045 
0.01542041637 0.014306540601 0.013284332119 0.01235046424 0.011501873843 0.010737139732 0.010056842119 0.0094632934779 0.0089599816129 
0.0085509177297 0.0082400450483 0.0080307340249 0.007925436832 0.0031634147745 0.0032265044283 0.0033529570792 0.0035432411823 0.0037978559267 
0.0041170967743 0.0045007579029 0.0049477838911 0.0054558906704 0.0060211974196 0.00663788151 0.0072979116812 0.0079908985645 0.0087040746585 
0.0094224596396 0.010129213333 0.010806180537 0.01143465098 0.011996325105 0.01247446239 0.012855204754 0.013128987513 0.013291918673 
0.013346921653 0.013304375112 0.013181935064 0.013003251515 0.012795430608 0.012585566379 0.012397120707 0.012247435749 0.012146963738 
0.012099730782 0.012104325928 0.01215517614 0.012244092301 0.012361804023 0.012499189936 0.012648073025 0.012801667675 0.012954717502 
0.013103483245 0.013245607726 0.013379951008 0.0135064153 0.01362573728 0.013739312068 0.013849019073 0.013957050629 0.014065760188 
0.014177531004 0.014294682071 0.014419385232 0.014553613029 0.014699101448 0.014857359231 0.015029648319 0.015217019245 0.01542033162 
0.015640305355 0.015877589583 0.016132861376 0.016406970099 0.016701024026 0.017016429454 0.017354793847 0.017717817798 0.018107388169 
0.018525399268 0.018971990794 0.019442837685 0.019926840439 0.020404580981 0.020847724751 0.021220095456 0.021481078118 0.021591160446 
0.021518601105 0.021245552227 0.020771861076 0.020115349442 0.019308423623 0.018392080441 0.017409089953 0.016398150474 0.015390246175 
0.014407551847 0.013464340009 0.012569060549 0.011726669967 0.010940602049 0.010214095004 0.0095508648083 0.0089552775025 0.0084321890026 
0.0079866265878 0.0076234308071 0.007346897386 0.0071605006233 0.0070666759275 0.0028161269147 0.0028692013584 0.0029755276628 0.0031354012899 
0.0033491167706 0.0036167954095 0.0039381668903 0.0043123085052 0.0047373725101 0.0052103009075 0.0057265772484 0.0062800194137 0.0068626659922 
0.0074647585861 0.008074875921 0.0086802011356 0.0092669688165 0.0098210480064 0.010328708217 0.010777479969 0.011157116853 0.011460572481 
0.011684891768 0.011831863783 0.011908312328 0.011925813742 0.011899734847 0.011847605929 0.011787013151 0.011733517982 0.011699111201 
0.011691527441 0.011714303866 0.011767298914 0.011847502552 0.011950002983 0.012068979442 0.012198518962 0.012333217077 0.012468537316 
0.012600977905 0.012728105299 0.012848502025 0.0129616661 0.013067870401 0.013168030418 0.013263548724 0.013356167823 0.013447830454 
0.013540562242 0.013636345044 0.013737057336 0.013844392262 0.013959825039 0.01408457756 0.014219620265 0.014365666546 0.014523182996 
0.014692398719 0.014873326756 0.015065788291 0.015269440599 0.015483834781 0.015708452091 0.015942744911 0.016186121851 0.016437910497 
0.016697218642 0.016962632537 0.017231535167 0.017499078065 0.017757233232 0.017993997782 0.018193161115 0.018334925175 0.018397646025 
0.018360601738 0.018207293004 0.017928462476 0.017524056137 0.017003426328 0.01638379693 0.015687357634 0.01493795868 0.014158162288 
0.013367320411 0.0125808632 0.011810549535 0.011065338738 0.010352384299 0.0096779325977 0.0090478956699 0.0084681482986 0.007944569923 
0.0074829305522 0.0070886965841 0.0067668091506 0.006521481555 0.0063560227863 0.0062727131881 0.0025208904408 0.0025660935789 0.0026566123124 
0.0027926252224 0.002974292729 0.0032016290352 0.0034743384458 0.0037916286383 0.0041520050727 0.0045530628413 0.0049912999384 0.0054619652219 
0.0059589701705 0.0064748791046 0.0070010055788 0.0075276168063 0.0080442689359 0.0085402559489 0.0090051712468 0.0094295507297 0.009805560112 
0.010127680376 0.010393279605 0.010603033938 0.010761031881 0.010874539614 0.010953316465 0.011008563451 0.011051631533 0.011092750356 
0.011140051298 0.011199050583 0.011272576638 0.011361040175 0.011462918483 0.011575368233 0.011694858782 0.011817716062 0.011940547265 
0.012060517445 0.012175499462 0.01228411682 0.012385732494 0.012480382808 0.012568674982 0.012651680037 0.012730810791 0.012807700783 
0.012884084135 0.012961703353 0.013042205945 0.013127090409 0.013217650354 0.013314940967 0.013419761322 0.013532656245 0.013653913513 
0.01378357131 0.01392142754 0.014067046344 0.014219773002 0.014378739521 0.014542875811 0.014710935764 0.014881500043 0.015052962117 
0.015223521739 0.015391079709 0.015553086996 0.015706252307 0.015846157447 0.015966856852 0.016060588881 0.016117732972 0.016127169132 
0.01607722044 0.015956990421 0.01575798355 0.015475587919 0.015110052191 0.014666630886 0.014154903591 0.013587421738 0.012978112325 
0.012340836227 0.011688363738 0.011031929404 0.010381214321 0.0097446385771 0.0091297458857 0.008543533273 0.0079926783219 0.0074836132117 
0.0070224991068 0.0066151372157 0.0062668276951 0.0059822304174 0.0057652364485 0.0056188576855 0.0055451476946 0.0022682540584 0.0023072154727 
0.0023852079175 0.0025023377966 0.0026586824097 0.0028541984502 0.0030885995366 0.0033612158149 0.0036708461121 0.0040155993775 0.0043927594088 
0.004798669368 0.005228666123 0.0056770723313 0.0061372667551 0.006601834204 0.0070628104731 0.0075120199472 0.0079414760694 0.0083438558504 
0.0087129911408 0.0090443324298 0.0093353539705 0.0095858061686 0.0097977770492 0.0099755013362 0.010124907829 0.010252946056 0.010366774164 
0.010472969152 0.010576901957 0.010682364926 0.010791483335 0.010904835537 0.011021745391 0.011140666902 0.011259576306 0.011376340874 
0.011489002034 0.011595981196 0.011696193367 0.011789087206 0.011874650605 0.011953352951 0.012026069686 0.012093998492 0.012158558704 
0.012221285142 0.012283734977 0.012347409502 0.012413672172 0.012483704835 0.012558464892 0.012638664804 0.01272476092 0.012816966511 
0.012915241532 0.013019308448 0.013128673658 0.013242627494 0.013360245153 0.013480402529 0.013601772487 0.013722829521 0.013841853477 
0.013956916519 0.014065875672 0.014166327193 0.014255539514 0.014330357313 0.014387045056 0.014421164058 0.014427489601 0.014400065877 
0.014332438819 0.014218140393 0.014051384293 0.01382784266 0.01354537718 0.013204525225 0.012808601372 0.01236340031 0.011876573786 
0.0113568753 0.010813455097 0.010255310684 0.0096909888089 0.0091284941882 0.008575332351 0.0080386009067 0.0075250742957 0.0070412480272 
0.0065933130682 0.006187106017 0.0058280141093 0.0055208811536 0.0052699036896 0.0050785457715 0.004949468188 0.0048844744451 0.0020509869792 
0.0020849439315 0.002152902307 0.0022549245041 0.0023910449818 0.0025611971505 0.0027651248965 0.0030022766441 0.0032716928981 0.0035718912259 
0.0039007605519 0.0042554792017 0.0046324599534 0.0050273472443 0.0054350597784 0.0058499053121 0.0062657562084 0.0066762897186 0.0070752836764 
0.0074569508433 0.0078162914142 0.0081494189799 0.0084538357332 0.0087286038324 0.0089743854478 0.0091933123767 0.0093887019902 0.0095646157861 
0.0097253657877 0.0098750060424 0.010016943328 0.010153669864 0.010286683217 0.010416545905 0.010543045588 0.01066543255 0.01078267023 
0.010893668979 0.010997476988 0.011093419045 0.011181182228 0.011260837317 0.011332844384 0.011398006231 0.011457404122 0.011512323283 
0.01156417653 0.011614408344 0.011664419435 0.011715507135 0.011768794619 0.011825202964 0.011885412969 0.011949860491 0.012018733658 
0.012091978453 0.012169309892 0.012250234373 0.012334059924 0.012419909239 0.012506726198 0.012593282387 0.012678182684 0.012759865262 
0.012836593203 0.012906460091 0.012967377901 0.013017066754 0.013053030707 0.013072535396 0.013072562404 0.013049794361 0.013000620529 
0.012921208516 0.012807671912 0.012656333856 0.01246409025 0.01222879719 0.011949636042 0.011627364904 0.011264376342 0.010864581913 
0.010433124378 0.0099760117009 0.0094997705892 0.0090111428872 0.0085168834776 0.0080236494541 0.0075379521586 0.0070661250502 0.0066143060103 
0.0061883935705 0.0057939947583 0.0054363454692 0.0051202424802 0.0048499554396 0.0046291570179 0.0044608586468 0.0043473625556 0.0042902231216 
0.0018636281602 0.0018935262924 0.0019533522427 0.002043148037 0.0021629279945 0.0023126266897 0.0024920306168 0.0027006973978 0.0029378694016 
0.0032023875974 0.0034926105291 0.0038063509855 0.0041408338584 0.0044926893897 0.0048579829745 0.0052322954871 0.0056108506396 0.0059886816889 
0.0063608502969 0.0067226812243 0.0070700109936 0.0073994221166 0.0077084368095 0.0079956371337 0.0082607027143 0.008504325524 0.0087280450389 
0.0089339679107 0.0091244606301 0.0093018393964 0.0094681140035 0.009624809958 0.0097729107365 0.0099128708243 0.01004471723 0.010168178938 
0.01028285455 0.010388349183 0.010484406725 0.010570985265 0.010648324154 0.010716947727 0.010777660646 0.01083150506 0.010879704729 
0.010923598893 0.010964576155 0.011003996246 0.011043125764 0.011083082296 0.011124791577 0.011168960482 0.011216045357 0.011266264133 
0.01131958887 0.011375770904 0.011434343643 0.011494664475 0.01155591011 0.011617119424 0.011677174829 0.011734842323 0.011788755655 
0.011837430298 0.011879254133 0.011912493967 0.011935289949 0.011945657432 0.011941484176 0.011920532212 0.011880444363 0.011818760075 
0.011732953601 0.011620504782 0.011479012668 0.011306352913 0.011100878008 0.010861621238 0.01058848016 0.010282362811 0.0099452100694 
0.0095799630508 0.0091904262081 0.0087810810655 0.0083569092676 0.0079232202843 0.0074855010025 0.0070493188687 0.0066202422604 0.0062037697062 
0.005805269815 0.0054299118929 0.0050825988874 0.0047678938136 0.0044899522327 0.0042524556629 0.0040585589595 0.0039108358324 0.0038112497423 
0.0037611243315 0.0017021010863 0.0017286734655 0.0017818418564 0.0018616385059 0.0019680755213 0.0021011023782 0.0022605531849 0.0024460831191 
0.0026571028866 0.0028927102685 0.0031516281888 0.0034321523272 0.0037321189884 0.0040488950908 0.0043793977238 0.0047201481648 0.0050673610531 
0.0054170656949 0.0057652606629 0.0061080791056 0.0064419689588 0.0067638629116 0.0070713115856 0.0073625869118 0.0076367040165 0.0078933928162 
0.0081329904497 0.0083562834188 0.0085643157363 0.0087582031265 0.0089389700443 0.0091074397787 0.0092641776428 0.0094095086679 0.0095435585827 
0.0096663422883 0.0097778514028 0.0098781483248 0.009967439808 0.010046123527 0.010114818811 0.010174364783 0.010225805454 0.010270342231 
0.01030928921 0.010344007984 0.010375851765 0.010406094603 0.010435884818 0.010466190986 0.010497773997 0.010531161912 0.010566637851 
0.010604245588 0.010643796064 0.010684894398 0.0107269492 0.01076921355 0.010810794309 0.010850682855 0.010887766257 0.010920839384 
0.010948627256 0.010969767347 0.010982828215 0.010986304842 0.010978624225 0.010958141647 0.010923150927 0.010871901177 0.010802602395 
0.01071346458 0.010602735914 0.010468755849 0.010310044512 0.010125395842 0.009913995862 0.0096755409613 0.009410334751 0.0091193728149 
0.008804358542 0.0084676966071 0.0081124156713 0.0077420854941 0.0073607075028 0.0069726011716 0.0065823127516 0.0061945165507 0.0058139390312 
0.0054452838376 0.0050931554288 0.0047619934194 0.0044560004026 0.0041790790856 0.0039347722195 0.0037262102123 0.0035560654942 0.0034265159629 
0.0033392198384 0.0032952909824 0.0015633939765 0.0015872227959 0.0016349018551 0.001706463052 0.0018019244308 0.0019212567713 0.0020643409807 
0.0022309189662 0.0024205397349 0.0026325040963 0.0028658173978 0.0031191445887 0.0033907827456 0.0036786489654 0.00398029387 0.0042929328047 
0.0046135112643 0.0049387905747 0.005265455693 0.0055902344175 0.0059100314975 0.0062220473774 0.0065238825046 0.0068136169575 0.0070898374543 
0.0073516354896 0.0075985514559 0.0078304857016 0.0080475909635 0.0082501564175 0.0084385210648 0.0086129913107 0.0087738167495 0.0089211855084 
0.009055252187 0.0091761872172 0.0092842234299 0.0093797119334 0.0094631612301 0.0095352558419 0.0095968712121 0.0096490550786 0.0096930023283 
0.0097300186753 0.0097614591941 0.0097886854783 0.0098130013794 0.0098356045783 0.0098575334996 0.0098796337843 0.0099025284871 0.0099266059697 
0.0099520115182 0.0099786575884 0.010006232187 0.010034237988 0.010062001646 0.010088706389 0.010113425553 0.010135144927 0.010152773932 
0.010165177286 0.010171175003 0.010169556364 0.010159078985 0.010138471611 0.010106444359 0.010061685927 0.010002870113 0.0099286697805 
0.0098377820104 0.0097289429978 0.0096009690315 0.0094528067857 0.0092835826799 0.0090926708654 0.0088797742501 0.0086449803784 0.0083888340741 
0.0081123784184 0.0078171705827 0.0075052799657 0.007179249078 0.0068420418538 0.006496979855 0.0061476635747 0.0057979007252 0.0054516321979 
0.0051128570922 0.0047855647281 0.0044736647978 0.0041809258983 0.0039109094068 0.0036669168621 0.0034519399051 0.0032686160412 0.0031191918533 
0.0030054969247 0.0029289212544 0.0028903982602 0.0014453018084 0.0014668640215 0.0015100104501 0.001574776601 0.0016611902975 0.0017692452529 
0.0018988666125 0.0020498689264 0.0022219135426 0.0024144635536 0.002626739908 0.0028576902114 0.0031059586909 0.0033698754851 0.0036474601366 
0.0039364439435 0.0042343111709 0.0045383633114 0.0048457914963 0.0051537691616 0.0054595433176 0.0057605286129 0.0060543883592 0.0063390969299 
0.0066129760817 0.0068747065961 0.0071233068593 0.0073580904864 0.0075786123052 0.0077846031636 0.0079759219661 0.0081525072455 0.0083143664524 
0.0084615685046 0.0085942531005 0.0087126698345 0.008817194961 0.0089083490893 0.0089868288487 0.0090535059571 0.0091094104573 0.009155719541 
0.0091937212273 0.0092247705907 0.0092502376065 0.0092714643106 0.0092897005379 0.0093060694635 0.0093215145171 0.0093367770314 0.0093523701653 
0.0093685714528 0.0093854172155 0.0094027221203 0.0094200940803 0.0094369566068 0.009452582337 0.0094661246985 0.0094766449183 0.0094831380993 
0.0094845620915 0.0094798523933 0.0094679389149 0.0094477515668 0.0094182286412 0.0093783214688 0.0093269934878 0.0092632295564 0.0091860350221 
0.0090944506228 0.0089875636622 0.0088645294309 0.0087246028706 0.0085671637207 0.0083917677402 0.0081981820986 0.0079864421859 0.0077568888664 
0.0075102108531 0.0072474731132 0.0069701285101 0.0066800131463 0.0063793295994 0.0060706087388 0.0057566668838 0.0054405494593 0.0051254783757 
0.0048147873022 0.0045118588023 0.0042200679891 0.0039427215233 0.0036829991732 0.0034439042211 0.0032282159664 0.0030384473503 0.0028768111952 
0.0027451894712 0.0026451139711 0.0025777455885 0.0025438654702 0.0013462239876 0.001365925069 0.0014053510968 0.0014645421179 0.0015435375972 
0.0016423532506 0.0017609514762 0.0018992080586 0.0020568734035 0.0022335359827 0.0024285849649 0.002641180763 0.0028702295385 0.0031143689994 
0.0033719681669 0.0036411387846 0.0039197658189 0.0042055491358 0.0044960561208 0.0047887922265 0.0050812670961 0.0053710700013 0.0056559327058 
0.0059337848797 0.0062027908862 0.006461375393 0.0067082233727 0.006942265667 0.0071626626886 0.0073687685654 0.0075601115823 0.0077363746241 
0.0078973788768 0.0080430936068 0.0081736333668 0.0082892728969 0.0083904601634 0.0084778219461 0.0085521647707 0.0086144665256 0.0086658485234 
0.0087075605989 0.0087409373373 0.0087673533708 0.008788170293 0.0088046938181 0.0088181272149 0.0088295182213 0.0088397329673 0.008849427104 
0.0088590234518 0.0088687110692 0.0088784480467 0.0088879801333 0.0088968509808 0.0089044384658 0.0089099835604 0.0089126285166 0.0089114364237 
0.0089054293931 0.0088936155662 0.0088750049472 0.0088486317545 0.0088135516271 0.0087688714266 0.0087137268856 0.0086473086849 0.0085688466206 
0.0084776291624 0.0083729894832 0.0082543371245 0.0081211552024 0.0079730339348 0.0078096804209 0.0076309591532 0.0074369153008 0.007227813825 
0.0070041599683 0.0067667346448 0.0065166074783 0.006255146116 0.0059840125032 0.0057051540352 0.0054207709618 0.0051332912408 0.004845325835 
0.0045596221462 0.0042790155858 0.0040063816123 0.0037445796188 0.0034964075312 0.0032645515166 0.0030515443068 0.0028597251512 0.0026912067551 
0.0025478457101 0.0024312208407 0.0023426143453 0.0022829985246 0.0022530269343 0.0012650096323 0.0012832073262 0.0013196285581 0.0013743187301 
0.0014473275514 0.0015386894811 0.0016483988147 0.0017763794167 0.0019224513089 0.0020862997044 0.0022674405482 0.0024651940912 0.0026786613744 
0.0029067082796 0.003147961339 0.0034008147195 0.0036634458229 0.0039338483475 0.0042098686099 0.0044892625883 0.0047697401606 0.0050490316935 
0.0053249364719 0.0055953776464 0.0058584343642 0.0061123771593 0.0063556823879 0.006587037351 0.0068053463474 0.0070097139105 0.007199446205 
0.0073740431108 0.0075331963599 0.0076767900027 0.0078049059957 0.0079178251326 0.0080160265788 0.0081001901999 0.0081711765379 0.0082300268114 
0.0082779116929 0.0083161136135 0.0083459820598 0.0083688879386 0.0083861760795 0.0083991130814 0.0084088481963 0.00841637142 0.0084224799648 
0.0084277596325 0.0084325643256 0.0084370141849 0.0084410142154 0.0084442552179 0.0084462407976 0.0084463208914 0.008443724364 0.008437586017 
0.0084269875661 0.0084109818563 0.0083886291832 0.0083590047434 0.0083212358877 0.0082744928077 0.0082180155441 0.0081511037424 0.0080731268972 
0.0079835215583 0.0078817931935 0.0077675231732 0.0076403645799 0.0075000599027 0.0073464489542 0.0071794893593 0.0069992719218 0.006806041114 
0.0066002211533 0.0063824341632 0.0061535146087 0.0059145293199 0.005666772835 0.0054117729887 0.0051512769423 0.0048872325569 0.0046217623167 
0.004357131198 0.004095713608 0.0038399451878 0.0035922883544 0.0033551861998 0.003131022444 0.0029220809229 0.0027305101976 0.0025582930539 
0.002407216467 0.0022788490169 0.0021745231934 0.0020953197964 0.0020420588553 0.0020152907819 0.00120084011 0.0012178611942 0.001251930953 
0.0013030996779 0.0013714255765 0.0014569582418 0.0015597167658 0.0016796614509 0.0018166656373 0.0019704857841 0.0021407327149 0.0023268426303 
0.0025280595291 0.0027434143703 0.0029717218131 0.0032115781214 0.0034613742027 0.003719316097 0.0039834561758 0.0042517306283 0.0045220046304 
0.0047921179794 0.0050599337555 0.0053233853541 0.0055805128068 0.0058294977061 0.0060686916113 0.0062966328114 0.0065120584331 0.0067139137536 
0.0069013582543 0.0070737670176 0.0072307391092 0.0073720952496 0.0074978824705 0.0076083759777 0.007704062853 0.0077856476419 0.0078540220857 
0.0079102460295 0.0079555157572 0.0079911239445 0.0080184154212 0.0080387527123 0.0080534508452 0.0080637410283 0.0080707278103 0.0080753499642 
0.0080783506855 0.0080802589655 0.0080813746899 0.0080817770213 0.0080813225359 0.0080796666443 0.0080762915313 0.0080705266446 0.0080615989864 
0.0080486480147 0.0080307722092 0.0080070598051 0.0079766120762 0.0079385666177 0.0078921262175 0.0078365532681 0.0077711977065 0.0076954863034 
0.007608932443 0.0075111305341 0.0074017606676 0.0072805825621 0.0071474439465 0.0070022786967 0.0068451184779 0.0066760987975 0.0064954776317 
0.0063036419451 0.0061011305079 0.0058886399493 0.0056670433842 0.0054373941384 0.0052009313367 0.004959075246 0.0047134221531 0.0044657220133 
0.0042178663425 0.0039718532935 0.0037297662348 0.0034937316086 0.0032658905257 0.0030483605806 0.0028432023246 0.0026523850393 0.0024777580984 
0.0023210241925 0.0021837174427 0.0020671817474 0.0019725579768 0.0019007702358 0.0018525199266 0.0018282769015 0.0011531451019 0.00116929668 
0.001201629173 0.0012501957826 0.0013150619343 0.0013962886296 0.0014939123066 0.0016079205088 0.0017382238293 0.0018846297171 0.0020468141884 
0.0022242972627 0.0024164204951 0.0026223317254 0.0028409741353 0.0030710857827 0.0033112056553 0.0035596881062 0.0038147289306 0.0040743942373 
0.0043366583996 0.0045994441025 0.0048606684431 0.0051182811148 0.0053703077137 0.0056148832664 0.00585028762 0.0060749682598 0.0062875617296 
0.006486913655 0.0066720899194 0.0068423855118 0.0069973338395 0.0071367104538 0.0072605377063 0.0073690740392 0.0074628102593 0.0075424546376 
0.0076089105569 0.0076632457785 0.007706661243 0.0077404505573 0.0077659511007 0.0077845030464 0.0077973995358 0.0078058405779 0.0078108925372 
0.0078134564683 0.0078142331913 0.0078137116507 0.0078121554106 0.0078096063808 0.0078058950603 0.0078006545082 0.0077933487482 0.0077833030373 
0.0077697406523 0.0077518117614 0.0077286330052 0.0076993177645 0.007663003169 0.0076188789681 0.0075661996379 0.0075043044053 0.0074326219037 
0.0073506748304 0.0072580808774 0.0071545518003 0.0070398929529 0.0069139981642 0.0067768488079 0.0066285184585 0.0064691742882 0.0062990793958 
0.0061186049134 0.0059282397851 0.0057285968214 0.0055204262026 0.0053046210669 0.0050822235644 0.0048544285819 0.0046225781552 0.0043881554157 
0.0041527682915 0.00391813647 0.0036860667169 0.0034584256355 0.0032371149864 0.0030240404885 0.0028210794553 0.0026300551835 0.0024527064525 
0.0022906621452 0.0021454207599 0.0020183294546 0.0019105680985 0.0018231368158 0.001756845857 0.0017123087309 0.0016899368493 0.0011215420673 
0.0011371191358 0.0011683043558 0.0012151529081 0.0012777344091 0.001356117893 0.0014503507409 0.0015604380751 0.001686314703 0.0018278202042 
0.0019846726209 0.0021564445924 0.0023425398394 0.0025421793107 0.0027543893084 0.0029779956676 0.0032116314396 0.0034537455067 0.0037026244681 
0.0039564175531 0.0042131701484 0.0044708619826 0.0047274460085 0.0049808896147 0.0052292142063 0.0054705324583 0.0057030869648 0.0059252744541 
0.0061356746592 0.0063330754638 0.006516486872 0.0066851559095 0.0068385773338 0.0069764978252 0.007098918315 0.0072060883977 0.0072984942235 
0.0073768435977 0.0074420417659 0.0074951574206 0.0075373910367 0.0075700287707 0.0075944005512 0.0076118311845 0.0076235947199 0.0076308692805 
0.0076346937567 0.0076359426603 0.0076352907345 0.0076331980526 0.0076299053617 0.0076254336163 0.0076195932925 0.0076120053418 0.0076021254063 
0.00758927688 0.0075726825744 0.0075515005738 0.0075248614885 0.0074918977916 0.0074517736211 0.0074037103914 0.0073470040224 0.0072810389102 
0.0072052991018 0.0071193687618 0.0070229372941 0.0069157918915 0.0067978180014 0.0066689969972 0.0065293996595 0.0063791861758 0.0062186107971 
0.0060480190441 0.0058678542264 0.0056786676869 0.0054811197333 0.0052759917453 0.0050641894341 0.004846746102 0.0046248268336 0.0043997187167 
0.0041728313081 0.0039456812665 0.0037198746577 0.0034970906563 0.0032790568657 0.0030675265007 0.0028642499819 0.0026709481608 0.0024892881047 
0.0023208567873 0.0021671399008 0.0020295009017 0.0019091650611 0.0018072045641 0.0017245269846 0.0016618680675 0.0016197843943 0.0015986489598 
0.0011057961965 0.0011210878147 0.0011517022504 0.0011976961978 0.0012591414852 0.001336110523 0.0014286569785 0.0015367935412 0.0016604673583 
0.001799534075 0.0019537317567 0.002122658072 0.0023057477083 0.0025022572372 0.0027112513781 0.0029316009022 0.0031619824003 0.0034008927178 
0.0036466598976 0.0038974762429 0.0041514220648 0.0044065047987 0.0046606957912 0.0049119736068 0.0051583582535 0.0053979563527 0.0056289904751 
0.0058498368599 0.00605905056 0.0062553933822 0.0064378487878 0.0066056414507 0.0067582475021 0.0068954005837 0.007017089054 0.0071235573851 
0.0072152898647 0.0072929919697 0.0073575675488 0.0074100848287 0.0074517428875 0.0074838241562 0.0075076529756 0.0075245434418 0.0075357612222 
0.0075424718671 0.0075457016937 0.0075463107787 0.0075449598953 0.007542097941 0.0075379516929 0.0075325313956 0.0075256396085 0.0075168912299 
0.0075057395734 0.0074915038422 0.0074734105729 0.0074506234378 0.0074222772382 0.0073875165544 0.0073455190286 0.0072955209762 0.0072368397377 
0.0071688839234 0.0070911645889 0.0070032961667 0.0069050029851 0.0067961094901 0.0066765425727 0.006546324119 0.0064055691473 0.006254482083 
0.0060933581553 0.0059225829318 0.0057426365092 0.0055540981703 0.0053576529026 0.0051540951245 0.0049443361349 0.0047294055112 0.0045104515739 
0.0042887371965 0.0040656337515 0.0038426101673 0.0036212189589 0.0034030750394 0.0031898387242 0.0029831875581 0.0027847958263 0.0025963070802 
0.0024193113204 0.0022553203162 0.0021057482809 0.0019718920812 0.0018549172673 0.0017558420077 0.0016755288234 0.0016146758571 0.0015738121001 
0.0015532912221 
I 1 10000 double
3.1236813811e-05 3.1625837437e-05 3.2392963476e-05 3.3516345866e-05 3.496343561e-05 3.6691188143e-05 3.8646718167e-05 4.0768281906e-05 4.2986881454e-05 
4.522832387e-05 4.7415967856e-05 4.9473950639e-05 5.133077866e-05 5.2923071053e-05 5.4199153965e-05 5.5122367485e-05 5.5673655879e-05 5.5853346566e-05 
5.5682125094e-05 5.520112245e-05 5.4471242038e-05 5.3572010074e-05 5.2600302297e-05 5.1669048844e-05 5.0906302931e-05 5.0454622397e-05 5.0470749557e-05 
5.1125294704e-05 5.2601855714e-05 5.5095046264e-05 5.8806872403e-05 6.3941006374e-05 7.0694732131e-05 7.9248857219e-05 8.9755325462e-05 0.0001023229197 
0.00011700054893 0.00013375902199 0.0001524748659 0.00017292509438 0.00019480817718 0.00021780849784 0.00024171335099 0.00026657033595 0.00029284271295 
0.00032149706385 0.00035395793384 0.00039189396193 0.00043684980483 0.00048978853738 0.00055064103799 0.00061797094531 0.00068884692155 0.0007589905872 
0.00082320615184 0.00087603833526 0.00091254129075 0.00092900003074 0.0009234531899 0.00089591823053 0.00084829353727 0.00078399840277 0.00070745043922 
0.00062349962536 0.00053690816276 0.00045193673577 0.00037205874105 0.00029980464024 0.0002367249399 0.00018345427816 0.00013985337864 0.00010519947682 
7.8394703451e-05 5.8162258938e-05 4.3208430725e-05 3.2338259189e-05 2.4523351385e-05 1.8928389181e-05 1.4907330296e-05 1.1981210264e-05 9.8076998256e-06 
8.1496882558e-06 6.8471986197e-06 5.7945021581e-06 4.922705557e-06 4.1871717258e-06 3.5588172977e-06 3.0183082345e-06 2.5522952001e-06 2.1510645638e-06 
1.8071011709e-06 1.5142495613e-06 1.2672512639e-06 1.0615042356e-06 8.929591786e-07 7.5808844713e-07 6.5389400561e-07 5.7793181441e-07 5.2833883046e-07 
5.0385892791e-07 3.282967009e-05 3.3252636058e-05 3.4086820961e-05 3.5308756196e-05 3.6883320718e-05 3.8764017518e-05 4.089358481e-05 4.3205000111e-05 
4.5623146434e-05 4.8067093303e-05 5.0453047152e-05 5.269790563e-05 5.4723197536e-05 5.6459259213e-05 5.78492145e-05 5.8852576331e-05 5.9448208049e-05 
5.9636258811e-05 5.9439291363e-05 5.8902358433e-05 5.8092377003e-05 5.7096982346e-05 5.6023291108e-05 5.4996718973e-05 5.4160344007e-05 5.3674652008e-05 
5.3717798437e-05 5.4485877627e-05 5.6192675402e-05 5.9068359406e-05 6.3356455939e-05 6.9308749516e-05 7.7177814092e-05 8.7207386969e-05 9.9619566754e-05 
0.0001145976421 0.00013226176088 0.00015263615933 0.00017561131972 0.00020091539773 0.00022812238603 0.00025673065102 0.00028633521288 0.00031687869341 
0.0003489125811 0.00038375722943 0.00042345075053 0.00047042840743 0.00052696472267 0.00059449108085 0.00067294616019 0.00076032034121 0.00085252238205 
0.00094364298275 0.0010266081663 0.0010941295186 0.0011397716589 0.0011589126661 0.0011493890779 0.0011117062531 0.0010488033295 0.00096547807334 
0.00086763774743 0.00076153851114 0.00065313698724 0.00054761394858 0.00044908054406 0.00036044660374 0.00028342302539 0.0002186299389 0.0001657812827 
0.00012391681958 9.1648631496e-05 6.7391280027e-05 4.9551603297e-05 3.6664281652e-05 2.7471365684e-05 2.0952897103e-05 1.6321444491e-05 1.2994489225e-05 
1.0556911548e-05 8.7222879301e-06 7.298343462e-06 6.1588302742e-06 5.2221544138e-06 4.4359885578e-06 3.7666686694e-06 3.1921420032e-06 2.6974389584e-06 
2.2718434138e-06 1.9071824227e-06 1.5968313392e-06 1.3351648249e-06 1.117273996e-06 9.388423905e-07 7.9610936154e-07 6.8587655733e-07 6.0553486492e-07 
5.5309442359e-07 5.2721253496e-07 3.6064295273e-05 3.6557266867e-05 3.7529789552e-05 3.8954993215e-05 4.0792550863e-05 4.2988915084e-05 4.5477816457e-05 
4.8181387683e-05 5.101199713e-05 5.387485362e-05 5.6671447965e-05 5.9303783928e-05 6.1679085775e-05 6.3714716816e-05 6.5343068854e-05 6.6515807703e-05 
6.7207380198e-05 6.741751713e-05 6.7172528361e-05 6.6525433795e-05 6.5555446781e-05 6.4366882725e-05 6.3087965827e-05 6.187017425e-05 6.0888087319e-05 
6.034024409e-05 6.0450678575e-05 6.1470673245e-05 6.3680228777e-05 6.7388580646e-05 7.2933245974e-05 8.0677084043e-05 9.1003865236e-05 0.00010431117698 
0.00012099852756 0.00014144435409 0.00016596273053 0.00019473202701 0.00022769669886 0.00026447069831 0.00030430106563 0.00034617263009 0.00038911428419 
0.00043269092566 0.00047754379921 0.00052574975416 0.00058076920686 0.0006468683714 0.000728094019 0.00082704139641 0.00094372633612 0.0010748533532 
0.00121368072 0.0013505724492 0.0014741879422 0.0015731144231 0.0016376218991 0.0016611617757 0.0016412698897 0.0015797119122 0.0014819033677 
0.0013558245264 0.0012107419316 0.0010560132796 0.00090016191825 0.00075028691208 0.0006117746816 0.00048824507394 0.00038165788283 0.00029252583045 
0.00022019652533 0.00016317160043 0.00011943039135 8.6727042799e-05 6.283413677e-05 4.571694808e-05 3.3635267755e-05 2.5181669116e-05 1.9272041754e-05 
1.5106530554e-05 1.2117155165e-05 9.9139479062e-06 8.2368278527e-06 6.916491202e-06 5.844736279e-06 4.9531531658e-06 4.1985149437e-06 3.5531220419e-06 
2.9986408663e-06 2.5222805107e-06 2.1145076516e-06 1.7677233473e-06 1.475537033e-06 1.2323970395e-06 1.0334262015e-06 8.7437223328e-07 7.5161420909e-07 
6.6219399741e-07 6.0385360712e-07 5.7506775875e-07 4.1036433686e-05 4.1639639676e-05 4.2830029997e-05 4.4575455831e-05 4.682751387e-05 4.9521640904e-05 
5.257752855e-05 5.5900400184e-05 5.9383044572e-05 6.2908991822e-05 6.6356755269e-05 6.9604997407e-05 7.2538503446e-05 7.5054333138e-05 7.7067903476e-05 
7.8518496593e-05 7.9373538028e-05 7.9631849076e-05 7.9325283878e-05 7.8519107774e-05 7.7311589848e-05 7.5833071605e-05 7.4245173892e-05 7.2740935138e-05 
7.1546099207e-05 7.0921887527e-05 7.1169059083e-05 7.2632908996e-05 7.5708376244e-05 8.0844874901e-05 8.8550528744e-05 9.939638403e-05 0.00011402068048 
0.00013313173258 0.00015750204329 0.00018793738855 0.00022519516642 0.00026982618147 0.00032193673542 0.00038092469913 0.00044531971798 0.00051291479031 
0.00058134290157 0.0006490846863 0.0007166286814 0.00078729219967 0.00086720421677 0.00096421927446 0.0010859410977 0.0012373783393 0.0014188741334 
0.0016248556785 0.0018437321996 0.0020590364002 0.0022516536992 0.0024027561303 0.0024968327489 0.0025241549592 0.0024821027182 0.0023751130793 
0.0022133861203 0.0020108106546 0.0017826926196 0.0015437857946 0.0013069119304 0.0010822255863 0.00087700516451 0.0006957895821 0.00054070778424 
0.00041189644253 0.00030795540079 0.00022640974203 0.00016415181744 0.00011783474474 8.4191902715e-05 6.026439587e-05 4.3533174903e-05 3.1966330425e-05 
2.4001772545e-05 1.8489401555e-05 1.4614796783e-05 1.1820983673e-05 9.738542758e-06 8.1288162619e-06 6.8408053266e-06 5.7803108575e-06 4.8888300626e-06 
4.1296816562e-06 3.4791960388e-06 2.9213051675e-06 2.4443202165e-06 2.039090532e-06 1.6979971633e-06 1.4144461602e-06 1.1826467698e-06 9.9754197436e-07 
8.5481650558e-07 7.5093993246e-07 6.8321241997e-07 6.4980895331e-07 4.7884095693e-05 4.8643898481e-05 5.0143869885e-05 5.2344497817e-05 5.5186090322e-05 
5.8588666434e-05 6.2452323618e-05 6.6658503783e-05 7.1072572609e-05 7.5547599408e-05 7.9929719504e-05 8.4064806288e-05 8.7805987278e-05 9.1021618573e-05 
9.3603142886e-05 9.5472089015e-05 9.658568888e-05 9.694097389e-05 9.6577052318e-05 9.557588055e-05 9.4062052085e-05 9.2202353699e-05 9.0205954621e-05 
8.8326116384e-05 8.6864078185e-05 8.6175525212e-05 8.6679392552e-05 8.8868939201e-05 9.3324233603e-05 0.00010072621808 0.00011187343625 0.00012770327157 
0.00014931935584 0.0001780212624 0.00021531959646 0.00026289722882 0.00032245452167 0.00039537152043 0.00048216761206 0.00058186106617 0.00069150683703 
0.00080632738536 0.00092079967726 0.0010307049379 0.0011355823372 0.0012405484449 0.0013564277906 0.0014977166429 0.0016787800705 0.0019093886949 
0.0021908914205 0.0025140440557 0.0028590285219 0.0031977139879 0.003497779835 0.0037279578391 0.0038633029908 0.0038892840967 0.0038037416525 
0.0036163404584 0.0033458995167 0.0030165049247 0.0026535184588 0.0022803298198 0.0019163137767 0.0015759837115 0.0012690381845 0.0010009119287 
0.00077352195513 0.00058605108643 0.00043568926048 0.00031831214437 0.00022908601386 0.00016298204719 0.00011518374959 8.1373691501e-05 5.7896919316e-05 
4.181408076e-05 3.0869396141e-05 2.3404429157e-05 1.8246864784e-05 1.4597076188e-05 1.1926814295e-05 9.8967557278e-06 8.2939241111e-06 6.9868910941e-06 
5.8951964093e-06 4.9693103392e-06 4.1779662752e-06 3.5004281926e-06 2.9219265798e-06 2.4310641038e-06 2.0184202185e-06 1.6758546053e-06 1.3962059029e-06 
1.1732034864e-06 1.0014837244e-06 8.7664784587e-07 7.9532730979e-07 7.5524212662e-07 5.6780434534e-05 5.7751109125e-05 5.9668069298e-05 6.2482140493e-05 
6.6118780524e-05 7.0477704867e-05 7.5433090387e-05 8.0835052358e-05 8.6512554844e-05 9.2278321972e-05 9.7935575468e-05 0.00010328657663 0.00010814235429 
0.00011233301484 0.00011571783398 0.00011819435895 0.000119705619 0.0001202454514 0.0001198615355 0.00011865683337 0.00011678996088 0.0001144757116 
0.00011198716675 0.00010966041009 0.00010790306987 0.00010720735008 0.00010816738359 0.00011150124919 0.00011807747796 0.00012894785323 0.00014539017866 
0.0001689671044 0.00020160542044 0.00024568859953 0.00030412580236 0.00038031241274 0.00047784243361 0.00059981865343 0.00074769771891 0.00091986119514 
0.0011104816804 0.0013095621252 0.0015049471986 0.0016863908386 0.0018505780026 0.0020049896557 0.0021684479434 0.0023673714604 0.0026285946369 
0.0029709972441 0.0033985048067 0.0038963274565 0.0044312612154 0.0049559534527 0.0054163513705 0.0057609262876 0.0059497631155 0.0059613715857 
0.0057955323718 0.005471650511 0.0050234794617 0.0044920416549 0.003918744158 0.0033401430119 0.0027850416955 0.0022737234831 0.0018186249072 
0.0014256683644 0.0010957209161 0.00082596024731 0.00061106606154 0.00044422564679 0.00031795637915 0.00022475980222 0.00015761362738 0.00011030577298 
7.7616328781e-05 5.5363656429e-05 4.034493395e-05 3.0208102544e-05 2.3292339392e-05 1.8466673282e-05 1.4985981579e-05 1.2373610843e-05 1.0332219972e-05 
8.6798881966e-06 7.3065143624e-06 6.1453065427e-06 5.1548213378e-06 4.3080572141e-06 3.5860598473e-06 2.9743250707e-06 2.4608868898e-06 2.0353811578e-06 
1.6886546064e-06 1.412660481e-06 1.2004942391e-06 1.0464808611e-06 9.4626716418e-07 8.969046803e-07 6.7923363531e-05 6.9168563641e-05 7.1628594014e-05 
7.5242081948e-05 7.9915735114e-05 8.5523592134e-05 9.1907037131e-05 9.88762622e-05 0.0001062140509 0.00011368170817 0.00012102776236 0.00012799879187 
0.00013435198343 0.00013986838167 0.00014436585479 0.00014771053975 0.00014982631546 0.00015070146765 0.00015039280697 0.00014902796829 0.00014680721506 
0.00014400560758 0.00014097878011 0.00013817289437 0.00013614117051 0.00013556810154 0.00013730161299 0.00014239417214 0.00015215450549 0.00016821551253 
0.00019262736896 0.00022799136059 0.0002776448091 0.00034588441486 0.00043815551908 0.00056103256065 0.00072170142084 0.00092661427334 0.0011791586876 
0.001476686215 0.0018080138834 0.0021531602833 0.0024869695771 0.0027869059704 0.0030429249164 0.0032652970403 0.0034861136228 0.0037525896914 
0.0041138515808 0.0046056336723 0.0052377078682 0.0059873983264 0.0068003963679 0.0075984448195 0.0082923779264 0.0087981028482 0.0090522002429 
0.0090233115479 0.0087162582204 0.0081680323929 0.0074376580305 0.0065935272723 0.0057017812505 0.0048181815073 0.0039843111299 0.0032274872065 
0.0025628027506 0.001995768398 0.0015247986885 0.0011433913605 0.00084199057892 0.00060950120678 0.00043443599134 0.00030573247932 0.00021330453455 
0.00014838192146 0.00010367007053 7.335824921e-05 5.3008243412e-05 3.93650771e-05 3.0132252505e-05 2.374759606e-05 1.9183795303e-05 1.5785724827e-05 
1.3146677702e-05 1.1019523299e-05 9.2560767371e-06 7.7674585555e-06 6.4992132138e-06 5.4162596825e-06 4.4941352826e-06 3.7141273879e-06 3.0607170629e-06 
2.5203714813e-06 2.0810600745e-06 1.7321541463e-06 1.4645017927e-06 1.2705628478e-06 1.1445476957e-06 1.0825315258e-06 8.1521779066e-05 8.3115628513e-05 
8.6265630671e-05 9.0895613539e-05 9.6889343695e-05 0.00010408947128 0.00011229705706 0.00012127342779 0.00013074441813 0.00014040799579 0.00014994521916 
0.00015903390886 0.0001673646475 0.00017465758719 0.00018067877681 0.00018525467021 0.00018828373868 0.0001897450129 0.00018970326346 0.00018831292982 
0.00018582207849 0.00018257844204 0.00017904046399 0.00017579647829 0.00017359436606 0.00017338401813 0.00017637414567 0.00018410533085 0.00019854500715 
0.00022221624386 0.00025838203146 0.00031131619471 0.00038668556954 0.0004920240026 0.00063716020668 0.00083426357014 0.0010969436262 0.0014377431944 
0.0018636892783 0.0023705062922 0.002937566489 0.0035269281361 0.0040896600112 0.0045801596716 0.0049746828154 0.0052863671444 0.0055687264539 
0.0059040384367 0.006379862316 0.0070618935861 0.0079719619825 0.0090769082308 0.01029009372 0.011484511197 0.012514879927 0.013244927861 
0.013574247248 0.013457715511 0.012911453843 0.012003861368 0.010836235248 0.0095202932134 0.0081590060145 0.0068345423788 0.0056042536162 
0.0045028873719 0.0035475050099 0.0027419950347 0.0020805578679 0.0015507112257 0.0011361099314 0.0008189441287 0.00058167160023 0.00040808215272 
0.00028386228951 0.00019684547442 0.00013705925085 9.6627234598e-05 6.9560483098e-05 5.1476115914e-05 3.9285201638e-05 3.0888440961e-05 2.4907367333e-05 
2.0465162379e-05 1.7019698134e-05 1.4243492842e-05 1.1941669982e-05 9.9983753898e-06 8.3432032625e-06 6.9309858191e-06 5.73015177e-06 4.7163121053e-06 
3.8689877329e-06 3.1701069929e-06 2.6034640541e-06 2.1546584321e-06 1.8112473299e-06 1.5629605059e-06 1.4019055925e-06 1.3227298723e-06 9.7778407508e-05 
9.9805962236e-05 0.00010381484026 0.00010971128359 0.00011735201406 0.00012654237798 0.00013703561854 0.00014853476023 0.00016069777485 0.00017314708384 
0.00018548296066 0.00019730108033 0.00020821220824 0.00021786337311 0.00022595815244 0.0002322740911 0.00023667704954 0.00023913057521 0.00023970287293 
0.0002385731641 0.00023604014132 0.00023253478867 0.00022863993945 0.0002251228143 0.00022298541444 0.00022353646636 0.00022848744993 0.00024007698812 
0.00026123572025 0.0002958146215 0.00034892099211 0.00042742313235 0.00054067524616 0.00070143450284 0.00092672399478 0.00123802491 0.0016597498907 
0.0022147742566 0.002916386351 0.0037577205803 0.0047023599036 0.0056820707396 0.0066074430943 0.0073929568753 0.0079900017008 0.0084141762927 
0.0087524745613 0.0091439625248 0.009739657864 0.010656177066 0.011938337237 0.013540207408 0.015327034518 0.017096081749 0.018612721935 
0.019656455144 0.020067786798 0.019782638177 0.018841343001 0.017368929461 0.015537573025 0.01352663897 0.011491651647 0.0095477011055 
0.0077678160742 0.0061918720603 0.0048375949264 0.003706925083 0.0027888976038 0.0020626008045 0.0015013226075 0.0010767546482 0.00076203868957 
0.00053336424753 0.00037049956154 0.00025676409132 0.00017877413484 0.00012609855912 9.0864865342e-05 6.7333930929e-05 5.1468810852e-05 4.0529579564e-05 
3.2719981391e-05 2.6900355806e-05 2.2368825739e-05 1.8703720343e-05 1.5655803509e-05 1.3077876247e-05 1.0880792615e-05 9.0071544037e-06 7.4162753663e-06 
6.0760844462e-06 4.9590894378e-06 4.0406448534e-06 3.2984162317e-06 2.7124428925e-06 2.2654262466e-06 1.943071311e-06 1.7343896843e-06 1.6319302176e-06 
0.000116869669 0.00011942688434 0.00012448524649 0.00013193105406 0.00014159003331 0.00015322475519 0.00016653342755 0.00018115197599 0.00019666011212 
0.00021259287314 0.00022845738567 0.00024375430075 0.00025800251751 0.0002707648091 0.00028167286655 0.0002904474386 0.00029691323289 0.00030100811273 
0.00030279016937 0.00030245055677 0.00030033313669 0.00029696000274 0.00029306209763 0.00028962790384 0.00028798345011 0.00028991029831 0.00029780351906 
0.00031487538945 0.00034542568028 0.0003952223633 0.00047207213356 0.00058669567807 0.00075401127106 0.00099478696939 0.0013372413814 0.0018174932338 
0.0024770137388 0.003354952205 0.0044742878526 0.0058237737976 0.0073419124819 0.0089127663523 0.010383120738 0.011603971943 0.012486090884 
0.01304678712 0.013423459604 0.01384291891 0.014556008391 0.015761785209 0.017546154559 0.01984978281 0.022468503565 0.025083437562 
0.027317158878 0.028810516 0.029306614771 0.028715556487 0.027129527181 0.024778574705 0.021955680102 0.018945066258 0.015972955152 
0.01318739634 0.010666613467 0.0084461029619 0.0065433471464 0.004963055253 0.0036926451139 0.0027017267421 0.0019483560463 0.001387508004 
0.00097741640639 0.00068253529025 0.00047401685151 0.00032903492684 0.00022983775125 0.00016287367907 0.00011804118549 8.8026172307e-05 6.7702792876e-05 
5.3600440879e-05 4.3449141231e-05 3.5813231079e-05 2.9812465073e-05 2.492110616e-05 2.0830386347e-05 1.735877413e-05 1.4396117876e-05 1.1870492017e-05 
9.7295205705e-06 7.9305664258e-06 6.43605199e-06 5.2116561164e-06 4.2259398469e-06 3.4506576867e-06 2.8612835195e-06 2.4375444809e-06 2.1638638827e-06 
2.0296870389e-06 0.00013892390416 0.00014211662346 0.00014843526878 0.0001577441144 0.00016983483511 0.00018442276632 0.00020114525978 0.00021956369164 
0.0002391707385 0.00025940459454 0.00027966895141 0.0002993598755 0.00031789587229 0.00033475027885 0.00034948022221 0.00036174835986 0.0003713312617 
0.00037811897346 0.00038211949868 0.00038348857197 0.00038258777931 0.00038003985537 0.00037676404463 0.00037402796443 0.00037356265238 0.00037775203236 
0.0003898893483 0.00041450068238 0.00045776594197 0.00052811315982 0.00063712644624 0.00080097361933 0.0010425522923 0.0013943091035 0.0019010155229 
0.0026205955073 0.0036198324524 0.0049614813179 0.0066814869642 0.0087602138519 0.011097969487 0.013509116136 0.015748305246 0.017574671656 
0.018839471042 0.019561432302 0.019950577989 0.020362285897 0.02119634673 0.022778950632 0.025265861303 0.028588403016 0.032446295023 
0.036344595253 0.039675164968 0.0418433249 0.042423244566 0.041289560497 0.038647837937 0.034930739552 0.03064252995 0.026229554787 
0.02200441435 0.018127087504 0.014641742222 0.011551759206 0.0088786156848 0.0066517535597 0.0048745204695 0.0035108670127 0.0024965747725 
0.0017587107141 0.0012302489486 0.00085640326142 0.00059503834927 0.00041456246981 0.00029147777241 0.00020840506477 0.00015264571994 0.0001151111428 
8.9474371634e-05 7.1470225521e-05 5.8319990785e-05 4.8274276196e-05 4.0266902943e-05 3.3665601222e-05 2.8101556381e-05 2.3358439648e-05 1.930376493e-05 
1.5848587282e-05 1.2925311239e-05 1.0476419448e-05 8.449548659e-06 6.7959081207e-06 5.470373253e-06 4.4322418944e-06 3.6461472064e-06 3.0828803119e-06 
2.7200287605e-06 2.5424267278e-06 0.00016399969172 0.00016794198018 0.00017574858794 0.0001872608118 0.00020223448519 0.00022033519053 0.00024113588734 
0.00026411892031 0.00028868488153 0.00031416947604 0.00033986850758 0.00036507111508 0.0003890991502 0.00041134905769 0.00043132703286 0.00044866319513 
0.0004630885669 0.00047438737238 0.00048238135059 0.00048702509957 0.00048860401148 0.00048788328422 0.00048609802616 0.00048492260976 0.00048659593449 
0.00049422908342 0.00051223288756 0.00054682628252 0.00060666003264 0.00070368626621 0.00085451413179 0.0010826220969 0.0014218002325 0.0019207862206 
0.0026478657965 0.0036921242718 0.0051559130661 0.007133139763 0.0096727879718 0.012736588717 0.016167758033 0.019687339664 0.022931043059 
0.025539759547 0.027287883684 0.028197409585 0.028577713296 0.02896175161 0.029959645122 0.032084900886 0.035608105361 0.040466971695 
0.046236559749 0.052159197628 0.057248834521 0.060494426638 0.061156254262 0.059055451304 0.054653443396 0.048789978027 0.042348388582 
0.036024671048 0.030218487605 0.025026885793 0.020347686484 0.016078401357 0.012271479703 0.0090533606708 0.0064962571487 0.0045726411045 
0.0031831823289 0.0022048882674 0.0015253684251 0.0010565192206 0.00073454424273 0.00051465787692 0.00036547475611 0.00026481845998 0.00019697268726 
0.00015089703084 0.00011899215315 9.6173942438e-05 7.9152094258e-05 6.5870335675e-05 5.5086420616e-05 4.6070956159e-05 3.8401918573e-05 3.183167064e-05 
2.6205389076e-05 2.1414203729e-05 1.7370102796e-05 1.3994090295e-05 1.1211667697e-05 8.9521381597e-06 7.1496033343e-06 5.7445035964e-06 4.6851300795e-06 
3.9288643165e-06 3.4430797768e-06 3.2057366752e-06 0.00019206656725 0.00019687841996 0.00020641330048 0.00022048984829 0.00023882859387 0.00026104581775 
0.00028665046557 0.00031504625804 0.00034554256126 0.00037737484672 0.00040973746218 0.00044182941201 0.00047291317605 0.00050238054246 0.00052979990141 
0.00055489339866 0.00057738967007 0.00059678615071 0.00061224389356 0.00062292191433 0.00062871508999 0.00063074112404 0.00063105422305 0.00063215201953 
0.00063696538564 0.0006493947003 0.00067509547807 0.00072230678052 0.00080274394713 0.00093278137501 0.001135360566 0.0014432920143 0.0019046660746 
0.0025903899223 0.0036017033271 0.0050717075355 0.0071512800641 0.0099709490314 0.013581980951 0.017899610102 0.022679043934 0.027530735359 
0.031962376088 0.035487402231 0.037796583027 0.038921244442 0.039298135787 0.03968988359 0.040987435728 0.043969765306 0.049093291163 
0.056344781071 0.065157391131 0.074393592775 0.0824431777 0.08752926439 0.088279865682 0.084409452975 0.076981022954 0.067680314183 
0.058078255504 0.049248483032 0.041637923568 0.035087011755 0.029057970271 0.023145640269 0.017545711249 0.012689896859 0.0088491523638 
0.0060319080949 0.0040725162253 0.0027514346875 0.0018717643106 0.0012861946598 0.00089460943127 0.00063165888423 0.00045471597696 0.00033541806624 
0.00025451529655 0.00019885921211 0.00015955862182 0.00013073929586 0.00010864126671 9.0942776296e-05 7.6260788774e-05 6.3795385358e-05 5.3088922868e-05 
4.3871426897e-05 3.5967499571e-05 2.9244356483e-05 2.3585627787e-05 1.8880438802e-05 1.5020674255e-05 1.1902139704e-05 9.4272263595e-06 7.5077236943e-06 
6.0672387008e-06 5.0430035117e-06 4.3871109483e-06 4.0672803152e-06 0.00022299175907 0.00022879631433 0.00024030687928 0.00025732218637 0.00027953099925 
0.00030650521512 0.00033769576112 0.00037243546103 0.0004099526268 0.00044939914369 0.00048989907373 0.0005306264502 0.00057092151837 0.0006104297936 
0.0006491880049 0.00068747351179 0.00072521204129 0.00076104194159 0.00079183396883 0.00081386085367 0.0008255536668 0.00082927587209 0.00082981819287 
0.00083198124776 0.00083987304242 0.00085801287787 0.00089304469293 0.00095525069628 0.001059821574 0.0012283384567 0.001491307863 0.0018930048682 
0.0025000334717 0.0034138297196 0.0047833039425 0.0068064108491 0.0097021861002 0.013638515025 0.01862995699 0.02446857281 0.030758105218 
0.037008449435 0.042645167559 0.047090619802 0.049968440086 0.051329363137 0.051759094 0.05229523778 0.054183259606 0.05856724456 
0.066203832626 0.077229842544 0.090967133641 0.1057670638 0.11899997294 0.12744049728 0.12833730876 0.12108468264 0.10824916512 
0.093313276768 0.079069390893 0.067129522562 0.057869341224 0.050455871969 0.043209731579 0.034857600927 0.026165802032 0.018429851159 
0.012387408875 0.0081019969657 0.0052552167326 0.0034333739895 0.0022822378669 0.0015508432407 0.0010790739907 0.00076970050577 0.00056396046421 
0.00042540405411 0.0003306226572 0.00026423149393 0.00021609444229 0.00017964390281 0.00015075101692 0.00012691659504 0.00010668657342 8.9241097157e-05 
7.4119176134e-05 6.1044898757e-05 4.9825805036e-05 4.0299088141e-05 3.2307409128e-05 2.5691626433e-05 2.0291998226e-05 1.5952879039e-05 1.2528166735e-05 
9.8861210063e-06 7.9130886661e-06 6.5160688791e-06 5.6243461586e-06 5.1904075917e-06 0.00025653510238 0.00026345573133 0.00027719142963 0.00029752613045 
0.00032412522705 0.00035652672523 0.00039413763443 0.00043623801321 0.00048200113815 0.00053053878946 0.00058099249145 0.00063270615647 0.00068551674485 
0.00074013503036 0.0007983733085 0.00086260819808 0.00093373778509 0.0010078392224 0.0010742022423 0.0011191464728 0.001135986764 0.0011317038443 
0.0011205924675 0.00111473992 0.001120863948 0.0011431799503 0.0011878443183 0.0012662236113 0.0013967908453 0.0016067781253 0.0019353356911 
0.0024406551383 0.0032139173709 0.0044010085985 0.0062254494987 0.0089908670634 0.013024589978 0.018529636785 0.02538122423 0.033039774746 
0.040793891996 0.048154938966 0.054655395448 0.059756103903 0.063063040376 0.064650394022 0.065250985324 0.066199861467 0.069164700806 
0.075780697167 0.087289534509 0.10419476777 0.12587186694 0.15009865165 0.17266583443 0.18760327995 0.18895250559 0.17483225465 
0.15193651617 0.12757338583 0.10652516782 0.091046251357 0.081225715578 0.074835494161 0.067408852279 0.054954562336 0.040459930897 
0.027490697801 0.017671450973 0.011015140451 0.0068187983707 0.0042812991887 0.0027679523919 0.0018565800274 0.0012937937863 0.00093554344494 
0.00070081080776 0.00054283067584 0.00043338898104 0.00035480898805 0.00029584908043 0.00024943318567 0.00021123989427 0.00017874171317 0.00015052949311 
0.00012584603974 0.00010427896632 8.5572290118e-05 6.9521505793e-05 5.5923628679e-05 4.4560169044e-05 3.5197906982e-05 2.7597507142e-05 2.1524287149e-05 
1.675814201e-05 1.310139578e-05 1.038434857e-05 8.4688299467e-06 7.2502216426e-06 6.6584639171e-06 0.00029235592228 0.00030051384238 0.00031672167825 
0.00034075754229 0.00037227664143 0.00041080219671 0.00045572174713 0.00050629634643 0.00056169589516 0.0006210905849 0.00068385933992 0.00075003673555 
0.00082112336531 0.00090122100664 0.00099777244031 0.0011200155132 0.0012726132991 0.001444584108 0.0016016677255 0.0016975637991 0.0017082444392 
0.0016571294982 0.0015902084997 0.0015422464348 0.001526451204 0.0015434303787 0.0015938653378 0.0016865279758 0.0018414232181 0.0020911674947 
0.0024845253211 0.0030969788786 0.0040541971102 0.0055715767667 0.0079997023568 0.011834820732 0.017611443996 0.025588283315 0.0352791287 
0.045260347426 0.054006151855 0.061454415321 0.067791648209 0.072804577649 0.076145552099 0.077872134745 0.078805543482 0.080553539097 
0.085253544152 0.095185764134 0.11236450076 0.13808137178 0.17223982513 0.21230360866 0.2519440949 0.28022661805 0.28353509307 
0.25424164534 0.21194165945 0.17172577977 0.1408418566 0.12188257277 0.11447833478 0.11429820955 0.11061231792 0.089695103467 
0.06353123486 0.041100166738 0.025095073506 0.014864538796 0.0087710944936 0.0052888672799 0.0033264257945 0.0022067753598 0.0015464535682 
0.0011394951725 0.00087694014655 0.00069985236041 0.00057482143166 0.00048200471792 0.00040933539276 0.00034953083377 0.00029835102032 0.00025346819893 
0.00021369459864 0.00017846065748 0.000147480343 0.00012055508705 9.7474119684e-05 7.7977012552e-05 6.1751983594e-05 4.8451511248e-05 3.771374395e-05 
2.9183085644e-05 2.2527119654e-05 1.7448870494e-05 1.3694871086e-05 1.1059888493e-05 9.3892467703e-06 8.5797200882e-06 0.00033003269345 0.00033954606624 
0.00035846862011 0.00038658635458 0.00042356489575 0.00046894111438 0.0005221220199 0.00058240588987 0.00064905645559 0.00072150951019 0.00079989305232 
0.00088620430324 0.00098656455521 0.0011145259487 0.0012935677078 0.0015533807455 0.0019118759083 0.0023411284201 0.0027391768526 0.0029582360294 
0.0029165565502 0.0026938559022 0.0024359540548 0.0022434140556 0.0021445632447 0.002125704661 0.0021676537581 0.0022660896648 0.0024371440522 
0.0027171478141 0.0031654615887 0.0038799028844 0.0050364751369 0.0069625792094 0.010232003406 0.015711806715 0.024390434846 0.036739468575 
0.051552657038 0.065127067268 0.073380641639 0.078338474035 0.08224760741 0.085680566728 0.088293649256 0.089944332838 0.091369479895 
0.094345271587 0.1014841795 0.11587932706 0.14072167873 0.17881597579 0.23166656494 0.2975987196 0.36848065257 0.4256568253 
0.43809702992 0.37109741569 0.29062360525 0.22454512119 0.18007692695 0.15848322213 0.15943588316 0.17796461284 0.19212086499 
0.14859893918 0.098021745682 0.059387993068 0.034265086055 0.019320147112 0.010925061069 0.0063705299981 0.0039278478362 0.0025987999979 
0.0018468706403 0.0013968242565 0.0011097686365 0.00091437553056 0.0007723691524 0.0006622216315 0.00057153543457 0.00049327861052 0.00042369155562 
0.00036097576958 0.00030441946001 0.00025382035528 0.00020912995387 0.00017025847046 0.00013699363626 0.0001089886282 8.5787818534e-05 6.6867680289e-05 
5.1678875025e-05 3.9682283386e-05 3.0376373616e-05 2.331588621e-05 1.8123215341e-05 1.4494379684e-05 1.2201404388e-05 1.1092708519e-05 0.00036909771734 
0.00038008193951 0.00040195960901 0.00043454303523 0.00047753780382 0.000530535297 0.00059301982401 0.00066441629315 0.00074425368803 0.00083264312707 
0.00093153922353 0.0010476991301 0.0011985618621 0.0014213138493 0.0017809169367 0.0023632145021 0.0032295440324 0.0043201399967 0.0053555946797 
0.0058882203884 0.0056444285437 0.0048937695101 0.0040792650543 0.0034752502106 0.0031376774423 0.0030058273114 0.0030030871276 0.0030860893894 
0.0032539546955 0.0035423736554 0.0040222308598 0.0048203105107 0.0061838352121 0.0086116269231 0.013049460016 0.021054914221 0.034630518407 
0.05512015149 0.080472417176 0.10157098621 0.10490961373 0.10141563416 0.098566234112 0.097959652543 0.098707951605 0.099947571754 
0.10197471827 0.10652317852 0.11661336571 0.13628154993 0.17035646737 0.22419856489 0.30290207267 0.4088023603 0.5354129076 
0.65638208389 0.71452158689 0.53591960669 0.38279211521 0.27897003293 0.21788243949 0.19492514431 0.21223850548 0.27507466078 
0.36415937543 0.24152933061 0.14149345458 0.079024754465 0.043111737818 0.023347631097 0.012823184952 0.0073459232226 0.0045145782642 
0.003026607912 0.0022099311464 0.0017305505462 0.0014250361128 0.0012123881606 0.0010509941494 0.00091866281582 0.00080345798051 0.00069925695425 
0.00060333579313 0.00051487906603 0.00043400289724 0.00036112117232 0.00029657417326 0.00024044878955 0.00019253153005 0.00015234138118 0.00011920084944 
9.2317248345e-05 7.0856978709e-05 5.4005111451e-05 4.1008152039e-05 3.1201656384e-05 2.402589962e-05 1.9032981072e-05 1.5888675989e-05 1.4371591533e-05 
0.0004090834409 0.00042165492778 0.00044673302909 0.00048418188817 0.00053378636949 0.00059524894459 0.00066821248038 0.00075236323755 0.00084777834127 
0.00095596839674 0.0010827135993 0.0012448955094 0.0014845307451 0.0018916707486 0.0026282602921 0.0039216093719 0.0059653678909 0.008671076037 
0.01134667173 0.012702137232 0.01181037724 0.0095919435844 0.0073280455545 0.0056991390884 0.004781389609 0.0043731876649 0.0042512821965 
0.0042765703984 0.0044039068744 0.0046595227905 0.0051263035275 0.0059660184197 0.0075143044814 0.01049555745 0.016390603036 0.027888888493 
0.049054324627 0.084124855697 0.13240972161 0.17477108538 0.15859524906 0.13344456255 0.11671159416 0.10889965296 0.10659821332 
0.10714323819 0.10984648019 0.11610087007 0.12916941941 0.15401633084 0.19740612805 0.26832023263 0.37829208374 0.53995227814 
0.75841104984 1.0142700672 1.3149421215 0.72619456053 0.46077495813 0.31852763891 0.24279294908 0.21782138944 0.25104603171 
0.38849651814 0.81990337372 0.35208687186 0.17388617992 0.090284012258 0.047575540841 0.025347204879 0.013862621039 0.0080063985661 
0.0050319177099 0.0034951628186 0.0026634861715 0.0021768382285 0.0018610884435 0.0016315580579 0.0014462005347 0.0012838557595 0.0011342215585 
0.00099299161229 0.00085921003483 0.0007336398121 0.00061768508749 0.00051270308904 0.00041962065734 0.00033878331305 0.0002699662291 0.00021247682162 
0.00016529719869 0.00012722688552 9.7006282886e-05 7.3410796176e-05 5.5315904319e-05 4.1737002903e-05 3.1850260712e-05 2.5000421374e-05 2.0700988898e-05 
1.8630940758e-05 0.000449580024 0.00046386304894 0.00049240607768 0.00053515878972 0.00059203681303 0.00066292809788 0.00074774370296 0.00084661872825 
0.00096058775671 0.0010936541948 0.0012585344957 0.0014908418525 0.0018792813644 0.0026181205176 0.0040714037605 0.0067895948887 0.011336265132 
0.01772839576 0.024480344728 0.028069989756 0.025216365233 0.019191039726 0.013501315378 0.009610787034 0.0074749169871 0.0065040378831 
0.0061385761946 0.0060360310599 0.0060594025999 0.0062115597539 0.006587643642 0.007386025507 0.0090265739709 0.012453299016 0.019720515236 
0.034934908152 0.065468810499 0.12277337909 0.21889613569 0.33870145679 0.24549713731 0.1726885885 0.13369762897 0.11656170338 
0.11093446612 0.11095276475 0.11447299272 0.12229136378 0.13765919209 0.16616129875 0.21620051563 0.30053040385 0.439445436 
0.66495120525 1.0183427334 1.4631947279 1.0262571573 0.67911958694 0.45760622621 0.3218087256 0.24388043582 0.21118162572 
0.22251813114 0.28159192204 0.36830759048 0.24421168864 0.14329729974 0.080328114331 0.044153977185 0.024277029559 0.013728132471 
0.0082747759297 0.005488011986 0.0040456335992 0.0032618986443 0.0027944652829 0.0024764537811 0.0022274248768 0.0020089962054 0.001803536783 
0.0016040595947 0.0014092696365 0.0012208820553 0.0010419456521 0.0008757035248 0.0007248496986 0.00059113255702 0.00047524427646 0.00037691363832 
0.00029511316097 0.00022830575472 0.00017468018632 0.00013234603102 9.9477954791e-05 7.441197522e-05 5.5701730162e-05 4.2145216867e-05 3.2792169804e-05 
2.6940604585e-05 2.4129072699e-05 0.000490297738 0.00050643488066 0.00053874898003 0.00058731721947 0.00065225246362 0.00073372322368 0.00083204661496 
0.00094803550746 0.0010841705371 0.0012482381426 0.0014636183623 0.0017953194911 0.0024075645488 0.0036708952393 0.0063152736984 0.011544710957 
0.020849542692 0.034990020096 0.0515351668 0.061592496932 0.052687685937 0.037281516939 0.02424319461 0.015969999135 0.011650042608 
0.0097302338108 0.0089667877182 0.0086441263556 0.0084682907909 0.0084049887955 0.0085656838492 0.0091826124117 0.010721245781 0.014220360667 
0.022007727996 0.039036724716 0.075452305377 0.15269063413 0.32547950745 0.78861606121 0.3507232368 0.20010468364 0.14048181474 
0.11739154905 0.11052173376 0.11106187105 0.11572294682 0.12472814322 0.14104484022 0.17021033168 0.22091375291 0.30721905828 
0.45521107316 0.72638773918 1.3223528862 1.0296742916 0.78089207411 0.56698507071 0.40675359964 0.2961280942 0.22540010512 
0.18753738701 0.17809666693 0.18992896378 0.19981363416 0.1536321044 0.10146050155 0.061925705522 0.036344904453 0.021218912676 
0.012808958068 0.0083302566782 0.006000102032 0.0047801444307 0.0041048731655 0.0036813011393 0.003364127595 0.0030850970652 0.0028149066493 
0.0025432903785 0.002269086428 0.0019955432508 0.0017280040774 0.0014724811772 0.001234580297 0.0010187190492 0.00082769448636 0.00066260644235 
0.00052304950077 0.00040746171726 0.00031352054793 0.00023850909201 0.0001796137949 0.00013413946726 9.9648183095e-05 7.4036317528e-05 5.5567612435e-05 
4.2877683882e-05 3.4963701182e-05 3.1168932765e-05 0.0005311286659 0.00054929539328 0.00058575801086 0.00064077432035 0.00071473780554 0.0008082142449 
0.00092208746355 0.0010580843082 0.0012205466628 0.0014219983714 0.0016991376178 0.0021542876493 0.0030506663024 0.0050021423958 0.0092864315957 
0.018222399056 0.035287600011 0.064007148147 0.10319835693 0.13397428393 0.1049643755 0.067510440946 0.040463708341 0.024994725361 
0.017485531047 0.014321608469 0.013071823865 0.01245071087 0.0119527895 0.011510960758 0.011273019947 0.011510156095 0.012681039982 
0.0157127399 0.022586390376 0.0372893475 0.067041344941 0.12312940508 0.21748565137 0.33503258228 0.23943978548 0.16474895179 
0.12502259016 0.10861294717 0.10500944406 0.10778250545 0.11401666701 0.12371423095 0.13937094808 0.16569660604 0.20958688855 
0.2804403007 0.39031451941 0.54955965281 0.7353014946 0.68442702293 0.56914365292 0.44511625171 0.33810064197 0.25528141856 
0.19624836743 0.15848147869 0.13847632706 0.12994004786 0.1208357811 0.096520990133 0.068326100707 0.04476954788 0.028227256611 
0.01783340238 0.011804887094 0.0085124047473 0.0067850039341 0.0058809742332 0.0053666713648 0.0050053172745 0.0046797585674 0.0043422142044 
0.0039811539464 0.0036005999427 0.003209417453 0.0028173080646 0.0024338839576 0.0020683235489 0.0017287458759 0.0014214448165 0.0011503526475 
0.00091692560818 0.00072042288957 0.00055842346046 0.00042741920333 0.0003233620082 0.00024210228003 0.00017970087356 0.00013262352149 9.7843898402e-05 
7.2881295637e-05 5.5798176618e-05 4.5177588618e-05 4.0095092118e-05 0.00057220138842 0.00059262476861 0.00063372217119 0.00069599924609 0.00078023283277 
0.00088752759621 0.0010195116047 0.0011790213175 0.0013724029996 0.0016167928698 0.0019612791948 0.0025428109802 0.0037189444993 0.0063483319245 
0.012312721461 0.025361260399 0.052248097956 0.10362999886 0.19098047912 0.29941567779 0.19357989728 0.10870859027 0.059635888785 
0.035187926143 0.024412978441 0.020266395062 0.018715493381 0.017815710977 0.016870567575 0.015836264938 0.0149534503 0.014567838982 
0.015121293254 0.017326189205 0.022531468421 0.033189363778 0.05303774029 0.085937589407 0.13090218604 0.16886237264 0.14793455601 
0.1190110147 0.1008233279 0.094512999058 0.096296660602 0.10232105851 0.11034313589 0.12024732679 0.13399097323 0.15521228313 
0.18863767385 0.23915304244 0.30967453122 0.39525040984 0.46829244494 0.46171799302 0.40856349468 0.33846080303 0.26949909329 
0.21026280522 0.16371533275 0.12996919453 0.10733924806 0.092211104929 0.079029820859 0.062952637672 0.046317629516 0.032214846462 
0.021933900192 0.015257386491 0.011321035214 0.0092000477016 0.0081508718431 0.0076487511396 0.0073526287451 0.0070645059459 0.0066957832314 
0.0062324642204 0.0056984671392 0.0051264460199 0.0045430869795 0.0039668190293 0.0034109002445 0.0028863248881 0.0024026641622 0.0019674720243 
0.0015854403609 0.0012580347247 0.00098374136724 0.0007587405853 0.00057773478329 0.00043473043479 0.00032366241794 0.00023883202812 0.00017517192464 
0.00012837756367 9.4945557066e-05 7.2156522947e-05 5.8031866502e-05 5.1285653171e-05 0.00061392283533 0.0006369019975 0.0006832734216 0.00075387320248 
0.00084998930106 0.00097343657399 0.001126787276 0.0013141355012 0.0015436358517 0.0018355174689 0.0022454634309 0.0029268625658 0.0042808232829 
0.0072826743126 0.014130335301 0.029470978305 0.062875807285 0.13501383364 0.30004444718 0.75297212601 0.30354133248 0.14136068523 
0.071494221687 0.042074635625 0.030651723966 0.027033384889 0.025906607509 0.024969123304 0.023509908468 0.021642984822 0.019814692438 
0.018525566906 0.01825065352 0.01952069439 0.023117600009 0.030252043158 0.042403131723 0.060257870704 0.081187002361 0.096058793366 
0.092431552708 0.083302624524 0.078268580139 0.079936727881 0.086813680828 0.09615457058 0.10588621348 0.11561483145 0.12677848339 
0.14214633405 0.16492141783 0.19749501348 0.23954330385 0.28497281671 0.31846871972 0.31921318173 0.29327815771 0.25303801894 
0.20890685916 0.1674952209 0.1322273761 0.10432808846 0.083437390625 0.067901059985 0.055247988552 0.043507538736 0.032878182828 
0.024224853143 0.017977725714 0.013987224549 0.01177902706 0.010800721124 0.010544886813 0.010586634278 0.010601622052 0.010391240008 
0.0098944492638 0.0091595631093 0.0082844495773 0.0073608355597 0.0064483564347 0.0055765933357 0.0047585410066 0.004001878202 0.0033136517741 
0.0027001970448 0.0021655019373 0.0017100289697 0.0013305952307 0.0010210733162 0.00077345559839 0.00057891377946 0.00042865634896 0.00031452110852 
0.000229322206 0.00016700783453 0.00012268954015 9.2597161711e-05 7.4002047768e-05 6.5137704951e-05 0.0006570002879 0.00068292993819 0.0007354147383 
0.00081572425552 0.00092581601348 0.0010684292065 0.0012473273091 0.0014680371387 0.0017402210506 0.0020850617439 0.002556621097 0.0032981215045 
0.0046753985807 0.0075586321764 0.013846337795 0.027312349528 0.054745666683 0.10684482753 0.19510120153 0.30447137356 0.19873267412 
0.11118923128 0.058423642069 0.03890081495 0.033415265381 0.033778939396 0.034398332238 0.033817861229 0.031905386597 0.029007792473 
0.025920556858 0.023424077779 0.022120183334 0.022461932153 0.024863520637 0.02975972183 0.037421233952 0.047347996384 0.05738504231 
0.063587963581 0.063119225204 0.060726527125 0.061596848071 0.067817918956 0.078323550522 0.090406663716 0.10157345235 0.11089051515 
0.11931242049 0.12907901406 0.14264340699 0.16147017479 0.18477965891 0.2083748579 0.22449171543 0.22525408864 0.21116606891 
0.18711329997 0.15858875215 0.12994879484 0.10401966423 0.082242555916 0.064921110868 0.051481615752 0.040863554925 0.032142508775 
0.025067124516 0.019725156948 0.016147149727 0.014180975035 0.013534783386 0.0138362078 0.014655483887 0.015528610907 0.016031870618 
0.015898795798 0.015098140575 0.013800763525 0.012257957831 0.010682054795 0.0091943936422 0.0078377956524 0.0066141965799 0.0055151758716 
0.0045354370959 0.0036739213392 0.0029302835464 0.0023016964551 0.0017815759638 0.0013599606464 0.0010247181635 0.00076289556455 0.00056184263667 
0.00040997841279 0.00029722231557 0.00021516517154 0.00015706931299 0.00011777390318 9.3564223789e-05 8.2045255112e-05 0.0007024439401 0.00073183717905 
0.00079152354738 0.00088333251188 0.0010100884829 0.0011757264147 0.0013855360448 0.0016467992682 0.0019707051106 0.0023781261407 0.0029159861151 
0.0036994291004 0.0050084507093 0.0074800639413 0.012425349094 0.022211905569 0.040385086089 0.0705447644 0.11148665845 0.14366056025 
0.11264321953 0.064449816942 0.027532441542 0.024244071916 0.031111974269 0.041922844946 0.04638049379 0.044264994562 0.041677795351 
0.037653423846 0.033068727702 0.02909133397 0.02656263113 0.025972785428 0.027559744194 0.031349055469 0.037017583847 0.043580081314 
0.049205739051 0.051833514124 0.051034286618 0.049786478281 0.051944546402 0.059551671147 0.071782395244 0.085642598569 0.097838580608 
0.10663127154 0.11248307675 0.11737880856 0.12357051671 0.13241909444 0.14357990026 0.15465387702 0.16168482602 0.16107046604 
0.15225155652 0.13706922531 0.11830368638 0.098614118993 0.080028355122 0.063796460629 0.050432167947 0.039861090481 0.031663183123 
0.025382820517 0.020760556683 0.017694506794 0.01612255536 0.015952331945 0.017021020874 0.019035732374 0.021505512297 0.023750361055 
0.025067927316 0.025011852384 0.023588180542 0.021203227341 0.018409857526 0.015654671937 0.013172095641 0.011019365862 0.0091647729278 
0.0075580887496 0.0061620767228 0.0049559073523 0.003927661106 0.0030667940155 0.0023602109868 0.0017916047946 0.001342552132 0.00099410430994 
0.00072817504406 0.00052847823827 0.00038102053804 0.00027425336884 0.00019900567713 0.00014830453438 0.00011716027075 0.00010236963863 0.00075155030936 
0.00078506115824 0.00085333210882 0.00095890765078 0.0011057216907 0.0012992473785 0.0015467505436 0.0018578191521 0.0022457554005 0.0027315223124 
0.0033545622136 0.0041998303495 0.0054572778754 0.0075323390774 0.011204454117 0.017748856917 0.028752906248 0.04507298395 0.064163081348 
0.075751185417 0.061956986785 0.02928554453 0.0095048202202 0.010578274727 0.028097461909 0.062773555517 0.09421338886 0.060316573828 
0.052426252514 0.046888995916 0.04071469605 0.035103492439 0.031208276749 0.029650786892 0.030631490052 0.034007254988 0.039208382368 
0.045047476888 0.04973070696 0.051553610712 0.050321795046 0.048331554979 0.049204889685 0.055636748672 0.067576669157 0.081987306476 
0.094668790698 0.10286671668 0.10648853332 0.1074071601 0.10796260089 0.1097394675 0.11295983195 0.11644544452 0.11813150346 
0.11610931158 0.10971025378 0.099539786577 0.086952261627 0.073487646878 0.060481749475 0.048870641738 0.039147119969 0.031424313784 
0.025571629405 0.021381882951 0.018703030422 0.017477229238 0.017725193873 0.019500201568 0.02278592065 0.027318833396 0.032404966652 
0.036910355091 0.039584297687 0.039622228593 0.037076670676 0.032770968974 0.02780123055 0.023034514859 0.018902011216 0.015476183034 
0.012653533369 0.010299089365 0.0083109876141 0.0066279112361 0.0052141426131 0.0040439460427 0.0030925723258 0.0023333900608 0.0017384201055 
0.0012800224358 0.0009324948187 0.00067312840838 0.00048269916442 0.00034553193836 0.00024930169457 0.00018471243675 0.00014515411749 0.00012640263594 
0.00080587388948 0.0008443192346 0.00092289835447 0.001045055571 0.0012161276536 0.001443544752 0.0017371228896 0.0021095350385 0.0025773018133 
0.003163266927 0.0039029906038 0.0048601194285 0.0061588087119 0.0080401785672 0.010932964273 0.015478688292 0.022363664582 0.031736396253 
0.042092852294 0.049045037478 0.045703910291 0.029471244663 0.011886790395 0.0078829713166 0.02928875573 0.12363368273 0.42441928387 
0.10542824864 0.06494051218 0.055828195065 0.048034001142 0.040826350451 0.035551335663 0.033009029925 0.033444274217 0.036688040942 
0.042131308466 0.048569854349 0.054183863103 0.05706807971 0.056424900889 0.053672142327 0.052241243422 0.055808532983 0.06570764631 
0.07936989516 0.091848105192 0.099312841892 0.10106345266 0.098894931376 0.095322757959 0.092214331031 0.090250276029 0.089001730084 
0.087375089526 0.084248274565 0.079031899571 0.071820221841 0.063221924007 0.054077513516 0.04520598799 0.037242181599 0.030573155731 
0.025356389582 0.021593654528 0.019230846316 0.018252031878 0.018743010238 0.020914969966 0.025056157261 0.031350851059 0.039544392377 
0.048589218408 0.056599982083 0.061416737735 0.061623971909 0.057318557054 0.04998037219 0.041579782963 0.033664632589 0.026983119547 
0.021627785638 0.017373187467 0.013941867277 0.011122940108 0.0087860357016 0.0068542947993 0.0052757775411 0.0040063280612 0.0030030023772 
0.0022234781645 0.0016276078532 0.0011790998979 0.00084656116087 0.00060385838151 0.00042996846605 0.00030854230863 0.00022735717357 0.00017778096662 
0.00015432439977 0.00086720392574 0.00091158808209 0.0010025881929 0.0011447649449 0.0013451996492 0.0016137737548 0.0019635397475 0.0024112202227 
0.0029779942706 0.0036910693161 0.0045872563496 0.0057210554369 0.0071809734218 0.0091164652258 0.01176834479 0.015470932238 0.020558809862 
0.027100004256 0.034460306168 0.040895447135 0.043466743082 0.038764376193 0.0263452176 0.013751457445 0.02554314211 0.2644418478 
0.12489766628 0.084131240845 0.071409188211 0.063013114035 0.054108340293 0.045559164137 0.039061449468 0.035597424954 0.03548418358 
0.038594927639 0.04439426586 0.051796946675 0.059046339244 0.063981756568 0.064981535077 0.062307137996 0.058848544955 0.059086538851 
0.065941557288 0.077755250037 0.089220680296 0.095640957355 0.095767728984 0.091298788786 0.084872886539 0.078556075692 0.073320068419 
0.069166779518 0.065519087017 0.061665870249 0.057116921991 0.051753353328 0.045791659504 0.039647728205 0.033784877509 0.028599204496 
0.024363350123 0.021226203069 0.019255414605 0.018506927416 0.019107522443 0.021334689111 0.025661896914 0.032694023103 0.042883403599 
0.05598571524 0.070466399193 0.083390489221 0.091302238405 0.091880723834 0.085230492055 0.073719620705 0.060542646796 0.04821844399 
0.037958037108 0.029894663021 0.023638248444 0.018713677302 0.014756595716 0.011537380517 0.0089181214571 0.0068067070097 0.0051289065741 
0.0038169724867 0.0028074716683 0.0020424919203 0.0014711805852 0.001050547231 0.00074545759708 0.00052806711756 0.00037698145024 0.00027635891456 
0.00021509350336 0.00018615968293 0.00093757326249 0.00098912289832 0.001095116022 0.0012614739826 0.0014974067453 0.0018157998566 0.0022337164264 
0.0027730190195 0.0034611714073 0.0043324208818 0.0054299230687 0.006809941493 0.0085497628897 0.010760216042 0.013599150814 0.017271565273 
0.021988529712 0.027855638415 0.034690584987 0.041805483401 0.047736100852 0.049916330725 0.045526571572 0.03594493866 0.030801968649 
0.049225836992 0.067636333406 0.073402389884 0.072903819382 0.067316755652 0.058196231723 0.048738978803 0.041322082281 0.037100624293 
0.036445382982 0.039283499122 0.04519078508 0.053270228207 0.061948549002 0.068994440138 0.07216552645 0.070619925857 0.066383838654 
0.064135722816 0.06794873625 0.077199682593 0.086769111454 0.091620460153 0.090193115175 0.084058433771 0.075833782554 0.067621558905 
0.06051209569 0.054727610201 0.04996965453 0.045760411769 0.041695930064 0.037574049085 0.033407207578 0.029361415654 0.025670265779 
0.022561458871 0.020215844736 0.018763398752 0.018312560394 0.019008722156 0.021118544042 0.025127846748 0.031805634499 0.04211961478 
0.05683767423 0.075743585825 0.09675527364 0.11571341753 0.12760397792 0.1289575994 0.11978987604 0.10345216095 0.084576882422 
0.066867180169 0.052134878933 0.040610104799 0.031742848456 0.024844262749 0.019376531243 0.014992142096 0.011475356296 0.0086786905304 
0.0064843748696 0.0047884443775 0.0034971896093 0.0025279312395 0.0018101258902 0.001285544131 0.00090752617689 0.00063968531322 0.00045442581177 
0.00033152333344 0.00025691039627 0.00022173693287 0.0010193341877 0.0010795631679 0.0012037084671 0.0013993160101 0.0016781336162 0.0020566291641 
0.0025566811673 0.0032064362895 0.0040413383394 0.0051053739153 0.0064527066424 0.0081501360983 0.010280979797 0.012950650416 0.016292238608 
0.020465848967 0.025639858097 0.031940501183 0.039360031486 0.047607004642 0.055840987712 0.062282983214 0.064319074154 0.06068303436 
0.055094171315 0.055497374386 0.067342631519 0.07561763376 0.076655268669 0.07039886713 0.060324769467 0.050143033266 0.042147308588 
0.037401776761 0.036252744496 0.038657281548 0.044290497899 0.052450258285 0.061827786267 0.070365808904 0.075625799596 0.076040811837 
0.072663724422 0.069596201181 0.071156211197 0.077537246048 0.084384605289 0.087053380907 0.084031276405 0.076736517251 0.067576512694 
0.058501262218 0.050566505641 0.044076189399 0.038880426437 0.034643497318 0.031033592299 0.027826685458 0.024935450405 0.022386496887 
0.020274912938 0.018720854074 0.017843838781 0.01776156202 0.018615530804 0.020627126098 0.024187643081 0.029972570017 0.039021842182 
0.052639547735 0.071896135807 0.096626080573 0.1242691353 0.14953228831 0.16588950157 0.16866159439 0.15761010349 0.13688211143 
0.11243212223 0.089142993093 0.069509997964 0.053975444287 0.041931580752 0.032544340938 0.025136444718 0.019250603393 0.014585735276 
0.010924290866 0.0080886865035 0.0059240274131 0.0042944331653 0.0030835296493 0.0021947321948 0.0015502135502 0.0010888720863 0.000763859367 
0.00054013030604 0.00039227824891 0.00030277491896 0.00026065678685 0.0011153529631 0.0011861870298 0.0013324772008 0.0015636718599 0.0018944611074 
0.002345438581 0.0029440289363 0.0037257128861 0.0047355317511 0.0060298433527 0.0076782479882 0.0097656706348 0.012394560501 0.015686936677 
0.01978495717 0.024846339598 0.031027719378 0.038446631283 0.047111190856 0.056800462306 0.066867105663 0.075982674956 0.082130365074 
0.083608195186 0.081260733306 0.079581141472 0.082664109766 0.084454268217 0.080626271665 0.071586892009 0.060377690941 0.049812972546 
0.041610848159 0.036593332887 0.035031821579 0.036886569113 0.041901301593 0.049538068473 0.058774463832 0.067907184362 0.07471113652 
0.077379949391 0.076110526919 0.073842301965 0.074212610722 0.077824495733 0.081492111087 0.081611335278 0.077055923641 0.069070488214 
0.059687197208 0.050549391657 0.04256818071 0.036044925451 0.03090729937 0.02691343613 0.023794073611 0.021334920079 0.019408859313 
0.017972609028 0.017045574263 0.016687043011 0.016983242705 0.018051160499 0.020064195618 0.023306744173 0.028265254572 0.035748586059 
0.046976264566 0.063471764326 0.086511984468 0.11599515378 0.14909535646 0.17979936302 0.20051760972 0.20556636155 0.19423831999 
0.17093908787 0.1423881948 0.11433930695 0.089974604547 0.070144690573 0.054418250918 0.041995190084 0.032160077244 0.024384859949 
0.018284767866 0.01355671417 0.0099431853741 0.0072197597474 0.0051935915835 0.0037038226146 0.0026203934103 0.0018409658223 0.0012868288904 
0.00089866528288 0.00063272286206 0.00045763215167 0.00035193166696 0.00030227593379 0.0012293653563 0.0013133750763 0.0014871088788 0.0017622030573 
0.0021566583309 0.0026956074871 0.0034125018865 0.0043508373201 0.0055664642714 0.0071304170415 0.0091320173815 0.011681813747 0.014913771302 
0.018985794857 0.02407672815 0.030375888571 0.038057930768 0.047232113779 0.057853236794 0.069584466517 0.081620745361 0.09255002439 
0.10048881918 0.10386186093 0.10275411606 0.099368862808 0.095999412239 0.090705007315 0.081924378872 0.070571787655 0.058709442616 
0.048146523535 0.040032092482 0.034937806427 0.033042773604 0.034289628267 0.03845943138 0.045133762062 0.0535450764 0.062400195748 
0.069918930531 0.074434161186 0.075559273362 0.074925377965 0.074977017939 0.076339177787 0.077058367431 0.074850328267 0.069138631225 
0.060986477882 0.051975030452 0.043373193592 0.035899870098 0.029814623296 0.025087062269 0.021543627605 0.018971771002 0.017183976248 
0.016048336402 0.015494927764 0.015509185381 0.016123007983 0.017411913723 0.019504291937 0.022607849911 0.027059074491 0.03340318054 
0.042502108961 0.055617026985 0.074308641255 0.09990311414 0.13236379623 0.1689029038 0.20342044532 0.22800211608 0.23637482524 
0.22712315619 0.2040990144 0.1738640666 0.14249043167 0.11382885277 0.089446760714 0.069452807307 0.053347438574 0.040518283844 
0.030414626002 0.022564964369 0.016557175666 0.012026787736 0.0086565660313 0.0061791324988 0.0043769394979 0.003078417154 0.0021516240668 
0.001497099176 0.0010411521653 0.00073017983232 0.00052616960602 0.00040332967183 0.00034571374999 0.00136652519 0.0014673351543 0.0016759568825 
0.0020065298304 0.002480680123 0.0031282505952 0.0039886757731 0.0051133129746 0.0065689715557 0.0084426505491 0.010847075842 0.013926162384 
0.01785912551 0.022861694917 0.029181841761 0.03708480671 0.046817220747 0.058532979339 0.072157628834 0.08717250824 0.10233993828 
0.11552015692 0.12398931384 0.12581521273 0.12176410854 0.11404102296 0.10461825132 0.09366144985 0.081271030009 0.068357668817 
0.056170325726 0.04577485472 0.037866219878 0.032783128321 0.030599828809 0.031223062426 0.034445136786 0.039923597127 0.047083701938 
0.054991088808 0.062339782715 0.067782349885 0.070655405521 0.071544192731 0.071722701192 0.071621790528 0.070268668234 0.066543020308 
0.060361109674 0.052608564496 0.044444750994 0.036791455001 0.030186634511 0.024842385203 0.020755393431 0.01780674234 0.01583648473 
0.014692857862 0.014259551652 0.014466841705 0.015293706208 0.016768021509 0.018971405923 0.022054761648 0.026267474517 0.031997583807 
0.039822116494 0.050577443093 0.06542070955 0.085757426918 0.1128057614 0.14661028981 0.18474043906 0.22165067494 0.24985027313 
0.26289722323 0.25838780403 0.23868259788 0.2090973258 0.17541833222 0.14232181013 0.11260064691 0.087368391454 0.066700637341 
0.050192654133 0.037275347859 0.027353487909 0.019861070439 0.01428816095 0.01019612886 0.0072235763073 0.0050836987793 0.0035556710791 
0.0024733243044 0.0017137606628 0.0011873824988 0.00082987215137 0.00059609324671 0.00045565937762 0.0003898855648 0.0015341112157 0.0016570657026 
0.0019115543691 0.0023146567401 0.0028919319157 0.0036777756177 0.0047166869044 0.0060661626048 0.0078019229695 0.010025774129 0.012875572778 
0.01653576456 0.021246233955 0.027307262644 0.035077981651 0.04496281594 0.05737246573 0.072631560266 0.090787254274 0.1112543121 
0.13225367665 0.15018738806 0.15975308418 0.15686222911 0.14514321089 0.12939581275 0.11271445453 0.096294082701 0.080631449819 
0.066227674484 0.05363227427 0.043310537934 0.03555405885 0.03046609275 0.027999291196 0.028007207438 0.030273539945 0.034497592598 
0.0402331613 0.046807341278 0.053297393024 0.058691870421 0.062285415828 0.064043201506 0.064417675138 0.063614927232 0.061269182712 
0.057028207928 0.05111271143 0.044241588563 0.037243269384 0.030773233622 0.025230877101 0.020791692659 0.017474370077 0.01520635467 
0.013876696117 0.013373843394 0.013609709218 0.014533240348 0.016137113795 0.01846171543 0.021603889763 0.025742197409 0.031181087717 
0.038384851068 0.047967076302 0.060683038086 0.07745206356 0.099348157644 0.12737222016 0.1617410481 0.20069900155 0.23975278437 
0.27234664559 0.29208216071 0.29517257214 0.28146135807 0.25380921364 0.2171677351 0.17781095207 0.14070208371 0.1085030809 
0.082022361457 0.061014458537 0.044779088348 0.032489724457 0.023346271366 0.016640206799 0.011778663844 0.0082868365571 0.0057976180688 
0.0040348218754 0.0027947889175 0.0019294990925 0.0013326114276 0.0009286973509 0.00066531955963 0.00050742476014 0.00043356325477 0.0017422504025 
0.0018954096595 0.0022124075331 0.0027140493039 0.0034303688444 0.0043998900801 0.0056700319983 0.0073001170531 0.0093686515465 0.011986042373 
0.015312277712 0.019576752558 0.025095948949 0.032285664231 0.041667047888 0.053864818066 0.069585964084 0.089538991451 0.11422433704 
0.14344425499 0.17525875568 0.20407769084 0.21857529879 0.20572824776 0.17923790216 0.1502649188 0.12368632108 0.10071519762 
0.081245034933 0.064959295094 0.051640372723 0.041160803288 0.033408671618 0.028240019456 0.025470919907 0.024888096377 0.026253020391 
0.02928408049 0.033615075052 0.038744807243 0.044017359614 0.048695329577 0.052157208323 0.054109167308 0.054570257664 0.053589858115 
0.051095400006 0.047115977854 0.041987266392 0.03627705574 0.030579498038 0.025367412716 0.020945325494 0.017464989796 0.014964720234 
0.013412222266 0.01274233032 0.012887083925 0.013798286207 0.015462873504 0.017909023911 0.02120219171 0.025445468724 0.030822677538 
0.037703547627 0.046709805727 0.058567795902 0.073931775987 0.093325853348 0.1172548309 0.14639601111 0.18140333891 0.22162859142 
0.26403689384 0.30327934027 0.33298620582 0.34742555022 0.34258621931 0.31699746847 0.27378430963 0.22338958085 0.17485223711 
0.13292755187 0.098983563483 0.072578579187 0.05257492885 0.037709791213 0.026828775182 0.018960183486 0.013324439526 0.0093179065734 
0.0064863185398 0.004495382309 0.0031030613463 0.0021361089312 0.0014716201695 0.0010232985951 0.00073162553599 0.00055704812985 0.00047546130372 
0.0020043528639 0.0021998486482 0.0026046475396 0.0032449276187 0.0041565941647 0.0053821136244 0.0069683883339 0.0089683933184 0.011450266466 
0.014517175034 0.018338331953 0.02318588458 0.029467761517 0.037749055773 0.048765920103 0.063447587192 0.082952782512 0.1086525768 
0.1420275569 0.18427018821 0.23497885466 0.28813496232 0.32124647498 0.28311234713 0.2278226167 0.17792110145 0.13800998032 
0.10708997399 0.083182170987 0.0646359846 0.050312824547 0.039462894201 0.031570062041 0.026243049651 0.023157248273 0.022026600316 
0.022583283484 0.0245521795 0.027617162094 0.031387247145 0.035381849855 0.039063725621 0.041935250163 0.043656308204 0.044082056731 
0.043184738606 0.040996942669 0.037676852196 0.033554077148 0.029065148905 0.024643201381 0.020639402792 0.017294541001 0.01474528946 
0.013047276996 0.012203660794 0.012193742208 0.013000302017 0.014635466039 0.01715958491 0.020676823333 0.025291591883 0.031056294218 
0.038037203252 0.046625591815 0.057824831456 0.072728767991 0.091943912208 0.11532579362 0.14224487543 0.17267504334 0.20837889612 
0.25065633655 0.2984957993 0.34806749225 0.393101722 0.42537122965 0.43497821689 0.41192042828 0.35317268968 0.28206431866 
0.21538567543 0.15996217728 0.11672192812 0.084151335061 0.06012506783 0.042648680508 0.03007176891 0.021098613739 0.014740596525 
0.01025954634 0.0071145966649 0.0049156630412 0.003384726122 0.0023252484389 0.0015991821419 0.0011103553697 0.00079283490777 0.00060299778124 
0.00051433802582 0.0023367546964 0.002592420904 0.0031227208674 0.0039627091028 0.0051578381099 0.0067560868338 0.00879997015 0.011323031969 
0.014358410612 0.017968345433 0.022298818454 0.027650140226 0.034537523985 0.04371477291 0.056171499193 0.073185652494 0.096519842744 
0.12845940888 0.17199911177 0.23112255335 0.31094992161 0.41508325934 0.5222209692 0.39966511726 0.28836137056 0.20858471096 
0.15305283666 0.11383554339 0.085541270673 0.064772024751 0.049411259592 0.038121066988 0.030022632331 0.024505091831 0.021116988733 
0.019504433498 0.019370466471 0.02044130303 0.022434696555 0.025033555925 0.02787399292 0.030560305342 0.032713383436 0.034036654979 
0.034358303994 0.033626195043 0.031892977655 0.029325447977 0.026195900515 0.022832034156 0.019553899765 0.01662889123 0.014252978377 
0.012552444823 0.011597979814 0.011425430886 0.012061792426 0.013558710925 0.016033431515 0.019699545577 0.024835571647 0.031625039876 
0.039907984436 0.049201533198 0.059602286667 0.073134951293 0.091986216605 0.11699470133 0.1468821317 0.17839936912 0.20916207135 
0.24397790432 0.28789415956 0.3429017663 0.40742996335 0.47616332769 0.53869777918 0.57678878307 0.56247895956 0.46538379788 
0.35501661897 0.26048675179 0.18748001754 0.13358531892 0.094616681337 0.066722013056 0.046872060746 0.032813128084 0.022898670286 
0.015933614224 0.011055928655 0.0076489700004 0.0052754478529 0.0036274765152 0.0024893581867 0.0017106058076 0.0011869090376 0.0008470195462 
0.00064392195782 0.00054910010658 0.0027569006197 0.003097878769 0.003807815956 0.0049377568066 0.006551457569 0.0087093561888 0.011448614299 
0.014765840024 0.018617099151 0.022957477719 0.027839289978 0.033558096737 0.040775183588 0.050502799451 0.063950270414 0.082595191896 
0.10903353244 0.14658483863 0.19976094365 0.27552649379 0.3873462081 0.57549589872 1.0190966129 0.54008072615 0.34011492133 
0.23126880825 0.16348788142 0.11829222739 0.086918920279 0.064596667886 0.048508547246 0.036905091256 0.028651926666 0.022980200127 
0.019344672561 0.017340090126 0.016647443175 0.016994647682 0.018125284463 0.019775461406 0.021662710235 0.023492097855 0.024981714785 
0.025900382549 0.02610023506 0.025529908016 0.024233935401 0.022347563878 0.020077120513 0.017664082348 0.015346581116 0.013331538998 
0.011781726964 0.01081579458 0.010518041439 0.010957106948 0.012218264863 0.014459148049 0.017992071807 0.023355459794 0.031246928498 
0.042102914304 0.05525367707 0.06841070205 0.079874403775 0.094704203308 0.1180517301 0.15189395845 0.19342318177 0.23334749043 
0.25998201966 0.28816765547 0.33028995991 0.39244818687 0.47658786178 0.58100950718 0.69657987356 0.79702484608 0.82791960239 
0.61933469772 0.43654170632 0.30373647809 0.21113464236 0.14702269435 0.10255239904 0.071583837271 0.049948647618 0.034812442958 
0.024224612862 0.01682580635 0.01166198682 0.0080629307777 0.0055589261465 0.0038217557594 0.0026225885376 0.001802263665 0.0012506688945 
0.00089268223383 0.00067876803223 0.00057889381424 0.0032794123981 0.0037390934303 0.0047022923827 0.0062495069578 0.0084815779701 0.011491228826 
0.015321102925 0.019914880395 0.025086434558 0.030559817329 0.036149822176 0.042099036276 0.049379672855 0.059478715062 0.073488540947 
0.092005632818 0.11951484531 0.16062127054 0.22054745257 0.30562278628 0.42001566291 0.5509685874 0.62873703241 0.46915486455 
0.32958328724 0.23120822012 0.16419696808 0.11820361018 0.086126334965 0.063419446349 0.047189153731 0.035566084087 0.027313284576 
0.021587951109 0.017797192559 0.015509146266 0.014395118691 0.014188847505 0.014656309038 0.015574485995 0.016720326617 0.017871813849 
0.018821330741 0.019397454336 0.01948668249 0.019046790898 0.018109535798 0.016774056479 0.015190056525 0.013533527032 0.011982476339 
0.010699128732 0.0098211141303 0.009461463429 0.0097174681723 0.010693108663 0.012549368665 0.015607447363 0.020522309467 0.028474684805 
0.041138354689 0.059865884483 0.083385534585 0.10456907749 0.11327499896 0.12486756593 0.15159192681 0.19864432514 0.26315027475 
0.32452353835 0.33172398806 0.33922928572 0.37162652612 0.43793475628 0.54445761442 0.69853895903 0.90219593048 1.135974884 
1.4098038673 0.79288965464 0.50024902821 0.33114567399 0.2243693769 0.1540388763 0.10658013821 0.074061997235 0.051563598216 
0.035911146551 0.024993380532 0.017371941358 0.012052172795 0.0083415778354 0.0057571651414 0.0039620888419 0.0027215243317 0.0018719910877 
0.0013002363266 0.00092888757354 0.00070686376421 0.00060316664167 0.0039097382687 0.0045289574191 0.0058382782154 0.0079710697755 0.011101650074 
0.015401341021 0.020961020142 0.027677826583 0.035139299929 0.042618654668 0.049403093755 0.055645018816 0.063290417194 0.075179472566 
0.090986996889 0.10467009246 0.12830477953 0.16927407682 0.23368360102 0.33070194721 0.46952354908 0.62864273787 0.55050510168 
0.41913446784 0.30415052176 0.21817348897 0.15683604777 0.11351311207 0.082811541855 0.060907304287 0.045198455453 0.033925686032 
0.0258877296 0.020249797031 0.016419211403 0.013964809477 0.012562911958 0.011959275231 0.01194142364 0.012319392525 0.012914857827 
0.013559115119 0.014099441469 0.014411270618 0.014411545359 0.014068110846 0.013402253389 0.012483790517 0.011419421993 0.010337166488 
0.0093712173402 0.0086507182568 0.0082941818982 0.0084103588015 0.0091085741296 0.010529643856 0.012925406918 0.016837794334 0.023435084149 
0.034989569336 0.055199209601 0.088340543211 0.13471533358 0.17771211267 0.16907210648 0.16444389522 0.18905323744 0.25348174572 
0.3641717732 0.50214010477 0.43131402135 0.39039951563 0.40176001191 0.46598774195 0.59171146154 0.80326634645 1.1383332014 
1.5604025126 1.098441124 0.72674310207 0.4825361371 0.32482299209 0.22161537409 0.1527646184 0.10604977608 0.073931276798 
0.051642119884 0.036086335778 0.025198712945 0.017570359632 0.012225736864 0.0084841782227 0.0058693783358 0.0040477216244 0.002785511082 
0.0019192574546 0.0013351964299 0.00095531280385 0.00072794849984 0.00062168861041 0.0046359226108 0.0054589360952 0.0072193383239 0.010140070692 
0.014532187022 0.020739497617 0.029015077278 0.039294473827 0.050879731774 0.062234092504 0.071493394673 0.078637376428 0.088772498071 
0.10977940261 0.13760066032 0.13110466301 0.13809646666 0.17094385624 0.23351886868 0.34026971459 0.53941363096 1.0181314945 
0.57440209389 0.38609421253 0.2739700973 0.19768424332 0.14372104406 0.10506859422 0.077219672501 0.057075988501 0.042477998883 
0.031912710518 0.024311767891 0.018912278116 0.015162040479 0.012655093335 0.011086782441 0.010221419856 0.0098685137928 0.009865982458 
0.010069923475 0.010350872763 0.010595949367 0.010715082288 0.010648582131 0.010372835211 0.0099019706249 0.0092847067863 0.0085970722139 
0.007932969369 0.0073950728402 0.0070881308056 0.007115826942 0.0075827538967 0.008606900461 0.010359864682 0.013177234679 0.01782272011 
0.026034308597 0.041484944522 0.071158774197 0.12655343115 0.22081686556 0.34162631631 0.25716590881 0.20787450671 0.21754856408 
0.29375338554 0.47805902362 0.95774835348 0.54037314653 0.41886880994 0.40595823526 0.46115139127 0.58942955732 0.84260761738 
1.4185788631 1.1039289236 0.83309018612 0.59901797771 0.42122998834 0.29448589683 0.20604015887 0.14454588294 0.10164950788 
0.071577258408 0.0504075028 0.035467814654 0.024915304035 0.017463378608 0.012206239626 0.0085036372766 0.0059025287628 0.0040823598392 
0.0028164917603 0.001945063239 0.0013560530497 0.00097220478347 0.00074214226333 0.00063452828908 0.0054205148481 0.0064862705767 0.008796473965 
0.012713645585 0.018781818449 0.027682876214 0.040080986917 0.056239847094 0.075307741761 0.094454996288 0.10914196819 0.11799143255 
0.13472440839 0.18563751876 0.26954415441 0.19169488549 0.15339449048 0.16453181207 0.2100366503 0.28655827045 0.39705103636 
0.51970309019 0.41293621063 0.30913630128 0.22945435345 0.17023727298 0.12637086213 0.093905895948 0.069904528558 0.052184987813 
0.039133146405 0.029558517039 0.022582830861 0.017555959523 0.013994092122 0.011534666643 0.0099030956626 0.0088877147064 0.0083207543939 
0.0080644534901 0.0080019682646 0.0080329338089 0.0080731706694 0.0080573037267 0.0079426029697 0.0077120689675 0.0073753269389 0.0069667552598 
0.0065412698314 0.0061689629219 0.0059300032444 0.0059109544381 0.0062033268623 0.0069061289541 0.0081390142441 0.010086070746 0.01311980281 
0.01810760051 0.027082370594 0.044587891549 0.080398693681 0.1560022682 0.32720142603 0.79148423672 0.3619517684 0.2328376621 
0.21512541175 0.26359757781 0.36701849103 0.49974471331 0.42278933525 0.37321281433 0.37173911929 0.41593703628 0.50700849295 
0.64880508184 0.81591981649 0.74552714825 0.61145406961 0.47091245651 0.35015434027 0.2555039525 0.18460421264 0.13265691698 
0.094995975494 0.067834302783 0.048305224627 0.034298699349 0.02427736111 0.017125386745 0.012034936808 0.0084228245541 0.0058692893945 
0.0040730270557 0.0028183641843 0.0019515758613 0.0013640176039 0.00098025368061 0.00074986479012 0.00064198998734 0.006196282804 0.0075245853513 
0.010444778018 0.015513526276 0.023628281429 0.036053705961 0.054318550974 0.079736500978 0.11210209876 0.14712716639 0.17386572063 
0.18134720623 0.19998796284 0.29927840829 0.51494556665 0.28091564775 0.16858017445 0.15201702714 0.17692302167 0.2225689441 
0.27729317546 0.31620126963 0.28424891829 0.23217102885 0.18224582076 0.14043727517 0.10718482733 0.081375896931 0.061621759087 
0.046645231545 0.035379625857 0.026970800012 0.020748743787 0.016193488613 0.01290382538 0.010571070947 0.0089575611055 0.0078791519627 
0.0071911280975 0.0067773666233 0.0065427422523 0.0064087244682 0.0063118352555 0.0062042106874 0.0060551781207 0.0058527016081 0.0056037474424 
0.0053332434036 0.0050818328746 0.004903097637 0.0048610079102 0.0050281528383 0.0054852324538 0.0063233370893 0.0076549723744 0.0096517167985 
0.01265144255 0.017418768257 0.025686224923 0.041106726974 0.070614218712 0.12559501827 0.21896128356 0.33789417148 0.24950875342 
0.1918015331 0.18245251477 0.21196451783 0.26664602757 0.31969082355 0.31657120585 0.30955809355 0.32110795379 0.35675770044 
0.41554629803 0.48905870318 0.54810023308 0.52575260401 0.45636361837 0.37125119567 0.28952229023 0.21966728568 0.16367278993 
0.12045200169 0.087858580053 0.063647016883 0.04584692046 0.032859519124 0.023440076038 0.01664275676 0.011760103516 0.0082688145339 
0.0057849073783 0.0040283477865 0.0027960268781 0.0019415934803 0.001360702212 0.00098041049205 0.00075171689969 0.00064452330116 0.0068705724552 
0.0084455823526 0.011954722926 0.018184822053 0.028489433229 0.044983103871 0.070701576769 0.10940887779 0.16409063339 0.23161557317 
0.28882449865 0.27767404914 0.24838893116 0.25497382879 0.30456578732 0.20111340284 0.1413872987 0.12957781553 0.1433031708 
0.16860146821 0.19527259469 0.2099058181 0.19765651226 0.17091725767 0.14071713388 0.11257815361 0.088506035507 0.068821683526 
0.05315573141 0.040914326906 0.031481411308 0.02429844439 0.018889188766 0.014861086383 0.011897403747 0.0097463345155 0.0082096373662 
0.0071318848059 0.00639091013 0.0058899102733 0.0055514737032 0.0053136805072 0.0051281168126 0.0049593634903 0.0047853211872 0.0045976783149 
0.0044019692577 0.004217020236 0.0040738806129 0.0040146023966 0.0040912120603 0.0043650688604 0.004906760063 0.0057974858209 0.007136143744 
0.0090648084879 0.011841776781 0.01601341553 0.022741327062 0.034265950322 0.054203011096 0.086648732424 0.13153581321 0.17152272165 
0.15692688525 0.14063110948 0.14252321422 0.1633862257 0.19587291777 0.22673296928 0.24156239629 0.25340589881 0.2731307447 
0.30472746491 0.34628355503 0.38934159279 0.41659224033 0.40615493059 0.36477679014 0.30766695738 0.24789792299 0.19331371784 
0.14726522565 0.11030495912 0.081593923271 0.059780314565 0.04346229881 0.031391981989 0.022539837286 0.016092760488 0.011425740086 
0.0080668032169 0.0056638862006 0.0039567141794 0.0027543599717 0.0019179654773 0.0013477867469 0.00097368954448 0.00074835401028 0.0006426271284 
0.0073419599794 0.0090999277309 0.013058675453 0.020217107609 0.03238478303 0.052632208914 0.086006693542 0.14052130282 0.22786936164 
0.35960352421 0.51658338308 0.44414263964 0.33061224222 0.25001126528 0.20646470785 0.14995491505 0.11695297062 0.10848476738 
0.11485640705 0.12783609331 0.14067900181 0.14656972885 0.14056144655 0.12591156363 0.10751412809 0.088875174522 0.07186858356 
0.057251457125 0.045154679567 0.035402677953 0.02769437246 0.021697793156 0.017096141353 0.013607965782 0.010993765667 0.0090556712821 
0.0076336013153 0.0065998556092 0.0058533484116 0.005314277485 0.0049197482876 0.0046206191182 0.00437955698 0.0041700964794 0.0039763306268 
0.0037928395905 0.0036245591473 0.0034864733461 0.0034031898249 0.0034085689113 0.003545536194 0.0038660448045 0.0044310879894 0.0053111105226 
0.0065891947597 0.0083744237199 0.010841952637 0.014325565659 0.019479233772 0.027452463284 0.039830133319 0.057770065963 0.079616770148 
0.097532741725 0.10013424605 0.10074236244 0.1085781306 0.12542030215 0.1482270509 0.17156782746 0.19140851498 0.21166622639 
0.23711413145 0.26966699958 0.30717244744 0.34260830283 0.36404427886 0.3590478003 0.32689842582 0.27896249294 0.2269974798 
0.17853453755 0.13703873754 0.10334275663 0.076913394034 0.056665912271 0.041408069432 0.030047360808 0.021665643901 0.015527910553 
0.01106296666 0.0078353304416 0.0055173239671 0.0038647896145 0.0026973711792 0.001883107936 0.0013267351314 0.00096099736402 0.00074037560262 
0.00063676491845 0.0075278813019 0.0093593196943 0.013507574797 0.021085318178 0.034166552126 0.056438952684 0.094475246966 0.16046977043 
0.27918908 0.51159673929 1.060436368 0.71896392107 0.44353786111 0.27862343192 0.1867069006 0.13087193668 0.10198456049 
0.091860748827 0.092607408762 0.098206743598 0.10399862379 0.10616095364 0.10249140114 0.093825191259 0.082295425236 0.069890670478 
0.057962428778 0.047250300646 0.038057688624 0.030420644209 0.024229800329 0.019308337942 0.015458375216 0.012486971915 0.010219453834 
0.0085050342605 0.0072177806869 0.0062549831346 0.0055342391133 0.0049902438186 0.0045718397014 0.004239698872 0.003964707721 0.003726957133 
0.0035151715856 0.0033263450023 0.0031654660124 0.0030452713836 0.0029861000367 0.0030159149319 0.0031705102883 0.003493758617 0.0040376414545 
0.0048620030284 0.0060350219719 0.0076380730607 0.0097831580788 0.012654424645 0.016576435417 0.022068969905 0.029755756259 0.039905250072 
0.051525428891 0.061767861247 0.068044893444 0.074164777994 0.083859175444 0.098328508437 0.11665913463 0.13711334765 0.15896384418 
0.18417002261 0.21538296342 0.253908813 0.29815456271 0.341927737 0.3728672266 0.3742313087 0.33718934655 0.28208464384 
0.22527068853 0.17466214299 0.13278235495 0.099553644657 0.073872335255 0.054369002581 0.039739713073 0.028867632151 0.020847534761 
0.014969063923 0.010685988702 0.0075839194469 0.0053515131585 0.0037566793617 0.0026277054567 0.0018387079472 0.0012986197835 0.00094302464277 
0.0007282536244 0.00062730931677 0.0073934965767 0.0091662891209 0.01317992527 0.020505625755 0.033130068332 0.054538488388 0.090743124485 
0.15207126737 0.25616252422 0.43133866787 0.71301597357 1.0587081909 0.51436305046 0.28819769621 0.17735889554 0.11924899369 
0.090281203389 0.078233100474 0.07545735687 0.076907336712 0.079068593681 0.079478569329 0.07684917748 0.071299806237 0.063766755164 
0.055341433734 0.046911031008 0.039060816169 0.032107170671 0.02616979368 0.021241271868 0.017240965739 0.014052582905 0.011548564769 
0.0096048591658 0.0081089399755 0.0069633470848 0.0060863629915 0.0054111201316 0.0048840004019 0.0044629410841 0.0041159521788 0.0038199727423 
0.0035600082483 0.0033284709789 0.0031246391591 0.0029542020056 0.0028289274778 0.0027665302623 0.0027907891199 0.0029318702873 0.0032266778871 
0.0037189088762 0.0044585359283 0.0055009345524 0.0069072293118 0.0087495120242 0.011125996709 0.014186199754 0.018146319315 0.02323900722 
0.02952673845 0.036616507918 0.043638594449 0.05012414977 0.057399500161 0.067034937441 0.079846665263 0.095937624574 0.11530119926 
0.13865512609 0.16800452769 0.20607621968 0.25532415509 0.31642132998 0.38505738974 0.44541594386 0.46235540509 0.39705574512 
0.31352469325 0.23878401518 0.1788469106 0.13276277483 0.097976952791 0.071967802942 0.052637048066 0.038335356861 0.027796918526 
0.020061945543 0.014407815412 0.010293057188 0.0073133939877 0.0051680053584 0.0036338956561 0.0025465877261 0.001785671222 0.0012640787754 
0.00092021579621 0.0007123092073 0.00061452231603 0.0069660390727 0.0085620461032 0.012152620591 0.018635727465 0.029628420249 0.047828629613 
0.077507227659 0.12496052682 0.19819645584 0.30330514908 0.4293962419 0.50813633204 0.35594171286 0.2297321111 0.14923660457 
0.1025538668 0.07776530087 0.066291369498 0.062277048826 0.061793297529 0.062198534608 0.061785299331 0.059686109424 0.055818360299 
0.050608534366 0.044665955007 0.038558971137 0.032715044916 0.027404399589 0.022763457149 0.018830183893 0.015577712096 0.012941446155 
0.010838830844 0.0091826934367 0.0078894617036 0.0068836300634 0.0060996776447 0.0054824696854 0.004986895714 0.0045772474259 0.0042265816592 
0.0039161285385 0.0036346802954 0.0033779148944 0.003147654701 0.0029511298053 0.0028003943153 0.0027120015584 0.0027070117649 0.0028112758882 
0.0030558002181 0.0034768630285 0.004115534015 0.0050164731219 0.006226551719 0.0077949119732 0.0097768316045 0.012241849676 0.015278895386 
0.018978824839 0.023375272751 0.028373535722 0.033799532801 0.039712417871 0.046742748469 0.055714014918 0.067325174809 0.0821929425 
0.10117773712 0.12585371733 0.15892854333 0.20442165434 0.26773253083 0.35516688228 0.47050562501 0.60049343109 0.67513090372 
0.51048803329 0.36457329988 0.25937506557 0.18577712774 0.13392497599 0.096949234605 0.070319019258 0.051011629403 0.03695987165 
0.026716645807 0.019250424579 0.013816297986 0.0098715284839 0.007018469274 0.0049649123102 0.0034960180055 0.0024541527964 0.0017242890317 
0.0012234023307 0.00089281331748 0.00069273920963 0.00059857498854 0.0063244430348 0.0076686083339 0.01066027768 0.015966124833 0.024735249579 
0.038756158203 0.060560584068 0.09320820123 0.13911478221 0.19665539265 0.25294205546 0.2748876214 0.22382473946 0.16212807596 
0.11412662268 0.082904398441 0.065045453608 0.05617570132 0.052608143538 0.051619835198 0.051331739873 0.050559993833 0.04871988669 
0.045721616596 0.041798789054 0.037324208766 0.032673615962 0.0281528458 0.023974042386 0.020260270685 0.017062550411 0.014379877597 
0.012177438475 0.010401253588 0.0089889168739 0.0078768255189 0.0070046125911 0.0063175843097 0.0057679251768 0.0053153177723 0.0049273204058 
0.0045796465129 0.0042562247254 0.0039489087649 0.0036567465868 0.0033848891035 0.003143372247 0.0029460426886 0.0028098449111 0.002754579531 
0.0028030630201 0.002981493948 0.0033196918666 0.003850860754 0.0046106176451 0.0056354366243 0.0069612408988 0.0086234509945 0.010659365915 
0.013111264445 0.01602473855 0.01943815127 0.023376319557 0.027889562771 0.033166013658 0.039630185813 0.04786811024 0.058567106724 
0.072596341372 0.091244392097 0.11660136282 0.15209700167 0.20333339274 0.27965292335 0.39705991745 0.58177232742 0.86707502604 
1.2088809013 0.65251380205 0.40686056018 0.27152872086 0.18775165081 0.13247102499 0.094567969441 0.067957274616 0.048994384706 
0.035356108099 0.025494698435 0.018345888704 0.013161083683 0.0094052171335 0.006691631861 0.004738971591 0.0033417867962 0.0023500341922 
0.0016545549734 0.0011767058168 0.00086095702136 0.00066967646126 0.00057959137484 0.0055710142478 0.0066398479976 0.0089868959039 0.01305857487 
0.019585089758 0.029614536092 0.044448096305 0.065291322768 0.092312768102 0.12279931456 0.14874009788 0.15668658912 0.13758449256 
0.10895054787 0.083365112543 0.06520961225 0.05429835245 0.048779301345 0.046576123685 0.045929096639 0.045541536063 0.044606160372 
0.042778696865 0.040069688112 0.036693010479 0.032933972776 0.02906566672 0.02530920133 0.021821966395 0.018700759858 0.015991624445 
0.013701799326 0.011811117642 0.010281751864 0.0090659325942 0.0081117022783 0.0073668840341 0.0067816362716 0.0063102473505 0.0059126224369 
0.0055557792075 0.0052152504213 0.0048760310747 0.0045326836407 0.0041884030215 0.0038532665931 0.0035421249922 0.0032726889476 0.0030641870108 
0.0029367632233 0.0029115087818 0.0030108990613 0.0032592548523 0.0036828857847 0.0043096309528 0.0051677888259 0.0062848338857 0.0076867477037 
0.0093989400193 0.0114491079 0.013871245086 0.016710465774 0.020033307374 0.023954872042 0.02868725732 0.034583315253 0.042144335806 
0.052044577897 0.065226607025 0.083099342883 0.10787764937 0.14316387475 0.19507406652 0.27482679486 0.40565317869 0.64656955004 
1.1982774734 0.85220021009 0.56324112415 0.37557318807 0.25588202477 0.17787924409 0.12552069128 0.089483320713 0.064205467701 
0.046233937144 0.033339519054 0.024034375325 0.017298303545 0.012416861951 0.008881740272 0.0063271191902 0.0044877091423 0.0031702923588 
0.0022340177093 0.0015765324933 0.0011241392931 0.00082480645506 0.00064326793654 0.00055770744802 0.0048014428467 0.0056132548489 0.0073700263165 
0.010346195661 0.01496530138 0.021782619879 0.031387921423 0.044135577977 0.059600837529 0.075786925852 0.088555589318 0.092612877488 
0.085692860186 0.073370106518 0.061324357986 0.052446287125 0.047271762043 0.045083962381 0.044712215662 0.044955722988 0.044821299613 
0.043717496097 0.041546061635 0.0385386087 0.035031527281 0.031328503042 0.027657542378 0.024175589904 0.020984556526 0.018144825473 
0.015685142949 0.013609793037 0.011903747916 0.010536858812 0.0094680069014 0.0086492188275 0.0080291936174 0.0075560286641 0.0071795647964 
0.0068538906053 0.0065402830951 0.0062102829106 0.0058480100706 0.0054508298635 0.0050279283896 0.0045972322114 0.0041816853918 0.0038058974314 
0.0034938601311 0.0032679052092 0.0031487180386 0.0031560109928 0.0033093974926 0.0036290569697 0.0041359183379 0.0048512988724 0.0057962513529 
0.0069912341423 0.0084569538012 0.010217201896 0.012304168195 0.014766694047 0.017683008686 0.021180724725 0.025464626029 0.030845848843 
0.03776858747 0.046852953732 0.058978445828 0.075430952013 0.098141983151 0.13006895781 0.17579714954 0.24242016673 0.34022411704 
0.47895240784 0.6373385787 0.55798363686 0.42507120967 0.30839750171 0.22075457871 0.15791295469 0.11332982033 0.081632010639 
0.058962415904 0.042651671916 0.030859354883 0.022306039929 0.016091709957 0.011575783603 0.0082977199927 0.0059238462709 0.004211100284 
0.0029819214251 0.0021065869369 0.0014906674623 0.0010660690023 0.00078465120168 0.00061374640791 0.00053312652744 0.0040855361149 0.0046827634797 
0.0059567764401 0.0080658616498 0.011239795946 0.015751766041 0.02184217982 0.029557740316 0.038488317281 0.047476392239 0.054573040456 
0.057714268565 0.05629998073 0.052309527993 0.04821337387 0.045596342534 0.044961024076 0.046014003456 0.047957979143 0.049700994045 
0.05014045164 0.048658754677 0.045506037772 0.041380014271 0.036932561547 0.03257869184 0.028523229063 0.024847617373 0.021577162668 
0.018716141582 0.016262318939 0.01421015989 0.012546685524 0.011246300302 0.010269371793 0.0095647443086 0.0090736821294 0.0087334411219 
0.0084805060178 0.0082544414327 0.0080030057579 0.007687994279 0.0072899782099 0.0068099326454 0.0062667070888 0.0056913141161 0.0051201838069 
0.0045894030482 0.0041310498491 0.0037717570085 0.0035329847597 0.0034323087893 0.0034850137308 0.0037054980639 0.0041081882082 0.0047079091892 
0.0055199260823 0.0065601347014 0.0078461263329 0.009399915114 0.011253020726 0.01345439814 0.016081772745 0.019256910309 0.023164765909 
0.028075324371 0.034368909895 0.042572345585 0.053415898234 0.067919373512 0.087510064244 0.11415691674 0.15044307709 0.19929161668 
0.2624258399 0.33501467109 0.39144086838 0.3688711822 0.30646184087 0.23857262731 0.17976754904 0.13332092762 0.098122619092 
0.071942411363 0.052627477795 0.038425449282 0.027998311445 0.020350346342 0.014747539535 0.010650038719 0.0076606012881 0.0054866080172 
0.0039123431779 0.0027788444422 0.0019692250062 0.0013979754876 0.0010031947168 0.00074098358164 0.00058147980599 0.00050615851069 0.0034617341589 
0.0038945584092 0.004806408193 0.0062864106148 0.0084573598579 0.011454013176 0.015377945267 0.020217325538 0.02573478967 0.031371708959 
0.036288775504 0.039689265192 0.041385911405 0.042103562504 0.042918197811 0.044722497463 0.047974061221 0.052590910345 0.057832941413 
0.062204144895 0.0637691468 0.061374403536 0.056004375219 0.04940251261 0.042862936854 0.036987084895 0.031912766397 0.027574773878 
0.023859621957 0.020671803504 0.017956573516 0.015698038042 0.01389495004 0.012533878908 0.01157664042 0.01096196007 0.010612833314 
0.010443175212 0.010362843983 0.010283360258 0.010126369074 0.0098343789577 0.0093802316114 0.0087706120685 0.0080411219969 0.0072452123277 
0.0064417589456 0.0056852451526 0.0050202519633 0.004479937721 0.0040872651152 0.003857584903 0.0038014878519 0.0039272578433 0.0042426274158 
0.004755826667 0.005476181861 0.0064146909863 0.0075852232985 0.0090069845319 0.010708891787 0.012736230157 0.015159784816 0.018087351695 
0.021677365527 0.026154227555 0.031825933605 0.039106268436 0.048543676734 0.060855172575 0.076952345669 0.09792046994 0.12485173345 
0.15830802917 0.19698160887 0.23502711952 0.25878536701 0.25034812093 0.21917811036 0.17979885638 0.14164365828 0.10883364826 
0.082325384021 0.061640072614 0.045822046697 0.033874809742 0.024924110621 0.018257578835 0.013315783814 0.0096681462601 0.0069871372543 
0.0050255144015 0.0035976772197 0.0025649825111 0.0018244297244 0.0013000683393 0.00093657389516 0.00069452065509 0.00054698862368 0.00047723393072 
0.0029416696634 0.0032571929041 0.0039162454195 0.0049724727869 0.0064997943118 0.0085823331028 0.011296279728 0.014679452404 0.01868833974 
0.023156953976 0.027795931324 0.032280948013 0.036432679743 0.040383387357 0.044605690986 0.049860075116 0.056905094534 0.06605835259 
0.076575018466 0.085920765996 0.089877955616 0.085312888026 0.075267225504 0.063854627311 0.05352416262 0.045035947114 0.038270793855 
0.032838776708 0.028355607763 0.02453751117 0.02123947069 0.018452813849 0.016230486333 0.014604491182 0.013548692688 0.012983956374 
0.012798094191 0.012861629017 0.013036516495 0.013184006326 0.013178003021 0.012924743816 0.012382060289 0.011567076668 0.010545898229 
0.0094113219529 0.0082595692948 0.0071738506667 0.0062167858705 0.0054299030453 0.0048372568563 0.0044505535625 0.0042740954086 0.004308717791 
0.004554501269 0.005012395326 0.0056851143017 0.0065778307617 0.0076992306858 0.0090635484084 0.010694094002 0.012628547847 0.014926017262 
0.017675502226 0.021005190909 0.025091877207 0.030170228332 0.036541584879 0.044581044465 0.054737396538 0.067510709167 0.083374150097 
0.10257636011 0.12472391129 0.14804936945 0.16848668456 0.17949801683 0.1752037555 0.15821009874 0.13469165564 0.10995361209 
0.087156124413 0.067665830255 0.0517517142 0.03913712129 0.02933604829 0.021828152239 0.016137463972 0.011860089377 0.0086675584316 
0.0062997089699 0.0045541455038 0.0032754598651 0.0023455442861 0.001675484702 0.0011990395142 0.00086756399833 0.00064617214957 0.00051092827925 
0.00044689275092 0.0025190922897 0.0027562710457 0.0032508117147 0.0040433141403 0.0051961261779 0.0067969015799 0.0089639294893 0.011848066002 
0.015618429519 0.020413490012 0.026247786358 0.032902814448 0.039904415607 0.04676169157 0.053563494235 0.061520028859 0.07240409404 
0.087607644498 0.10679461062 0.12585954368 0.13558574021 0.12552180886 0.10595493019 0.085947357118 0.069542750716 0.057266052812 
0.048271924257 0.041511580348 0.036097824574 0.03138775751 0.027073398232 0.023225348443 0.020079998299 0.017808435485 0.016427699476 
0.01582762599 0.015829253942 0.016224494204 0.016791740432 0.017304351553 0.017549926415 0.01736638695 0.016682695597 0.015536870807 
0.014052934013 0.012394005433 0.010718328878 0.0091526731849 0.0077837374993 0.0066615766846 0.0058084898628 0.0052287690341 0.0049169389531 
0.0048636854626 0.0050595724024 0.0054970043711 0.0061710681766 0.0070798909292 0.0082251913846 0.0096136070788 0.011259309016 0.013188115321 
0.015442968346 0.01809027791 0.021226081997 0.024980975315 0.029522549361 0.035054262727 0.041808713228 0.050030522048 0.059938374907 
0.071646511555 0.085017293692 0.099419377744 0.11341450363 0.12454877049 0.12971746922 0.12672260404 0.11644477397 0.10165526718 
0.085242606699 0.069309301674 0.055042985827 0.042926326394 0.033001765609 0.025080502033 0.018878204748 0.0140927108 0.010443217121 
0.0076867383905 0.0056220204569 0.0040872176178 0.0029548965394 0.0021263298113 0.0015260719229 0.0010972480522 0.00079770036973 0.00059697107645 
0.00047404429642 0.00041575028445 0.0021787188016 0.0023673006799 0.0027638177853 0.0034110432025 0.004385673441 0.0058188699186 0.0079279057682 
0.011049348861 0.015642074868 0.022200522944 0.031011074781 0.041754569858 0.053180679679 0.063450470567 0.071837291121 0.080918326974 
0.094787739217 0.11721687019 0.14972613752 0.18801417947 0.21503542364 0.18806314468 0.14936925471 0.11559011787 0.090859852731 
0.074107222259 0.062935821712 0.055184964091 0.049124736339 0.043413545936 0.037404581904 0.031480558217 0.026413833722 0.02273982577 
0.020580144599 0.019757816568 0.019960869104 0.020837994292 0.022024141625 0.023141339421 0.023820662871 0.023768234998 0.02285538055 
0.021165089682 0.01893582195 0.016458589584 0.013993738219 0.01173112262 0.009785679169 0.0082115931436 0.0070217829198 0.0062054600567 
0.0057411221787 0.0056048668921 0.0057749110274 0.00623342162 0.0069666951895 0.0079645859078 0.0092199649662 0.010728945956 0.01249241177 
0.014519192278 0.016830731183 0.019466541708 0.022489031777 0.025985950604 0.030068509281 0.034863777459 0.040500111878 0.047083750367 
0.054662115872 0.063166096807 0.072323024273 0.081543207169 0.089818395674 0.095739223063 0.097807690501 0.095135457814 0.088121540844 
0.07812345773 0.066742487252 0.055315811187 0.044732630253 0.035461142659 0.027658000588 0.02128380537 0.016194410622 0.012202853337 
0.0091168601066 0.0067589697428 0.0049754255451 0.0036384195555 0.0026447749697 0.0019129946595 0.0013798436848 0.0009970680112 0.00072854722384 
0.00054798083147 0.00043711185572 0.00038444987149 0.001902762102 0.002064189408 0.0024105079938 0.0029979480896 0.0039386041462 0.0054446379654 
0.0078976955265 0.011930116452 0.018463294953 0.02858376503 0.043080244213 0.061513584107 0.081069529057 0.09650940448 0.10411208123 
0.110115394 0.12325797975 0.15138456225 0.20116394758 0.27827304602 0.37508389354 0.27895477414 0.20145893097 0.14921866357 
0.11599045247 0.095831766725 0.08394626528 0.076797790825 0.071419119835 0.065016791224 0.056055307388 0.045949693769 0.036922298372 
0.030348774046 0.0265292041 0.025107616559 0.02549565956 0.027081830427 0.029262034222 0.031404465437 0.032855849713 0.033058483154 
0.031760282815 0.029148591682 0.02569800429 0.021934894845 0.01828366518 0.015018003061 0.012276874855 0.01010394562 0.008486523293 
0.007385041099 0.0067520183511 0.0065425541252 0.0067188837565 0.0072511597537 0.0081160273403 0.0092942072079 0.010768025182 0.012519817799 
0.01453200914 0.016789490357 0.01928438805 0.022022459656 0.025029169396 0.028352582827 0.032059922814 0.036225903779 0.040912918746 
0.046145111322 0.051877748221 0.057961925864 0.064104489982 0.069830551744 0.074473276734 0.077239759266 0.077405795455 0.074622862041 
0.06914870441 0.061733208597 0.053312532604 0.044739399105 0.036643166095 0.029404329136 0.023193258792 0.018030608073 0.013845065609 
0.010518474504 0.0079167578369 0.0059088128619 0.0043765176088 0.0032188524492 0.002352477517 0.0017104324652 0.0012400415726 0.00090065255063 
0.00066155061359 0.00050020182971 0.00040087086381 0.00035361136543 0.0016746640904 0.0018234357703 0.0021520659793 0.0027388283052 0.0037490774412 
0.0055125565268 0.0086500151083 0.014239125885 0.023948853835 0.039954062551 0.064267970622 0.09696405381 0.13294290006 0.15883816779 
0.15920098126 0.15223427117 0.15548318624 0.18122389913 0.24389351904 0.38908571005 0.8235077858 0.39094641805 0.24551732838 
0.17836117744 0.14220166206 0.12306454778 0.11430443078 0.11163199693 0.11051122099 0.10473483056 0.090188473463 0.071349672973 
0.054258678108 0.041975762695 0.034922134131 0.032232921571 0.032744284719 0.035387512296 0.039185222238 0.043103083968 0.045975700021 
0.046694025397 0.044712692499 0.040485139936 0.034995485097 0.029203282669 0.023781778291 0.019095903262 0.015281291679 0.01233606413 
0.0101915868 0.0087574087083 0.0079457601532 0.0076825614087 0.007910201326 0.0085856812075 0.0096761900932 0.011153540574 0.012988501228 
0.015146183781 0.017583789304 0.020252007991 0.023100903258 0.026089785621 0.029198598117 0.032435830683 0.035837173462 0.039450917393 
0.043311499059 0.047408476472 0.051659211516 0.055890351534 0.059829670936 0.063110984862 0.065300755203 0.065961673856 0.064763084054 
0.061613526195 0.056737601757 0.050618700683 0.043852966279 0.037003908306 0.030511047691 0.02465913631 0.019590087235 0.015335601754 
0.011854089797 0.0090628741309 0.0068622045219 0.0051510357298 0.0038361106999 0.0028362188023 0.002083392581 0.0015223687515 0.0011092228815 
0.00080975377932 0.0005979205016 0.00045449225581 0.00036596902646 0.00032378459582 0.0014806302497 0.0016253454378 0.0019553869497 0.0025759434793 
0.0037167223636 0.0058508412912 0.0098998164758 0.017534602433 0.031518824399 0.055889647454 0.095451384783 0.15335667133 0.22412765026 
0.27832832932 0.25197127461 0.21121835709 0.18882149458 0.19534261525 0.23412311077 0.30720072985 0.40437236428 0.31144428253 
0.23912225664 0.19357520342 0.16844825447 0.15820670128 0.15912732482 0.16836735606 0.17951256037 0.17598350346 0.15193980932 
0.11487708986 0.081890285015 0.0590916574 0.046327080578 0.041371792555 0.041920680553 0.04616176337 0.052606321871 0.059652149677 
0.065241679549 0.067062653601 0.063770860434 0.056582439691 0.047626394778 0.038637831807 0.030618030578 0.023975428194 0.018762245774 
0.014860345051 0.012094609439 0.01029172074 0.0093054370955 0.009023626335 0.0093659777194 0.010277089663 0.011717214249 0.013651794754 
0.016040759161 0.018828911707 0.021939488128 0.025273494422 0.02871745266 0.03216034174 0.035516835749 0.03874861449 0.041871532798 
0.044938568026 0.047999978065 0.051057588309 0.054032403976 0.056755930185 0.058984458447 0.060430854559 0.060808550566 0.059885650873 
0.057545434684 0.053838137537 0.048995580524 0.043387483805 0.037438716739 0.031545475125 0.026018405333 0.021060101688 0.016770360991 
0.013167174533 0.010212745517 0.0078374203295 0.0059582181275 0.0044913133606 0.0033593066037 0.002494669985 0.0018407190219 0.0013511838624 
0.0009891212685 0.00072562001878 0.00053855584702 0.00041151294135 0.00033292069566 0.00029541397817 0.0013099311618 0.0014539802214 0.0017918507801 
0.0024545020424 0.0037334312219 0.0062417187728 0.011204976588 0.020932011306 0.03948854655 0.07352052629 0.13295437396 0.23040935397 
0.37363708019 0.52648389339 0.40153074265 0.28735712171 0.22200913727 0.2003903538 0.21166743338 0.24274256825 0.27130016685 
0.25175082684 0.22488728166 0.20653817058 0.20048101246 0.20643801987 0.22522068024 0.25833266973 0.29378288984 0.2615069747 
0.25151318312 0.18446198106 0.1227375865 0.08240352571 0.060744460672 0.052372217178 0.052946213633 0.059606954455 0.070341773331 
0.082947313786 0.09395185113 0.098342530429 0.092232607305 0.079337239265 0.064413323998 0.050457980484 0.038744743913 0.029523745179 
0.022582633421 0.017563693225 0.014111893252 0.011931257322 0.010797882453 0.010554608889 0.01109867543 0.012366820127 0.014319042675 
0.016921265051 0.020127048716 0.023859763518 0.027998285368 0.032371189445 0.036765791476 0.040956471115 0.044750884175 0.048040803522 
0.050832353532 0.053228039294 0.055357124656 0.057293787599 0.05900516361 0.060346461833 0.061096027493 0.061011787504 0.059890519828 
0.057617507875 0.054199431092 0.049775376916 0.04460060969 0.039002705365 0.033323176205 0.027863368392 0.022848989815 0.018417714164 
0.014625886455 0.011466520838 0.0088908271864 0.0068277483806 0.0051988265477 0.0039278748445 0.0029462717939 0.0021951370873 0.0016255760565 
0.0011979312403 0.00088062800933 0.00064896495314 0.00048401459935 0.00037170230644 0.00030208425596 0.0002688181703 0.0011548356852 0.0012971984688 
0.0016378748696 0.002324991161 0.0036907992326 0.0064407158643 0.01200463064 0.023139990866 0.044914025813 0.086318932474 0.16325223446 
0.30515998602 0.57465147972 1.1489521265 0.60144209862 0.35895720124 0.24499957263 0.19814261794 0.18941020966 0.20031638443 
0.21445316076 0.21801643074 0.21979387105 0.22774076462 0.24459144473 0.2716178 0.31583222747 0.38677501678 0.4368121624 
0.04072573036 0.31884130836 0.27462413907 0.17492122948 0.11009191722 0.076873458922 0.064347289503 0.065178111196 0.075376912951 
0.092803388834 0.11519825459 0.13744333386 0.14862161875 0.1354381144 0.11097058654 0.085802569985 0.064411155879 0.047750249505 
0.035372126848 0.02646468766 0.020252294838 0.016113568097 0.013591898605 0.012372324243 0.012251917273 0.013111785054 0.014891486615 
0.01756419614 0.021110476926 0.025489311665 0.030607100576 0.036288686097 0.042259115726 0.048149265349 0.053539142013 0.058044280857 
0.061428766698 0.063694164157 0.065069653094 0.065873339772 0.066347375512 0.06656204164 0.0664133057 0.065687417984 0.064151525497 
0.061635307968 0.058083623648 0.053574416786 0.048305727541 0.042559769005 0.036653995514 0.030890917405 0.025517940521 0.020704563707 
0.016538320109 0.013035522774 0.01016027201 0.0078451866284 0.0060092066415 0.0045703779906 0.0034534470178 0.0025933431461 0.0019359409343 
0.0014373339945 0.001062502386 0.0007838702295 0.00058000290301 0.00043452679529 0.00033527749474 0.00027365918504 0.00024418553221 0.0010105606634 
0.0011472157203 0.0014777034521 0.0021530047525 0.0035104630515 0.0062631880865 0.011850700714 0.023039324209 0.044898804277 0.086408823729 
0.1634285897 0.3053290844 0.5745972991 1.1482772827 0.59948837757 0.35469591618 0.23691557348 0.18426945806 0.16799397767 
0.17187893391 0.18542069197 0.20321185887 0.22753971815 0.26050516963 0.29986822605 0.34583637118 0.41662946343 0.54090476036 
0.67862176895 0.10677342117 0.027357084677 0.3281377852 0.22362202406 0.13584434986 0.09164263308 0.075518116355 0.077173955739 
0.092026725411 0.11896897107 0.15777936578 0.20393170416 0.23600572348 0.20160734653 0.15287382901 0.11082665622 0.079211257398 
0.056621510535 0.040836147964 0.029973108321 0.022654922679 0.017930559814 0.015167282894 0.013962186873 0.014077568427 0.015393908136 
0.017872968689 0.0215241611 0.026368401945 0.032395131886 0.039511132985 0.047485277057 0.055902279913 0.0641502738 0.071475237608 
0.077130630612 0.08061555028 0.081913523376 0.081533297896 0.080195516348 0.078477963805 0.076638221741 0.074627175927 0.07221198082 
0.069124154747 0.06517713517 0.060328926891 0.054690416902 0.04849408567 0.042042221874 0.035650990903 0.029602056369 0.024109020829 
0.019302016124 0.015229470097 0.011872805655 0.0091676516458 0.0070254332386 0.0053509809077 0.004054365214 0.003057111986 0.0022942051291 
0.0017135146772 0.0012740417151 0.0009438797133 0.0006983561907 0.0005185289192 0.00039003763231 0.00030225847149 0.00024769941228 0.00022158258071 
0.00087511877064 0.0010010426631 0.0013060390484 0.0019289653283 0.003175484715 0.0056801694445 0.010695630684 0.020555660129 0.039333276451 
0.073639802635 0.13329488039 0.23070766032 0.37328574061 0.52435857058 0.39574709535 0.27490985394 0.19831174612 0.15909641981 
0.14604446292 0.15090182424 0.16908986866 0.19965259731 0.24362669885 0.29704216123 0.34703156352 0.39108854532 0.47171774507 
0.63279497623 0.81277227402 0.25675266981 0.02278836444 0.37327566743 0.25056150556 0.15058323741 0.1011524573 0.083668276668 
0.086736984551 0.1063894704 0.14429311454 0.20690760016 0.30190992355 0.41152009368 0.29923316836 0.20127181709 0.13498158753 
0.091837130487 0.063601970673 0.044936656952 0.032562747598 0.024461567402 0.019379537553 0.016542620957 0.01549059432 0.015977945179 
0.017911126837 0.021303804591 0.026237208396 0.032815203071 0.041104979813 0.051057223231 0.062406487763 0.074567787349 0.0865695104 
0.097091540694 0.10469222069 0.10827882588 0.10772889107 0.104173325 0.099181346595 0.093965478241 0.089084401727 0.084535241127 
0.080004990101 0.075119398534 0.069614350796 0.063412353396 0.056619785726 0.049476306885 0.042287126184 0.035359583795 0.028954809532 
0.023258090019 0.018367843702 0.014300905168 0.011009627022 0.0084047121927 0.0063777524047 0.0048191640526 0.0036297105253 0.0027259127237 
0.002040973166 0.0015231148573 0.0011328845285 0.00084042124217 0.00062314973911 0.00046402509906 0.0003502718755 0.00027250638232 0.00022413802799 
0.00020097334345 0.00074876332656 0.00085985974874 0.0011273501441 0.0016675533261 0.0027304433752 0.0048202793114 0.0088981427252 0.016672210768 
0.030918344855 0.055625811219 0.095446921885 0.15323185921 0.22300221026 0.2745565176 0.24274769425 0.19193550944 0.15208554268 
0.12986497581 0.1241986081 0.13338854909 0.15769217908 0.19922833145 0.25739449263 0.31726101041 0.34524971247 0.33679184318 
0.38777121902 0.60044085979 0.76783335209 0.16963647306 0.018410922959 0.35076025128 0.24309977889 0.15012794733 0.10350062698 
0.087311416864 0.091574914753 0.11365898699 0.15817151964 0.24153795838 0.41399663687 0.86755990982 0.41091969609 0.23509456217 
0.14763949811 0.097492791712 0.066528648138 0.046659436077 0.03373093158 0.025405408815 0.020305389538 0.017615549266 0.016878552735 
0.017882980406 0.020597651601 0.025127764791 0.031676135957 0.040494564921 0.051809575409 0.065706461668 0.081961236894 0.099831357598 
0.11786068231 0.13381823897 0.14494805038 0.14877378941 0.14466653764 0.13525611162 0.12393893301 0.11307259649 0.10362078249 
0.095533676445 0.088276565075 0.081246525049 0.074013352394 0.066403366625 0.058475483209 0.050443608314 0.0425898619 0.035193469375 
0.028482925147 0.022610118613 0.017642475665 0.013569722883 0.01032122504 0.0077886399813 0.00584835466 0.00437938096 0.0032746945508 
0.002446229104 0.0018251552247 0.0013594736811 0.0010106150294 0.00075014185859 0.00055704975966 0.0004157735093 0.00031480527832 0.00024577003205 
0.0002028192539 0.00018224406813 0.00063300417969 0.00072722125333 0.00095152488211 0.0013959923526 0.0022483342327 0.0038737824652 0.0069395946339 
0.012569335289 0.022451912984 0.038716223091 0.063213042915 0.095682680607 0.13046470284 0.15332303941 0.14747074246 0.12898159027 
0.11192850024 0.10280569643 0.10404260457 0.11758913845 0.14679008722 0.19532310963 0.25913694501 0.30801010132 0.28012606502 
0.15991711617 0.035081870854 0.44145169854 0.58348280191 0.041824329644 0.010094628669 0.27562358975 0.21013198793 0.1382728368 
0.10008754581 0.086662448943 0.090777546167 0.11027051508 0.14759223163 0.20954033732 0.30393260717 0.41303950548 0.300365448 
0.20212444663 0.13564836979 0.092399016023 0.064131893218 0.045506075025 0.033250320703 0.025364220142 0.020626978949 0.018316900358 
0.018052903935 0.019705342129 0.023345900699 0.029217245057 0.037706434727 0.049303863198 0.064523078501 0.083747565746 0.10696854442 
0.13340456784 0.1610724628 0.18646501005 0.20452240109 0.20945978165 0.19836355746 0.17798380554 0.15575070679 0.13591192663 
0.11975239962 0.10685053468 0.096148423851 0.08660441637 0.077492937446 0.068467155099 0.059488877654 0.050709482282 0.042357556522 
0.034658957273 0.027790760621 0.021860148758 0.016899678856 0.012874071486 0.0096955513582 0.0072440318763 0.0053876442835 0.0039995517582 
0.0029687921051 0.0022050088737 0.0016384752234 0.0012173524592 0.00090392446145 0.00067095947452 0.00049875321565 0.00037296334631 0.00028313416988 
0.00022173224716 0.00018353141786 0.00016523053637 0.00052953016711 0.00060695887078 0.00078864448005 0.0011402607197 0.0017939053942 0.0029963331763 
0.0051781525835 0.0090255979449 0.015495592728 0.025652840734 0.040155299008 0.058267239481 0.076654218137 0.089263863862 0.091147519648 
0.086686052382 0.081870019436 0.080943338573 0.086959272623 0.10339820385 0.13515409827 0.18666359782 0.25206565857 0.29399093986 
0.23926860094 0.079270303249 0.015986382961 0.37322178483 0.51279753447 0.40328195691 0.033232815564 0.22196024656 0.17758326232 
0.12434094399 0.094722487032 0.08375415951 0.08638779819 0.1004697606 0.12601904571 0.16334591806 0.20816755295 0.23915609717 
0.20393042266 0.15460442007 0.1121655032 0.080328263342 0.057666163892 0.041952006519 0.031315691769 0.024414133281 0.020359477028 
0.018620898947 0.01895067282 0.021339964122 0.025998830795 0.033352185041 0.044040128589 0.058903284371 0.078916601837 0.10500838608 
0.13768306375 0.17642086744 0.21898441017 0.26073336601 0.29342636466 0.30354258418 0.27782082558 0.23641787469 0.19561509788 
0.16207818687 0.13658924401 0.1175147742 0.10271400213 0.090388767421 0.079351015389 0.068993315101 0.059130389243 0.049816694111 
0.041199591011 0.033428315073 0.02661017701 0.020795483142 0.015976430848 0.012093340978 0.0090463608503 0.0067110764794 0.0049551911652 
0.0036528802011 0.0026944773272 0.0019908761606 0.0014735732693 0.0010919950437 0.00080974114826 0.00060089421459 0.00044698832789 0.00033478031401 
0.00025473636924 0.0002000520617 0.00016603789118 0.00014974370424 0.00043942959746 0.0005017160438 0.00064559181919 0.0009170557023 0.0014052162878 
0.0022695160005 0.0037755710073 0.0063252695836 0.01044392027 0.016660157591 0.025210723281 0.035579588264 0.046111397445 0.054307647049 
0.058488648385 0.059944570065 0.061217240989 0.06487929076 0.073715053499 0.091593556106 0.12396633625 0.17569571733 0.2409299016 
0.2814848721 0.21938434243 0.010548196733 0.018768684939 0.3637727499 0.47288060188 0.41845670342 0.27852088213 0.22195525467 
0.15810479224 0.11464358866 0.090859673917 0.081219352782 0.081633880734 0.089828044176 0.10463704169 0.12439960986 0.14433254302 
0.15365533531 0.1390812993 0.11363382638 0.087825261056 0.066070079803 0.049279816449 0.036989577115 0.028399081901 0.022778660059 
0.019595749676 0.018539454788 0.019519057125 0.02266597189 0.028349690139 0.037209715694 0.050198670477 0.068617165089 0.094087034464 
0.12835042179 0.17275679111 0.22749763727 0.29108929634 0.3600833118 0.42536878586 0.45791736245 0.39698570967 0.31418442726 
0.24287481606 0.18986606598 0.15253417194 0.12629944086 0.10709519684 0.09199038893 0.079171679914 0.067698687315 0.057202730328 
0.047619104385 0.038997713476 0.031398084015 0.02484736219 0.019331660122 0.014799247496 0.011166465469 0.0083252862096 0.0061531481333 
0.0045243180357 0.0033205340151 0.0024387650192 0.0017950210022 0.0013245329028 0.00097945274319 0.00072544149589 0.00053821026813 0.00040061137406 
0.00030047362088 0.00022911792621 0.0001803982741 0.00015010283096 0.00013559173385 0.00036286495742 0.00041243070154 0.00052517518634 0.00073270295979 
0.0010940150823 0.0017103175633 0.0027429827023 0.004425576888 0.0070496164262 0.010893694125 0.01607343182 0.022340767086 0.028967453167 
0.034950360656 0.039668850601 0.043545138091 0.047733236104 0.053854424506 0.064272649586 0.082752227783 0.11481844634 0.16571775079 
0.23070265353 0.27346366644 0.21702884138 0.013550875708 0.16166725755 0.40489178896 0.47328460217 0.40172025561 0.29321455956 
0.20799127221 0.14801073074 0.11095113307 0.090632639825 0.081577472389 0.079758860171 0.082639575005 0.088893778622 0.097090989351 
0.1042926982 0.10570064932 0.097412884235 0.083021104336 0.067137725651 0.052638694644 0.040715366602 0.031578205526 0.025018692017 
0.020730115473 0.018464716151 0.018106989563 0.019714476541 0.023554934189 0.030156139284 0.040378086269 0.055509477854 0.077367328107 
0.10831321031 0.15098756552 0.2075856328 0.27918708324 0.36704877019 0.47659096122 0.61405587196 0.74322855473 0.57388502359 
0.40938252211 0.29221734405 0.21508716047 0.16495700181 0.13170289993 0.10850058496 0.091051712632 0.076860941947 0.064643405378 
0.053844511509 0.044280197471 0.035904489458 0.028690034524 0.022586600855 0.017518119887 0.013390396722 0.010097610764 0.0075264093466 
0.0055601121858 0.0040842946619 0.0029930141754 0.0021940285806 0.0016116806073 0.0011871682946 0.0008767634281 0.0006489676889 0.00048149650684 
0.00035866547842 0.00026939884992 0.00020584497543 0.00016247342865 0.00013551011216 0.00012259634968 0.00029912809259 0.00033853284549 0.00042691911221 
0.00058601400815 0.000855055172 0.0012988606468 0.0020170211792 0.003149158787 0.0048661120236 0.0073336763307 0.010642326437 0.014722547494 
0.019308563322 0.024037191644 0.028701363131 0.033496111631 0.039043076336 0.04647231847 0.057782959193 0.076457388699 0.10786788911 
0.15752328932 0.22152984142 0.26508644223 0.21792195737 0.014845264144 0.20018394291 0.44145390391 0.48974189162 0.39940309525 
0.28754633665 0.20187690854 0.14601270854 0.11295990646 0.095453761518 0.087510317564 0.084231413901 0.082361169159 0.081287927926 
0.080946721137 0.080311231315 0.077410280704 0.070794910192 0.061401359737 0.051070272923 0.04130994156 0.032971583307 0.026385080069 
0.021588180214 0.018510434777 0.017093315721 0.017366575077 0.019505359232 0.023888491094 0.031174505129 0.042409703135 0.0591741018 
0.08373131603 0.11902584136 0.16817635298 0.23328600824 0.31516414881 0.41920506954 0.57231247425 0.84655606747 1.4153726101 
0.80644029379 0.49939700961 0.32923272252 0.23033772409 0.17033556104 0.13215704262 0.10633971542 0.087486982346 0.072600960732 
0.060146555305 0.049429606646 0.040172822773 0.032254725695 0.025580046698 0.020037841052 0.015502487309 0.011845398694 0.0089430147782 
0.0066791106947 0.0049447175115 0.0036386500578 0.0026694228873 0.0019577073399 0.0014380360954 0.0010589989834 0.00078195985407 0.00057884742273 
0.00042969119386 0.00032040299266 0.00024103786564 0.00018456035468 0.00014602775627 0.0001220752456 0.00011060380348 0.00024689591373 0.00027845139266 
0.00034838457941 0.00047188869212 0.00067567953374 0.001002603909 0.0015167716192 0.0023066462018 0.0034813503735 0.0051544932649 0.00741370162 
0.010285760276 0.013723740354 0.017647679895 0.022043297067 0.027073696256 0.033171400428 0.041215412319 0.052905119956 0.071333833039 
0.10131792724 0.14691954851 0.19852176309 0.21256157756 0.17835511267 0.015855129808 0.25869721174 0.48772248626 0.50234150887 
0.39543899894 0.28175330162 0.19951060414 0.14824952185 0.11989250034 0.10702940077 0.10280653089 0.099993273616 0.092957943678 
0.083670675755 0.074921146035 0.067560002208 0.060880199075 0.053932245821 0.046548694372 0.039158694446 0.032318171114 0.026444269344 
0.02176450938 0.018370201811 0.016294918954 0.015585772693 0.016363624483 0.01888022013 0.023584671319 0.031213743612 0.042921066284 
0.060447752476 0.086268760264 0.12344072014 0.17456309497 0.23963913321 0.31584367156 0.4085059464 0.56013309956 0.87675875425 
1.5312950611 0.87147641182 0.51517862082 0.3307877779 0.22734944522 0.16564820707 0.12665270269 0.10043825954 0.081492587924 
0.066757813096 0.054644666612 0.04440766573 0.035722453147 0.028425015509 0.022381519899 0.017446426675 0.013465149328 0.010288449936 
0.0077824201435 0.0058307978325 0.0043327179737 0.0031998031773 0.0023546721786 0.0017309141112 0.0012735397322 0.00093893409939 0.00069392257137 
0.00051412911853 0.00038205462624 0.00028527757968 0.00021499941067 0.00016498770856 0.00013086434046 0.00010965072579 9.9490222055e-05 0.00020452871104 
0.00023013322789 0.00028631719761 0.0003840100253 0.00054206477944 0.00079011713387 0.0011718553724 0.001747494447 0.0025933352299 0.0037960114423 
0.0054408092983 0.007598248776 0.010319277644 0.013651102781 0.017677785829 0.022580355406 0.028726419434 0.036845929921 0.048357836902 
0.065814837813 0.092715986073 0.128101632 0.14101488888 0.017193945125 0.0066446056589 0.0087517192587 0.24243453145 0.45737659931 
0.46005526185 0.36578598619 0.26653805375 0.1949904412 0.15199361742 0.13162350655 0.12799939513 0.1336414814 0.13601236045 
0.12036648393 0.098170988262 0.078179344535 0.062982752919 0.051901355386 0.043441165239 0.036492668092 0.030530389398 0.025413084775 
0.021162653342 0.017837977037 0.01549419295 0.014190505259 0.014019550756 0.015146596357 0.017858054489 0.022625548765 0.030196398497 
0.041722159833 0.058917276561 0.084141157568 0.12000349164 0.1676504761 0.22339777648 0.27795192599 0.33188003302 0.43686816096 
0.71254712343 1.1604577303 0.99163073301 0.46267753839 0.29354372621 0.20504024625 0.15085488558 0.11551981419 0.091243505478 
0.073539450765 0.059787765145 0.048562202603 0.039163019508 0.031268768013 0.024707524106 0.01933741197 0.015006172471 0.011553343385 
0.008825388737 0.0066874129698 0.0050267861225 0.0037507710513 0.0027821543626 0.0020557255484 0.001516466029 0.0011189157376 0.00082677404862 
0.00061213568551 0.00045426207362 0.00033811095636 0.00025291598286 0.00019100567442 0.00014692585682 0.00011683735647 9.8126154626e-05 8.9162349468e-05 
0.00017032347387 0.00019143802638 0.00023740371398 0.00031635188498 0.00044213081128 0.00063624815084 0.00093022157671 0.0013678127434 0.002006236231 
0.002915329067 0.0041743642651 0.0058680209331 0.0080853579566 0.010926728137 0.014522686601 0.019070237875 0.024903103709 0.032633006573 
0.043405618519 0.059270035475 0.083300940692 0.11702037603 0.14663013816 0.11837432534 0.0089865475893 0.0024178230669 0.078330777586 
0.28444695473 0.31710132957 0.29618269205 0.23840597272 0.18681554496 0.15654325485 0.14841870964 0.16123908758 0.18968294561 
0.21161359549 0.17362140119 0.12639200687 0.089173257351 0.063887409866 0.047569084913 0.036942053586 0.029648663476 0.024296481162 
0.020176451653 0.01697672531 0.014587507583 0.012997069396 0.012251245789 0.012450642884 0.013770078309 0.016494626179 0.021073684096 
0.02819926478 0.038914002478 0.054730620235 0.077633991838 0.1095122844 0.15004681051 0.19252833724 0.22215151787 0.23305603862 
0.27342543006 0.4347858429 0.72871935368 0.86405801773 0.36444842815 0.23094137013 0.16917651892 0.12886479497 0.10038262606 
0.079757370055 0.064299710095 0.052165847272 0.042243797332 0.033950313926 0.027004428208 0.021252458915 0.016567854211 0.012813873589 
0.0098438011482 0.0075148241594 0.0057004955597 0.0042960457504 0.003217296442 0.0023965353612 0.0017783902586 0.0013171121245 0.00097521027783 
0.00072271318641 0.00053642777493 0.00039896075032 0.00029757624725 0.00022307924519 0.00016887146921 0.00013023719657 0.00010384568304 8.7424428784e-05 
7.9554956756e-05 0.00014268717496 0.00016038502508 0.00019867540686 0.00026381513453 0.00036636812729 0.00052262214012 0.00075640337309 0.0011010859162 
0.0016014239518 0.002314777812 0.0033115197439 0.0046750651672 0.0065028658137 0.0089105404913 0.012042308226 0.016093943268 0.021362118423 
0.028344316408 0.037917099893 0.051599156111 0.071778357029 0.10108112544 0.1373872757 0.15947189927 0.1242967844 0.010034271516 
0.006951039657 0.010376940481 0.017716929317 0.17316132784 0.19943609834 0.17738436162 0.16262800992 0.16902798414 0.20560891926 
0.28145202994 0.37931102514 0.2621974647 0.16500969231 0.10328870267 0.066630743444 0.045195069164 0.032523065805 0.024745406583 
0.019681159407 0.016178539023 0.013675485738 0.011928779073 0.010862944648 0.010497359559 0.010920932516 0.012295540422 0.014879065566 
0.01906562224 0.025444382802 0.034876734018 0.048569556326 0.068029053509 0.094508260489 0.12711369991 0.15909951925 0.17680928111 
0.17817629874 0.2118229568 0.18498580158 0.27425900102 0.32254868746 0.20928294957 0.15784908831 0.12850107253 0.10400785506 
0.083495266736 0.067242540419 0.054521635175 0.044342808425 0.035952813923 0.028912356123 0.022998567671 0.018089083955 0.014084787108 
0.010876901448 0.0083446679637 0.0063664852642 0.0048317974433 0.0036476661917 0.0027394460049 0.0020479429513 0.0015257728519 0.0011345471721 
0.00084319454618 0.00062698929105 0.00046676932834 0.00034808824421 0.00026029051514 0.00019562261878 0.00014847997227 0.00011483311391 9.1823603725e-05 
7.7495504229e-05 7.0625836088e-05 0.00012023301679 0.00013527649571 0.0001676704851 0.00022237515077 0.00030770892045 0.00043642584933 0.00062715547392 
0.00090614100918 0.0013091379078 0.001883285935 0.0026888123248 0.0038006240502 0.0053102057427 0.0073287920095 0.0099938698113 0.013483580202 
0.018048299477 0.024074202403 0.032194424421 0.04344869405 0.059435982257 0.082203619182 0.1128666997 0.14651674032 0.16515554488 
0.14907947183 0.12214087695 0.0092832352966 0.0059377402067 0.051697902381 0.16227312386 0.17281188071 0.17234921455 0.18810728192 
0.24360194802 0.39380934834 0.83290302753 0.36954277754 0.19336140156 0.10992094874 0.066119864583 0.042118437588 0.028625978157 
0.020810542628 0.016076738015 0.013054172508 0.011053852737 0.0097588999197 0.0090526808053 0.0089307883754 0.0094633866102 0.010787772015 
0.013120238669 0.016782252118 0.022238731384 0.030144283548 0.041377406567 0.05698216334 0.077767364681 0.10306435823 0.12877234817 
0.1510578841 0.20833814144 0.55677098036 0.14625126123 0.084406234324 0.097347259521 0.090555012226 0.094519242644 0.091842487454 
0.08056089282 0.067037455738 0.054900448769 0.044903833419 0.036722224206 0.029903130606 0.024139024317 0.019264815375 0.015190864913 
0.011847135611 0.0091554690152 0.0070250355639 0.0053600594401 0.0040700193495 0.0030765682459 0.00231569889 0.001736475504 0.0012984507484 
0.00096929876599 0.00072318693856 0.00053972448222 0.00040315359365 0.00030157374567 0.00022616336355 0.00017046018911 0.00012975992286 0.00010065897368 
8.0730766058e-05 6.8309120252e-05 6.2349921791e-05 0.00010181663674 0.00011473585619 0.00014245591592 0.0001890034182 0.00026108967722 0.00036894608638 
0.00052746979054 0.00075767119415 0.001088377554 0.0015581103507 0.0022170348093 0.0031289241742 0.0043732128106 0.0060475189239 0.0082717863843 
0.011196770705 0.015022275969 0.020033437759 0.026662880555 0.035575974733 0.047743264586 0.064388871193 0.08652895689 0.11346106231 
0.1399486959 0.15662132204 0.15926797688 0.1311083883 0.11553210765 0.016530875117 0.1552298367 0.18206635118 0.19275468588 
0.19999109209 0.22690869868 0.2922077179 0.38201549649 0.25961485505 0.15924185514 0.095750130713 0.058266412467 0.036675486714 
0.024345178157 0.017257938161 0.013085498475 0.010539235547 0.0089459484443 0.0079829404131 0.0075220535509 0.0075451396406 0.0081041529775 
0.0093083437532 0.011328091845 0.014409437776 0.018895184621 0.025246752426 0.034051392227 0.045967523009 0.061476118863 0.08017025888 
0.099497646093 0.11506880075 0.13039769232 0.16975946724 0.081245787442 0.044290404767 0.034253954887 0.036257565022 0.052237585187 
0.063287355006 0.060799319297 0.052399761975 0.043600495905 0.035995516926 0.029640929773 0.02428352274 0.019716016948 0.015821043402 
0.01253623236 0.0098157105967 0.0076077766716 0.0058490596712 0.0044690151699 0.0033978049178 0.0025726640597 0.0019408790395 0.0014598363778 
0.0010955820326 0.00082113750977 0.00061514985282 0.00046090493561 0.00034554564627 0.00025936312159 0.00019513447478 0.00014753620781 0.00011266564979 
8.7680251454e-05 7.0542446338e-05 5.9847545344e-05 5.4713065765e-05 8.6531654233e-05 9.7693053249e-05 0.0001215760567 0.0001615047222 0.00022298557451 
0.00031436001882 0.00044771039393 0.00064002838917 0.00091463414719 0.0013028028188 0.0018455229001 0.0025952958968 0.003617922077 0.0049943574704 
0.0068231578916 0.0092248748988 0.012351193465 0.016402972862 0.02166072838 0.028524434194 0.037540227175 0.04935541749 0.064494773746 
0.082815147936 0.10261636227 0.12028263509 0.13219468296 0.13506828249 0.14094030857 0.13915199041 0.17954331636 0.2166941613 
0.24805949628 0.22787973285 0.21048396826 0.21292021871 0.21705386043 0.16800098121 0.1142392084 0.073363445699 0.04632345587 
0.029645044357 0.019737187773 0.013937289827 0.010522863828 0.0084743788466 0.0072340820916 0.0065245279111 0.0062305335887 0.0063307029195 
0.0068625775166 0.007908988744 0.0095971832052 0.0121051725 0.015670865774 0.020598212257 0.027249511331 0.035998977721 0.047088950872 
0.060274232179 0.074168086052 0.085775159299 0.092178836465 0.092862673104 0.069879084826 0.050293210894 0.034561876208 0.024096326903 
0.028415597975 0.042958550155 0.045264471322 0.040165662766 0.033828496933 0.028157858178 0.023349475116 0.019255703315 0.015736760572 
0.01271064207 0.010134782642 0.0079802656546 0.0062147565186 0.0047964593396 0.0036761225201 0.0028025405481 0.0021277728956 0.0016102301888 
0.0012155314907 0.0009159782785 0.0006895372062 0.0005188502837 0.00039041021955 0.00029386291862 0.00022138819622 0.00016714580124 0.00012680333748 
9.7160889709e-05 7.5871030276e-05 6.1241058575e-05 5.2098996093e-05 4.7706453188e-05 7.3683462688e-05 8.3344129962e-05 0.00010397185542 0.00013833832054 
0.00019100731879 0.00026884459658 0.00038172851782 0.00054347189143 0.00077295262599 0.001095421263 0.0015439247945 0.002160749631 0.0029987734742 
0.0041226749308 0.0056101186201 0.0075534810312 0.010063323192 0.013275450096 0.017363050953 0.022551741451 0.029125677422 0.037395872176 
0.047586169094 0.059605706483 0.072768487036 0.085760369897 0.097400099039 0.10803976655 0.12310775369 0.14880673587 0.20032276213 
0.28689262271 0.39551842213 0.29201728106 0.21233546734 0.16917908192 0.14263826609 0.1101397872 0.078088670969 0.052406564355 
0.034317266196 0.022567991167 0.015312444419 0.010949780233 0.0083427848294 0.0067757065408 0.0058398917317 0.0053256386891 0.0051436750218 
0.0052762562409 0.0057506333105 0.0066272751428 0.0079969102517 0.0099820010364 0.01273880899 0.016455402598 0.021338440478 0.027576444671 
0.035256948322 0.044200003147 0.05367859453 0.062143940479 0.067471973598 0.067976377904 0.061571903527 0.052471596748 0.041943650693 
0.030632227659 0.024896485731 0.032955572009 0.034202851355 0.030382905155 0.025731636211 0.021560225636 0.017994070426 0.01493328996 
0.012283595279 0.0099884821102 0.0080187618732 0.0063560004346 0.0049802721478 0.0038648215123 0.0029764957726 0.0022792166565 0.0017378575867 
0.0013209381141 0.0010017894674 0.00075859867502 0.00057390425354 0.00043394436943 0.00032802775968 0.00024796274374 0.0001875468879 0.00014212229871 
0.00010820686293 8.3206963609e-05 6.5205000283e-05 5.2809449699e-05 4.5052329369e-05 4.1321894969e-05 6.2753453676e-05 7.1101057983e-05 8.889426681e-05 
0.00011845362314 0.00016357767163 0.00022994088067 0.00032564622234 0.00046194085735 0.00065408984665 0.00092238257639 0.0012932132231 0.0018001433928 
0.002484821016 0.0033976337872 0.0045980312862 0.0061546391807 0.0081455614418 0.01065958105 0.013798817992 0.017681861296 0.022442387417 
0.028211578727 0.035069119185 0.042962435633 0.051649164408 0.06081848219 0.070624738932 0.082743413746 0.10206453502 0.13839200139 
0.21267741919 0.37866392732 0.83104598522 0.37976169586 0.21514859796 0.14157868922 0.10244875401 0.074736692011 0.05285294354 
0.036192625761 0.024374393746 0.016508022323 0.011512243189 0.0084276692942 0.0065433997661 0.0053947949782 0.0047085629776 0.0043415357359 
0.0042323214002 0.004369397182 0.004772843793 0.0054854210466 0.0065691894852 0.0081045636907 0.010188953951 0.012931712903 0.01644108817 
0.020797358826 0.026004686952 0.031913504004 0.038112532347 0.043831527233 0.047999676317 0.049623981118 0.048201940954 0.044480092824 
0.039275452495 0.033011697233 0.027711225674 0.028063096106 0.026154965162 0.022705188021 0.01925082691 0.0162199568 0.013614834286 
0.011362724006 0.0094018168747 0.0076940106228 0.0062189907767 0.0049642915837 0.0039171664976 0.0030604291242 0.002372110961 0.0018274654867 
0.0014015947236 0.0010715281824 0.00081734749256 0.00062248908216 0.00047356428695 0.00035996973747 0.00027344279806 0.00020762925851 0.00015768970479 
0.00011995993555 9.1674788564e-05 7.0754780609e-05 5.5649485148e-05 4.5226210204e-05 3.8693193346e-05 3.554844443e-05 5.3362087783e-05 6.0542515712e-05 
7.5825220847e-05 0.00010115143959 0.00013968136045 0.00019610319578 0.00027705985121 0.00039169701631 0.00055232469458 0.00077516841702 0.0010811535176 
0.001496638637 0.002053976059 0.0027917502448 0.0037545652594 0.0049923006445 0.0065588932484 0.008510847576 0.010905733332 0.013800500892 
0.017248358577 0.021291244775 0.025945989415 0.031192656606 0.037002563477 0.043487682939 0.051277078688 0.062168307602 0.079986214638 
0.11142477393 0.16665540636 0.25621050596 0.3642782867 0.25518968701 0.16462092102 0.10793479532 0.073700636625 0.051373746246 
0.035745836794 0.024648185819 0.016961155459 0.011830479838 0.0085170064121 0.0064219501801 0.0051088067703 0.0042904517613 0.0037961050402 
0.0035357065499 0.0034711400513 0.0035966357682 0.0039270720445 0.004491799511 0.0053316401318 0.006497066468 0.0080456444994 0.010036703199 
0.012520838529 0.015521789901 0.019008785486 0.022859876975 0.026822127402 0.030487755314 0.033329483122 0.034845143557 0.034770406783 
0.033248327672 0.030684905127 0.027460943907 0.024137569591 0.021999098361 0.019420448691 0.016701955348 0.014214999042 0.012042962015 
0.010159956291 0.0085204308853 0.0070862872526 0.0058326153085 0.0047451234423 0.0038147440646 0.0030326687265 0.002387461951 0.0018644972006 
0.001447015442 0.0011177740525 0.00086050143 0.00066079903627 0.000506499724 0.00038765216595 0.0002963070292 0.00022622421966 0.00017256630235 
0.00013161395327 0.00010052041762 7.7113094449e-05 5.9740948927e-05 4.7162066039e-05 3.8462894736e-05 3.3001684642e-05 3.0370269087e-05 4.5235028665e-05 
5.1370363508e-05 6.4411236963e-05 8.5974221292e-05 0.00011867740977 0.00016637923545 0.00023450516164 0.00033046241151 0.000464133278 0.00064842199208 
0.00089980562916 0.0012388122268 0.0016903135693 0.002283497015 0.0030513638631 0.0040296302177 0.0052549527027 0.0067625320517 0.0085832579061 
0.010740689933 0.013248226605 0.016107186675 0.019308550283 0.022847490385 0.026773050427 0.031310927123 0.037095215172 0.045492321253 
0.058878265321 0.0805202052 0.11325842142 0.15482847393 0.18532405794 0.15298290551 0.109586142 0.074903935194 0.050961274654 
0.034923862666 0.024087673053 0.016718577594 0.011745765805 0.0084451492876 0.0062896111049 0.0048950840719 0.003995269537 0.0034184765536 
0.0030633574352 0.0028769522905 0.0028376774862 0.0029437316116 0.0032059932128 0.0036439849064 0.0042835222557 0.0051548187621 0.0062898909673 
0.0077180946246 0.0094586387277 0.011509147473 0.013830317184 0.016328683123 0.01884271577 0.021141735837 0.022951424122 0.024016814306 
0.02418904379 0.023488227278 0.022089397535 0.020227134228 0.018135650083 0.016134295613 0.014098484069 0.012159983627 0.010410329327 
0.008866943419 0.0075142667629 0.0063280244358 0.0052863392048 0.0043735341169 0.0035796002485 0.0028976316098 0.0023210719228 0.0018419225235 
0.0014502499253 0.0011347078253 0.00088350917213 0.00068536557956 0.00053012737771 0.00040909094969 0.00031504576327 0.00024216597376 0.00018582721532 
0.00014240236487 0.00010906741954 8.3632592577e-05 6.4405779995e-05 5.0086979172e-05 3.9689570258e-05 3.248289795e-05 2.7951235097e-05 2.5765515602e-05 
3.8174435758e-05 4.3373733206e-05 5.4410997109e-05 7.2622620792e-05 0.00010016262968 0.00014018558431 0.00019709461776 0.00027685161331 0.00038733964902 
0.0005387532874 0.00074397417484 0.0010188631713 0.0013823758345 0.00185638119 0.0024650497362 0.0032336891163 0.0041869375855 0.0053463280201 
0.0067273858003 0.0083366995677 0.010169833899 0.012211794965 0.014443525113 0.016861272976 0.019520659 0.022619577125 0.026622436941 
0.032385379076 0.041156839579 0.054202739149 0.071654997766 0.090147420764 0.099928043783 0.088197186589 0.06781270355 0.048531275243 
0.03369680047 0.023243889213 0.016134571284 0.011364884675 0.0081872576848 0.0060805473477 0.0046860007569 0.0037599913776 0.0031423710752 
0.0027333027683 0.0024751313031 0.0023384478409 0.0023120550904 0.0023962878622 0.0025988426059 0.0029322477058 0.0034121354111 0.0040556220338 
0.0048791347072 0.0058951051906 0.0071070017293 0.008502532728 0.010045486502 0.011667937972 0.013266098686 0.01470440533 0.015832394361 
0.016515450552 0.016672022641 0.016299862415 0.015475622378 0.014324023388 0.01297647506 0.011562682688 0.010151526891 0.0088152205572 
0.00759458635 0.0065018786117 0.0055330246687 0.004677192308 0.0039228443056 0.0032605866436 0.0026835743338 0.0021865288727 0.0017643882893 
0.0014113264624 0.0011204307666 0.00088395754574 0.0006938801962 0.00054245686624 0.00042264821241 0.0003283394326 0.00025439730962 0.00019661824626 
0.00015161919873 0.0001167083974 8.9759094408e-05 6.9098736276e-05 5.3418247262e-05 4.1701016016e-05 3.3168871596e-05 2.7241852877e-05 2.3508735467e-05 
2.1706357074e-05 3.2035815821e-05 3.6400913814e-05 4.5655739086e-05 6.0894981289e-05 8.3875027485e-05 0.00011715298024 0.00016427262744 0.0002299939224 
0.00032055511838 0.00044394619181 0.00061015691608 0.00083134189481 0.0011218285654 0.0014978655381 0.0019770113286 0.0025770599023 0.0033144373447 
0.0042020878755 0.0052470085211 0.0064478563145 0.0077934991568 0.0092640835792 0.010837393813 0.012504815124 0.014302339405 0.016359860078 
0.01896035485 0.022572558373 0.027776133269 0.03495632112 0.043659992516 0.051720760763 0.055001314729 0.04999699071 0.040286656469 
0.030060512945 0.021524352953 0.015192355961 0.010777775198 0.0077907131054 0.0057909223251 0.0044500264339 0.0035423401278 0.0029197542462 
0.0024887803011 0.0021931375377 0.0020012650639 0.0018976448337 0.0018769691233 0.0019403739134 0.0020930548199 0.0023427063134 0.0026983052958 
0.0031688536983 0.0037617410999 0.0044804550707 0.0053214733489 0.0062704007141 0.00729784742 0.0083561623469 0.0093788420781 0.01028470695 
0.010988323018 0.011415913701 0.011522674933 0.011304466054 0.010798206553 0.010070160963 0.0091973356903 0.0082545112818 0.0073023722507 
0.0063871592283 0.0055368407629 0.0047639640979 0.0040707150474 0.0034537280444 0.0029076661449 0.0024272704031 0.0020080502145 0.0016460851766 
0.0013374827104 0.0010779255535 0.000862513436 0.00068590295268 0.00054261181504 0.00042734766612 0.00033526285551 0.0002620992891 0.00020423538808 
0.00015866204922 0.00012292024621 9.502251487e-05 7.3374270869e-05 5.6703604059e-05 4.4002739742e-05 3.448111238e-05 2.7528849387e-05 2.2688749596e-05 
1.9635293938e-05 1.8159591491e-05 2.6710165912e-05 3.0338193028e-05 3.802064748e-05 5.0644852308e-05 6.9628455094e-05 9.7023621493e-05 0.00013565503468 
0.00018928709324 0.00026281073224 0.00036243110662 0.00049582554493 0.00067222677171 0.00090237014228 0.0011982306605 0.0015724680852 0.002037512837 
0.0026042442769 0.0032802964561 0.0040681338869 0.0049632382579 0.0059530930594 0.0070181214251 0.0081363795325 0.0092944307253 0.010506567545 
0.011841699481 0.01344910264 0.015558767132 0.018413770944 0.022087931633 0.026188015938 0.02958801575 0.030611336231 0.02819798328 
0.023478439078 0.018189011142 0.013504415751 0.009864189662 0.0072407503612 0.0054220817983 0.0041770339012 0.0033195845317 0.0027191392146 
0.0022908626124 0.0019825214986 0.0017635654658 0.001617381 0.0015361658297 0.0015176478773 0.0015630134149 0.0016755666584 0.0018597717863 
0.0021204168443 0.0024616962764 0.002886048751 0.0033926544711 0.0039755669422 0.0046216119081 0.0053084106185 0.0060032196343 0.0066634700634 
0.0072399550118 0.0076830261387 0.0079510500655 0.0080189453438 0.0078837107867 0.0075646885671 0.0070983627811 0.0065298019908 0.0059046023525 
0.0052627148107 0.0046349973418 0.0040420135483 0.0034951879643 0.0029991334304 0.0025541791692 0.00215847441 0.0018093741965 0.0015041000443 
0.001239872654 0.0010137856007 0.00082265492529 0.00066298193997 0.0005310450797 0.0004230751365 0.00033544242615 0.00026480620727 0.00020820370992 
0.00016308273189 0.000127291627 9.9044475064e-05 7.6875185187e-05 5.9589987359e-05 4.6224075049e-05 3.6004410504e-05 2.8319131161e-05 2.2692956918e-05 
1.8767741494e-05 1.6287551261e-05 1.5087733118e-05 2.211091487e-05 2.5094777811e-05 3.1405157642e-05 4.175329741e-05 5.7270823163e-05 7.9586970969e-05 
0.00011092943896 0.00015424450976 0.00021332777396 0.00029295004788 0.00039895367809 0.00053828494856 0.00071891478729 0.00094959308626 0.0012393798679 
0.0015969035449 0.0020293265115 0.0025410489179 0.0031322760042 0.0037976983003 0.0045257695019 0.0052993213758 0.0060985879973 0.0069078714587 
0.0077265491709 0.0085830111057 0.009545317851 0.0107149994 0.012184378691 0.013943748549 0.015757909045 0.017100969329 0.017309101298 
0.01604048349 0.013694910333 0.010987616144 0.008486609906 0.0064605679363 0.0049433368258 0.0038524104748 0.0030769126024 0.0025205523707 
0.0021136594005 0.0018108008662 0.0015843339497 0.0014184179017 0.0013046769891 0.0012393766083 0.0012216651812 0.0012524644844 0.0013337233104 
0.0014678286389 0.001657039742 0.0019028434763 0.0022051697597 0.0025614385959 0.0029654740356 0.0034064054489 0.003867798252 0.004327386152 
0.0047578481026 0.0051289997064 0.0054114270024 0.0055810688064 0.0056235603988 0.0055369869806 0.0053320080042 0.0050293565728 0.0046555786394 
0.0042385305278 0.0038036592305 0.0033716014586 0.002957242541 0.0025700042024 0.00221488229 0.0018937519053 0.0016065659001 0.001352245803 
0.0011292068521 0.00093558582012 0.00076929887291 0.00062804331537 0.00050932803424 0.00041054852773 0.00032909485162 0.0002624601475 0.00020832824521 
0.00016462693748 0.00012954958947 0.00010155189375 7.9333076428e-05 6.1809856561e-05 4.8088393669e-05 3.7437886931e-05 2.9267144782e-05 2.3104641514e-05 
1.8581929908e-05 1.5420109776e-05 1.3419235074e-05 1.2450374925e-05 1.8164826542e-05 2.0592651708e-05 2.5720470148e-05 3.4111788409e-05 4.6659664804e-05 
6.4643056248e-05 8.9799439593e-05 0.00012440967839 0.00017138778639 0.00023436307674 0.00031773556839 0.00042667868547 0.00056705350289 0.00074519671034 
0.00096754031256 0.0012400345877 0.0015673643211 0.0019519913476 0.0023931181058 0.00288575585 0.0034202036913 0.003982394468 0.0045556994155 
0.0051247691736 0.0056815664284 0.0062324586324 0.0068027395755 0.0074317520484 0.0081504769623 0.008938937448 0.0096785854548 0.010141861625 
0.010073196143 0.0093616619706 0.0081621622667 0.0067698713392 0.0054447208531 0.0043290541507 0.0034569452982 0.0028001533356 0.0023097728845 
0.0019399677403 0.0016564350808 0.0014365437673 0.001266561565 0.0011387179838 0.0010490026325 0.0009957277216 0.00097863515839 0.00099832145497 
0.0010558224749 0.0011522485875 0.0012884070165 0.0014643631876 0.0016789280344 0.001929071499 0.002209310187 0.0025111602154 0.0028228014708 
0.0031291560736 0.0034125840757 0.0036543239839 0.0038366327062 0.003945288714 0.0039718784392 0.0039151990786 0.003781322157 0.0035823183134 
0.003334030509 0.0030535811093 0.002757177921 0.0024585814681 0.0021683552768 0.0018938109279 0.0016394265695 0.0014074947685 0.0011987859616 
0.0010130972369 0.00084963080008 0.00070721446536 0.00058441777946 0.00047961832024 0.00039106013719 0.00031692010816 0.00025538049522 0.0002046963491 
0.00016324809985 0.00012957454601 0.00010238754476 8.0571902799e-05 6.317604857e-05 4.9397498515e-05 3.8566613512e-05 3.0130535379e-05 2.3638445782e-05 
1.8728451323e-05 1.5116353097e-05 1.2586195226e-05 1.0982699678e-05 1.0205550097e-05 1.4806198124e-05 1.6760350263e-05 2.0882287572e-05 2.7613292332e-05 
3.7650042941e-05 5.1985109167e-05 7.1958442277e-05 9.9316268461e-05 0.0001362713374 0.00018555481802 0.00025044550421 0.00033475636155 0.00044275453547 
0.00057898589876 0.00074797839625 0.00095380627317 0.0011995115783 0.0014864151599 0.0018133848207 0.0021761881653 0.0025671268813 0.0029752117116 
0.0033872004133 0.0037897475995 0.0041726720519 0.0045326109976 0.0048751821741 0.0052124802023 0.0055527216755 0.0058822096325 0.0061478847638 
0.0062582008541 0.0061194128357 0.005698540248 0.0050603295676 0.0043273307383 0.0036146149505 0.0029919890221 0.0024821574334 0.0020775890443 
0.0017587158363 0.0015055905096 0.0013027247041 0.0011397359194 0.0010103075765 0.00091089424677 0.0008397087804 0.00079604872735 0.00077986967517 
0.00079149595695 0.00083138770424 0.00089991476852 0.00099710631184 0.0011223616311 0.0012741230894 0.001449525007 0.0016440589679 0.0018513179384 
0.0020629055798 0.0022686151788 0.0024569672532 0.0026161386631 0.0027352275793 0.0028056479059 0.0028223588597 0.0027845967561 0.0026959071402 
0.002563463524 0.0023968690075 0.00220676139 0.0020035232883 0.0017963186838 0.0015925411135 0.0013976549963 0.0012153302087 0.0010477449978 
0.00089594430756 0.00076016649837 0.0006400992861 0.00053505826509 0.00044410463306 0.00036612630356 0.00029990213807 0.00024416018277 0.00019763030286 
0.00015908959904 0.00012739613885 0.00010151094466 8.0508638348e-05 6.3579034759e-05 5.0023129006e-05 3.9245198423e-05 3.0743471143e-05 2.4100401788e-05 
1.8973261831e-05 1.5085460291e-05 1.2218850316e-05 1.0207120795e-05 8.9303930508e-06 8.3110735432e-06 1.19735314e-05 1.3529596799e-05 1.6807471184e-05 
2.2148740754e-05 3.0090670407e-05 4.1394894652e-05 5.7083296269e-05 7.8478078649e-05 0.00010724130698 0.00014540633128 0.00019539050118 0.00025997532066 
0.0003422361915 0.0004454033915 0.00057263683993 0.0007267043693 0.00090956513304 0.001121883397 0.0013625221327 0.0016281029675 0.0019127535634 
0.0022081967909 0.0025043413043 0.0027904929593 0.0030571387615 0.0032979128882 0.0035108216107 0.0036973317619 0.0038581171539 0.0039859358221 
0.0040594688617 0.0040450184606 0.0039111603983 0.003651017556 0.0032937177457 0.0028909328394 0.0024929258507 0.0021326944698 0.0018235569587 
0.0015650867717 0.0013505920069 0.0011723805219 0.0010242060525 0.00090180535335 0.0008025780553 0.0007250836934 0.00066862168023 0.00063294504071 
0.00061806966551 0.00062413193518 0.00065125635592 0.0006994153955 0.00076826632721 0.0008569645579 0.000963960425 0.0010867946548 0.0012219214113 
0.0013646021252 0.0015089154476 0.0016479385085 0.0017741355114 0.0018799527315 0.0019585716072 0.0020047002472 0.0020152509678 0.0019897280727 
0.0019302438013 0.0018411426572 0.0017283378402 0.0015985176433 0.0014583829325 0.0013140435331 0.0011706303339 0.0010321303271 0.00090140104294 
0.00078030017903 0.00066987215541 0.00057053833734 0.00048226315994 0.00040468512452 0.00033721551881 0.00027911219513 0.00022953827283 0.00018761113461 
0.00015244264796 0.0001231716742 9.8987955425e-05 7.9147794168e-05 6.298241351e-05 4.9900609156e-05 3.9387428842e-05 3.1000221497e-05 2.4363296689e-05 
1.916202018e-05 1.513670486e-05 1.2076851817e-05 9.8158398032e-06 8.2262704382e-06 7.2161105891e-06 6.7256887633e-06 9.6080120784e-06 1.0834052773e-05 
1.3413261513e-05 1.7607064365e-05 2.3825155949e-05 3.2645504689e-05 4.4838980102e-05 6.1396000092e-05 8.3551814896e-05 0.00011280448962 0.00015091813111 
0.00019990131841 0.00026194893871 0.00033933491795 0.00043424509931 0.00054854451446 0.00068348355126 0.0008393600001 0.0010151751339 0.0012083394686 
0.0014145050664 0.001627612859 0.0018402379937 0.0020442863461 0.0022320013959 0.0023970801849 0.0025354607496 0.0026451863814 0.0027248854749 
0.0027711542789 0.0027764327824 0.0027299178764 0.0026229766663 0.0024566790089 0.0022452208214 0.0020111626945 0.0017767362297 0.0015575659927 
0.0013612580951 0.0011894111522 0.0010405420326 0.00091231620172 0.000802686729 0.00071023224154 0.00063410069561 0.00057384470711 0.00052927259821 
0.00050034036394 0.00048707303358 0.00048949453048 0.0005075535737 0.00054103537695 0.00058945792262 0.00065195449861 0.00072715053102 0.00081304716878 
0.00090693432139 0.0010053541046 0.0011041472899 0.0011986044701 0.0012837356189 0.0013546511764 0.0014070144389 0.0014375013998 0.0014441779349 
0.0014267147053 0.0013863911154 0.0013258832041 0.0012488862267 0.0011596553959 0.0010625504656 0.000961655227 0.00086051371181 0.00076199043542 
0.00066824053647 0.00058075675042 0.00050046213437 0.00042781833326 0.00036293026642 0.00030563719338 0.00025558733614 0.00021229792037 0.00017520361871 
0.00014369589917 0.0001171544136 9.4971423096e-05 7.6569835073e-05 6.1415077653e-05 4.9022128223e-05 3.8958463847e-05 3.0844355933e-05 2.4351031243e-05 
1.9197703296e-05 1.5147946215e-05 1.2005734789e-05 9.6115754786e-06 7.8388184193e-06 6.5903809627e-06 5.7959859987e-06 5.4100082707e-06 7.6531769082e-06 
8.6093123173e-06 1.0618016859e-05 1.3877169295e-05 1.869580592e-05 2.5507848477e-05 3.4888671507e-05 4.7572579206e-05 6.4468331402e-05 8.6668704171e-05 
0.00011544855079 0.00015224450908 0.00019860854081 0.00025612700847 0.00032629913767 0.00041037160554 0.00050913420273 0.00062268908368 0.00075022061355 
0.00088980182773 0.0010382867185 0.0011913378257 0.0013436381705 0.0014893038897 0.0016224759165 0.0017379849451 0.0018318858929 0.0019016059814 
0.0019455165602 0.0019620580133 0.0019490179839 0.0019038601313 0.0018255315954 0.0017168238992 0.0015852631768 0.0014413356548 0.0012953451369 
0.0011550210183 0.0010248437757 0.00090670282952 0.00080099113984 0.0007075042231 0.00062594283372 0.00055610248819 0.00049789418699 0.00045131018851 
0.00041638460243 0.00039316021139 0.00038165925071 0.00038184953155 0.00039360200753 0.00041663635056 0.00045045645675 0.00049427821068 0.00054695666768 
0.00060692324769 0.00067214498995 0.00074012222467 0.00080793933012 0.00087238155538 0.00093011825811 0.00097794632893 0.001013066154 0.0010333522223 
0.001037568436 0.0010254905792 0.0009979037568 0.00095648062415 0.00090356176952 0.00084188493202 0.00077430851525 0.00070357165532 0.00063211639645 
0.00056198018137 0.00049475516425 0.00043159737834 0.00037326986785 0.00032020342769 0.00027256051544 0.00023029651493 0.00019321315631 0.00016100409266 
0.00013329244393 0.0001096614651 8.9678898803e-05 7.2915878263e-05 5.8960820752e-05 4.7428799007e-05 3.7967583921e-05 3.0260654967e-05 2.4028151529e-05 
1.9026283553e-05 1.5045742657e-05 1.1909461136e-05 9.4700699265e-06 7.6072528827e-06 6.2252111093e-06 5.2503364714e-06 4.629247087e-06 4.3272434596e-06 
6.0552597461e-06 6.7936193773e-06 8.3427121353e-06 1.0850735634e-05 1.4548380932e-05 1.975809937e-05 2.6905074265e-05 3.6528384953e-05 4.9290254537e-05 
6.5980420914e-05 8.7511849415e-05 0.00011490306497 0.00014924205607 0.00019162635726 0.00024307619606 0.00030441855779 0.00037614704343 0.00045826664427 
0.00055014120881 0.00065036857268 0.00075671257218 0.00086612312589 0.00097486918094 0.0010787928477 0.0011736688903 0.0012556161964 0.0013214607025 
0.0013689396437 0.0013966573169 0.0014038352529 0.0013900693739 0.0013553994941 0.0013008175883 0.0012289078441 0.0011439772788 0.0010513433954 
0.0009561861516 0.00086264393758 0.000773517997 0.00069047091529 0.0006144210347 0.00054588925559 0.00048521498684 0.00043265573913 0.00038842097274 
0.00035267838393 0.00032555294456 0.00030712151784 0.0002974041854 0.00029634794919 0.00030380237149 0.0003194870078 0.00034295202931 0.00037353506195 
0.0004103203828 0.00045210542157 0.0004973859759 0.00054436642677 0.00059100543149 0.0006351005286 0.00067441258579 0.00070682138903 0.00073049566709 
0.00074405461783 0.00074669462629 0.00073825905565 0.00071923487121 0.00069068081211 0.0006540970644 0.00061126245419 0.00056406483054 0.00051434821216 
0.0004637936363 0.00041384113138 0.00036565028131 0.00032009455026 0.00027777950163 0.00023907517607 0.00020415503241 0.00017303577624 0.00014561440912 
0.00012170138507 0.00010104847024 8.3372164227e-05 6.8372348323e-05 5.5746768339e-05 4.5202039473e-05 3.6461093259e-05 2.9268299841e-05 2.3392276489e-05 
1.8627137251e-05 1.479257844e-05 1.1733052816e-05 9.3164426289e-06 7.4324057096e-06 5.9905887611e-06 4.9188602134e-06 4.1616854105e-06 3.6787189401e-06 
3.4437025533e-06 4.7638777687e-06 5.3288745221e-06 6.5126341724e-06 8.4250496002e-06 1.1236635146e-05 1.5184707081e-05 2.0580528144e-05 2.7816264264e-05 
3.7370227801e-05 4.9808309996e-05 6.5778935095e-05 8.5998501163e-05 0.00011122392607 0.00014220910089 0.00017964348081 0.00022407194774 0.00027579985908 
0.00033478965634 0.00040056119906 0.00047211165656 0.00054787431145 0.00062573311152 0.00070310942829 0.00077712163329 0.00084480975056 0.00090339430608 
0.00095052120741 0.00098443776369 0.0010040552588 0.0010089066345 0.00099906593096 0.0009751325706 0.00093832390849 0.00089058390586 0.00083452253602 
0.00077310099732 0.00070918916026 0.00064521672903 0.00058303971309 0.00052399013657 0.00046900950838 0.00041877862532 0.00037380791036 0.00033448857721 
0.00030111995875 0.00027392370976 0.00025305245072 0.00023859336216 0.00023056661303 0.00022891789558 0.00023350477568 0.00024407744058 0.00026025576517 
0.00028150447179 0.00030711057479 0.00033616818837 0.00036757517955 0.00040004780749 0.00043215689948 0.00046238882351 0.0004892287543 0.00051126035396 
0.00052727211732 0.00053635513177 0.00053797912551 0.00053203222342 0.00051881937543 0.00049901771126 0.00047359865857 0.00044372820412 0.00041066110134 
0.00037564331433 0.00033983256435 0.00030424172292 0.00026970735053 0.00023687836074 0.00020622211741 0.00017804114032 0.00015249628632 0.00012963214249 
0.00010940234642 9.1692767455e-05 7.6341784734e-05 6.3157800469e-05 5.1933173381e-05 4.2455463699e-05 3.4515825973e-05 2.7915197279e-05 2.2468346287e-05 
1.8006479877e-05 1.4378540982e-05 1.145155602e-05 9.1103183877e-06 7.2566162999e-06 5.8081586758e-06 4.6973705139e-06 3.8701823541e-06 3.2848784031e-06 
2.9111092772e-06 2.7290989237e-06 3.7327495193e-06 4.1616126509e-06 5.058916031e-06 6.5054050538e-06 8.6259842647e-06 1.1593789168e-05 1.5634752344e-05 
2.103182851e-05 2.8127791666e-05 3.7325076846e-05 4.9080925237e-05 6.3895822677e-05 8.2292994193e-05 0.00010478722106 0.00013184182171 0.00016381390742 
0.00020089068857 0.00024302118982 0.00028985162498 0.00034067471279 0.00039440480759 0.00044958939543 0.00050446554087 0.00055706204148 0.00060534197837 
0.00064736692002 0.0006814597873 0.00070633442374 0.00072117202217 0.00072563596768 0.00071984843817 0.00070436001988 0.00068013078999 0.00064850260969 
0.00061111501418 0.00056974816835 0.00052613567095 0.00048181833699 0.00043807714246 0.00039593558176 0.00035620044218 0.00031950688572 0.00028635578929 
0.00025713938521 0.00023215834517 0.0002116348478 0.00019572049496 0.00018450143398 0.00017799901252 0.00017616686819 0.00017888320144 0.00018594000721 
0.00019703013822 0.00021173371351 0.00022950694256 0.00024967582431 0.0002714387665 0.00029388061375 0.00031600071816 0.00033675547456 0.00035511411261 
0.00037012321991 0.00038097336073 0.00038705949555 0.00038802690688 0.00038379506441 0.00037455619895 0.00036074730451 0.00034300307743 0.00032209366327 
0.00029885786353 0.00027414082433 0.00024874028168 0.00022336699476 0.00019862031331 0.0001749767689 0.00015279011859 0.00013229977048 0.00011364414968 
9.6876814496e-05 8.198327123e-05 6.8897010351e-05 5.7514029322e-05 4.7705569159e-05 3.9328529965e-05 3.2233943784e-05 2.6273522963e-05 2.1304493202e-05 
1.7192945961e-05 1.3816029423e-05 1.1063189959e-05 8.836638699e-06 7.0513142418e-06 5.6344397308e-06 4.5248525566e-06 3.6721964989e-06 3.0360870369e-06 
2.5853105399e-06 2.2971223643e-06 2.1566872874e-06 2.9203167742e-06 3.243811534e-06 3.9197084334e-06 5.0068751989e-06 6.5961180553e-06 8.8128208517e-06 
1.1819814063e-05 1.5819874534e-05 2.1057056074e-05 2.7815820431e-05 3.6416800867e-05 4.7207806347e-05 6.0548805777e-05 7.6789830928e-05 9.6241121355e-05 
0.00011913603521 0.00014558853582 0.00017554848455 0.00020876000053 0.00024472954101 0.00028271120391 0.00032171534258 0.00036054549855 0.00039786455454 
0.00043228498544 0.00046247444698 0.00048726150999 0.0005057262606 0.00051726162201 0.00052160036284 0.00051881041145 0.00050927122356 0.00049363926519 
0.00047280036961 0.00044780358439 0.00041977388901 0.0003898224968 0.00035897624912 0.00032813852886 0.00029807863757 0.00026943994453 0.00024275298347 
0.00021844972798 0.0001968757424 0.00017829987337 0.00016292276268 0.00015088252258 0.0001422589994 0.00013707490871 0.00013529455464 0.00013682013378 
0.00014148592891 0.00014905126591 0.00015919379075 0.00017150456551 0.00018548665685 0.00020055985078 0.00021607277449 0.00023132380738 0.00024559089798 
0.0002581688459 0.0002684109495 0.00027577165747 0.00027984412736 0.00028038857272 0.00027734634932 0.0002708392858 0.00026115207584 0.00024870270863 
0.00023400355713 0.00021761879907 0.00020012378809 0.00018206921231 0.00016395350394 0.00014620434376 0.00012916891137 0.00011311157868 9.8217693449e-05 
8.4601175331e-05 7.2314564022e-05 6.1360144173e-05 5.1700826589e-05 4.3270476453e-05 3.5982986446e-05 2.9740018363e-05 2.4437338652e-05 1.9969817004e-05 
1.6235218936e-05 1.3136875168e-05 1.058552607e-05 8.5003894128e-06 6.8096924224e-06 5.4507468121e-06 4.3697373258e-06 3.5213024603e-06 2.8680008199e-06 
2.3797388167e-06 2.0332161057e-06 1.8114292288e-06 1.7032757569e-06 2.2901811008e-06 2.5334347811e-06 3.0409441933e-06 3.855408977e-06 5.042513294e-06 
6.6926204454e-06 8.92254684e-06 1.1876986719e-05 1.5729023289e-05 2.0679022782e-05 2.6951109248e-05 3.4786367905e-05 4.4431952119e-05 5.6125503761e-05 
7.0074616815e-05 8.6431842647e-05 0.00010526635015 0.00012653478188 0.00015005460591 0.0001754839468 0.00020231296367 0.00022987011471 0.00025734654628 
0.00028383845347 0.00030840514228 0.00033013627399 0.0003482203465 0.00036200616159 0.00037104665535 0.00037512325798 0.00037424833863 0.00036865103175 
0.00035874961759 0.00034511415288 0.00032842098153 0.00030940104625 0.00028879096499 0.00026729344972 0.00024555181153 0.00022413706756 0.00020354500157 
0.00018419776461 0.00016644777497 0.00015058266581 0.00013683007273 0.00012536221766 0.00011629962682 0.00010971358279 0.00010562736134 0.00010401585314 
0.00010480375931 0.00010786276835 0.00011300822371 0.00011999614071 0.00012852170039 0.00013822031906 0.00014867263963 0.00015941464517 0.00016995280748 
0.00017978491087 0.00018842511054 0.00019543130475 0.00020043228869 0.00020315177971 0.00020342571952 0.00020121141279 0.00019658646488 0.00018973796978 
0.00018094363622 0.00017054716591 0.00015893070668 0.00014648813521 0.00013360097364 0.00012061939924 0.00010784842016 9.5540097391e-05 8.389060531e-05 
7.3041534051e-05 6.3084087742e-05 5.4065345466e-05 4.5995489927e-05 3.8855254388e-05 3.2603027648e-05 2.7181449695e-05 2.2523003281e-05 1.8554759663e-05 
1.5202169379e-05 1.239197718e-05 1.0054368431e-05 8.1244406829e-06 6.5431431722e-06 5.2577602219e-06 4.2220726755e-06 3.3962662656e-06 2.7466821848e-06 
2.2454694317e-06 1.8701942963e-06 1.6034565533e-06 1.4325404436e-06 1.3491346635e-06 1.8113395299e-06 1.9947133296e-06 2.376716111e-06 2.9883133266e-06 
3.8770153878e-06 5.1079546211e-06 6.764959835e-06 8.9513414423e-06 1.1789959899e-05 1.5422121578e-05 2.0004767066e-05 2.5705367079e-05 3.2694089896e-05 
4.1132851038e-05 5.1161194278e-05 6.2879371399e-05 7.6329575677e-05 9.1476824309e-05 0.00010819184536 0.00012623831572 0.0001452677825 0.00016482411593 
0.00018435959646 0.0002032621851 0.00022089271806 0.00023662814056 0.00024990603561 0.00026026504929 0.00026737572625 0.00027105942718 0.00027129295631 
0.00026820105268 0.00026203942252 0.00025316941901 0.00024202867644 0.00022909963445 0.00021487999766 0.00019985805557 0.00018449450727 0.00016921124188 
0.00015438490664 0.00014034421474 0.00012736968347 0.0001156946455 0.00010550682055 9.6950469015e-05 9.0128283773e-05 8.5102743469e-05 8.1896927441e-05 
8.0494566646e-05 8.083927969e-05 8.2833466877e-05 8.6336949607e-05 9.1166191851e-05 9.709445294e-05 0.00010385394853 0.00011114051449 0.00011862155225 
0.00012594723376 0.00013276509708 0.0001387368975 0.00014355682652 0.00014696925064 0.00014878399088 0.00014888736769 0.00014724791981 0.00014391563309 
0.00013901494094 0.00013273267541 0.00012530197273 0.00011698441813 0.00010805223428 9.87719759e-05 8.9391200163e-05 8.0128542322e-05 7.116751658e-05 
6.2653671193e-05 5.469466123e-05 4.7362587793e-05 4.0697726945e-05 3.4713273635e-05 2.9400427593e-05 2.473332097e-05 2.0673713152e-05 1.7175107132e-05 
1.4186247427e-05 1.1654006812e-05 9.5256309578e-06 7.7504273577e-06 6.2809513111e-06 5.0737999118e-06 4.0900426939e-06 3.2954146718e-06 2.6602942853e-06 
2.1595681119e-06 1.7724034933e-06 1.4819836451e-06 1.2752414023e-06 1.1426147921e-06 1.077847628e-06 1.4582466292e-06 1.5982118384e-06 1.8893297238e-06 
2.3542709187e-06 3.0277353744e-06 3.9571300476e-06 5.2032191888e-06 6.8405211096e-06 8.9571722128e-06 1.1653917682e-05 1.5041896404e-05 1.9238834284e-05 
2.4363363991e-05 3.0527262425e-05 3.7825691834e-05 4.6325611038e-05 5.6053209846e-05 6.6981214331e-05 7.9017772805e-05 9.1998255812e-05 0.00010568225116 
0.00011975665984 0.00013384624617 0.00014753153664 0.00016037285968 0.00017193837266 0.00018183331122 0.00018972685211 0.0001953736064 0.00019862753106 
0.00019944724045 0.00019789295038 0.00019411637913 0.00018834551156 0.00018086591444 0.00017200096045 0.00016209286696 0.00015148629609 0.00014051511243 
0.00012949286611 0.00011870612798 0.00010841052426 9.8828371847e-05 9.0147863375e-05 8.2522863522e-05 7.6073520177e-05 7.0886817412e-05 6.7017150286e-05 
6.4486943302e-05 6.3286606746e-05 6.3374485762e-05 6.4676562033e-05 6.7086279159e-05 7.0464731834e-05 7.4641808169e-05 7.9418525274e-05 8.4571300249e-05 
8.9858054707e-05 9.502661851e-05 9.9825083453e-05 0.00010401348845 0.00010737605771 0.00010973306053 0.00011095080117 0.00011094885122 0.00010970366566 
0.00010724800086 0.00010366633069 9.9086908449e-05 9.3671093055e-05 8.7601416453e-05 8.1069469161e-05 7.4264738942e-05 6.7365101131e-05 6.0529600887e-05 
5.3893592849e-05 4.756627095e-05 4.1630151827e-05 3.6142271711e-05 3.113647108e-05 2.6626539693e-05 2.2609621738e-05 1.9069748305e-05 1.5981217075e-05 
1.3311590919e-05 1.1024349078e-05 9.0810908659e-06 7.4432641668e-06 6.0735105762e-06 4.9366358326e-06 4.0002555579e-06 3.2351897516e-06 2.6156499189e-06 
2.1192679469e-06 1.7270223225e-06 1.4230932948e-06 1.1946839322e-06 1.0318329942e-06 9.2724110345e-07 8.76127217e-07 1.2107434486e-06 1.3207328493e-06 
1.5491452814e-06 1.9130472992e-06 2.4384987682e-06 3.1609895359e-06 4.1258317651e-06 5.3883418332e-06 7.0136079557e-06 9.0756093414e-06 1.1655455637e-05 
1.4838474272e-05 1.8710006771e-05 2.3349775802e-05 2.8824886613e-05 3.518172889e-05 4.243723015e-05 5.0570219173e-05 5.9513880842e-05 6.9150417403e-05 
7.9309051216e-05 8.976830577e-05 0.00010026308155 0.00011049667955 0.00012015682296 0.00012893442181 0.00013654331269 0.0001427387906 0.00014733267017 
0.00015020405408 0.00015130410611 0.00015065565822 0.00014834778267 0.00014452634787 0.00013938244956 0.00013313945965 0.00012604026415 0.00011833569442 
0.00011027453729 0.0001020957352 9.4022238045e-05 8.6256695795e-05 7.8978446254e-05 7.2341681516e-05 6.6474385676e-05 6.1477905547e-05 5.7426812418e-05 
5.4369043937e-05 5.2326053265e-05 5.1292961871e-05 5.1238694141e-05 5.2106126532e-05 5.3812469559e-05 5.6250028138e-05 5.9287649492e-05 6.2773149693e-05 
6.6536922532e-05 7.0396927185e-05 7.416508015e-05 7.7654854977e-05 8.0689707829e-05 8.3111641288e-05 8.4789462562e-05 8.5625542852e-05 8.5560779553e-05 
8.45770046e-05 8.2696475147e-05 7.9978824942e-05 7.651548367e-05 7.242240099e-05 6.7831715569e-05 6.2883278588e-05 5.771655924e-05 5.2463776228e-05 
4.7244451707e-05 4.2161587771e-05 3.7299487303e-05 3.2723066397e-05 2.847838914e-05 2.4594095521e-05 2.1083511456e-05 1.7947051674e-05 1.5174784494e-05 
1.274893566e-05 1.064616572e-05 8.8396091087e-06 7.3005935519e-06 6.0000320445e-06 4.9095010581e-06 4.0020454435e-06 3.2527279927e-06 2.6389743653e-06 
2.1407554414e-06 1.7406407551e-06 1.4237660935e-06 1.1777382269e-06 9.9251133179e-07 8.6025221435e-07 7.7521298181e-07 7.3362554076e-07 1.0539181403e-06 
1.1451355704e-06 1.3343061482e-06 1.6350458054e-06 2.0681011392e-06 2.6616507967e-06 3.4515526295e-06 4.4814128159e-06 5.8023165366e-06 7.4720546763e-06 
9.5536524896e-06 1.2113040611e-05 1.5215749954e-05 1.8922561139e-05 2.3284183044e-05 2.8335161915e-05 3.4087406675e-05 4.0523849748e-05 4.7592988267e-05 
5.5205062381e-05 6.3230654632e-05 7.1502450737e-05 7.9820281826e-05 8.7959728262e-05 9.568365931e-05 0.00010275569366 0.00010895447485 0.00011408721912 
0.0001180013569 0.00012059279834 0.00012181069906 0.00012165803491 0.00012018880807 0.00011750220438 0.0001137347208 0.00010905121599 0.00010363567708 
9.7682328487e-05 9.1387868451e-05 8.494463691e-05 7.8535216744e-05 7.2328126407e-05 6.6474654886e-05 6.1106453359e-05 5.6334167311e-05 5.224643246e-05 
4.8909339966e-05 4.6366287279e-05 4.4637901738e-05 4.372226249e-05 4.3595024181e-05 4.4209875341e-05 4.549913865e-05 4.7374782298e-05 4.972998795e-05 
5.244147178e-05 5.53727441e-05 5.8378242102e-05 6.1308550357e-05 6.4016334363e-05 6.6362867074e-05 6.8224471761e-05 6.9498673838e-05 7.010918489e-05 
7.0009642513e-05 6.9185145549e-05 6.7651977588e-05 6.5455365984e-05 6.2665247242e-05 5.9370937379e-05 5.567482367e-05 5.1685987273e-05 4.7514015023e-05 
4.3263647967e-05 3.903036486e-05 3.4897311707e-05 3.0933337257e-05 2.7192239941e-05 2.3712977054e-05 2.05205979e-05 1.7627760826e-05 1.5036549485e-05 
1.2740467355e-05 1.0726379514e-05 8.9763598226e-06 7.4693566603e-06 6.1826017372e-06 5.092776064e-06 4.1769312702e-06 3.4131778648e-06 2.7811670407e-06 
2.2624083158e-06 1.8404382445e-06 1.5008903347e-06 1.2314815194e-06 1.0219506521e-06 8.6396460119e-07 7.510164437e-07 6.7832598916e-07 6.4275695877e-07 
9.7794315934e-07 1.0601346503e-06 1.230445605e-06 1.5008489527e-06 1.8895669882e-06 2.4213079541e-06 3.1274505545e-06 4.0460631681e-06 5.2216269069e-06 
6.7043147283e-06 8.548669939e-06 1.0811557331e-05 1.3549282812e-05 1.6813848561e-05 2.0648411009e-05 2.5082123102e-05 3.0124698242e-05 3.5761117033e-05 
4.1947110731e-05 4.8606016207e-05 5.5627686379e-05 6.2869876274e-05 7.0162444899e-05 7.7314456576e-05 8.4123545093e-05 9.0387082309e-05 9.5913877885e-05 
0.00010053565347 0.00010411677795 0.0001065616816 0.00010781922902 0.00010788396321 0.0001067943158 0.0001046283287 0.000101497586 9.7539967101e-05 
9.2912021501e-05 8.7781438197e-05 8.2320111687e-05 7.6698124758e-05 7.1078480687e-05 6.561306509e-05 6.0439251683e-05 5.5677614e-05 5.1430110034e-05 
4.7778972657e-05 4.4786025683e-05 4.2492298235e-05 4.091799201e-05 4.0062557673e-05 3.9904931327e-05 4.040406202e-05 4.1499588406e-05 4.3112951971e-05 
4.514901957e-05 4.7498309868e-05 5.0040012866e-05 5.2645813412e-05 5.5184442317e-05 5.7526958699e-05 5.9552246967e-05 6.1152612034e-05 6.2238927057e-05 
6.2744875322e-05 6.2629922468e-05 6.1880782596e-05 6.0511083575e-05 5.855938798e-05 5.6085758843e-05 5.3167175793e-05 4.9892252719e-05 4.6355751692e-05 
4.2653304263e-05 3.8876711187e-05 3.5110148019e-05 3.1427298381e-05 2.7889649573e-05 2.454562491e-05 2.1430685592e-05 1.856806557e-05 1.5969992091e-05 
1.3639257304e-05 1.1570899005e-05 9.7539177659e-06 8.1729203885e-06 6.8095773713e-06 5.6439025684e-06 4.6553091124e-06 3.8234443309e-06 3.1288259379e-06 
2.5532931431e-06 2.0803015559e-06 1.6950924646e-06 1.3847633227e-06 1.1382675211e-06 9.4636408221e-07 8.0154160287e-07 6.9792866952e-07 6.3120972982e-07 
5.9855170775e-07 
MMP 1 10000 double
1.2970071239e-08 1.4730470177e-08 1.8289902926e-08 2.3707048769e-08 3.1026118563e-08 4.0231629583e-08 5.1200458984e-08 6.3660777982e-08 7.7168188284e-08 
9.110746646e-08 1.0472457035e-07 1.1718805126e-07 1.276723367e-07 1.3545059119e-07 1.3998237591e-07 1.4098090162e-07 1.3844744728e-07 1.3266776477e-07 
1.2416953155e-07 1.1364959818e-07 1.0188482236e-07 8.9642909984e-08 7.760830556e-08 6.6333868176e-08 5.6220994082e-08 4.752578775e-08 4.0384232847e-08 
3.4848785191e-08 3.0929925288e-08 2.8638121208e-08 2.8024293997e-08 2.9218536923e-08 3.2467877276e-08 3.8174047035e-08 4.6930651365e-08 5.9556267473e-08 
7.7112936481e-08 1.0089030411e-07 1.3232403262e-07 1.7281229248e-07 2.2340545058e-07 2.8438395816e-07 3.5480633187e-07 4.3218616952e-07 5.1248747468e-07 
5.905617968e-07 6.6096424689e-07 7.1892043252e-07 7.612071613e-07 7.8674582937e-07 7.9679068676e-07 7.9470862602e-07 7.8538869275e-07 7.7428745726e-07 
7.6606556831e-07 7.6284806028e-07 7.6252729286e-07 7.5816330991e-07 7.3981044579e-07 6.9893951604e-07 6.3321647303e-07 5.4829484952e-07 4.5536427251e-07 
3.6626087763e-07 2.8923452078e-07 2.274233708e-07 1.7989636092e-07 1.4374593604e-07 1.15837544e-07 9.3690140091e-08 7.5646269693e-08 6.0699228754e-08 
4.8250516471e-08 3.7919424045e-08 2.9426468373e-08 2.2534512922e-08 1.7024278876e-08 1.2687865869e-08 9.3299776793e-09 6.7715193452e-09 4.8529544827e-09 
3.4363243362e-09 2.4057429382e-09 1.6665155922e-09 1.1432499392e-09 7.7737244419e-10 5.2440096709e-10 3.5125774511e-10 2.3381729886e-10 1.547905415e-10 
1.0198136779e-10 6.6906417906e-11 4.373707993e-11 2.8511684333e-11 1.8563367857e-11 1.2113436122e-11 7.9882350734e-12 5.4257054578e-12 3.9464573102e-12 
3.2710355691e-12 1.878696132e-08 2.1341021395e-08 2.6505462714e-08 3.4365900348e-08 4.4987100267e-08 5.8347211507e-08 7.4268434958e-08 9.2357524295e-08 
1.1197133176e-07 1.3221919914e-07 1.5200831172e-07 1.7013125841e-07 1.8538446511e-07 1.9670177664e-07 2.0328174344e-07 2.0468837647e-07 2.0090762121e-07 
1.9234761339e-07 1.7978153721e-07 1.6424176863e-07 1.4688535543e-07 1.2885659828e-07 1.1117209198e-07 9.4645365323e-08 7.9857038315e-08 6.7165387918e-08 
5.6746010557e-08 4.8648022499e-08 4.2856122207e-08 3.9352318737e-08 3.8174754025e-08 3.9474851832e-08 4.357564265e-08 5.103455436e-08 6.2712658178e-08 
7.9845598577e-08 1.0409934958e-07 1.3757355077e-07 1.8269106761e-07 2.4189921533e-07 3.1712446003e-07 4.0899553255e-07 5.159806733e-07 6.3376256776e-07 
7.5528402022e-07 8.7173373231e-07 9.7421127521e-07 1.0554595065e-06 1.1113680785e-06 1.14202021e-06 1.1520631915e-06 1.1503369706e-06 1.1487044276e-06 
1.15985506e-06 1.1937140698e-06 1.2525168813e-06 1.3259755178e-06 1.3899234546e-06 1.412329425e-06 1.3666885934e-06 1.2456429204e-06 1.0653005802e-06 
8.5766299662e-07 6.5666165483e-07 4.8614043635e-07 3.5533858522e-07 2.6169675493e-07 1.9684105723e-07 1.5170515155e-07 1.1915538067e-07 9.4516700244e-08 
7.5066729721e-08 5.9316324297e-08 4.6443890511e-08 3.5948875876e-08 2.7472150776e-08 2.0715077653e-08 1.5409247212e-08 1.1308610937e-08 8.1900735083e-09 
5.8560316596e-09 4.1362038239e-09 2.8878850422e-09 1.9946981844e-09 1.364169e-09 9.2459107037e-10 6.216258619e-10 4.149630084e-10 2.7527966018e-10 
1.8162531201e-10 1.1926985788e-10 7.8004352977e-11 5.084161217e-11 3.3051818227e-11 2.1464210617e-11 1.3972783867e-11 9.1934238e-12 6.2307234025e-12 
4.5231873802e-12 3.7443130194e-12 3.2457759147e-08 3.6879285403e-08 4.5820595318e-08 5.9431407351e-08 7.782586664e-08 1.009690962e-07 1.2855750242e-07 
1.599164392e-07 1.9394104811e-07 2.2909928532e-07 2.6350772941e-07 2.9507646104e-07 3.2170802911e-07 3.4152321859e-07 3.5308249835e-07 3.5556931266e-07 
3.4890541656e-07 3.3376988995e-07 3.1151313351e-07 2.8397363394e-07 2.5323225827e-07 2.2135270683e-07 1.9016175656e-07 1.6110476508e-07 1.3519039044e-07 
1.13013499e-07 9.4832543596e-08 8.0675505387e-08 7.0453019418e-08 6.4068210293e-08 6.1520012196e-08 6.3005572315e-08 6.9030846817e-08 8.0540608849e-08 
9.9076146398e-08 1.2695491591e-07 1.674377188e-07 2.2479855488e-07 3.0415492347e-07 4.108727012e-07 5.4938487892e-07 7.2139005169e-07 9.2371141136e-07 
1.1466651131e-06 1.3743589307e-06 1.5878106296e-06 1.7694592316e-06 1.9066475261e-06 1.9943938696e-06 2.0378083718e-06 2.0534537271e-06 2.0689706162e-06 
2.1202074549e-06 2.2444405658e-06 2.4681330615e-06 2.7899343422e-06 3.1649587982e-06 3.5026196201e-06 3.6901797102e-06 3.6393096252e-06 3.3293626984e-06 
2.8171687063e-06 2.2096280645e-06 1.6186637595e-06 1.12314342e-06 7.5413430523e-07 5.0354401537e-07 3.4358046719e-07 2.4387807684e-07 1.8050617712e-07 
1.3788941544e-07 1.0714411047e-07 8.3632748726e-08 6.5025517415e-08 5.0110358529e-08 3.8171716454e-08 2.870434912e-08 2.1296060027e-08 1.5586330449e-08 
1.1255183452e-08 8.0220221577e-09 5.6463416165e-09 3.927271397e-09 2.7014359638e-09 1.839331909e-09 1.2407950223e-09 8.301276333e-10 5.5135035426e-10 
3.6388786429e-10 2.3886664868e-10 1.5607859449e-10 1.0158882763e-10 6.5912469926e-11 4.2666408601e-11 2.7597552715e-11 1.7898307836e-11 1.1734432002e-11 
7.9259073263e-12 5.7363449928e-12 4.7391721623e-12 5.8539630032e-08 6.6531079312e-08 8.2693638603e-08 1.0730204991e-07 1.4056911368e-07 1.82441795e-07 
2.3238615654e-07 2.8920518957e-07 3.5093185602e-07 4.1483198743e-07 4.7753150056e-07 5.3526213151e-07 5.8420096138e-07 6.2086525077e-07 6.4251327103e-07 
6.4750184947e-07 6.3553608243e-07 6.077548278e-07 5.6660837799e-07 5.1553047342e-07 4.584638873e-07 3.9933991047e-07 3.4162931684e-07 2.8804734598e-07 
2.4044359748e-07 1.998550232e-07 1.6666764679e-07 1.4082883126e-07 1.2206764666e-07 1.1010194356e-07 1.0483141466e-07 1.0653220528e-07 1.1608016592e-07 
1.3523387565e-07 1.6700286665e-07 2.1609639589e-07 2.8938023888e-07 3.9615426317e-07 5.4792860738e-07 7.5725495208e-07 1.0351149058e-06 1.3864398625e-06 
1.8040066152e-06 2.2632345917e-06 2.7236590086e-06 3.1408794712e-06 3.4809215776e-06 3.7251825233e-06 3.873089554e-06 3.9482542888e-06 4.0047984839e-06 
4.1289567889e-06 4.4313424041e-06 5.0237053983e-06 5.9754033828e-06 7.2556244959e-06 8.6866466518e-06 9.9496592156e-06 1.0675468729e-05 1.0598470908e-05 
9.6817930171e-06 8.1268126451e-06 6.2765702751e-06 4.4802868615e-06 2.9831617212e-06 1.8829008468e-06 1.1548052044e-06 7.1100390642e-07 4.5433503715e-07 
3.0768225656e-07 2.2077591666e-07 1.6513627088e-07 1.2620809287e-07 9.7027147206e-08 7.4305788189e-08 5.6383498759e-08 4.2277694234e-08 3.1286926827e-08 
2.2840733749e-08 1.6449311246e-08 1.1689379242e-08 8.2005913171e-09 5.6830655737e-09 3.8934775404e-09 2.6393354169e-09 1.7720593881e-09 1.1796154054e-09 
7.7937040155e-10 5.1161719306e-10 3.3402330901e-10 2.1708708442e-10 1.4056338038e-10 9.0746264669e-11 5.8466113895e-11 3.7650816492e-11 2.4317544506e-11 
1.5880598919e-11 1.0686415294e-11 7.7084848921e-12 6.3546503129e-12 1.0512069082e-07 1.1950689327e-07 1.4860844999e-07 1.9293176479e-07 2.5287917538e-07 
3.2838494235e-07 4.1853326138e-07 5.212347105e-07 6.330366773e-07 7.491166798e-07 8.6348751438e-07 9.6939493233e-07 1.0598774907e-06 1.1284427046e-06 
1.169791858e-06 1.1805275335e-06 1.1597146568e-06 1.1091570968e-06 1.0332640841e-06 9.3847154403e-07 8.3231196868e-07 7.2235502557e-07 6.1527089201e-07 
5.1621691455e-07 4.286152091e-07 3.5427450484e-07 2.9373381949e-07 2.4669816412e-07 2.1247542747e-07 1.9037290144e-07 1.8006159053e-07 1.8195274265e-07 
1.976540176e-07 2.3058839815e-07 2.8684473818e-07 3.7626745097e-07 5.1365145737e-07 7.1968554494e-07 1.0210193295e-06 1.448470357e-06 2.0316438167e-06 
2.7869978112e-06 3.6974181512e-06 4.6917693908e-06 5.651614174e-06 6.4643163569e-06 7.0772207437e-06 7.4896020124e-06 7.7361928561e-06 7.9032997746e-06 
8.1587631939e-06 8.766427527e-06 1.0062635738e-05 1.2372270248e-05 1.5855013771e-05 2.0319084797e-05 2.5102657673e-05 2.9150520277e-05 3.1348063203e-05 
3.0994782719e-05 2.8117838156e-05 2.341036452e-05 1.7906126232e-05 1.2609441001e-05 8.2161432147e-06 5.0038429436e-06 2.899583933e-06 1.6441434809e-06 
9.473415048e-07 5.7634639461e-07 3.7827189203e-07 2.6635481731e-07 1.9658064332e-07 1.4838649065e-07 1.1258624255e-07 8.501022819e-08 6.3551539142e-08 
4.6924476749e-08 3.4186040665e-08 2.4566805479e-08 1.7416125431e-08 1.2184956155e-08 8.4181666082e-09 5.7471702952e-09 3.8807481673e-09 2.5943782678e-09 
1.7190009416e-09 1.1301430902e-09 7.3806938339e-10 4.7933895742e-10 3.0989252831e-10 1.9961941822e-10 1.2823161977e-10 8.2227578913e-11 5.271815276e-11 
3.3907723851e-11 2.2056662052e-11 1.4787317204e-11 1.0631388131e-11 8.745380288e-12 1.854379974e-07 2.1089901736e-07 2.6241932005e-07 3.4092815326e-07 
4.4719124048e-07 5.8117478829e-07 7.4138119999e-07 9.2428859944e-07 1.1240161939e-06 1.3322891164e-06 1.5387289523e-06 1.7314509932e-06 1.8979305878e-06 
2.0261113605e-06 2.1057107915e-06 2.1296250452e-06 2.0951940769e-06 2.0049951672e-06 1.8668105213e-06 1.6926231865e-06 1.4967979496e-06 1.2939085536e-06 
1.0967823982e-06 9.1521411605e-07 7.5551628242e-07 6.207976071e-07 5.1169433846e-07 4.2727216965e-07 3.6589682395e-07 3.2599618294e-07 3.0674956975e-07 
3.0881534485e-07 3.3526697507e-07 3.9293786358e-07 4.943610179e-07 6.6038182922e-07 9.2330662937e-07 1.3301953459e-06 1.945620852e-06 2.8520296382e-06 
4.140875717e-06 5.8773275668e-06 8.0201480159e-06 1.0328613826e-05 1.2391695236e-05 1.388239707e-05 1.4792942238e-05 1.530802183e-05 1.5643116058e-05 
1.6085394236e-05 1.7131704226e-05 1.9566108676e-05 2.438008778e-05 3.2466792618e-05 4.4094227633e-05 5.8344307035e-05 7.288758934e-05 8.4439569036e-05 
8.9917477453e-05 8.7777574663e-05 7.8643563029e-05 6.4802799898e-05 4.9166719691e-05 3.4367276385e-05 2.2172878744e-05 1.3274189769e-05 7.4566455623e-06 
4.0098680074e-06 2.1316291168e-06 1.1697064792e-06 6.9079675313e-07 4.4707797997e-07 3.1263658684e-07 2.2917504339e-07 1.7138685848e-07 1.285151825e-07 
9.5739480344e-08 7.054374862e-08 5.1310287574e-08 3.6813744941e-08 2.6051431234e-08 1.818793649e-08 1.253389037e-08 8.5318321297e-09 5.7415148191e-09 
3.82359433e-09 2.5226638556e-09 1.6508308054e-09 1.0728209432e-09 6.9318933926e-10 4.4582673664e-10 2.8570718014e-10 1.8261665791e-10 1.1654419096e-10 
7.4384762239e-11 4.7642962492e-11 3.086937303e-11 2.0619081095e-11 1.4775788232e-11 1.2128886437e-11 3.201965626e-07 3.6436011897e-07 4.537673135e-07 
5.9011705389e-07 7.74879652e-07 1.0082095514e-06 1.2878213056e-06 1.6080426803e-06 1.9592305307e-06 2.3276434149e-06 2.6957816317e-06 3.0431617688e-06 
3.3475314467e-06 3.5866087273e-06 3.7404029172e-06 3.7940314996e-06 3.7405541207e-06 3.5830207707e-06 3.3348908346e-06 3.0183182389e-06 2.6605916901e-06 
2.2896895189e-06 1.9302151486e-06 1.6007155637e-06 1.3127747707e-06 1.0716312318e-06 8.7773315727e-07 7.2859683087e-07 6.2054402861e-07 5.5017147815e-07 
5.1565336889e-07 5.181473739e-07 5.6371806068e-07 6.6624977535e-07 8.5185996568e-07 1.1652442709e-06 1.6784575791e-06 2.5033345992e-06 3.8097784909e-06 
5.8478294704e-06 8.944777619e-06 1.3387849322e-05 1.9080225684e-05 2.5097049729e-05 2.9804534279e-05 3.2083062251e-05 3.2414052839e-05 3.2044408727e-05 
3.1999250496e-05 3.3177289879e-05 3.6964614992e-05 4.5591419621e-05 6.1850667407e-05 8.8014901849e-05 0.00012411242642 0.00016636853979 0.00020706911164 
0.00023663135653 0.00024732557358 0.00023668640642 0.00020825832325 0.00016920380585 0.00012718133803 8.8410386525e-05 5.6810760725e-05 3.380052658e-05 
1.8731747332e-05 9.7944312074e-06 4.9464233598e-06 2.5052443107e-06 1.3364536926e-06 7.8301826534e-07 5.0839616961e-07 3.5664044162e-07 2.6085527338e-07 
1.9362026649e-07 1.4359120826e-07 1.0557999985e-07 7.6699741669e-08 5.4971994956e-08 3.8854086171e-08 2.7084391618e-08 1.8628005805e-08 1.2648986747e-08 
8.4868663208e-09 5.6321178832e-09 3.700995288e-09 2.4111384e-09 1.5593450975e-09 1.0024003849e-09 6.4130173394e-10 4.0880204777e-10 2.5993968089e-10 
1.6506464251e-10 1.0485800422e-10 6.686599191e-11 4.3146913126e-11 2.8709763733e-11 2.0504899861e-11 1.6795469529e-11 5.4066424582e-07 6.157158623e-07 
7.6776211699e-07 9.9991052593e-07 1.3150125824e-06 1.7138506792e-06 2.1932812615e-06 2.7446762942e-06 3.3529086068e-06 3.9959741116e-06 4.6451850721e-06 
5.2659133871e-06 5.8190366872e-06 6.2635122049e-06 6.5605213422e-06 6.6791130848e-06 6.6024299485e-06 6.3326538111e-06 5.8926684687e-06 5.3231701713e-06 
4.6757204473e-06 4.0037416511e-06 3.3541678022e-06 2.761946007e-06 2.2482038275e-06 1.8215978344e-06 1.4815539089e-06 1.2220708641e-06 1.035174364e-06 
9.1375073907e-07 8.5400546368e-07 8.5820505547e-07 9.3863741313e-07 1.1239686728e-06 1.4694209085e-06 2.0728652999e-06 3.1014792512e-06 4.8408246585e-06 
7.7880777098e-06 1.2795090697e-05 2.1141069737e-05 3.4112174035e-05 5.1510967751e-05 6.9591667852e-05 8.1504229456e-05 8.2933387603e-05 7.7082135249e-05 
7.0262605732e-05 6.6859058279e-05 6.9522269769e-05 8.1794190919e-05 0.00010962972738 0.00016044112272 0.00023945105204 0.00034436557326 0.00046142583597 
0.00056675332598 0.0006342662964 0.00064668653067 0.00060318264877 0.00051832036115 0.00041317264549 0.00030659971526 0.00021171757544 0.0001357489673 
8.0713682109e-05 4.4589618483e-05 2.3055792553e-05 1.1334648661e-05 5.4517195167e-06 2.6832731237e-06 1.4260899661e-06 8.4809119016e-07 5.6063925058e-07 
3.9714763034e-07 2.9046705663e-07 2.1410639306e-07 1.5706608281e-07 1.1400339162e-07 8.1667856477e-08 5.7687749688e-08 4.0174494842e-08 2.7591303464e-08 
1.8697848603e-08 1.2512630043e-08 8.2768645271e-09 5.417991833e-09 3.5141378696e-09 2.2615163076e-09 1.4460744824e-09 9.2001012364e-10 5.8314764129e-10 
3.6871777853e-10 2.3286877981e-10 1.4716977637e-10 9.339611029e-11 5.9996556334e-11 3.9756385684e-11 2.829266682e-11 2.3121135215e-11 8.9254780278e-07 
1.017564955e-06 1.2710931969e-06 1.6588364815e-06 2.1863706934e-06 2.8561946692e-06 3.6647318211e-06 4.5998044698e-06 5.6388907979e-06 6.748092801e-06 
7.8816547102e-06 8.9819695859e-06 9.9807584775e-06 1.0802693396e-05 1.1372797417e-05 1.1627750609e-05 1.1529205949e-05 1.1074930626e-05 1.0303385352e-05 
9.2888467407e-06 8.127930414e-06 6.9216598604e-06 5.7587312767e-06 4.7044377425e-06 3.7970455651e-06 3.0506091662e-06 2.461566055e-06 2.0163761292e-06 
1.6983368596e-06 1.4930268435e-06 1.392982881e-06 1.4030924831e-06 1.5488747067e-06 1.8905674324e-06 2.5473723326e-06 3.7407819491e-06 5.8810292103e-06 
9.7587590062e-06 1.6956759282e-05 3.0540420994e-05 5.5551532569e-05 9.7489224572e-05 0.00015614235599 0.00021658689366 0.00025064244983 0.00024113361724 
0.00020356509776 0.00016573698667 0.00014500634279 0.00014865085541 0.00018453141092 0.00026720302412 0.0004149202432 0.00063813058659 0.00092403922463 
0.0012276199413 0.0014801979996 0.0016159005463 0.0016013606219 0.0014498459641 0.0012106942013 0.00094157888088 0.00068616471253 0.00046891716192 
0.00029962603003 0.00017834147729 9.8735916254e-05 5.0997412472e-05 2.4814988137e-05 1.1609777175e-05 5.4157831073e-06 2.6574125513e-06 1.4472599332e-06 
8.9200773346e-07 6.0602894791e-07 4.3445803044e-07 3.1767714859e-07 2.3243696035e-07 1.6862766472e-07 1.2081355294e-07 8.5343820899e-08 5.9414663411e-08 
4.0768650678e-08 2.7584766471e-08 1.8417713576e-08 1.2146054829e-08 7.9206934345e-09 5.1143311808e-09 3.2744351675e-09 2.0819206359e-09 1.316549203e-09 
8.2928330869e-10 5.2105852966e-10 3.2706573561e-10 2.0549294211e-10 1.296944635e-10 8.289024328e-11 5.4669765243e-11 3.8748778491e-11 3.1584485027e-11 
1.4404998865e-06 1.6447672806e-06 2.05959509e-06 2.6954878649e-06 3.5633888729e-06 4.6699724408e-06 6.0128936639e-06 7.5767597991e-06 9.3300641311e-06 
1.1222691683e-05 1.3183419469e-05 1.5117557268e-05 1.6906566088e-05 1.8412882127e-05 1.9493343643e-05 2.0021585442e-05 1.9915521989e-05 1.916101246e-05 
1.7822369045e-05 1.6033971406e-05 1.3974515241e-05 1.1832206837e-05 9.7721786005e-06 7.9148667282e-06 6.3289917307e-06 5.037104529e-06 4.0285844989e-06 
3.2746111174e-06 2.7413980206e-06 2.4006158128e-06 2.2383610485e-06 2.2659489787e-06 2.537584578e-06 3.1823608424e-06 4.4641838031e-06 6.9038578658e-06 
1.1562982763e-05 2.0749304895e-05 3.9631031541e-05 7.9071971413e-05 0.00015796524531 0.00029800768243 0.00050010083942 0.00070835964289 0.00081409176346 
0.00075145962182 0.00058450299548 0.0004229346232 0.00033023505239 0.00032458803616 0.0004193605273 0.00064598268364 0.0010454634903 0.0016346320044 
0.0023643828463 0.0031015819404 0.0036634756252 0.0038964822888 0.0037491060793 0.0032892278396 0.0026605809107 0.0020085065626 0.0014283723431 
0.00096035189927 0.00060910370667 0.00036238352186 0.00020132871578 0.00010438959725 5.0778944569e-05 2.3498410883e-05 1.0637106243e-05 4.9370664783e-06 
2.4951777959e-06 1.4325198663e-06 9.2764133797e-07 6.4893220042e-07 4.6985505264e-07 3.4281563899e-07 2.4870311677e-07 1.7833178845e-07 1.2607445399e-07 
8.7800160031e-08 6.0226625465e-08 4.0705444349e-08 2.7124869462e-08 1.7837137989e-08 1.1588211279e-08 7.4476944611e-09 4.7423753813e-09 2.9967197612e-09 
1.8823740344e-09 1.1773552133e-09 7.3446165816e-10 4.5775286339e-10 2.8564187127e-10 1.7912060724e-10 1.1379449466e-10 7.4640182923e-11 5.2653523902e-11 
4.2789331106e-11 2.272819529e-06 2.600412472e-06 3.2669365737e-06 4.2917417886e-06 5.6962135204e-06 7.496352282e-06 9.6953544926e-06 1.2277203496e-05 
1.5201230781e-05 1.8396378437e-05 2.1753978217e-05 2.5119570637e-05 2.8288262911e-05 3.1011102692e-05 3.3019565308e-05 3.4069355024e-05 3.3994740079e-05 
3.2755840948e-05 3.0460254493e-05 2.7347992727e-05 2.3743334168e-05 1.9989605789e-05 1.6387941287e-05 1.3156663954e-05 1.0417853446e-05 8.2076803665e-06 
6.5009380705e-06 5.2394912018e-06 4.3574823394e-06 3.8011526158e-06 3.5461885091e-06 3.6197882309e-06 4.1391335799e-06 5.3856042541e-06 7.9560959421e-06 
1.3108488929e-05 2.3654627512e-05 4.6330042096e-05 9.7417025245e-05 0.00021292951715 0.00045776221668 0.00090923096286 0.0015753303887 0.0022650011815 
0.0025961871725 0.0023362457287 0.0017180134309 0.0011295819422 0.00078279926674 0.0007176726358 0.00094327062834 0.0015161152696 0.0025186040439 
0.0039673764259 0.0057080145925 0.0073832687922 0.0085434010252 0.0088588567451 0.0082846926525 0.0070502865128 0.0055228341371 0.0040360251442 
0.0027859192342 0.0018308361759 0.0011463512201 0.00067873799708 0.00037734396756 0.00019641268591 9.5911549579e-05 4.4337084546e-05 1.981092646e-05 
8.8985461844e-06 4.2608353397e-06 2.3010811674e-06 1.4211589132e-06 9.6858889265e-07 6.9395190394e-07 5.0502620752e-07 3.6663743685e-07 2.6333208325e-07 
1.8646275635e-07 1.2999191767e-07 8.9192624841e-08 6.024433219e-08 4.0079299879e-08 2.628501683e-08 1.7012261821e-08 1.0880979673e-08 6.8881944593e-09 
4.3234265057e-09 2.6955004895e-09 1.6724874818e-09 1.0347220858e-09 6.3955035712e-10 3.9586539602e-10 2.4633367568e-10 1.5536967546e-10 1.0123583916e-10 
7.1008338098e-11 5.7496212652e-11 3.5054163163e-06 4.0212630665e-06 5.0733046919e-06 6.6970069383e-06 8.9335671873e-06 1.1818383427e-05 1.5369516404e-05 
1.9577453713e-05 2.4395290893e-05 2.9726445064e-05 3.540734906e-05 4.1187191528e-05 4.6714099881e-05 5.1543873269e-05 5.5185137171e-05 5.7182518503e-05 
5.7219724113e-05 5.5208634876e-05 5.1329312555e-05 4.6002434829e-05 3.9801787352e-05 3.3336957131e-05 2.7143078114e-05 2.1607349481e-05 1.6943939045e-05 
1.3211707483e-05 1.0358356121e-05 8.2726219262e-06 6.8311160248e-06 5.9356848396e-06 5.5472105487e-06 5.7313718571e-06 6.7432756623e-06 9.2000191216e-06 
1.4458432815e-05 2.5551209546e-05 4.9767942983e-05 0.00010576151544 0.00024079123978 0.00056270870846 0.0012706586858 0.0026089237072 0.0046152430587 
0.0067062112503 0.0076845432632 0.0068143620156 0.0048403069377 0.0029795125592 0.0018662995426 0.0015745476121 0.002057987731 0.0033908428159 
0.00571850501 0.0090284831822 0.012902597897 0.016466503963 0.018689990044 0.018918322399 0.017230244353 0.014265197329 0.010855599307 
0.0076913055964 0.0051469090395 0.003298031399 0.0020356313325 0.0011934380746 0.00065835483838 0.00034138211049 0.00016678220709 7.7225609857e-05 
3.4400934965e-05 1.5218822227e-05 7.0549876909e-06 3.6468113649e-06 2.1667249257e-06 1.4432695252e-06 1.0247038063e-06 7.4467590139e-07 5.4156492979e-07 
3.8998990703e-07 2.7681983283e-07 1.9332553336e-07 1.3276311961e-07 8.9657703484e-08 5.9569071453e-08 3.8968774874e-08 2.5126992043e-08 1.5991059144e-08 
1.0060561273e-08 6.2685701074e-09 3.87600263e-09 2.3833328644e-09 1.460533805e-09 8.9402024672e-10 5.4808879657e-10 3.379158342e-10 2.1127642691e-10 
1.3655143682e-10 9.5110003206e-11 7.6667311388e-11 5.2832815527e-06 6.0806423789e-06 7.711496437e-06 1.0239984476e-05 1.3743686395e-05 1.8295786504e-05 
2.3947151931e-05 3.0709798011e-05 3.8539092202e-05 4.7308923968e-05 5.6775075791e-05 6.6531843913e-05 7.5981530244e-05 8.4347761003e-05 9.0758221631e-05 
9.4397517387e-05 9.4694027212e-05 9.1478003014e-05 8.5049316112e-05 7.6126139902e-05 6.5691980126e-05 5.4795182223e-05 4.4358552259e-05 3.5051732993e-05 
2.724508704e-05 2.1037176339e-05 1.6330090148e-05 1.29216196e-05 1.0590146303e-05 9.1641295512e-06 8.5878855316e-06 9.016542208e-06 1.1000283848e-05 
1.5875708414e-05 2.6664349207e-05 5.0411228585e-05 0.00010485038365 0.00023706744832 0.00056931690779 0.0013855210273 0.0032189416233 0.006740170531 
0.012081583962 0.017685227096 0.020277785137 0.017827600241 0.012400682084 0.0073225791566 0.00426352676 0.0033297527116 0.0042702392675 
0.0071239452809 0.012117772363 0.019143136218 0.027208803222 0.034347586334 0.03831602633 0.037865508348 0.033608078957 0.027145119384 
0.020167740062 0.013939860277 0.0091101350263 0.0057637002319 0.0035770072136 0.0020820279606 0.0011204057373 0.00056508934358 0.0002709661203 
0.00012448774942 5.5326170695e-05 2.4360255338e-05 1.1135469322e-05 5.6224903346e-06 3.262589189e-06 2.1419130007e-06 1.513425218e-06 1.1008455658e-06 
8.0317727225e-07 5.8051193719e-07 4.1339771428e-07 2.8941059327e-07 1.9902569193e-07 1.3443843727e-07 8.9231782852e-08 5.8238043721e-08 3.7413517617e-08 
2.3689652906e-08 1.480803391e-08 9.1550917958e-09 5.610163889e-09 3.4153500028e-09 2.070611238e-09 1.2533939442e-09 7.5981765324e-10 4.6332118697e-10 
2.8663796336e-10 1.8343009056e-10 1.2665959948e-10 1.015311446e-10 7.7766926552e-06 8.9852755991e-06 1.1465430362e-05 1.5330666429e-05 2.0722614863e-05 
2.778363887e-05 3.662882591e-05 4.7319055739e-05 5.9829133534e-05 7.4000337918e-05 8.9469387603e-05 0.00010558496433 0.00012134962162 0.00013544280955 
0.00014636976994 0.00015273148892 0.00015354761854 0.00014852147433 0.0001381446491 0.00012360024266 0.00010650707554 8.8609085651e-05 7.1447939263e-05 
5.6149619923e-05 4.3343632569e-05 3.3200041798e-05 2.5550934879e-05 2.004709313e-05 1.630791121e-05 1.4048270714e-05 1.3204707102e-05 1.4128192561e-05 
1.7971204215e-05 2.7528543797e-05 4.9216538173e-05 9.8343480204e-05 0.00021426017338 0.00050258130068 0.0012382053537 0.0030605990905 0.0071810823865 
0.015160163864 0.027361255139 0.040231108665 0.0461544469 0.040365424007 0.027728840709 0.015978865325 0.0088921738788 0.0065745469183 
0.0082855764776 0.013927453198 0.023854231462 0.037791412324 0.053689539433 0.067425951362 0.074141681194 0.071278609335 0.06139633432 
0.048335570842 0.035193827003 0.023960066959 0.015617890283 0.010236578993 0.0068793469109 0.0040706214495 0.0020821848884 0.0009700008668 
0.00043331724009 0.00019049408729 8.3059312601e-05 3.6385699786e-05 1.6603522454e-05 8.3495951912e-06 4.8206043175e-06 3.1582708289e-06 2.2359070044e-06 
1.6334489601e-06 1.1977972463e-06 8.698547731e-07 6.2190656536e-07 4.3666548777e-07 3.0083032243e-07 2.0331815165e-07 1.3484742567e-07 8.7821454997e-08 
5.6216975963e-08 3.5415776978e-08 2.1992727639e-08 1.3487778894e-08 8.1871753821e-09 4.93087704e-09 2.9543976154e-09 1.7661487828e-09 1.0569715103e-09 
6.3628147196e-10 3.8872069452e-10 2.4578727942e-10 1.6792028878e-10 1.336752653e-10 1.1168315723e-05 1.2961049833e-05 1.6653448256e-05 2.2440490284e-05 
3.0571300158e-05 4.1307117499e-05 5.487778617e-05 7.1437658335e-05 9.1009962489e-05 0.0001134011909 0.00013807333016 0.00016399621381 0.00018954693223 
0.00021255383035 0.00023055485508 0.00024125461641 0.00024305658008 0.00023548540776 0.00021932850359 0.00019642848929 0.00016927844263 0.0001407291129 
0.00011329355766 8.8803048129e-05 6.8297689722e-05 5.2072340623e-05 3.9858819946e-05 3.1082738133e-05 2.5121064027e-05 2.1527730496e-05 2.0267436412e-05 
2.2088854166e-05 2.9288277801e-05 4.7380766773e-05 8.9093584393e-05 0.00018516408454 0.00041504303226 0.00098892557435 0.0024367088918 0.0059496597387 
0.013758935966 0.028855623677 0.052027352154 0.076545409858 0.087778769433 0.076525375247 0.052229534835 0.029760491103 0.016250759363 
0.011780228466 0.014851157553 0.025242943317 0.043705623597 0.069986209273 0.10050697625 0.12708099186 0.13855604827 0.12811614573 
0.1056240797 0.080338686705 0.057271234691 0.038858786225 0.026384856552 0.019932888448 0.016495259479 0.010171771981 0.0048445337452 
0.0019734557718 0.00075828097761 0.00029535609065 0.00012014193635 5.1306127716e-05 2.3420909201e-05 1.1914100469e-05 6.9732368502e-06 4.6240634219e-06 
3.3064929994e-06 2.4357925668e-06 1.7986261582e-06 1.313624125e-06 9.4334995993e-07 6.6447671543e-07 4.5866190135e-07 3.1019382618e-07 2.0559461689e-07 
1.3362351581e-07 8.5238376357e-08 5.3431133296e-08 3.2963136221e-08 2.0051738048e-08 1.2053849474e-08 7.1787824574e-09 4.2477563689e-09 2.5051098973e-09 
1.4779709678e-09 8.7681822913e-10 5.2790294358e-10 3.290686057e-10 2.2193777371e-10 1.7517454154e-10 1.5627134417e-05 1.8222011931e-05 2.3587175747e-05 
3.204550012e-05 4.4016720494e-05 5.9953948949e-05 8.0276302469e-05 0.00010529755673 0.00013513272279 0.00016955222236 0.00020776769088 0.00024818797829 
0.00028826014022 0.00032455136534 0.00035317955189 0.00037055529538 0.00037423285539 0.00036357159843 0.00033984656329 0.00030552528915 0.00026364898076 
0.00021930593357 0.00017670795205 0.00013866674271 0.00010676986858 8.1484402472e-05 6.2393439293e-05 4.8590954975e-05 3.9109880163e-05 3.3306489058e-05 
3.126824231e-05 3.4482531191e-05 4.721280493e-05 7.9529920185e-05 0.00015488466306 0.00033170694951 0.00076425343286 0.0018482448068 0.0044849463739 
0.010405903682 0.022549157962 0.045568540692 0.080873019993 0.1182211861 0.13518321514 0.11766794324 0.080275543034 0.045838590711 
0.025275714695 0.018810909241 0.024468690157 0.042542662472 0.075268149376 0.12374512851 0.18332381546 0.23851449788 0.26137036085 
0.22661681473 0.17378343642 0.12509991229 0.086597181857 0.059470083565 0.045406974852 0.045520927757 0.050082247704 0.031192865223 
0.013739122078 0.0048998701386 0.0015735705383 0.00050571293104 0.00017730295076 7.0275418693e-05 3.1661893445e-05 1.6439846149e-05 9.9135995697e-06 
6.7418441176e-06 4.9069690249e-06 3.6589647152e-06 2.7252092423e-06 2.0028198833e-06 1.4446990235e-06 1.0206374554e-06 7.0565778287e-07 4.7741531262e-07 
3.1614752061e-07 2.0502703535e-07 1.3032274637e-07 8.1284717623e-08 4.9820894077e-08 3.0061709566e-08 1.7896146787e-08 1.0537921646e-08 6.1555951447e-09 
3.5789693431e-09 2.0794697075e-09 1.2140328742e-09 7.190015805e-10 4.4087145046e-10 2.9283725445e-10 2.287624673e-10 2.1267229386e-05 2.4919076168e-05 
3.2499072404e-05 4.4519551011e-05 6.1655140598e-05 8.4648716438e-05 0.00011420875671 0.00015089708904 0.0001949785219 0.00024618787575 0.00030339261866 
0.00036421651021 0.00042480509728 0.00047997263027 0.00052389211487 0.00055128522217 0.00055886997143 0.00054657045985 0.00051700050244 0.00047094462207 
0.00040606516995 0.00033651955891 0.00027132031391 0.00021395897784 0.00016601884272 0.00012788891036 9.8835749668e-05 7.746090705e-05 6.2353778048e-05 
5.2699928347e-05 4.8923699069e-05 5.3757401474e-05 7.4446346844e-05 0.00012782386329 0.00025507117971 0.00057098129764 0.0014094191138 0.0036268006079 
0.0088420454413 0.018670739606 0.033605348319 0.060462273657 0.10188537091 0.14567659795 0.16514913738 0.14376577735 0.098896041512 
0.057657152414 0.033306695521 0.026833057404 0.037235222757 0.067291073501 0.12379337847 0.21381062269 0.33585742116 0.4634937048 
0.52546340227 0.40735593438 0.27832204103 0.1838311255 0.12174867094 0.086458578706 0.081786982715 0.11740577221 0.16942052543 
0.098240599036 0.039360389113 0.012624583207 0.0035366851371 0.00095078098821 0.00027624086943 9.6335206763e-05 4.1803203203e-05 2.2233547497e-05 
1.3990898879e-05 9.8618647826e-06 7.3521082413e-06 5.5662521845e-06 4.1862208491e-06 3.09559573e-06 2.2412853014e-06 1.5864643501e-06 1.0974588349e-06 
7.4202057476e-07 4.905216997e-07 3.1720801985e-07 2.0081820651e-07 1.2459091181e-07 7.58549632e-08 4.5398291348e-08 2.6764556793e-08 1.5582138246e-08 
8.9848164464e-09 5.1486361841e-09 2.944300137e-09 1.6898888955e-09 9.8303898355e-10 5.9175697675e-10 3.8620492915e-10 2.9804805846e-10 2.809437683e-05 
3.3071471989e-05 4.3441374146e-05 5.9979356593e-05 8.3716171503e-05 0.00011580247519 0.00015735713532 0.00020929635502 0.00027210437111 0.00034548336407 
0.00042785544065 0.00051581894513 0.00060382625088 0.00068444007775 0.00074945605593 0.00079207029194 0.00081036880147 0.00081120355753 0.00080484966747 
0.0007713175728 0.00065157626523 0.00052108353702 0.000413552596 0.00032737012953 0.00025785382604 0.00020271759422 0.00016000436153 0.00012746341235 
0.00010319405555 8.6443818873e-05 7.8446078987e-05 8.3870261733e-05 0.00011392055603 0.0001947186538 0.00040050875396 0.00099233863875 0.0028769453056 
0.0085787801072 0.022440526634 0.04404386878 0.055341172963 0.074948631227 0.10995001346 0.14834199846 0.16459807754 0.14358490705 
0.10102681071 0.061811849475 0.038985930383 0.03527193889 0.052985370159 0.10086611658 0.19671064615 0.36518362164 0.62294197083 
0.93855988979 1.166263938 0.73974758387 0.42987987399 0.25353461504 0.15834780037 0.11842023581 0.14654038846 0.29606199265 
0.57498693466 0.2729626894 0.095181636512 0.027554292232 0.007011197973 0.0016768508358 0.00042171997484 0.00013002852211 5.4303407524e-05 
2.9918570362e-05 1.9898145183e-05 1.466203139e-05 1.1250567695e-05 8.6679765445e-06 6.5847857513e-06 4.8941401474e-06 3.549652547e-06 2.5113736228e-06 
1.7339516489e-06 1.16898741e-06 7.6994524534e-07 4.957024089e-07 3.1216447383e-07 1.9246064653e-07 1.163130392e-07 6.9012919823e-08 4.0281260993e-08 
2.3183631015e-08 1.3194707549e-08 7.4512707116e-09 4.1927146199e-09 2.3643706992e-09 1.3495673468e-09 7.9628387217e-10 5.0955811792e-10 3.8777639433e-10 
3.5952070903e-05 4.2495164962e-05 5.6176184444e-05 7.8109558672e-05 0.00010978812497 0.000152894645 0.00020908561419 0.00027974249679 0.00036564120091 
0.00046645797556 0.0005800803192 0.00070187222445 0.00082427222515 0.00093729031505 0.0010307196062 0.0011000876548 0.0011611862574 0.0012714344775 
0.0014956863597 0.0016695123632 0.0012968616793 0.00089569075499 0.000648796733 0.00050288869534 0.00040313220234 0.00032735269633 0.00026731583057 
0.0002186078782 0.00017893077165 0.00014840863878 0.00013018505706 0.00013193619088 0.00016983463138 0.00028369616484 0.00062030128902 0.001845635823 
0.0066905566491 0.023798553273 0.07006970048 0.14244654775 0.11966572702 0.10596889257 0.11934711039 0.14353786409 0.1529468745 
0.13405479491 0.098115794361 0.064470738173 0.044882781804 0.044572856277 0.070969320834 0.14272752404 0.29868289828 0.60350501537 
1.1293288469 1.8822135925 2.9231266975 1.2251331806 0.59047317505 0.31368327141 0.18482603133 0.14226594567 0.21564671397 
0.59231203794 1.9634888172 0.56736159325 0.15977554023 0.041398651898 0.0098288804293 0.0022214511409 0.00052919983864 0.00015844743757 
6.8369408837e-05 4.0646464186e-05 2.9098475352e-05 2.2594940674e-05 1.7917975129e-05 1.4070726138e-05 1.0790252418e-05 8.040654393e-06 5.8197624639e-06 
4.0972436182e-06 2.8107826893e-06 1.8816378997e-06 1.2303295307e-06 7.8621292232e-07 4.9127288548e-07 3.0038287946e-07 1.7990450374e-07 1.0569026188e-07 
6.1015981601e-08 3.4693051987e-08 1.9480932423e-08 1.0838484776e-08 5.999351238e-09 3.322864206e-09 1.8598187435e-09 1.0743376189e-09 6.7291566763e-10 
5.0412624075e-10 4.4487223931e-05 5.2754719945e-05 7.0096401032e-05 9.8029566288e-05 0.00013859879982 0.00019412550319 0.00026691224775 0.00035889973515 
0.00047121514217 0.00060351699358 0.00075310567627 0.0009140004986 0.0010765406769 0.0012286802521 0.0013624471612 0.0014983855654 0.0017611604417 
0.002510899445 0.0041801668704 0.0058112740517 0.0039423229173 0.0020635521505 0.0011562902946 0.00080234679626 0.00064343266422 0.00054405967239 
0.00046444759937 0.000392348069 0.00032536379877 0.00026692380197 0.00022480188636 0.00021182793716 0.00025094681769 0.00040349634946 0.0009567651432 
0.0034544821829 0.015070308 0.062173657119 0.21230708063 0.5141479373 0.29082602262 0.17298620939 0.14438694715 0.15128664672 
0.15454463661 0.13709117472 0.10507720709 0.073547467589 0.054064083844 0.054644215852 0.087958186865 0.18447177112 0.41334432364 
0.911465168 1.880879879 3.2816269398 1.9983650446 1.0862305164 0.58310139179 0.31873810291 0.18366120756 0.12752176821 
0.15002292395 0.29782876372 0.57612890005 0.27370917797 0.095622241497 0.027788184583 0.0071295481175 0.0017408749554 0.00046349153854 
0.00016327729099 8.3919519966e-05 5.723932918e-05 4.4953663746e-05 3.7024667108e-05 3.0431989217e-05 2.4371003747e-05 1.8831282432e-05 1.4013101463e-05 
1.0065185961e-05 7.0055612014e-06 4.7432440624e-06 3.1330525871e-06 2.0222823878e-06 1.2765096926e-06 7.8824865568e-07 4.7634992484e-07 2.8191720958e-07 
1.6358852406e-07 9.3223881947e-08 5.2281937002e-08 2.8929409979e-08 1.5843349743e-08 8.6215683481e-09 4.6877994819e-09 2.5713648988e-09 1.4529510928e-09 
8.8951457311e-10 6.5505162405e-10 5.3158826631e-05 6.3170387875e-05 8.4227707703e-05 0.00011828263086 0.0001679785928 0.00023633336241 0.00032635522075 
0.00044059171341 0.00058054883266 0.00074587436393 0.00093328626826 0.0011355261086 0.0013413000852 0.0015395727241 0.0017433541361 0.0020959633403 
0.0032369941473 0.0070375874639 0.016138255596 0.026320891455 0.01588534005 0.006568252109 0.0026176350657 0.0014095812803 0.0010710202623 
0.0009410479106 0.00084346282529 0.00073589809472 0.00061644677771 0.00049895176198 0.00040265123243 0.00034992117435 0.00037242277176 0.00055089115631 
0.0012985861395 0.0050514754839 0.024403048679 0.11453151703 0.48375740647 1.8789013624 0.58311659098 0.24676044285 0.16968539357 
0.16651846468 0.16991735995 0.15525959432 0.12417274714 0.090126588941 0.066324017942 0.063365876675 0.096711017191 0.20309196413 
0.4746491611 1.1480476856 2.9435377121 2.0294611454 1.3626365662 0.84527897835 0.49550560117 0.28155478835 0.16099114716 
0.10104931891 0.087591841817 0.12040425837 0.17133186758 0.099465176463 0.04007480666 0.013005811721 0.0037367725745 0.0010679342085 
0.00036055847886 0.00016884032812 0.0001097909917 8.7345790234e-05 7.5494150224e-05 6.5988439019e-05 5.6197277445e-05 4.582715701e-05 3.5576293158e-05 
2.6321305995e-05 1.865374179e-05 1.2748248992e-05 8.4559223978e-06 5.4704405557e-06 3.4616509765e-06 2.1451157863e-06 1.3019943026e-06 7.7401170984e-07 
4.5080076916e-07 2.5743835863e-07 1.4435040896e-07 7.962668036e-08 4.331643666e-08 2.3307444863e-08 1.245129333e-08 6.6390519748e-09 3.5658525022e-09 
1.9691317465e-09 1.176820974e-09 8.5070739342e-10 6.1304745032e-05 7.2902235843e-05 9.7347976407e-05 0.00013701016724 0.00019511062419 0.00027534371475 
0.00038140336983 0.00051642168546 0.00068226049189 0.00087855645688 0.0011015215423 0.001342943171 0.0015914139803 0.0018460822757 0.0021975100972 
0.003218554426 0.0074262609705 0.022771731019 0.063376992941 0.11858796328 0.063160799444 0.022388515994 0.0069644991308 0.0027856945526 
0.0018899032148 0.0017112551723 0.0016080493806 0.0014394085156 0.001207463094 0.00095843785675 0.00074055924779 0.00059377076104 0.00055717123905 
0.00069565069862 0.0012647161493 0.0036916479003 0.01491861511 0.061067089438 0.20971806347 0.51026469469 0.2871415019 0.17188644409 
0.14833585918 0.16334529221 0.17815349996 0.17207844555 0.14429603517 0.10772067308 0.078018210828 0.067744374275 0.090494416654 
0.17194758356 0.36242061853 0.73331809044 1.267006278 1.1501182318 0.88633179665 0.60680800676 0.37831896544 0.22153843939 
0.12681056559 0.075118757784 0.051954306662 0.048955246806 0.052215762436 0.032520126551 0.014505156316 0.0053194789216 0.0018140027532 
0.00066886667628 0.00031333434163 0.00019994769536 0.00016200891696 0.00014801454381 0.00013938343909 0.00012840953423 0.00011273009295 9.3248563644e-05 
7.2508926678e-05 5.3188286984e-05 3.7074049033e-05 2.4779017622e-05 1.6022429918e-05 1.0095106518e-05 6.2258272919e-06 3.7657248413e-06 2.2345179786e-06 
1.3002712649e-06 7.4182861454e-07 4.1511009385e-07 2.2808755773e-07 1.2328193577e-07 6.570346045e-08 3.4628754975e-08 1.8114358014e-08 9.4521492855e-09 
4.9630646259e-09 2.6747937198e-09 1.558192908e-09 1.1040875991e-09 6.8260123953e-05 8.1104633864e-05 0.00010821875185 0.00015230919234 0.00021707366977 
0.00030676883762 0.00042565941112 0.00057735596783 0.00076399720274 0.00098519783933 0.0012368093012 0.001510227914 0.0017964154249 0.0021198291797 
0.0027463666629 0.0052520646714 0.016921615228 0.063788667321 0.20887947083 0.48519745469 0.20879369974 0.063691176474 0.016943810508 
0.0055580190383 0.0034779601265 0.0032890590373 0.0032361703925 0.0029406754766 0.0024375002831 0.001877184608 0.001383823459 0.0010290682549 
0.00085812440375 0.00092058588052 0.0013305627508 0.0026047839783 0.0071440031752 0.023190690205 0.067539155483 0.13760089874 0.11255267262 
0.096210330725 0.10777845234 0.13651973009 0.16298513114 0.16964359581 0.15127150714 0.11742087454 0.084746539593 0.067359536886 
0.076313950121 0.12586092949 0.23684670031 0.42210233212 0.62823748589 0.64741766453 0.54880321026 0.40070945024 0.26028496027 
0.15615192056 0.090199932456 0.052365947515 0.032330080867 0.023072002456 0.01838267222 0.011314397678 0.0055114016868 0.0023697044235 
0.0010268647457 0.00051812687889 0.00033708062256 0.00028029701207 0.00027107077767 0.00027654186124 0.00027868786128 0.00026718506706 0.00023966215667 
0.00020003129612 0.0001554384653 0.00011301991617 7.7541350038e-05 5.0722719607e-05 3.1972336728e-05 1.9596975108e-05 1.1753246326e-05 6.9188204179e-06 
4.0004024413e-06 2.2705662559e-06 1.2642839238e-06 6.9059456109e-07 3.7037267475e-07 1.9535751505e-07 1.0158833419e-07 5.2238124937e-08 2.6659904506e-08 
1.35704461e-08 6.9472094744e-09 3.6458722708e-09 2.0659003397e-09 1.432158836e-09 7.3494113167e-05 8.7108557636e-05 0.00011586571782 0.00016267734463 
0.00023153729853 0.00032706075581 0.00045387836872 0.00061589863617 0.0008154148818 0.001052005915 0.001321338932 0.0016148427967 0.0019262760179 
0.0023041265085 0.003183380235 0.0071923960932 0.027456045151 0.11938528717 0.48560258746 1.8503661156 0.48580148816 0.11990364641 
0.028473908082 0.0091104116291 0.0063440678641 0.0066613089293 0.006890273653 0.0062878252938 0.0050744013861 0.0037388405763 0.0026079434901 
0.0018026959151 0.0013491273858 0.0012698494829 0.0016302288277 0.002615879057 0.0048986109905 0.010611907579 0.023652832955 0.042695242912 
0.046968374401 0.052076477557 0.069227077067 0.098371200264 0.12940785289 0.14702817798 0.14129768312 0.11553495377 0.084576040506 
0.063163250685 0.060824189335 0.084930554032 0.14266808331 0.23298463225 0.32560509443 0.35431557894 0.31670841575 0.24070192873 
0.16119834781 0.099052660167 0.0582106933 0.03392855078 0.020202429965 0.012658302672 0.0082991300151 0.0049317050725 0.0026242276654 
0.0013536723563 0.00076019892003 0.00051841157256 0.00044513150351 0.00045350741129 0.00049969414249 0.00055324885761 0.00058592302958 0.00057607120834 
0.00052214734023 0.00043692410691 0.00033861296833 0.00024436294916 0.00016558419156 0.00010647708405 6.5715488745e-05 3.9327358536e-05 2.2994352548e-05 
1.3190780919e-05 7.4334161582e-06 4.1130369937e-06 2.2325198188e-06 1.1882738136e-06 6.2054999717e-07 3.1847434911e-07 1.6102652012e-07 8.047319966e-08 
3.990656694e-08 1.9736718926e-08 9.8147889815e-09 4.9989208328e-09 2.7466589003e-09 1.8579673355e-09 7.6714903116e-05 9.0564077254e-05 0.00011980449199 
0.00016738311388 0.00023735873401 0.0003344398865 0.00046335969819 0.00062810239615 0.0008309809491 0.0010715471581 0.0013454610016 0.001644076081 
0.0019588763826 0.0023159121629 0.0029843326192 0.005545952823 0.017295351252 0.064283102751 0.20956434309 0.48619025946 0.2102728039 
0.065756395459 0.019118271768 0.010102456436 0.011143061332 0.014015254565 0.015301384963 0.013923372142 0.010828350671 0.0075435512699 
0.0049296044745 0.0031611435115 0.0021383315325 0.0017668744549 0.0020649731159 0.0031945032533 0.0055130128749 0.0096962396055 0.016439804807 
0.024099145085 0.026521839201 0.028059678152 0.040724996477 0.0668457672 0.099257111549 0.12343557924 0.12677040696 0.10830774158 
0.080492421985 0.057527631521 0.047807373106 0.055172510445 0.081249952316 0.12284588814 0.16511459649 0.18293358386 0.16811451316 
0.13136437535 0.090423777699 0.057084899396 0.034393262118 0.020433202386 0.012216386385 0.0074222334661 0.0045643560588 0.002731169574 
0.0016091865255 0.001002221019 0.00072513741907 0.000644757587 0.0006855262327 0.00080668163719 0.00097725761589 0.0011544836452 0.001270708628 
0.0012618519831 0.0011383891106 0.00094556633849 0.00072799710324 0.00052183220396 0.00035057976493 0.00022286718013 0.00013555066835 7.9712626757e-05 
4.5698005124e-05 2.566585863e-05 1.4147359252e-05 7.6510013969e-06 4.0553586587e-06 2.1052960619e-06 1.0707752836e-06 5.343388807e-07 2.6228386218e-07 
1.2707732822e-07 6.1034377552e-08 2.9217783748e-08 1.405636052e-08 6.9195955632e-09 3.6712419771e-09 2.4143980148e-09 7.7900614997e-05 9.14845441e-05 
0.00012011703802 0.00016660477559 0.00023483010591 0.00032931659371 0.00045462700655 0.00061460625147 0.00081148662139 0.0010448738467 0.0013107515406 
0.0016010076506 0.0019054794684 0.0022267331369 0.0026622195728 0.0037971495185 0.00817006547 0.02376964502 0.064783796668 0.12066350877 
0.066156312823 0.024888370186 0.0039113303646 0.009334567003 0.018703417853 0.029947321862 0.034210663289 0.030821604654 0.023086111993 
0.015164300799 0.0092393541709 0.0054858676158 0.0033774310723 0.0024543148465 0.0025509663392 0.0038256710395 0.0067442650907 0.011904790066 
0.019089328125 0.024831056595 0.022863376886 0.01840024814 0.026280786842 0.051701247692 0.089156880975 0.11967672408 0.12547068298 
0.10714277625 0.078651428223 0.053677301854 0.039072994143 0.036458235234 0.045099444687 0.061970323324 0.079806260765 0.088239885867 
0.082270987332 0.065749660134 0.04653505981 0.030307024717 0.018855813891 0.011551802978 0.0070963674225 0.004403736908 0.0027694774326 
0.0017746001249 0.0012041890295 0.00092668033903 0.00085394299822 0.00093674345408 0.0011564734159 0.0015104407212 0.0019876998849 0.0025129113346 
0.0028735753149 0.0028312660288 0.0024801979307 0.0020055398345 0.0015186765231 0.0010787503561 0.00072027184069 0.00045497377869 0.00027447627508 
0.0001597252849 9.0398694738e-05 5.0018512411e-05 2.7113614124e-05 1.4397023733e-05 7.4803538155e-06 3.7997829168e-06 1.8871018028e-06 9.1739860864e-07 
4.376180982e-07 2.05558635e-07 9.5511907716e-08 4.4155314072e-08 2.0484140606e-08 9.7072438976e-09 4.9496713395e-09 3.1502302988e-09 7.7245102148e-05 
9.0175148216e-05 0.0001173464625 0.00016127852723 0.00022547136177 0.00031402654713 0.00043111140258 0.0005802763626 0.00076365581481 0.0009811015334 
0.0012294012122 0.0015019687125 0.0017899646191 0.0020881663077 0.0024209208786 0.0029519009404 0.0043566753156 0.0085709337145 0.018351245672 
0.029628237709 0.019975261763 0.0041738674045 0.00051684409846 0.0026110545732 0.024055249989 0.070722982287 0.085434697568 0.064852707088 
0.046893637627 0.029291367158 0.016732677817 0.0092375893146 0.0052266241983 0.0033870562911 0.0030911082868 0.0043541896157 0.0077768424526 
0.014377216808 0.024564513937 0.035046111792 0.036717642099 0.027548765764 0.028354655951 0.047810919583 0.091330006719 0.13411870599 
0.14124010503 0.11711741239 0.082885451615 0.053682051599 0.034902483225 0.026334265247 0.025892363861 0.030765602365 0.037039265037 
0.040162265301 0.037644520402 0.030683854595 0.022361690179 0.015094969422 0.0097773475572 0.0062580751255 0.0040375464596 0.0026607504115 
0.0018204113003 0.0013315213146 0.0010909138946 0.001043192111 0.0011688453378 0.0014826511033 0.0020361689385 0.002923654858 0.0042447005399 
0.0058700321242 0.0070319627412 0.0067451433279 0.0055365264416 0.0042091850191 0.0030666203238 0.0021392886993 0.0014185209293 0.00089343445143 
0.00053755479166 0.00031151421717 0.00017517930246 9.6076146292e-05 5.150151992e-05 2.6983974749e-05 1.3805347407e-05 6.8904100772e-06 3.3545190945e-06 
1.5944480083e-06 7.4150142382e-07 3.3851387116e-07 1.5239220374e-07 6.8052870006e-08 3.0408354945e-08 1.3836428892e-08 6.7522618608e-09 4.1386343241e-09 
7.5050360465e-05 8.7084939878e-05 0.00011226513743 0.00015273100871 0.00021146968356 0.00029201211873 0.00039800201193 0.0005326482933 0.00069809489651 
0.00089477573056 0.001120923087 0.0013725706376 0.001644656295 0.0019344477914 0.0022511088755 0.0026453875471 0.0032954432536 0.0046594850719 
0.0073574869893 0.010779454373 0.011783485301 0.011540372856 0.0027042734437 0.0012570408871 0.020525762811 0.22190435231 0.59330844879 
0.13328386843 0.085654735565 0.051620349288 0.028087584302 0.01461629197 0.0077176229097 0.0045639029704 0.0037052284461 0.0048277168535 
0.0085594495758 0.016382584348 0.029951103032 0.048133824021 0.062088225037 0.061078138649 0.055705450475 0.052612651139 0.091418325901 
0.1517367959 0.16493912041 0.13464871049 0.092352695763 0.057259660214 0.03429222852 0.021815216169 0.01669970341 0.016023427248 
0.017144877464 0.017741199583 0.016514608636 0.013679030351 0.010284147225 0.0072441389784 0.0049470569938 0.0033775898628 0.0023634613026 
0.0017330122646 0.0013667223975 0.0011954754591 0.0011895267526 0.0013534398749 0.0017311748816 0.0024260794744 0.0036589140072 0.0058752419427 
0.0096919126809 0.014962079935 0.018888834864 0.017496192828 0.013089015149 0.0089702196419 0.0060648722574 0.0040762308054 0.0026685120538 
0.0016775244148 0.0010105816182 0.00058610702399 0.0003291979956 0.00017985687009 9.578371828e-05 4.9731472245e-05 2.5154280593e-05 1.2384625734e-05 
5.9340727603e-06 2.7690816751e-06 1.2607017652e-06 5.6163838735e-07 2.4585207825e-07 1.0634651915e-07 4.5841449747e-08 2.0027549397e-08 9.3336609552e-09 
5.4868798394e-09 7.1619557275e-05 8.2655540609e-05 0.00010562680109 0.00014226975327 0.00019502452051 0.00026682048338 0.0003607821418 0.00047987239668 
0.00062650814652 0.0008022270631 0.0010075710015 0.0012425011955 0.0015078271972 0.0018083555624 0.0021590595134 0.0025978449266 0.0032136726659 
0.0041979644448 0.0058793211356 0.0086286999285 0.012867053039 0.019267685711 0.021416068077 0.005662150681 0.0070447493345 0.2804942131 
0.26100671291 0.18747015297 0.13125838339 0.078397281468 0.041573017836 0.020851748064 0.010509205982 0.0058325575665 0.0043339245021 
0.0052523957565 0.0091439690441 0.017844837159 0.034363877028 0.061271604151 0.095389693975 0.12126731128 0.115896523 0.073266580701 
0.093876190484 0.16904905438 0.18887287378 0.15315310657 0.10301145911 0.062065977603 0.035343606025 0.020199449733 0.012667259201 
0.0095281228423 0.008496876806 0.0080184899271 0.0072507597506 0.0060601155274 0.0047150128521 0.0035089629237 0.0025845412165 0.0019478381146 
0.001545039122 0.0013195690699 0.0012354516657 0.0012825694866 0.0014801446814 0.0018870230997 0.0026295306161 0.003987589851 0.0066478713416 
0.012191412039 0.02309028618 0.039535135031 0.052354574203 0.047356747091 0.032512545586 0.019721185789 0.011949192733 0.0075331847183 
0.0048135812394 0.0030142520554 0.0018216228345 0.001060700044 0.00059707742184 0.00032604063745 0.00017303907953 8.9293287601e-05 4.4782056648e-05 
2.1815387299e-05 1.0321542504e-05 4.7458720474e-06 2.1238752197e-06 9.2739651336e-07 3.9654921125e-07 1.6689000404e-07 6.9665894387e-08 2.9303015125e-08 
1.3051402625e-08 7.3436194903e-09 6.7199034675e-05 7.7232602052e-05 9.8008596979e-05 0.00013090153516 0.00017786759418 0.00024132788531 0.00032403782825 
0.00042897323146 0.00055927719222 0.00071835168637 0.00091025518486 0.0011406826088 0.0014189243084 0.0017613098025 0.0021968979854 0.0027771571185 
0.0035944089759 0.0048203603365 0.0067866118625 0.010153830051 0.016261106357 0.027232965454 0.042188733816 0.047142982483 0.026921283454 
0.024755693972 0.098431393504 0.18454271555 0.15796019137 0.097685553133 0.051896885037 0.025789979845 0.012764841318 0.0068615847267 
0.0048222783953 0.0055137122981 0.0093625122681 0.018287675455 0.035854991525 0.066547371447 0.11115951836 0.15441092849 0.15445247293 
0.091353446245 0.097865991294 0.18140801787 0.20371869206 0.16385993361 0.10890204459 0.064581796527 0.035812534392 0.019364951178 
0.010805730708 0.006714166142 0.0048858178779 0.0040150480345 0.003419685876 0.0028547374532 0.0023147629108 0.00186003407 0.0015280116349 
0.0013207077282 0.0012235337636 0.0012245384278 0.0013260790147 0.0015533879632 0.001966875745 0.0026875303593 0.0039690351114 0.0064458716661 
0.011891055852 0.024742083624 0.052461143583 0.096935391426 0.13346599042 0.12049233168 0.078645780683 0.043274912983 0.023409293965 
0.013605660759 0.0083909193054 0.0052150893025 0.0031611677259 0.0018496619305 0.0010446482338 0.00057080661645 0.00030227834941 0.00015524280025 
7.7318974945e-05 3.7337609683e-05 1.748332943e-05 7.9429091784e-06 3.5056559682e-06 1.5062487364e-06 6.3195108169e-07 2.6002774689e-07 1.0564384212e-07 
4.2985266901e-08 1.8363394361e-08 9.897108022e-09 6.1983293563e-05 7.1063303039e-05 8.9787652541e-05 0.00011926180741 0.00016110081924 0.00021742064564 
0.00029089752934 0.00038495237823 0.00050413131248 0.00065478729084 0.00084623141447 0.0010926009854 0.0014157325495 0.0018493082607 0.0024445464369 
0.0032782533672 0.0044665611349 0.0061954515986 0.0087990416214 0.012957894243 0.020132977515 0.033131681383 0.055190827698 0.082841455936 
0.09330534935 0.07544606179 0.17383748293 0.21107061207 0.16311828792 0.099845930934 0.053766373545 0.027147311717 0.013583323918 
0.0072978944518 0.0050052078441 0.0054766577668 0.0090216277167 0.017399599776 0.033980671316 0.063297361135 0.10742470622 0.15446290374 
0.16477790475 0.11240759492 0.10950036347 0.18533548713 0.20168720186 0.15969982743 0.10521066934 0.061958692968 0.033995613456 
0.017961058766 0.0095011722296 0.005312838126 0.0033296020702 0.0023873466998 0.0018884147285 0.0015701333759 0.001345162862 0.001196211786 
0.0011219133157 0.0011201685993 0.0011898754165 0.0013382723555 0.0015900358558 0.0019996324554 0.002671411261 0.003803162137 0.0058258404024 
0.0099188638851 0.019635330886 0.0443248339 0.10059084743 0.19503003359 0.27787482738 0.25654876232 0.16583451629 0.087005376816 
0.043689779937 0.023790623993 0.014208154753 0.008762284182 0.0053201885894 0.003122784663 0.0017666767817 0.00096474296879 0.00050938734785 
0.00026030474692 0.00012878525013 6.1696780904e-05 2.8627902793e-05 1.2874118511e-05 5.6173457779e-06 2.3822228741e-06 9.8437988072e-07 3.9778220184e-07 
1.5809675347e-07 6.2575878701e-08 2.5783100099e-08 1.3355414552e-08 5.616073031e-05 6.4354673668e-05 8.1221834989e-05 0.00010772158566 0.0001453232835 
0.0001961223752 0.00026312450063 0.00035079949885 0.00046603564988 0.00061966275098 0.0008287729579 0.0011201060843 0.0015346952714 0.0021336667705 
0.0030045944732 0.0042674611323 0.0060804765671 0.0086518526077 0.012280575931 0.017485063523 0.025322332978 0.037932787091 0.058736119419 
0.089985094965 0.12503415346 0.14956654608 0.19240704179 0.18443365395 0.13651378453 0.08492731303 0.047252930701 0.024723187089 
0.012786681764 0.0070404461585 0.0048280339688 0.0051017417572 0.0080917691812 0.015245848335 0.029338367283 0.054165519774 0.09224139154 
0.137504071 0.16473840177 0.14691869915 0.13360349834 0.17809267342 0.17952258885 0.13895024359 0.091097421944 0.053701583296 
0.029499784112 0.01553141512 0.0080860611051 0.0043426756747 0.00253680069 0.001682848786 0.0012753579067 0.0010782206664 0.00099349371158 
0.00098553230055 0.0010426630033 0.0011624493636 0.001350011793 0.0016237401869 0.0020268696826 0.0026453766041 0.0036353403702 0.00527985394 
0.0081775160506 0.013960338198 0.027620386332 0.062639035285 0.14414079487 0.2860827148 0.42233809829 0.41039219499 0.27350610495 
0.14486780763 0.072426706553 0.039175443351 0.023349620402 0.01441115886 0.0087536480278 0.005132466089 0.0028956872411 0.0015745760174 
0.00082677823957 0.00041970552411 0.00020610548381 9.7943055152e-05 4.505698962e-05 2.0077917725e-05 8.6748159447e-06 3.639214583e-06 1.4854268784e-06 
5.9167115296e-07 2.3108506753e-07 8.9458012553e-08 3.5772856677e-08 1.7900671168e-08 4.9961450713e-05 5.7343266235e-05 7.2564071161e-05 9.6570627647e-05 
0.00013090670109 0.00017798127374 0.0002416275529 0.00032812825521 0.00044794389396 0.00061845895834 0.00086815375835 0.0012426271569 0.0018126673531 
0.0026838486083 0.0040057534352 0.0059770396911 0.0088412724435 0.012869830243 0.018336419016 0.025509204715 0.034726977348 0.046652086079 
0.062631130219 0.084356032312 0.11090315878 0.13429690897 0.14775773883 0.13274629414 0.098621673882 0.063341274858 0.036799941212 
0.020198395476 0.0109647559 0.0062962658703 0.0043837036937 0.0044813877903 0.0067611634731 0.0122926943 0.023102134466 0.041949298233 
0.071000896394 0.10808374733 0.14099214971 0.15159203112 0.14834117889 0.15959590673 0.1442899406 0.10803617537 0.070601582527 
0.041922252625 0.023265499622 0.012369778007 0.0064821252599 0.0034796865657 0.0020147073083 0.0013266282622 0.0010220279219 0.00091320963111 
0.00091838464141 0.0010056769243 0.0011647200445 0.001394828083 0.0017039646627 0.0021172219422 0.0026952917688 0.0035616788082 0.0049368273467 
0.0071921399795 0.011007888243 0.017970388755 0.032548461109 0.066662326455 0.14349009097 0.28057780862 0.42891186476 0.45267218351 
0.32528722286 0.18668043613 0.10235594958 0.060018446296 0.037388823926 0.023383051157 0.014172162861 0.0082433596253 0.0046062539332 
0.0024803248234 0.0012900071451 0.0006488384679 0.00031578011112 0.00014875271881 6.7843859142e-05 2.9973187338e-05 1.2837030226e-05 5.3358198784e-06 
2.1560435925e-06 8.4894440988e-07 3.2702854469e-07 1.2440651176e-07 4.8571362044e-08 2.3616276934e-08 4.3678177462e-05 5.0335864216e-05 6.4146814111e-05 
8.6177038611e-05 0.00011827029084 0.0001635071967 0.00022710897611 0.00031806904008 0.00045192972175 0.00065530167194 0.00097292388091 0.0014781182399 
0.0022871012334 0.0035763746127 0.0055998899043 0.008698859252 0.013292491436 0.019832607359 0.028696572408 0.039982292801 0.053186915815 
0.066900908947 0.079065039754 0.088659472764 0.097527936101 0.10420446843 0.10319563746 0.089113548398 0.066608905792 0.044139180332 
0.026842873544 0.015552084893 0.008940984495 0.0054062120616 0.0038457212504 0.003784163855 0.0053349374793 0.009203882888 0.016709022224 
0.029606800526 0.04931954667 0.075085386634 0.10134796798 0.11822468787 0.12194255739 0.11956945062 0.10174200684 0.074966199696 
0.049267522991 0.029677094892 0.016768880188 0.0090971020982 0.0048756045289 0.0026876349002 0.0016110608121 0.001115710591 0.00092450907687 
0.00090554251801 0.0010032419814 0.001198752434 0.0014882643009 0.0018722143723 0.0023545338772 0.0029566164594 0.0037501377519 0.0049035446718 
0.0067280768417 0.0097210891545 0.014653983526 0.02289564535 0.037504028529 0.06581325084 0.12184986472 0.21761801839 0.32759895921 
0.36664134264 0.29497548938 0.20105035603 0.1337801367 0.090201169252 0.059733908623 0.037761978805 0.022638738155 0.012938208878 
0.0071003488265 0.0037614856847 0.001928861253 0.00095836998662 0.00046144417138 0.00021528921206 9.7328738775e-05 4.2645086069e-05 1.8118504158e-05 
7.4707918429e-06 2.9933498809e-06 1.1677079783e-06 4.4495845941e-07 1.6697954663e-07 6.3983655707e-08 3.0399910145e-08 3.7654826883e-05 4.3710926548e-05 
5.6415581639e-05 7.7084463555e-05 0.00010809213563 0.00015357027587 0.00022073725995 0.00032228749478 0.0004805366043 0.00073441659333 0.0011508688331 
0.0018423544243 0.0029916465282 0.0048833228648 0.0079380245879 0.012740229256 0.020043537021 0.030725395307 0.045626178384 0.065113566816 
0.088085502386 0.11027117074 0.12316034734 0.1190110743 0.10675687343 0.093465819955 0.079616248608 0.063519954681 0.046406306326 
0.031179973856 0.0196741689 0.011992158368 0.0072985305451 0.0046484977938 0.0033744999673 0.0031697391532 0.0040839198045 0.0065280054696 
0.0112684099 0.019294958562 0.03136844933 0.047089282423 0.063737720251 0.076237216592 0.080397859216 0.076387643814 0.063751176 
0.047067616135 0.03137909621 0.019295969978 0.01117746532 0.0062453239225 0.0034733512439 0.0020136118401 0.001297266339 0.00099133420736 
0.00092270353343 0.0010142852552 0.0012420548592 0.001607703045 0.0021189004183 0.0027734313626 0.003553763032 0.0044490755536 0.0055180769414 
0.0069794384763 0.0092846537009 0.013150537387 0.019578589126 0.029969936237 0.046584997326 0.073577821255 0.1176527068 0.18401063979 
0.26061394811 0.30562588573 0.2893601656 0.24494409561 0.19449605048 0.14337660372 0.097097620368 0.060684099793 0.035490095615 
0.019725112244 0.010546108708 0.0054634078406 0.0027506595943 0.0013464801013 0.00064043648308 0.00029574544169 0.00013251976634 5.7606379414e-05 
2.4296925403e-05 9.9482504083e-06 3.9578953874e-06 1.5323823845e-06 5.7894533256e-07 2.1498861713e-07 8.1203680224e-08 3.7892398552e-08 3.2259467844e-05 
3.789974653e-05 4.9935890274e-05 7.0084875915e-05 0.00010152818868 0.00014990694763 0.00022514436569 0.00034468053491 0.00053920509527 0.00086283509154 
0.0014106696472 0.0023469501175 0.003945981618 0.0066460403614 0.011113990098 0.01831404306 0.029571181163 0.046611182392 0.071494936943 
0.10611407459 0.15029262006 0.19671140611 0.22254568338 0.19435578585 0.14852395654 0.10780574381 0.077104739845 0.054279517382 
0.037066433579 0.024398069829 0.015586960129 0.0098247677088 0.0062533682212 0.0041595292278 0.0030662724748 0.0027369400486 0.003158866195 
0.004534763284 0.0072621745057 0.011839344166 0.018609166145 0.027295740321 0.036495644599 0.04366864264 0.046312972903 0.043673392385 
0.036478277296 0.027264092118 0.018547395244 0.011704875156 0.0069979759865 0.0040684281848 0.0023872386664 0.0014952549245 0.001075971988 
0.0009446881013 0.0010132562602 0.0012575995643 0.0016939431662 0.0023583045695 0.0032799784094 0.0044469377026 0.0057826754637 0.0071778600104 
0.0086149722338 0.010365574621 0.013114037924 0.017968833447 0.026374297217 0.040074784309 0.061468414962 0.094312302768 0.14289335907 
0.20923921466 0.28608834743 0.35074481368 0.37851932645 0.36574685574 0.31357097626 0.23505119979 0.15665970743 0.095018938184 
0.053672295064 0.028818337247 0.014935236424 0.0075374427252 0.003716272302 0.001789581147 0.00084030086873 0.00038405507803 0.0001706295734 
7.3634539149e-05 3.0857278034e-05 1.2559066818e-05 4.9676323215e-06 1.9118215278e-06 7.1753225939e-07 2.643357675e-07 9.8770186696e-08 4.5464801701e-08 
2.7865582524e-05 3.3380310924e-05 4.5431694161e-05 6.6385233367e-05 0.00010069953714 0.00015630453709 0.00024691756698 0.00039590898086 0.00064326275606 
0.0010591363534 0.001769769704 0.0030014566146 0.0051446431316 0.0088382437825 0.015078907833 0.025361206383 0.041867610067 0.067756436765 
0.10757488757 0.16748578846 0.25355240703 0.36167141795 0.44273325801 0.34663164616 0.23101375997 0.14530715346 0.090203464031 
0.056172974408 0.035127274692 0.022007007152 0.013840830885 0.0088123623282 0.0057626692578 0.0039561260492 0.0029509970918 0.0025177961215 
0.0025911098346 0.0032423601951 0.0046511711553 0.0070410612971 0.010540951975 0.01496405527 0.019593806937 0.023207299411 0.024567462504 
0.023180592805 0.019532097504 0.01485310588 0.010354175232 0.006741439458 0.0041935117915 0.0025702568237 0.0016260314733 0.0011370102875 
0.00094893923961 0.00098089745734 0.0012144824723 0.0016832127003 0.0024630415719 0.0036525886972 0.0053256461397 0.0074527412653 0.0098324147984 
0.012120841071 0.014072137885 0.016050072387 0.019179172814 0.02529749833 0.036535739899 0.054846920073 0.082912698388 0.1270326376 
0.19345079362 0.28469312191 0.39451673627 0.5031286478 0.57952058315 0.59171950817 0.51946103573 0.37942513824 0.24248670042 
0.14087815583 0.076434679329 0.039569467306 0.019866330549 0.0097666457295 0.0047169043683 0.0022357497364 0.0010371854296 0.00046961722546 
0.00020708928059 8.8818487711e-05 3.7023455661e-05 1.4997195649e-05 5.9053863879e-06 2.2624633402e-06 8.4499123432e-07 3.0949320262e-07 1.1474778461e-07 
5.2300553222e-08 2.4861179554e-05 3.0719649658e-05 4.3943375204e-05 6.8101893703e-05 0.00011005155102 0.00018192050629 0.00030376389623 0.00050689699128 
0.00083969533443 0.0013826452196 0.002285446506 0.0038368464448 0.0065623712726 0.011340390891 0.019561963156 0.033368349075 0.056038621813 
0.09270849824 0.15182031691 0.24789056182 0.40563505888 0.65795409679 0.97065335512 0.62182790041 0.35370704532 0.19721367955 
0.11073818803 0.06320361793 0.03680786863 0.021938085556 0.013445537537 0.0085372570902 0.0056715710089 0.0039888028987 0.0030135684647 
0.0024975689594 0.0023373607546 0.0025297482498 0.0031386134215 0.0042507033795 0.0059025441296 0.0079792281613 0.010129272938 0.011790205725 
0.012402880006 0.011729665101 0.0099985506386 0.007759324275 0.0055659292266 0.0037635925692 0.0024625041988 0.0016199407401 0.0011360181961 
0.00091792736202 0.00091013044585 0.0011049410095 0.0015480741858 0.0023462625686 0.0036709429696 0.0057341810316 0.0087031116709 0.01254593581 
0.016864383593 0.02080517821 0.023424034938 0.025544725358 0.029301797971 0.038057189435 0.0549595505 0.080352336168 0.11387415975 
0.16979475319 0.26095739007 0.39317366481 0.56115406752 0.74314898252 0.896273911 0.95706540346 0.8666421771 0.59328049421 
0.35226392746 0.19275563955 0.099921822548 0.04994000867 0.02438749373 0.011731753126 0.005572468508 0.0026084377896 0.0011987913167 
0.00053894199664 0.00023634750687 0.00010091672448 4.1910294385e-05 1.6921552742e-05 6.6430911829e-06 2.5375147743e-06 9.446949889e-07 3.4470733112e-07 
1.2715591424e-07 5.7580145096e-08 2.3695964046e-05 3.0702554795e-05 4.724129758e-05 7.9517369159e-05 0.00013983793906 0.0002499773982 0.00044381603948 
0.00076640193583 0.0012699507643 0.0020212130621 0.0031540512573 0.0049937171862 0.0082157449797 0.01397112757 0.024073166773 0.04132521525 
0.070173069835 0.11784154177 0.19687740505 0.33122575283 0.57454150915 1.0826969147 2.4746618271 1.0001249313 0.47024303675 
0.23911440372 0.12688650191 0.069260142744 0.038818161935 0.022462541237 0.013547879644 0.0086074350402 0.0058105657808 0.0041854497977 
0.0032170189079 0.0026388117112 0.002325781621 0.0022375243716 0.0023828670382 0.0027876889799 0.0034555345774 0.0043218992651 0.0052216965705 
0.0059064710513 0.0061358571984 0.0058054840192 0.0050089256838 0.0039768875577 0.0029504578561 0.0020904215053 0.0014596898109 0.001053966349 
0.0008435320924 0.00080573459854 0.00094578549033 0.0013129616855 0.0020210263319 0.0032758209854 0.005396113731 0.0087880687788 0.013827706687 
0.020653296262 0.028811214492 0.03626569733 0.03904748708 0.040907558054 0.046684045345 0.063321962953 0.096277065575 0.13789431751 
0.16568604112 0.22170694172 0.33312419057 0.51019078493 0.75073343515 1.0370109081 1.3238241673 1.5243273973 1.5276484489 
0.90342408419 0.47357311845 0.23814220726 0.1171900481 0.056767832488 0.027189215645 0.012913757004 0.0060799061321 0.0028279337566 
0.0012936013518 0.00057952990755 0.00025346805342 0.00010800183372 4.4777829316e-05 1.8053922759e-05 7.0786286415e-06 2.7004575713e-06 1.0039432254e-06 
3.6568266637e-07 1.3455621684e-07 6.0728822859e-08 2.4970309823e-05 3.4588167182e-05 5.8683508541e-05 0.00010977387865 0.00021383765852 0.00041771377437 
0.00079167739023 0.0014144631568 0.0023330897093 0.0035286329221 0.0049874559045 0.0069729383104 0.010357113555 0.016656214371 0.028136825189 
0.047968979925 0.081835329533 0.1386808008 0.23344483972 0.38955903053 0.63470226526 0.96317219734 1.1960874796 0.75681257248 
0.42662033439 0.23368155956 0.12741744518 0.069919593632 0.039031725377 0.02248175256 0.01358506456 0.008743702434 0.0060438471846 
0.0044776103459 0.0035189543851 0.0028982195072 0.0024844547734 0.0022234048229 0.0021019414999 0.0021227838006 0.0022814630065 0.0025447716471 
0.0028381138109 0.0030547666829 0.0030936356634 0.0029090237804 0.0025349445641 0.0020624480676 0.0015913426178 0.0011934692739 0.00090368691599 
0.00073159916792 0.000680601981 0.00076628749957 0.0010342845926 0.0015836046077 0.0026036701165 0.0044269179925 0.0075787338428 0.012788843364 
0.020991079509 0.033459935337 0.05130141601 0.069420099258 0.066795490682 0.06487518549 0.07567204535 0.11437366158 0.19611163437 
0.29401877522 0.26973041892 0.285333395 0.39235123992 0.59822589159 0.9042442441 1.3138893843 1.8222846985 2.3892378807 
3.1650960445 1.2786307335 0.55887085199 0.25593197346 0.12041390687 0.057273849845 0.027288217098 0.012961513363 0.0061119552702 
0.0028473883867 0.0013041631319 0.00058485101908 0.00025601772359 0.00010917782492 4.530215665e-05 1.8280008589e-05 7.1728100011e-06 2.7383118777e-06 
1.0186131476e-06 3.7117843021e-07 1.3660053355e-07 6.1644087168e-08 2.9551594707e-05 4.4494096073e-05 8.4601073468e-05 0.00017746860976 0.00038322131149 
0.00081427843543 0.0016413840931 0.0030439908151 0.0050626355223 0.0074080755003 0.0095171025023 0.011260387488 0.013963196427 0.020065458491 
0.032812610269 0.052487082779 0.088816121221 0.15222169459 0.26249054074 0.45521247387 0.77959984541 1.2080465555 0.96190583706 
0.6214659214 0.36863520741 0.2102573365 0.11777220666 0.065722666681 0.037118695676 0.02164067328 0.013313751668 0.008799046278 
0.0062851035036 0.0048118140548 0.003879632568 0.0032342909835 0.0027520908043 0.002379078418 0.0020972997881 0.0019037732854 0.0017952113412 
0.0017565697199 0.0017554685473 0.0017464712728 0.0016863427591 0.0015532359248 0.0013562940294 0.0011281078914 0.00090740539599 0.00072529079625 
0.00060183554888 0.00055165047524 0.00059427577071 0.00076743098907 0.0011456827633 0.001872042194 0.0032127299346 0.0056402287446 0.0099408589303 
0.017413785681 0.030654743314 0.056075297296 0.10535363108 0.16906201839 0.1270300895 0.10169099271 0.11759588122 0.20275877416 
0.41448536515 0.74764674902 0.48284855485 0.36327180266 0.41883739829 0.61499214172 0.94767063856 1.4717481136 2.3237297535 
3.4832947254 1.9830403328 0.97143882513 0.45941737294 0.21850219369 0.1052524969 0.051044628024 0.024752706289 0.011938306503 
0.0056993612088 0.0026805053931 0.0012366602896 0.00055774318753 0.00024529662915 0.00010502939404 4.3739179091e-05 1.7708449377e-05 6.9703664849e-06 
2.6689608603e-06 9.9566102563e-07 3.638443502e-07 1.3430960166e-07 6.080780679e-08 3.8636568206e-05 6.370065239e-05 0.00013561555534 0.00031563517405 
0.00074350764044 0.0016930222046 0.0036016411614 0.006958339829 0.01188448444 0.017426310107 0.021299088374 0.021798066795 0.022058330476 
0.029264634475 0.054080542177 0.057948149741 0.089178591967 0.15232057869 0.26955357194 0.50235271454 1.0288321972 2.4948456287 
1.0911858082 0.57139712572 0.31956210732 0.18135367334 0.10277242959 0.058284822851 0.033541075885 0.020023945719 0.012710639276 
0.0087281959131 0.0064906682819 0.0051496904343 0.0042634010315 0.0036084982567 0.0030780339148 0.0026265294291 0.0022396778222 0.0019164435798 
0.001657641842 0.0014587180922 0.0013066451065 0.001181699452 0.0010637618834 0.00094006984727 0.00080950232223 0.00068076356547 0.00056693836814 
0.00048116527614 0.00043632736197 0.00044897253974 0.0005467927549 0.00078047043644 0.0012441994622 0.0021141429897 0.0037181531079 0.0066513689235 
0.011990404688 0.022012706846 0.043469332159 0.099227316678 0.24882081151 0.5311319232 0.27536264062 0.15612356365 0.1580388248 
0.29482993484 0.74581503868 2.175876379 0.80021697283 0.42240303755 0.39440566301 0.54171013832 0.84142571688 1.4442750216 
3.0512461662 1.9248393774 1.1384794712 0.61466026306 0.31762999296 0.1618951112 0.082186840475 0.041523940861 0.020805180073 
0.010298198089 0.0050168018788 0.0023967032321 0.0011193952523 0.00050990644377 0.00022614603222 9.7541567811e-05 4.088982314e-05 1.6655922082e-05 
6.593717444e-06 2.5386216294e-06 9.5213181339e-07 3.4984370245e-07 1.2993032783e-07 5.9220859328e-08 5.3532319725e-05 9.6189956821e-05 0.00022561187507 
0.00057021534303 0.00143616891 0.0034563974477 0.0077205505222 0.015619742684 0.027880564332 0.042353611439 0.051836326718 0.048407386988 
0.043696876615 0.073562175035 0.22186243534 0.091130897403 0.085202381015 0.13309814036 0.22429923713 0.38379120827 0.65091919899 
0.99414116144 0.67240935564 0.41017016768 0.24435353279 0.1437497884 0.083753488958 0.048763815314 0.028896620497 0.017884906381 
0.011861864477 0.0085439635441 0.0066433795728 0.0054625682533 0.004636943806 0.0039838701487 0.0034186101984 0.0029082582332 0.0024459138513 
0.00203550281 0.0016825620551 0.0013889357215 0.0011506408919 0.00095861137379 0.00080166297266 0.00067018764094 0.00055866513867 0.00046601402573 
0.00039460766129 0.00034971610876 0.00034072046401 0.00038469515857 0.0005129185738 0.00078219309216 0.0012959830929 0.0022453481797 0.0039848466404 
0.0071678669192 0.013062844053 0.024900848046 0.05476295948 0.15373528004 0.52033388615 1.8881133795 0.54753935337 0.20955079794 
0.15698283911 0.23417523503 0.45333820581 0.78590381145 0.49047327042 0.31968170404 0.30592799187 0.40124484897 0.5782199502 
0.84804338217 1.2018328905 0.92844152451 0.60745954514 0.36198148131 0.20480197668 0.11266309023 0.060833517462 0.032292515039 
0.016830287874 0.0085945753381 0.0042910622433 0.0020904359408 0.00099196727388 0.00045789906289 0.00020542075799 8.9508270321e-05 3.7870991946e-05 
1.5559302483e-05 6.209813364e-06 2.4095845674e-06 9.1072297437e-07 3.3728255744e-07 1.2637828206e-07 5.8163525551e-08 7.4814503023e-05 0.00014428756549 
0.00036423408892 0.00097806367557 0.0025921617635 0.0065376833081 0.015325170942 0.032737165689 0.062239456922 0.1012192145 0.13005869091 
0.11409546435 0.098295278847 0.23740103841 1.1107337475 0.23323023319 0.088100723922 0.10581819713 0.16376484931 0.2533724606 
0.3703289628 0.46398952603 0.37717658281 0.26180613041 0.16922345757 0.10513530672 0.063878022134 0.038661964238 0.023902678862 
0.015547507443 0.010897464119 0.0082837641239 0.0067378664389 0.0057260598987 0.0049677449279 0.0043241339736 0.003734320635 0.0031791161746 
0.0026600609999 0.0021867551841 0.0017691628309 0.0014133453369 0.0011198266875 0.00088403286645 0.00069814070594 0.00055344426073 0.00044235715177 
0.00035960652167 0.00030290856375 0.00027385778958 0.00027977622813 0.00033714927849 0.00047751326929 0.00075779017061 0.0012797012459 0.002227186691 
0.0039345803671 0.0069997999817 0.012495417148 0.022684792057 0.044291868806 0.10013707727 0.24965746701 0.53143978119 0.27357128263 
0.14639237523 0.1190232113 0.15141277015 0.23626588285 0.32603010535 0.25930404663 0.20397545397 0.21021176875 0.26938191056 
0.36150860786 0.46698969603 0.54600858688 0.46190598607 0.3328128159 0.21800544858 0.13449515402 0.079674705863 0.045712932944 
0.025476608425 0.013802243397 0.0072686737403 0.003719773842 0.001848991029 0.00089228682918 0.00041787885129 0.00018986710347 8.3684994024e-05 
3.5782482882e-05 1.4847130842e-05 5.9815824898e-06 2.342286507e-06 8.9332201014e-07 3.3393232002e-07 1.2643441494e-07 5.8852638318e-08 0.00010083326924 
0.00020406574185 0.00054078327958 0.0015139235184 0.0041722427122 0.010972389951 0.027050098404 0.061676420271 0.12777879834 0.23155711591 
0.33148404956 0.26681470871 0.16663376987 0.12891215086 0.23967774212 0.086695812643 0.060217648745 0.07736030221 0.11138062924 
0.15759497881 0.20767113566 0.2369800806 0.20902957022 0.15852063894 0.11006337404 0.072396166623 0.046238463372 0.029427543283 
0.019241048023 0.013321043923 0.0099444510415 0.0079863332212 0.0067708562128 0.0059174755588 0.0052247028798 0.0045949844643 0.003989668563 
0.0034022887703 0.002842172049 0.002324027475 0.0018614626024 0.0014634047402 0.0011328129331 0.00086711597396 0.00065975193866 0.0005021627876 
0.00038568978198 0.00030310399598 0.00024987454526 0.00022555471514 0.00023577822139 0.00029541450203 0.0004336652346 0.00070269405842 0.0011933143251 
0.0020644229371 0.0035950664897 0.006263341289 0.010848527774 0.018624544144 0.032139010727 0.057725165039 0.10691948235 0.16993522644 
0.12542371452 0.09183087945 0.08150601387 0.091091662645 0.11893205345 0.14564481378 0.13385294378 0.12482434511 0.14084051549 
0.18060563505 0.23273903131 0.28131249547 0.30459627509 0.27367946506 0.21439355612 0.15234532952 0.10088472068 0.063307017088 
0.038002289832 0.021938953549 0.012219753116 0.0065798033029 0.0034291394986 0.0017308786046 0.00084645149764 0.00040111131966 0.00018420783454 
8.1997961388e-05 3.5389148252e-05 1.481522122e-05 6.020503406e-06 2.377689043e-06 9.1463260787e-07 3.4497813317e-07 1.3195113979e-07 6.2103552523e-08 
0.00012664010865 0.00026157923276 0.00070902408333 0.0020315733273 0.005752290599 0.015671275556 0.040613416582 0.09969266504 0.23057258129 
0.49092572927 0.87185257673 0.61972182989 0.32612380385 0.15600401163 0.093998111784 0.052553262562 0.046305000782 0.055990234017 
0.073831029236 0.09628174454 0.11764129996 0.12764309347 0.11677310616 0.093875907362 0.069096893072 0.048040550202 0.032451219857 
0.021957358345 0.01536961738 0.011421347968 0.0090924371034 0.0076777469367 0.0067371837795 0.0060167349875 0.0053811357357 0.0047674356028 
0.0041554658674 0.0035490691662 0.0029636370018 0.0024176668376 0.0019272833597 0.0015032010851 0.001149712014 0.00086520327022 0.00064364256104 
0.0004764754558 0.00035450357245 0.00026952696498 0.00021578207088 0.0001914184395 0.00020037987269 0.00025512336288 0.0003807421599 0.00062150636222 
0.0010520081269 0.0017970867921 0.0030658289324 0.0051996102557 0.0087157478556 0.014312406071 0.022863477468 0.035550210625 0.053331989795 
0.070819057524 0.066200524569 0.058605585247 0.053922623396 0.054798986763 0.062566772103 0.072076939046 0.07521674782 0.083129882812 
0.10408109426 0.1383164376 0.18044690788 0.22043633461 0.24363300204 0.23435521126 0.19409380853 0.14315515757 0.097060404718 
0.061806581914 0.037455201149 0.021772164851 0.012196594849 0.0066025154665 0.0034591916483 0.0017553979997 0.00086312228814 0.0004112792667 
0.00018994057609 8.5032355855e-05 3.6911256757e-05 1.5543535483e-05 6.3546308411e-06 2.5253521017e-06 9.77851073e-07 3.7149507648e-07 1.4331726561e-07 
6.8104050399e-08 0.00014544147416 0.00029689175426 0.00079873623326 0.0022885643411 0.0065314699896 0.018118983135 0.048584651202 0.12690000236 
0.32893186808 0.87030744553 2.4696323872 1.3503842354 0.58678984642 0.23268908262 0.09668854624 0.050066735595 0.039150003344 
0.041634779423 0.049632869661 0.059674225748 0.068403854966 0.071623757482 0.06650993973 0.055613152683 0.042998723686 0.031600575894 
0.02272965014 0.016509214416 0.012459896505 0.009939792566 0.0083810444921 0.0073681692593 0.0066311336122 0.006009883713 0.0054191565141 
0.0048221675679 0.0042123813182 0.0036007831804 0.003006527666 0.0024501453154 0.0019489206607 0.0015143250348 0.0011512241326 0.00085846561706 
0.00063033669721 0.00045839726226 0.0003333108325 0.00024646808743 0.00019140721997 0.00016520144709 0.00017009294243 0.0002156959381 0.00032211525831 
0.00052447844064 0.00087992142653 0.0014791039284 0.0024648546241 0.0040568797849 0.0065676015802 0.01037095394 0.01578089036 0.022841634229 
0.030965376645 0.037898570299 0.039213649929 0.037537455559 0.035120394081 0.034372713417 0.037120558321 0.043129228055 0.051764685661 
0.067344874144 0.094360202551 0.13528677821 0.18975125253 0.25162509084 0.30331254005 0.31297552586 0.25720015168 0.18303883076 
0.11923044175 0.073257215321 0.043127603829 0.024522226304 0.013518123887 0.0072362576611 0.0037630461156 0.0019008015515 0.00093229539925 
0.00044384066132 0.00020503850828 9.1902446002e-05 3.9970898797e-05 1.687504664e-05 6.9205993896e-06 2.7605146897e-06 1.0736447393e-06 4.1010429186e-07 
1.593461576e-07 7.6372188573e-08 0.00015301756503 0.00029851807631 0.00076934811659 0.0021351671312 0.0059481067583 0.016156133264 0.042325213552 
0.10695034266 0.26157042384 0.61592775583 1.3482325077 2.4209413528 0.80173373222 0.27512800694 0.10173597187 0.0481422171 
0.03401067853 0.032519217581 0.035164944828 0.038924198598 0.041919350624 0.042423140258 0.039501097053 0.033976636827 0.027474675328 
0.021388363093 0.016470525414 0.012888569385 0.010457809083 0.0088653992862 0.0078098075464 0.0070577743463 0.006451068446 0.0058933189139 
0.0053337132558 0.0047532641329 0.0041541303508 0.0035510787275 0.0029645299073 0.0024151068646 0.0019197908696 0.0014897763031 0.0011298607569 
0.00083905312931 0.00061195273884 0.000440460135 0.00031547987601 0.00022843483021 0.00017256889259 0.00014416355407 0.00014387942792 0.0001784478809 
0.00026289653033 0.00042345802649 0.00070144457277 0.0011587832123 0.0018861335702 0.0030125917401 0.004708438646 0.0071582859382 0.010473611765 
0.014539006166 0.018843377009 0.022374995053 0.023922465742 0.023773558438 0.022987740114 0.023195726797 0.02603302896 0.03276604414 
0.045092783868 0.066874928772 0.10378686339 0.16314589977 0.25271850824 0.37414291501 0.5035970211 0.55920219421 0.42351350188 
0.27386555076 0.16437456012 0.094713300467 0.053116861731 0.0291359853 0.015645867214 0.0082184160128 0.0042166304775 0.0021098784637 
0.0010281456634 0.00048737591715 0.00022455729777 0.00010051462596 4.370226452e-05 1.8460676074e-05 7.5814232332e-06 3.0309722661e-06 1.1827421531e-06 
4.5392994252e-07 1.7763173332e-07 8.5918046011e-08 0.00015077501303 0.00027424207656 0.00065547227859 0.0017078022938 0.0045130886137 0.011673983186 
0.02900258638 0.068597756326 0.15345486999 0.31875094771 0.58183693886 0.79909002781 0.41158032417 0.17384651303 0.074040099978 
0.039378147572 0.02910312824 0.026842013001 0.027017973363 0.027749355882 0.028123091906 0.027463559061 0.025452150032 0.022375360131 
0.0188724529 0.015555727296 0.012795765884 0.010699595325 0.009195227176 0.008133453317 0.0073593603447 0.0067462390289 0.0062040970661 
0.00567658199 0.0051346402615 0.0045699896291 0.0039890445769 0.0034072238486 0.0028437844012 0.0023175186943 0.0018436425598 0.0014320546761 
0.0010868951213 0.00080712494673 0.00058774830541 0.00042130309157 0.00029934081249 0.0002137425472 0.00015784369316 0.00012745262939 0.00012190937559 
0.0001453338482 0.00020814586605 0.00032882430241 0.00053580704844 0.000869518728 0.001384613337 0.0021517754067 0.0032551758923 0.0047753015533 
0.0067429109477 0.0090631730855 0.011449406855 0.013448505662 0.014657353982 0.015175111592 0.015661830083 0.017253221944 0.021380025893 
0.029844818637 0.045521102846 0.073706313968 0.12374226749 0.21153464913 0.36193850636 0.60404288769 0.93289369345 1.1693086624 
0.73543286324 0.41093492508 0.22269766033 0.11959969997 0.06387976557 0.033862389624 0.017749892548 0.0091648390517 0.0046450300142 
0.0023041197564 0.0011159528513 0.00052677723579 0.00024204289366 0.00010816751455 4.7000001359e-05 1.9859138774e-05 8.1655934991e-06 3.2719776755e-06 
1.2814691672e-06 4.9460896889e-07 1.9528127382e-07 9.5568346126e-08 0.00014290398394 0.00024051373475 0.00052226590924 0.0012435816461 0.0030375914648 
0.0073235719465 0.016969567165 0.037129614502 0.075644701719 0.14025035501 0.22397918999 0.26943764091 0.17097568512 0.087795808911 
0.046448849142 0.030496206135 0.025181213394 0.023437410593 0.022681223229 0.022087035701 0.0213302169 0.02019863762 0.018599297851 
0.016635492444 0.014546426013 0.012578202412 0.010891067795 0.0095369713381 0.0084865046665 0.0076700467616 0.0070102112368 0.0064396606758 
0.005907883402 0.0053821308538 0.004845845513 0.004295963794 0.003739525564 0.0031898973975 0.0026629872154 0.0021739569493 0.0017348391702 
0.0013532446465 0.0010321079753 0.0007702158764 0.00056318269344 0.00040459391312 0.00028713376378 0.00020360825874 0.00014784635277 0.00011552646174 
0.00010500706412 0.00011824165995 0.00016180018429 0.00024789955933 0.00039522457519 0.00062927714316 0.00098205276299 0.0014907106524 0.0021938926075 
0.0031221525278 0.0042777461931 0.005605304148 0.0069735553116 0.0082085682079 0.0092112468556 0.010134863667 0.011484406888 0.014140287414 
0.019410813227 0.029339469969 0.047542717308 0.080934181809 0.14305956662 0.26094007492 0.48869222403 0.9297324419 1.7372211218 
2.8327989578 1.162027359 0.53807234764 0.26559114456 0.13556055725 0.070248939097 0.03652793169 0.01890200749 0.0096737779677 
0.0048730135895 0.0024070139043 0.0011624792824 0.00054775760509 0.00025144524989 0.00011234675912 4.8841739044e-05 2.066488014e-05 8.5165956989e-06 
3.4249540022e-06 1.3486475154e-06 5.2477855661e-07 2.0981397597e-07 1.0435982745e-07 0.00013234037033 0.00020837310876 0.0004113119212 0.00088308908744 
0.0019525171956 0.0043005640619 0.0091634644195 0.018425714225 0.034238323569 0.057340774685 0.082576394081 0.092624180019 0.068230241537 
0.043671600521 0.030167933553 0.024609364569 0.02251598984 0.021447861567 0.02051804401 0.019514095038 0.018399123102 0.01714704372 
0.015755016357 0.014271849766 0.01278665103 0.011391384527 0.010148945265 0.0090823220089 0.0081814080477 0.0074167172424 0.0067518544383 
0.0061519714072 0.0055886106566 0.0050420416519 0.004501842428 0.0039661442861 0.0034398110583 0.0029319382738 0.0024531616364 0.0020133021753 
0.0016197599471 0.0012768026209 0.00098562892526 0.00074486597441 0.00055118906312 0.00039991305675 0.00028556218604 0.0002024614223 0.00014537469542 
0.00011017954967 9.4570939837e-05 9.8789249023e-05 0.00012634770246 0.00018465750327 0.00028534780722 0.00044401607011 0.00067919306457 0.0010104202665 
0.001455265563 0.0020246771164 0.0027160095051 0.0035056676716 0.0043505299836 0.0052146879025 0.0061329873279 0.0072988849133 0.009141491726 
0.012398799881 0.018268946558 0.028799800202 0.047771811485 0.082571566105 0.1482950896 0.27764835954 0.54804265499 1.16845119 
2.8345730305 1.7339775562 0.92198359966 0.47763156891 0.2480366677 0.12965641916 0.067998088896 0.035590775311 0.018491525203 
0.0094901332632 0.004790827632 0.0023707724176 0.0011469263118 0.00054134760285 0.00024895611568 0.00011146826 4.8584497563e-05 2.0624169338e-05 
8.5374649643e-06 3.4541872083e-06 1.3716980902e-06 5.4025650797e-07 2.199399205e-07 1.1187560744e-07 0.00011981229181 0.0001802087645 0.00033028901089 
0.00064592028502 0.0012884259922 0.0025633680634 0.0049682497047 0.0091420300305 0.015576501377 0.023951716721 0.032089784741 0.035409137607 
0.030657442287 0.025173520669 0.022199088708 0.021135417745 0.020737128332 0.020311823115 0.019675463438 0.018845498562 0.01783759892 
0.016644302756 0.015324844979 0.013960978948 0.012621323578 0.011352990754 0.010183529928 0.0091252001002 0.0081787202507 0.007335960865 
0.0065826671198 0.0059016561136 0.0052762050182 0.0046928394586 0.0041429297999 0.0036229290999 0.0031334317755 0.0026774592698 0.0022585703991 
0.0018793536583 0.0015407542232 0.0012422949076 0.00098281470127 0.00076108280336 0.00057586689945 0.00042555705295 0.00030776453787 0.00021924177418 
0.00015621668717 0.00011502452253 9.2863541795e-05 8.8539985882e-05 0.00010311193182 0.00014034833293 0.0002068727772 0.00031182565726 0.00046592042781 
0.00067993643461 0.00096290558577 0.0013204015559 0.0017535812221 0.0022606139537 0.0028444889467 0.0035333880223 0.0044177686796 0.0057008857839 
0.0077571342699 0.011213826016 0.017112944275 0.027256276459 0.044900093228 0.076091833413 0.13218930364 0.23437763751 0.42002615333 
0.74020129442 1.1685136557 0.92630821466 0.59259361029 0.34730923176 0.19553285837 0.10777783394 0.058562617749 0.031406778842 
0.016601348296 0.0086283851415 0.0043977354653 0.0021926967893 0.0010673301294 0.00050645094598 0.00023403808882 0.00010529100109 4.6128407121e-05 
1.9698885808e-05 8.2150982053e-06 3.3558851555e-06 1.3499195575e-06 5.4119317383e-07 2.2595939697e-07 1.1840886316e-07 0.00010519538773 0.00015412468929 
0.00026973331114 0.00049423571909 0.0009085800848 0.0016513018636 0.0029255093541 0.0049564130604 0.0078561399132 0.011401555501 0.014843233861 
0.017042590305 0.017478646711 0.017629813403 0.018195483834 0.018969865516 0.01960879378 0.01998809725 0.020145675167 0.020069299266 
0.019562087953 0.018415592611 0.016874033958 0.015227525495 0.013635298237 0.012153568678 0.010791568086 0.0095470389351 0.0084188897163 
0.0074063516222 0.0065052225254 0.0057067004964 0.0049990634434 0.0043704286218 0.0038108895533 0.0033132287208 0.0028722849675 0.0024834694341 
0.0021411990747 0.0018380976981 0.0015656122705 0.0013160096714 0.0010847517988 0.00087166426238 0.00068000110332 0.00051410991 0.00037714789505 
0.00026987216552 0.00019066753157 0.0001364054915 0.00010360536544 8.9514032879e-05 9.2917500297e-05 0.00011462515977 0.00015759901726 0.00022669506143 
0.00032801530324 0.00046800324344 0.0006526450743 0.00088739319472 0.001178665203 0.0015380976256 0.0019913106225 0.0025933745783 0.0034525499213 
0.0047625578009 0.0068460763432 0.010224077851 0.015745008364 0.024825822562 0.039868574589 0.064915694296 0.10653615743 0.1745018065 
0.27999249101 0.42325514555 0.55101722479 0.48770469427 0.35265883803 0.22862261534 0.13906694949 0.081222675741 0.046075299382 
0.025517944247 0.013820831664 0.0073188883252 0.0037854420952 0.0019097919576 0.00093875307357 0.00044922463712 0.0002092084469 9.4841539976e-05 
4.1889834392e-05 1.8056829504e-05 7.6166625149e-06 3.1567792576e-06 1.2939252656e-06 5.3183129012e-07 2.2965073754e-07 1.2489677204e-07 8.8825298008e-05 
0.00012840365525 0.00021929084323 0.00038736031274 0.00067746668356 0.0011589818168 0.0019251528429 0.0030724802054 0.0046482132748 0.0065807816572 
0.0086531722918 0.010596378706 0.012325018644 0.014092558995 0.015964519233 0.01781107299 0.019549449906 0.02128322795 0.023153923452 
0.024926120415 0.02558500506 0.023957796395 0.021197702736 0.018372777849 0.015877855942 0.01374774985 0.011911237612 0.010299174115 
0.0088728377596 0.0076164435595 0.0065220678225 0.0055808769539 0.004780549556 0.0041070599109 0.0035470065195 0.0030883760192 0.0027194744907 
0.0024266852997 0.0021923086606 0.0019940608181 0.0018076936249 0.0016127830604 0.0013992360327 0.001170230913 0.00093907804694 0.00072241231101 
0.00053394964198 0.0003812983341 0.00026588604669 0.00018474155513 0.00013279430277 0.0001048446793 9.6885814855e-05 0.00010678516264 0.00013445701916 
0.00018166317022 0.0002515767992 0.00034831202356 0.00047678043484 0.00064343359554 0.00085861538537 0.001141317538 0.0015271287411 0.002080083359 
0.0029089611489 0.0041890833527 0.0061935232952 0.0093441354111 0.014299643226 0.022096253932 0.034335441887 0.053363978863 0.082282796502 
0.12434078753 0.18056207895 0.2433834821 0.28579929471 0.26442649961 0.20643997192 0.14421512187 0.093514330685 0.057535279542 
0.034022442997 0.019474830478 0.010829071514 0.0058573866263 0.0030824043788 0.0015776883811 0.00078516785288 0.00037991901627 0.00017880395171 
8.1930527813e-05 3.66133645e-05 1.5999101379e-05 6.8618323894e-06 2.9036359592e-06 1.2217152516e-06 5.1904174825e-07 2.337065439e-07 1.3264924803e-07 
7.1773814852e-05 0.00010305564501 0.00017389256391 0.00030166370561 0.00051441136748 0.00085234903963 0.0013668064494 0.0021120526362 0.0031271968037 
0.0044168368913 0.0059556472115 0.0077355680987 0.0098199974746 0.012308352627 0.015183807351 0.018377764151 0.021955231205 0.026364637539 
0.032205943018 0.038997292519 0.043006557971 0.038487371057 0.03112588264 0.024691702798 0.019878711551 0.016329508275 0.013601989485 
0.011393131688 0.0095395594835 0.0079659381881 0.0066370503046 0.0055341911502 0.0046389582567 0.0039315503091 0.0033935327083 0.0030082184821 
0.0027578435838 0.0026186439209 0.0025559698697 0.0025228390004 0.0024657214526 0.0023387789261 0.0021210673731 0.0018247269327 0.0014861987438 
0.0011483737035 0.00084566045552 0.00059749104548 0.00040914290003 0.00027621650952 0.00018961938622 0.00013941564248 0.00011714117863 0.00011682837794 
0.0001351761457 0.00017125731392 0.00022606713173 0.00030218900065 0.00040391890798 0.00053830910474 0.00071768491762 0.00096415966982 0.0013164993143 
0.0018394194776 0.0026353495196 0.0038594668731 0.0057412614115 0.0086194407195 0.012997419573 0.019614409655 0.029493777081 0.043879073113 
0.063920602202 0.089942499995 0.12008135021 0.1482308954 0.16272647679 0.15199193358 0.1237013638 0.09073869139 0.061621367931 
0.039480924606 0.024165678769 0.014241113327 0.0081157945096 0.0044823731296 0.002401495818 0.0012486275518 0.00063027476426 0.00030907808105 
0.00014742222265 6.8520857894e-05 3.1118783227e-05 1.3860362742e-05 6.0840825427e-06 2.6484631235e-06 1.153104904e-06 5.1023829428e-07 2.4093296247e-07 
1.4296618644e-07 5.541777864e-05 7.9272133007e-05 0.00013293611119 0.00022861143225 0.00038524731644 0.00062894803705 0.00099248997867 0.0015128380619 
0.0022276109084 0.0031794849783 0.0044476706535 0.0062083369121 0.0087431948632 0.01226833649 0.016767574474 0.022345930338 0.02937874943 
0.039389997721 0.055141478777 0.077167801559 0.093456476927 0.076313741505 0.053423088044 0.036932423711 0.026711463928 0.020334545523 
0.016054691747 0.012921159156 0.010473300703 0.0084948865697 0.006875868421 0.0055839125998 0.0045932848006 0.0038734956179 0.003398853587 
0.0031497690361 0.0031055458821 0.0032325542998 0.0034716378432 0.0037317010574 0.0038996972144 0.003873630194 0.003608050989 0.0031381668523 
0.0025547856931 0.0019578421488 0.0014223634498 0.00098745792639 0.00066166615579 0.000434488873 0.0002872061159 0.00020027862047 0.0001572586043 
0.00014617246052 0.00015944900224 0.00019320858701 0.00024644262157 0.00032044478576 0.00041881829384 0.00054844649276 0.00072186422767 0.00096141448012 
0.0013053234434 0.001815453521 0.0025863067713 0.0037554898299 0.0055178659968 0.008147998713 0.0120334737 0.017705960199 0.025821471587 
0.037001412362 0.051453012973 0.068393461406 0.085478201509 0.09860046953 0.10271506011 0.094800792634 0.078175961971 0.058712206781 
0.040933463722 0.026909673586 0.016872733831 0.010166838765 0.005913359113 0.0033276358154 0.0018138373271 0.0009584329091 0.00049138598843 
0.00024477945408 0.00011871340394 5.6212615164e-05 2.6086812795e-05 1.1921691112e-05 5.3960084188e-06 2.4349853902e-06 1.1045353858e-06 5.114076771e-07 
2.5348049348e-07 1.5676414478e-07 4.0918897867e-05 5.8390323829e-05 9.757103544e-05 0.00016705246526 0.00027997622965 0.00045425229473 0.00071280816337 
0.0010848490056 0.0016141273081 0.0023944394197 0.0036657950841 0.0059429509565 0.0099059827626 0.015714054927 0.022766279057 0.032068606466 
0.045039586723 0.066190004349 0.1058645919 0.17349439859 0.23857849836 0.17079773545 0.10070136935 0.059254672378 0.037829410285 
0.026418915018 0.019659366459 0.015162570402 0.011921065859 0.0094381486997 0.0073910555802 0.005805095192 0.0046841697767 0.003973338753 
0.0036258222535 0.0036194154527 0.0039385454729 0.0045450800098 0.0053457720205 0.0061686858535 0.006774299778 0.006928418763 0.0065241251141 
0.0056571490131 0.0045492425561 0.0034249117598 0.0024370648898 0.0016542561352 0.0010820266325 0.0006916396087 0.00044270037324 0.00029657210689 
0.00022231122421 0.00019797231653 0.00020962787676 0.00024960338487 0.00031473959098 0.00040510561666 0.00052345456788 0.00067575555295 0.00087321561296 
0.0011361789657 0.0014999916311 0.0020223644096 0.0027912042569 0.0039320746437 0.0056160120293 0.0080706402659 0.011595785618 0.016570556909 
0.023407293484 0.032378572971 0.04327441752 0.054995197803 0.065387569368 0.071667008102 0.071505784988 0.064460255206 0.052765674889 
0.039723262191 0.027911527082 0.018551792949 0.011785513721 0.0072053573094 0.0042558824643 0.0024331458844 0.0013477414614 0.00072390190326 
0.00037752871867 0.00019155496557 9.4833849289e-05 4.5985238103e-05 2.1943620595e-05 1.0360863598e-05 4.8686224545e-06 2.2902529508e-06 1.0857457937e-06 
5.25799976e-07 2.7231337185e-07 1.7430882338e-07 2.8946034945e-05 4.1239534767e-05 6.8773544626e-05 0.00011751850252 0.00019665823493 0.00031911855331 
0.00050353480037 0.00078279367881 0.001239563222 0.002127318643 0.0041594677605 0.0088134426624 0.017609633505 0.029041972011 0.037944305688 
0.050204113126 0.070583358407 0.10945434868 0.19633123279 0.38066568971 0.64484804869 0.3743417263 0.18440838158 0.093715243042 
0.053998511285 0.035379633307 0.025246649981 0.018970025703 0.014902976342 0.011958883144 0.0089513650164 0.0065493071452 0.0050507117994 
0.0043075517751 0.0041630151682 0.0045654634014 0.0055167605169 0.0069938171655 0.0088651571423 0.010814896785 0.012331334874 0.012855228968 
0.012111267075 0.010363023728 0.0081564458087 0.0059867082164 0.0041479230858 0.0027416006196 0.0017465829151 0.0010868550744 0.00067588454112 
0.00043855351396 0.00031837099232 0.0002770536812 0.0002910955227 0.00034776728717 0.00044159492245 0.00057167507475 0.0007399879396 0.00095098582096 
0.0012129567331 0.0015417947434 0.001967508113 0.0025428889785 0.0033523961902 0.0045184185728 0.006202773191 0.0086038475856 0.01195064839 
0.016487123445 0.022418061271 0.029767027125 0.038125932217 0.04640326649 0.05284242332 0.055554341525 0.053432717919 0.046875167638 
0.037694882601 0.02808742784 0.019648989663 0.013066969812 0.008341293782 0.0051428419538 0.0030720895156 0.0017801090144 0.0010011050617 
0.00054688105593 0.00029066414572 0.00015070101654 7.6497788541e-05 3.8190522901e-05 1.8847786123e-05 9.2435930128e-06 4.5266519919e-06 2.2223762244e-06 
1.0987447467e-06 5.5347641137e-07 2.9700524351e-07 1.9510105176e-07 1.9660636099e-05 2.7990556191e-05 4.6659799409e-05 7.9798017396e-05 0.00013406587823 
0.00022027095838 0.0003602791403 0.00061695015756 0.0012135659344 0.0029293103144 0.0080404141918 0.021304128692 0.047128025442 0.076119557023 
0.07694286108 0.080992430449 0.10235875845 0.15525300801 0.29367634654 0.67925721407 1.917427659 0.6686860919 0.27388504148 
0.12912660837 0.073204636574 0.048350963742 0.034858010709 0.027014667168 0.023454535753 0.021351858974 0.01499073673 0.0092989234254 
0.0062026684172 0.0050611221232 0.0051415357739 0.0061842827126 0.0082028256729 0.011241612956 0.015161106363 0.019414881244 0.022914452478 
0.024274453521 0.02271351777 0.019000800326 0.014507565647 0.010304081254 0.0069114128128 0.0044300677255 0.0027423154097 0.0016604816774 
0.0010052523576 0.00063531292835 0.00045133018284 0.00038948311703 0.00041245608008 0.00050117750652 0.00064820644911 0.00085268425755 0.0011166263139 
0.0014426822308 0.0018341256073 0.0022983986419 0.00285543059 0.0035504705738 0.0044681630097 0.0057412292808 0.0075458008796 0.010078337044 
0.013515482657 0.017963001505 0.023394485936 0.029568152502 0.035916656256 0.041467640549 0.044951442629 0.045232459903 0.041922114789 
0.035715278238 0.028100149706 0.020620822906 0.014290079474 0.0094645256177 0.0060468432494 0.0037476916332 0.0022587308194 0.0013246634044 
0.0007561360253 0.0004204652796 0.00022821773018 0.00012128581875 6.336934166e-05 3.2701784221e-05 1.6745969333e-05 8.5438568931e-06 4.3558175093e-06 
2.2230678951e-06 1.1386775896e-06 5.9159788179e-07 3.2583477605e-07 2.1791497318e-07 1.2851031897e-05 1.8303459001e-05 3.056917194e-05 5.2572202549e-05 
8.9696564828e-05 0.00015381847334 0.00028197176289 0.00062044954393 0.0017684225459 0.0059546912089 0.020052723587 0.059690941125 0.14291207492 
0.23972043395 0.18320560455 0.13637238741 0.13307622075 0.16818085313 0.25726935267 0.44369569421 0.70698642731 0.43167677522 
0.23489698768 0.1378236413 0.092730246484 0.068768784404 0.053736917675 0.047182586044 0.052113223821 0.058944001794 0.038787722588 
0.019368734211 0.009801085107 0.0067121023312 0.0067629832774 0.0087068928406 0.012446453795 0.018211340532 0.026005877182 0.035014335066 
0.042993731797 0.046412389725 0.042800795287 0.034615255892 0.025371734053 0.017291933298 0.011159132235 0.0069076186046 0.004144935403 
0.0024405901786 0.0014405677794 0.00089091382688 0.00062502227956 0.00054181797896 0.00058562372578 0.00073055637768 0.00096905528335 0.0013032011921 
0.001737653045 0.0022739437409 0.0029073508922 0.0036292299628 0.004438363947 0.0053627407178 0.0064869928174 0.0079720150679 0.010046951473 
0.012956176884 0.016860941425 0.021724740043 0.027230769396 0.032776884735 0.0375585109 0.040709298104 0.041481439024 0.039486106485 
0.034939602017 0.02870506607 0.021983804181 0.015830952674 0.010840038769 0.0071358690038 0.0045544086024 0.0028322383296 0.0017193985404 
0.0010193538619 0.00059030979173 0.00033427760354 0.00018551523681 0.00010123338143 5.4530839407e-05 2.9111122785e-05 1.5454044842e-05 8.1766011135e-06 
4.3157688197e-06 2.2727044779e-06 1.1957871493e-06 6.3518723437e-07 3.560953985e-07 2.4095660933e-07 8.1027455963e-06 1.1561388419e-05 1.9407319996e-05 
3.3822445403e-05 5.9839065216e-05 0.00011320789054 0.00025935290614 0.00079747021664 0.0030459009577 0.012199002318 0.045559987426 0.14850685 
0.39904502034 0.78463059664 0.45080703497 0.23932862282 0.16711445153 0.16661177576 0.20492602885 0.27485990524 0.34010532498 
0.2689498961 0.19435568154 0.14967814088 0.12496463209 0.10714735836 0.093621477485 0.09916318208 0.1443388015 0.17562481761 
0.12089462578 0.05165008083 0.020033482462 0.010302659124 0.0093192625791 0.012339674868 0.018678668886 0.028989415616 0.043919395655 
0.062719777226 0.081170298159 0.09017611295 0.080972738564 0.062308885157 0.043259911239 0.028017980978 0.017283577472 0.010291404091 
0.0059745586477 0.0034203110263 0.0019719768316 0.0011993395165 0.00083891412942 0.00074013241101 0.00082575588021 0.0010649992619 0.0014552770881 
0.0020084842108 0.0027386872098 0.0036499509588 0.0047260797583 0.0059281489812 0.0072087906301 0.0085499966517 0.010019552894 0.011821365915 
0.014295929112 0.017824752256 0.022629715502 0.028543589637 0.034877527505 0.040511582047 0.044237546623 0.045197118074 0.043161470443 
0.038538645953 0.032200198621 0.025229485705 0.018627522513 0.013062598184 0.0087853604928 0.0057205720805 0.003632202046 0.0022578553762 
0.0013760926668 0.00082248682156 0.00048226883519 0.00027774996124 0.00015746767167 8.8141838205e-05 4.8863257689e-05 2.6900252124e-05 1.4731672309e-05 
8.0295722e-06 4.3534737415e-06 2.3458769647e-06 1.2577163488e-06 6.7809355642e-07 3.8452418494e-07 2.6210477699e-07 4.9406366998e-06 7.0720320764e-06 
1.1973701476e-05 2.1339546947e-05 4.0106118831e-05 8.7884604e-05 0.00025815985282 0.0010083335219 0.0044465283863 0.019309038296 0.077213227749 
0.27653804421 0.8835490346 2.6011760235 0.94617968798 0.3769826591 0.19758422673 0.15636910498 0.16254727542 0.18631669879 
0.20743155479 0.19718368351 0.18529804051 0.18364532292 0.18572252989 0.18074832857 0.1738294065 0.2171613276 0.3742672801 
0.0086608696729 0.29709774256 0.13127411902 0.043115630746 0.017149664462 0.013062585145 0.017110362649 0.027027001604 0.044373888522 
0.071767628193 0.11031535268 0.1539363265 0.18002921343 0.1537180841 0.10985738784 0.0710208565 0.043247256428 0.025349589065 
0.014479526319 0.0081278486177 0.0045290105045 0.0025583484676 0.0015398400137 0.0010861102492 0.00098899030127 0.0011507751187 0.0015425039455 
0.0021777288057 0.0030928109773 0.0043270462193 0.0058988737874 0.0077799321152 0.009877664037 0.012046637945 0.014149778523 0.016171546653 
0.018343901262 0.021195439622 0.025404449552 0.031406909227 0.038959950209 0.046915639192 0.053429484367 0.05664948374 0.055561985821 
0.050431940705 0.042552080005 0.033581830561 0.024960342795 0.017611525953 0.011904955842 0.0077847847715 0.0049671074376 0.0031114739832 
0.0019196391804 0.0011675609276 0.00070009869523 0.00041396604502 0.00024162190675 0.00013945587853 7.9757759522e-05 4.5285050874e-05 2.5555375032e-05 
1.4335829292e-05 7.9876790551e-06 4.4141070248e-06 2.4162454793e-06 1.3116656419e-06 7.1397158763e-07 4.0777368326e-07 2.7919406875e-07 2.92177765e-06 
4.1990483624e-06 7.1848162406e-06 1.3145825505e-05 2.6352508939e-05 6.5567801357e-05 0.00022391830862 0.00096254958771 0.004411525093 0.019389787689 
0.077750653028 0.27835360169 0.88792610168 2.608550787 0.95325827599 0.37661781907 0.18527834117 0.13150735199 0.12464126199 
0.1347951293 0.15187133849 0.17154479027 0.20264108479 0.24683906138 0.2918215096 0.31395158172 0.31476449966 0.41812554002 
0.86306810379 0.008821615018 0.0054211318493 0.22905704379 0.076167345047 0.026422414929 0.017673727125 0.022588251159 0.036782264709 
0.063709683716 0.11076300591 0.18679715693 0.29134693742 0.37725895643 0.29108631611 0.18624338508 0.10984104872 0.062278091908 
0.03457210958 0.018948657438 0.010308020748 0.0056108115241 0.003121691756 0.0018757417565 0.0013528361451 0.0012905241456 0.0015799057437 
0.0022085276432 0.0032273964025 0.0047261677682 0.0068038245663 0.0095255272463 0.012864404358 0.016644554213 0.020525820553 0.024085653946 
0.027030866593 0.029498541728 0.032282393426 0.036669749767 0.043638195843 0.053032349795 0.063192047179 0.071314677596 0.074590109289 
0.071597978473 0.063026085496 0.051160812378 0.038631692529 0.027405768633 0.018465118483 0.011957284994 0.0075311423279 0.0046605323441 
0.0028529076371 0.0017328155227 0.0010448007379 0.00062502879882 0.00037086303928 0.00021833782375 0.00012765081192 7.4181334639e-05 4.2869440222e-05 
2.4629845939e-05 1.4052785446e-05 7.9488381743e-06 4.4487969717e-06 2.4602766189e-06 1.34620484e-06 7.3716626048e-07 4.2287038582e-07 2.9030758242e-07 
1.6817939468e-06 2.4261339604e-06 4.1902567318e-06 7.823407941e-06 1.6310856154e-05 4.2816700443e-05 0.00015130976681 0.00064903323073 0.0029025387485 
0.012280283496 0.046553127468 0.15197177231 0.4071649313 0.7973600626 0.46023374796 0.22991523147 0.12850661576 0.094201132655 
0.088658802211 0.097748376429 0.12043941021 0.16229751706 0.23342038691 0.33824825287 0.45915791392 0.5260925889 0.51227623224 
0.58280420303 1.0674747229 0.010897568427 0.0027841075789 0.27206796408 0.091242402792 0.032415430993 0.021851297468 0.027688099071 
0.04579173401 0.082855828106 0.15489704907 0.29178258777 0.53583490849 0.86104238033 0.53550249338 0.29106679559 0.15368004143 
0.080916121602 0.042726729065 0.022625260055 0.012016180903 0.0064371223561 0.0035578287207 0.002160315169 0.0016204613494 0.0016435468569 
0.0021302574314 0.0031102951616 0.004708731547 0.0071212975308 0.010576978326 0.015266587958 0.021224305034 0.028178250417 0.035440351814 
0.041960101575 0.046670269221 0.049163654447 0.050490424037 0.05326557532 0.05975708738 0.070287249982 0.082709774375 0.093014970422 
0.097008876503 0.092440061271 0.080224171281 0.063739530742 0.046796426177 0.032074164599 0.020760741085 0.012869123369 0.0077602853999 
0.0046185953543 0.0027403756976 0.0016280465061 0.0009684387478 0.00057575083338 0.00034153214074 0.0002019770036 0.00011905041174 6.9919624366e-05 
4.0886523493e-05 2.3771763153e-05 1.3714512534e-05 7.8332204794e-06 4.4196312956e-06 2.459903726e-06 1.3526589555e-06 7.4343688539e-07 4.2761115537e-07 
2.9403847179e-07 9.4673106332e-07 1.3691804952e-06 2.3785657959e-06 4.4817466005e-06 9.4119732239e-06 2.4430868507e-05 8.2918966655e-05 0.0003370027116 
0.0014290008694 0.0057353372686 0.020483251661 0.061836756766 0.14783419669 0.24578277767 0.18158335984 0.11184044182 0.073532350361 
0.059125807136 0.058227516711 0.068280093372 0.095084398985 0.1522153616 0.26083418727 0.44119682908 0.6563513875 0.68120008707 
0.63682281971 0.67990118265 0.97553682327 0.0099482368678 0.0023815208115 0.23287886381 0.083189696074 0.033954754472 0.025002630427 
0.03112122044 0.050609655678 0.092782795429 0.18162357807 0.37817546725 0.86146008968 2.2846717834 0.8610175848 0.37721303105 
0.17996037006 0.090082250535 0.046293396503 0.024133590981 0.012701374479 0.0067806481384 0.0037699020468 0.0023507848382 0.0018699008506 
0.0020421529189 0.0028102030046 0.0042838649824 0.0067191543058 0.010507398285 0.016140848398 0.024110438302 0.034689806402 0.047597020864 
0.061624970287 0.074474833906 0.083149366081 0.085310764611 0.08175932616 0.078422866762 0.080638170242 0.089949317276 0.10376972705 
0.11654300243 0.12207491696 0.11659318954 0.10086946189 0.07945818454 0.057542886585 0.038633383811 0.024262744933 0.014447175898 
0.0083127515391 0.0047207241878 0.0026918170042 0.0015543806367 0.00090900395298 0.00053607486188 0.00031740270788 0.00018812874623 0.00011143807933 
6.5882966737e-05 3.8811718696e-05 2.2733365768e-05 1.320588126e-05 7.5879961514e-06 4.3025474952e-06 2.4041912638e-06 1.3260365677e-06 7.3046601301e-07 
4.2085210339e-07 2.8968599963e-07 5.246529895e-07 7.5921167308e-07 1.3211135865e-06 2.4874034352e-06 5.1435072237e-06 1.2698512364e-05 3.9626800572e-05 
0.00014749448746 0.00058079051087 0.0021910220385 0.0073887151666 0.020997794345 0.046884588897 0.073389872909 0.064668573439 0.048388596624 
0.038103353232 0.034791707993 0.036703888327 0.04569267109 0.070886619389 0.13158659637 0.26044890285 0.48545187712 0.65792858601 
0.15480464697 0.013429677114 0.5435859561 0.57219105959 0.0085568167269 0.0013580898521 0.13377512991 0.060684673488 0.033193454146 
0.027333827689 0.032209657133 0.048806644976 0.084760099649 0.15610362589 0.2925709188 0.5363689065 0.86141490936 0.53576779366 
0.29125881195 0.1538207978 0.081021592021 0.042809762061 0.022698188201 0.01209328603 0.0065382383764 0.0037142646033 0.0024250743445 
0.0020860729273 0.0024728893768 0.0036087739281 0.0057315086015 0.0093069542199 0.015059988014 0.023976592347 0.037195287645 0.05567105487 
0.079511933029 0.10702133924 0.13376113772 0.15239419043 0.15468020737 0.1380931437 0.11839170009 0.10820023715 0.11121133715 
0.12399205565 0.13872329891 0.14633284509 0.14064516127 0.1218758896 0.095898061991 0.069309994578 0.046260267496 0.028601309285 
0.01652927883 0.0091016693041 0.0049076816067 0.0026644540485 0.0014828197891 0.00084846717073 0.00049560522893 0.00029282693868 0.00017386549735 
0.00010335606203 6.1372214986e-05 3.6322257074e-05 2.1371592084e-05 1.2466320186e-05 7.1888407547e-06 4.0884106056e-06 2.2900162548e-06 1.2654322745e-06 
6.9809107117e-07 4.0264416157e-07 2.773489598e-07 2.8887592407e-07 4.1730646672e-07 7.2465570611e-07 1.3548052493e-06 2.7286914701e-06 6.3047268668e-06 
1.7697799194e-05 5.8865287428e-05 0.00021099128935 0.00073962484021 0.0023519836832 0.006364218425 0.013677246869 0.021343443543 0.022079061717 
0.020317040384 0.01978652738 0.021234801039 0.024253292009 0.030733097345 0.049079742283 0.097864717245 0.20912401378 0.40871784091 
0.54651468992 0.054267499596 0.0049459305592 0.44006565213 0.37816700339 0.27183935046 0.0047902897932 0.08127759397 0.050349842757 
0.035067521036 0.029746487737 0.031715653837 0.042797353119 0.067531980574 0.11321661621 0.18842375278 0.29245728254 0.37803149223 
0.291631639 0.18663366139 0.11012438685 0.062488485128 0.034736331552 0.019091675058 0.010458178818 0.0058069820516 0.0034249683376 
0.0023896538187 0.0022588621359 0.0029102456756 0.0044822972268 0.0073903771117 0.012403958477 0.020767146721 0.03431167081 0.055436737835 
0.086720757186 0.12984137237 0.1835231334 0.24062363803 0.28551331162 0.2937104702 0.24292901158 0.18380694091 0.14547489583 
0.13310800493 0.14003019035 0.15444406867 0.16330637038 0.15733809769 0.13607893884 0.10696127266 0.077684782445 0.052248187363 
0.03236874938 0.018491862342 0.0098880268633 0.005096103996 0.0026281487662 0.0013998274226 0.00077918643365 0.00044971416355 0.00026511171018 
0.00015773366613 9.4082315627e-05 5.6059969211e-05 3.3285763493e-05 1.9642035113e-05 1.1486777112e-05 6.6384927777e-06 3.7823258481e-06 2.1217456379e-06 
1.1738742387e-06 6.4822773993e-07 3.7419445675e-07 2.579009788e-07 1.6006978854e-07 2.3024840345e-07 3.9781295413e-07 7.3654388189e-07 1.4426419739e-06 
3.1201125239e-06 7.8478005889e-06 2.3002705348e-05 7.3717084888e-05 0.00023686389613 0.00070662522921 0.0018324749544 0.0038777375594 0.0062990770675 
0.0077812988311 0.0091037033126 0.011319026351 0.014657259919 0.018609173596 0.023711655289 0.035006601363 0.065315261483 0.13813313842 
0.27439931035 0.3697629869 0.0042415279895 0.0057927253656 0.46432936192 0.3504871726 0.2143817246 0.11825486273 0.077167339623 
0.053125400096 0.039830189198 0.032504502684 0.030789164826 0.036011897027 0.050183590502 0.075600162148 0.11293022335 0.15574675798 
0.18127925694 0.1545817703 0.11046101153 0.071450456977 0.043561156839 0.025591123849 0.014686984941 0.0083431061357 0.0048083034344 
0.0029893459287 0.0022711285856 0.0023794756271 0.0033124976326 0.0053435293958 0.0091018108651 0.015745321289 0.027237894014 0.046705149114 
0.07873237133 0.12924014032 0.20419570804 0.30598160625 0.42680960894 0.54117071629 0.5887362361 0.43935936689 0.28867459297 
0.19477368891 0.15381328762 0.14785768092 0.15758606791 0.16494609416 0.15753133595 0.13445718586 0.10471762717 0.076388433576 
0.05219533667 0.032898411155 0.018960451707 0.010073936544 0.0050682323053 0.0025174743496 0.0012896074913 0.00069813383743 0.00039779790677 
0.00023398340272 0.00013956130715 8.3543985966e-05 4.994487972e-05 2.9734794225e-05 1.7584632587e-05 1.030178737e-05 5.9623666857e-06 3.4012459764e-06 
1.9099381916e-06 1.0576267186e-06 5.8449819562e-07 3.3765516605e-07 2.3284870565e-07 9.0810601705e-08 1.2973175956e-07 2.2255531462e-07 4.0824568259e-07 
7.8164748629e-07 1.6013050299e-06 3.6541182453e-06 9.4461802291e-06 2.6778385291e-05 7.7904252976e-05 0.0002167395287 0.00054179300787 0.0011550530326 
0.0020373559091 0.0030868335161 0.0046412209049 0.0072345705703 0.011137152091 0.016084868461 0.021975247189 0.031104121357 0.051261056215 
0.099966622889 0.19808684289 0.2755356729 0.0038787841331 0.11181922257 0.6264115572 0.46075978875 0.26193603873 0.14958773553 
0.093188144267 0.063741967082 0.046389948577 0.035622403026 0.030392177403 0.030835542828 0.037164449692 0.049556836486 0.066729076207 
0.08399168402 0.092088915408 0.082241423428 0.063157334924 0.04384277761 0.02843294479 0.017596263438 0.010554840788 0.0062433746643 
0.003765498288 0.0025026861113 0.0021001349669 0.0024362711702 0.0036227912642 0.0060632932 0.010603140108 0.018820973113 0.033531852067 
0.05956652388 0.10479582101 0.18101400137 0.30323639512 0.48412561417 0.7238881588 1.0126802921 1.2782310247 0.7937490344 
0.43924319744 0.25158694386 0.16931161284 0.14448720217 0.14515398443 0.14800654352 0.13838928938 0.11506019533 0.087582662702 
0.063540667295 0.044012770057 0.028393827379 0.01673630625 0.0090228198096 0.0045513133518 0.0022389248479 0.0011280442122 0.00060197740095 
0.00034078705357 0.00020051350293 0.0001200139086 7.2127390013e-05 4.3264109991e-05 2.5823212127e-05 1.5300651285e-05 8.9769073384e-06 5.201645763e-06 
2.9701743642e-06 1.6692804365e-06 9.2507440286e-07 5.1162709269e-07 2.9578484373e-07 2.0410206503e-07 5.3857995397e-08 7.6262161031e-08 1.2980592601e-07 
2.3667533355e-07 4.4755319095e-07 8.8670009291e-07 1.8883225721e-06 4.4005237214e-06 1.1105552403e-05 2.9157296012e-05 7.5500800449e-05 0.00018333410844 
0.00040244931006 0.00079241901403 0.0014572794316 0.0026719411835 0.004878227599 0.0085200387985 0.013832127675 0.02105839178 0.03181059286 
0.052153971046 0.098641104996 0.19640234113 0.28983026743 0.0040810625069 0.1207645312 0.86325377226 0.64364469051 0.36550161242 
0.2043967098 0.12137309462 0.078089050949 0.053686063737 0.039297044277 0.031812146306 0.029448149726 0.030420184135 0.034761637449 
0.041407756507 0.047497559339 0.049363385886 0.044641908258 0.035766020417 0.026119625196 0.017804063857 0.011534192599 0.007215899881 
0.004452818539 0.0028303093277 0.0020358990878 0.0018997293664 0.0024152197875 0.0037802536972 0.006495534908 0.011571973562 0.020936623216 
0.038191869855 0.06997037679 0.12816187739 0.23276726902 0.41210657358 0.69113075733 1.0834485292 1.722335577 3.1972801685 
1.3224492073 0.5921112895 0.29282042384 0.17175720632 0.1295606792 0.12054533511 0.11838715523 0.107978791 0.087290942669 
0.064423926175 0.04574727267 0.031581725925 0.020626276731 0.012413099408 0.0068532745354 0.0035392167047 0.0017776475288 0.0009104135097 
0.00049161503557 0.00028073551948 0.00016632376355 0.00010011477571 6.0440135712e-05 3.6379180528e-05 2.1769777959e-05 1.2923649592e-05 7.5933185144e-06 
4.4049511416e-06 2.5176359486e-06 1.416128157e-06 7.8540369941e-07 4.3473158939e-07 2.5154744776e-07 1.7370376781e-07 3.4073398325e-08 4.7800575942e-08 
8.0828385762e-08 1.4729963027e-07 2.7873269914e-07 5.4762125501e-07 1.1311378785e-06 2.4820703857e-06 5.7699853642e-06 1.393367711e-05 3.3893404179e-05 
8.046154835e-05 0.00018235617608 0.00039331262815 0.00082089845091 0.0016837330768 0.0033535796683 0.0063380650245 0.011223722249 0.018821915612 
0.031116088852 0.054119277745 0.10380529612 0.20183128119 0.33832773566 0.0054345773533 0.20151272416 1.1296920776 0.79825598001 
0.45138406754 0.2521110177 0.14629077911 0.090402185917 0.060242079198 0.044721730053 0.03898049891 0.037674121559 0.033597510308 
0.030716370791 0.030259182677 0.03023122251 0.028821460903 0.025356503204 0.020526049659 0.015431768261 0.010905884206 0.007336803712 
0.0047696074471 0.0030727435369 0.0020710800309 0.0016263873549 0.0016830840614 0.0023062699474 0.0037406615447 0.0065269200131 0.011736582033 
0.021444262937 0.039674673229 0.074281387031 0.14042119682 0.26501777768 0.48218992352 0.79092669487 1.1364438534 1.7809689045 
3.3292183876 1.3280706406 0.57391893864 0.27514857054 0.15248966217 0.10547570139 0.090989433229 0.085849761963 0.07702203095 
0.061638750136 0.044791717082 0.031079297885 0.020967295393 0.013496100903 0.0081078978255 0.0045377430506 0.0024140465539 0.0012645771494 
0.00067743327236 0.00037959983456 0.00022209447343 0.0001334240369 8.0953534052e-05 4.9119804316e-05 2.9671316952e-05 1.7803398805e-05 1.0590724742e-05 
6.2325107137e-06 3.620112011e-06 2.0712423066e-06 1.1661265944e-06 6.473271128e-07 3.5863769199e-07 2.0772827725e-07 1.4356932354e-07 2.3263506677e-08 
3.2390087057e-08 5.459068575e-08 1.0004820439e-07 1.9164565401e-07 3.811723559e-07 7.8963648775e-07 1.7072051151e-06 3.8364373722e-06 8.8624519776e-06 
2.071797644e-05 4.8223184422e-05 0.00011038373486 0.00024712804588 0.0005411109305 0.0011562256841 0.0023867031559 0.0047022495419 0.0087980758399 
0.015775348991 0.027829881757 0.049624599516 0.079214677215 0.0039972062223 0.0034832197707 0.0021345086861 0.2175206393 1.0744395256 
0.7793520689 0.45907691121 0.26304423809 0.15382452309 0.095098271966 0.065614573658 0.056724924594 0.064675115049 0.075673349202 
0.058857411146 0.040525849909 0.029816810042 0.023792952299 0.019437678158 0.0156779401 0.012279195711 0.0092438813299 0.0066601550207 
0.0046067684889 0.0030965525657 0.0020821646322 0.0014947261661 0.001284790691 0.0014576432295 0.0021115550771 0.003497437574 0.0061306199059 
0.011012276635 0.020080139861 0.03714729473 0.069856435061 0.13328310847 0.252515167 0.44099414349 0.60073286295 0.54207700491 
0.94034266472 2.3376553059 1.235555172 0.43775802851 0.21406432986 0.11858247966 0.078270979226 0.063283145428 0.057413022965 
0.051245156676 0.04171339795 0.030936604366 0.021560028195 0.014279303141 0.008894645609 0.0051836790517 0.0028705922887 0.0015568315284 
0.0008531123749 0.00048227870138 0.00028257651138 0.00017008878058 0.00010376569844 6.3478284574e-05 3.8710237277e-05 2.3468201107e-05 1.412166057e-05 
8.4197954493e-06 4.9640107136e-06 2.8875710996e-06 1.6541595187e-06 9.3232239351e-07 5.1807990076e-07 2.8734334023e-07 1.6663192071e-07 1.1528359067e-07 
1.7086582815e-08 2.3686231643e-08 3.9945447838e-08 7.3930884525e-08 1.4416248462e-07 2.9294074011e-07 6.1827222453e-07 1.3496322708e-06 3.0253086152e-06 
6.8989079409e-06 1.5845749658e-05 3.6321518564e-05 8.2468352048e-05 0.00018447419279 0.0004048399569 0.00086728198221 0.0018013413064 0.0036036521196 
0.0069269249216 0.012862615287 0.023439073935 0.042916081846 0.078402727842 0.11220545322 0.0026830001734 0.0003719907254 0.045201875269 
0.73180884123 0.57790857553 0.38876476884 0.23483790457 0.14181159437 0.09189658612 0.072910621762 0.08711604774 0.1421187222 
0.20766294003 0.13819845021 0.073284417391 0.039079461247 0.023307830095 0.015357485041 0.010766883381 0.0078217890114 0.0057291621342 
0.0041325171478 0.0029059634544 0.0020068632439 0.0014057403896 0.0010755670955 0.0010066983523 0.0012301738607 0.0018490811344 0.0030887045432 
0.0053872028366 0.0095690758899 0.017189037055 0.031230641529 0.057499282062 0.10689648241 0.19539166987 0.32082742453 0.37268850207 
0.16009184718 0.3194155395 1.2007548809 1.048591733 0.29814061522 0.14673623443 0.08316809684 0.053838700056 0.041274469346 
0.035923667252 0.031938381493 0.026778560132 0.020737361163 0.01492341049 0.0099477656186 0.0060874279588 0.0034504577052 0.001877158531 
0.001025870326 0.00058036431437 0.00034148740815 0.00020674987172 0.0001270504581 7.840860053e-05 4.8288282414e-05 2.9583612559e-05 1.8001968783e-05 
1.0866390767e-05 6.4957685026e-06 3.837803888e-06 2.2363190055e-06 1.2829431171e-06 7.2402099249e-07 4.028185856e-07 2.2369829367e-07 1.2990325615e-07 
8.997953671e-08 1.3283835365e-08 1.8387884992e-08 3.1106218046e-08 5.8176514273e-08 1.1537006372e-07 2.391883811e-07 5.1451388572e-07 1.1389755628e-06 
2.5703698157e-06 5.8578516473e-06 1.3369455701e-05 3.0349832741e-05 6.8160421506e-05 0.00015079072909 0.00032735869172 0.00069461134262 0.0014342447976 
0.0028703399003 0.0055563277565 0.010421494022 0.019073581323 0.034523569047 0.062690228224 0.11086619645 0.14889547229 0.0033750357106 
0.0027098166756 0.007467857562 0.0083654522896 0.24778340757 0.18501728773 0.11948280036 0.085917443037 0.086443118751 0.14894743264 
0.33056050539 0.63059985638 0.32893791795 0.13822394609 0.056443221867 0.025355629623 0.013231419027 0.0079332645983 0.0052732201293 
0.0037094475701 0.0026468385477 0.0018732502358 0.0013192817569 0.00095812621294 0.00077749311458 0.0007822746993 0.0010089884745 0.0015486261109 
0.0025834676344 0.0044506764971 0.0077569228597 0.013591387309 0.023928169161 0.042356166989 0.075079604983 0.13014042377 0.20333150029 
0.22774456441 0.10588201135 0.045879602432 0.1597764194 0.33190926909 0.13649892807 0.083682909608 0.05306949839 0.034942924976 
0.02576459758 0.021401690319 0.018719376996 0.016007114202 0.012886248529 0.0096177011728 0.0065563935786 0.0040455288254 0.0022959350608 
0.0012536495924 0.00069413572783 0.00040123725194 0.0002414896735 0.00014881849347 9.2527166998e-05 5.7535493397e-05 3.5628065234e-05 2.1927509806e-05 
1.3397276234e-05 8.1154776126e-06 4.8657248044e-06 2.8817507882e-06 1.6825661078e-06 9.6687620044e-07 5.4645403225e-07 3.0445139032e-07 1.693167917e-07 
9.847936866e-08 6.8305858747e-08 1.0702756903e-08 1.4814744098e-08 2.5143659599e-08 4.7404490999e-08 9.5141992063e-08 1.9999056633e-07 4.3580837428e-07 
9.7435793123e-07 2.2112994884e-06 5.0452854339e-06 1.1481900401e-05 2.5907362215e-05 5.7698391174e-05 0.00012639266788 0.00027151728864 0.00057031825418 
0.0011677491711 0.0023236980196 0.0044827675447 0.0083748986945 0.015171018429 0.026774058118 0.04644882679 0.079743735492 0.13123416901 
0.18143498898 0.22724105418 0.0039258031175 0.0015732874162 0.018452107906 0.12828485668 0.098946839571 0.08429774642 0.1012224555 
0.21698394418 0.63143193722 2.0270531178 0.63010960817 0.20558135211 0.06946080178 0.025745807216 0.011251226999 0.0059604449198 
0.0036997296847 0.0025173309259 0.0017713198904 0.0012520201271 0.00089162006043 0.00066575827077 0.00056653720094 0.00060162576847 0.00080309866462 
0.0012426758185 0.0020559094846 0.0034815128893 0.0059264753945 0.01007532049 0.017073363066 0.028813200071 0.048235677183 0.078864537179 
0.12131388485 0.19268725812 0.85067051649 0.06686013937 0.014698365703 0.035167519003 0.046815168113 0.045088939369 0.03242072463 
0.02191544883 0.015726557001 0.012429884635 0.010497890413 0.0089393481612 0.0073266839609 0.0056060161442 0.003915194422 0.0024743231479 
0.0014421273954 0.000811087084 0.00046220247168 0.00027352554025 0.00016742249136 0.00010436938464 6.5422718762e-05 4.0942370106e-05 2.5494660804e-05 
1.5770867321e-05 9.679996765e-06 5.8871059991e-06 3.5414559534e-06 2.1031728465e-06 1.230725843e-06 7.0855918466e-07 4.0112470856e-07 2.2383498788e-07 
1.2468696298e-07 7.2651573646e-08 5.0469012081e-08 8.7697795692e-09 1.213724854e-08 2.0631024e-08 3.9053052348e-08 7.8850447949e-08 1.668637708e-07 
3.6583730889e-07 8.2147096236e-07 1.8680453877e-06 4.2600781853e-06 9.6678350019e-06 2.1709180146e-05 4.8036603403e-05 0.00010442175699 0.00022244546562 
0.00046329345787 0.0009410281782 0.0018588451203 0.0035600280389 0.0065906676464 0.011765742674 0.020235182717 0.033585380763 0.054046913981 
0.084379866719 0.12455517799 0.16558735073 0.15607050061 0.13848866522 0.0034398108255 0.099121578038 0.099760986865 0.10531974584 
0.10326382518 0.15469506383 0.32978501916 0.62718456984 0.32403844595 0.13193061948 0.049410842359 0.018941719085 0.0082437423989 
0.0043179085478 0.0026559387334 0.0017885400448 0.0012450390495 0.00087413052097 0.0006238980568 0.00047353081754 0.00041586704901 0.00045669669635 
0.00062015536241 0.00095811329084 0.0015645876992 0.0025974758901 0.0043106968515 0.0071005183272 0.011569259688 0.018599314615 0.029374247417 
0.045066222548 0.065368451178 0.08680126071 0.1272444576 0.052429281175 0.014804412611 0.0053129098378 0.0073767341673 0.020343510434 
0.018804464489 0.013433745131 0.0095366714522 0.007209718693 0.0058012050577 0.0047962311655 0.0039017098024 0.0030084622558 0.0021404263098 
0.0013932263246 0.00084533600602 0.00049754406791 0.00029538178933 0.00018007430481 0.00011232708493 7.0879694249e-05 4.4822038035e-05 2.8254096833e-05 
1.7707507141e-05 1.1017717043e-05 6.7974001468e-06 4.152159363e-06 2.5068766263e-06 1.4931979422e-06 8.7592263753e-07 5.0533333251e-07 2.8660150519e-07 
1.6020936755e-07 8.9407933501e-08 5.2200519463e-08 3.6324980357e-08 7.2092420922e-09 9.9641823681e-09 1.6916274603e-08 3.2006969519e-08 6.463795188e-08 
1.3684508815e-07 3.0005475082e-07 6.7332280196e-07 1.528601274e-06 3.4762108498e-06 7.8577695604e-06 1.7555725208e-05 3.8612441131e-05 8.3364473539e-05 
0.00017628475325 0.00036436895607 0.00073447165778 0.0014397605555 0.0027349444572 0.0050132391043 0.0088269142434 0.01486390084 0.02386203967 
0.036480214447 0.053114194423 0.073179647326 0.092817336321 0.10111803561 0.096097238362 0.08569791913 0.10663488507 0.15871731937 
0.22092044353 0.15563099086 0.11751756072 0.14667618275 0.20284244418 0.12957036495 0.062000919133 0.026337925345 0.011267146096 
0.0054127057083 0.0030543904286 0.001950521837 0.0013229685137 0.00091402465478 0.00063525303267 0.00045102360309 0.00034386719926 0.00030636665178 
0.00034131162101 0.00046489274246 0.0007120356895 0.0011442175601 0.0018602208002 0.0030097663403 0.0048086964525 0.007551681716 0.011611415073 
0.017392178997 0.025149550289 0.034483678639 0.043389566243 0.048504922539 0.040415395051 0.027745882049 0.017348250374 0.0036388104782 
0.0036267428659 0.010274618864 0.0081541445106 0.0057952939533 0.004240940325 0.0032500263769 0.0025693010539 0.0020316280425 0.0015522042522 
0.0011153207161 0.00074705248699 0.00047359490418 0.00029300351162 0.00018182111671 0.00011445720156 7.2901544627e-05 4.6640951041e-05 2.9795141018e-05 
1.8938968424e-05 1.1956095477e-05 7.4869180935e-06 4.6446980377e-06 2.8504553029e-06 1.7276128119e-06 1.0322928574e-06 6.0713801986e-07 3.5104960716e-07 
1.9949744967e-07 1.117336268e-07 6.2482037322e-08 3.6562276762e-08 2.54921666e-08 5.8945293091e-09 8.1227486959e-09 1.3730542037e-08 2.5856611074e-08 
5.1962537384e-08 1.094696529e-07 2.3886184408e-07 5.3341585726e-07 1.2050428495e-06 2.7263661195e-06 6.1289606492e-06 1.361152863e-05 2.9742961487e-05 
6.3765277446e-05 0.0001338388829 0.00027450645575 0.00054898764938 0.0010675397934 0.0020107643213 0.0036506752949 0.0063521307893 0.010527472943 
0.016521114856 0.024433715269 0.033941179514 0.044125061482 0.053212661296 0.058847032487 0.062922462821 0.081537738442 0.15192042291 
0.33476728201 0.63212347031 0.32893583179 0.14574621618 0.083632901311 0.072012282908 0.047805480659 0.025583576411 0.01248863712 
0.0062656505033 0.0035024359822 0.002191968495 0.0014671232784 0.0010051825084 0.00068992597517 0.00047415494919 0.00033341225935 0.00025296641979 
0.00022528790578 0.00025061122142 0.00033870522748 0.0005116352695 0.00080758758122 0.0012855464593 0.0020299190655 0.0031529923435 0.0047912318259 
0.0070884954184 0.010153686628 0.013970573433 0.018231434748 0.022113094106 0.02425603196 0.023295994848 0.019780283794 0.015295201913 
0.0095333252102 0.0024637847673 0.0061488575302 0.0049474053085 0.0035264941398 0.0025342581794 0.0018709974829 0.0014148834161 0.0010777651332 
0.00080670189345 0.00058023940073 0.00039759851643 0.0002620567102 0.00016947324912 0.00010934887541 7.0846588642e-05 4.6020584705e-05 2.9851966246e-05 
1.9272792997e-05 1.2359015273e-05 7.8621515058e-06 4.9562381719e-06 3.0923627037e-06 1.9069261725e-06 1.1603646044e-06 6.9563014904e-07 4.1025845121e-07 
2.377770727e-07 1.3541779254e-07 7.6004290861e-08 4.2597918082e-08 2.4989793346e-08 1.7461603719e-08 4.7699266759e-09 6.5421934536e-09 1.0978645548e-08 
2.0497788356e-08 4.0810864022e-08 8.5162248809e-08 1.8412806924e-07 4.0770228793e-07 9.1384623602e-07 2.0523659714e-06 4.5808715186e-06 1.0100404324e-05 
2.1906967959e-05 4.6601060603e-05 9.7016149084e-05 0.00019729867927 0.00039115056279 0.00075388420373 0.0014071161859 0.0025304027367 0.0043566655368 
0.0071314717643 0.011019964702 0.015972048044 0.021605066955 0.027205333114 0.031996876001 0.0362264961 0.045157190412 0.080395035446 
0.2081759721 0.6272854805 2.0216782093 0.62206345797 0.19935189188 0.070387348533 0.034027900547 0.019304128364 0.01091078762 
0.0061716861092 0.0036897773389 0.0023790902924 0.0016155443154 0.0011169431964 0.00076959643047 0.00052508403314 0.00035727527575 0.00024855535594 
0.00018664346135 0.00016442642664 0.0001805206266 0.00024016067619 0.00035646915785 0.00055208848789 0.00086084392387 0.0013285834575 0.0020116122905 
0.0029702775646 0.00425450271 0.0058777760714 0.0077768703923 0.0097602335736 0.01146964822 0.012428968213 0.012274902314 0.011079154909 
0.0092490492389 0.0071472912095 0.0048210876994 0.0040816976689 0.0030005387962 0.0021390051115 0.0015269464348 0.0011024397099 0.00080665154383 
0.00059422827326 0.00043461204041 0.00031094960286 0.00021607027156 0.00014643694158 9.7817712231e-05 6.4961874159e-05 4.3029915105e-05 2.8407313948e-05 
1.8654673113e-05 1.216513192e-05 7.8689254224e-06 5.0440753512e-06 3.2010018458e-06 2.0086797576e-06 1.2446650999e-06 7.6043943409e-07 4.5741634835e-07 
2.7054048246e-07 1.5719325575e-07 8.9731791775e-08 5.0478838887e-08 2.8362668658e-08 1.6686053428e-08 1.1688154444e-08 3.8103031841e-09 5.1936299705e-09 
8.6303755253e-09 1.592342791e-08 3.1289534519e-08 6.4415253576e-08 1.3746888783e-07 3.0078672353e-07 6.6707150381e-07 1.4838941524e-06 3.2828520489e-06 
7.1769027272e-06 1.5433830413e-05 3.2544336136e-05 6.713487528e-05 0.00013523131202 0.00026545999572 0.00050649052719 0.00093578005908 0.0016657101223 
0.0028384379111 0.0045967651531 0.0070216855966 0.010046220385 0.013390002772 0.016596691683 0.019306655973 0.02210870944 0.029016308486 
0.053622595966 0.13003122807 0.31792831421 0.61831504107 0.31434735656 0.1233427301 0.044605731964 0.018122991547 0.0091448053718 
0.0054095890373 0.0035001584329 0.0023968478199 0.0016924786614 0.0012022035662 0.00084479612997 0.00058323907433 0.00039618436131 0.00026759423781 
0.00018442761211 0.00013680121629 0.00011850884039 0.00012743796105 0.00016596037312 0.00024141497852 0.0003666524135 0.00056037458126 0.00084668706404 
0.0012529307278 0.0018045799807 0.0025160533842 0.0033770720474 0.0043360902928 0.0052860896103 0.006064850837 0.0064897779375 0.0064389533363 
0.0059323012829 0.0051102009602 0.0041560549289 0.0031994055025 0.0024362278637 0.0017860074295 0.0012856225949 0.00091866985895 0.00065647024894 
0.00047098248615 0.00033894454828 0.00024322046374 0.00017265182396 0.00012064763723 8.3063132479e-05 5.6581822719e-05 3.8272715756e-05 2.5738550903e-05 
1.7201151422e-05 1.1412292224e-05 7.5097182162e-06 4.89728518e-06 3.1622741972e-06 2.0198326638e-06 1.2746072571e-06 7.9358528637e-07 4.8680868758e-07 
2.9382650268e-07 1.7429869104e-07 1.01541211e-07 5.8108032164e-08 3.2771552583e-08 1.8465035723e-08 1.0898111746e-08 7.655277301e-09 3.0012929919e-09 
4.0607499585e-09 6.6684737732e-09 1.2126417204e-08 2.3442133568e-08 4.7441403694e-08 9.9576453749e-08 2.1459187849e-07 4.6957012501e-07 1.0323039987e-06 
2.2597037059e-06 4.8914384934e-06 1.0417894373e-05 2.1753969122e-05 4.4423188228e-05 8.8537119154e-05 0.00017188132915 0.00032422071672 0.00059216999216 
0.0010422106134 0.0017566840397 0.0028154451866 0.0042583057657 0.0060351677239 0.0079714171588 0.0097971595824 0.011310919188 0.012828106992 
0.016301842406 0.027645038441 0.059117145836 0.12294986844 0.19117096066 0.12082694471 0.055022776127 0.021877616644 0.009223417379 
0.0048318030313 0.003116294276 0.0022319140844 0.0016506555257 0.0012181262719 0.00088319048518 0.00062529242132 0.00043216894846 0.00029293983243 
0.00019701206475 0.00013484199008 9.8852644442e-05 8.4013488959e-05 8.8117609266e-05 0.00011192241072 0.0001592636836 0.00023712636903 0.00035549997119 
0.00052668119315 0.00076354009798 0.0010762336897 0.0014670803212 0.0019239913672 0.0024140814785 0.002880719956 0.003248823341 0.0034430779051 
0.0034176108893 0.00318026077 0.0027870556805 0.0023164476734 0.0018392211059 0.00140933285 0.0010481026256 0.00076296896441 0.00054771854775 
0.00039023955469 0.00027723211679 0.00019675532531 0.00013933418086 9.814677469e-05 6.8588167778e-05 4.7531324526e-05 3.2697171264e-05 2.2347456252e-05 
1.5175761291e-05 1.023339064e-05 6.8467879828e-06 4.5414817578e-06 2.9838822684e-06 1.9400802103e-06 1.2468735804e-06 7.9111492823e-07 4.9486737908e-07 
3.0478634017e-07 1.8459930118e-07 1.0983892906e-07 6.4167359426e-08 3.6819340465e-08 2.0823318181e-08 1.1769886399e-08 6.9721104445e-09 4.9132404811e-09 
2.3304489449e-09 3.1273761358e-09 5.0682142927e-09 9.0659222352e-09 1.7197624658e-08 3.4108118996e-08 7.0174777989e-08 1.4846334295e-07 3.1961207014e-07 
6.9274494763e-07 1.4976201328e-06 3.2052523693e-06 6.7534642767e-06 1.3952171685e-05 2.8180307709e-05 5.5522577895e-05 0.00010649461183 0.00019837619038 
0.00035773639684 0.00062177336076 0.0010356452549 0.0016419218155 0.002459827112 0.0034584642854 0.0045391181484 0.0055512036197 0.0063711926341 
0.0070922030136 0.0084307016805 0.012423175387 0.022694710642 0.041108574718 0.056464284658 0.039968453348 0.020470513031 0.00924404338 
0.0045073693618 0.0027196435258 0.0019491842249 0.0014917796943 0.0011457612272 0.00086247269064 0.00063146703178 0.00044912201702 0.0003109932295 
0.00021084635227 0.00014159547572 9.6501360531e-05 7.0048517955e-05 5.8416993852e-05 5.9663612774e-05 7.3754978075e-05 0.00010253711662 0.00014963978902 
0.00022021985205 0.00032036603079 0.00045593982213 0.00063066225266 0.00084345100913 0.0010854228167 0.0013375767739 0.0015707671409 0.0017496836372 
0.0018416094827 0.0018278945936 0.0017120717093 0.0015180935152 0.0012807062594 0.0010340416338 0.00080419686856 0.0006063018227 0.00044598837849 
0.00032208522316 0.00022968240955 0.00016251244233 0.00011446641292 8.0372432421e-05 5.6246193708e-05 3.9202244807e-05 2.7199743272e-05 1.8783886844e-05 
1.2907416931e-05 8.8194547061e-06 5.9868934841e-06 4.0335385165e-06 2.6942955174e-06 1.7823812186e-06 1.1663601072e-06 7.5401641197e-07 4.8090618066e-07 
3.0219700875e-07 1.8686297665e-07 1.1357359853e-07 6.7791191327e-08 3.9720543299e-08 2.2858584359e-08 1.2968097707e-08 7.3562351766e-09 4.3759933455e-09 
3.095189216e-09 1.7841536026e-09 2.3737818378e-09 3.7934442254e-09 6.6666938636e-09 1.2386861314e-08 2.4014907396e-08 4.8283283149e-08 9.9955279609e-08 
2.110573547e-07 4.4984466285e-07 9.5846326076e-07 2.0250208763e-06 4.216105026e-06 8.6101554189e-06 1.7189242499e-05 3.3460393752e-05 6.3368504925e-05 
0.00011648474174 0.00020722235786 0.000355348835 0.00058436527615 0.00091586855706 0.0013588691363 0.0018963549519 0.0024766412098 0.0030208157841 
0.0034568009432 0.0037902474869 0.0042315684259 0.0053726970218 0.0081543894485 0.012765435502 0.016019079834 0.012201381847 0.0070490180515 
0.0037835717667 0.0022644551937 0.0016034654109 0.0012509543449 0.0009955810383 0.0007793608238 0.00059276382672 0.00043674185872 0.00031196689815 
0.00021670553542 0.00014724992798 9.8979217e-05 6.7341170507e-05 4.8517285904e-05 3.97691947e-05 3.9559839934e-05 4.754992915e-05 6.4530060627e-05 
9.2295151262e-05 0.00013341434533 0.00019081027131 0.00026705209166 0.00036330602597 0.00047801094479 0.00060555880191 0.00073551951209 0.00085312215379 
0.0009415675886 0.00098611565772 0.00097874470521 0.00092111644335 0.0008239087183 0.00070303143002 0.00057489407482 0.00045280653285 0.00034533729195 
0.0002564023016 0.00018633279251 0.0001332340762 9.4183764304e-05 6.6082866397e-05 4.6149700211e-05 3.2129708416e-05 2.2315003662e-05 1.5463145246e-05 
1.0687898794e-05 7.3635974331e-06 5.0518501666e-06 3.4469728689e-06 2.3359739316e-06 1.5701126586e-06 1.0451969956e-06 6.8806315312e-07 4.4727946147e-07 
2.8669870744e-07 1.8096072552e-07 1.1233944264e-07 6.8522062691e-08 4.1035018938e-08 2.4119751529e-08 1.3925378184e-08 7.9279098841e-09 4.5156811623e-09 
2.6993580704e-09 1.9174795085e-09 1.3472908345e-09 1.7771076832e-09 2.7998816599e-09 4.8319526158e-09 8.7844282959e-09 1.6617606846e-08 3.2563995944e-08 
6.5759621748e-08 1.3575586877e-07 2.8371403005e-07 5.9436098354e-07 1.237408469e-06 2.5424355954e-06 5.1280712796e-06 1.0113463759e-05 1.9443506972e-05 
3.6349254515e-05 6.5920052293e-05 0.00011564740998 0.0001955745829 0.00031737665995 0.00049152021529 0.00072209938662 0.0010004990036 0.0013013945427 
0.0015859948471 0.0018160087056 0.0019788814243 0.0021242916118 0.0024033964146 0.0030396992806 0.0040395995602 0.0046506235376 0.0037824644241 
0.0025344574824 0.001674434985 0.0012192262802 0.00097132299561 0.00079822848784 0.00064939091681 0.00051404029364 0.00039379121154 0.00029177570832 
0.00020943516574 0.00014612308587 9.9673226941e-05 6.7190827394e-05 4.5737298933e-05 3.2789968827e-05 2.6483608963e-05 2.5693723728e-05 3.0026476452e-05 
3.9756057959e-05 5.5719214288e-05 7.9146768257e-05 0.00011139431444 0.00015353449271 0.00020580341516 0.00026696070563 0.00033372419421 0.00040054292185 
0.00046000568545 0.00050406256923 0.00052591273561 0.00052196905017 0.00049302133266 0.00044395768782 0.00038221268915 0.00031573008164 0.00025127115077 
0.00019350233197 0.00014485658903 0.00010591349564 7.5996875239e-05 5.3763164033e-05 3.7658559449e-05 2.6211146178e-05 1.817710654e-05 1.2581963347e-05 
8.7005273599e-06 6.0111206039e-06 4.1468038035e-06 2.8531080716e-06 1.9548353976e-06 1.3315022898e-06 8.9996939323e-07 6.0252961021e-07 3.9886481318e-07 
2.6064185477e-07 1.6786850665e-07 1.0641725368e-07 6.6324261638e-08 4.060246539e-08 2.4399497534e-08 1.4390975522e-08 8.338382429e-09 4.7661372626e-09 
2.7276643166e-09 1.6397744274e-09 1.1706001724e-09 1.0040084319e-09 1.3131986609e-09 2.0404158363e-09 3.458510367e-09 6.1506759685e-09 1.1341779071e-08 
2.1619678492e-08 4.2468300876e-08 8.5441790532e-08 1.7453602652e-07 3.5852988844e-07 7.3394249966e-07 1.4858551367e-06 2.9569273465e-06 5.7575557548e-06 
1.0929971722e-05 2.0171290089e-05 3.6095967516e-05 6.2462342612e-05 0.00010418868624 0.00016685822629 0.00025535639725 0.00037150239223 0.00051122257719 
0.00066280266037 0.00080825615441 0.00092892552493 0.0010144960834 0.0010733705712 0.001140535227 0.001266742358 0.0014522682177 0.0015439775307 
0.001345857745 0.0010569365695 0.00083637883654 0.00069386622636 0.00059020251501 0.00049870164366 0.00041100062663 0.0003279397788 0.00025282244314 
0.00018841197016 0.00013599472004 9.5397124824e-05 6.5406231442e-05 4.4285985496e-05 3.0219825931e-05 2.161174416e-05 1.7248143195e-05 1.635569788e-05 
1.8594342691e-05 2.4011853384e-05 3.2969226595e-05 4.6029828809e-05 6.3797364419e-05 8.669012459e-05 0.00011465666466 0.00014687280054 0.00018150491815 
0.00021566175565 0.00024565478088 0.00026761452318 0.00027835948276 0.00027624706854 0.0002616532438 0.00023685228371 0.00020535953809 0.00017103446589 
0.00013728770136 0.00010659935651 8.0383433669e-05 5.911295375e-05 4.2579082219e-05 3.0174240237e-05 2.1129601009e-05 1.4679319065e-05 1.0152385585e-05 
7.0082742241e-06 4.8366746341e-06 3.3391911529e-06 2.305358521e-06 1.5897691128e-06 1.0931397583e-06 7.4793962312e-07 5.0810524499e-07 3.4197452692e-07 
2.2756157136e-07 1.494396713e-07 9.6692467366e-08 6.1558409925e-08 3.8518749079e-08 2.3669510796e-08 1.4276453797e-08 8.4520692667e-09 4.9170272298e-09 
2.8233795302e-09 1.6247108103e-09 9.8314412167e-10 7.0587596879e-10 7.3871186945e-10 9.5849517212e-10 1.4697139061e-09 2.4486142003e-09 4.2622665397e-09 
7.6607680199e-09 1.4189454056e-08 2.7053149054e-08 5.2883276425e-08 1.0524239968e-07 2.1132761674e-07 4.2427097924e-07 8.4466790895e-07 1.656282393e-06 
3.1816709907e-06 5.9624817368e-06 1.0864101569e-05 1.9191493266e-05 3.2777388697e-05 5.3962859965e-05 8.5343010142e-05 0.00012913829414 0.00018615400768 
0.00025457708398 0.0003292512265 0.00040223958786 0.00046504163765 0.0005118897534 0.00054288137471 0.00056548241992 0.00059123698156 0.00062175199855 
0.00063009909354 0.00058349000756 0.00051521882415 0.00045413142652 0.00040244121919 0.00035338214366 0.00030313798925 0.00025204572012 0.0002024814894 
0.00015707522107 0.00011777511827 8.5533116362e-05 6.037150888e-05 4.1645820602e-05 2.8358705094e-05 1.9431850887e-05 1.3894873518e-05 1.0990175724e-05 
1.0212667803e-05 1.1306973647e-05 1.4238533367e-05 1.9145763872e-05 2.6272089599e-05 3.5872890294e-05 4.809406164e-05 6.2829123635e-05 7.9577868746e-05 
9.7349075077e-05 0.00011466252909 0.00012969704403 0.00014059335808 0.00014585384633 0.00014471703616 0.00013736229448 0.00012485770276 0.00010887457756 
9.1287678515e-05 7.3803174018e-05 5.771279757e-05 4.3802108848e-05 3.2386436942e-05 2.3421567676e-05 1.6637633962e-05 1.1659422853e-05 8.0951358541e-06 
5.5902469285e-06 3.8521857277e-06 2.6549037102e-06 1.8321111384e-06 1.2658960031e-06 8.7480731281e-07 6.0350129161e-07 4.1464210199e-07 2.8300729582e-07 
1.9141289442e-07 1.2799732474e-07 8.4453191107e-08 5.4888936063e-08 3.5092604378e-08 2.2047258241e-08 1.3601436422e-08 8.2364790543e-09 4.8965396182e-09 
2.8615523284e-09 1.651730086e-09 9.5652397114e-10 5.8320426266e-10 4.2148229351e-10 5.3688525847e-10 6.9142791492e-10 1.0472253065e-09 1.7169480282e-09 
2.9288487191e-09 5.1353752362e-09 9.2420853193e-09 1.708030517e-08 3.2360460978e-08 6.2538809686e-08 1.2234335145e-07 2.401583572e-07 4.6903221573e-07 
9.0461242053e-07 1.7124674514e-06 3.16638193e-06 5.6962630879e-06 9.937845789e-06 1.6764992324e-05 2.7269072234e-05 4.2633699195e-05 6.3853542088e-05 
9.1292436991e-05 0.00012418960978 0.00016037093883 0.00019647502631 0.00022881529003 0.00025460854522 0.00027301072259 0.00028542903601 0.00029455730692 
0.00030142234755 0.00030199543107 0.00029108388117 0.00027351154131 0.00025361310691 0.00023161589343 0.00020667917852 0.00017899787053 0.00014989540796 
0.00012119240273 9.4608541986e-05 7.1393566031e-05 5.2192153817e-05 3.7089735997e-05 2.5763236408e-05 1.7662756363e-05 1.2171849448e-05 8.7217495093e-06 
6.857011158e-06 6.2621029429e-06 6.7614264481e-06 8.3025197455e-06 1.0927464245e-05 1.4733342141e-05 1.9820636226e-05 2.6229603463e-05 3.386957178e-05 
4.2453812057e-05 5.1460312534e-05 6.0142814618e-05 6.7609951657e-05 7.2971473855e-05 7.5521878898e-05 7.4906856753e-05 7.1212547482e-05 6.494246918e-05 
5.6892058637e-05 4.796869689e-05 3.9017650124e-05 3.0699462513e-05 2.3435854018e-05 1.7416903574e-05 1.2647667063e-05 9.0105395429e-06 6.3249340201e-06 
4.3937393457e-06 3.0333517316e-06 2.0889860934e-06 1.4391195009e-06 9.9336011772e-07 6.8719492674e-07 4.759747867e-07 3.294269959e-07 2.2723976656e-07 
1.5578960699e-07 1.0585948473e-07 7.1117973732e-08 4.7137326931e-08 3.0770497261e-08 1.975620556e-08 1.2463677201e-08 7.7212476413e-09 4.6958872346e-09 
2.8045941125e-09 1.6474470677e-09 9.5662588961e-10 5.5802168442e-10 3.4318139996e-10 2.4986240854e-10 3.8561617788e-10 4.9318937823e-10 7.3858202887e-10 
1.1933406485e-09 1.9983268373e-09 3.4237441771e-09 5.9931153373e-09 1.0734787281e-08 1.9681563046e-08 3.6835800188e-08 6.996905455e-08 1.3383842656e-07 
2.5565444162e-07 4.8384617912e-07 9.0114809836e-07 1.6424672822e-06 2.9164054922e-06 5.0262237892e-06 8.3810864453e-06 1.3482236682e-05 2.0863635655e-05 
3.0969466025e-05 4.3970969273e-05 5.9569170844e-05 7.6882912253e-05 9.4537012046e-05 0.00011099051335 0.00012499534932 0.00013596410281 0.00014405335241 
0.00014986918541 0.00015378488752 0.00015525186609 0.00015334958152 0.0001484601089 0.00014092869242 0.00013067307009 0.00011775769235 0.00010273921362 
8.6592088337e-05 7.0450543717e-05 5.5349108152e-05 4.2045699956e-05 3.0951880035e-05 2.2156709747e-05 1.5508432625e-05 1.0715409189e-05 7.4373219832e-06 
5.3518851928e-06 4.194601388e-06 3.7759784846e-06 3.9828109948e-06 4.7690850806e-06 6.1398031903e-06 8.1289281297e-06 1.0771640518e-05 1.4071697478e-05 
1.7966998712e-05 2.229983329e-05 2.6801373679e-05 3.1100928027e-05 3.4766533645e-05 3.7374556996e-05 3.8593811041e-05 3.8259888242e-05 3.6414388887e-05 
3.3294731111e-05 2.9278517104e-05 2.4802136977e-05 2.0279738237e-05 1.6043200958e-05 1.2312583749e-05 9.1953652372e-06 6.7058340392e-06 4.7937633099e-06 
3.3734415865e-06 2.347344207e-06 1.6222326167e-06 1.117991701e-06 7.7080954952e-07 5.3271685374e-07 3.6924168967e-07 2.5644632728e-07 1.7810060626e-07 
1.2334511723e-07 8.4928700517e-08 5.7967881162e-08 3.9118461359e-08 2.6042483725e-08 1.707384456e-08 1.100929925e-08 6.9754748644e-09 4.3405399275e-09 
2.6522601893e-09 1.5921891583e-09 9.4068430823e-10 5.4993587462e-10 3.2343813738e-10 2.008527511e-10 1.4744511168e-10 2.7383725842e-10 3.4799652049e-10 
5.1580850702e-10 8.2253537315e-10 1.354800272e-09 2.2731851956e-09 3.8779806033e-09 6.739833136e-09 1.1954845114e-08 2.1630039981e-08 3.9776505645e-08 
7.3885011886e-08 1.3756906014e-07 2.5473929099e-07 4.6572768042e-07 8.3546069618e-07 1.4629920315e-06 2.4902717541e-06 4.1059470277e-06 6.5376730163e-06 
1.0025063602e-05 1.4767476387e-05 2.0849476641e-05 2.8163294701e-05 3.6366014683e-05 4.4912612793e-05 5.317788964e-05 6.0625709011e-05 6.6943044658e-05 
7.2067952715e-05 7.6093856478e-05 7.9083089076e-05 8.0896032159e-05 8.1246253103e-05 7.9965284385e-05 7.691058272e-05 7.2003698733e-05 6.5372099925e-05 
5.740274355e-05 4.8677964514e-05 3.984961586e-05 3.1510040571e-05 2.4100039809e-05 1.7870324882e-05 1.2892050108e-05 9.0991770776e-06 6.3426559791e-06 
4.4405778681e-06 3.2159598504e-06 2.5200376967e-06 2.2430047011e-06 2.3155344024e-06 2.7041621706e-06 3.4025397326e-06 4.4195599003e-06 5.7648535403e-06 
7.4323766057e-06 9.3838652901e-06 1.1535365047e-05 1.3751234292e-05 1.5850049749e-05 1.762481952e-05 1.8875669411e-05 1.9448214516e-05 1.9266692107e-05 
1.8351327526e-05 1.6813739421e-05 1.4832187844e-05 1.261475154e-05 1.0361864952e-05 8.2374244812e-06 6.3533698267e-06 4.7677094699e-06 3.492425094e-06 
2.5065178306e-06 1.7698775991e-06 1.235054583e-06 8.5561083552e-07 5.9096009863e-07 4.0835215032e-07 2.8292234333e-07 1.9667551499e-07 1.3706095103e-07 
9.5553716051e-08 6.6451548264e-08 4.5953072458e-08 3.1502899844e-08 2.1352168034e-08 1.4276581695e-08 9.4004528606e-09 6.087975013e-09 3.8747254294e-09 
2.4225408346e-09 1.4878772658e-09 8.9826557303e-10 5.3413184986e-10 3.1462976668e-10 1.8674879698e-10 1.1721769388e-10 8.6823132017e-11 1.9235274484e-10 
2.4299914858e-10 3.5681382848e-10 5.6238003143e-10 9.1294566351e-10 1.50391255e-09 2.5071411613e-09 4.2374765918e-09 7.2800521167e-09 1.2728517795e-08 
2.2617006934e-08 4.067216608e-08 7.3558396707e-08 1.328179593e-07 2.3767445612e-07 4.1870438849e-07 7.2200867862e-07 1.21287826e-06 1.9770848212e-06 
3.1170852708e-06 4.740138138e-06 6.9365255513e-06 9.7496294984e-06 1.3145761841e-05 1.6997713828e-05 2.1096533601e-05 2.5195540729e-05 2.9071323297e-05 
3.2571937481e-05 3.562668644e-05 3.8212678191e-05 4.0295515646e-05 4.177860319e-05 4.2504896555e-05 4.2314059101e-05 4.1076138587e-05 3.874399772e-05 
3.5401670175e-05 3.1271407352e-05 2.6675474146e-05 2.1971583919e-05 1.7486579964e-05 1.3467933059e-05 1.0062275578e-05 7.3193482422e-06 5.2131726989e-06 
3.6701935642e-06 2.5960675885e-06 1.8964108222e-06 1.4900241467e-06 1.3153342024e-06 1.3316944205e-06 1.5171704035e-06 1.8639896098e-06 2.3723580398e-06 
3.0430646802e-06 3.8693892748e-06 4.8292540669e-06 5.8791856645e-06 6.9520492616e-06 7.9603969425e-06 8.8062633949e-06 9.3963581094e-06 9.6593894341e-06 
9.5608338597e-06 9.1105512183e-06 8.3607392298e-06 7.3948790487e-06 6.3111692725e-06 5.2053105719e-06 4.1568423512e-06 3.2213965824e-06 2.4291236969e-06 
1.7878753624e-06 1.2890706103e-06 9.1420645276e-07 6.4058735916e-07 4.4552905365e-07 3.0890245739e-07 2.1427221952e-07 1.4904344425e-07 1.0403545758e-07 
7.2811573659e-08 5.0984624522e-08 3.5614064586e-08 2.4737108362e-08 1.7032578015e-08 1.1594317506e-08 7.7856183722e-09 5.1487640818e-09 3.3494198526e-09 
2.1418133933e-09 1.345884848e-09 8.312088795e-10 5.0493498271e-10 3.0237695681e-10 1.7960030685e-10 1.0767428615e-10 6.836995553e-11 5.1125947226e-11 
1.3372145058e-10 1.6799260594e-10 2.4455623637e-10 3.8144831738e-10 6.1145261077e-10 9.9142605237e-10 1.620005019e-09 2.670971444e-09 4.4555870105e-09 
7.536999469e-09 1.2934361138e-08 2.2473216177e-08 3.9358308612e-08 6.9054799212e-08 1.2054475462e-07 2.079481618e-07 3.5232878304e-07 5.8323172425e-07 
9.3914781019e-07 1.465799528e-06 2.2111125872e-06 3.2163213746e-06 4.5041197154e-06 6.0669626691e-06 7.860657206e-06 9.8082346085e-06 1.1815252947e-05 
1.379101468e-05 1.5665156752e-05 1.7390482753e-05 1.8930499209e-05 2.0238867364e-05 2.1243371521e-05 2.1846777599e-05 2.1947509595e-05 2.1466807084e-05 
2.0378483896e-05 1.8728966097e-05 1.6637119188e-05 1.4273673514e-05 1.1828287825e-05 9.4757233455e-06 7.3505834735e-06 5.5355276345e-06 4.0624258872e-06 
2.9225618619e-06 2.0808404315e-06 1.4897025267e-06 1.1001889106e-06 8.6922108267e-07 7.6332213439e-07 7.5955728107e-07 8.4453171212e-07 1.0121084415e-06 
1.2602806692e-06 1.587493216e-06 1.9887236249e-06 2.4518187729e-06 2.9548118619e-06 3.465084319e-06 3.9411374928e-06 4.3372433538e-06 4.6103896238e-06 
4.7280486797e-06 4.674696811e-06 4.4551511564e-06 4.0936365622e-06 3.6288629417e-06 3.1066228985e-06 2.5719539281e-06 2.06278105e-06 1.6061447923e-06 
1.2172212109e-06 9.0058642854e-07 6.5281750494e-07 4.6550567845e-07 3.279833436e-07 2.2938353084e-07 1.5993113323e-07 1.115585917e-07 7.8028932649e-08 
5.4762452351e-08 3.8528842339e-08 2.7115227397e-08 1.9031805465e-08 1.3279879418e-08 9.1840881566e-09 6.2786558175e-09 4.2342471751e-09 2.8124778062e-09 
1.8380111877e-09 1.1811162048e-09 7.4618039525e-10 4.6357589989e-10 2.8349186887e-10 1.710671188e-10 1.025200827e-10 6.2124159983e-11 3.9930638657e-11 
3.0155794528e-11 9.2060546686e-11 1.1504267677e-10 1.6613017906e-10 2.5669577575e-10 4.0697192838e-10 6.510216255e-10 1.0458373056e-09 1.6879165843e-09 
2.7433564309e-09 4.5018189176e-09 7.4710388986e-09 1.2536585103e-08 2.1219539903e-08 3.6068193765e-08 6.12100024e-08 1.0305523546e-07 1.7107056749e-07 
2.7842682471e-07 4.4218575113e-07 6.8258157171e-07 1.0209716947e-06 1.4762913452e-06 2.060419547e-06 2.7736571155e-06 3.6021729102e-06 4.5190945457e-06 
5.4895508583e-06 6.4776563704e-06 7.4517706707e-06 8.3848817667e-06 9.2496848083e-06 1.0011273844e-05 1.0622315131e-05 1.1025099411e-05 1.1161646398e-05 
1.0988484973e-05 1.0491358807e-05 9.6940993899e-06 8.6576774265e-06 7.4696381489e-06 6.2276385506e-06 5.0224889492e-06 3.9252877286e-06 2.9810839806e-06 
2.2090055154e-06 1.6070305264e-06 1.1589571614e-06 8.4145199253e-07 6.2978472215e-07 5.0171729526e-07 4.3957550133e-07 4.3086080836e-07 4.678258847e-07 
5.4636615232e-07 6.6448234293e-07 8.2049325556e-07 1.0111765505e-06 1.2300826029e-06 1.4663531829e-06 1.7044255856e-06 1.9249202978e-06 2.1068035494e-06 
2.2305177936e-06 2.2814238037e-06 2.2526542125e-06 2.1465589271e-06 1.9742712993e-06 1.7535414827e-06 1.5054382629e-06 1.2508349982e-06 1.0074946886e-06 
7.8828145433e-07 6.0061853446e-07 4.46983762e-07 3.2604958733e-07 2.3405343086e-07 1.660697535e-07 1.1699426494e-07 8.2178672756e-08 5.774841938e-08 
4.06826004e-08 2.8746287128e-08 2.0352048935e-08 1.4405133975e-08 1.0163378583e-08 7.1255579215e-09 4.9498933841e-09 3.39855033e-09 2.3017938666e-09 
1.5356804717e-09 1.00831965e-09 6.5125754789e-10 4.137513665e-10 2.5866228603e-10 1.5930043396e-10 9.6905622415e-11 5.8625583554e-11 3.5925137865e-11 
2.3383087133e-11 1.7836704336e-11 6.2817070989e-11 7.8095710454e-11 1.1191408217e-10 1.7143482467e-10 2.6917118534e-10 4.2565143077e-10 6.74104772e-10 
1.0686715957e-09 1.6988079832e-09 2.714409586e-09 4.3688417328e-09 7.0904002669e-09 1.1595930438e-08 1.9061417333e-08 3.1359871144e-08 5.1361698894e-08 
8.3262527539e-08 1.3285696809e-07 2.076226906e-07 3.1644040632e-07 4.6879046067e-07 6.7337452947e-07 9.3633138931e-07 1.2594952068e-06 1.6393480564e-06 
2.0672271148e-06 2.5308359e-06 3.0163457723e-06 3.5098169064e-06 3.9969190766e-06 4.460890068e-06 4.8799524848e-06 5.2261334531e-06 5.4671277212e-06 
5.5715927374e-06 5.5165414778e-06 5.2943328228e-06 4.9166510507e-06 4.4137887016e-06 3.8293942453e-06 3.2124266909e-06 2.6088409868e-06 2.0551638045e-06 
1.5751893443e-06 1.1798149444e-06 8.692009601e-07 6.3611679479e-07 4.6941167398e-07 3.5691422795e-07 2.8744639735e-07 2.5193705255e-07 2.43791618e-07 
2.5872498099e-07 2.9424001013e-07 3.4889259837e-07 4.2144375811e-07 5.0999477708e-07 6.1122420902e-07 7.198741514e-07 8.2864886508e-07 9.2864701173e-07 
1.0103416344e-06 1.06497248e-06 1.0860520661e-06 1.0705977047e-06 1.0197483107e-06 9.3856738204e-07 8.3508842863e-07 7.1886813657e-07 5.9942635744e-07 
4.8493313898e-07 3.8138145442e-07 2.9230858445e-07 2.1898721059e-07 1.6091924238e-07 1.1644822706e-07 8.3341383572e-08 5.9248364437e-08 4.2004685952e-08 
2.9789164913e-08 2.1170050601e-08 1.5079598015e-08 1.075334044e-08 7.659498813e-09 5.4341047218e-09 3.8286644966e-09 2.6716688861e-09 1.842254238e-09 
1.253104509e-09 8.3976586795e-10 5.5402588073e-10 3.5971253753e-10 2.2985970072e-10 1.4463712172e-10 8.9732936359e-11 5.5046078806e-11 3.3627971935e-11 
2.0844709639e-11 1.374100226e-11 1.0586583693e-11 4.2536321687e-11 5.2613382401e-11 7.4835332375e-11 1.137049413e-10 1.7697224242e-10 2.7707744432e-10 
4.3358452939e-10 6.7726474429e-10 1.0569796149e-09 1.6512894385e-09 2.5878037491e-09 4.0746477303e-09 6.4496701313e-09 1.0253361715e-08 1.6329508412e-08 
2.5951340632e-08 4.0958767045e-08 6.3874047385e-08 9.7942518096e-08 1.4703125828e-07 2.1532645178e-07 3.0681218277e-07 4.2459492988e-07 5.7023578393e-07 
7.4331086353e-07 9.413826092e-07 1.1603748362e-06 1.3950967741e-06 1.6394945987e-06 1.8863122477e-06 2.1262210339e-06 2.3469324333e-06 2.5330746212e-06 
2.6674597393e-06 2.7338212476e-06 2.7203877835e-06 2.6231509764e-06 2.4476407816e-06 2.2084939246e-06 1.9269227778e-06 1.6268697891e-06 1.3310141185e-06 
1.0576362683e-06 8.189403502e-07 6.2086627395e-07 4.640454847e-07 3.4536324733e-07 2.5963029771e-07 2.010088167e-07 1.6402590575e-07 1.4415226701e-07 
1.3801262355e-07 1.4332613318e-07 1.5866936565e-07 1.8313386363e-07 2.1593405108e-07 2.5601323728e-07 3.0170411947e-07 3.505088273e-07 3.9906640836e-07 
4.4335493499e-07 4.7912880063e-07 5.0252685924e-07 5.1072089491e-07 5.0244159411e-07 4.7823658633e-07 4.4038029046e-07 3.9245912831e-07 3.3874266592e-07 
2.8350052617e-07 2.30422458e-07 1.8224352516e-07 1.4060866249e-07 1.0614509449e-07 7.8673416226e-08 5.7477009818e-08 4.1562678632e-08 2.9869767104e-08 
2.1411178608e-08 1.534892391e-08 1.1018585155e-08 7.9203843484e-09 5.6931166448e-09 4.0828114223e-09 2.9134408219e-09 2.0630663844e-09 1.4461727371e-09 
1.0015088758e-09 6.8415922927e-10 4.6054848823e-10 3.0531541184e-10 1.992919163e-10 1.2810863481e-10 8.1150738906e-11 5.0726516737e-11 3.1386126337e-11 
1.9365479706e-11 1.214396899e-11 8.1075103228e-12 6.3076774706e-12 2.8647023989e-11 3.5251617597e-11 4.976724241e-11 7.5019067347e-11 1.1581151316e-10 
1.7972030808e-10 2.7837432359e-10 4.2950934476e-10 6.6027661116e-10 1.0126036676e-09 1.5518375474e-09 2.3804394012e-09 3.6589784536e-09 5.6367732704e-09 
8.6937355093e-09 1.3392463138e-08 2.0534926648e-08 3.1211012441e-08 4.6818648514e-08 6.9030114958e-08 9.9682566201e-08 1.4058653619e-07 1.9327499956e-07 
2.5874797416e-07 3.3728596804e-07 4.2838632908e-07 5.3081123497e-07 6.4265861965e-07 7.6132033655e-07 8.832413414e-07 1.0035415698e-06 1.1157251265e-06 
1.2117917549e-06 1.2829785874e-06 1.3211316627e-06 1.3203975868e-06 1.2787255628e-06 1.1986534219e-06 1.0870795677e-06 9.5406926448e-07 8.1105855543e-07 
6.6897467832e-07 5.3674222045e-07 4.2045076043e-07 3.2321963772e-07 2.4560722522e-07 1.8632594845e-07 1.4302602835e-07 1.1297963454e-07 9.3576545623e-08 
8.2615414954e-08 7.8417720317e-08 7.9810135389e-08 8.6020087053e-08 9.6521048931e-08 1.1085546703e-07 1.2845943331e-07 1.4851450203e-07 1.6985491413e-07 
1.9095828918e-07 2.1003737061e-07 2.2523133225e-07 2.348664907e-07 2.3773148428e-07 2.3329783971e-07 2.2182597093e-07 2.0432418069e-07 1.8237022914e-07 
1.5784127072e-07 1.3261990262e-07 1.0834206421e-07 8.6230869556e-08 6.7033781193e-08 5.1049475758e-08 3.8216963816e-08 2.8231871951e-08 2.0660939626e-08 
1.5035141132e-08 1.0913588255e-08 7.9186355251e-09 5.7481814864e-09 4.1727874489e-09 3.0247588878e-09 2.1846089382e-09 1.5681904664e-09 1.1161285229e-09 
7.8594991626e-10 5.4663207294e-10 3.7502917438e-10 2.5359700451e-10 1.6894502464e-10 1.1087689794e-10 7.1706883487e-11 4.5732886228e-11 2.8807267335e-11 
1.7980113926e-11 1.1205990129e-11 7.109551229e-12 4.8064963468e-12 3.7753537276e-12 1.9272571386e-11 2.3590043113e-11 3.3049132875e-11 4.9422056725e-11 
7.569349314e-11 1.1650251597e-10 1.7883027004e-10 2.7305219197e-10 4.1455150424e-10 6.2621446917e-10 9.4229346548e-10 1.4143314297e-09 2.120012832e-09 
3.1758533581e-09 4.7542934034e-09 7.1048384953e-09 1.0577075216e-08 1.5640795326e-08 2.2895685348e-08 3.3061194671e-08 4.6938556153e-08 6.5342355526e-08 
8.9008828752e-08 1.1849881076e-07 1.5411754362e-07 1.9586602207e-07 2.434170483e-07 2.9608463592e-07 3.5274618426e-07 4.1170133613e-07 4.7050701824e-07 
5.2588973176e-07 5.7385886976e-07 6.1010575791e-07 6.3066789835e-07 6.3271374984e-07 6.1522109718e-07 5.7932487607e-07 5.2820155361e-07 4.6652172614e-07 
3.9962728238e-07 3.3266621813e-07 2.6989468438e-07 2.1427624119e-07 1.6739762998e-07 1.2963997165e-07 1.0049757293e-07 7.8937567594e-08 6.3719305388e-08 
5.3630255792e-08 4.7628429201e-08 4.4901462104e-08 4.4863742943e-08 4.711200674e-08 5.1357524455e-08 5.7348387372e-08 6.479316994e-08 7.3297762526e-08 
8.2326934603e-08 9.1202075225e-08 9.9141864496e-08 1.0534421335e-07 1.0909607084e-07 1.0988792098e-07 1.0750488144e-07 1.0206919399e-07 9.4021686436e-08 
8.4045829851e-08 7.2953596941e-08 6.1560740505e-08 5.0579256339e-08 4.0545479862e-08 3.1791625332e-08 2.4455827585e-08 1.8519088485e-08 1.385466053e-08 
1.0277272366e-08 7.5837078839e-09 5.5810382982e-09 4.1024690312e-09 3.0132640827e-09 2.2099417851e-09 1.6158404614e-09 1.1754272e-09 8.48811188e-10 
6.0720656281e-10 4.2952957857e-10 3.0003310947e-10 2.0674191525e-10 1.404440314e-10 9.4032961973e-11 6.2056727812e-11 4.038373802e-11 2.5935897527e-11 
1.6465790537e-11 1.0369054573e-11 6.5288742294e-12 4.1912237569e-12 2.8693074392e-12 2.2750260877e-12 1.3072951575e-11 1.5912255888e-11 2.2113580064e-11 
3.2795696714e-11 4.9827756504e-11 7.6080974853e-11 1.1580710002e-10 1.751918749e-10 2.6316215873e-10 3.9256992101e-10 5.8193821983e-10 8.5803003591e-10 
1.2595587906e-09 1.8423793602e-09 2.6863573588e-09 3.903779966e-09 5.6485069955e-09 8.124118267e-09 1.1588324078e-08 1.6350288234e-08 2.2757859597e-08 
3.1173708948e-08 4.1942247009e-08 5.5352654016e-08 7.1604269181e-08 9.0777305672e-08 1.1280562973e-07 1.3744032401e-07 1.641939491e-07 1.9226575887e-07 
2.2047089487e-07 2.4721731506e-07 2.7058015917e-07 2.8850320177e-07 2.9911134902e-07 3.0106798476e-07 2.9387680911e-07 2.7803380931e-07 2.5497234901e-07 
2.2681690837e-07 1.9601385759e-07 1.6494078636e-07 1.3558690171e-07 1.0936420125e-07 8.7060136877e-08 6.8907063167e-08 5.4720981524e-08 4.4062851146e-08 
3.6384001589e-08 3.1135741096e-08 2.7837012695e-08 2.6104203243e-08 2.565233892e-08 2.6277128029e-08 2.7826210669e-08 3.0166013687e-08 3.3149451184e-08 
3.6589511865e-08 4.0243705257e-08 4.3813809469e-08 4.696340028e-08 4.9352163245e-08 5.0681364883e-08 5.0740570856e-08 4.9444555117e-08 4.6849898183e-08 
4.3146638262e-08 3.8626421173e-08 3.3634908192e-08 2.8519639983e-08 2.358501483e-08 1.9061847212e-08 1.5094839156e-08 1.1746283946e-08 9.011173141e-09 
6.8377952189e-09 5.1484763119e-09 3.8568805927e-09 2.8801860896e-09 2.1460675459e-09 1.5954355614e-09 1.1822872681e-09 8.7196971865e-10 6.3885863266e-10 
4.6409437404e-10 3.3369682018e-10 2.3714544217e-10 1.6638616873e-10 1.1516922832e-10 7.8613185406e-11 5.2911758308e-11 3.5123071118e-11 2.300586284e-11 
1.4883360169e-11 9.5266424957e-12 6.0550995641e-12 3.8532415106e-12 2.5037532811e-12 1.7360922812e-12 1.389550584e-12 9.1178661843e-12 1.1033451063e-11 
1.5204152173e-11 2.2353768142e-11 3.3683292266e-11 5.1019476838e-11 7.7031672707e-11 1.1553617091e-10 1.71918077e-10 2.5371638124e-10 3.7143813025e-10 
5.396940117e-10 7.7876571858e-10 1.116721271e-09 1.5921398644e-09 2.2573898306e-09 3.1821678625e-09 4.4566768054e-09 6.1934679607e-09 8.5267988226e-09 
1.1608369377e-08 1.5599015413e-08 2.0656770516e-08 2.6922593932e-08 3.4505276858e-08 4.346561866e-08 5.3798341781e-08 6.5407952832e-08 7.8076737964e-08 
9.1427722282e-08 1.0489467428e-07 1.1771816588e-07 1.2898770763e-07 1.3773926355e-07 1.430997969e-07 1.4444763963e-07 1.4154598205e-07 1.3460831383e-07 
1.2427400975e-07 1.1149859347e-07 9.739034823e-08 8.3035693876e-08 6.9355010623e-08 5.7014606369e-08 4.6401595455e-08 3.7650860207e-08 3.0704644161e-08 
2.5383261715e-08 2.1450372145e-08 1.8662939638e-08 1.6802863101e-08 1.5691778543e-08 1.5192883396e-08 1.5204136616e-08 1.5646538287e-08 1.6450405482e-08 
1.754205492e-08 1.8833029358e-08 2.0213889229e-08 2.1554370733e-08 2.2710823444e-08 2.3540330574e-08 2.3919135117e-08 2.3761534962e-08 2.303447566e-08 
2.176392222e-08 2.0031105663e-08 1.7959218113e-08 1.5693796485e-08 1.3381182384e-08 1.1149929868e-08 9.0980769585e-09 7.2877770485e-09 5.7466693626e-09 
4.4739669747e-09 3.4489258116e-09 2.6394677555e-09 2.0094219622e-09 1.5236836237e-09 1.1512274467e-09 8.6634860397e-10 6.4868510563e-10 4.8256432184e-10 
3.5608929694e-10 2.6023649902e-10 1.881001882e-10 1.3432159551e-10 9.4687709062e-11 6.5859623311e-11 4.5189064296e-11 3.0588771099e-11 2.0433568032e-11 
1.3478607987e-11 8.7885150546e-12 5.6750025686e-12 3.6428355991e-12 2.3443740439e-12 1.5428397492e-12 1.0840439874e-12 8.7603855376e-13 6.7896903377e-12 
8.1705918073e-12 1.1168195709e-11 1.6283394771e-11 2.434251932e-11 3.6592250063e-11 5.4834713159e-11 8.1610475322e-11 1.2044067133e-10 1.7614415482e-10 
2.5525048741e-10 3.6653943769e-10 5.2173937393e-10 7.3641964748e-10 1.0310895471e-09 1.4324749165e-09 1.9748620517e-09 2.7012796444e-09 3.6641909507e-09 
4.9252562029e-09 6.5538023897e-09 8.6237541552e-09 1.1209078998e-08 1.4377940616e-08 1.8185779993e-08 2.2666959865e-08 2.7824199833e-08 3.3614661277e-08 
3.9932725571e-08 4.6591978276e-08 5.3312366077e-08 5.9721202206e-08 6.5376077885e-08 6.9812926995e-08 7.2614135149e-08 7.3482524954e-08 7.2301951093e-08 
6.9166794958e-08 6.4370468067e-08 5.8355681176e-08 5.1640029142e-08 4.4735891436e-08 3.8083481257e-08 3.2008699691e-08 2.6709473744e-08 2.2266142707e-08 
1.8667202895e-08 1.5841008505e-08 1.3685562905e-08 1.2091847523e-08 1.0958993713e-08 1.0201867795e-08 9.7527026455e-09 9.5587271431e-09 9.5775165576e-09 
9.7713623859e-09 1.0101787851e-08 1.0525130101e-08 1.0990058641e-08 1.1437747638e-08 1.180504583e-08 1.2030360708e-08 1.2061260435e-08 1.1862157479e-08 
1.1420178581e-08 1.0747598367e-08 9.88006299e-09 8.870912005e-09 7.78286946e-09 6.678991582e-09 5.6147912986e-09 4.6328452186e-09 3.7604555025e-09 
3.0101561244e-09 2.3822233075e-09 1.8682280167e-09 1.4546692739e-09 1.1260656851e-09 8.6717538705e-10 6.6431327106e-10 5.059260233e-10 3.8264366675e-10 
2.8704327804e-10 2.1329533972e-10 1.5681121679e-10 1.1394604704e-10 8.1774309546e-11 5.7930826802e-11 4.0501046961e-11 2.7943286574e-11 1.9029645915e-11 
1.2797101052e-11 8.5039874448e-12 5.5904829377e-12 3.6428967481e-12 2.3622570913e-12 1.5377223149e-12 1.024990314e-12 7.2964843802e-13 5.9516709052e-13 
5.7137992254e-12 6.8503601229e-12 9.3125385875e-12 1.3501006736e-11 2.007427731e-11 3.00206561e-11 4.4759029816e-11 6.6272300148e-11 9.7278032851e-11 
1.4144255212e-10 2.0364490649e-10 2.9030039483e-10 4.0975217663e-10 5.7273930043e-10 7.9293754895e-10 1.0875553791e-09 1.4779280022e-09 1.9900079362e-09 
2.6546145282e-09 3.5072547089e-09 4.5873478349e-09 5.9367417649e-09 7.5974533331e-09 9.6086170132e-09 1.200252342e-08 1.4799440784e-08 1.8000729796e-08 
2.1579872111e-08 2.5471880605e-08 2.9562899684e-08 3.3683623002e-08 3.7611233239e-08 4.1084014413e-08 4.3829835761e-08 4.560518363e-08 4.6236873885e-08 
4.5655756509e-08 4.3913022552e-08 4.1173752408e-08 3.7689307675e-08 3.3755792828e-08 2.966921997e-08 2.5687421967e-08 2.2005496092e-08 1.874692579e-08 
1.5968192102e-08 1.3672382337e-08 1.1826365665e-08 1.0377390502e-08 9.2663192675e-09 8.4364835118e-09 7.8384001512e-09 7.4312040965e-09 7.1817862768e-09 
7.0626442472e-09 7.0491603665e-09 7.1168884119e-09 7.2393744333e-09 7.3869581563e-09 7.5269062094e-09 7.6250543657e-09 7.648771394e-09 7.5707937697e-09 
7.3730217487e-09 7.0493841875e-09 6.60694921e-09 6.064906799e-09 5.4515774117e-09 4.8000980968e-09 4.1437600018e-09 3.5119183117e-09 2.9272082536e-09 
2.4042976499e-09 1.9501158466e-09 1.5651323571e-09 1.2451655262e-09 9.8326191633e-10 7.7130046794e-10 6.0115556977e-10 4.6540271637e-10 3.5763725315e-10 
2.7252755608e-10 2.0571724879e-10 1.5366498352e-10 1.134823277e-10 8.279696373e-11 5.9649785111e-11 4.2420979923e-11 2.9777607463e-11 2.0633932063e-11 
1.4118414771e-11 9.5437017664e-12 6.3782226029e-12 4.219296787e-12 2.7683439308e-12 1.8088192619e-12 1.1874404455e-12 7.9889979181e-13 5.740409233e-13 
4.7132442263e-13 
